<?xml version="1.0" encoding="UTF-8"?>
<gpx creator="StravaGPX" version="1.1" xmlns="http://www.topografix.com/GPX/1/1" xmlns:xsi="http://www.w3.org/2001/XMLSchema-instance" xsi:schemaLocation="http://www.topografix.com/GPX/1/1 http://www.topografix.com/GPX/1/1/gpx.xsd">
 <metadata>
  <name>37KM - Lyon Urban Trail 2025</name>
  <author>
   <name>Extra Sports</name>
   <link href="https://www.strava.com/athletes/11120461"/>
  </author>
  <copyright author="OpenStreetMap contributors">
   <year>2020</year>
   <license>https://www.openstreetmap.org/copyright</license>
  </copyright>
  <link href="https://www.strava.com/routes/3336992521790466262"/>
 </metadata>
 <trk>
  <name>37KM - Lyon Urban Trail 2025</name>
  <link href="https://www.strava.com/routes/3336992521790466262"/>
  <type>trail_running</type>
  <trkseg>
   <trkpt lat="45.76191" lon="4.82613">
    <ele>180.85</ele>
   </trkpt>
   <trkpt lat="45.761970000000005" lon="4.826160000000001">
    <ele>181.38</ele>
   </trkpt>
   <trkpt lat="45.76203" lon="4.826020000000001">
    <ele>181.38</ele>
   </trkpt>
   <trkpt lat="45.762040000000006" lon="4.82594">
    <ele>184.4</ele>
   </trkpt>
   <trkpt lat="45.76202000000001" lon="4.82585">
    <ele>184.4</ele>
   </trkpt>
   <trkpt lat="45.761860000000006" lon="4.82563">
    <ele>187.31</ele>
   </trkpt>
   <trkpt lat="45.76158" lon="4.82535">
    <ele>189.82000000000002</ele>
   </trkpt>
   <trkpt lat="45.76118" lon="4.825080000000001">
    <ele>199.5</ele>
   </trkpt>
   <trkpt lat="45.76073" lon="4.8249">
    <ele>205.37000000000003</ele>
   </trkpt>
   <trkpt lat="45.76012" lon="4.8246">
    <ele>214.14000000000001</ele>
   </trkpt>
   <trkpt lat="45.75983" lon="4.824400000000001">
    <ele>220.46</ele>
   </trkpt>
   <trkpt lat="45.75932" lon="4.82418">
    <ele>226.12</ele>
   </trkpt>
   <trkpt lat="45.75909" lon="4.82406">
    <ele>228.55000000000004</ele>
   </trkpt>
   <trkpt lat="45.758720000000004" lon="4.823740000000001">
    <ele>233.39000000000001</ele>
   </trkpt>
   <trkpt lat="45.758660000000006" lon="4.823670000000001">
    <ele>233.39000000000001</ele>
   </trkpt>
   <trkpt lat="45.758570000000006" lon="4.82347">
    <ele>234.62</ele>
   </trkpt>
   <trkpt lat="45.75840000184442" lon="4.822819998025644">
    <ele>238.43000000000004</ele>
   </trkpt>
   <trkpt lat="45.758230000000005" lon="4.822170000000001">
    <ele>241.62000000000003</ele>
   </trkpt>
   <trkpt lat="45.758190000000006" lon="4.822080000000001">
    <ele>241.78000000000003</ele>
   </trkpt>
   <trkpt lat="45.75809" lon="4.822010000000001">
    <ele>241.49</ele>
   </trkpt>
   <trkpt lat="45.75804" lon="4.82204">
    <ele>240.93000000000004</ele>
   </trkpt>
   <trkpt lat="45.75779000000001" lon="4.82199">
    <ele>239.15000000000003</ele>
   </trkpt>
   <trkpt lat="45.75771" lon="4.821940000000001">
    <ele>239.15000000000003</ele>
   </trkpt>
   <trkpt lat="45.75759" lon="4.82179">
    <ele>237.74</ele>
   </trkpt>
   <trkpt lat="45.75753" lon="4.821750000000001">
    <ele>237.22</ele>
   </trkpt>
   <trkpt lat="45.757540000000006" lon="4.821750000000001">
    <ele>237.22</ele>
   </trkpt>
   <trkpt lat="45.75753" lon="4.82178">
    <ele>237.09000000000003</ele>
   </trkpt>
   <trkpt lat="45.757670000000005" lon="4.822010000000001">
    <ele>234.12</ele>
   </trkpt>
   <trkpt lat="45.75775" lon="4.82233">
    <ele>229.80000000000004</ele>
   </trkpt>
   <trkpt lat="45.75775" lon="4.822710000000001">
    <ele>225.79000000000002</ele>
   </trkpt>
   <trkpt lat="45.75770000000001" lon="4.82315">
    <ele>221.61</ele>
   </trkpt>
   <trkpt lat="45.757740000000005" lon="4.8234">
    <ele>220.36</ele>
   </trkpt>
   <trkpt lat="45.757780000000004" lon="4.82352">
    <ele>220.36</ele>
   </trkpt>
   <trkpt lat="45.757810000000006" lon="4.82355">
    <ele>217.7</ele>
   </trkpt>
   <trkpt lat="45.75815" lon="4.823720000000001">
    <ele>213.11</ele>
   </trkpt>
   <trkpt lat="45.75829" lon="4.82382">
    <ele>210.97000000000003</ele>
   </trkpt>
   <trkpt lat="45.75846000000001" lon="4.82434">
    <ele>202.16</ele>
   </trkpt>
   <trkpt lat="45.75851" lon="4.82443">
    <ele>202.16</ele>
   </trkpt>
   <trkpt lat="45.758190000000006" lon="4.82443">
    <ele>197.48000000000002</ele>
   </trkpt>
   <trkpt lat="45.757960000000004" lon="4.824380000000001">
    <ele>192.21</ele>
   </trkpt>
   <trkpt lat="45.7578" lon="4.82432">
    <ele>187.58</ele>
   </trkpt>
   <trkpt lat="45.75762" lon="4.82498">
    <ele>176.46</ele>
   </trkpt>
   <trkpt lat="45.75759" lon="4.825010000000001">
    <ele>176.39000000000001</ele>
   </trkpt>
   <trkpt lat="45.75744" lon="4.82549">
    <ele>172.44</ele>
   </trkpt>
   <trkpt lat="45.757380000000005" lon="4.8255300000000005">
    <ele>171.8</ele>
   </trkpt>
   <trkpt lat="45.757310000000004" lon="4.82565">
    <ele>170.84</ele>
   </trkpt>
   <trkpt lat="45.75773" lon="4.82605">
    <ele>170.19</ele>
   </trkpt>
   <trkpt lat="45.758155000917064" lon="4.82648999672389">
    <ele>170.04000000000002</ele>
   </trkpt>
   <trkpt lat="45.75858" lon="4.826930000000001">
    <ele>170.09</ele>
   </trkpt>
   <trkpt lat="45.75871" lon="4.82697">
    <ele>170.02</ele>
   </trkpt>
   <trkpt lat="45.75885" lon="4.82714">
    <ele>170.04000000000002</ele>
   </trkpt>
   <trkpt lat="45.75927" lon="4.8275500000000005">
    <ele>171.03</ele>
   </trkpt>
   <trkpt lat="45.759280000000004" lon="4.82758">
    <ele>171.03</ele>
   </trkpt>
   <trkpt lat="45.759550000000004" lon="4.82784">
    <ele>173.03</ele>
   </trkpt>
   <trkpt lat="45.75954" lon="4.827870000000001">
    <ele>173.97</ele>
   </trkpt>
   <trkpt lat="45.759570000000004" lon="4.8279000000000005">
    <ele>173.97</ele>
   </trkpt>
   <trkpt lat="45.759570000000004" lon="4.827940000000001">
    <ele>174.42000000000002</ele>
   </trkpt>
   <trkpt lat="45.759510000000006" lon="4.82824">
    <ele>175.01000000000002</ele>
   </trkpt>
   <trkpt lat="45.759280000000004" lon="4.82904">
    <ele>174.16</ele>
   </trkpt>
   <trkpt lat="45.75918" lon="4.82931">
    <ele>173.04000000000002</ele>
   </trkpt>
   <trkpt lat="45.759190000000004" lon="4.82936">
    <ele>173.36</ele>
   </trkpt>
   <trkpt lat="45.75914" lon="4.8293800000000005">
    <ele>173.36</ele>
   </trkpt>
   <trkpt lat="45.759040000000006" lon="4.82936">
    <ele>172.5</ele>
   </trkpt>
   <trkpt lat="45.75871" lon="4.829000000000001">
    <ele>170.54000000000002</ele>
   </trkpt>
   <trkpt lat="45.75874" lon="4.82894">
    <ele>170.19</ele>
   </trkpt>
   <trkpt lat="45.75838000066041" lon="4.82854999748054">
    <ele>169.22</ele>
   </trkpt>
   <trkpt lat="45.75802" lon="4.8281600000000005">
    <ele>169.24</ele>
   </trkpt>
   <trkpt lat="45.757760000000005" lon="4.8278300000000005">
    <ele>168.98000000000002</ele>
   </trkpt>
   <trkpt lat="45.75705000255776" lon="4.82707499046955">
    <ele>169.23000000000002</ele>
   </trkpt>
   <trkpt lat="45.75634" lon="4.826320000000001">
    <ele>169.01000000000002</ele>
   </trkpt>
   <trkpt lat="45.75607" lon="4.82613">
    <ele>168.86</ele>
   </trkpt>
   <trkpt lat="45.7555900001827" lon="4.825939998375701">
    <ele>168.23000000000002</ele>
   </trkpt>
   <trkpt lat="45.75511" lon="4.82575">
    <ele>167.93</ele>
   </trkpt>
   <trkpt lat="45.75511" lon="4.825710000000001">
    <ele>166.94</ele>
   </trkpt>
   <trkpt lat="45.755010000000006" lon="4.825670000000001">
    <ele>166.28</ele>
   </trkpt>
   <trkpt lat="45.75502" lon="4.825620000000001">
    <ele>166.05</ele>
   </trkpt>
   <trkpt lat="45.754580000000004" lon="4.8254600000000005">
    <ele>165.92000000000002</ele>
   </trkpt>
   <trkpt lat="45.75384000072386" lon="4.825059994710098">
    <ele>166.42000000000002</ele>
   </trkpt>
   <trkpt lat="45.7531" lon="4.824660000000001">
    <ele>166.05</ele>
   </trkpt>
   <trkpt lat="45.75300000000001" lon="4.824680000000001">
    <ele>166.12</ele>
   </trkpt>
   <trkpt lat="45.75233" lon="4.8243">
    <ele>166.04000000000002</ele>
   </trkpt>
   <trkpt lat="45.751900000742225" lon="4.8238849967939466">
    <ele>166.01000000000002</ele>
   </trkpt>
   <trkpt lat="45.751470000000005" lon="4.82347">
    <ele>165.93</ele>
   </trkpt>
   <trkpt lat="45.751360000000005" lon="4.823320000000001">
    <ele>165.84</ele>
   </trkpt>
   <trkpt lat="45.751110000000004" lon="4.82303">
    <ele>165.63000000000002</ele>
   </trkpt>
   <trkpt lat="45.75103000000001" lon="4.82291">
    <ele>165.63000000000002</ele>
   </trkpt>
   <trkpt lat="45.75097" lon="4.82308">
    <ele>167.88</ele>
   </trkpt>
   <trkpt lat="45.75094000000001" lon="4.823060000000001">
    <ele>167.88</ele>
   </trkpt>
   <trkpt lat="45.75092" lon="4.82317">
    <ele>170.54000000000002</ele>
   </trkpt>
   <trkpt lat="45.75099" lon="4.82322">
    <ele>170.54000000000002</ele>
   </trkpt>
   <trkpt lat="45.751070000000006" lon="4.82324">
    <ele>171.88</ele>
   </trkpt>
   <trkpt lat="45.751160000000006" lon="4.82315">
    <ele>172.33</ele>
   </trkpt>
   <trkpt lat="45.751375001962906" lon="4.822470002790291">
    <ele>173.31</ele>
   </trkpt>
   <trkpt lat="45.75159" lon="4.82179">
    <ele>172.85</ele>
   </trkpt>
   <trkpt lat="45.75157" lon="4.821680000000001">
    <ele>172.85</ele>
   </trkpt>
   <trkpt lat="45.75148" lon="4.82139">
    <ele>172.08</ele>
   </trkpt>
   <trkpt lat="45.75133" lon="4.8211">
    <ele>171.63</ele>
   </trkpt>
   <trkpt lat="45.75128" lon="4.82097">
    <ele>171.37</ele>
   </trkpt>
   <trkpt lat="45.7513" lon="4.8206500000000005">
    <ele>172.43000000000004</ele>
   </trkpt>
   <trkpt lat="45.75135" lon="4.820620000000001">
    <ele>173.26000000000002</ele>
   </trkpt>
   <trkpt lat="45.75142" lon="4.8204400000000005">
    <ele>174.59000000000003</ele>
   </trkpt>
   <trkpt lat="45.7516" lon="4.8201600000000004">
    <ele>178.16</ele>
   </trkpt>
   <trkpt lat="45.75189" lon="4.81995">
    <ele>180.20000000000002</ele>
   </trkpt>
   <trkpt lat="45.752100000000006" lon="4.81989">
    <ele>182.03000000000003</ele>
   </trkpt>
   <trkpt lat="45.7522" lon="4.819920000000001">
    <ele>187.15</ele>
   </trkpt>
   <trkpt lat="45.75224" lon="4.819870000000001">
    <ele>187.15</ele>
   </trkpt>
   <trkpt lat="45.752250000000004" lon="4.819870000000001">
    <ele>187.15</ele>
   </trkpt>
   <trkpt lat="45.75215" lon="4.81974">
    <ele>188.42</ele>
   </trkpt>
   <trkpt lat="45.75207" lon="4.81967">
    <ele>190.06</ele>
   </trkpt>
   <trkpt lat="45.75197000000001" lon="4.81965">
    <ele>191.78</ele>
   </trkpt>
   <trkpt lat="45.75191" lon="4.8196200000000005">
    <ele>193.17000000000002</ele>
   </trkpt>
   <trkpt lat="45.751850000000005" lon="4.81953">
    <ele>194.05</ele>
   </trkpt>
   <trkpt lat="45.751870000000004" lon="4.81949">
    <ele>194.05</ele>
   </trkpt>
   <trkpt lat="45.75184" lon="4.81944">
    <ele>194.85000000000002</ele>
   </trkpt>
   <trkpt lat="45.75177" lon="4.819170000000001">
    <ele>196.62</ele>
   </trkpt>
   <trkpt lat="45.75166" lon="4.81885">
    <ele>198.58</ele>
   </trkpt>
   <trkpt lat="45.75124" lon="4.818230000000001">
    <ele>206.68000000000004</ele>
   </trkpt>
   <trkpt lat="45.751110000000004" lon="4.81799">
    <ele>209.77</ele>
   </trkpt>
   <trkpt lat="45.751110000000004" lon="4.81714">
    <ele>218.64000000000001</ele>
   </trkpt>
   <trkpt lat="45.751090000000005" lon="4.817030000000001">
    <ele>218.64000000000001</ele>
   </trkpt>
   <trkpt lat="45.751050000000006" lon="4.81695">
    <ele>220.50000000000003</ele>
   </trkpt>
   <trkpt lat="45.7509" lon="4.81651">
    <ele>224.05</ele>
   </trkpt>
   <trkpt lat="45.750890000000005" lon="4.81643">
    <ele>225.26000000000002</ele>
   </trkpt>
   <trkpt lat="45.750800000000005" lon="4.81613">
    <ele>228.43</ele>
   </trkpt>
   <trkpt lat="45.75063" lon="4.8158">
    <ele>232.08</ele>
   </trkpt>
   <trkpt lat="45.75063" lon="4.8157000000000005">
    <ele>233.11</ele>
   </trkpt>
   <trkpt lat="45.75059" lon="4.81543">
    <ele>233.9</ele>
   </trkpt>
   <trkpt lat="45.75058000000001" lon="4.815200000000001">
    <ele>234.65000000000003</ele>
   </trkpt>
   <trkpt lat="45.750620000000005" lon="4.8147400000000005">
    <ele>236.10000000000002</ele>
   </trkpt>
   <trkpt lat="45.75061" lon="4.814660000000001">
    <ele>236.22</ele>
   </trkpt>
   <trkpt lat="45.75056000000001" lon="4.814590000000001">
    <ele>236.38</ele>
   </trkpt>
   <trkpt lat="45.75052" lon="4.814570000000001">
    <ele>236.38</ele>
   </trkpt>
   <trkpt lat="45.75001" lon="4.814660000000001">
    <ele>236.15000000000003</ele>
   </trkpt>
   <trkpt lat="45.74964000000001" lon="4.814620000000001">
    <ele>236.10000000000002</ele>
   </trkpt>
   <trkpt lat="45.749570000000006" lon="4.81461">
    <ele>236.10000000000002</ele>
   </trkpt>
   <trkpt lat="45.749300000000005" lon="4.81447">
    <ele>235.66</ele>
   </trkpt>
   <trkpt lat="45.748870000000004" lon="4.81433">
    <ele>235.43000000000004</ele>
   </trkpt>
   <trkpt lat="45.7488" lon="4.81428">
    <ele>235.46000000000004</ele>
   </trkpt>
   <trkpt lat="45.74821" lon="4.81355">
    <ele>235.05</ele>
   </trkpt>
   <trkpt lat="45.747800000000005" lon="4.8132600000000005">
    <ele>235.32000000000002</ele>
   </trkpt>
   <trkpt lat="45.74754" lon="4.81289">
    <ele>235.28</ele>
   </trkpt>
   <trkpt lat="45.747400000000006" lon="4.812480000000001">
    <ele>234.87</ele>
   </trkpt>
   <trkpt lat="45.747350000000004" lon="4.81242">
    <ele>234.87</ele>
   </trkpt>
   <trkpt lat="45.74674" lon="4.81224">
    <ele>233.59</ele>
   </trkpt>
   <trkpt lat="45.746550000000006" lon="4.8122300000000005">
    <ele>233.21000000000004</ele>
   </trkpt>
   <trkpt lat="45.74631" lon="4.812320000000001">
    <ele>232.96000000000004</ele>
   </trkpt>
   <trkpt lat="45.746170000000006" lon="4.812320000000001">
    <ele>233.02000000000004</ele>
   </trkpt>
   <trkpt lat="45.74604" lon="4.812270000000001">
    <ele>233.29000000000002</ele>
   </trkpt>
   <trkpt lat="45.745940000000004" lon="4.81219">
    <ele>233.60000000000002</ele>
   </trkpt>
   <trkpt lat="45.746205001813394" lon="4.811550002973538">
    <ele>247.52</ele>
   </trkpt>
   <trkpt lat="45.74647" lon="4.810910000000001">
    <ele>262.56</ele>
   </trkpt>
   <trkpt lat="45.74635000000001" lon="4.810720000000001">
    <ele>263.05</ele>
   </trkpt>
   <trkpt lat="45.746230000000004" lon="4.8102">
    <ele>264.45</ele>
   </trkpt>
   <trkpt lat="45.74616" lon="4.81003">
    <ele>265.33</ele>
   </trkpt>
   <trkpt lat="45.74569" lon="4.8093">
    <ele>267.92</ele>
   </trkpt>
   <trkpt lat="45.745940000000004" lon="4.80886">
    <ele>283.06</ele>
   </trkpt>
   <trkpt lat="45.74649" lon="4.80802">
    <ele>307.68</ele>
   </trkpt>
   <trkpt lat="45.74649" lon="4.80801">
    <ele>307.68</ele>
   </trkpt>
   <trkpt lat="45.746080000000006" lon="4.80775">
    <ele>307.43</ele>
   </trkpt>
   <trkpt lat="45.745445001620695" lon="4.807119992724058">
    <ele>307.82000000000005</ele>
   </trkpt>
   <trkpt lat="45.74481" lon="4.80649">
    <ele>305.34</ele>
   </trkpt>
   <trkpt lat="45.74474000000001" lon="4.80644">
    <ele>304.72</ele>
   </trkpt>
   <trkpt lat="45.744580000000006" lon="4.80646">
    <ele>304.02</ele>
   </trkpt>
   <trkpt lat="45.744600000000005" lon="4.80663">
    <ele>304.07</ele>
   </trkpt>
   <trkpt lat="45.744580000000006" lon="4.80672">
    <ele>304.07</ele>
   </trkpt>
   <trkpt lat="45.74452" lon="4.80679">
    <ele>302.97</ele>
   </trkpt>
   <trkpt lat="45.744310000000006" lon="4.80689">
    <ele>299.32000000000005</ele>
   </trkpt>
   <trkpt lat="45.74405" lon="4.806900000000001">
    <ele>292.26</ele>
   </trkpt>
   <trkpt lat="45.743950000000005" lon="4.807230000000001">
    <ele>287.09000000000003</ele>
   </trkpt>
   <trkpt lat="45.74387" lon="4.807300000000001">
    <ele>285.33000000000004</ele>
   </trkpt>
   <trkpt lat="45.743460000000006" lon="4.8074">
    <ele>278.0</ele>
   </trkpt>
   <trkpt lat="45.743430000000004" lon="4.80747">
    <ele>277.64</ele>
   </trkpt>
   <trkpt lat="45.743320000000004" lon="4.8074">
    <ele>277.42</ele>
   </trkpt>
   <trkpt lat="45.743300000000005" lon="4.80748">
    <ele>277.28000000000003</ele>
   </trkpt>
   <trkpt lat="45.743120000000005" lon="4.807530000000001">
    <ele>273.71</ele>
   </trkpt>
   <trkpt lat="45.743" lon="4.80762">
    <ele>271.66</ele>
   </trkpt>
   <trkpt lat="45.74278" lon="4.80769">
    <ele>269.03000000000003</ele>
   </trkpt>
   <trkpt lat="45.742305000054834" lon="4.8076099993238985">
    <ele>265.37</ele>
   </trkpt>
   <trkpt lat="45.74183" lon="4.807530000000001">
    <ele>261.25000000000006</ele>
   </trkpt>
   <trkpt lat="45.74159" lon="4.80759">
    <ele>259.70000000000005</ele>
   </trkpt>
   <trkpt lat="45.74147000000001" lon="4.807670000000001">
    <ele>258.3</ele>
   </trkpt>
   <trkpt lat="45.741220000000006" lon="4.80808">
    <ele>252.66</ele>
   </trkpt>
   <trkpt lat="45.74114" lon="4.808260000000001">
    <ele>250.20000000000002</ele>
   </trkpt>
   <trkpt lat="45.741150000000005" lon="4.80825">
    <ele>250.20000000000002</ele>
   </trkpt>
   <trkpt lat="45.74103" lon="4.808680000000001">
    <ele>244.21</ele>
   </trkpt>
   <trkpt lat="45.74166" lon="4.808890000000001">
    <ele>240.98000000000002</ele>
   </trkpt>
   <trkpt lat="45.742140000000006" lon="4.80881">
    <ele>240.88</ele>
   </trkpt>
   <trkpt lat="45.74228" lon="4.8088500000000005">
    <ele>240.72</ele>
   </trkpt>
   <trkpt lat="45.74278" lon="4.809270000000001">
    <ele>236.94</ele>
   </trkpt>
   <trkpt lat="45.742850000000004" lon="4.809360000000001">
    <ele>236.08</ele>
   </trkpt>
   <trkpt lat="45.74298" lon="4.8097">
    <ele>232.82000000000002</ele>
   </trkpt>
   <trkpt lat="45.743010000000005" lon="4.809740000000001">
    <ele>232.82000000000002</ele>
   </trkpt>
   <trkpt lat="45.74326000000001" lon="4.80987">
    <ele>230.73000000000002</ele>
   </trkpt>
   <trkpt lat="45.74338" lon="4.809970000000001">
    <ele>230.45000000000002</ele>
   </trkpt>
   <trkpt lat="45.74354" lon="4.81015">
    <ele>230.78</ele>
   </trkpt>
   <trkpt lat="45.74399500092387" lon="4.810569996719465">
    <ele>230.91000000000003</ele>
   </trkpt>
   <trkpt lat="45.74445" lon="4.81099">
    <ele>231.67000000000002</ele>
   </trkpt>
   <trkpt lat="45.74476000000001" lon="4.81106">
    <ele>232.4</ele>
   </trkpt>
   <trkpt lat="45.745050000000006" lon="4.81109">
    <ele>232.75</ele>
   </trkpt>
   <trkpt lat="45.745200000000004" lon="4.811170000000001">
    <ele>232.84</ele>
   </trkpt>
   <trkpt lat="45.745050000000006" lon="4.81109">
    <ele>232.75</ele>
   </trkpt>
   <trkpt lat="45.74476000000001" lon="4.81106">
    <ele>232.4</ele>
   </trkpt>
   <trkpt lat="45.74445" lon="4.81099">
    <ele>231.67000000000002</ele>
   </trkpt>
   <trkpt lat="45.74399500061501" lon="4.810569996434358">
    <ele>230.91000000000003</ele>
   </trkpt>
   <trkpt lat="45.74354" lon="4.81015">
    <ele>230.78</ele>
   </trkpt>
   <trkpt lat="45.74338" lon="4.809970000000001">
    <ele>230.45000000000002</ele>
   </trkpt>
   <trkpt lat="45.74326000000001" lon="4.80987">
    <ele>230.73000000000002</ele>
   </trkpt>
   <trkpt lat="45.743010000000005" lon="4.809740000000001">
    <ele>232.82000000000002</ele>
   </trkpt>
   <trkpt lat="45.74298" lon="4.8097">
    <ele>232.82000000000002</ele>
   </trkpt>
   <trkpt lat="45.742850000000004" lon="4.809360000000001">
    <ele>236.08</ele>
   </trkpt>
   <trkpt lat="45.74278" lon="4.809270000000001">
    <ele>236.94</ele>
   </trkpt>
   <trkpt lat="45.74228" lon="4.8088500000000005">
    <ele>240.81000000000003</ele>
   </trkpt>
   <trkpt lat="45.742140000000006" lon="4.80881">
    <ele>240.88</ele>
   </trkpt>
   <trkpt lat="45.74166" lon="4.808890000000001">
    <ele>241.09000000000003</ele>
   </trkpt>
   <trkpt lat="45.74103" lon="4.808680000000001">
    <ele>244.21</ele>
   </trkpt>
   <trkpt lat="45.74071000000001" lon="4.808660000000001">
    <ele>242.34000000000003</ele>
   </trkpt>
   <trkpt lat="45.74043" lon="4.808660000000001">
    <ele>241.36</ele>
   </trkpt>
   <trkpt lat="45.739790000000006" lon="4.8088500000000005">
    <ele>240.13</ele>
   </trkpt>
   <trkpt lat="45.73939" lon="4.80886">
    <ele>241.54000000000002</ele>
   </trkpt>
   <trkpt lat="45.73917" lon="4.80884">
    <ele>243.06000000000003</ele>
   </trkpt>
   <trkpt lat="45.738980000000005" lon="4.8087800000000005">
    <ele>243.62000000000003</ele>
   </trkpt>
   <trkpt lat="45.73894000000001" lon="4.807860000000001">
    <ele>251.78</ele>
   </trkpt>
   <trkpt lat="45.738890000000005" lon="4.8075600000000005">
    <ele>255.1</ele>
   </trkpt>
   <trkpt lat="45.738780000000006" lon="4.807270000000001">
    <ele>260.42</ele>
   </trkpt>
   <trkpt lat="45.73852" lon="4.807040000000001">
    <ele>264.01</ele>
   </trkpt>
   <trkpt lat="45.73818000000001" lon="4.80698">
    <ele>266.79</ele>
   </trkpt>
   <trkpt lat="45.73763" lon="4.80675">
    <ele>274.65</ele>
   </trkpt>
   <trkpt lat="45.73762000000001" lon="4.80675">
    <ele>274.65</ele>
   </trkpt>
   <trkpt lat="45.73767" lon="4.80672">
    <ele>274.65</ele>
   </trkpt>
   <trkpt lat="45.737880000000004" lon="4.806710000000001">
    <ele>277.92</ele>
   </trkpt>
   <trkpt lat="45.7379" lon="4.806690000000001">
    <ele>277.92</ele>
   </trkpt>
   <trkpt lat="45.73791000000001" lon="4.8066">
    <ele>279.23</ele>
   </trkpt>
   <trkpt lat="45.737840000000006" lon="4.80646">
    <ele>279.65</ele>
   </trkpt>
   <trkpt lat="45.73751" lon="4.80626">
    <ele>286.05</ele>
   </trkpt>
   <trkpt lat="45.737370000000006" lon="4.806150000000001">
    <ele>288.53000000000003</ele>
   </trkpt>
   <trkpt lat="45.73729" lon="4.80604">
    <ele>289.21000000000004</ele>
   </trkpt>
   <trkpt lat="45.73725" lon="4.805890000000001">
    <ele>291.44000000000005</ele>
   </trkpt>
   <trkpt lat="45.73724000000001" lon="4.80576">
    <ele>291.44000000000005</ele>
   </trkpt>
   <trkpt lat="45.737280000000005" lon="4.80555">
    <ele>296.35</ele>
   </trkpt>
   <trkpt lat="45.737300000000005" lon="4.8056600000000005">
    <ele>296.13</ele>
   </trkpt>
   <trkpt lat="45.737350000000006" lon="4.80572">
    <ele>296.13</ele>
   </trkpt>
   <trkpt lat="45.737970000000004" lon="4.80588">
    <ele>294.87</ele>
   </trkpt>
   <trkpt lat="45.73745" lon="4.805750000000001">
    <ele>295.83000000000004</ele>
   </trkpt>
   <trkpt lat="45.737350000000006" lon="4.80572">
    <ele>296.13</ele>
   </trkpt>
   <trkpt lat="45.737300000000005" lon="4.8056600000000005">
    <ele>296.13</ele>
   </trkpt>
   <trkpt lat="45.737280000000005" lon="4.80555">
    <ele>296.35</ele>
   </trkpt>
   <trkpt lat="45.73729" lon="4.80546">
    <ele>296.7</ele>
   </trkpt>
   <trkpt lat="45.73718" lon="4.805370000000001">
    <ele>297.26</ele>
   </trkpt>
   <trkpt lat="45.737190000000005" lon="4.8052600000000005">
    <ele>297.26</ele>
   </trkpt>
   <trkpt lat="45.737190000000005" lon="4.805070000000001">
    <ele>298.35</ele>
   </trkpt>
   <trkpt lat="45.737140000000004" lon="4.804860000000001">
    <ele>299.51</ele>
   </trkpt>
   <trkpt lat="45.737260000000006" lon="4.80442">
    <ele>302.32000000000005</ele>
   </trkpt>
   <trkpt lat="45.737230000000004" lon="4.80433">
    <ele>302.4</ele>
   </trkpt>
   <trkpt lat="45.7368" lon="4.804010000000001">
    <ele>300.94000000000005</ele>
   </trkpt>
   <trkpt lat="45.736990000000006" lon="4.80332">
    <ele>306.63</ele>
   </trkpt>
   <trkpt lat="45.737140000000004" lon="4.8026100000000005">
    <ele>312.06</ele>
   </trkpt>
   <trkpt lat="45.73716" lon="4.80236">
    <ele>312.56</ele>
   </trkpt>
   <trkpt lat="45.73734500187929" lon="4.801705002141971">
    <ele>314.09000000000003</ele>
   </trkpt>
   <trkpt lat="45.73753000000001" lon="4.80105">
    <ele>314.41</ele>
   </trkpt>
   <trkpt lat="45.737500000000004" lon="4.8009900000000005">
    <ele>313.86</ele>
   </trkpt>
   <trkpt lat="45.73753000000001" lon="4.8009200000000005">
    <ele>313.97</ele>
   </trkpt>
   <trkpt lat="45.737570000000005" lon="4.8009200000000005">
    <ele>314.18</ele>
   </trkpt>
   <trkpt lat="45.737590000000004" lon="4.80093">
    <ele>314.18</ele>
   </trkpt>
   <trkpt lat="45.73763" lon="4.800870000000001">
    <ele>313.88000000000005</ele>
   </trkpt>
   <trkpt lat="45.73783" lon="4.800330000000001">
    <ele>308.21000000000004</ele>
   </trkpt>
   <trkpt lat="45.737930000000006" lon="4.800120000000001">
    <ele>306.57</ele>
   </trkpt>
   <trkpt lat="45.738290000000006" lon="4.799200000000001">
    <ele>297.26</ele>
   </trkpt>
   <trkpt lat="45.73839" lon="4.79926">
    <ele>297.38000000000005</ele>
   </trkpt>
   <trkpt lat="45.738510000000005" lon="4.79926">
    <ele>297.45000000000005</ele>
   </trkpt>
   <trkpt lat="45.73912000000001" lon="4.79941">
    <ele>297.83000000000004</ele>
   </trkpt>
   <trkpt lat="45.73949" lon="4.7997700000000005">
    <ele>300.11</ele>
   </trkpt>
   <trkpt lat="45.7396" lon="4.799910000000001">
    <ele>301.11</ele>
   </trkpt>
   <trkpt lat="45.739650000000005" lon="4.8001700000000005">
    <ele>303.00000000000006</ele>
   </trkpt>
   <trkpt lat="45.739610000000006" lon="4.8005">
    <ele>307.70000000000005</ele>
   </trkpt>
   <trkpt lat="45.73957" lon="4.80063">
    <ele>307.70000000000005</ele>
   </trkpt>
   <trkpt lat="45.739580000000004" lon="4.800800000000001">
    <ele>308.84</ele>
   </trkpt>
   <trkpt lat="45.739470000000004" lon="4.800750000000001">
    <ele>309.12</ele>
   </trkpt>
   <trkpt lat="45.739270000000005" lon="4.8007">
    <ele>309.69</ele>
   </trkpt>
   <trkpt lat="45.739020000000004" lon="4.8007">
    <ele>310.89</ele>
   </trkpt>
   <trkpt lat="45.73888" lon="4.80084">
    <ele>312.21000000000004</ele>
   </trkpt>
   <trkpt lat="45.738640000000004" lon="4.8013900000000005">
    <ele>315.5</ele>
   </trkpt>
   <trkpt lat="45.73866" lon="4.80142">
    <ele>315.5</ele>
   </trkpt>
   <trkpt lat="45.73912000000001" lon="4.801740000000001">
    <ele>315.15000000000003</ele>
   </trkpt>
   <trkpt lat="45.73921000000001" lon="4.801900000000001">
    <ele>313.85</ele>
   </trkpt>
   <trkpt lat="45.73915" lon="4.80199">
    <ele>313.44000000000005</ele>
   </trkpt>
   <trkpt lat="45.73975" lon="4.8025400000000005">
    <ele>307.89000000000004</ele>
   </trkpt>
   <trkpt lat="45.74051" lon="4.80307">
    <ele>305.05</ele>
   </trkpt>
   <trkpt lat="45.740930000000006" lon="4.80358">
    <ele>304.04</ele>
   </trkpt>
   <trkpt lat="45.74062000000001" lon="4.80424">
    <ele>303.42</ele>
   </trkpt>
   <trkpt lat="45.7404" lon="4.804810000000001">
    <ele>301.81</ele>
   </trkpt>
   <trkpt lat="45.740640000000006" lon="4.805210000000001">
    <ele>302.75</ele>
   </trkpt>
   <trkpt lat="45.740750000000006" lon="4.80532">
    <ele>302.92</ele>
   </trkpt>
   <trkpt lat="45.740860000000005" lon="4.80539">
    <ele>302.92</ele>
   </trkpt>
   <trkpt lat="45.74089" lon="4.80531">
    <ele>303.09000000000003</ele>
   </trkpt>
   <trkpt lat="45.74087" lon="4.805140000000001">
    <ele>303.31</ele>
   </trkpt>
   <trkpt lat="45.74074" lon="4.8051200000000005">
    <ele>303.41</ele>
   </trkpt>
   <trkpt lat="45.74065" lon="4.80503">
    <ele>303.41</ele>
   </trkpt>
   <trkpt lat="45.740590000000005" lon="4.804900000000001">
    <ele>303.41</ele>
   </trkpt>
   <trkpt lat="45.74056" lon="4.8048">
    <ele>303.54</ele>
   </trkpt>
   <trkpt lat="45.74056" lon="4.80468">
    <ele>303.54</ele>
   </trkpt>
   <trkpt lat="45.74058" lon="4.80459">
    <ele>303.54</ele>
   </trkpt>
   <trkpt lat="45.74107" lon="4.803610000000001">
    <ele>304.16</ele>
   </trkpt>
   <trkpt lat="45.74116" lon="4.803610000000001">
    <ele>304.16</ele>
   </trkpt>
   <trkpt lat="45.74119" lon="4.803450000000001">
    <ele>303.99</ele>
   </trkpt>
   <trkpt lat="45.74123" lon="4.8033600000000005">
    <ele>303.82000000000005</ele>
   </trkpt>
   <trkpt lat="45.74134" lon="4.80327">
    <ele>303.81</ele>
   </trkpt>
   <trkpt lat="45.741420000000005" lon="4.80325">
    <ele>303.9</ele>
   </trkpt>
   <trkpt lat="45.741600000000005" lon="4.803240000000001">
    <ele>304.35</ele>
   </trkpt>
   <trkpt lat="45.741620000000005" lon="4.803120000000001">
    <ele>304.52</ele>
   </trkpt>
   <trkpt lat="45.74168" lon="4.802960000000001">
    <ele>304.51</ele>
   </trkpt>
   <trkpt lat="45.74174000000001" lon="4.802860000000001">
    <ele>304.51</ele>
   </trkpt>
   <trkpt lat="45.74179" lon="4.80285">
    <ele>304.51</ele>
   </trkpt>
   <trkpt lat="45.74183" lon="4.802860000000001">
    <ele>304.20000000000005</ele>
   </trkpt>
   <trkpt lat="45.74195" lon="4.80294">
    <ele>304.20000000000005</ele>
   </trkpt>
   <trkpt lat="45.741960000000006" lon="4.80274">
    <ele>303.54</ele>
   </trkpt>
   <trkpt lat="45.74203000000001" lon="4.80267">
    <ele>303.54</ele>
   </trkpt>
   <trkpt lat="45.742070000000005" lon="4.80248">
    <ele>303.45</ele>
   </trkpt>
   <trkpt lat="45.74212000000001" lon="4.80233">
    <ele>303.32000000000005</ele>
   </trkpt>
   <trkpt lat="45.742160000000005" lon="4.80206">
    <ele>302.75</ele>
   </trkpt>
   <trkpt lat="45.74226" lon="4.802020000000001">
    <ele>302.59000000000003</ele>
   </trkpt>
   <trkpt lat="45.742340000000006" lon="4.80196">
    <ele>302.05</ele>
   </trkpt>
   <trkpt lat="45.74239" lon="4.80165">
    <ele>301.83000000000004</ele>
   </trkpt>
   <trkpt lat="45.742540000000005" lon="4.8016000000000005">
    <ele>301.70000000000005</ele>
   </trkpt>
   <trkpt lat="45.742720000000006" lon="4.801830000000001">
    <ele>301.45000000000005</ele>
   </trkpt>
   <trkpt lat="45.7428" lon="4.801780000000001">
    <ele>301.1</ele>
   </trkpt>
   <trkpt lat="45.74287" lon="4.80166">
    <ele>300.23</ele>
   </trkpt>
   <trkpt lat="45.74288000000001" lon="4.80077">
    <ele>296.46</ele>
   </trkpt>
   <trkpt lat="45.74288000000001" lon="4.80076">
    <ele>296.46</ele>
   </trkpt>
   <trkpt lat="45.74333500027248" lon="4.800924998710989">
    <ele>296.66</ele>
   </trkpt>
   <trkpt lat="45.743790000000004" lon="4.80109">
    <ele>295.42</ele>
   </trkpt>
   <trkpt lat="45.74394" lon="4.80112">
    <ele>294.38000000000005</ele>
   </trkpt>
   <trkpt lat="45.744110000000006" lon="4.80112">
    <ele>292.39000000000004</ele>
   </trkpt>
   <trkpt lat="45.744200000000006" lon="4.8011800000000004">
    <ele>292.39000000000004</ele>
   </trkpt>
   <trkpt lat="45.74463" lon="4.8017900000000004">
    <ele>289.50000000000006</ele>
   </trkpt>
   <trkpt lat="45.744620000000005" lon="4.80246">
    <ele>290.57000000000005</ele>
   </trkpt>
   <trkpt lat="45.74452" lon="4.80267">
    <ele>291.33000000000004</ele>
   </trkpt>
   <trkpt lat="45.744220000000006" lon="4.803050000000001">
    <ele>294.16</ele>
   </trkpt>
   <trkpt lat="45.744080000000004" lon="4.80314">
    <ele>294.26</ele>
   </trkpt>
   <trkpt lat="45.743635001702685" lon="4.803770005062123">
    <ele>296.69</ele>
   </trkpt>
   <trkpt lat="45.743190000000006" lon="4.8044">
    <ele>300.99</ele>
   </trkpt>
   <trkpt lat="45.743010000000005" lon="4.804810000000001">
    <ele>301.09000000000003</ele>
   </trkpt>
   <trkpt lat="45.74344000000001" lon="4.805400000000001">
    <ele>300.66</ele>
   </trkpt>
   <trkpt lat="45.74389" lon="4.8057300000000005">
    <ele>299.89000000000004</ele>
   </trkpt>
   <trkpt lat="45.744240000000005" lon="4.805960000000001">
    <ele>300.65000000000003</ele>
   </trkpt>
   <trkpt lat="45.744260000000004" lon="4.80578">
    <ele>300.53000000000003</ele>
   </trkpt>
   <trkpt lat="45.744330000000005" lon="4.8055900000000005">
    <ele>300.23</ele>
   </trkpt>
   <trkpt lat="45.74443" lon="4.805440000000001">
    <ele>300.23</ele>
   </trkpt>
   <trkpt lat="45.74454" lon="4.80534">
    <ele>299.03000000000003</ele>
   </trkpt>
   <trkpt lat="45.745020000000004" lon="4.805070000000001">
    <ele>296.92</ele>
   </trkpt>
   <trkpt lat="45.745160000000006" lon="4.80492">
    <ele>295.94000000000005</ele>
   </trkpt>
   <trkpt lat="45.74526" lon="4.80494">
    <ele>295.73</ele>
   </trkpt>
   <trkpt lat="45.74539" lon="4.804880000000001">
    <ele>295.44000000000005</ele>
   </trkpt>
   <trkpt lat="45.74548" lon="4.80487">
    <ele>295.44000000000005</ele>
   </trkpt>
   <trkpt lat="45.74557" lon="4.80466">
    <ele>295.13</ele>
   </trkpt>
   <trkpt lat="45.74569" lon="4.804530000000001">
    <ele>294.78999999999996</ele>
   </trkpt>
   <trkpt lat="45.74595" lon="4.804320000000001">
    <ele>294.78999999999996</ele>
   </trkpt>
   <trkpt lat="45.74604" lon="4.804180000000001">
    <ele>295.14</ele>
   </trkpt>
   <trkpt lat="45.74611" lon="4.80417">
    <ele>295.63</ele>
   </trkpt>
   <trkpt lat="45.74618" lon="4.8042300000000004">
    <ele>296.08</ele>
   </trkpt>
   <trkpt lat="45.74624" lon="4.80433">
    <ele>296.47</ele>
   </trkpt>
   <trkpt lat="45.74627" lon="4.80466">
    <ele>297.48</ele>
   </trkpt>
   <trkpt lat="45.746410000000004" lon="4.804880000000001">
    <ele>297.97</ele>
   </trkpt>
   <trkpt lat="45.746570000000006" lon="4.80508">
    <ele>299.03000000000003</ele>
   </trkpt>
   <trkpt lat="45.74665" lon="4.80525">
    <ele>300.00000000000006</ele>
   </trkpt>
   <trkpt lat="45.746790000000004" lon="4.805470000000001">
    <ele>301.13</ele>
   </trkpt>
   <trkpt lat="45.74691000000001" lon="4.80553">
    <ele>301.85</ele>
   </trkpt>
   <trkpt lat="45.74700000000001" lon="4.80567">
    <ele>302.64</ele>
   </trkpt>
   <trkpt lat="45.747040000000005" lon="4.806">
    <ele>304.99</ele>
   </trkpt>
   <trkpt lat="45.747040000000005" lon="4.80621">
    <ele>306.04</ele>
   </trkpt>
   <trkpt lat="45.74703" lon="4.80632">
    <ele>306.55</ele>
   </trkpt>
   <trkpt lat="45.746900000000004" lon="4.8066">
    <ele>308.6</ele>
   </trkpt>
   <trkpt lat="45.747130000000006" lon="4.80656">
    <ele>308.9</ele>
   </trkpt>
   <trkpt lat="45.74736" lon="4.80647">
    <ele>308.75</ele>
   </trkpt>
   <trkpt lat="45.747490000000006" lon="4.80647">
    <ele>308.47</ele>
   </trkpt>
   <trkpt lat="45.74807500006751" lon="4.806654998035277">
    <ele>307.28</ele>
   </trkpt>
   <trkpt lat="45.74866" lon="4.80684">
    <ele>307.16</ele>
   </trkpt>
   <trkpt lat="45.749230000312906" lon="4.80706999768439">
    <ele>306.83000000000004</ele>
   </trkpt>
   <trkpt lat="45.7498" lon="4.807300000000001">
    <ele>306.45</ele>
   </trkpt>
   <trkpt lat="45.75032" lon="4.807580000000001">
    <ele>306.53000000000003</ele>
   </trkpt>
   <trkpt lat="45.750400000000006" lon="4.807600000000001">
    <ele>306.53000000000003</ele>
   </trkpt>
   <trkpt lat="45.75119" lon="4.8080300000000005">
    <ele>306.71000000000004</ele>
   </trkpt>
   <trkpt lat="45.75166" lon="4.80855">
    <ele>306.58000000000004</ele>
   </trkpt>
   <trkpt lat="45.75170000000001" lon="4.80862">
    <ele>306.58000000000004</ele>
   </trkpt>
   <trkpt lat="45.75177" lon="4.80879">
    <ele>306.45</ele>
   </trkpt>
   <trkpt lat="45.75179000000001" lon="4.80888">
    <ele>306.45</ele>
   </trkpt>
   <trkpt lat="45.751940000000005" lon="4.808820000000001">
    <ele>306.65000000000003</ele>
   </trkpt>
   <trkpt lat="45.752050000000004" lon="4.809010000000001">
    <ele>306.8</ele>
   </trkpt>
   <trkpt lat="45.75229" lon="4.80921">
    <ele>306.94000000000005</ele>
   </trkpt>
   <trkpt lat="45.752930000000006" lon="4.809620000000001">
    <ele>307.16</ele>
   </trkpt>
   <trkpt lat="45.753310000000006" lon="4.80991">
    <ele>306.31</ele>
   </trkpt>
   <trkpt lat="45.753330000000005" lon="4.80987">
    <ele>306.31</ele>
   </trkpt>
   <trkpt lat="45.753400000000006" lon="4.80991">
    <ele>305.98</ele>
   </trkpt>
   <trkpt lat="45.75392" lon="4.8089">
    <ele>301.03000000000003</ele>
   </trkpt>
   <trkpt lat="45.753980000000006" lon="4.80912">
    <ele>300.79</ele>
   </trkpt>
   <trkpt lat="45.75408" lon="4.809150000000001">
    <ele>300.69</ele>
   </trkpt>
   <trkpt lat="45.754360000000005" lon="4.809150000000001">
    <ele>300.9</ele>
   </trkpt>
   <trkpt lat="45.75441000000001" lon="4.80919">
    <ele>301.02</ele>
   </trkpt>
   <trkpt lat="45.75446" lon="4.80931">
    <ele>301.51</ele>
   </trkpt>
   <trkpt lat="45.754450000000006" lon="4.80944">
    <ele>302.15000000000003</ele>
   </trkpt>
   <trkpt lat="45.75459" lon="4.80958">
    <ele>304.61</ele>
   </trkpt>
   <trkpt lat="45.75459" lon="4.80968">
    <ele>305.62</ele>
   </trkpt>
   <trkpt lat="45.75457" lon="4.80973">
    <ele>305.62</ele>
   </trkpt>
   <trkpt lat="45.75441000000001" lon="4.80989">
    <ele>306.66</ele>
   </trkpt>
   <trkpt lat="45.754310000000004" lon="4.809900000000001">
    <ele>307.06</ele>
   </trkpt>
   <trkpt lat="45.75414000000001" lon="4.80982">
    <ele>307.28</ele>
   </trkpt>
   <trkpt lat="45.75401" lon="4.809970000000001">
    <ele>307.61000000000007</ele>
   </trkpt>
   <trkpt lat="45.753980000000006" lon="4.810020000000001">
    <ele>307.59000000000003</ele>
   </trkpt>
   <trkpt lat="45.75399" lon="4.81033">
    <ele>303.98</ele>
   </trkpt>
   <trkpt lat="45.75405000000001" lon="4.81038">
    <ele>302.92</ele>
   </trkpt>
   <trkpt lat="45.75404" lon="4.81043">
    <ele>302.92</ele>
   </trkpt>
   <trkpt lat="45.75394000000001" lon="4.8106">
    <ele>301.14</ele>
   </trkpt>
   <trkpt lat="45.753690000000006" lon="4.8109">
    <ele>297.83000000000004</ele>
   </trkpt>
   <trkpt lat="45.75366" lon="4.81102">
    <ele>297.83000000000004</ele>
   </trkpt>
   <trkpt lat="45.7541" lon="4.81111">
    <ele>295.97</ele>
   </trkpt>
   <trkpt lat="45.75401000224772" lon="4.811830001268715">
    <ele>289.81</ele>
   </trkpt>
   <trkpt lat="45.75392" lon="4.812550000000001">
    <ele>284.08</ele>
   </trkpt>
   <trkpt lat="45.75408" lon="4.81254">
    <ele>283.53</ele>
   </trkpt>
   <trkpt lat="45.754490000000004" lon="4.812410000000001">
    <ele>281.48</ele>
   </trkpt>
   <trkpt lat="45.75450000000001" lon="4.8125">
    <ele>280.90000000000003</ele>
   </trkpt>
   <trkpt lat="45.754670000000004" lon="4.81256">
    <ele>279.96999999999997</ele>
   </trkpt>
   <trkpt lat="45.75423000000001" lon="4.813140000000001">
    <ele>275.23</ele>
   </trkpt>
   <trkpt lat="45.75426" lon="4.8132">
    <ele>274.31</ele>
   </trkpt>
   <trkpt lat="45.753980000000006" lon="4.813770000000001">
    <ele>266.89</ele>
   </trkpt>
   <trkpt lat="45.753890000000006" lon="4.81419">
    <ele>261.11</ele>
   </trkpt>
   <trkpt lat="45.753530000000005" lon="4.81503">
    <ele>253.82000000000005</ele>
   </trkpt>
   <trkpt lat="45.753260000000004" lon="4.81582">
    <ele>245.91000000000003</ele>
   </trkpt>
   <trkpt lat="45.75325" lon="4.81616">
    <ele>243.52</ele>
   </trkpt>
   <trkpt lat="45.753220000000006" lon="4.81632">
    <ele>242.08</ele>
   </trkpt>
   <trkpt lat="45.752990000000004" lon="4.81705">
    <ele>230.62</ele>
   </trkpt>
   <trkpt lat="45.752990000000004" lon="4.817060000000001">
    <ele>230.62</ele>
   </trkpt>
   <trkpt lat="45.75329000000001" lon="4.81688">
    <ele>229.37</ele>
   </trkpt>
   <trkpt lat="45.75339" lon="4.81686">
    <ele>227.01000000000002</ele>
   </trkpt>
   <trkpt lat="45.7535" lon="4.816870000000001">
    <ele>227.01000000000002</ele>
   </trkpt>
   <trkpt lat="45.75361" lon="4.8169200000000005">
    <ele>227.01000000000002</ele>
   </trkpt>
   <trkpt lat="45.7537" lon="4.817010000000001">
    <ele>224.39000000000001</ele>
   </trkpt>
   <trkpt lat="45.754060000755786" lon="4.81743999716558">
    <ele>222.85000000000002</ele>
   </trkpt>
   <trkpt lat="45.75442" lon="4.81787">
    <ele>218.83</ele>
   </trkpt>
   <trkpt lat="45.75448" lon="4.817970000000001">
    <ele>218.53000000000003</ele>
   </trkpt>
   <trkpt lat="45.75450000000001" lon="4.81808">
    <ele>218.53000000000003</ele>
   </trkpt>
   <trkpt lat="45.75453" lon="4.8180700000000005">
    <ele>218.53000000000003</ele>
   </trkpt>
   <trkpt lat="45.754560000000005" lon="4.8181">
    <ele>219.29000000000002</ele>
   </trkpt>
   <trkpt lat="45.75459" lon="4.81819">
    <ele>219.69000000000003</ele>
   </trkpt>
   <trkpt lat="45.754580000000004" lon="4.81841">
    <ele>221.12</ele>
   </trkpt>
   <trkpt lat="45.75452000000001" lon="4.818720000000001">
    <ele>224.68</ele>
   </trkpt>
   <trkpt lat="45.75453" lon="4.81876">
    <ele>224.68</ele>
   </trkpt>
   <trkpt lat="45.75455" lon="4.81876">
    <ele>226.10000000000002</ele>
   </trkpt>
   <trkpt lat="45.754960000000004" lon="4.8177">
    <ele>240.90000000000003</ele>
   </trkpt>
   <trkpt lat="45.75549000084386" lon="4.818129995946392">
    <ele>249.82000000000002</ele>
   </trkpt>
   <trkpt lat="45.75602000000001" lon="4.818560000000001">
    <ele>260.90000000000003</ele>
   </trkpt>
   <trkpt lat="45.75601" lon="4.81864">
    <ele>260.79</ele>
   </trkpt>
   <trkpt lat="45.75605" lon="4.81897">
    <ele>259.69000000000005</ele>
   </trkpt>
   <trkpt lat="45.75607" lon="4.81907">
    <ele>259.39</ele>
   </trkpt>
   <trkpt lat="45.75614" lon="4.81923">
    <ele>259.20000000000005</ele>
   </trkpt>
   <trkpt lat="45.756780001590776" lon="4.818630006862257">
    <ele>274.87</ele>
   </trkpt>
   <trkpt lat="45.75742" lon="4.81803">
    <ele>286.17</ele>
   </trkpt>
   <trkpt lat="45.75764" lon="4.81775">
    <ele>288.39000000000004</ele>
   </trkpt>
   <trkpt lat="45.7578" lon="4.817410000000001">
    <ele>290.86</ele>
   </trkpt>
   <trkpt lat="45.75807500264277" lon="4.816640003636223">
    <ele>295.39000000000004</ele>
   </trkpt>
   <trkpt lat="45.75835000000001" lon="4.81587">
    <ele>296.55</ele>
   </trkpt>
   <trkpt lat="45.75838" lon="4.815880000000001">
    <ele>296.55</ele>
   </trkpt>
   <trkpt lat="45.758410000000005" lon="4.815860000000001">
    <ele>297.02</ele>
   </trkpt>
   <trkpt lat="45.75896" lon="4.816260000000001">
    <ele>300.42</ele>
   </trkpt>
   <trkpt lat="45.75909" lon="4.81643">
    <ele>300.56000000000006</ele>
   </trkpt>
   <trkpt lat="45.759040000000006" lon="4.8165000000000004">
    <ele>300.56000000000006</ele>
   </trkpt>
   <trkpt lat="45.7588" lon="4.817130000000001">
    <ele>300.14</ele>
   </trkpt>
   <trkpt lat="45.75874" lon="4.817220000000001">
    <ele>299.93</ele>
   </trkpt>
   <trkpt lat="45.75862" lon="4.817710000000001">
    <ele>298.37</ele>
   </trkpt>
   <trkpt lat="45.75855000000001" lon="4.818230000000001">
    <ele>296.55</ele>
   </trkpt>
   <trkpt lat="45.7586" lon="4.8184700000000005">
    <ele>295.49</ele>
   </trkpt>
   <trkpt lat="45.758720000000004" lon="4.818560000000001">
    <ele>294.13</ele>
   </trkpt>
   <trkpt lat="45.75889" lon="4.818630000000001">
    <ele>292.67</ele>
   </trkpt>
   <trkpt lat="45.75932" lon="4.81878">
    <ele>292.03000000000003</ele>
   </trkpt>
   <trkpt lat="45.75936" lon="4.81878">
    <ele>290.45000000000005</ele>
   </trkpt>
   <trkpt lat="45.759440000000005" lon="4.819260000000001">
    <ele>279.58</ele>
   </trkpt>
   <trkpt lat="45.75936" lon="4.819260000000001">
    <ele>278.96000000000004</ele>
   </trkpt>
   <trkpt lat="45.759170000000005" lon="4.819990000000001">
    <ele>264.90000000000003</ele>
   </trkpt>
   <trkpt lat="45.759610000297236" lon="4.820179998562046">
    <ele>266.14000000000004</ele>
   </trkpt>
   <trkpt lat="45.76005000000001" lon="4.8203700000000005">
    <ele>266.41</ele>
   </trkpt>
   <trkpt lat="45.75999" lon="4.820620000000001">
    <ele>266.71</ele>
   </trkpt>
   <trkpt lat="45.7599" lon="4.82059">
    <ele>266.96000000000004</ele>
   </trkpt>
   <trkpt lat="45.75986" lon="4.8211">
    <ele>267.12</ele>
   </trkpt>
   <trkpt lat="45.759690000000006" lon="4.82164">
    <ele>263.27</ele>
   </trkpt>
   <trkpt lat="45.759620000000005" lon="4.82171">
    <ele>263.27</ele>
   </trkpt>
   <trkpt lat="45.759780000000006" lon="4.82239">
    <ele>267.93</ele>
   </trkpt>
   <trkpt lat="45.75983" lon="4.8224800000000005">
    <ele>268.24</ele>
   </trkpt>
   <trkpt lat="45.759930000000004" lon="4.82254">
    <ele>268.8</ele>
   </trkpt>
   <trkpt lat="45.760270000000006" lon="4.822590000000001">
    <ele>272.33</ele>
   </trkpt>
   <trkpt lat="45.760290000000005" lon="4.82282">
    <ele>273.07000000000005</ele>
   </trkpt>
   <trkpt lat="45.76037" lon="4.8230900000000005">
    <ele>272.8</ele>
   </trkpt>
   <trkpt lat="45.76070000000001" lon="4.8235600000000005">
    <ele>266.21</ele>
   </trkpt>
   <trkpt lat="45.760940000000005" lon="4.8236300000000005">
    <ele>264.06</ele>
   </trkpt>
   <trkpt lat="45.761070000000004" lon="4.823650000000001">
    <ele>263.73</ele>
   </trkpt>
   <trkpt lat="45.761190000000006" lon="4.823600000000001">
    <ele>263.59000000000003</ele>
   </trkpt>
   <trkpt lat="45.76122" lon="4.82364">
    <ele>263.59000000000003</ele>
   </trkpt>
   <trkpt lat="45.761720000000004" lon="4.823600000000001">
    <ele>261.43</ele>
   </trkpt>
   <trkpt lat="45.762240000000006" lon="4.82364">
    <ele>259.61</ele>
   </trkpt>
   <trkpt lat="45.76279" lon="4.823790000000001">
    <ele>263.88</ele>
   </trkpt>
   <trkpt lat="45.762800000000006" lon="4.82371">
    <ele>267.55</ele>
   </trkpt>
   <trkpt lat="45.76256" lon="4.82355">
    <ele>268.94</ele>
   </trkpt>
   <trkpt lat="45.76258000000001" lon="4.8233500000000005">
    <ele>275.26</ele>
   </trkpt>
   <trkpt lat="45.762910000000005" lon="4.8234">
    <ele>280.21000000000004</ele>
   </trkpt>
   <trkpt lat="45.76292" lon="4.82333">
    <ele>280.28000000000003</ele>
   </trkpt>
   <trkpt lat="45.76254" lon="4.82308">
    <ele>287.79</ele>
   </trkpt>
   <trkpt lat="45.762640000000005" lon="4.82268">
    <ele>297.3</ele>
   </trkpt>
   <trkpt lat="45.762620000000005" lon="4.82268">
    <ele>297.3</ele>
   </trkpt>
   <trkpt lat="45.76268" lon="4.822100000000001">
    <ele>295.43</ele>
   </trkpt>
   <trkpt lat="45.763180000000006" lon="4.82219">
    <ele>294.09000000000003</ele>
   </trkpt>
   <trkpt lat="45.763720000000006" lon="4.822240000000001">
    <ele>291.53000000000003</ele>
   </trkpt>
   <trkpt lat="45.76375" lon="4.8222700000000005">
    <ele>291.53000000000003</ele>
   </trkpt>
   <trkpt lat="45.763830000000006" lon="4.822690000000001">
    <ele>290.03000000000003</ele>
   </trkpt>
   <trkpt lat="45.764100000000006" lon="4.82261">
    <ele>287.22</ele>
   </trkpt>
   <trkpt lat="45.764430000000004" lon="4.8227400000000005">
    <ele>280.93</ele>
   </trkpt>
   <trkpt lat="45.76467" lon="4.82293">
    <ele>270.05</ele>
   </trkpt>
   <trkpt lat="45.7653" lon="4.823720000000001">
    <ele>246.38000000000002</ele>
   </trkpt>
   <trkpt lat="45.76577" lon="4.8241700000000005">
    <ele>228.64000000000001</ele>
   </trkpt>
   <trkpt lat="45.76603" lon="4.82451">
    <ele>221.36</ele>
   </trkpt>
   <trkpt lat="45.76615" lon="4.82455">
    <ele>217.13000000000002</ele>
   </trkpt>
   <trkpt lat="45.766200000000005" lon="4.824050000000001">
    <ele>217.01</ele>
   </trkpt>
   <trkpt lat="45.76612" lon="4.82376">
    <ele>217.92000000000002</ele>
   </trkpt>
   <trkpt lat="45.76628" lon="4.82289">
    <ele>219.47000000000003</ele>
   </trkpt>
   <trkpt lat="45.76628" lon="4.822360000000001">
    <ele>219.78000000000003</ele>
   </trkpt>
   <trkpt lat="45.76634000000001" lon="4.82178">
    <ele>220.89000000000001</ele>
   </trkpt>
   <trkpt lat="45.76634000000001" lon="4.821630000000001">
    <ele>220.89000000000001</ele>
   </trkpt>
   <trkpt lat="45.76632" lon="4.82157">
    <ele>221.14000000000001</ele>
   </trkpt>
   <trkpt lat="45.76619" lon="4.82136">
    <ele>221.35000000000002</ele>
   </trkpt>
   <trkpt lat="45.766070000000006" lon="4.82127">
    <ele>221.50000000000003</ele>
   </trkpt>
   <trkpt lat="45.765800000000006" lon="4.82122">
    <ele>221.36</ele>
   </trkpt>
   <trkpt lat="45.765660000000004" lon="4.821160000000001">
    <ele>221.11</ele>
   </trkpt>
   <trkpt lat="45.76554" lon="4.82106">
    <ele>220.38000000000002</ele>
   </trkpt>
   <trkpt lat="45.76502000000001" lon="4.820250000000001">
    <ele>212.53000000000003</ele>
   </trkpt>
   <trkpt lat="45.76498" lon="4.820150000000001">
    <ele>212.53000000000003</ele>
   </trkpt>
   <trkpt lat="45.764920000000004" lon="4.820180000000001">
    <ele>213.35</ele>
   </trkpt>
   <trkpt lat="45.764790000000005" lon="4.8200400000000005">
    <ele>214.91000000000003</ele>
   </trkpt>
   <trkpt lat="45.764660000000006" lon="4.8196900000000005">
    <ele>219.09</ele>
   </trkpt>
   <trkpt lat="45.764340000000004" lon="4.819940000000001">
    <ele>233.39000000000001</ele>
   </trkpt>
   <trkpt lat="45.76413" lon="4.819990000000001">
    <ele>241.46</ele>
   </trkpt>
   <trkpt lat="45.764070000000004" lon="4.820270000000001">
    <ele>244.73000000000002</ele>
   </trkpt>
   <trkpt lat="45.76390000000001" lon="4.82043">
    <ele>251.53000000000003</ele>
   </trkpt>
   <trkpt lat="45.763870000000004" lon="4.82057">
    <ele>253.72</ele>
   </trkpt>
   <trkpt lat="45.76395" lon="4.820930000000001">
    <ele>255.03000000000003</ele>
   </trkpt>
   <trkpt lat="45.76395" lon="4.821090000000001">
    <ele>260.32</ele>
   </trkpt>
   <trkpt lat="45.76386" lon="4.82104">
    <ele>260.32</ele>
   </trkpt>
   <trkpt lat="45.76377" lon="4.82066">
    <ele>257.55</ele>
   </trkpt>
   <trkpt lat="45.763670000000005" lon="4.82059">
    <ele>259.25000000000006</ele>
   </trkpt>
   <trkpt lat="45.763540000000006" lon="4.819850000000001">
    <ele>259.27</ele>
   </trkpt>
   <trkpt lat="45.763700006965365" lon="4.818956671770735">
    <ele>259.27</ele>
   </trkpt>
   <trkpt lat="45.76386000696899" lon="4.8180633384172475">
    <ele>255.21000000000004</ele>
   </trkpt>
   <trkpt lat="45.76402" lon="4.81717">
    <ele>255.21000000000004</ele>
   </trkpt>
   <trkpt lat="45.76409" lon="4.81707">
    <ele>253.82000000000005</ele>
   </trkpt>
   <trkpt lat="45.764230000000005" lon="4.817080000000001">
    <ele>249.06000000000003</ele>
   </trkpt>
   <trkpt lat="45.76428000000001" lon="4.81719">
    <ele>247.58</ele>
   </trkpt>
   <trkpt lat="45.764230000000005" lon="4.817340000000001">
    <ele>247.14000000000001</ele>
   </trkpt>
   <trkpt lat="45.764250000000004" lon="4.81792">
    <ele>242.55</ele>
   </trkpt>
   <trkpt lat="45.76437000000001" lon="4.81848">
    <ele>233.96000000000004</ele>
   </trkpt>
   <trkpt lat="45.76449" lon="4.81829">
    <ele>230.51000000000002</ele>
   </trkpt>
   <trkpt lat="45.76449" lon="4.81799">
    <ele>233.06</ele>
   </trkpt>
   <trkpt lat="45.76458" lon="4.81763">
    <ele>233.77</ele>
   </trkpt>
   <trkpt lat="45.76485" lon="4.81777">
    <ele>222.61</ele>
   </trkpt>
   <trkpt lat="45.76494" lon="4.81801">
    <ele>217.53000000000003</ele>
   </trkpt>
   <trkpt lat="45.76521" lon="4.81777">
    <ele>211.68</ele>
   </trkpt>
   <trkpt lat="45.765370000000004" lon="4.8173200000000005">
    <ele>211.58</ele>
   </trkpt>
   <trkpt lat="45.76534" lon="4.817290000000001">
    <ele>219.46</ele>
   </trkpt>
   <trkpt lat="45.76549000000001" lon="4.8169900000000005">
    <ele>221.28</ele>
   </trkpt>
   <trkpt lat="45.76527" lon="4.81681">
    <ele>222.75000000000003</ele>
   </trkpt>
   <trkpt lat="45.76522000000001" lon="4.8169">
    <ele>223.78</ele>
   </trkpt>
   <trkpt lat="45.765130000000006" lon="4.81676">
    <ele>226.35000000000002</ele>
   </trkpt>
   <trkpt lat="45.765040000000006" lon="4.816680000000001">
    <ele>228.39000000000001</ele>
   </trkpt>
   <trkpt lat="45.76484000000001" lon="4.816450000000001">
    <ele>235.5</ele>
   </trkpt>
   <trkpt lat="45.76438" lon="4.8160300000000005">
    <ele>246.01</ele>
   </trkpt>
   <trkpt lat="45.76413" lon="4.815860000000001">
    <ele>258.17</ele>
   </trkpt>
   <trkpt lat="45.763980000000004" lon="4.81583">
    <ele>264.01</ele>
   </trkpt>
   <trkpt lat="45.76390000000001" lon="4.8157700000000006">
    <ele>266.56</ele>
   </trkpt>
   <trkpt lat="45.763830000000006" lon="4.815650000000001">
    <ele>267.74</ele>
   </trkpt>
   <trkpt lat="45.7638" lon="4.815510000000001">
    <ele>271.12</ele>
   </trkpt>
   <trkpt lat="45.76379" lon="4.81536">
    <ele>273.44</ele>
   </trkpt>
   <trkpt lat="45.76371" lon="4.815">
    <ele>281.86</ele>
   </trkpt>
   <trkpt lat="45.763510000000004" lon="4.81519">
    <ele>282.94</ele>
   </trkpt>
   <trkpt lat="45.76342" lon="4.81521">
    <ele>283.39000000000004</ele>
   </trkpt>
   <trkpt lat="45.763220000000004" lon="4.814970000000001">
    <ele>285.55</ele>
   </trkpt>
   <trkpt lat="45.763130000000004" lon="4.814690000000001">
    <ele>287.90999999999997</ele>
   </trkpt>
   <trkpt lat="45.76301" lon="4.81416">
    <ele>290.54</ele>
   </trkpt>
   <trkpt lat="45.76292" lon="4.813470000000001">
    <ele>290.50000000000006</ele>
   </trkpt>
   <trkpt lat="45.76294" lon="4.81346">
    <ele>290.50000000000006</ele>
   </trkpt>
   <trkpt lat="45.762890000000006" lon="4.8131200000000005">
    <ele>290.00000000000006</ele>
   </trkpt>
   <trkpt lat="45.762890000000006" lon="4.81313">
    <ele>290.00000000000006</ele>
   </trkpt>
   <trkpt lat="45.7629" lon="4.8131">
    <ele>289.90999999999997</ele>
   </trkpt>
   <trkpt lat="45.762930000000004" lon="4.813090000000001">
    <ele>289.73</ele>
   </trkpt>
   <trkpt lat="45.76308" lon="4.8131200000000005">
    <ele>289.09000000000003</ele>
   </trkpt>
   <trkpt lat="45.76308" lon="4.81308">
    <ele>289.05</ele>
   </trkpt>
   <trkpt lat="45.76371" lon="4.81325">
    <ele>284.29</ele>
   </trkpt>
   <trkpt lat="45.763920000000006" lon="4.812930000000001">
    <ele>281.87</ele>
   </trkpt>
   <trkpt lat="45.764190000000006" lon="4.81273">
    <ele>278.06</ele>
   </trkpt>
   <trkpt lat="45.764700000000005" lon="4.8120400000000005">
    <ele>273.17</ele>
   </trkpt>
   <trkpt lat="45.76483" lon="4.811710000000001">
    <ele>271.77</ele>
   </trkpt>
   <trkpt lat="45.765190000000004" lon="4.8106800000000005">
    <ele>265.73</ele>
   </trkpt>
   <trkpt lat="45.76592" lon="4.809970000000001">
    <ele>259.18</ele>
   </trkpt>
   <trkpt lat="45.76672000000001" lon="4.80947">
    <ele>251.29000000000002</ele>
   </trkpt>
   <trkpt lat="45.76684" lon="4.80942">
    <ele>251.29000000000002</ele>
   </trkpt>
   <trkpt lat="45.767030000000005" lon="4.809410000000001">
    <ele>249.56000000000003</ele>
   </trkpt>
   <trkpt lat="45.767320000000005" lon="4.80919">
    <ele>249.96</ele>
   </trkpt>
   <trkpt lat="45.76746000000001" lon="4.80911">
    <ele>251.35000000000002</ele>
   </trkpt>
   <trkpt lat="45.767480000000006" lon="4.80904">
    <ele>251.76000000000005</ele>
   </trkpt>
   <trkpt lat="45.76747" lon="4.8089900000000005">
    <ele>252.13000000000002</ele>
   </trkpt>
   <trkpt lat="45.76751" lon="4.8089">
    <ele>251.52</ele>
   </trkpt>
   <trkpt lat="45.76756" lon="4.808890000000001">
    <ele>250.52</ele>
   </trkpt>
   <trkpt lat="45.76765" lon="4.808890000000001">
    <ele>249.41000000000003</ele>
   </trkpt>
   <trkpt lat="45.76771" lon="4.80893">
    <ele>246.79</ele>
   </trkpt>
   <trkpt lat="45.768260000000005" lon="4.80895">
    <ele>239.61</ele>
   </trkpt>
   <trkpt lat="45.76891500002543" lon="4.809009999296315">
    <ele>232.79000000000002</ele>
   </trkpt>
   <trkpt lat="45.76957" lon="4.80907">
    <ele>227.46</ele>
   </trkpt>
   <trkpt lat="45.76968" lon="4.809150000000001">
    <ele>225.17000000000002</ele>
   </trkpt>
   <trkpt lat="45.769740000000006" lon="4.809030000000001">
    <ele>221.68</ele>
   </trkpt>
   <trkpt lat="45.770030000000006" lon="4.80905">
    <ele>217.46</ele>
   </trkpt>
   <trkpt lat="45.770210000000006" lon="4.809030000000001">
    <ele>214.46</ele>
   </trkpt>
   <trkpt lat="45.770450000000004" lon="4.8089200000000005">
    <ele>208.05</ele>
   </trkpt>
   <trkpt lat="45.77074" lon="4.80893">
    <ele>199.95000000000002</ele>
   </trkpt>
   <trkpt lat="45.771040000000006" lon="4.808800000000001">
    <ele>193.26000000000002</ele>
   </trkpt>
   <trkpt lat="45.771080000000005" lon="4.80883">
    <ele>193.05</ele>
   </trkpt>
   <trkpt lat="45.77105" lon="4.8089900000000005">
    <ele>192.86</ele>
   </trkpt>
   <trkpt lat="45.771080000000005" lon="4.80912">
    <ele>193.03</ele>
   </trkpt>
   <trkpt lat="45.77116" lon="4.80923">
    <ele>193.57000000000002</ele>
   </trkpt>
   <trkpt lat="45.77176" lon="4.80937">
    <ele>196.69</ele>
   </trkpt>
   <trkpt lat="45.772130000000004" lon="4.809270000000001">
    <ele>199.26000000000002</ele>
   </trkpt>
   <trkpt lat="45.772200000000005" lon="4.80933">
    <ele>201.33</ele>
   </trkpt>
   <trkpt lat="45.77221" lon="4.80937">
    <ele>202.40000000000003</ele>
   </trkpt>
   <trkpt lat="45.772220000000004" lon="4.80938">
    <ele>202.40000000000003</ele>
   </trkpt>
   <trkpt lat="45.772220000000004" lon="4.80945">
    <ele>204.72</ele>
   </trkpt>
   <trkpt lat="45.77219" lon="4.8095300000000005">
    <ele>205.75</ele>
   </trkpt>
   <trkpt lat="45.77207000000001" lon="4.80968">
    <ele>208.18</ele>
   </trkpt>
   <trkpt lat="45.77128000008274" lon="4.809534997944516">
    <ele>214.04</ele>
   </trkpt>
   <trkpt lat="45.77049" lon="4.8093900000000005">
    <ele>218.63000000000002</ele>
   </trkpt>
   <trkpt lat="45.77" lon="4.80914">
    <ele>221.59</ele>
   </trkpt>
   <trkpt lat="45.76990000000001" lon="4.80919">
    <ele>222.53</ele>
   </trkpt>
   <trkpt lat="45.769870000000004" lon="4.80926">
    <ele>222.53</ele>
   </trkpt>
   <trkpt lat="45.769870000000004" lon="4.8093900000000005">
    <ele>223.52</ele>
   </trkpt>
   <trkpt lat="45.77004" lon="4.80973">
    <ele>225.84</ele>
   </trkpt>
   <trkpt lat="45.770050000000005" lon="4.8098600000000005">
    <ele>225.84</ele>
   </trkpt>
   <trkpt lat="45.770010000000006" lon="4.8099300000000005">
    <ele>225.84</ele>
   </trkpt>
   <trkpt lat="45.769940000000005" lon="4.80999">
    <ele>226.87</ele>
   </trkpt>
   <trkpt lat="45.769560000000006" lon="4.81005">
    <ele>229.18</ele>
   </trkpt>
   <trkpt lat="45.769360000000006" lon="4.81005">
    <ele>230.73000000000002</ele>
   </trkpt>
   <trkpt lat="45.769290000000005" lon="4.81001">
    <ele>231.32000000000002</ele>
   </trkpt>
   <trkpt lat="45.76923" lon="4.81019">
    <ele>231.11</ele>
   </trkpt>
   <trkpt lat="45.769130000000004" lon="4.81027">
    <ele>230.53</ele>
   </trkpt>
   <trkpt lat="45.769000000000005" lon="4.81029">
    <ele>229.96</ele>
   </trkpt>
   <trkpt lat="45.768930000000005" lon="4.8102800000000006">
    <ele>228.98000000000002</ele>
   </trkpt>
   <trkpt lat="45.768710000000006" lon="4.810160000000001">
    <ele>227.59</ele>
   </trkpt>
   <trkpt lat="45.768510000000006" lon="4.8101400000000005">
    <ele>225.56</ele>
   </trkpt>
   <trkpt lat="45.76834" lon="4.8102">
    <ele>225.56</ele>
   </trkpt>
   <trkpt lat="45.767915000250056" lon="4.810435001785432">
    <ele>221.86</ele>
   </trkpt>
   <trkpt lat="45.76749" lon="4.81067">
    <ele>217.66000000000003</ele>
   </trkpt>
   <trkpt lat="45.7674" lon="4.8107500000000005">
    <ele>216.82000000000002</ele>
   </trkpt>
   <trkpt lat="45.766890000000004" lon="4.811260000000001">
    <ele>210.32</ele>
   </trkpt>
   <trkpt lat="45.76679" lon="4.81139">
    <ele>210.32</ele>
   </trkpt>
   <trkpt lat="45.766780000000004" lon="4.811400000000001">
    <ele>210.32</ele>
   </trkpt>
   <trkpt lat="45.76675" lon="4.81153">
    <ele>209.91</ele>
   </trkpt>
   <trkpt lat="45.766760000000005" lon="4.81179">
    <ele>207.64000000000001</ele>
   </trkpt>
   <trkpt lat="45.76681000000001" lon="4.811920000000001">
    <ele>207.64000000000001</ele>
   </trkpt>
   <trkpt lat="45.76695" lon="4.8120400000000005">
    <ele>205.44</ele>
   </trkpt>
   <trkpt lat="45.76706" lon="4.8120400000000005">
    <ele>205.44</ele>
   </trkpt>
   <trkpt lat="45.76711" lon="4.812010000000001">
    <ele>203.51000000000002</ele>
   </trkpt>
   <trkpt lat="45.76715" lon="4.811940000000001">
    <ele>203.51000000000002</ele>
   </trkpt>
   <trkpt lat="45.76719000000001" lon="4.811780000000001">
    <ele>202.78</ele>
   </trkpt>
   <trkpt lat="45.767210000000006" lon="4.811520000000001">
    <ele>201.01000000000002</ele>
   </trkpt>
   <trkpt lat="45.76727" lon="4.81139">
    <ele>199.85000000000002</ele>
   </trkpt>
   <trkpt lat="45.76731" lon="4.81135">
    <ele>199.85000000000002</ele>
   </trkpt>
   <trkpt lat="45.76776500028858" lon="4.8111800013259645">
    <ele>194.73000000000002</ele>
   </trkpt>
   <trkpt lat="45.76822000000001" lon="4.8110100000000005">
    <ele>191.87</ele>
   </trkpt>
   <trkpt lat="45.768280000000004" lon="4.8110100000000005">
    <ele>190.72000000000003</ele>
   </trkpt>
   <trkpt lat="45.76832" lon="4.81104">
    <ele>190.72000000000003</ele>
   </trkpt>
   <trkpt lat="45.76836" lon="4.81116">
    <ele>189.91000000000003</ele>
   </trkpt>
   <trkpt lat="45.768350000000005" lon="4.81123">
    <ele>189.91000000000003</ele>
   </trkpt>
   <trkpt lat="45.76827" lon="4.81137">
    <ele>188.09</ele>
   </trkpt>
   <trkpt lat="45.768060000000006" lon="4.81155">
    <ele>186.87</ele>
   </trkpt>
   <trkpt lat="45.76753" lon="4.8119000000000005">
    <ele>181.66000000000003</ele>
   </trkpt>
   <trkpt lat="45.767410000000005" lon="4.81203">
    <ele>180.13</ele>
   </trkpt>
   <trkpt lat="45.76735" lon="4.81231">
    <ele>178.50000000000003</ele>
   </trkpt>
   <trkpt lat="45.76735" lon="4.812390000000001">
    <ele>178.50000000000003</ele>
   </trkpt>
   <trkpt lat="45.76744" lon="4.8126500000000005">
    <ele>176.39000000000001</ele>
   </trkpt>
   <trkpt lat="45.76784000000001" lon="4.813090000000001">
    <ele>171.88</ele>
   </trkpt>
   <trkpt lat="45.76793000000001" lon="4.81322">
    <ele>170.89000000000001</ele>
   </trkpt>
   <trkpt lat="45.76811000000001" lon="4.81304">
    <ele>170.63</ele>
   </trkpt>
   <trkpt lat="45.768350000000005" lon="4.812860000000001">
    <ele>170.58</ele>
   </trkpt>
   <trkpt lat="45.768530000000005" lon="4.81278">
    <ele>170.58</ele>
   </trkpt>
   <trkpt lat="45.76872" lon="4.8127200000000006">
    <ele>170.58</ele>
   </trkpt>
   <trkpt lat="45.768660000000004" lon="4.8119700000000005">
    <ele>183.25000000000003</ele>
   </trkpt>
   <trkpt lat="45.768930000000005" lon="4.8117">
    <ele>184.7</ele>
   </trkpt>
   <trkpt lat="45.768950000000004" lon="4.81153">
    <ele>188.59</ele>
   </trkpt>
   <trkpt lat="45.769040000000004" lon="4.81148">
    <ele>189.00000000000003</ele>
   </trkpt>
   <trkpt lat="45.76915" lon="4.81148">
    <ele>188.50000000000003</ele>
   </trkpt>
   <trkpt lat="45.76919" lon="4.81168">
    <ele>183.48</ele>
   </trkpt>
   <trkpt lat="45.769420000000004" lon="4.81168">
    <ele>182.89000000000001</ele>
   </trkpt>
   <trkpt lat="45.7695" lon="4.8125800000000005">
    <ele>161.20000000000002</ele>
   </trkpt>
   <trkpt lat="45.76997" lon="4.81247">
    <ele>172.13</ele>
   </trkpt>
   <trkpt lat="45.769980000000004" lon="4.81247">
    <ele>172.14000000000001</ele>
   </trkpt>
   <trkpt lat="45.76999000000001" lon="4.81271">
    <ele>172.78</ele>
   </trkpt>
   <trkpt lat="45.770160000000004" lon="4.813770000000001">
    <ele>174.27</ele>
   </trkpt>
   <trkpt lat="45.770160000000004" lon="4.81404">
    <ele>173.62000000000003</ele>
   </trkpt>
   <trkpt lat="45.770140000000005" lon="4.81409">
    <ele>173.33</ele>
   </trkpt>
   <trkpt lat="45.770050000000005" lon="4.814240000000001">
    <ele>172.46</ele>
   </trkpt>
   <trkpt lat="45.769510000000004" lon="4.8145500000000006">
    <ele>171.55</ele>
   </trkpt>
   <trkpt lat="45.769470000000005" lon="4.8144">
    <ele>170.32000000000002</ele>
   </trkpt>
   <trkpt lat="45.76892" lon="4.81473">
    <ele>165.64000000000001</ele>
   </trkpt>
   <trkpt lat="45.76888" lon="4.8146700000000004">
    <ele>165.54000000000002</ele>
   </trkpt>
   <trkpt lat="45.76865" lon="4.814850000000001">
    <ele>165.55</ele>
   </trkpt>
   <trkpt lat="45.768510000000006" lon="4.81498">
    <ele>165.52</ele>
   </trkpt>
   <trkpt lat="45.76823" lon="4.81538">
    <ele>165.48000000000002</ele>
   </trkpt>
   <trkpt lat="45.76796" lon="4.81595">
    <ele>165.5</ele>
   </trkpt>
   <trkpt lat="45.7677800020044" lon="4.816630002241418">
    <ele>165.49</ele>
   </trkpt>
   <trkpt lat="45.7676" lon="4.81731">
    <ele>165.49</ele>
   </trkpt>
   <trkpt lat="45.76751" lon="4.81787">
    <ele>165.42000000000002</ele>
   </trkpt>
   <trkpt lat="45.767540000000004" lon="4.81792">
    <ele>165.42000000000002</ele>
   </trkpt>
   <trkpt lat="45.767480000000006" lon="4.818370000000001">
    <ele>167.26000000000002</ele>
   </trkpt>
   <trkpt lat="45.767480000000006" lon="4.81853">
    <ele>167.59</ele>
   </trkpt>
   <trkpt lat="45.767610000000005" lon="4.81853">
    <ele>170.11</ele>
   </trkpt>
   <trkpt lat="45.76765" lon="4.81902">
    <ele>170.22</ele>
   </trkpt>
   <trkpt lat="45.76821" lon="4.818980000000001">
    <ele>172.99</ele>
   </trkpt>
   <trkpt lat="45.76829" lon="4.81899">
    <ele>175.77</ele>
   </trkpt>
   <trkpt lat="45.7683" lon="4.818960000000001">
    <ele>175.77</ele>
   </trkpt>
   <trkpt lat="45.76845" lon="4.81899">
    <ele>184.66000000000003</ele>
   </trkpt>
   <trkpt lat="45.768460000000005" lon="4.818960000000001">
    <ele>184.66000000000003</ele>
   </trkpt>
   <trkpt lat="45.768480000000004" lon="4.81897">
    <ele>184.66000000000003</ele>
   </trkpt>
   <trkpt lat="45.76845" lon="4.819500000000001">
    <ele>196.42000000000002</ele>
   </trkpt>
   <trkpt lat="45.76845" lon="4.81953">
    <ele>196.42000000000002</ele>
   </trkpt>
   <trkpt lat="45.768530000000005" lon="4.8195500000000004">
    <ele>199.01000000000002</ele>
   </trkpt>
   <trkpt lat="45.76859" lon="4.819450000000001">
    <ele>200.74000000000004</ele>
   </trkpt>
   <trkpt lat="45.76881" lon="4.81934">
    <ele>213.63000000000002</ele>
   </trkpt>
   <trkpt lat="45.76879" lon="4.81916">
    <ele>213.86</ele>
   </trkpt>
   <trkpt lat="45.76887000000001" lon="4.818650000000001">
    <ele>214.68</ele>
   </trkpt>
   <trkpt lat="45.76894" lon="4.81867">
    <ele>214.68</ele>
   </trkpt>
   <trkpt lat="45.769055002438314" lon="4.817915001871719">
    <ele>214.54</ele>
   </trkpt>
   <trkpt lat="45.76917" lon="4.81716">
    <ele>214.25000000000003</ele>
   </trkpt>
   <trkpt lat="45.76921" lon="4.817080000000001">
    <ele>214.13000000000002</ele>
   </trkpt>
   <trkpt lat="45.76925000000001" lon="4.817030000000001">
    <ele>214.13000000000002</ele>
   </trkpt>
   <trkpt lat="45.76923" lon="4.81697">
    <ele>214.13000000000002</ele>
   </trkpt>
   <trkpt lat="45.76924" lon="4.81688">
    <ele>213.1</ele>
   </trkpt>
   <trkpt lat="45.76928" lon="4.816800000000001">
    <ele>213.1</ele>
   </trkpt>
   <trkpt lat="45.76984" lon="4.816280000000001">
    <ele>207.1</ele>
   </trkpt>
   <trkpt lat="45.76979" lon="4.816140000000001">
    <ele>205.15000000000003</ele>
   </trkpt>
   <trkpt lat="45.76988" lon="4.81608">
    <ele>204.40000000000003</ele>
   </trkpt>
   <trkpt lat="45.769920000000006" lon="4.81595">
    <ele>203.94</ele>
   </trkpt>
   <trkpt lat="45.769920000000006" lon="4.8158">
    <ele>203.62000000000003</ele>
   </trkpt>
   <trkpt lat="45.76995" lon="4.81569">
    <ele>203.5</ele>
   </trkpt>
   <trkpt lat="45.77008000000001" lon="4.815510000000001">
    <ele>202.57000000000002</ele>
   </trkpt>
   <trkpt lat="45.77035" lon="4.8153500000000005">
    <ele>197.8</ele>
   </trkpt>
   <trkpt lat="45.770450000000004" lon="4.815720000000001">
    <ele>207.07</ele>
   </trkpt>
   <trkpt lat="45.77098" lon="4.81569">
    <ele>211.96</ele>
   </trkpt>
   <trkpt lat="45.770990000000005" lon="4.81545">
    <ele>207.68</ele>
   </trkpt>
   <trkpt lat="45.77084000000001" lon="4.81534">
    <ele>203.61</ele>
   </trkpt>
   <trkpt lat="45.77098" lon="4.81531">
    <ele>203.70000000000002</ele>
   </trkpt>
   <trkpt lat="45.77113000000001" lon="4.81578">
    <ele>214.75000000000003</ele>
   </trkpt>
   <trkpt lat="45.77111000000001" lon="4.8159600000000005">
    <ele>218.51000000000002</ele>
   </trkpt>
   <trkpt lat="45.770720000000004" lon="4.8158900000000004">
    <ele>210.25000000000003</ele>
   </trkpt>
   <trkpt lat="45.770160000000004" lon="4.81602">
    <ele>206.32</ele>
   </trkpt>
   <trkpt lat="45.770720000000004" lon="4.8158900000000004">
    <ele>212.93</ele>
   </trkpt>
   <trkpt lat="45.771300000000004" lon="4.816000000000001">
    <ele>217.24</ele>
   </trkpt>
   <trkpt lat="45.77138" lon="4.81599">
    <ele>217.91000000000003</ele>
   </trkpt>
   <trkpt lat="45.771800000000006" lon="4.815810000000001">
    <ele>218.34</ele>
   </trkpt>
   <trkpt lat="45.771910000000005" lon="4.81582">
    <ele>218.18</ele>
   </trkpt>
   <trkpt lat="45.77196000000001" lon="4.815720000000001">
    <ele>217.51</ele>
   </trkpt>
   <trkpt lat="45.772000000000006" lon="4.81568">
    <ele>217.51</ele>
   </trkpt>
   <trkpt lat="45.77206" lon="4.815670000000001">
    <ele>216.81000000000003</ele>
   </trkpt>
   <trkpt lat="45.77232" lon="4.81576">
    <ele>215.11</ele>
   </trkpt>
   <trkpt lat="45.77263000000001" lon="4.8158">
    <ele>213.74</ele>
   </trkpt>
   <trkpt lat="45.77264" lon="4.815740000000001">
    <ele>213.74</ele>
   </trkpt>
   <trkpt lat="45.772740000000006" lon="4.815650000000001">
    <ele>207.5</ele>
   </trkpt>
   <trkpt lat="45.772740000000006" lon="4.81541">
    <ele>199.0</ele>
   </trkpt>
   <trkpt lat="45.772760000000005" lon="4.81536">
    <ele>198.94</ele>
   </trkpt>
   <trkpt lat="45.772760000000005" lon="4.8152800000000004">
    <ele>198.0</ele>
   </trkpt>
   <trkpt lat="45.77286" lon="4.8152800000000004">
    <ele>195.13000000000002</ele>
   </trkpt>
   <trkpt lat="45.77322" lon="4.815060000000001">
    <ele>187.25000000000003</ele>
   </trkpt>
   <trkpt lat="45.77333" lon="4.814970000000001">
    <ele>185.4</ele>
   </trkpt>
   <trkpt lat="45.773410000000005" lon="4.814830000000001">
    <ele>182.54</ele>
   </trkpt>
   <trkpt lat="45.773410000000005" lon="4.814780000000001">
    <ele>182.54</ele>
   </trkpt>
   <trkpt lat="45.77342" lon="4.814760000000001">
    <ele>182.49</ele>
   </trkpt>
   <trkpt lat="45.774080000000005" lon="4.814430000000001">
    <ele>178.42000000000002</ele>
   </trkpt>
   <trkpt lat="45.77411" lon="4.814360000000001">
    <ele>178.42000000000002</ele>
   </trkpt>
   <trkpt lat="45.77413000000001" lon="4.81419">
    <ele>177.81000000000003</ele>
   </trkpt>
   <trkpt lat="45.77423" lon="4.814170000000001">
    <ele>178.58</ele>
   </trkpt>
   <trkpt lat="45.774350000000005" lon="4.814310000000001">
    <ele>182.84</ele>
   </trkpt>
   <trkpt lat="45.774440000000006" lon="4.81435">
    <ele>183.03000000000003</ele>
   </trkpt>
   <trkpt lat="45.774550000000005" lon="4.81432">
    <ele>182.75000000000003</ele>
   </trkpt>
   <trkpt lat="45.774660000000004" lon="4.81418">
    <ele>181.39000000000001</ele>
   </trkpt>
   <trkpt lat="45.77472" lon="4.81397">
    <ele>179.25000000000003</ele>
   </trkpt>
   <trkpt lat="45.774770000000004" lon="4.813680000000001">
    <ele>176.63</ele>
   </trkpt>
   <trkpt lat="45.774750000000004" lon="4.81336">
    <ele>174.29</ele>
   </trkpt>
   <trkpt lat="45.774750000000004" lon="4.813350000000001">
    <ele>178.87</ele>
   </trkpt>
   <trkpt lat="45.77501" lon="4.813070000000001">
    <ele>180.97000000000003</ele>
   </trkpt>
   <trkpt lat="45.77507000000001" lon="4.813280000000001">
    <ele>174.64000000000001</ele>
   </trkpt>
   <trkpt lat="45.77485" lon="4.81346">
    <ele>175.57</ele>
   </trkpt>
   <trkpt lat="45.77483" lon="4.813540000000001">
    <ele>175.82</ele>
   </trkpt>
   <trkpt lat="45.774890000000006" lon="4.813750000000001">
    <ele>177.03000000000003</ele>
   </trkpt>
   <trkpt lat="45.7749" lon="4.8139">
    <ele>178.79</ele>
   </trkpt>
   <trkpt lat="45.77483" lon="4.814100000000001">
    <ele>179.59000000000003</ele>
   </trkpt>
   <trkpt lat="45.77478000000001" lon="4.814170000000001">
    <ele>180.87</ele>
   </trkpt>
   <trkpt lat="45.77454" lon="4.8144">
    <ele>183.86</ele>
   </trkpt>
   <trkpt lat="45.774530000000006" lon="4.81444">
    <ele>183.86</ele>
   </trkpt>
   <trkpt lat="45.774550000000005" lon="4.81447">
    <ele>183.86</ele>
   </trkpt>
   <trkpt lat="45.77488" lon="4.81447">
    <ele>186.92</ele>
   </trkpt>
   <trkpt lat="45.77508" lon="4.814520000000001">
    <ele>190.36</ele>
   </trkpt>
   <trkpt lat="45.77534000000001" lon="4.814500000000001">
    <ele>193.45000000000002</ele>
   </trkpt>
   <trkpt lat="45.775400000000005" lon="4.81458">
    <ele>193.99</ele>
   </trkpt>
   <trkpt lat="45.77541" lon="4.81463">
    <ele>195.45000000000002</ele>
   </trkpt>
   <trkpt lat="45.77539" lon="4.81468">
    <ele>195.45000000000002</ele>
   </trkpt>
   <trkpt lat="45.77472" lon="4.81493">
    <ele>202.11</ele>
   </trkpt>
   <trkpt lat="45.77456" lon="4.814920000000001">
    <ele>202.11</ele>
   </trkpt>
   <trkpt lat="45.77436" lon="4.81501">
    <ele>204.16</ele>
   </trkpt>
   <trkpt lat="45.7742" lon="4.815130000000001">
    <ele>205.81</ele>
   </trkpt>
   <trkpt lat="45.77423" lon="4.815230000000001">
    <ele>205.92000000000002</ele>
   </trkpt>
   <trkpt lat="45.77431000000001" lon="4.815230000000001">
    <ele>205.95000000000002</ele>
   </trkpt>
   <trkpt lat="45.774350000000005" lon="4.81514">
    <ele>205.08</ele>
   </trkpt>
   <trkpt lat="45.774420000000006" lon="4.8151">
    <ele>205.08</ele>
   </trkpt>
   <trkpt lat="45.77479" lon="4.81508">
    <ele>205.95000000000002</ele>
   </trkpt>
   <trkpt lat="45.775470000000006" lon="4.81515">
    <ele>212.63</ele>
   </trkpt>
   <trkpt lat="45.77539" lon="4.81522">
    <ele>215.63000000000002</ele>
   </trkpt>
   <trkpt lat="45.77525000000001" lon="4.81526">
    <ele>218.36</ele>
   </trkpt>
   <trkpt lat="45.775490000000005" lon="4.815530000000001">
    <ele>222.70000000000002</ele>
   </trkpt>
   <trkpt lat="45.775650000000006" lon="4.8158">
    <ele>224.76000000000002</ele>
   </trkpt>
   <trkpt lat="45.77577" lon="4.816190000000001">
    <ele>228.33</ele>
   </trkpt>
   <trkpt lat="45.77564" lon="4.81608">
    <ele>230.86</ele>
   </trkpt>
   <trkpt lat="45.775510000000004" lon="4.81606">
    <ele>232.08</ele>
   </trkpt>
   <trkpt lat="45.77532" lon="4.816330000000001">
    <ele>236.05</ele>
   </trkpt>
   <trkpt lat="45.77499" lon="4.81653">
    <ele>236.95000000000002</ele>
   </trkpt>
   <trkpt lat="45.7751" lon="4.8169200000000005">
    <ele>237.33</ele>
   </trkpt>
   <trkpt lat="45.774930000000005" lon="4.817010000000001">
    <ele>237.72</ele>
   </trkpt>
   <trkpt lat="45.77485" lon="4.8171800000000005">
    <ele>237.72</ele>
   </trkpt>
   <trkpt lat="45.7749" lon="4.81733">
    <ele>237.96000000000004</ele>
   </trkpt>
   <trkpt lat="45.7751" lon="4.817760000000001">
    <ele>239.11</ele>
   </trkpt>
   <trkpt lat="45.77525000000001" lon="4.81785">
    <ele>239.57000000000002</ele>
   </trkpt>
   <trkpt lat="45.77532" lon="4.81798">
    <ele>239.90000000000003</ele>
   </trkpt>
   <trkpt lat="45.775290000000005" lon="4.81801">
    <ele>239.77</ele>
   </trkpt>
   <trkpt lat="45.775290000000005" lon="4.81803">
    <ele>239.77</ele>
   </trkpt>
   <trkpt lat="45.775490000000005" lon="4.817810000000001">
    <ele>239.52</ele>
   </trkpt>
   <trkpt lat="45.77548" lon="4.8177900000000005">
    <ele>239.52</ele>
   </trkpt>
   <trkpt lat="45.77589500106711" lon="4.817295003685708">
    <ele>239.26000000000002</ele>
   </trkpt>
   <trkpt lat="45.77631" lon="4.816800000000001">
    <ele>239.31000000000003</ele>
   </trkpt>
   <trkpt lat="45.776500000000006" lon="4.816400000000001">
    <ele>239.03</ele>
   </trkpt>
   <trkpt lat="45.77656" lon="4.81632">
    <ele>239.03</ele>
   </trkpt>
   <trkpt lat="45.77656" lon="4.815300000000001">
    <ele>233.55</ele>
   </trkpt>
   <trkpt lat="45.77642" lon="4.81447">
    <ele>233.79000000000002</ele>
   </trkpt>
   <trkpt lat="45.776430000000005" lon="4.8144100000000005">
    <ele>233.79000000000002</ele>
   </trkpt>
   <trkpt lat="45.77662" lon="4.814050000000001">
    <ele>233.62</ele>
   </trkpt>
   <trkpt lat="45.77694" lon="4.81376">
    <ele>233.12</ele>
   </trkpt>
   <trkpt lat="45.777300000000004" lon="4.81336">
    <ele>233.5</ele>
   </trkpt>
   <trkpt lat="45.77736" lon="4.81343">
    <ele>233.52</ele>
   </trkpt>
   <trkpt lat="45.77751000000001" lon="4.8133300000000006">
    <ele>234.20000000000002</ele>
   </trkpt>
   <trkpt lat="45.777590000000004" lon="4.81336">
    <ele>234.29000000000002</ele>
   </trkpt>
   <trkpt lat="45.77778000000001" lon="4.81353">
    <ele>234.19</ele>
   </trkpt>
   <trkpt lat="45.778020000000005" lon="4.8138700000000005">
    <ele>234.32000000000002</ele>
   </trkpt>
   <trkpt lat="45.77805" lon="4.813890000000001">
    <ele>234.32000000000002</ele>
   </trkpt>
   <trkpt lat="45.778020000000005" lon="4.81397">
    <ele>234.45000000000002</ele>
   </trkpt>
   <trkpt lat="45.778000000000006" lon="4.81493">
    <ele>234.78</ele>
   </trkpt>
   <trkpt lat="45.77819" lon="4.81524">
    <ele>235.03</ele>
   </trkpt>
   <trkpt lat="45.77819" lon="4.815580000000001">
    <ele>235.66</ele>
   </trkpt>
   <trkpt lat="45.77823" lon="4.8159">
    <ele>236.52</ele>
   </trkpt>
   <trkpt lat="45.778600000000004" lon="4.81585">
    <ele>237.0</ele>
   </trkpt>
   <trkpt lat="45.778600000000004" lon="4.815860000000001">
    <ele>237.0</ele>
   </trkpt>
   <trkpt lat="45.778850000000006" lon="4.81585">
    <ele>237.18000000000004</ele>
   </trkpt>
   <trkpt lat="45.778850000000006" lon="4.81583">
    <ele>237.24</ele>
   </trkpt>
   <trkpt lat="45.779090000000004" lon="4.81583">
    <ele>237.26000000000002</ele>
   </trkpt>
   <trkpt lat="45.779120000000006" lon="4.815810000000001">
    <ele>237.26000000000002</ele>
   </trkpt>
   <trkpt lat="45.77958" lon="4.815840000000001">
    <ele>237.26000000000002</ele>
   </trkpt>
   <trkpt lat="45.779590000000006" lon="4.81583">
    <ele>237.26000000000002</ele>
   </trkpt>
   <trkpt lat="45.77962" lon="4.8158">
    <ele>237.27</ele>
   </trkpt>
   <trkpt lat="45.77971" lon="4.8158">
    <ele>236.92000000000002</ele>
   </trkpt>
   <trkpt lat="45.779765004631635" lon="4.814770000935538">
    <ele>233.68000000000004</ele>
   </trkpt>
   <trkpt lat="45.77982" lon="4.81374">
    <ele>232.33</ele>
   </trkpt>
   <trkpt lat="45.779830000000004" lon="4.81282">
    <ele>196.84</ele>
   </trkpt>
   <trkpt lat="45.78029" lon="4.812950000000001">
    <ele>194.54000000000002</ele>
   </trkpt>
   <trkpt lat="45.780480000000004" lon="4.81296">
    <ele>193.69000000000003</ele>
   </trkpt>
   <trkpt lat="45.7811" lon="4.8131">
    <ele>185.66000000000003</ele>
   </trkpt>
   <trkpt lat="45.78061" lon="4.81266">
    <ele>179.67000000000002</ele>
   </trkpt>
   <trkpt lat="45.780620000000006" lon="4.81263">
    <ele>179.67000000000002</ele>
   </trkpt>
   <trkpt lat="45.78114" lon="4.812830000000001">
    <ele>176.39000000000001</ele>
   </trkpt>
   <trkpt lat="45.781200000000005" lon="4.81273">
    <ele>169.35</ele>
   </trkpt>
   <trkpt lat="45.78126" lon="4.812550000000001">
    <ele>171.52</ele>
   </trkpt>
   <trkpt lat="45.78146" lon="4.8127200000000006">
    <ele>172.76000000000002</ele>
   </trkpt>
   <trkpt lat="45.78157" lon="4.81292">
    <ele>174.96</ele>
   </trkpt>
   <trkpt lat="45.781985000732135" lon="4.813359996605772">
    <ele>180.47000000000003</ele>
   </trkpt>
   <trkpt lat="45.7824" lon="4.8138000000000005">
    <ele>184.78000000000003</ele>
   </trkpt>
   <trkpt lat="45.782430000000005" lon="4.813980000000001">
    <ele>186.74</ele>
   </trkpt>
   <trkpt lat="45.78231" lon="4.814570000000001">
    <ele>191.55</ele>
   </trkpt>
   <trkpt lat="45.78233" lon="4.81473">
    <ele>191.55</ele>
   </trkpt>
   <trkpt lat="45.78239000000001" lon="4.81484">
    <ele>197.58</ele>
   </trkpt>
   <trkpt lat="45.78239000000001" lon="4.81489">
    <ele>197.58</ele>
   </trkpt>
   <trkpt lat="45.782230000000006" lon="4.81494">
    <ele>197.58</ele>
   </trkpt>
   <trkpt lat="45.78195" lon="4.81486">
    <ele>204.09</ele>
   </trkpt>
   <trkpt lat="45.7819" lon="4.81491">
    <ele>204.09</ele>
   </trkpt>
   <trkpt lat="45.78188" lon="4.81498">
    <ele>205.54000000000002</ele>
   </trkpt>
   <trkpt lat="45.78213" lon="4.815670000000001">
    <ele>214.06000000000003</ele>
   </trkpt>
   <trkpt lat="45.78246" lon="4.816140000000001">
    <ele>220.4</ele>
   </trkpt>
   <trkpt lat="45.782540000000004" lon="4.8163100000000005">
    <ele>221.43</ele>
   </trkpt>
   <trkpt lat="45.78258" lon="4.8165000000000004">
    <ele>224.88000000000002</ele>
   </trkpt>
   <trkpt lat="45.78258" lon="4.8167100000000005">
    <ele>224.88000000000002</ele>
   </trkpt>
   <trkpt lat="45.782540000000004" lon="4.817130000000001">
    <ele>228.43</ele>
   </trkpt>
   <trkpt lat="45.782140000000005" lon="4.81782">
    <ele>234.73000000000002</ele>
   </trkpt>
   <trkpt lat="45.78210000000001" lon="4.81808">
    <ele>237.10000000000002</ele>
   </trkpt>
   <trkpt lat="45.782120000000006" lon="4.818230000000001">
    <ele>237.10000000000002</ele>
   </trkpt>
   <trkpt lat="45.782180000000004" lon="4.818300000000001">
    <ele>237.78</ele>
   </trkpt>
   <trkpt lat="45.78226" lon="4.8183300000000004">
    <ele>238.28</ele>
   </trkpt>
   <trkpt lat="45.782970000000006" lon="4.8180700000000005">
    <ele>239.06000000000003</ele>
   </trkpt>
   <trkpt lat="45.783460000000005" lon="4.817880000000001">
    <ele>238.61</ele>
   </trkpt>
   <trkpt lat="45.78352" lon="4.817880000000001">
    <ele>238.61</ele>
   </trkpt>
   <trkpt lat="45.78360000000001" lon="4.81794">
    <ele>238.61</ele>
   </trkpt>
   <trkpt lat="45.783620000000006" lon="4.81803">
    <ele>238.57000000000002</ele>
   </trkpt>
   <trkpt lat="45.783590000000004" lon="4.8190800000000005">
    <ele>238.95000000000002</ele>
   </trkpt>
   <trkpt lat="45.783565003049766" lon="4.819915000084661">
    <ele>239.23000000000002</ele>
   </trkpt>
   <trkpt lat="45.78354" lon="4.82075">
    <ele>239.59000000000003</ele>
   </trkpt>
   <trkpt lat="45.78358" lon="4.820760000000001">
    <ele>239.6</ele>
   </trkpt>
   <trkpt lat="45.78363" lon="4.820760000000001">
    <ele>239.6</ele>
   </trkpt>
   <trkpt lat="45.784040000000005" lon="4.820790000000001">
    <ele>239.24</ele>
   </trkpt>
   <trkpt lat="45.78407000000001" lon="4.82085">
    <ele>239.24</ele>
   </trkpt>
   <trkpt lat="45.78428" lon="4.82087">
    <ele>239.24</ele>
   </trkpt>
   <trkpt lat="45.7843" lon="4.82118">
    <ele>239.24</ele>
   </trkpt>
   <trkpt lat="45.78434" lon="4.82131">
    <ele>239.47</ele>
   </trkpt>
   <trkpt lat="45.78435" lon="4.82162">
    <ele>239.69</ele>
   </trkpt>
   <trkpt lat="45.78435500300389" lon="4.822449999778389">
    <ele>241.66</ele>
   </trkpt>
   <trkpt lat="45.78436000000001" lon="4.8232800000000005">
    <ele>246.91000000000003</ele>
   </trkpt>
   <trkpt lat="45.78434" lon="4.82334">
    <ele>246.91000000000003</ele>
   </trkpt>
   <trkpt lat="45.78435" lon="4.82361">
    <ele>248.01</ele>
   </trkpt>
   <trkpt lat="45.784980000387776" lon="4.823403337999477">
    <ele>245.76000000000002</ele>
   </trkpt>
   <trkpt lat="45.78561000040296" lon="4.8231966713278975">
    <ele>243.01000000000002</ele>
   </trkpt>
   <trkpt lat="45.78624000000001" lon="4.822990000000001">
    <ele>239.6</ele>
   </trkpt>
   <trkpt lat="45.78645" lon="4.82312">
    <ele>236.27</ele>
   </trkpt>
   <trkpt lat="45.78663" lon="4.823300000000001">
    <ele>233.12</ele>
   </trkpt>
   <trkpt lat="45.786910000000006" lon="4.823720000000001">
    <ele>224.63000000000002</ele>
   </trkpt>
   <trkpt lat="45.787180000000006" lon="4.82397">
    <ele>217.05</ele>
   </trkpt>
   <trkpt lat="45.787220000000005" lon="4.82406">
    <ele>215.34000000000003</ele>
   </trkpt>
   <trkpt lat="45.787220000000005" lon="4.82413">
    <ele>215.34000000000003</ele>
   </trkpt>
   <trkpt lat="45.787110000000006" lon="4.82441">
    <ele>208.66</ele>
   </trkpt>
   <trkpt lat="45.78716000000001" lon="4.824590000000001">
    <ele>207.85</ele>
   </trkpt>
   <trkpt lat="45.78721" lon="4.82462">
    <ele>207.09000000000003</ele>
   </trkpt>
   <trkpt lat="45.787220000000005" lon="4.82469">
    <ele>205.82000000000002</ele>
   </trkpt>
   <trkpt lat="45.78728" lon="4.8247800000000005">
    <ele>204.88</ele>
   </trkpt>
   <trkpt lat="45.78734" lon="4.824820000000001">
    <ele>204.88</ele>
   </trkpt>
   <trkpt lat="45.78739" lon="4.82481">
    <ele>204.07000000000002</ele>
   </trkpt>
   <trkpt lat="45.787470000000006" lon="4.82462">
    <ele>197.61</ele>
   </trkpt>
   <trkpt lat="45.787530000000004" lon="4.82458">
    <ele>197.61</ele>
   </trkpt>
   <trkpt lat="45.78782" lon="4.82453">
    <ele>189.60000000000002</ele>
   </trkpt>
   <trkpt lat="45.787780000000005" lon="4.82441">
    <ele>189.56</ele>
   </trkpt>
   <trkpt lat="45.787600000000005" lon="4.824210000000001">
    <ele>189.63000000000002</ele>
   </trkpt>
   <trkpt lat="45.787650000000006" lon="4.82411">
    <ele>188.00000000000003</ele>
   </trkpt>
   <trkpt lat="45.78764" lon="4.823910000000001">
    <ele>185.86</ele>
   </trkpt>
   <trkpt lat="45.78748" lon="4.823530000000001">
    <ele>184.61</ele>
   </trkpt>
   <trkpt lat="45.787310000000005" lon="4.82284">
    <ele>183.46</ele>
   </trkpt>
   <trkpt lat="45.787380000000006" lon="4.822570000000001">
    <ele>181.00000000000003</ele>
   </trkpt>
   <trkpt lat="45.787420000000004" lon="4.822590000000001">
    <ele>181.00000000000003</ele>
   </trkpt>
   <trkpt lat="45.7875" lon="4.82258">
    <ele>176.91</ele>
   </trkpt>
   <trkpt lat="45.787530000000004" lon="4.82249">
    <ele>176.91</ele>
   </trkpt>
   <trkpt lat="45.78779" lon="4.82244">
    <ele>172.82</ele>
   </trkpt>
   <trkpt lat="45.788263340079006" lon="4.823319985036538">
    <ele>172.18000000000004</ele>
   </trkpt>
   <trkpt lat="45.78873667340276" lon="4.824199985018488">
    <ele>172.46</ele>
   </trkpt>
   <trkpt lat="45.789210000000004" lon="4.825080000000001">
    <ele>173.20000000000002</ele>
   </trkpt>
   <trkpt lat="45.789530000000006" lon="4.825710000000001">
    <ele>175.02</ele>
   </trkpt>
   <trkpt lat="45.79003" lon="4.82639">
    <ele>176.62000000000003</ele>
   </trkpt>
   <trkpt lat="45.790040000000005" lon="4.82648">
    <ele>176.62000000000003</ele>
   </trkpt>
   <trkpt lat="45.78996" lon="4.82662">
    <ele>176.94</ele>
   </trkpt>
   <trkpt lat="45.789950000000005" lon="4.82673">
    <ele>177.14000000000001</ele>
   </trkpt>
   <trkpt lat="45.78998000000001" lon="4.826790000000001">
    <ele>177.14000000000001</ele>
   </trkpt>
   <trkpt lat="45.790060000000004" lon="4.826890000000001">
    <ele>177.13</ele>
   </trkpt>
   <trkpt lat="45.79058500144558" lon="4.827454994735321">
    <ele>176.77</ele>
   </trkpt>
   <trkpt lat="45.79111" lon="4.82802">
    <ele>177.03000000000003</ele>
   </trkpt>
   <trkpt lat="45.79115" lon="4.82803">
    <ele>176.75000000000003</ele>
   </trkpt>
   <trkpt lat="45.791520000000006" lon="4.82835">
    <ele>176.61</ele>
   </trkpt>
   <trkpt lat="45.791610000000006" lon="4.828390000000001">
    <ele>176.6</ele>
   </trkpt>
   <trkpt lat="45.79173" lon="4.828390000000001">
    <ele>176.49</ele>
   </trkpt>
   <trkpt lat="45.79198" lon="4.82835">
    <ele>175.95000000000002</ele>
   </trkpt>
   <trkpt lat="45.79215000000001" lon="4.828390000000001">
    <ele>175.88</ele>
   </trkpt>
   <trkpt lat="45.792840000000005" lon="4.82866">
    <ele>175.98000000000002</ele>
   </trkpt>
   <trkpt lat="45.792950000000005" lon="4.828670000000001">
    <ele>175.99</ele>
   </trkpt>
   <trkpt lat="45.79307000000001" lon="4.82864">
    <ele>175.72</ele>
   </trkpt>
   <trkpt lat="45.793510000000005" lon="4.828460000000001">
    <ele>176.1</ele>
   </trkpt>
   <trkpt lat="45.793820000000004" lon="4.8287700000000005">
    <ele>178.68</ele>
   </trkpt>
   <trkpt lat="45.79397" lon="4.82878">
    <ele>179.22000000000003</ele>
   </trkpt>
   <trkpt lat="45.794000000000004" lon="4.8289">
    <ele>180.67000000000002</ele>
   </trkpt>
   <trkpt lat="45.79426" lon="4.82946">
    <ele>184.73</ele>
   </trkpt>
   <trkpt lat="45.7937" lon="4.829370000000001">
    <ele>189.59</ele>
   </trkpt>
   <trkpt lat="45.7929" lon="4.82992">
    <ele>206.03</ele>
   </trkpt>
   <trkpt lat="45.792680000000004" lon="4.8299900000000004">
    <ele>209.67000000000002</ele>
   </trkpt>
   <trkpt lat="45.792350000000006" lon="4.83023">
    <ele>216.04</ele>
   </trkpt>
   <trkpt lat="45.79215000000001" lon="4.830290000000001">
    <ele>220.11</ele>
   </trkpt>
   <trkpt lat="45.7916" lon="4.83033">
    <ele>226.78</ele>
   </trkpt>
   <trkpt lat="45.79111" lon="4.8303">
    <ele>234.24000000000004</ele>
   </trkpt>
   <trkpt lat="45.79084" lon="4.830240000000001">
    <ele>237.06</ele>
   </trkpt>
   <trkpt lat="45.790670000000006" lon="4.8302700000000005">
    <ele>240.26000000000002</ele>
   </trkpt>
   <trkpt lat="45.79063000000001" lon="4.83032">
    <ele>240.26000000000002</ele>
   </trkpt>
   <trkpt lat="45.790470000000006" lon="4.830760000000001">
    <ele>245.37000000000003</ele>
   </trkpt>
   <trkpt lat="45.790580000000006" lon="4.8308">
    <ele>245.47000000000003</ele>
   </trkpt>
   <trkpt lat="45.79074000000001" lon="4.8309500000000005">
    <ele>245.4</ele>
   </trkpt>
   <trkpt lat="45.791030000000006" lon="4.831180000000001">
    <ele>244.88</ele>
   </trkpt>
   <trkpt lat="45.79113" lon="4.8312800000000005">
    <ele>244.88</ele>
   </trkpt>
   <trkpt lat="45.79135" lon="4.831650000000001">
    <ele>244.29</ele>
   </trkpt>
   <trkpt lat="45.79193499999123" lon="4.831789998507947">
    <ele>243.05</ele>
   </trkpt>
   <trkpt lat="45.79252" lon="4.831930000000001">
    <ele>239.70000000000002</ele>
   </trkpt>
   <trkpt lat="45.79256" lon="4.83197">
    <ele>239.70000000000002</ele>
   </trkpt>
   <trkpt lat="45.79256" lon="4.8320300000000005">
    <ele>238.52</ele>
   </trkpt>
   <trkpt lat="45.792460000000005" lon="4.83251">
    <ele>236.99</ele>
   </trkpt>
   <trkpt lat="45.792300000000004" lon="4.8331800000000005">
    <ele>235.22</ele>
   </trkpt>
   <trkpt lat="45.79207" lon="4.83399">
    <ele>237.39000000000001</ele>
   </trkpt>
   <trkpt lat="45.792015001818186" lon="4.834630000263321">
    <ele>238.17000000000002</ele>
   </trkpt>
   <trkpt lat="45.79196" lon="4.83527">
    <ele>238.25</ele>
   </trkpt>
   <trkpt lat="45.79189" lon="4.835920000000001">
    <ele>239.36</ele>
   </trkpt>
   <trkpt lat="45.79186000000001" lon="4.835920000000001">
    <ele>239.44</ele>
   </trkpt>
   <trkpt lat="45.791810000000005" lon="4.836180000000001">
    <ele>239.92000000000002</ele>
   </trkpt>
   <trkpt lat="45.79177000000001" lon="4.83673">
    <ele>241.39000000000001</ele>
   </trkpt>
   <trkpt lat="45.79175" lon="4.8369">
    <ele>241.39000000000001</ele>
   </trkpt>
   <trkpt lat="45.791700000000006" lon="4.837090000000001">
    <ele>242.44</ele>
   </trkpt>
   <trkpt lat="45.7916" lon="4.83734">
    <ele>242.89000000000001</ele>
   </trkpt>
   <trkpt lat="45.791560000000004" lon="4.83736">
    <ele>242.94000000000003</ele>
   </trkpt>
   <trkpt lat="45.79151" lon="4.837490000000001">
    <ele>243.08</ele>
   </trkpt>
   <trkpt lat="45.79153" lon="4.83751">
    <ele>243.08</ele>
   </trkpt>
   <trkpt lat="45.79151" lon="4.83757">
    <ele>243.17000000000002</ele>
   </trkpt>
   <trkpt lat="45.79115" lon="4.83837">
    <ele>245.03000000000003</ele>
   </trkpt>
   <trkpt lat="45.79082500171117" lon="4.838990003549369">
    <ele>246.77</ele>
   </trkpt>
   <trkpt lat="45.7905" lon="4.83961">
    <ele>248.54</ele>
   </trkpt>
   <trkpt lat="45.790530000000004" lon="4.839650000000001">
    <ele>248.54</ele>
   </trkpt>
   <trkpt lat="45.790490000000005" lon="4.839720000000001">
    <ele>248.71</ele>
   </trkpt>
   <trkpt lat="45.790530000000004" lon="4.83978">
    <ele>248.76</ele>
   </trkpt>
   <trkpt lat="45.7905" lon="4.83985">
    <ele>248.98</ele>
   </trkpt>
   <trkpt lat="45.79086000090429" lon="4.840319996886921">
    <ele>249.07000000000002</ele>
   </trkpt>
   <trkpt lat="45.79122" lon="4.84079">
    <ele>249.21</ele>
   </trkpt>
   <trkpt lat="45.79119" lon="4.840920000000001">
    <ele>249.28000000000003</ele>
   </trkpt>
   <trkpt lat="45.791230000000006" lon="4.84095">
    <ele>249.34000000000003</ele>
   </trkpt>
   <trkpt lat="45.79097" lon="4.842040000000001">
    <ele>252.45</ele>
   </trkpt>
   <trkpt lat="45.790870000000005" lon="4.8424000000000005">
    <ele>254.53000000000003</ele>
   </trkpt>
   <trkpt lat="45.79084" lon="4.842630000000001">
    <ele>255.36</ele>
   </trkpt>
   <trkpt lat="45.790870000000005" lon="4.84267">
    <ele>255.43000000000004</ele>
   </trkpt>
   <trkpt lat="45.790760000000006" lon="4.84328">
    <ele>256.08000000000004</ele>
   </trkpt>
   <trkpt lat="45.79073" lon="4.8437">
    <ele>256.02000000000004</ele>
   </trkpt>
   <trkpt lat="45.79074000000001" lon="4.84374">
    <ele>256.02000000000004</ele>
   </trkpt>
   <trkpt lat="45.79075" lon="4.843920000000001">
    <ele>256.87000000000006</ele>
   </trkpt>
   <trkpt lat="45.790780000000005" lon="4.843990000000001">
    <ele>259.72</ele>
   </trkpt>
   <trkpt lat="45.79122" lon="4.84464">
    <ele>260.57</ele>
   </trkpt>
   <trkpt lat="45.791430000000005" lon="4.84485">
    <ele>261.11</ele>
   </trkpt>
   <trkpt lat="45.79149" lon="4.8459900000000005">
    <ele>265.26</ele>
   </trkpt>
   <trkpt lat="45.79171" lon="4.84614">
    <ele>265.97999999999996</ele>
   </trkpt>
   <trkpt lat="45.79164" lon="4.846380000000001">
    <ele>266.36</ele>
   </trkpt>
   <trkpt lat="45.79169" lon="4.8465300000000004">
    <ele>267.24</ele>
   </trkpt>
   <trkpt lat="45.79168000000001" lon="4.8467">
    <ele>268.62</ele>
   </trkpt>
   <trkpt lat="45.79171" lon="4.8468100000000005">
    <ele>269.26</ele>
   </trkpt>
   <trkpt lat="45.79177000000001" lon="4.8468800000000005">
    <ele>269.59</ele>
   </trkpt>
   <trkpt lat="45.79186000000001" lon="4.84693">
    <ele>269.72</ele>
   </trkpt>
   <trkpt lat="45.791920000000005" lon="4.846920000000001">
    <ele>269.72</ele>
   </trkpt>
   <trkpt lat="45.792440000000006" lon="4.8471">
    <ele>271.25000000000006</ele>
   </trkpt>
   <trkpt lat="45.79251000000001" lon="4.84717">
    <ele>271.03000000000003</ele>
   </trkpt>
   <trkpt lat="45.79251000000001" lon="4.847180000000001">
    <ele>269.14000000000004</ele>
   </trkpt>
   <trkpt lat="45.792460000000005" lon="4.84755">
    <ele>272.71</ele>
   </trkpt>
   <trkpt lat="45.79234" lon="4.84801">
    <ele>274.46000000000004</ele>
   </trkpt>
   <trkpt lat="45.792260000000006" lon="4.84815">
    <ele>273.94</ele>
   </trkpt>
   <trkpt lat="45.79214" lon="4.84811">
    <ele>273.64000000000004</ele>
   </trkpt>
   <trkpt lat="45.79205" lon="4.84766">
    <ele>272.27</ele>
   </trkpt>
   <trkpt lat="45.791700000000006" lon="4.847580000000001">
    <ele>270.42</ele>
   </trkpt>
   <trkpt lat="45.79157000000001" lon="4.84773">
    <ele>270.16</ele>
   </trkpt>
   <trkpt lat="45.791560000000004" lon="4.847860000000001">
    <ele>270.26</ele>
   </trkpt>
   <trkpt lat="45.79126" lon="4.847860000000001">
    <ele>270.40000000000003</ele>
   </trkpt>
   <trkpt lat="45.79122" lon="4.847840000000001">
    <ele>270.40000000000003</ele>
   </trkpt>
   <trkpt lat="45.791180000000004" lon="4.847670000000001">
    <ele>268.66</ele>
   </trkpt>
   <trkpt lat="45.79119" lon="4.8474900000000005">
    <ele>267.79</ele>
   </trkpt>
   <trkpt lat="45.79135" lon="4.84712">
    <ele>268.15</ele>
   </trkpt>
   <trkpt lat="45.79101000000001" lon="4.847040000000001">
    <ele>266.31000000000006</ele>
   </trkpt>
   <trkpt lat="45.790760000000006" lon="4.84759">
    <ele>265.58000000000004</ele>
   </trkpt>
   <trkpt lat="45.79061" lon="4.847440000000001">
    <ele>263.67</ele>
   </trkpt>
   <trkpt lat="45.79028" lon="4.847460000000001">
    <ele>260.87000000000006</ele>
   </trkpt>
   <trkpt lat="45.790060000000004" lon="4.84794">
    <ele>260.14000000000004</ele>
   </trkpt>
   <trkpt lat="45.789840000000005" lon="4.84797">
    <ele>258.22</ele>
   </trkpt>
   <trkpt lat="45.78952" lon="4.847600000000001">
    <ele>255.76000000000005</ele>
   </trkpt>
   <trkpt lat="45.78947" lon="4.84759">
    <ele>255.28</ele>
   </trkpt>
   <trkpt lat="45.78945" lon="4.847530000000001">
    <ele>255.28</ele>
   </trkpt>
   <trkpt lat="45.78936" lon="4.84757">
    <ele>255.22</ele>
   </trkpt>
   <trkpt lat="45.789300000000004" lon="4.84658">
    <ele>252.9</ele>
   </trkpt>
   <trkpt lat="45.78924000000001" lon="4.8460600000000005">
    <ele>251.44</ele>
   </trkpt>
   <trkpt lat="45.78915000000001" lon="4.84558">
    <ele>250.65000000000003</ele>
   </trkpt>
   <trkpt lat="45.789100000000005" lon="4.845420000000001">
    <ele>250.56</ele>
   </trkpt>
   <trkpt lat="45.789060000000006" lon="4.845300000000001">
    <ele>250.5</ele>
   </trkpt>
   <trkpt lat="45.788850000000004" lon="4.84494">
    <ele>250.64000000000001</ele>
   </trkpt>
   <trkpt lat="45.78839000000001" lon="4.844250000000001">
    <ele>252.67</ele>
   </trkpt>
   <trkpt lat="45.787910000000004" lon="4.8432200000000005">
    <ele>252.25000000000003</ele>
   </trkpt>
   <trkpt lat="45.78754000113836" lon="4.843730003379885">
    <ele>244.00000000000003</ele>
   </trkpt>
   <trkpt lat="45.78717" lon="4.84424">
    <ele>240.22</ele>
   </trkpt>
   <trkpt lat="45.78705" lon="4.84435">
    <ele>240.03000000000003</ele>
   </trkpt>
   <trkpt lat="45.78663" lon="4.8449">
    <ele>232.5</ele>
   </trkpt>
   <trkpt lat="45.78660000000001" lon="4.84501">
    <ele>229.01000000000002</ele>
   </trkpt>
   <trkpt lat="45.78665" lon="4.845090000000001">
    <ele>229.01000000000002</ele>
   </trkpt>
   <trkpt lat="45.78680000000001" lon="4.84522">
    <ele>225.17000000000002</ele>
   </trkpt>
   <trkpt lat="45.786930000000005" lon="4.84525">
    <ele>223.49</ele>
   </trkpt>
   <trkpt lat="45.78717" lon="4.84534">
    <ele>221.10000000000002</ele>
   </trkpt>
   <trkpt lat="45.787420000000004" lon="4.84546">
    <ele>219.71</ele>
   </trkpt>
   <trkpt lat="45.78746" lon="4.84551">
    <ele>219.03000000000003</ele>
   </trkpt>
   <trkpt lat="45.78746" lon="4.8456">
    <ele>218.65</ele>
   </trkpt>
   <trkpt lat="45.787420000000004" lon="4.84565">
    <ele>218.65</ele>
   </trkpt>
   <trkpt lat="45.787060000000004" lon="4.84572">
    <ele>211.84000000000003</ele>
   </trkpt>
   <trkpt lat="45.786550000000005" lon="4.84605">
    <ele>203.99</ele>
   </trkpt>
   <trkpt lat="45.78584" lon="4.846550000000001">
    <ele>187.08</ele>
   </trkpt>
   <trkpt lat="45.78528" lon="4.84715">
    <ele>175.79</ele>
   </trkpt>
   <trkpt lat="45.785250000000005" lon="4.8471">
    <ele>175.73000000000002</ele>
   </trkpt>
   <trkpt lat="45.785250000000005" lon="4.847110000000001">
    <ele>175.73000000000002</ele>
   </trkpt>
   <trkpt lat="45.78492000000001" lon="4.846520000000001">
    <ele>174.94</ele>
   </trkpt>
   <trkpt lat="45.784440000000004" lon="4.8459">
    <ele>174.37000000000003</ele>
   </trkpt>
   <trkpt lat="45.784400000000005" lon="4.845960000000001">
    <ele>174.51000000000002</ele>
   </trkpt>
   <trkpt lat="45.78435" lon="4.8459">
    <ele>174.53</ele>
   </trkpt>
   <trkpt lat="45.78371000299208" lon="4.845069990455194">
    <ele>174.71</ele>
   </trkpt>
   <trkpt lat="45.78307" lon="4.84424">
    <ele>174.87000000000003</ele>
   </trkpt>
   <trkpt lat="45.78254666877143" lon="4.843739990540466">
    <ele>175.04</ele>
   </trkpt>
   <trkpt lat="45.78202333536197" lon="4.843239990467865">
    <ele>175.21</ele>
   </trkpt>
   <trkpt lat="45.7815" lon="4.84274">
    <ele>175.37000000000003</ele>
   </trkpt>
   <trkpt lat="45.780910000000006" lon="4.842280000000001">
    <ele>175.75</ele>
   </trkpt>
   <trkpt lat="45.780930000000005" lon="4.842210000000001">
    <ele>175.75</ele>
   </trkpt>
   <trkpt lat="45.78087000000001" lon="4.84217">
    <ele>178.36</ele>
   </trkpt>
   <trkpt lat="45.78089000000001" lon="4.84212">
    <ele>178.36</ele>
   </trkpt>
   <trkpt lat="45.78096" lon="4.84217">
    <ele>184.22000000000003</ele>
   </trkpt>
   <trkpt lat="45.781040000000004" lon="4.84194">
    <ele>186.87</ele>
   </trkpt>
   <trkpt lat="45.78136000000001" lon="4.84163">
    <ele>195.84</ele>
   </trkpt>
   <trkpt lat="45.78137" lon="4.8416500000000005">
    <ele>195.84</ele>
   </trkpt>
   <trkpt lat="45.78135" lon="4.84166">
    <ele>201.91</ele>
   </trkpt>
   <trkpt lat="45.78145000000001" lon="4.8418600000000005">
    <ele>206.16</ele>
   </trkpt>
   <trkpt lat="45.781470000000006" lon="4.8419300000000005">
    <ele>206.16</ele>
   </trkpt>
   <trkpt lat="45.781710000000004" lon="4.842210000000001">
    <ele>215.87</ele>
   </trkpt>
   <trkpt lat="45.781890000000004" lon="4.84184">
    <ele>223.46</ele>
   </trkpt>
   <trkpt lat="45.78182" lon="4.841760000000001">
    <ele>225.35000000000002</ele>
   </trkpt>
   <trkpt lat="45.78181000000001" lon="4.8417200000000005">
    <ele>225.35000000000002</ele>
   </trkpt>
   <trkpt lat="45.78191" lon="4.8416500000000005">
    <ele>227.41000000000003</ele>
   </trkpt>
   <trkpt lat="45.78192000000001" lon="4.841130000000001">
    <ele>232.53</ele>
   </trkpt>
   <trkpt lat="45.782050000000005" lon="4.84079">
    <ele>234.10000000000002</ele>
   </trkpt>
   <trkpt lat="45.782160000000005" lon="4.84077">
    <ele>234.34</ele>
   </trkpt>
   <trkpt lat="45.78213" lon="4.840400000000001">
    <ele>232.86</ele>
   </trkpt>
   <trkpt lat="45.78155" lon="4.8403">
    <ele>218.17000000000002</ele>
   </trkpt>
   <trkpt lat="45.78161" lon="4.83976">
    <ele>209.65000000000003</ele>
   </trkpt>
   <trkpt lat="45.781690000000005" lon="4.83959">
    <ele>207.48000000000002</ele>
   </trkpt>
   <trkpt lat="45.7817" lon="4.83948">
    <ele>206.25</ele>
   </trkpt>
   <trkpt lat="45.7815" lon="4.83914">
    <ele>206.0</ele>
   </trkpt>
   <trkpt lat="45.78146" lon="4.839110000000001">
    <ele>205.87000000000003</ele>
   </trkpt>
   <trkpt lat="45.781180000000006" lon="4.839160000000001">
    <ele>203.98000000000002</ele>
   </trkpt>
   <trkpt lat="45.78083" lon="4.83917">
    <ele>204.19</ele>
   </trkpt>
   <trkpt lat="45.7807" lon="4.8392100000000005">
    <ele>204.93000000000004</ele>
   </trkpt>
   <trkpt lat="45.78069000000001" lon="4.8392100000000005">
    <ele>204.93000000000004</ele>
   </trkpt>
   <trkpt lat="45.78056" lon="4.838990000000001">
    <ele>207.06000000000003</ele>
   </trkpt>
   <trkpt lat="45.78027" lon="4.83934">
    <ele>203.15000000000003</ele>
   </trkpt>
   <trkpt lat="45.78022000000001" lon="4.83927">
    <ele>204.06</ele>
   </trkpt>
   <trkpt lat="45.78025" lon="4.839230000000001">
    <ele>204.06</ele>
   </trkpt>
   <trkpt lat="45.780030000000004" lon="4.83886">
    <ele>213.77</ele>
   </trkpt>
   <trkpt lat="45.780010000000004" lon="4.838900000000001">
    <ele>213.77</ele>
   </trkpt>
   <trkpt lat="45.77996" lon="4.83891">
    <ele>213.77</ele>
   </trkpt>
   <trkpt lat="45.77994" lon="4.83894">
    <ele>213.77</ele>
   </trkpt>
   <trkpt lat="45.77994" lon="4.83896">
    <ele>213.77</ele>
   </trkpt>
   <trkpt lat="45.779880000000006" lon="4.83903">
    <ele>203.51000000000002</ele>
   </trkpt>
   <trkpt lat="45.779860000000006" lon="4.839">
    <ele>203.51000000000002</ele>
   </trkpt>
   <trkpt lat="45.77962" lon="4.83926">
    <ele>196.61</ele>
   </trkpt>
   <trkpt lat="45.779650000000004" lon="4.839300000000001">
    <ele>194.09</ele>
   </trkpt>
   <trkpt lat="45.779630000000004" lon="4.83933">
    <ele>194.09</ele>
   </trkpt>
   <trkpt lat="45.7792050010142" lon="4.839805003586913">
    <ele>187.18</ele>
   </trkpt>
   <trkpt lat="45.778780000000005" lon="4.840280000000001">
    <ele>190.24</ele>
   </trkpt>
   <trkpt lat="45.778620000000004" lon="4.83997">
    <ele>201.28</ele>
   </trkpt>
   <trkpt lat="45.778110000000005" lon="4.8398">
    <ele>215.86</ele>
   </trkpt>
   <trkpt lat="45.777730000000005" lon="4.8391">
    <ele>232.84</ele>
   </trkpt>
   <trkpt lat="45.77758" lon="4.83886">
    <ele>238.75</ele>
   </trkpt>
   <trkpt lat="45.77714" lon="4.83861">
    <ele>241.31000000000003</ele>
   </trkpt>
   <trkpt lat="45.777010000000004" lon="4.83844">
    <ele>242.43</ele>
   </trkpt>
   <trkpt lat="45.77694" lon="4.8383">
    <ele>242.43</ele>
   </trkpt>
   <trkpt lat="45.776880000000006" lon="4.838100000000001">
    <ele>243.04</ele>
   </trkpt>
   <trkpt lat="45.7768" lon="4.83786">
    <ele>244.00000000000003</ele>
   </trkpt>
   <trkpt lat="45.77648000000001" lon="4.83715">
    <ele>246.82</ele>
   </trkpt>
   <trkpt lat="45.77647" lon="4.837070000000001">
    <ele>246.82</ele>
   </trkpt>
   <trkpt lat="45.77651" lon="4.83699">
    <ele>247.46</ele>
   </trkpt>
   <trkpt lat="45.776450000000004" lon="4.836880000000001">
    <ele>247.64000000000001</ele>
   </trkpt>
   <trkpt lat="45.776410000000006" lon="4.836110000000001">
    <ele>248.75000000000003</ele>
   </trkpt>
   <trkpt lat="45.77590000000001" lon="4.836060000000001">
    <ele>239.12000000000003</ele>
   </trkpt>
   <trkpt lat="45.7759050041455" lon="4.83703499974162">
    <ele>230.83</ele>
   </trkpt>
   <trkpt lat="45.77591" lon="4.838010000000001">
    <ele>225.45000000000002</ele>
   </trkpt>
   <trkpt lat="45.775490000000005" lon="4.8386000000000005">
    <ele>210.28000000000003</ele>
   </trkpt>
   <trkpt lat="45.77548" lon="4.838640000000001">
    <ele>210.28000000000003</ele>
   </trkpt>
   <trkpt lat="45.77557" lon="4.8387">
    <ele>205.52</ele>
   </trkpt>
   <trkpt lat="45.775560000000006" lon="4.83872">
    <ele>205.52</ele>
   </trkpt>
   <trkpt lat="45.775450000000006" lon="4.8386700000000005">
    <ele>204.61</ele>
   </trkpt>
   <trkpt lat="45.775400000000005" lon="4.838550000000001">
    <ele>204.47</ele>
   </trkpt>
   <trkpt lat="45.775560000000006" lon="4.838360000000001">
    <ele>207.70000000000002</ele>
   </trkpt>
   <trkpt lat="45.775600000000004" lon="4.8382700000000005">
    <ele>207.70000000000002</ele>
   </trkpt>
   <trkpt lat="45.77564" lon="4.83753">
    <ele>213.47000000000003</ele>
   </trkpt>
   <trkpt lat="45.77561" lon="4.837470000000001">
    <ele>213.73000000000002</ele>
   </trkpt>
   <trkpt lat="45.775580000000005" lon="4.83746">
    <ele>213.73000000000002</ele>
   </trkpt>
   <trkpt lat="45.775130000000004" lon="4.83744">
    <ele>218.85000000000002</ele>
   </trkpt>
   <trkpt lat="45.775110000000005" lon="4.837400000000001">
    <ele>219.37</ele>
   </trkpt>
   <trkpt lat="45.775110000000005" lon="4.837280000000001">
    <ele>219.37</ele>
   </trkpt>
   <trkpt lat="45.775150000000004" lon="4.836740000000001">
    <ele>224.67000000000002</ele>
   </trkpt>
   <trkpt lat="45.774730000000005" lon="4.836690000000001">
    <ele>227.87</ele>
   </trkpt>
   <trkpt lat="45.774680000000004" lon="4.836950000000001">
    <ele>222.67000000000002</ele>
   </trkpt>
   <trkpt lat="45.774460000000005" lon="4.83725">
    <ele>214.23</ele>
   </trkpt>
   <trkpt lat="45.774370000000005" lon="4.83722">
    <ele>211.8</ele>
   </trkpt>
   <trkpt lat="45.77427" lon="4.83724">
    <ele>209.26000000000002</ele>
   </trkpt>
   <trkpt lat="45.7742" lon="4.83731">
    <ele>202.78</ele>
   </trkpt>
   <trkpt lat="45.774330000000006" lon="4.837420000000001">
    <ele>202.78</ele>
   </trkpt>
   <trkpt lat="45.77432" lon="4.8374500000000005">
    <ele>202.78</ele>
   </trkpt>
   <trkpt lat="45.77418" lon="4.83741">
    <ele>196.43</ele>
   </trkpt>
   <trkpt lat="45.77416" lon="4.8375">
    <ele>195.03</ele>
   </trkpt>
   <trkpt lat="45.774240000000006" lon="4.83758">
    <ele>192.03</ele>
   </trkpt>
   <trkpt lat="45.774210000000004" lon="4.8376600000000005">
    <ele>188.84</ele>
   </trkpt>
   <trkpt lat="45.77416" lon="4.83764">
    <ele>185.43</ele>
   </trkpt>
   <trkpt lat="45.774150000000006" lon="4.8376600000000005">
    <ele>185.43</ele>
   </trkpt>
   <trkpt lat="45.77411" lon="4.83764">
    <ele>184.48</ele>
   </trkpt>
   <trkpt lat="45.77409" lon="4.83765">
    <ele>184.48</ele>
   </trkpt>
   <trkpt lat="45.773900000000005" lon="4.838220000000001">
    <ele>177.67000000000002</ele>
   </trkpt>
   <trkpt lat="45.77364" lon="4.83786">
    <ele>176.72</ele>
   </trkpt>
   <trkpt lat="45.77321500031348" lon="4.837564997706039">
    <ele>190.06</ele>
   </trkpt>
   <trkpt lat="45.77279" lon="4.83727">
    <ele>190.06</ele>
   </trkpt>
   <trkpt lat="45.77282" lon="4.83685">
    <ele>174.58</ele>
   </trkpt>
   <trkpt lat="45.772580000000005" lon="4.836810000000001">
    <ele>173.92000000000002</ele>
   </trkpt>
   <trkpt lat="45.7725" lon="4.83697">
    <ele>175.33</ele>
   </trkpt>
   <trkpt lat="45.772470000000006" lon="4.83699">
    <ele>175.69</ele>
   </trkpt>
   <trkpt lat="45.77243000000001" lon="4.8369800000000005">
    <ele>175.99</ele>
   </trkpt>
   <trkpt lat="45.772400000000005" lon="4.837020000000001">
    <ele>176.23000000000002</ele>
   </trkpt>
   <trkpt lat="45.772310000000004" lon="4.83696">
    <ele>176.39000000000001</ele>
   </trkpt>
   <trkpt lat="45.7721" lon="4.83692">
    <ele>177.14000000000001</ele>
   </trkpt>
   <trkpt lat="45.772180000000006" lon="4.836600000000001">
    <ele>183.08</ele>
   </trkpt>
   <trkpt lat="45.772130000000004" lon="4.836480000000001">
    <ele>188.05</ele>
   </trkpt>
   <trkpt lat="45.77215" lon="4.83635">
    <ele>189.15</ele>
   </trkpt>
   <trkpt lat="45.77219" lon="4.8363000000000005">
    <ele>190.19000000000003</ele>
   </trkpt>
   <trkpt lat="45.77226" lon="4.83629">
    <ele>191.92000000000002</ele>
   </trkpt>
   <trkpt lat="45.772380000000005" lon="4.836340000000001">
    <ele>193.94000000000003</ele>
   </trkpt>
   <trkpt lat="45.77239" lon="4.8363000000000005">
    <ele>193.94000000000003</ele>
   </trkpt>
   <trkpt lat="45.77246" lon="4.836340000000001">
    <ele>197.22</ele>
   </trkpt>
   <trkpt lat="45.772470000000006" lon="4.83631">
    <ele>197.22</ele>
   </trkpt>
   <trkpt lat="45.77239" lon="4.836270000000001">
    <ele>201.55</ele>
   </trkpt>
   <trkpt lat="45.772400000000005" lon="4.83624">
    <ele>201.55</ele>
   </trkpt>
   <trkpt lat="45.77248" lon="4.83628">
    <ele>204.34</ele>
   </trkpt>
   <trkpt lat="45.772490000000005" lon="4.836250000000001">
    <ele>204.34</ele>
   </trkpt>
   <trkpt lat="45.77241" lon="4.83621">
    <ele>206.96</ele>
   </trkpt>
   <trkpt lat="45.77241" lon="4.836180000000001">
    <ele>206.96</ele>
   </trkpt>
   <trkpt lat="45.772490000000005" lon="4.83621">
    <ele>209.31000000000003</ele>
   </trkpt>
   <trkpt lat="45.77253" lon="4.83609">
    <ele>210.17000000000002</ele>
   </trkpt>
   <trkpt lat="45.772920000000006" lon="4.8363000000000005">
    <ele>209.17000000000002</ele>
   </trkpt>
   <trkpt lat="45.77309" lon="4.836410000000001">
    <ele>209.43</ele>
   </trkpt>
   <trkpt lat="45.773350001375334" lon="4.835845002671074">
    <ele>224.31</ele>
   </trkpt>
   <trkpt lat="45.773610000000005" lon="4.83528">
    <ele>240.05</ele>
   </trkpt>
   <trkpt lat="45.77313" lon="4.83485">
    <ele>235.89000000000001</ele>
   </trkpt>
   <trkpt lat="45.773030000000006" lon="4.83471">
    <ele>235.08</ele>
   </trkpt>
   <trkpt lat="45.77299000000001" lon="4.834720000000001">
    <ele>234.63000000000002</ele>
   </trkpt>
   <trkpt lat="45.772980000000004" lon="4.8346800000000005">
    <ele>234.63000000000002</ele>
   </trkpt>
   <trkpt lat="45.772740000000006" lon="4.83476">
    <ele>230.11</ele>
   </trkpt>
   <trkpt lat="45.772240000000004" lon="4.835030000000001">
    <ele>222.31</ele>
   </trkpt>
   <trkpt lat="45.77196000000001" lon="4.83523">
    <ele>216.29</ele>
   </trkpt>
   <trkpt lat="45.77159" lon="4.8356">
    <ele>211.13</ele>
   </trkpt>
   <trkpt lat="45.771550000000005" lon="4.83513">
    <ele>212.74</ele>
   </trkpt>
   <trkpt lat="45.77111000000001" lon="4.83523">
    <ele>211.36</ele>
   </trkpt>
   <trkpt lat="45.77102000000001" lon="4.834300000000001">
    <ele>214.84000000000003</ele>
   </trkpt>
   <trkpt lat="45.770990000000005" lon="4.83427">
    <ele>214.88000000000002</ele>
   </trkpt>
   <trkpt lat="45.770970000000005" lon="4.834300000000001">
    <ele>214.87</ele>
   </trkpt>
   <trkpt lat="45.770880000000005" lon="4.83431">
    <ele>214.38000000000002</ele>
   </trkpt>
   <trkpt lat="45.770880000000005" lon="4.8342600000000004">
    <ele>214.38000000000002</ele>
   </trkpt>
   <trkpt lat="45.77069" lon="4.834300000000001">
    <ele>212.95000000000002</ele>
   </trkpt>
   <trkpt lat="45.77064" lon="4.83436">
    <ele>212.57</ele>
   </trkpt>
   <trkpt lat="45.770590000000006" lon="4.834370000000001">
    <ele>212.57</ele>
   </trkpt>
   <trkpt lat="45.770570000000006" lon="4.83412">
    <ele>208.28000000000003</ele>
   </trkpt>
   <trkpt lat="45.77047" lon="4.8341400000000005">
    <ele>205.68000000000004</ele>
   </trkpt>
   <trkpt lat="45.770430000000005" lon="4.833880000000001">
    <ele>205.24</ele>
   </trkpt>
   <trkpt lat="45.76990000000001" lon="4.83406">
    <ele>192.04000000000002</ele>
   </trkpt>
   <trkpt lat="45.770010000000006" lon="4.834820000000001">
    <ele>191.35999999999999</ele>
   </trkpt>
   <trkpt lat="45.769200000000005" lon="4.83518">
    <ele>188.12</ele>
   </trkpt>
   <trkpt lat="45.76921" lon="4.8352">
    <ele>188.12</ele>
   </trkpt>
   <trkpt lat="45.76917" lon="4.8352200000000005">
    <ele>187.85000000000002</ele>
   </trkpt>
   <trkpt lat="45.76917" lon="4.8352900000000005">
    <ele>187.85000000000002</ele>
   </trkpt>
   <trkpt lat="45.76953" lon="4.83577">
    <ele>188.87</ele>
   </trkpt>
   <trkpt lat="45.76952000000001" lon="4.835800000000001">
    <ele>188.71</ele>
   </trkpt>
   <trkpt lat="45.76955" lon="4.83584">
    <ele>187.9</ele>
   </trkpt>
   <trkpt lat="45.769540000000006" lon="4.83591">
    <ele>187.9</ele>
   </trkpt>
   <trkpt lat="45.769380000000005" lon="4.836110000000001">
    <ele>187.26000000000002</ele>
   </trkpt>
   <trkpt lat="45.769580000000005" lon="4.8365100000000005">
    <ele>186.85000000000002</ele>
   </trkpt>
   <trkpt lat="45.769380000000005" lon="4.836690000000001">
    <ele>183.86</ele>
   </trkpt>
   <trkpt lat="45.76964" lon="4.837260000000001">
    <ele>179.55</ele>
   </trkpt>
   <trkpt lat="45.76948" lon="4.83734">
    <ele>179.35</ele>
   </trkpt>
   <trkpt lat="45.76908" lon="4.837420000000001">
    <ele>177.95000000000002</ele>
   </trkpt>
   <trkpt lat="45.76892" lon="4.837370000000001">
    <ele>178.65</ele>
   </trkpt>
   <trkpt lat="45.768600000000006" lon="4.837420000000001">
    <ele>177.00000000000003</ele>
   </trkpt>
   <trkpt lat="45.76859" lon="4.837350000000001">
    <ele>177.05</ele>
   </trkpt>
   <trkpt lat="45.76809" lon="4.83743">
    <ele>175.17000000000002</ele>
   </trkpt>
   <trkpt lat="45.76805" lon="4.83696">
    <ele>175.14000000000001</ele>
   </trkpt>
   <trkpt lat="45.76764000000001" lon="4.837070000000001">
    <ele>172.74</ele>
   </trkpt>
   <trkpt lat="45.76753" lon="4.83617">
    <ele>173.24</ele>
   </trkpt>
   <trkpt lat="45.76747" lon="4.8359700000000005">
    <ele>173.76000000000002</ele>
   </trkpt>
   <trkpt lat="45.76746000000001" lon="4.8359000000000005">
    <ele>173.93</ele>
   </trkpt>
   <trkpt lat="45.767540000000004" lon="4.8359000000000005">
    <ele>175.91</ele>
   </trkpt>
   <trkpt lat="45.76751" lon="4.83589">
    <ele>175.36</ele>
   </trkpt>
   <trkpt lat="45.767425002624954" lon="4.83511499886624">
    <ele>174.99</ele>
   </trkpt>
   <trkpt lat="45.767340000000004" lon="4.83434">
    <ele>175.3</ele>
   </trkpt>
   <trkpt lat="45.767450000000004" lon="4.83419">
    <ele>175.51000000000002</ele>
   </trkpt>
   <trkpt lat="45.767810000000004" lon="4.8341">
    <ele>175.03</ele>
   </trkpt>
   <trkpt lat="45.76784000000001" lon="4.834180000000001">
    <ele>175.04</ele>
   </trkpt>
   <trkpt lat="45.768240000000006" lon="4.834210000000001">
    <ele>177.73000000000002</ele>
   </trkpt>
   <trkpt lat="45.76818" lon="4.8333200000000005">
    <ele>177.9</ele>
   </trkpt>
   <trkpt lat="45.768150000000006" lon="4.8327100000000005">
    <ele>179.14000000000001</ele>
   </trkpt>
   <trkpt lat="45.76878000000001" lon="4.83265">
    <ele>187.23</ele>
   </trkpt>
   <trkpt lat="45.768730000000005" lon="4.832420000000001">
    <ele>187.7</ele>
   </trkpt>
   <trkpt lat="45.769000000000005" lon="4.83232">
    <ele>187.51000000000002</ele>
   </trkpt>
   <trkpt lat="45.768890000000006" lon="4.831790000000001">
    <ele>184.03000000000003</ele>
   </trkpt>
   <trkpt lat="45.76968" lon="4.83119">
    <ele>186.68</ele>
   </trkpt>
   <trkpt lat="45.7697" lon="4.83107">
    <ele>186.95</ele>
   </trkpt>
   <trkpt lat="45.76979" lon="4.831040000000001">
    <ele>190.41000000000003</ele>
   </trkpt>
   <trkpt lat="45.76993" lon="4.83093">
    <ele>192.18</ele>
   </trkpt>
   <trkpt lat="45.769960000000005" lon="4.83093">
    <ele>192.18</ele>
   </trkpt>
   <trkpt lat="45.77067500003478" lon="4.8309349999361455">
    <ele>225.14000000000001</ele>
   </trkpt>
   <trkpt lat="45.771390000000004" lon="4.83094">
    <ele>225.14000000000001</ele>
   </trkpt>
   <trkpt lat="45.772039999925916" lon="4.830953333020993">
    <ele>227.21</ele>
   </trkpt>
   <trkpt lat="45.772689999850286" lon="4.8309666663527695">
    <ele>237.32000000000002</ele>
   </trkpt>
   <trkpt lat="45.773340000000005" lon="4.83098">
    <ele>250.57000000000002</ele>
   </trkpt>
   <trkpt lat="45.77381000013303" lon="4.830920000490683">
    <ele>257.77</ele>
   </trkpt>
   <trkpt lat="45.774280000000005" lon="4.83086">
    <ele>255.74</ele>
   </trkpt>
   <trkpt lat="45.77431000000001" lon="4.831160000000001">
    <ele>255.58</ele>
   </trkpt>
   <trkpt lat="45.773744999829326" lon="4.831255000997771">
    <ele>255.59000000000003</ele>
   </trkpt>
   <trkpt lat="45.77318" lon="4.8313500000000005">
    <ele>251.67</ele>
   </trkpt>
   <trkpt lat="45.773140000000005" lon="4.83138">
    <ele>251.67</ele>
   </trkpt>
   <trkpt lat="45.77299000000001" lon="4.831810000000001">
    <ele>248.87</ele>
   </trkpt>
   <trkpt lat="45.77293" lon="4.8321000000000005">
    <ele>247.79</ele>
   </trkpt>
   <trkpt lat="45.772890000000004" lon="4.832070000000001">
    <ele>247.70000000000002</ele>
   </trkpt>
   <trkpt lat="45.77288" lon="4.83197">
    <ele>247.58</ele>
   </trkpt>
   <trkpt lat="45.772510000000004" lon="4.83183">
    <ele>244.66000000000003</ele>
   </trkpt>
   <trkpt lat="45.771750000000004" lon="4.83168">
    <ele>226.47000000000003</ele>
   </trkpt>
   <trkpt lat="45.771300000000004" lon="4.83161">
    <ele>219.02</ele>
   </trkpt>
   <trkpt lat="45.77132" lon="4.83115">
    <ele>219.21</ele>
   </trkpt>
   <trkpt lat="45.77129" lon="4.83105">
    <ele>219.25000000000003</ele>
   </trkpt>
   <trkpt lat="45.77121" lon="4.83094">
    <ele>219.25000000000003</ele>
   </trkpt>
   <trkpt lat="45.77107" lon="4.830830000000001">
    <ele>218.89000000000001</ele>
   </trkpt>
   <trkpt lat="45.77102000000001" lon="4.830690000000001">
    <ele>218.47000000000003</ele>
   </trkpt>
   <trkpt lat="45.77109" lon="4.829470000000001">
    <ele>211.72000000000003</ele>
   </trkpt>
   <trkpt lat="45.771060000000006" lon="4.8289">
    <ele>208.71</ele>
   </trkpt>
   <trkpt lat="45.770990000000005" lon="4.828720000000001">
    <ele>208.72</ele>
   </trkpt>
   <trkpt lat="45.77093000000001" lon="4.828810000000001">
    <ele>208.52</ele>
   </trkpt>
   <trkpt lat="45.77076" lon="4.82918">
    <ele>208.04000000000002</ele>
   </trkpt>
   <trkpt lat="45.77062" lon="4.82953">
    <ele>206.31000000000003</ele>
   </trkpt>
   <trkpt lat="45.770570000000006" lon="4.829750000000001">
    <ele>204.68000000000004</ele>
   </trkpt>
   <trkpt lat="45.77037000000001" lon="4.83">
    <ele>200.91</ele>
   </trkpt>
   <trkpt lat="45.77028000000001" lon="4.83">
    <ele>199.96000000000004</ele>
   </trkpt>
   <trkpt lat="45.770230000000005" lon="4.830030000000001">
    <ele>199.96000000000004</ele>
   </trkpt>
   <trkpt lat="45.770210000000006" lon="4.830170000000001">
    <ele>197.57000000000002</ele>
   </trkpt>
   <trkpt lat="45.770140000000005" lon="4.83018">
    <ele>197.57000000000002</ele>
   </trkpt>
   <trkpt lat="45.77008000000001" lon="4.8302700000000005">
    <ele>194.5</ele>
   </trkpt>
   <trkpt lat="45.769980000000004" lon="4.8303">
    <ele>194.46</ele>
   </trkpt>
   <trkpt lat="45.769980000000004" lon="4.830290000000001">
    <ele>194.46</ele>
   </trkpt>
   <trkpt lat="45.769690000000004" lon="4.830290000000001">
    <ele>187.76000000000002</ele>
   </trkpt>
   <trkpt lat="45.7697" lon="4.830380000000001">
    <ele>187.42</ele>
   </trkpt>
   <trkpt lat="45.76916000000001" lon="4.830380000000001">
    <ele>181.70000000000002</ele>
   </trkpt>
   <trkpt lat="45.76916000000001" lon="4.8303400000000005">
    <ele>181.70000000000002</ele>
   </trkpt>
   <trkpt lat="45.7691" lon="4.8303400000000005">
    <ele>181.48</ele>
   </trkpt>
   <trkpt lat="45.7691" lon="4.830380000000001">
    <ele>181.48</ele>
   </trkpt>
   <trkpt lat="45.768820000000005" lon="4.830380000000001">
    <ele>180.57</ele>
   </trkpt>
   <trkpt lat="45.76877" lon="4.830360000000001">
    <ele>180.57</ele>
   </trkpt>
   <trkpt lat="45.76878000000001" lon="4.83016">
    <ele>180.22000000000003</ele>
   </trkpt>
   <trkpt lat="45.76877" lon="4.82958">
    <ele>178.87</ele>
   </trkpt>
   <trkpt lat="45.76865" lon="4.8291">
    <ele>177.9</ele>
   </trkpt>
   <trkpt lat="45.768660000000004" lon="4.82903">
    <ele>177.9</ele>
   </trkpt>
   <trkpt lat="45.7685" lon="4.82845">
    <ele>176.12000000000003</ele>
   </trkpt>
   <trkpt lat="45.768190000000004" lon="4.8283700000000005">
    <ele>174.17000000000002</ele>
   </trkpt>
   <trkpt lat="45.768150000000006" lon="4.82829">
    <ele>172.02</ele>
   </trkpt>
   <trkpt lat="45.76791" lon="4.82819">
    <ele>170.79000000000002</ele>
   </trkpt>
   <trkpt lat="45.76784000000001" lon="4.828130000000001">
    <ele>170.79000000000002</ele>
   </trkpt>
   <trkpt lat="45.767520000000005" lon="4.828720000000001">
    <ele>166.23000000000002</ele>
   </trkpt>
   <trkpt lat="45.76747" lon="4.82873">
    <ele>166.23000000000002</ele>
   </trkpt>
   <trkpt lat="45.767320000000005" lon="4.82901">
    <ele>166.65</ele>
   </trkpt>
   <trkpt lat="45.767300000000006" lon="4.8291">
    <ele>166.84</ele>
   </trkpt>
   <trkpt lat="45.76708000000001" lon="4.8295">
    <ele>169.16</ele>
   </trkpt>
   <trkpt lat="45.76682" lon="4.8298700000000006">
    <ele>169.88</ele>
   </trkpt>
   <trkpt lat="45.766740000000006" lon="4.82993">
    <ele>172.92000000000002</ele>
   </trkpt>
   <trkpt lat="45.76634000000001" lon="4.82883">
    <ele>173.08</ele>
   </trkpt>
   <trkpt lat="45.76633" lon="4.82878">
    <ele>172.89000000000001</ele>
   </trkpt>
   <trkpt lat="45.76639" lon="4.8287">
    <ele>172.78</ele>
   </trkpt>
   <trkpt lat="45.7663" lon="4.82857">
    <ele>173.64000000000001</ele>
   </trkpt>
   <trkpt lat="45.766180000000006" lon="4.828060000000001">
    <ele>175.43</ele>
   </trkpt>
   <trkpt lat="45.766110000000005" lon="4.827660000000001">
    <ele>177.55</ele>
   </trkpt>
   <trkpt lat="45.766110000000005" lon="4.82765">
    <ele>183.16000000000003</ele>
   </trkpt>
   <trkpt lat="45.76605000000001" lon="4.82751">
    <ele>183.33</ele>
   </trkpt>
   <trkpt lat="45.76596000000001" lon="4.827400000000001">
    <ele>179.33</ele>
   </trkpt>
   <trkpt lat="45.765930000000004" lon="4.8274300000000006">
    <ele>179.33</ele>
   </trkpt>
   <trkpt lat="45.76588" lon="4.8272900000000005">
    <ele>180.45000000000002</ele>
   </trkpt>
   <trkpt lat="45.76586" lon="4.8273">
    <ele>180.46</ele>
   </trkpt>
   <trkpt lat="45.765840000000004" lon="4.82725">
    <ele>180.77</ele>
   </trkpt>
   <trkpt lat="45.76554" lon="4.82728">
    <ele>181.34</ele>
   </trkpt>
   <trkpt lat="45.76532" lon="4.82734">
    <ele>180.81000000000003</ele>
   </trkpt>
   <trkpt lat="45.76514" lon="4.8273600000000005">
    <ele>180.49</ele>
   </trkpt>
   <trkpt lat="45.7646" lon="4.827380000000001">
    <ele>179.66</ele>
   </trkpt>
   <trkpt lat="45.764610000000005" lon="4.827710000000001">
    <ele>178.04</ele>
   </trkpt>
   <trkpt lat="45.76413" lon="4.82774">
    <ele>178.16</ele>
   </trkpt>
   <trkpt lat="45.76390000000001" lon="4.827660000000001">
    <ele>178.42000000000002</ele>
   </trkpt>
   <trkpt lat="45.76389" lon="4.8272900000000005">
    <ele>183.8</ele>
   </trkpt>
   <trkpt lat="45.763960000000004" lon="4.82728">
    <ele>185.18</ele>
   </trkpt>
   <trkpt lat="45.76390000000001" lon="4.82714">
    <ele>189.49</ele>
   </trkpt>
   <trkpt lat="45.763690000000004" lon="4.82695">
    <ele>196.8</ele>
   </trkpt>
   <trkpt lat="45.76375" lon="4.8262">
    <ele>208.51000000000002</ele>
   </trkpt>
   <trkpt lat="45.763470000000005" lon="4.82608">
    <ele>210.44</ele>
   </trkpt>
   <trkpt lat="45.76294" lon="4.82551">
    <ele>220.00000000000003</ele>
   </trkpt>
   <trkpt lat="45.762910000000005" lon="4.82554">
    <ele>220.60000000000002</ele>
   </trkpt>
   <trkpt lat="45.76288" lon="4.82552">
    <ele>220.60000000000002</ele>
   </trkpt>
   <trkpt lat="45.76272" lon="4.825360000000001">
    <ele>220.73000000000002</ele>
   </trkpt>
   <trkpt lat="45.76272" lon="4.82535">
    <ele>220.74</ele>
   </trkpt>
   <trkpt lat="45.76240000000001" lon="4.825830000000001">
    <ele>200.55</ele>
   </trkpt>
   <trkpt lat="45.76225" lon="4.825970000000001">
    <ele>191.16000000000003</ele>
   </trkpt>
   <trkpt lat="45.76211000000001" lon="4.82617">
    <ele>186.29000000000002</ele>
   </trkpt>
   <trkpt lat="45.762060000000005" lon="4.82627">
    <ele>181.93</ele>
   </trkpt>
   <trkpt lat="45.761970000000005" lon="4.826160000000001">
    <ele>181.38</ele>
   </trkpt>
   <trkpt lat="45.76178" lon="4.82664">
    <ele>177.85</ele>
   </trkpt>
   <trkpt lat="45.76159000241034" lon="4.827375002294168">
    <ele>175.24</ele>
   </trkpt>
   <trkpt lat="45.7614" lon="4.828110000000001">
    <ele>172.73000000000002</ele>
   </trkpt>
   <trkpt lat="45.7614" lon="4.828180000000001">
    <ele>172.73000000000002</ele>
   </trkpt>
   <trkpt lat="45.761230000000005" lon="4.8281">
    <ele>173.27</ele>
   </trkpt>
   <trkpt lat="45.761190000000006" lon="4.82805">
    <ele>173.27</ele>
   </trkpt>
   <trkpt lat="45.761010000000006" lon="4.8280400000000006">
    <ele>173.1</ele>
   </trkpt>
   <trkpt lat="45.76098" lon="4.828060000000001">
    <ele>173.05</ele>
   </trkpt>
   <trkpt lat="45.760720000000006" lon="4.82805">
    <ele>173.08</ele>
   </trkpt>
   <trkpt lat="45.760760000000005" lon="4.827990000000001">
    <ele>173.08</ele>
   </trkpt>
   <trkpt lat="45.76088" lon="4.8279000000000005">
    <ele>173.3</ele>
   </trkpt>
   <trkpt lat="45.76093" lon="4.82774">
    <ele>173.74</ele>
   </trkpt>
   <trkpt lat="45.761010000000006" lon="4.82779">
    <ele>173.74</ele>
   </trkpt>
   <trkpt lat="45.761050000000004" lon="4.82765">
    <ele>174.11</ele>
   </trkpt>
   <trkpt lat="45.76108000000001" lon="4.82767">
    <ele>174.11</ele>
   </trkpt>
   <trkpt lat="45.76111" lon="4.82753">
    <ele>174.65000000000003</ele>
   </trkpt>
   <trkpt lat="45.76099000000001" lon="4.82746">
    <ele>175.08</ele>
   </trkpt>
   <trkpt lat="45.761100000000006" lon="4.82702">
    <ele>176.61</ele>
   </trkpt>
   <trkpt lat="45.76108000000001" lon="4.82692">
    <ele>176.68</ele>
   </trkpt>
   <trkpt lat="45.760850000000005" lon="4.82673">
    <ele>176.18</ele>
   </trkpt>
  </trkseg>
 </trk>
</gpx>
