<?xml version="1.0" encoding="UTF-8" ?>
<gpx version="1.1" xmlns:xsi="http://www.w3.org/2001/XMLSchema-instance" 
    xmlns="http://www.topografix.com/GPX/1/1" 
    xsi:schemaLocation="http://www.topografix.com/GPX/1/1 http://www.topografix.com/GPX/1/1/gpx.xsd" 
    creator="Openrunner - https://www.openrunner.com" >
				<wpt lat="48.803341" lon="2.105421">
				 	<ele>0</ele>
				 	<name><![CDATA[V1]]></name>
				 	<desc><![CDATA[]]></desc>
					<sym>1</sym>
				</wpt>
			
				<wpt lat="48.798673" lon="2.102769">
				 	<ele>0</ele>
				 	<name><![CDATA[V2]]></name>
				 	<desc><![CDATA[]]></desc>
					<sym>1</sym>
				</wpt>
			
				<wpt lat="48.792382" lon="2.117656">
				 	<ele>0</ele>
				 	<name><![CDATA[V3]]></name>
				 	<desc><![CDATA[]]></desc>
					<sym>1</sym>
				</wpt>
			
				<wpt lat="48.792389" lon="2.118149">
				 	<ele>0</ele>
				 	<name><![CDATA[V4]]></name>
				 	<desc><![CDATA[]]></desc>
					<sym>1</sym>
				</wpt>
			
				<wpt lat="48.790984" lon="2.124060">
				 	<ele>0</ele>
				 	<name><![CDATA[V5]]></name>
				 	<desc><![CDATA[]]></desc>
					<sym>1</sym>
				</wpt>
			
				<wpt lat="48.788798" lon="2.125350">
				 	<ele>0</ele>
				 	<name><![CDATA[V6]]></name>
				 	<desc><![CDATA[]]></desc>
					<sym>1</sym>
				</wpt>
			
				<wpt lat="48.786229" lon="2.132294">
				 	<ele>0</ele>
				 	<name><![CDATA[B6]]></name>
				 	<desc><![CDATA[]]></desc>
					<sym>1</sym>
				</wpt>
			
				<wpt lat="48.786289" lon="2.132838">
				 	<ele>0</ele>
				 	<name><![CDATA[B7]]></name>
				 	<desc><![CDATA[]]></desc>
					<sym>1</sym>
				</wpt>
			
				<wpt lat="48.771622" lon="2.147644">
				 	<ele>0</ele>
				 	<name><![CDATA[JJ1]]></name>
				 	<desc><![CDATA[]]></desc>
					<sym>1</sym>
				</wpt>
			
				<wpt lat="48.788509" lon="2.179132">
				 	<ele>0</ele>
				 	<name><![CDATA[VV1]]></name>
				 	<desc><![CDATA[]]></desc>
					<sym>1</sym>
				</wpt>
			
				<wpt lat="48.803578" lon="2.194602">
				 	<ele>0</ele>
				 	<name><![CDATA[C1]]></name>
				 	<desc><![CDATA[]]></desc>
					<sym>1</sym>
				</wpt>
			
				<wpt lat="48.808441" lon="2.195621">
				 	<ele>0</ele>
				 	<name><![CDATA[C2]]></name>
				 	<desc><![CDATA[]]></desc>
					<sym>1</sym>
				</wpt>
			
				<wpt lat="48.808597" lon="2.195793">
				 	<ele>0</ele>
				 	<name><![CDATA[C3]]></name>
				 	<desc><![CDATA[]]></desc>
					<sym>1</sym>
				</wpt>
			
				<wpt lat="48.815104" lon="2.196705">
				 	<ele>0</ele>
				 	<name><![CDATA[C4]]></name>
				 	<desc><![CDATA[]]></desc>
					<sym>1</sym>
				</wpt>
			
				<wpt lat="48.815826" lon="2.195608">
				 	<ele>0</ele>
				 	<name><![CDATA[C5]]></name>
				 	<desc><![CDATA[]]></desc>
					<sym>1</sym>
				</wpt>
			
				<wpt lat="48.816430" lon="2.194720">
				 	<ele>0</ele>
				 	<name><![CDATA[C6]]></name>
				 	<desc><![CDATA[]]></desc>
					<sym>1</sym>
				</wpt>
			
				<wpt lat="48.816600" lon="2.193848">
				 	<ele>0</ele>
				 	<name><![CDATA[C7]]></name>
				 	<desc><![CDATA[]]></desc>
					<sym>1</sym>
				</wpt>
			
				<wpt lat="48.817206" lon="2.193138">
				 	<ele>0</ele>
				 	<name><![CDATA[C8]]></name>
				 	<desc><![CDATA[]]></desc>
					<sym>1</sym>
				</wpt>
			
				<wpt lat="48.817465" lon="2.192666">
				 	<ele>0</ele>
				 	<name><![CDATA[C9]]></name>
				 	<desc><![CDATA[]]></desc>
					<sym>1</sym>
				</wpt>
			
				<wpt lat="48.821954" lon="2.182179">
				 	<ele>0</ele>
				 	<name><![CDATA[VA1]]></name>
				 	<desc><![CDATA[]]></desc>
					<sym>1</sym>
				</wpt>
			
				<wpt lat="48.827856" lon="2.175841">
				 	<ele>0</ele>
				 	<name><![CDATA[MC1]]></name>
				 	<desc><![CDATA[]]></desc>
					<sym>1</sym>
				</wpt>
			
				<wpt lat="48.827755" lon="2.178452">
				 	<ele>0</ele>
				 	<name><![CDATA[VA4]]></name>
				 	<desc><![CDATA[]]></desc>
					<sym>1</sym>
				</wpt>
			
				<wpt lat="48.830506" lon="2.178294">
				 	<ele>0</ele>
				 	<name><![CDATA[MC2]]></name>
				 	<desc><![CDATA[]]></desc>
					<sym>1</sym>
				</wpt>
			
				<wpt lat="48.830572" lon="2.177742">
				 	<ele>0</ele>
				 	<name><![CDATA[MC3]]></name>
				 	<desc><![CDATA[]]></desc>
					<sym>1</sym>
				</wpt>
			
				<wpt lat="48.831879" lon="2.180833">
				 	<ele>0</ele>
				 	<name><![CDATA[SC4]]></name>
				 	<desc><![CDATA[]]></desc>
					<sym>1</sym>
				</wpt>
			
				<wpt lat="48.835730" lon="2.209727">
				 	<ele>0</ele>
				 	<name><![CDATA[SC5]]></name>
				 	<desc><![CDATA[]]></desc>
					<sym>1</sym>
				</wpt>
			
				<wpt lat="48.835890" lon="2.209912">
				 	<ele>0</ele>
				 	<name><![CDATA[SC6]]></name>
				 	<desc><![CDATA[]]></desc>
					<sym>1</sym>
				</wpt>
			
				<wpt lat="48.835144" lon="2.214598">
				 	<ele>0</ele>
				 	<name><![CDATA[SC7]]></name>
				 	<desc><![CDATA[]]></desc>
					<sym>1</sym>
				</wpt>
			
				<wpt lat="48.835410" lon="2.217044">
				 	<ele>0</ele>
				 	<name><![CDATA[SC8]]></name>
				 	<desc><![CDATA[]]></desc>
					<sym>1</sym>
				</wpt>
			
				<wpt lat="48.831887" lon="2.217741">
				 	<ele>0</ele>
				 	<name><![CDATA[SC9]]></name>
				 	<desc><![CDATA[]]></desc>
					<sym>1</sym>
				</wpt>
			
				<wpt lat="48.831169" lon="2.217897">
				 	<ele>0</ele>
				 	<name><![CDATA[SC10]]></name>
				 	<desc><![CDATA[]]></desc>
					<sym>1</sym>
				</wpt>
			
				<wpt lat="48.829639" lon="2.218170">
				 	<ele>0</ele>
				 	<name><![CDATA[SC11]]></name>
				 	<desc><![CDATA[]]></desc>
					<sym>1</sym>
				</wpt>
			
				<wpt lat="48.829541" lon="2.223206">
				 	<ele>0</ele>
				 	<name><![CDATA[S1]]></name>
				 	<desc><![CDATA[]]></desc>
					<sym>1</sym>
				</wpt>
			
				<wpt lat="48.821268" lon="2.248831">
				 	<ele>0</ele>
				 	<name><![CDATA[M4]]></name>
				 	<desc><![CDATA[]]></desc>
					<sym>1</sym>
				</wpt>
			
				<wpt lat="48.829756" lon="2.260727">
				 	<ele>0</ele>
				 	<name><![CDATA[IM1]]></name>
				 	<desc><![CDATA[]]></desc>
					<sym>1</sym>
				</wpt>
			
				<wpt lat="48.859157" lon="2.292937">
				 	<ele>0</ele>
				 	<name><![CDATA[P4]]></name>
				 	<desc><![CDATA[]]></desc>
					<sym>1</sym>
				</wpt>
			
				<wpt lat="48.858967" lon="2.292358">
				 	<ele>0</ele>
				 	<name><![CDATA[P3]]></name>
				 	<desc><![CDATA[]]></desc>
					<sym>1</sym>
				</wpt>
			
				<wpt lat="48.855547" lon="2.287612">
				 	<ele>0</ele>
				 	<name><![CDATA[P1]]></name>
				 	<desc><![CDATA[]]></desc>
					<sym>1</sym>
				</wpt>
			
				<wpt lat="48.854750" lon="2.288420">
				 	<ele>0</ele>
				 	<name><![CDATA[P2]]></name>
				 	<desc><![CDATA[]]></desc>
					<sym>1</sym>
				</wpt>
			
				<wpt lat="48.846130" lon="2.276833">
				 	<ele>0</ele>
				 	<name><![CDATA[P0]]></name>
				 	<desc><![CDATA[]]></desc>
					<sym>1</sym>
				</wpt>
				<trk>
						<name>ETP24 - Trail 45km ONF VF-17672582</name>
						<trkseg>
					<trkpt lat="48.806960" lon="2.106190">
						<ele>114</ele>
						<time>2023-09-22T09:02:53Z</time>
					</trkpt>
					<trkpt lat="48.803550" lon="2.098170">
						<ele>124</ele>
						<time>2023-09-22T09:08:08Z</time>
					</trkpt>
					<trkpt lat="48.803910" lon="2.097380">
						<ele>121</ele>
						<time>2023-09-22T09:08:39Z</time>
					</trkpt>
					<trkpt lat="48.803580" lon="2.096810">
						<ele>124</ele>
						<time>2023-09-22T09:09:04Z</time>
					</trkpt>
					<trkpt lat="48.803540" lon="2.096610">
						<ele>124</ele>
						<time>2023-09-22T09:09:11Z</time>
					</trkpt>
					<trkpt lat="48.803670" lon="2.096040">
						<ele>121</ele>
						<time>2023-09-22T09:09:31Z</time>
					</trkpt>
					<trkpt lat="48.803860" lon="2.095700">
						<ele>120</ele>
						<time>2023-09-22T09:09:46Z</time>
					</trkpt>
					<trkpt lat="48.804350" lon="2.095610">
						<ele>117</ele>
						<time>2023-09-22T09:10:10Z</time>
					</trkpt>
					<trkpt lat="48.809410" lon="2.098820">
						<ele>112</ele>
						<time>2023-09-22T09:14:45Z</time>
					</trkpt>
					<trkpt lat="48.809660" lon="2.098640">
						<ele>112</ele>
						<time>2023-09-22T09:14:59Z</time>
					</trkpt>
					<trkpt lat="48.809810" lon="2.098250">
						<ele>112</ele>
						<time>2023-09-22T09:15:14Z</time>
					</trkpt>
					<trkpt lat="48.810060" lon="2.098250">
						<ele>112</ele>
						<time>2023-09-22T09:15:26Z</time>
					</trkpt>
					<trkpt lat="48.811490" lon="2.092780">
						<ele>114</ele>
						<time>2023-09-22T09:18:40Z</time>
					</trkpt>
					<trkpt lat="48.811340" lon="2.091770">
						<ele>116</ele>
						<time>2023-09-22T09:19:14Z</time>
					</trkpt>
					<trkpt lat="48.811100" lon="2.091570">
						<ele>118</ele>
						<time>2023-09-22T09:19:28Z</time>
					</trkpt>
					<trkpt lat="48.811900" lon="2.088270">
						<ele>116</ele>
						<time>2023-09-22T09:21:24Z</time>
					</trkpt>
					<trkpt lat="48.812350" lon="2.087550">
						<ele>118</ele>
						<time>2023-09-22T09:21:57Z</time>
					</trkpt>
					<trkpt lat="48.812900" lon="2.086980">
						<ele>117</ele>
						<time>2023-09-22T09:22:30Z</time>
					</trkpt>
					<trkpt lat="48.813440" lon="2.086970">
						<ele>113</ele>
						<time>2023-09-22T09:22:57Z</time>
					</trkpt>
					<trkpt lat="48.813720" lon="2.087130">
						<ele>114</ele>
						<time>2023-09-22T09:23:12Z</time>
					</trkpt>
					<trkpt lat="48.814080" lon="2.087610">
						<ele>115</ele>
						<time>2023-09-22T09:23:36Z</time>
					</trkpt>
					<trkpt lat="48.814300" lon="2.088780">
						<ele>117</ele>
						<time>2023-09-22T09:24:16Z</time>
					</trkpt>
					<trkpt lat="48.814290" lon="2.089540">
						<ele>117</ele>
						<time>2023-09-22T09:24:41Z</time>
					</trkpt>
					<trkpt lat="48.813410" lon="2.092830">
						<ele>117</ele>
						<time>2023-09-22T09:26:38Z</time>
					</trkpt>
					<trkpt lat="48.813170" lon="2.092750">
						<ele>116</ele>
						<time>2023-09-22T09:26:50Z</time>
					</trkpt>
					<trkpt lat="48.812510" lon="2.093410">
						<ele>114</ele>
						<time>2023-09-22T09:27:30Z</time>
					</trkpt>
					<trkpt lat="48.811080" lon="2.098900">
						<ele>113</ele>
						<time>2023-09-22T09:30:44Z</time>
					</trkpt>
					<trkpt lat="48.811280" lon="2.099800">
						<ele>113</ele>
						<time>2023-09-22T09:31:16Z</time>
					</trkpt>
					<trkpt lat="48.814230" lon="2.101530">
						<ele>112</ele>
						<time>2023-09-22T09:33:54Z</time>
					</trkpt>
					<trkpt lat="48.814200" lon="2.102490">
						<ele>110</ele>
						<time>2023-09-22T09:34:26Z</time>
					</trkpt>
					<trkpt lat="48.813660" lon="2.103300">
						<ele>115</ele>
						<time>2023-09-22T09:35:04Z</time>
					</trkpt>
					<trkpt lat="48.813480" lon="2.104290">
						<ele>118</ele>
						<time>2023-09-22T09:35:37Z</time>
					</trkpt>
					<trkpt lat="48.813650" lon="2.106230">
						<ele>119</ele>
						<time>2023-09-22T09:36:42Z</time>
					</trkpt>
					<trkpt lat="48.808860" lon="2.107930">
						<ele>112</ele>
						<time>2023-09-22T09:40:48Z</time>
					</trkpt>
					<trkpt lat="48.808830" lon="2.108530">
						<ele>111</ele>
						<time>2023-09-22T09:41:08Z</time>
					</trkpt>
					<trkpt lat="48.808470" lon="2.109270">
						<ele>112</ele>
						<time>2023-09-22T09:41:38Z</time>
					</trkpt>
					<trkpt lat="48.808190" lon="2.109470">
						<ele>112</ele>
						<time>2023-09-22T09:41:54Z</time>
					</trkpt>
					<trkpt lat="48.807700" lon="2.109510">
						<ele>111</ele>
						<time>2023-09-22T09:42:18Z</time>
					</trkpt>
					<trkpt lat="48.807310" lon="2.109070">
						<ele>113</ele>
						<time>2023-09-22T09:42:43Z</time>
					</trkpt>
					<trkpt lat="48.807200" lon="2.107970">
						<ele>113</ele>
						<time>2023-09-22T09:43:19Z</time>
					</trkpt>
					<trkpt lat="48.803470" lon="2.105630">
						<ele>121</ele>
						<time>2023-09-22T09:46:41Z</time>
					</trkpt>
					<trkpt lat="48.803520" lon="2.105740">
						<ele>121</ele>
						<time>2023-09-22T09:46:46Z</time>
					</trkpt>
					<trkpt lat="48.803450" lon="2.105440">
						<ele>122</ele>
						<time>2023-09-22T09:46:56Z</time>
					</trkpt>
					<trkpt lat="48.803230" lon="2.105410">
						<ele>121</ele>
						<time>2023-09-22T09:47:07Z</time>
					</trkpt>
					<trkpt lat="48.803170" lon="2.105430">
						<ele>121</ele>
						<time>2023-09-22T09:47:10Z</time>
					</trkpt>
					<trkpt lat="48.803040" lon="2.105380">
						<ele>121</ele>
						<time>2023-09-22T09:47:17Z</time>
					</trkpt>
					<trkpt lat="48.802900" lon="2.105110">
						<ele>120</ele>
						<time>2023-09-22T09:47:28Z</time>
					</trkpt>
					<trkpt lat="48.798880" lon="2.102730">
						<ele>122</ele>
						<time>2023-09-22T09:51:04Z</time>
					</trkpt>
					<trkpt lat="48.798770" lon="2.102700">
						<ele>123</ele>
						<time>2023-09-22T09:51:10Z</time>
					</trkpt>
					<trkpt lat="48.798700" lon="2.102780">
						<ele>123</ele>
						<time>2023-09-22T09:51:14Z</time>
					</trkpt>
					<trkpt lat="48.798610" lon="2.102800">
						<ele>123</ele>
						<time>2023-09-22T09:51:19Z</time>
					</trkpt>
					<trkpt lat="48.798570" lon="2.102860">
						<ele>124</ele>
						<time>2023-09-22T09:51:22Z</time>
					</trkpt>
					<trkpt lat="48.798530" lon="2.103150">
						<ele>124</ele>
						<time>2023-09-22T09:51:31Z</time>
					</trkpt>
					<trkpt lat="48.798240" lon="2.104420">
						<ele>124</ele>
						<time>2023-09-22T09:52:16Z</time>
					</trkpt>
					<trkpt lat="48.797580" lon="2.107760">
						<ele>128</ele>
						<time>2023-09-22T09:54:11Z</time>
					</trkpt>
					<trkpt lat="48.797340" lon="2.108750">
						<ele>130</ele>
						<time>2023-09-22T09:54:45Z</time>
					</trkpt>
					<trkpt lat="48.797270" lon="2.109170">
						<ele>129</ele>
						<time>2023-09-22T09:55:00Z</time>
					</trkpt>
					<trkpt lat="48.796590" lon="2.112390">
						<ele>128</ele>
						<time>2023-09-22T09:56:51Z</time>
					</trkpt>
					<trkpt lat="48.796560" lon="2.112430">
						<ele>128</ele>
						<time>2023-09-22T09:56:53Z</time>
					</trkpt>
					<trkpt lat="48.796420" lon="2.112370">
						<ele>128</ele>
						<time>2023-09-22T09:57:00Z</time>
					</trkpt>
					<trkpt lat="48.795990" lon="2.112070">
						<ele>129</ele>
						<time>2023-09-22T09:57:24Z</time>
					</trkpt>
					<trkpt lat="48.795450" lon="2.111760">
						<ele>132</ele>
						<time>2023-09-22T09:57:53Z</time>
					</trkpt>
					<trkpt lat="48.795130" lon="2.111540">
						<ele>135</ele>
						<time>2023-09-22T09:58:11Z</time>
					</trkpt>
					<trkpt lat="48.795050" lon="2.111510">
						<ele>135</ele>
						<time>2023-09-22T09:58:15Z</time>
					</trkpt>
					<trkpt lat="48.795000" lon="2.111550">
						<ele>136</ele>
						<time>2023-09-22T09:58:17Z</time>
					</trkpt>
					<trkpt lat="48.794580" lon="2.112230">
						<ele>135</ele>
						<time>2023-09-22T09:58:48Z</time>
					</trkpt>
					<trkpt lat="48.794240" lon="2.112890">
						<ele>139</ele>
						<time>2023-09-22T09:59:16Z</time>
					</trkpt>
					<trkpt lat="48.794090" lon="2.113240">
						<ele>140</ele>
						<time>2023-09-22T09:59:30Z</time>
					</trkpt>
					<trkpt lat="48.793990" lon="2.113640">
						<ele>139</ele>
						<time>2023-09-22T09:59:44Z</time>
					</trkpt>
					<trkpt lat="48.793940" lon="2.114290">
						<ele>137</ele>
						<time>2023-09-22T10:00:05Z</time>
					</trkpt>
					<trkpt lat="48.793800" lon="2.115410">
						<ele>136</ele>
						<time>2023-09-22T10:00:43Z</time>
					</trkpt>
					<trkpt lat="48.793750" lon="2.115570">
						<ele>138</ele>
						<time>2023-09-22T10:00:49Z</time>
					</trkpt>
					<trkpt lat="48.793700" lon="2.115590">
						<ele>138</ele>
						<time>2023-09-22T10:00:51Z</time>
					</trkpt>
					<trkpt lat="48.793390" lon="2.115430">
						<ele>141</ele>
						<time>2023-09-22T10:01:08Z</time>
					</trkpt>
					<trkpt lat="48.793130" lon="2.115270">
						<ele>141</ele>
						<time>2023-09-22T10:01:22Z</time>
					</trkpt>
					<trkpt lat="48.793010" lon="2.115130">
						<ele>141</ele>
						<time>2023-09-22T10:01:29Z</time>
					</trkpt>
					<trkpt lat="48.792630" lon="2.114910">
						<ele>140</ele>
						<time>2023-09-22T10:01:50Z</time>
					</trkpt>
					<trkpt lat="48.792580" lon="2.114920">
						<ele>140</ele>
						<time>2023-09-22T10:01:52Z</time>
					</trkpt>
					<trkpt lat="48.792560" lon="2.115050">
						<ele>140</ele>
						<time>2023-09-22T10:01:57Z</time>
					</trkpt>
					<trkpt lat="48.792580" lon="2.115880">
						<ele>143</ele>
						<time>2023-09-22T10:02:24Z</time>
					</trkpt>
					<trkpt lat="48.792550" lon="2.116190">
						<ele>145</ele>
						<time>2023-09-22T10:02:34Z</time>
					</trkpt>
					<trkpt lat="48.792550" lon="2.116650">
						<ele>148</ele>
						<time>2023-09-22T10:02:49Z</time>
					</trkpt>
					<trkpt lat="48.792470" lon="2.117030">
						<ele>149</ele>
						<time>2023-09-22T10:03:03Z</time>
					</trkpt>
					<trkpt lat="48.792430" lon="2.117490">
						<ele>150</ele>
						<time>2023-09-22T10:03:18Z</time>
					</trkpt>
					<trkpt lat="48.792370" lon="2.117660">
						<ele>151</ele>
						<time>2023-09-22T10:03:24Z</time>
					</trkpt>
					<trkpt lat="48.792340" lon="2.117860">
						<ele>151</ele>
						<time>2023-09-22T10:03:31Z</time>
					</trkpt>
					<trkpt lat="48.792390" lon="2.118200">
						<ele>150</ele>
						<time>2023-09-22T10:03:42Z</time>
					</trkpt>
					<trkpt lat="48.792290" lon="2.118370">
						<ele>151</ele>
						<time>2023-09-22T10:03:50Z</time>
					</trkpt>
					<trkpt lat="48.792280" lon="2.118430">
						<ele>151</ele>
						<time>2023-09-22T10:03:52Z</time>
					</trkpt>
					<trkpt lat="48.792240" lon="2.119070">
						<ele>151</ele>
						<time>2023-09-22T10:04:13Z</time>
					</trkpt>
					<trkpt lat="48.792250" lon="2.119230">
						<ele>150</ele>
						<time>2023-09-22T10:04:19Z</time>
					</trkpt>
					<trkpt lat="48.792180" lon="2.119580">
						<ele>149</ele>
						<time>2023-09-22T10:04:31Z</time>
					</trkpt>
					<trkpt lat="48.792130" lon="2.120400">
						<ele>145</ele>
						<time>2023-09-22T10:04:58Z</time>
					</trkpt>
					<trkpt lat="48.792040" lon="2.121110">
						<ele>144</ele>
						<time>2023-09-22T10:05:22Z</time>
					</trkpt>
					<trkpt lat="48.792050" lon="2.121180">
						<ele>144</ele>
						<time>2023-09-22T10:05:24Z</time>
					</trkpt>
					<trkpt lat="48.791860" lon="2.121850">
						<ele>149</ele>
						<time>2023-09-22T10:05:48Z</time>
					</trkpt>
					<trkpt lat="48.791840" lon="2.121870">
						<ele>149</ele>
						<time>2023-09-22T10:05:49Z</time>
					</trkpt>
					<trkpt lat="48.791760" lon="2.121870">
						<ele>150</ele>
						<time>2023-09-22T10:05:53Z</time>
					</trkpt>
					<trkpt lat="48.791710" lon="2.121910">
						<ele>151</ele>
						<time>2023-09-22T10:05:56Z</time>
					</trkpt>
					<trkpt lat="48.791640" lon="2.122130">
						<ele>153</ele>
						<time>2023-09-22T10:06:04Z</time>
					</trkpt>
					<trkpt lat="48.791580" lon="2.122210">
						<ele>154</ele>
						<time>2023-09-22T10:06:08Z</time>
					</trkpt>
					<trkpt lat="48.791210" lon="2.122510">
						<ele>162</ele>
						<time>2023-09-22T10:06:29Z</time>
					</trkpt>
					<trkpt lat="48.791080" lon="2.122790">
						<ele>166</ele>
						<time>2023-09-22T10:06:40Z</time>
					</trkpt>
					<trkpt lat="48.791020" lon="2.123030">
						<ele>168</ele>
						<time>2023-09-22T10:06:49Z</time>
					</trkpt>
					<trkpt lat="48.791040" lon="2.123250">
						<ele>169</ele>
						<time>2023-09-22T10:06:56Z</time>
					</trkpt>
					<trkpt lat="48.790980" lon="2.123980">
						<ele>171</ele>
						<time>2023-09-22T10:07:20Z</time>
					</trkpt>
					<trkpt lat="48.790950" lon="2.124050">
						<ele>172</ele>
						<time>2023-09-22T10:07:23Z</time>
					</trkpt>
					<trkpt lat="48.790740" lon="2.123990">
						<ele>176</ele>
						<time>2023-09-22T10:07:34Z</time>
					</trkpt>
					<trkpt lat="48.790620" lon="2.123990">
						<ele>176</ele>
						<time>2023-09-22T10:07:40Z</time>
					</trkpt>
					<trkpt lat="48.790520" lon="2.124020">
						<ele>177</ele>
						<time>2023-09-22T10:07:45Z</time>
					</trkpt>
					<trkpt lat="48.790260" lon="2.124200">
						<ele>178</ele>
						<time>2023-09-22T10:07:59Z</time>
					</trkpt>
					<trkpt lat="48.790030" lon="2.124460">
						<ele>178</ele>
						<time>2023-09-22T10:08:14Z</time>
					</trkpt>
					<trkpt lat="48.789870" lon="2.124740">
						<ele>177</ele>
						<time>2023-09-22T10:08:26Z</time>
					</trkpt>
					<trkpt lat="48.789830" lon="2.124760">
						<ele>177</ele>
						<time>2023-09-22T10:08:28Z</time>
					</trkpt>
					<trkpt lat="48.789840" lon="2.124780">
						<ele>177</ele>
						<time>2023-09-22T10:08:29Z</time>
					</trkpt>
					<trkpt lat="48.789730" lon="2.124810">
						<ele>176</ele>
						<time>2023-09-22T10:08:34Z</time>
					</trkpt>
					<trkpt lat="48.789670" lon="2.124930">
						<ele>176</ele>
						<time>2023-09-22T10:08:39Z</time>
					</trkpt>
					<trkpt lat="48.789360" lon="2.125210">
						<ele>176</ele>
						<time>2023-09-22T10:08:57Z</time>
					</trkpt>
					<trkpt lat="48.789000" lon="2.125680">
						<ele>177</ele>
						<time>2023-09-22T10:09:21Z</time>
					</trkpt>
					<trkpt lat="48.788950" lon="2.125710">
						<ele>177</ele>
						<time>2023-09-22T10:09:24Z</time>
					</trkpt>
					<trkpt lat="48.788850" lon="2.125680">
						<ele>178</ele>
						<time>2023-09-22T10:09:29Z</time>
					</trkpt>
					<trkpt lat="48.788820" lon="2.125540">
						<ele>177</ele>
						<time>2023-09-22T10:09:34Z</time>
					</trkpt>
					<trkpt lat="48.788830" lon="2.125400">
						<ele>177</ele>
						<time>2023-09-22T10:09:38Z</time>
					</trkpt>
					<trkpt lat="48.788780" lon="2.125350">
						<ele>177</ele>
						<time>2023-09-22T10:09:41Z</time>
					</trkpt>
					<trkpt lat="48.788760" lon="2.125350">
						<ele>177</ele>
						<time>2023-09-22T10:09:42Z</time>
					</trkpt>
					<trkpt lat="48.788730" lon="2.125410">
						<ele>178</ele>
						<time>2023-09-22T10:09:45Z</time>
					</trkpt>
					<trkpt lat="48.788660" lon="2.125370">
						<ele>178</ele>
						<time>2023-09-22T10:09:49Z</time>
					</trkpt>
					<trkpt lat="48.788360" lon="2.125430">
						<ele>179</ele>
						<time>2023-09-22T10:10:04Z</time>
					</trkpt>
					<trkpt lat="48.788030" lon="2.125440">
						<ele>180</ele>
						<time>2023-09-22T10:10:20Z</time>
					</trkpt>
					<trkpt lat="48.787730" lon="2.125380">
						<ele>181</ele>
						<time>2023-09-22T10:10:35Z</time>
					</trkpt>
					<trkpt lat="48.787640" lon="2.125330">
						<ele>182</ele>
						<time>2023-09-22T10:10:40Z</time>
					</trkpt>
					<trkpt lat="48.787410" lon="2.125260">
						<ele>182</ele>
						<time>2023-09-22T10:10:52Z</time>
					</trkpt>
					<trkpt lat="48.787120" lon="2.125270">
						<ele>182</ele>
						<time>2023-09-22T10:11:06Z</time>
					</trkpt>
					<trkpt lat="48.786490" lon="2.125540">
						<ele>183</ele>
						<time>2023-09-22T10:11:39Z</time>
					</trkpt>
					<trkpt lat="48.786300" lon="2.125750">
						<ele>183</ele>
						<time>2023-09-22T10:11:51Z</time>
					</trkpt>
					<trkpt lat="48.786060" lon="2.126160">
						<ele>183</ele>
						<time>2023-09-22T10:12:09Z</time>
					</trkpt>
					<trkpt lat="48.785880" lon="2.126700">
						<ele>182</ele>
						<time>2023-09-22T10:12:29Z</time>
					</trkpt>
					<trkpt lat="48.785840" lon="2.126750">
						<ele>182</ele>
						<time>2023-09-22T10:12:32Z</time>
					</trkpt>
					<trkpt lat="48.785660" lon="2.127490">
						<ele>178</ele>
						<time>2023-09-22T10:12:58Z</time>
					</trkpt>
					<trkpt lat="48.785570" lon="2.128190">
						<ele>175</ele>
						<time>2023-09-22T10:13:21Z</time>
					</trkpt>
					<trkpt lat="48.785510" lon="2.128380">
						<ele>174</ele>
						<time>2023-09-22T10:13:28Z</time>
					</trkpt>
					<trkpt lat="48.785480" lon="2.128410">
						<ele>174</ele>
						<time>2023-09-22T10:13:30Z</time>
					</trkpt>
					<trkpt lat="48.785380" lon="2.128410">
						<ele>175</ele>
						<time>2023-09-22T10:13:35Z</time>
					</trkpt>
					<trkpt lat="48.785110" lon="2.128250">
						<ele>177</ele>
						<time>2023-09-22T10:13:49Z</time>
					</trkpt>
					<trkpt lat="48.784610" lon="2.128070">
						<ele>178</ele>
						<time>2023-09-22T10:14:15Z</time>
					</trkpt>
					<trkpt lat="48.784200" lon="2.127860">
						<ele>179</ele>
						<time>2023-09-22T10:14:37Z</time>
					</trkpt>
					<trkpt lat="48.784090" lon="2.127830">
						<ele>180</ele>
						<time>2023-09-22T10:14:42Z</time>
					</trkpt>
					<trkpt lat="48.783860" lon="2.127710">
						<ele>180</ele>
						<time>2023-09-22T10:14:55Z</time>
					</trkpt>
					<trkpt lat="48.783740" lon="2.127620">
						<ele>180</ele>
						<time>2023-09-22T10:15:01Z</time>
					</trkpt>
					<trkpt lat="48.783150" lon="2.126460">
						<ele>180</ele>
						<time>2023-09-22T10:15:50Z</time>
					</trkpt>
					<trkpt lat="48.783030" lon="2.126170">
						<ele>180</ele>
						<time>2023-09-22T10:16:01Z</time>
					</trkpt>
					<trkpt lat="48.782860" lon="2.125940">
						<ele>179</ele>
						<time>2023-09-22T10:16:12Z</time>
					</trkpt>
					<trkpt lat="48.782540" lon="2.125360">
						<ele>178</ele>
						<time>2023-09-22T10:16:37Z</time>
					</trkpt>
					<trkpt lat="48.782490" lon="2.125330">
						<ele>178</ele>
						<time>2023-09-22T10:16:40Z</time>
					</trkpt>
					<trkpt lat="48.782380" lon="2.125130">
						<ele>177</ele>
						<time>2023-09-22T10:16:48Z</time>
					</trkpt>
					<trkpt lat="48.782380" lon="2.125020">
						<ele>177</ele>
						<time>2023-09-22T10:16:52Z</time>
					</trkpt>
					<trkpt lat="48.782290" lon="2.124870">
						<ele>177</ele>
						<time>2023-09-22T10:16:59Z</time>
					</trkpt>
					<trkpt lat="48.782240" lon="2.124880">
						<ele>177</ele>
						<time>2023-09-22T10:17:01Z</time>
					</trkpt>
					<trkpt lat="48.782170" lon="2.125010">
						<ele>177</ele>
						<time>2023-09-22T10:17:07Z</time>
					</trkpt>
					<trkpt lat="48.782120" lon="2.125240">
						<ele>177</ele>
						<time>2023-09-22T10:17:15Z</time>
					</trkpt>
					<trkpt lat="48.782060" lon="2.125360">
						<ele>178</ele>
						<time>2023-09-22T10:17:20Z</time>
					</trkpt>
					<trkpt lat="48.782000" lon="2.125390">
						<ele>178</ele>
						<time>2023-09-22T10:17:23Z</time>
					</trkpt>
					<trkpt lat="48.781940" lon="2.125480">
						<ele>178</ele>
						<time>2023-09-22T10:17:27Z</time>
					</trkpt>
					<trkpt lat="48.781900" lon="2.125610">
						<ele>178</ele>
						<time>2023-09-22T10:17:32Z</time>
					</trkpt>
					<trkpt lat="48.781930" lon="2.125830">
						<ele>178</ele>
						<time>2023-09-22T10:17:39Z</time>
					</trkpt>
					<trkpt lat="48.782000" lon="2.126060">
						<ele>178</ele>
						<time>2023-09-22T10:17:48Z</time>
					</trkpt>
					<trkpt lat="48.782020" lon="2.126290">
						<ele>178</ele>
						<time>2023-09-22T10:17:55Z</time>
					</trkpt>
					<trkpt lat="48.781950" lon="2.126980">
						<ele>177</ele>
						<time>2023-09-22T10:18:18Z</time>
					</trkpt>
					<trkpt lat="48.781990" lon="2.127290">
						<ele>177</ele>
						<time>2023-09-22T10:18:29Z</time>
					</trkpt>
					<trkpt lat="48.782170" lon="2.127550">
						<ele>178</ele>
						<time>2023-09-22T10:18:41Z</time>
					</trkpt>
					<trkpt lat="48.782660" lon="2.128120">
						<ele>179</ele>
						<time>2023-09-22T10:19:12Z</time>
					</trkpt>
					<trkpt lat="48.783110" lon="2.128570">
						<ele>177</ele>
						<time>2023-09-22T10:19:39Z</time>
					</trkpt>
					<trkpt lat="48.783800" lon="2.129170">
						<ele>176</ele>
						<time>2023-09-22T10:20:19Z</time>
					</trkpt>
					<trkpt lat="48.784440" lon="2.129850">
						<ele>173</ele>
						<time>2023-09-22T10:20:58Z</time>
					</trkpt>
					<trkpt lat="48.785120" lon="2.130430">
						<ele>166</ele>
						<time>2023-09-22T10:21:37Z</time>
					</trkpt>
					<trkpt lat="48.786450" lon="2.131680">
						<ele>154</ele>
						<time>2023-09-22T10:22:55Z</time>
					</trkpt>
					<trkpt lat="48.786260" lon="2.132240">
						<ele>153</ele>
						<time>2023-09-22T10:23:16Z</time>
					</trkpt>
					<trkpt lat="48.786350" lon="2.132500">
						<ele>151</ele>
						<time>2023-09-22T10:23:26Z</time>
					</trkpt>
					<trkpt lat="48.786280" lon="2.133010">
						<ele>153</ele>
						<time>2023-09-22T10:23:43Z</time>
					</trkpt>
					<trkpt lat="48.786280" lon="2.133320">
						<ele>153</ele>
						<time>2023-09-22T10:23:53Z</time>
					</trkpt>
					<trkpt lat="48.786210" lon="2.133810">
						<ele>158</ele>
						<time>2023-09-22T10:24:10Z</time>
					</trkpt>
					<trkpt lat="48.785770" lon="2.133830">
						<ele>157</ele>
						<time>2023-09-22T10:24:32Z</time>
					</trkpt>
					<trkpt lat="48.784910" lon="2.133960">
						<ele>156</ele>
						<time>2023-09-22T10:25:15Z</time>
					</trkpt>
					<trkpt lat="48.784240" lon="2.133360">
						<ele>152</ele>
						<time>2023-09-22T10:25:54Z</time>
					</trkpt>
					<trkpt lat="48.784050" lon="2.133300">
						<ele>151</ele>
						<time>2023-09-22T10:26:04Z</time>
					</trkpt>
					<trkpt lat="48.783270" lon="2.133180">
						<ele>151</ele>
						<time>2023-09-22T10:26:43Z</time>
					</trkpt>
					<trkpt lat="48.783110" lon="2.133130">
						<ele>150</ele>
						<time>2023-09-22T10:26:51Z</time>
					</trkpt>
					<trkpt lat="48.783110" lon="2.133160">
						<ele>151</ele>
						<time>2023-09-22T10:26:52Z</time>
					</trkpt>
					<trkpt lat="48.782890" lon="2.133140">
						<ele>151</ele>
						<time>2023-09-22T10:27:03Z</time>
					</trkpt>
					<trkpt lat="48.782310" lon="2.133030">
						<ele>149</ele>
						<time>2023-09-22T10:27:32Z</time>
					</trkpt>
					<trkpt lat="48.782120" lon="2.133020">
						<ele>149</ele>
						<time>2023-09-22T10:27:42Z</time>
					</trkpt>
					<trkpt lat="48.781920" lon="2.133070">
						<ele>149</ele>
						<time>2023-09-22T10:27:52Z</time>
					</trkpt>
					<trkpt lat="48.781220" lon="2.132950">
						<ele>150</ele>
						<time>2023-09-22T10:28:27Z</time>
					</trkpt>
					<trkpt lat="48.781180" lon="2.132970">
						<ele>151</ele>
						<time>2023-09-22T10:28:29Z</time>
					</trkpt>
					<trkpt lat="48.781100" lon="2.133110">
						<ele>154</ele>
						<time>2023-09-22T10:28:35Z</time>
					</trkpt>
					<trkpt lat="48.780970" lon="2.133240">
						<ele>157</ele>
						<time>2023-09-22T10:28:43Z</time>
					</trkpt>
					<trkpt lat="48.780710" lon="2.133240">
						<ele>158</ele>
						<time>2023-09-22T10:28:56Z</time>
					</trkpt>
					<trkpt lat="48.780590" lon="2.133200">
						<ele>158</ele>
						<time>2023-09-22T10:29:02Z</time>
					</trkpt>
					<trkpt lat="48.780560" lon="2.133230">
						<ele>158</ele>
						<time>2023-09-22T10:29:04Z</time>
					</trkpt>
					<trkpt lat="48.780390" lon="2.133290">
						<ele>159</ele>
						<time>2023-09-22T10:29:13Z</time>
					</trkpt>
					<trkpt lat="48.780060" lon="2.134050">
						<ele>170</ele>
						<time>2023-09-22T10:29:43Z</time>
					</trkpt>
					<trkpt lat="48.780020" lon="2.134300">
						<ele>173</ele>
						<time>2023-09-22T10:29:51Z</time>
					</trkpt>
					<trkpt lat="48.779950" lon="2.134420">
						<ele>173</ele>
						<time>2023-09-22T10:29:57Z</time>
					</trkpt>
					<trkpt lat="48.779890" lon="2.134450">
						<ele>173</ele>
						<time>2023-09-22T10:30:00Z</time>
					</trkpt>
					<trkpt lat="48.779180" lon="2.133750">
						<ele>167</ele>
						<time>2023-09-22T10:30:42Z</time>
					</trkpt>
					<trkpt lat="48.778400" lon="2.133090">
						<ele>167</ele>
						<time>2023-09-22T10:31:27Z</time>
					</trkpt>
					<trkpt lat="48.778130" lon="2.132890">
						<ele>167</ele>
						<time>2023-09-22T10:31:42Z</time>
					</trkpt>
					<trkpt lat="48.777530" lon="2.132290">
						<ele>167</ele>
						<time>2023-09-22T10:32:18Z</time>
					</trkpt>
					<trkpt lat="48.777420" lon="2.132210">
						<ele>166</ele>
						<time>2023-09-22T10:32:24Z</time>
					</trkpt>
					<trkpt lat="48.777250" lon="2.132180">
						<ele>164</ele>
						<time>2023-09-22T10:32:33Z</time>
					</trkpt>
					<trkpt lat="48.777160" lon="2.132220">
						<ele>164</ele>
						<time>2023-09-22T10:32:37Z</time>
					</trkpt>
					<trkpt lat="48.777030" lon="2.132380">
						<ele>164</ele>
						<time>2023-09-22T10:32:46Z</time>
					</trkpt>
					<trkpt lat="48.776440" lon="2.133460">
						<ele>161</ele>
						<time>2023-09-22T10:33:32Z</time>
					</trkpt>
					<trkpt lat="48.776350" lon="2.133550">
						<ele>160</ele>
						<time>2023-09-22T10:33:37Z</time>
					</trkpt>
					<trkpt lat="48.776180" lon="2.133620">
						<ele>158</ele>
						<time>2023-09-22T10:33:46Z</time>
					</trkpt>
					<trkpt lat="48.775780" lon="2.133930">
						<ele>154</ele>
						<time>2023-09-22T10:34:09Z</time>
					</trkpt>
					<trkpt lat="48.775700" lon="2.134040">
						<ele>153</ele>
						<time>2023-09-22T10:34:14Z</time>
					</trkpt>
					<trkpt lat="48.775650" lon="2.134170">
						<ele>152</ele>
						<time>2023-09-22T10:34:19Z</time>
					</trkpt>
					<trkpt lat="48.775630" lon="2.134450">
						<ele>152</ele>
						<time>2023-09-22T10:34:28Z</time>
					</trkpt>
					<trkpt lat="48.775680" lon="2.134780">
						<ele>153</ele>
						<time>2023-09-22T10:34:39Z</time>
					</trkpt>
					<trkpt lat="48.775740" lon="2.134920">
						<ele>154</ele>
						<time>2023-09-22T10:34:45Z</time>
					</trkpt>
					<trkpt lat="48.775750" lon="2.135060">
						<ele>154</ele>
						<time>2023-09-22T10:34:50Z</time>
					</trkpt>
					<trkpt lat="48.775710" lon="2.135350">
						<ele>154</ele>
						<time>2023-09-22T10:34:59Z</time>
					</trkpt>
					<trkpt lat="48.775520" lon="2.135820">
						<ele>152</ele>
						<time>2023-09-22T10:35:17Z</time>
					</trkpt>
					<trkpt lat="48.775470" lon="2.135990">
						<ele>152</ele>
						<time>2023-09-22T10:35:24Z</time>
					</trkpt>
					<trkpt lat="48.775420" lon="2.136320">
						<ele>153</ele>
						<time>2023-09-22T10:35:35Z</time>
					</trkpt>
					<trkpt lat="48.775280" lon="2.136480">
						<ele>152</ele>
						<time>2023-09-22T10:35:44Z</time>
					</trkpt>
					<trkpt lat="48.775130" lon="2.136800">
						<ele>152</ele>
						<time>2023-09-22T10:35:56Z</time>
					</trkpt>
					<trkpt lat="48.775040" lon="2.136910">
						<ele>152</ele>
						<time>2023-09-22T10:36:02Z</time>
					</trkpt>
					<trkpt lat="48.774890" lon="2.136260">
						<ele>146</ele>
						<time>2023-09-22T10:36:25Z</time>
					</trkpt>
					<trkpt lat="48.774800" lon="2.135730">
						<ele>140</ele>
						<time>2023-09-22T10:36:43Z</time>
					</trkpt>
					<trkpt lat="48.774760" lon="2.135100">
						<ele>134</ele>
						<time>2023-09-22T10:37:04Z</time>
					</trkpt>
					<trkpt lat="48.774440" lon="2.135420">
						<ele>129</ele>
						<time>2023-09-22T10:37:23Z</time>
					</trkpt>
					<trkpt lat="48.774010" lon="2.136040">
						<ele>123</ele>
						<time>2023-09-22T10:37:53Z</time>
					</trkpt>
					<trkpt lat="48.773690" lon="2.136840">
						<ele>119</ele>
						<time>2023-09-22T10:38:24Z</time>
					</trkpt>
					<trkpt lat="48.773530" lon="2.137650">
						<ele>115</ele>
						<time>2023-09-22T10:38:52Z</time>
					</trkpt>
					<trkpt lat="48.773330" lon="2.138270">
						<ele>112</ele>
						<time>2023-09-22T10:39:14Z</time>
					</trkpt>
					<trkpt lat="48.773080" lon="2.138830">
						<ele>111</ele>
						<time>2023-09-22T10:39:37Z</time>
					</trkpt>
					<trkpt lat="48.772890" lon="2.139510">
						<ele>113</ele>
						<time>2023-09-22T10:40:01Z</time>
					</trkpt>
					<trkpt lat="48.772630" lon="2.140210">
						<ele>112</ele>
						<time>2023-09-22T10:40:27Z</time>
					</trkpt>
					<trkpt lat="48.772460" lon="2.140510">
						<ele>111</ele>
						<time>2023-09-22T10:40:41Z</time>
					</trkpt>
					<trkpt lat="48.772290" lon="2.140690">
						<ele>111</ele>
						<time>2023-09-22T10:40:51Z</time>
					</trkpt>
					<trkpt lat="48.772190" lon="2.140850">
						<ele>111</ele>
						<time>2023-09-22T10:40:58Z</time>
					</trkpt>
					<trkpt lat="48.772010" lon="2.140870">
						<ele>109</ele>
						<time>2023-09-22T10:41:07Z</time>
					</trkpt>
					<trkpt lat="48.771680" lon="2.141300">
						<ele>109</ele>
						<time>2023-09-22T10:41:29Z</time>
					</trkpt>
					<trkpt lat="48.771630" lon="2.141410">
						<ele>110</ele>
						<time>2023-09-22T10:41:33Z</time>
					</trkpt>
					<trkpt lat="48.771390" lon="2.142320">
						<ele>114</ele>
						<time>2023-09-22T10:42:06Z</time>
					</trkpt>
					<trkpt lat="48.771400" lon="2.142380">
						<ele>115</ele>
						<time>2023-09-22T10:42:08Z</time>
					</trkpt>
					<trkpt lat="48.771240" lon="2.143040">
						<ele>118</ele>
						<time>2023-09-22T10:42:31Z</time>
					</trkpt>
					<trkpt lat="48.770920" lon="2.143940">
						<ele>116</ele>
						<time>2023-09-22T10:43:05Z</time>
					</trkpt>
					<trkpt lat="48.770880" lon="2.144260">
						<ele>117</ele>
						<time>2023-09-22T10:43:15Z</time>
					</trkpt>
					<trkpt lat="48.770890" lon="2.144450">
						<ele>118</ele>
						<time>2023-09-22T10:43:22Z</time>
					</trkpt>
					<trkpt lat="48.770830" lon="2.145240">
						<ele>118</ele>
						<time>2023-09-22T10:43:48Z</time>
					</trkpt>
					<trkpt lat="48.770690" lon="2.146090">
						<ele>110</ele>
						<time>2023-09-22T10:44:17Z</time>
					</trkpt>
					<trkpt lat="48.770630" lon="2.146170">
						<ele>109</ele>
						<time>2023-09-22T10:44:21Z</time>
					</trkpt>
					<trkpt lat="48.770640" lon="2.146300">
						<ele>108</ele>
						<time>2023-09-22T10:44:25Z</time>
					</trkpt>
					<trkpt lat="48.770750" lon="2.146540">
						<ele>107</ele>
						<time>2023-09-22T10:44:35Z</time>
					</trkpt>
					<trkpt lat="48.770920" lon="2.146800">
						<ele>107</ele>
						<time>2023-09-22T10:44:47Z</time>
					</trkpt>
					<trkpt lat="48.771040" lon="2.147180">
						<ele>109</ele>
						<time>2023-09-22T10:45:01Z</time>
					</trkpt>
					<trkpt lat="48.771260" lon="2.147360">
						<ele>111</ele>
						<time>2023-09-22T10:45:13Z</time>
					</trkpt>
					<trkpt lat="48.771440" lon="2.147440">
						<ele>112</ele>
						<time>2023-09-22T10:45:23Z</time>
					</trkpt>
					<trkpt lat="48.771620" lon="2.147630">
						<ele>114</ele>
						<time>2023-09-22T10:45:34Z</time>
					</trkpt>
					<trkpt lat="48.771590" lon="2.147800">
						<ele>115</ele>
						<time>2023-09-22T10:45:39Z</time>
					</trkpt>
					<trkpt lat="48.771510" lon="2.147880">
						<ele>115</ele>
						<time>2023-09-22T10:45:44Z</time>
					</trkpt>
					<trkpt lat="48.771420" lon="2.147790">
						<ele>114</ele>
						<time>2023-09-22T10:45:50Z</time>
					</trkpt>
					<trkpt lat="48.771310" lon="2.147760">
						<ele>113</ele>
						<time>2023-09-22T10:45:55Z</time>
					</trkpt>
					<trkpt lat="48.770990" lon="2.147970">
						<ele>114</ele>
						<time>2023-09-22T10:46:13Z</time>
					</trkpt>
					<trkpt lat="48.770620" lon="2.148590">
						<ele>119</ele>
						<time>2023-09-22T10:46:40Z</time>
					</trkpt>
					<trkpt lat="48.770460" lon="2.148960">
						<ele>123</ele>
						<time>2023-09-22T10:46:55Z</time>
					</trkpt>
					<trkpt lat="48.770460" lon="2.149010">
						<ele>124</ele>
						<time>2023-09-22T10:46:56Z</time>
					</trkpt>
					<trkpt lat="48.770360" lon="2.149170">
						<ele>124</ele>
						<time>2023-09-22T10:47:04Z</time>
					</trkpt>
					<trkpt lat="48.770210" lon="2.149540">
						<ele>126</ele>
						<time>2023-09-22T10:47:18Z</time>
					</trkpt>
					<trkpt lat="48.770150" lon="2.149820">
						<ele>129</ele>
						<time>2023-09-22T10:47:28Z</time>
					</trkpt>
					<trkpt lat="48.769990" lon="2.150260">
						<ele>130</ele>
						<time>2023-09-22T10:47:44Z</time>
					</trkpt>
					<trkpt lat="48.770010" lon="2.151020">
						<ele>137</ele>
						<time>2023-09-22T10:48:09Z</time>
					</trkpt>
					<trkpt lat="48.770090" lon="2.151430">
						<ele>140</ele>
						<time>2023-09-22T10:48:24Z</time>
					</trkpt>
					<trkpt lat="48.770320" lon="2.151760">
						<ele>147</ele>
						<time>2023-09-22T10:48:39Z</time>
					</trkpt>
					<trkpt lat="48.770450" lon="2.151880">
						<ele>150</ele>
						<time>2023-09-22T10:48:47Z</time>
					</trkpt>
					<trkpt lat="48.770660" lon="2.152190">
						<ele>155</ele>
						<time>2023-09-22T10:49:02Z</time>
					</trkpt>
					<trkpt lat="48.770960" lon="2.152430">
						<ele>160</ele>
						<time>2023-09-22T10:49:19Z</time>
					</trkpt>
					<trkpt lat="48.771010" lon="2.152530">
						<ele>160</ele>
						<time>2023-09-22T10:49:23Z</time>
					</trkpt>
					<trkpt lat="48.771050" lon="2.152560">
						<ele>160</ele>
						<time>2023-09-22T10:49:25Z</time>
					</trkpt>
					<trkpt lat="48.771130" lon="2.152740">
						<ele>160</ele>
						<time>2023-09-22T10:49:32Z</time>
					</trkpt>
					<trkpt lat="48.771130" lon="2.153350">
						<ele>161</ele>
						<time>2023-09-22T10:49:52Z</time>
					</trkpt>
					<trkpt lat="48.771980" lon="2.154010">
						<ele>164</ele>
						<time>2023-09-22T10:50:40Z</time>
					</trkpt>
					<trkpt lat="48.772900" lon="2.154670">
						<ele>169</ele>
						<time>2023-09-22T10:51:31Z</time>
					</trkpt>
					<trkpt lat="48.773340" lon="2.154950">
						<ele>171</ele>
						<time>2023-09-22T10:51:55Z</time>
					</trkpt>
					<trkpt lat="48.773930" lon="2.155460">
						<ele>172</ele>
						<time>2023-09-22T10:52:29Z</time>
					</trkpt>
					<trkpt lat="48.775280" lon="2.156470">
						<ele>173</ele>
						<time>2023-09-22T10:53:44Z</time>
					</trkpt>
					<trkpt lat="48.777230" lon="2.158040">
						<ele>174</ele>
						<time>2023-09-22T10:55:35Z</time>
					</trkpt>
					<trkpt lat="48.776650" lon="2.161000">
						<ele>181</ele>
						<time>2023-09-22T10:57:16Z</time>
					</trkpt>
					<trkpt lat="48.776680" lon="2.161090">
						<ele>181</ele>
						<time>2023-09-22T10:57:20Z</time>
					</trkpt>
					<trkpt lat="48.776940" lon="2.161270">
						<ele>181</ele>
						<time>2023-09-22T10:57:34Z</time>
					</trkpt>
					<trkpt lat="48.776900" lon="2.162200">
						<ele>180</ele>
						<time>2023-09-22T10:58:05Z</time>
					</trkpt>
					<trkpt lat="48.776810" lon="2.163260">
						<ele>180</ele>
						<time>2023-09-22T10:58:40Z</time>
					</trkpt>
					<trkpt lat="48.776830" lon="2.163630">
						<ele>180</ele>
						<time>2023-09-22T10:58:52Z</time>
					</trkpt>
					<trkpt lat="48.776880" lon="2.163710">
						<ele>181</ele>
						<time>2023-09-22T10:58:56Z</time>
					</trkpt>
					<trkpt lat="48.777050" lon="2.163820">
						<ele>182</ele>
						<time>2023-09-22T10:59:05Z</time>
					</trkpt>
					<trkpt lat="48.777540" lon="2.164050">
						<ele>183</ele>
						<time>2023-09-22T10:59:31Z</time>
					</trkpt>
					<trkpt lat="48.778030" lon="2.164190">
						<ele>183</ele>
						<time>2023-09-22T10:59:56Z</time>
					</trkpt>
					<trkpt lat="48.778240" lon="2.164290">
						<ele>183</ele>
						<time>2023-09-22T11:00:07Z</time>
					</trkpt>
					<trkpt lat="48.778440" lon="2.164340">
						<ele>183</ele>
						<time>2023-09-22T11:00:17Z</time>
					</trkpt>
					<trkpt lat="48.778750" lon="2.164500">
						<ele>183</ele>
						<time>2023-09-22T11:00:33Z</time>
					</trkpt>
					<trkpt lat="48.779190" lon="2.164660">
						<ele>182</ele>
						<time>2023-09-22T11:00:56Z</time>
					</trkpt>
					<trkpt lat="48.779370" lon="2.164750">
						<ele>182</ele>
						<time>2023-09-22T11:01:05Z</time>
					</trkpt>
					<trkpt lat="48.779720" lon="2.164840">
						<ele>182</ele>
						<time>2023-09-22T11:01:23Z</time>
					</trkpt>
					<trkpt lat="48.780350" lon="2.165100">
						<ele>183</ele>
						<time>2023-09-22T11:01:56Z</time>
					</trkpt>
					<trkpt lat="48.780790" lon="2.165220">
						<ele>183</ele>
						<time>2023-09-22T11:02:18Z</time>
					</trkpt>
					<trkpt lat="48.780950" lon="2.165110">
						<ele>183</ele>
						<time>2023-09-22T11:02:27Z</time>
					</trkpt>
					<trkpt lat="48.781010" lon="2.165000">
						<ele>183</ele>
						<time>2023-09-22T11:02:32Z</time>
					</trkpt>
					<trkpt lat="48.781130" lon="2.164640">
						<ele>183</ele>
						<time>2023-09-22T11:02:45Z</time>
					</trkpt>
					<trkpt lat="48.781250" lon="2.164470">
						<ele>182</ele>
						<time>2023-09-22T11:02:53Z</time>
					</trkpt>
					<trkpt lat="48.781320" lon="2.164420">
						<ele>182</ele>
						<time>2023-09-22T11:02:57Z</time>
					</trkpt>
					<trkpt lat="48.781460" lon="2.164390">
						<ele>181</ele>
						<time>2023-09-22T11:03:04Z</time>
					</trkpt>
					<trkpt lat="48.781960" lon="2.164500">
						<ele>181</ele>
						<time>2023-09-22T11:03:30Z</time>
					</trkpt>
					<trkpt lat="48.782590" lon="2.164700">
						<ele>184</ele>
						<time>2023-09-22T11:04:02Z</time>
					</trkpt>
					<trkpt lat="48.782660" lon="2.164600">
						<ele>184</ele>
						<time>2023-09-22T11:04:07Z</time>
					</trkpt>
					<trkpt lat="48.782690" lon="2.163880">
						<ele>185</ele>
						<time>2023-09-22T11:04:30Z</time>
					</trkpt>
					<trkpt lat="48.782760" lon="2.163220">
						<ele>185</ele>
						<time>2023-09-22T11:04:52Z</time>
					</trkpt>
					<trkpt lat="48.782930" lon="2.162730">
						<ele>185</ele>
						<time>2023-09-22T11:05:11Z</time>
					</trkpt>
					<trkpt lat="48.783100" lon="2.161970">
						<ele>185</ele>
						<time>2023-09-22T11:05:37Z</time>
					</trkpt>
					<trkpt lat="48.783190" lon="2.161720">
						<ele>185</ele>
						<time>2023-09-22T11:05:47Z</time>
					</trkpt>
					<trkpt lat="48.783990" lon="2.161450">
						<ele>186</ele>
						<time>2023-09-22T11:06:28Z</time>
					</trkpt>
					<trkpt lat="48.784050" lon="2.161410">
						<ele>186</ele>
						<time>2023-09-22T11:06:31Z</time>
					</trkpt>
					<trkpt lat="48.784260" lon="2.161370">
						<ele>186</ele>
						<time>2023-09-22T11:06:41Z</time>
					</trkpt>
					<trkpt lat="48.784380" lon="2.161400">
						<ele>186</ele>
						<time>2023-09-22T11:06:47Z</time>
					</trkpt>
					<trkpt lat="48.784640" lon="2.161280">
						<ele>186</ele>
						<time>2023-09-22T11:07:01Z</time>
					</trkpt>
					<trkpt lat="48.784860" lon="2.161210">
						<ele>186</ele>
						<time>2023-09-22T11:07:12Z</time>
					</trkpt>
					<trkpt lat="48.785320" lon="2.160980">
						<ele>185</ele>
						<time>2023-09-22T11:07:37Z</time>
					</trkpt>
					<trkpt lat="48.785610" lon="2.160890">
						<ele>183</ele>
						<time>2023-09-22T11:07:51Z</time>
					</trkpt>
					<trkpt lat="48.786090" lon="2.160800">
						<ele>177</ele>
						<time>2023-09-22T11:08:16Z</time>
					</trkpt>
					<trkpt lat="48.786200" lon="2.160800">
						<ele>175</ele>
						<time>2023-09-22T11:08:21Z</time>
					</trkpt>
					<trkpt lat="48.786300" lon="2.160900">
						<ele>174</ele>
						<time>2023-09-22T11:08:27Z</time>
					</trkpt>
					<trkpt lat="48.786380" lon="2.161120">
						<ele>174</ele>
						<time>2023-09-22T11:08:35Z</time>
					</trkpt>
					<trkpt lat="48.786400" lon="2.161820">
						<ele>176</ele>
						<time>2023-09-22T11:08:58Z</time>
					</trkpt>
					<trkpt lat="48.786510" lon="2.162170">
						<ele>174</ele>
						<time>2023-09-22T11:09:11Z</time>
					</trkpt>
					<trkpt lat="48.786500" lon="2.163260">
						<ele>173</ele>
						<time>2023-09-22T11:09:47Z</time>
					</trkpt>
					<trkpt lat="48.786390" lon="2.163610">
						<ele>174</ele>
						<time>2023-09-22T11:10:00Z</time>
					</trkpt>
					<trkpt lat="48.786290" lon="2.163830">
						<ele>176</ele>
						<time>2023-09-22T11:10:09Z</time>
					</trkpt>
					<trkpt lat="48.786180" lon="2.164210">
						<ele>177</ele>
						<time>2023-09-22T11:10:22Z</time>
					</trkpt>
					<trkpt lat="48.788170" lon="2.163400">
						<ele>141</ele>
						<time>2023-09-22T11:12:06Z</time>
					</trkpt>
					<trkpt lat="48.789430" lon="2.163040">
						<ele>136</ele>
						<time>2023-09-22T11:13:10Z</time>
					</trkpt>
					<trkpt lat="48.789500" lon="2.163260">
						<ele>137</ele>
						<time>2023-09-22T11:13:18Z</time>
					</trkpt>
					<trkpt lat="48.789570" lon="2.163350">
						<ele>137</ele>
						<time>2023-09-22T11:13:22Z</time>
					</trkpt>
					<trkpt lat="48.789660" lon="2.163560">
						<ele>137</ele>
						<time>2023-09-22T11:13:31Z</time>
					</trkpt>
					<trkpt lat="48.789690" lon="2.163680">
						<ele>138</ele>
						<time>2023-09-22T11:13:35Z</time>
					</trkpt>
					<trkpt lat="48.789680" lon="2.163870">
						<ele>138</ele>
						<time>2023-09-22T11:13:41Z</time>
					</trkpt>
					<trkpt lat="48.789510" lon="2.164500">
						<ele>142</ele>
						<time>2023-09-22T11:14:04Z</time>
					</trkpt>
					<trkpt lat="48.789380" lon="2.164850">
						<ele>144</ele>
						<time>2023-09-22T11:14:17Z</time>
					</trkpt>
					<trkpt lat="48.789260" lon="2.165070">
						<ele>146</ele>
						<time>2023-09-22T11:14:26Z</time>
					</trkpt>
					<trkpt lat="48.789160" lon="2.165450">
						<ele>149</ele>
						<time>2023-09-22T11:14:40Z</time>
					</trkpt>
					<trkpt lat="48.789010" lon="2.165690">
						<ele>153</ele>
						<time>2023-09-22T11:14:51Z</time>
					</trkpt>
					<trkpt lat="48.788960" lon="2.165820">
						<ele>154</ele>
						<time>2023-09-22T11:14:56Z</time>
					</trkpt>
					<trkpt lat="48.788950" lon="2.165930">
						<ele>155</ele>
						<time>2023-09-22T11:14:59Z</time>
					</trkpt>
					<trkpt lat="48.788850" lon="2.166050">
						<ele>157</ele>
						<time>2023-09-22T11:15:06Z</time>
					</trkpt>
					<trkpt lat="48.788760" lon="2.166290">
						<ele>159</ele>
						<time>2023-09-22T11:15:15Z</time>
					</trkpt>
					<trkpt lat="48.788710" lon="2.166360">
						<ele>159</ele>
						<time>2023-09-22T11:15:18Z</time>
					</trkpt>
					<trkpt lat="48.788670" lon="2.166550">
						<ele>161</ele>
						<time>2023-09-22T11:15:25Z</time>
					</trkpt>
					<trkpt lat="48.788470" lon="2.166930">
						<ele>165</ele>
						<time>2023-09-22T11:15:41Z</time>
					</trkpt>
					<trkpt lat="48.788370" lon="2.167250">
						<ele>168</ele>
						<time>2023-09-22T11:15:52Z</time>
					</trkpt>
					<trkpt lat="48.787960" lon="2.168170">
						<ele>176</ele>
						<time>2023-09-22T11:16:29Z</time>
					</trkpt>
					<trkpt lat="48.788110" lon="2.168340">
						<ele>176</ele>
						<time>2023-09-22T11:16:38Z</time>
					</trkpt>
					<trkpt lat="48.788330" lon="2.168350">
						<ele>176</ele>
						<time>2023-09-22T11:16:49Z</time>
					</trkpt>
					<trkpt lat="48.788490" lon="2.168250">
						<ele>176</ele>
						<time>2023-09-22T11:16:58Z</time>
					</trkpt>
					<trkpt lat="48.789090" lon="2.167640">
						<ele>171</ele>
						<time>2023-09-22T11:17:34Z</time>
					</trkpt>
					<trkpt lat="48.789650" lon="2.167500">
						<ele>171</ele>
						<time>2023-09-22T11:18:03Z</time>
					</trkpt>
					<trkpt lat="48.789960" lon="2.167550">
						<ele>172</ele>
						<time>2023-09-22T11:18:18Z</time>
					</trkpt>
					<trkpt lat="48.790190" lon="2.167660">
						<ele>173</ele>
						<time>2023-09-22T11:18:30Z</time>
					</trkpt>
					<trkpt lat="48.790430" lon="2.167850">
						<ele>173</ele>
						<time>2023-09-22T11:18:44Z</time>
					</trkpt>
					<trkpt lat="48.790620" lon="2.167960">
						<ele>173</ele>
						<time>2023-09-22T11:18:54Z</time>
					</trkpt>
					<trkpt lat="48.791070" lon="2.168530">
						<ele>175</ele>
						<time>2023-09-22T11:19:23Z</time>
					</trkpt>
					<trkpt lat="48.791260" lon="2.169460">
						<ele>175</ele>
						<time>2023-09-22T11:19:55Z</time>
					</trkpt>
					<trkpt lat="48.792140" lon="2.172880">
						<ele>175</ele>
						<time>2023-09-22T11:21:57Z</time>
					</trkpt>
					<trkpt lat="48.792100" lon="2.173140">
						<ele>174</ele>
						<time>2023-09-22T11:22:05Z</time>
					</trkpt>
					<trkpt lat="48.791650" lon="2.175050">
						<ele>173</ele>
						<time>2023-09-22T11:23:12Z</time>
					</trkpt>
					<trkpt lat="48.791380" lon="2.175970">
						<ele>173</ele>
						<time>2023-09-22T11:23:45Z</time>
					</trkpt>
					<trkpt lat="48.791290" lon="2.176480">
						<ele>173</ele>
						<time>2023-09-22T11:24:03Z</time>
					</trkpt>
					<trkpt lat="48.791180" lon="2.176740">
						<ele>174</ele>
						<time>2023-09-22T11:24:13Z</time>
					</trkpt>
					<trkpt lat="48.791050" lon="2.176890">
						<ele>175</ele>
						<time>2023-09-22T11:24:21Z</time>
					</trkpt>
					<trkpt lat="48.790610" lon="2.177220">
						<ele>177</ele>
						<time>2023-09-22T11:24:46Z</time>
					</trkpt>
					<trkpt lat="48.789840" lon="2.177910">
						<ele>177</ele>
						<time>2023-09-22T11:25:30Z</time>
					</trkpt>
					<trkpt lat="48.788710" lon="2.178800">
						<ele>174</ele>
						<time>2023-09-22T11:26:34Z</time>
					</trkpt>
					<trkpt lat="48.788610" lon="2.178960">
						<ele>174</ele>
						<time>2023-09-22T11:26:41Z</time>
					</trkpt>
					<trkpt lat="48.788550" lon="2.179010">
						<ele>174</ele>
						<time>2023-09-22T11:26:45Z</time>
					</trkpt>
					<trkpt lat="48.788350" lon="2.179680">
						<ele>174</ele>
						<time>2023-09-22T11:27:09Z</time>
					</trkpt>
					<trkpt lat="48.788240" lon="2.179910">
						<ele>175</ele>
						<time>2023-09-22T11:27:19Z</time>
					</trkpt>
					<trkpt lat="48.788300" lon="2.180100">
						<ele>175</ele>
						<time>2023-09-22T11:27:25Z</time>
					</trkpt>
					<trkpt lat="48.788380" lon="2.180180">
						<ele>176</ele>
						<time>2023-09-22T11:27:30Z</time>
					</trkpt>
					<trkpt lat="48.788590" lon="2.180310">
						<ele>176</ele>
						<time>2023-09-22T11:27:42Z</time>
					</trkpt>
					<trkpt lat="48.788700" lon="2.180440">
						<ele>177</ele>
						<time>2023-09-22T11:27:49Z</time>
					</trkpt>
					<trkpt lat="48.789060" lon="2.180700">
						<ele>178</ele>
						<time>2023-09-22T11:28:09Z</time>
					</trkpt>
					<trkpt lat="48.789690" lon="2.181040">
						<ele>176</ele>
						<time>2023-09-22T11:28:42Z</time>
					</trkpt>
					<trkpt lat="48.789930" lon="2.181260">
						<ele>176</ele>
						<time>2023-09-22T11:28:56Z</time>
					</trkpt>
					<trkpt lat="48.790160" lon="2.181610">
						<ele>177</ele>
						<time>2023-09-22T11:29:12Z</time>
					</trkpt>
					<trkpt lat="48.790540" lon="2.182110">
						<ele>178</ele>
						<time>2023-09-22T11:29:37Z</time>
					</trkpt>
					<trkpt lat="48.790600" lon="2.182240">
						<ele>179</ele>
						<time>2023-09-22T11:29:43Z</time>
					</trkpt>
					<trkpt lat="48.790990" lon="2.182740">
						<ele>179</ele>
						<time>2023-09-22T11:30:08Z</time>
					</trkpt>
					<trkpt lat="48.791130" lon="2.182970">
						<ele>179</ele>
						<time>2023-09-22T11:30:19Z</time>
					</trkpt>
					<trkpt lat="48.791440" lon="2.183250">
						<ele>178</ele>
						<time>2023-09-22T11:30:37Z</time>
					</trkpt>
					<trkpt lat="48.791460" lon="2.183310">
						<ele>178</ele>
						<time>2023-09-22T11:30:39Z</time>
					</trkpt>
					<trkpt lat="48.791780" lon="2.183750">
						<ele>173</ele>
						<time>2023-09-22T11:31:00Z</time>
					</trkpt>
					<trkpt lat="48.791940" lon="2.183910">
						<ele>170</ele>
						<time>2023-09-22T11:31:10Z</time>
					</trkpt>
					<trkpt lat="48.792040" lon="2.184130">
						<ele>167</ele>
						<time>2023-09-22T11:31:19Z</time>
					</trkpt>
					<trkpt lat="48.792290" lon="2.184280">
						<ele>162</ele>
						<time>2023-09-22T11:31:32Z</time>
					</trkpt>
					<trkpt lat="48.792380" lon="2.184360">
						<ele>160</ele>
						<time>2023-09-22T11:31:38Z</time>
					</trkpt>
					<trkpt lat="48.792620" lon="2.184620">
						<ele>154</ele>
						<time>2023-09-22T11:31:52Z</time>
					</trkpt>
					<trkpt lat="48.792700" lon="2.184740">
						<ele>152</ele>
						<time>2023-09-22T11:31:58Z</time>
					</trkpt>
					<trkpt lat="48.792810" lon="2.184830">
						<ele>150</ele>
						<time>2023-09-22T11:32:04Z</time>
					</trkpt>
					<trkpt lat="48.792890" lon="2.184840">
						<ele>149</ele>
						<time>2023-09-22T11:32:08Z</time>
					</trkpt>
					<trkpt lat="48.793160" lon="2.185010">
						<ele>145</ele>
						<time>2023-09-22T11:32:23Z</time>
					</trkpt>
					<trkpt lat="48.793270" lon="2.185240">
						<ele>142</ele>
						<time>2023-09-22T11:32:32Z</time>
					</trkpt>
					<trkpt lat="48.793820" lon="2.186000">
						<ele>133</ele>
						<time>2023-09-22T11:33:09Z</time>
					</trkpt>
					<trkpt lat="48.794290" lon="2.186470">
						<ele>127</ele>
						<time>2023-09-22T11:33:38Z</time>
					</trkpt>
					<trkpt lat="48.794100" lon="2.186900">
						<ele>125</ele>
						<time>2023-09-22T11:33:55Z</time>
					</trkpt>
					<trkpt lat="48.793790" lon="2.187100">
						<ele>126</ele>
						<time>2023-09-22T11:34:12Z</time>
					</trkpt>
					<trkpt lat="48.793600" lon="2.187350">
						<ele>125</ele>
						<time>2023-09-22T11:34:24Z</time>
					</trkpt>
					<trkpt lat="48.793520" lon="2.187830">
						<ele>125</ele>
						<time>2023-09-22T11:34:40Z</time>
					</trkpt>
					<trkpt lat="48.793520" lon="2.188180">
						<ele>126</ele>
						<time>2023-09-22T11:34:52Z</time>
					</trkpt>
					<trkpt lat="48.792450" lon="2.188880">
						<ele>140</ele>
						<time>2023-09-22T11:35:50Z</time>
					</trkpt>
					<trkpt lat="48.791560" lon="2.192240">
						<ele>127</ele>
						<time>2023-09-22T11:37:50Z</time>
					</trkpt>
					<trkpt lat="48.791010" lon="2.194740">
						<ele>142</ele>
						<time>2023-09-22T11:39:17Z</time>
					</trkpt>
					<trkpt lat="48.788640" lon="2.193310">
						<ele>174</ele>
						<time>2023-09-22T11:41:24Z</time>
					</trkpt>
					<trkpt lat="48.788530" lon="2.193780">
						<ele>174</ele>
						<time>2023-09-22T11:41:41Z</time>
					</trkpt>
					<trkpt lat="48.788280" lon="2.194560">
						<ele>174</ele>
						<time>2023-09-22T11:42:09Z</time>
					</trkpt>
					<trkpt lat="48.788050" lon="2.195180">
						<ele>172</ele>
						<time>2023-09-22T11:42:33Z</time>
					</trkpt>
					<trkpt lat="48.787990" lon="2.195440">
						<ele>171</ele>
						<time>2023-09-22T11:42:42Z</time>
					</trkpt>
					<trkpt lat="48.787910" lon="2.195660">
						<ele>171</ele>
						<time>2023-09-22T11:42:50Z</time>
					</trkpt>
					<trkpt lat="48.787750" lon="2.195950">
						<ele>170</ele>
						<time>2023-09-22T11:43:03Z</time>
					</trkpt>
					<trkpt lat="48.787510" lon="2.196640">
						<ele>170</ele>
						<time>2023-09-22T11:43:28Z</time>
					</trkpt>
					<trkpt lat="48.787400" lon="2.196820">
						<ele>168</ele>
						<time>2023-09-22T11:43:36Z</time>
					</trkpt>
					<trkpt lat="48.787310" lon="2.197090">
						<ele>166</ele>
						<time>2023-09-22T11:43:46Z</time>
					</trkpt>
					<trkpt lat="48.787170" lon="2.197370">
						<ele>163</ele>
						<time>2023-09-22T11:43:58Z</time>
					</trkpt>
					<trkpt lat="48.787080" lon="2.197660">
						<ele>160</ele>
						<time>2023-09-22T11:44:08Z</time>
					</trkpt>
					<trkpt lat="48.787030" lon="2.197670">
						<ele>160</ele>
						<time>2023-09-22T11:44:11Z</time>
					</trkpt>
					<trkpt lat="48.786970" lon="2.197630">
						<ele>159</ele>
						<time>2023-09-22T11:44:14Z</time>
					</trkpt>
					<trkpt lat="48.786860" lon="2.197830">
						<ele>158</ele>
						<time>2023-09-22T11:44:23Z</time>
					</trkpt>
					<trkpt lat="48.786670" lon="2.198070">
						<ele>156</ele>
						<time>2023-09-22T11:44:35Z</time>
					</trkpt>
					<trkpt lat="48.786590" lon="2.198210">
						<ele>155</ele>
						<time>2023-09-22T11:44:41Z</time>
					</trkpt>
					<trkpt lat="48.786430" lon="2.198390">
						<ele>155</ele>
						<time>2023-09-22T11:44:51Z</time>
					</trkpt>
					<trkpt lat="48.786190" lon="2.198600">
						<ele>156</ele>
						<time>2023-09-22T11:45:05Z</time>
					</trkpt>
					<trkpt lat="48.786050" lon="2.198830">
						<ele>159</ele>
						<time>2023-09-22T11:45:15Z</time>
					</trkpt>
					<trkpt lat="48.786090" lon="2.199060">
						<ele>161</ele>
						<time>2023-09-22T11:45:23Z</time>
					</trkpt>
					<trkpt lat="48.786670" lon="2.200630">
						<ele>158</ele>
						<time>2023-09-22T11:46:23Z</time>
					</trkpt>
					<trkpt lat="48.786760" lon="2.201100">
						<ele>157</ele>
						<time>2023-09-22T11:46:39Z</time>
					</trkpt>
					<trkpt lat="48.787580" lon="2.202870">
						<ele>145</ele>
						<time>2023-09-22T11:47:50Z</time>
					</trkpt>
					<trkpt lat="48.787620" lon="2.203030">
						<ele>146</ele>
						<time>2023-09-22T11:47:56Z</time>
					</trkpt>
					<trkpt lat="48.788520" lon="2.203780">
						<ele>145</ele>
						<time>2023-09-22T11:48:47Z</time>
					</trkpt>
					<trkpt lat="48.788700" lon="2.203910">
						<ele>146</ele>
						<time>2023-09-22T11:48:57Z</time>
					</trkpt>
					<trkpt lat="48.788920" lon="2.204010">
						<ele>146</ele>
						<time>2023-09-22T11:49:09Z</time>
					</trkpt>
					<trkpt lat="48.789060" lon="2.204040">
						<ele>146</ele>
						<time>2023-09-22T11:49:16Z</time>
					</trkpt>
					<trkpt lat="48.789640" lon="2.204060">
						<ele>147</ele>
						<time>2023-09-22T11:49:45Z</time>
					</trkpt>
					<trkpt lat="48.790510" lon="2.204160">
						<ele>145</ele>
						<time>2023-09-22T11:50:28Z</time>
					</trkpt>
					<trkpt lat="48.790840" lon="2.204310">
						<ele>144</ele>
						<time>2023-09-22T11:50:46Z</time>
					</trkpt>
					<trkpt lat="48.791270" lon="2.204600">
						<ele>143</ele>
						<time>2023-09-22T11:51:09Z</time>
					</trkpt>
					<trkpt lat="48.791500" lon="2.204850">
						<ele>142</ele>
						<time>2023-09-22T11:51:23Z</time>
					</trkpt>
					<trkpt lat="48.791610" lon="2.204890">
						<ele>141</ele>
						<time>2023-09-22T11:51:29Z</time>
					</trkpt>
					<trkpt lat="48.791870" lon="2.204910">
						<ele>140</ele>
						<time>2023-09-22T11:51:42Z</time>
					</trkpt>
					<trkpt lat="48.792260" lon="2.204890">
						<ele>139</ele>
						<time>2023-09-22T11:52:02Z</time>
					</trkpt>
					<trkpt lat="48.792370" lon="2.204840">
						<ele>138</ele>
						<time>2023-09-22T11:52:07Z</time>
					</trkpt>
					<trkpt lat="48.792530" lon="2.204640">
						<ele>136</ele>
						<time>2023-09-22T11:52:18Z</time>
					</trkpt>
					<trkpt lat="48.793730" lon="2.203520">
						<ele>135</ele>
						<time>2023-09-22T11:53:28Z</time>
					</trkpt>
					<trkpt lat="48.793910" lon="2.203310">
						<ele>136</ele>
						<time>2023-09-22T11:53:40Z</time>
					</trkpt>
					<trkpt lat="48.794090" lon="2.203150">
						<ele>137</ele>
						<time>2023-09-22T11:53:50Z</time>
					</trkpt>
					<trkpt lat="48.794180" lon="2.202960">
						<ele>136</ele>
						<time>2023-09-22T11:53:58Z</time>
					</trkpt>
					<trkpt lat="48.794270" lon="2.202890">
						<ele>136</ele>
						<time>2023-09-22T11:54:03Z</time>
					</trkpt>
					<trkpt lat="48.794330" lon="2.202960">
						<ele>137</ele>
						<time>2023-09-22T11:54:07Z</time>
					</trkpt>
					<trkpt lat="48.794450" lon="2.202960">
						<ele>138</ele>
						<time>2023-09-22T11:54:13Z</time>
					</trkpt>
					<trkpt lat="48.794500" lon="2.202990">
						<ele>139</ele>
						<time>2023-09-22T11:54:15Z</time>
					</trkpt>
					<trkpt lat="48.794630" lon="2.202960">
						<ele>140</ele>
						<time>2023-09-22T11:54:22Z</time>
					</trkpt>
					<trkpt lat="48.795020" lon="2.202720">
						<ele>140</ele>
						<time>2023-09-22T11:54:43Z</time>
					</trkpt>
					<trkpt lat="48.795110" lon="2.202510">
						<ele>138</ele>
						<time>2023-09-22T11:54:51Z</time>
					</trkpt>
					<trkpt lat="48.795180" lon="2.202450">
						<ele>138</ele>
						<time>2023-09-22T11:54:55Z</time>
					</trkpt>
					<trkpt lat="48.795340" lon="2.202510">
						<ele>140</ele>
						<time>2023-09-22T11:55:03Z</time>
					</trkpt>
					<trkpt lat="48.795370" lon="2.202580">
						<ele>141</ele>
						<time>2023-09-22T11:55:06Z</time>
					</trkpt>
					<trkpt lat="48.795490" lon="2.202510">
						<ele>141</ele>
						<time>2023-09-22T11:55:13Z</time>
					</trkpt>
					<trkpt lat="48.795880" lon="2.202790">
						<ele>146</ele>
						<time>2023-09-22T11:55:34Z</time>
					</trkpt>
					<trkpt lat="48.795970" lon="2.202730">
						<ele>145</ele>
						<time>2023-09-22T11:55:39Z</time>
					</trkpt>
					<trkpt lat="48.796050" lon="2.202370">
						<ele>141</ele>
						<time>2023-09-22T11:55:52Z</time>
					</trkpt>
					<trkpt lat="48.796220" lon="2.202180">
						<ele>139</ele>
						<time>2023-09-22T11:56:02Z</time>
					</trkpt>
					<trkpt lat="48.796330" lon="2.202120">
						<ele>138</ele>
						<time>2023-09-22T11:56:08Z</time>
					</trkpt>
					<trkpt lat="48.796650" lon="2.201670">
						<ele>135</ele>
						<time>2023-09-22T11:56:30Z</time>
					</trkpt>
					<trkpt lat="48.796690" lon="2.201530">
						<ele>134</ele>
						<time>2023-09-22T11:56:35Z</time>
					</trkpt>
					<trkpt lat="48.796860" lon="2.201280">
						<ele>134</ele>
						<time>2023-09-22T11:56:47Z</time>
					</trkpt>
					<trkpt lat="48.796890" lon="2.201140">
						<ele>133</ele>
						<time>2023-09-22T11:56:52Z</time>
					</trkpt>
					<trkpt lat="48.797000" lon="2.200990">
						<ele>133</ele>
						<time>2023-09-22T11:56:59Z</time>
					</trkpt>
					<trkpt lat="48.797150" lon="2.200530">
						<ele>130</ele>
						<time>2023-09-22T11:57:16Z</time>
					</trkpt>
					<trkpt lat="48.797250" lon="2.200350">
						<ele>129</ele>
						<time>2023-09-22T11:57:24Z</time>
					</trkpt>
					<trkpt lat="48.797360" lon="2.200280">
						<ele>129</ele>
						<time>2023-09-22T11:57:30Z</time>
					</trkpt>
					<trkpt lat="48.797490" lon="2.200070">
						<ele>128</ele>
						<time>2023-09-22T11:57:39Z</time>
					</trkpt>
					<trkpt lat="48.797580" lon="2.200030">
						<ele>128</ele>
						<time>2023-09-22T11:57:44Z</time>
					</trkpt>
					<trkpt lat="48.797690" lon="2.199820">
						<ele>127</ele>
						<time>2023-09-22T11:57:53Z</time>
					</trkpt>
					<trkpt lat="48.798070" lon="2.199650">
						<ele>129</ele>
						<time>2023-09-22T11:58:13Z</time>
					</trkpt>
					<trkpt lat="48.798240" lon="2.199610">
						<ele>130</ele>
						<time>2023-09-22T11:58:21Z</time>
					</trkpt>
					<trkpt lat="48.798300" lon="2.199560">
						<ele>129</ele>
						<time>2023-09-22T11:58:25Z</time>
					</trkpt>
					<trkpt lat="48.798410" lon="2.199600">
						<ele>130</ele>
						<time>2023-09-22T11:58:30Z</time>
					</trkpt>
					<trkpt lat="48.798440" lon="2.199820">
						<ele>133</ele>
						<time>2023-09-22T11:58:38Z</time>
					</trkpt>
					<trkpt lat="48.798440" lon="2.200530">
						<ele>141</ele>
						<time>2023-09-22T11:59:01Z</time>
					</trkpt>
					<trkpt lat="48.798550" lon="2.200590">
						<ele>141</ele>
						<time>2023-09-22T11:59:07Z</time>
					</trkpt>
					<trkpt lat="48.798590" lon="2.200860">
						<ele>143</ele>
						<time>2023-09-22T11:59:16Z</time>
					</trkpt>
					<trkpt lat="48.798600" lon="2.201140">
						<ele>147</ele>
						<time>2023-09-22T11:59:25Z</time>
					</trkpt>
					<trkpt lat="48.798530" lon="2.201360">
						<ele>149</ele>
						<time>2023-09-22T11:59:33Z</time>
					</trkpt>
					<trkpt lat="48.798540" lon="2.201490">
						<ele>151</ele>
						<time>2023-09-22T11:59:38Z</time>
					</trkpt>
					<trkpt lat="48.798410" lon="2.201850">
						<ele>156</ele>
						<time>2023-09-22T11:59:51Z</time>
					</trkpt>
					<trkpt lat="48.798410" lon="2.202520">
						<ele>166</ele>
						<time>2023-09-22T12:00:13Z</time>
					</trkpt>
					<trkpt lat="48.798630" lon="2.202980">
						<ele>168</ele>
						<time>2023-09-22T12:00:32Z</time>
					</trkpt>
					<trkpt lat="48.798930" lon="2.203870">
						<ele>173</ele>
						<time>2023-09-22T12:01:05Z</time>
					</trkpt>
					<trkpt lat="48.799110" lon="2.204160">
						<ele>174</ele>
						<time>2023-09-22T12:01:18Z</time>
					</trkpt>
					<trkpt lat="48.799490" lon="2.204390">
						<ele>174</ele>
						<time>2023-09-22T12:01:39Z</time>
					</trkpt>
					<trkpt lat="48.799860" lon="2.204480">
						<ele>172</ele>
						<time>2023-09-22T12:01:57Z</time>
					</trkpt>
					<trkpt lat="48.800280" lon="2.204450">
						<ele>172</ele>
						<time>2023-09-22T12:02:18Z</time>
					</trkpt>
					<trkpt lat="48.800610" lon="2.204390">
						<ele>173</ele>
						<time>2023-09-22T12:02:35Z</time>
					</trkpt>
					<trkpt lat="48.800860" lon="2.204240">
						<ele>172</ele>
						<time>2023-09-22T12:02:48Z</time>
					</trkpt>
					<trkpt lat="48.801020" lon="2.204240">
						<ele>173</ele>
						<time>2023-09-22T12:02:56Z</time>
					</trkpt>
					<trkpt lat="48.801170" lon="2.204050">
						<ele>173</ele>
						<time>2023-09-22T12:03:06Z</time>
					</trkpt>
					<trkpt lat="48.801350" lon="2.203700">
						<ele>173</ele>
						<time>2023-09-22T12:03:21Z</time>
					</trkpt>
					<trkpt lat="48.801680" lon="2.203320">
						<ele>175</ele>
						<time>2023-09-22T12:03:42Z</time>
					</trkpt>
					<trkpt lat="48.801500" lon="2.203020">
						<ele>172</ele>
						<time>2023-09-22T12:03:55Z</time>
					</trkpt>
					<trkpt lat="48.801580" lon="2.202500">
						<ele>171</ele>
						<time>2023-09-22T12:04:13Z</time>
					</trkpt>
					<trkpt lat="48.801840" lon="2.201950">
						<ele>169</ele>
						<time>2023-09-22T12:04:35Z</time>
					</trkpt>
					<trkpt lat="48.802280" lon="2.201560">
						<ele>169</ele>
						<time>2023-09-22T12:05:00Z</time>
					</trkpt>
					<trkpt lat="48.803040" lon="2.201060">
						<ele>166</ele>
						<time>2023-09-22T12:05:42Z</time>
					</trkpt>
					<trkpt lat="48.803290" lon="2.200610">
						<ele>162</ele>
						<time>2023-09-22T12:06:01Z</time>
					</trkpt>
					<trkpt lat="48.803380" lon="2.200400">
						<ele>160</ele>
						<time>2023-09-22T12:06:09Z</time>
					</trkpt>
					<trkpt lat="48.803420" lon="2.200190">
						<ele>158</ele>
						<time>2023-09-22T12:06:17Z</time>
					</trkpt>
					<trkpt lat="48.803140" lon="2.199940">
						<ele>154</ele>
						<time>2023-09-22T12:06:33Z</time>
					</trkpt>
					<trkpt lat="48.802890" lon="2.199240">
						<ele>149</ele>
						<time>2023-09-22T12:06:59Z</time>
					</trkpt>
					<trkpt lat="48.802280" lon="2.199570">
						<ele>147</ele>
						<time>2023-09-22T12:07:32Z</time>
					</trkpt>
					<trkpt lat="48.801800" lon="2.199150">
						<ele>139</ele>
						<time>2023-09-22T12:07:59Z</time>
					</trkpt>
					<trkpt lat="48.800890" lon="2.198250">
						<ele>130</ele>
						<time>2023-09-22T12:08:54Z</time>
					</trkpt>
					<trkpt lat="48.800430" lon="2.197870">
						<ele>124</ele>
						<time>2023-09-22T12:09:20Z</time>
					</trkpt>
					<trkpt lat="48.799950" lon="2.197410">
						<ele>116</ele>
						<time>2023-09-22T12:09:48Z</time>
					</trkpt>
					<trkpt lat="48.800250" lon="2.197170">
						<ele>118</ele>
						<time>2023-09-22T12:10:05Z</time>
					</trkpt>
					<trkpt lat="48.800530" lon="2.197030">
						<ele>121</ele>
						<time>2023-09-22T12:10:20Z</time>
					</trkpt>
					<trkpt lat="48.801070" lon="2.196540">
						<ele>127</ele>
						<time>2023-09-22T12:10:51Z</time>
					</trkpt>
					<trkpt lat="48.801360" lon="2.196380">
						<ele>130</ele>
						<time>2023-09-22T12:11:07Z</time>
					</trkpt>
					<trkpt lat="48.801620" lon="2.196160">
						<ele>132</ele>
						<time>2023-09-22T12:11:22Z</time>
					</trkpt>
					<trkpt lat="48.801720" lon="2.196040">
						<ele>133</ele>
						<time>2023-09-22T12:11:28Z</time>
					</trkpt>
					<trkpt lat="48.802120" lon="2.195730">
						<ele>135</ele>
						<time>2023-09-22T12:11:51Z</time>
					</trkpt>
					<trkpt lat="48.802190" lon="2.195630">
						<ele>135</ele>
						<time>2023-09-22T12:11:55Z</time>
					</trkpt>
					<trkpt lat="48.802550" lon="2.195430">
						<ele>136</ele>
						<time>2023-09-22T12:12:15Z</time>
					</trkpt>
					<trkpt lat="48.802600" lon="2.195360">
						<ele>137</ele>
						<time>2023-09-22T12:12:18Z</time>
					</trkpt>
					<trkpt lat="48.803090" lon="2.194960">
						<ele>140</ele>
						<time>2023-09-22T12:12:46Z</time>
					</trkpt>
					<trkpt lat="48.803400" lon="2.194750">
						<ele>141</ele>
						<time>2023-09-22T12:13:03Z</time>
					</trkpt>
					<trkpt lat="48.803960" lon="2.194300">
						<ele>142</ele>
						<time>2023-09-22T12:13:35Z</time>
					</trkpt>
					<trkpt lat="48.804010" lon="2.194170">
						<ele>143</ele>
						<time>2023-09-22T12:13:40Z</time>
					</trkpt>
					<trkpt lat="48.803920" lon="2.193980">
						<ele>142</ele>
						<time>2023-09-22T12:13:47Z</time>
					</trkpt>
					<trkpt lat="48.803910" lon="2.193880">
						<ele>142</ele>
						<time>2023-09-22T12:13:51Z</time>
					</trkpt>
					<trkpt lat="48.803930" lon="2.193860">
						<ele>142</ele>
						<time>2023-09-22T12:13:52Z</time>
					</trkpt>
					<trkpt lat="48.803950" lon="2.193620">
						<ele>142</ele>
						<time>2023-09-22T12:14:00Z</time>
					</trkpt>
					<trkpt lat="48.803930" lon="2.193220">
						<ele>141</ele>
						<time>2023-09-22T12:14:13Z</time>
					</trkpt>
					<trkpt lat="48.803880" lon="2.193000">
						<ele>140</ele>
						<time>2023-09-22T12:14:21Z</time>
					</trkpt>
					<trkpt lat="48.803830" lon="2.192890">
						<ele>140</ele>
						<time>2023-09-22T12:14:25Z</time>
					</trkpt>
					<trkpt lat="48.803870" lon="2.192750">
						<ele>139</ele>
						<time>2023-09-22T12:14:30Z</time>
					</trkpt>
					<trkpt lat="48.803900" lon="2.192540">
						<ele>137</ele>
						<time>2023-09-22T12:14:37Z</time>
					</trkpt>
					<trkpt lat="48.803890" lon="2.192420">
						<ele>136</ele>
						<time>2023-09-22T12:14:41Z</time>
					</trkpt>
					<trkpt lat="48.803910" lon="2.192380">
						<ele>136</ele>
						<time>2023-09-22T12:14:43Z</time>
					</trkpt>
					<trkpt lat="48.803930" lon="2.192370">
						<ele>135</ele>
						<time>2023-09-22T12:14:44Z</time>
					</trkpt>
					<trkpt lat="48.803960" lon="2.192400">
						<ele>136</ele>
						<time>2023-09-22T12:14:46Z</time>
					</trkpt>
					<trkpt lat="48.804050" lon="2.192380">
						<ele>135</ele>
						<time>2023-09-22T12:14:50Z</time>
					</trkpt>
					<trkpt lat="48.804120" lon="2.192330">
						<ele>134</ele>
						<time>2023-09-22T12:14:54Z</time>
					</trkpt>
					<trkpt lat="48.804380" lon="2.192330">
						<ele>133</ele>
						<time>2023-09-22T12:15:07Z</time>
					</trkpt>
					<trkpt lat="48.804480" lon="2.192400">
						<ele>133</ele>
						<time>2023-09-22T12:15:13Z</time>
					</trkpt>
					<trkpt lat="48.804750" lon="2.192320">
						<ele>131</ele>
						<time>2023-09-22T12:15:26Z</time>
					</trkpt>
					<trkpt lat="48.804940" lon="2.192330">
						<ele>131</ele>
						<time>2023-09-22T12:15:36Z</time>
					</trkpt>
					<trkpt lat="48.805000" lon="2.192450">
						<ele>132</ele>
						<time>2023-09-22T12:15:41Z</time>
					</trkpt>
					<trkpt lat="48.805170" lon="2.192170">
						<ele>129</ele>
						<time>2023-09-22T12:15:53Z</time>
					</trkpt>
					<trkpt lat="48.805600" lon="2.192280">
						<ele>131</ele>
						<time>2023-09-22T12:16:15Z</time>
					</trkpt>
					<trkpt lat="48.805810" lon="2.192880">
						<ele>135</ele>
						<time>2023-09-22T12:16:38Z</time>
					</trkpt>
					<trkpt lat="48.805780" lon="2.193910">
						<ele>139</ele>
						<time>2023-09-22T12:17:12Z</time>
					</trkpt>
					<trkpt lat="48.805740" lon="2.194360">
						<ele>140</ele>
						<time>2023-09-22T12:17:27Z</time>
					</trkpt>
					<trkpt lat="48.805920" lon="2.194600">
						<ele>140</ele>
						<time>2023-09-22T12:17:39Z</time>
					</trkpt>
					<trkpt lat="48.805990" lon="2.194650">
						<ele>140</ele>
						<time>2023-09-22T12:17:42Z</time>
					</trkpt>
					<trkpt lat="48.805980" lon="2.194740">
						<ele>140</ele>
						<time>2023-09-22T12:17:45Z</time>
					</trkpt>
					<trkpt lat="48.806000" lon="2.194770">
						<ele>140</ele>
						<time>2023-09-22T12:17:47Z</time>
					</trkpt>
					<trkpt lat="48.806010" lon="2.194990">
						<ele>140</ele>
						<time>2023-09-22T12:17:54Z</time>
					</trkpt>
					<trkpt lat="48.806210" lon="2.195200">
						<ele>139</ele>
						<time>2023-09-22T12:18:06Z</time>
					</trkpt>
					<trkpt lat="48.806590" lon="2.195340">
						<ele>136</ele>
						<time>2023-09-22T12:18:26Z</time>
					</trkpt>
					<trkpt lat="48.807350" lon="2.195490">
						<ele>128</ele>
						<time>2023-09-22T12:19:04Z</time>
					</trkpt>
					<trkpt lat="48.807390" lon="2.195480">
						<ele>128</ele>
						<time>2023-09-22T12:19:06Z</time>
					</trkpt>
					<trkpt lat="48.808360" lon="2.195660">
						<ele>115</ele>
						<time>2023-09-22T12:19:55Z</time>
					</trkpt>
					<trkpt lat="48.808500" lon="2.195570">
						<ele>114</ele>
						<time>2023-09-22T12:20:03Z</time>
					</trkpt>
					<trkpt lat="48.808530" lon="2.195600">
						<ele>114</ele>
						<time>2023-09-22T12:20:05Z</time>
					</trkpt>
					<trkpt lat="48.808620" lon="2.195980">
						<ele>115</ele>
						<time>2023-09-22T12:20:18Z</time>
					</trkpt>
					<trkpt lat="48.808670" lon="2.196060">
						<ele>115</ele>
						<time>2023-09-22T12:20:21Z</time>
					</trkpt>
					<trkpt lat="48.808720" lon="2.196270">
						<ele>116</ele>
						<time>2023-09-22T12:20:29Z</time>
					</trkpt>
					<trkpt lat="48.808800" lon="2.196440">
						<ele>117</ele>
						<time>2023-09-22T12:20:36Z</time>
					</trkpt>
					<trkpt lat="48.808870" lon="2.196850">
						<ele>120</ele>
						<time>2023-09-22T12:20:50Z</time>
					</trkpt>
					<trkpt lat="48.808860" lon="2.196960">
						<ele>120</ele>
						<time>2023-09-22T12:20:53Z</time>
					</trkpt>
					<trkpt lat="48.808930" lon="2.197060">
						<ele>121</ele>
						<time>2023-09-22T12:20:58Z</time>
					</trkpt>
					<trkpt lat="48.808980" lon="2.197240">
						<ele>123</ele>
						<time>2023-09-22T12:21:05Z</time>
					</trkpt>
					<trkpt lat="48.809080" lon="2.197330">
						<ele>125</ele>
						<time>2023-09-22T12:21:10Z</time>
					</trkpt>
					<trkpt lat="48.809130" lon="2.197460">
						<ele>126</ele>
						<time>2023-09-22T12:21:15Z</time>
					</trkpt>
					<trkpt lat="48.809270" lon="2.197710">
						<ele>131</ele>
						<time>2023-09-22T12:21:26Z</time>
					</trkpt>
					<trkpt lat="48.809340" lon="2.197780">
						<ele>132</ele>
						<time>2023-09-22T12:21:30Z</time>
					</trkpt>
					<trkpt lat="48.809370" lon="2.197860">
						<ele>133</ele>
						<time>2023-09-22T12:21:33Z</time>
					</trkpt>
					<trkpt lat="48.809440" lon="2.197900">
						<ele>135</ele>
						<time>2023-09-22T12:21:37Z</time>
					</trkpt>
					<trkpt lat="48.809510" lon="2.198110">
						<ele>138</ele>
						<time>2023-09-22T12:21:45Z</time>
					</trkpt>
					<trkpt lat="48.809500" lon="2.198340">
						<ele>140</ele>
						<time>2023-09-22T12:21:52Z</time>
					</trkpt>
					<trkpt lat="48.809340" lon="2.198580">
						<ele>140</ele>
						<time>2023-09-22T12:22:04Z</time>
					</trkpt>
					<trkpt lat="48.809350" lon="2.198920">
						<ele>144</ele>
						<time>2023-09-22T12:22:15Z</time>
					</trkpt>
					<trkpt lat="48.809290" lon="2.199160">
						<ele>145</ele>
						<time>2023-09-22T12:22:23Z</time>
					</trkpt>
					<trkpt lat="48.809350" lon="2.199300">
						<ele>147</ele>
						<time>2023-09-22T12:22:29Z</time>
					</trkpt>
					<trkpt lat="48.809360" lon="2.199540">
						<ele>149</ele>
						<time>2023-09-22T12:22:37Z</time>
					</trkpt>
					<trkpt lat="48.809310" lon="2.199600">
						<ele>149</ele>
						<time>2023-09-22T12:22:40Z</time>
					</trkpt>
					<trkpt lat="48.809270" lon="2.199710">
						<ele>149</ele>
						<time>2023-09-22T12:22:44Z</time>
					</trkpt>
					<trkpt lat="48.809310" lon="2.199830">
						<ele>151</ele>
						<time>2023-09-22T12:22:49Z</time>
					</trkpt>
					<trkpt lat="48.809370" lon="2.199810">
						<ele>152</ele>
						<time>2023-09-22T12:22:52Z</time>
					</trkpt>
					<trkpt lat="48.809440" lon="2.199860">
						<ele>153</ele>
						<time>2023-09-22T12:22:56Z</time>
					</trkpt>
					<trkpt lat="48.809560" lon="2.199850">
						<ele>155</ele>
						<time>2023-09-22T12:23:02Z</time>
					</trkpt>
					<trkpt lat="48.809590" lon="2.199930">
						<ele>156</ele>
						<time>2023-09-22T12:23:05Z</time>
					</trkpt>
					<trkpt lat="48.809690" lon="2.200020">
						<ele>158</ele>
						<time>2023-09-22T12:23:10Z</time>
					</trkpt>
					<trkpt lat="48.809960" lon="2.200150">
						<ele>163</ele>
						<time>2023-09-22T12:23:25Z</time>
					</trkpt>
					<trkpt lat="48.810070" lon="2.200290">
						<ele>165</ele>
						<time>2023-09-22T12:23:32Z</time>
					</trkpt>
					<trkpt lat="48.810160" lon="2.200330">
						<ele>166</ele>
						<time>2023-09-22T12:23:36Z</time>
					</trkpt>
					<trkpt lat="48.810220" lon="2.200390">
						<ele>166</ele>
						<time>2023-09-22T12:23:40Z</time>
					</trkpt>
					<trkpt lat="48.811630" lon="2.200920">
						<ele>170</ele>
						<time>2023-09-22T12:24:53Z</time>
					</trkpt>
					<trkpt lat="48.811790" lon="2.200930">
						<ele>168</ele>
						<time>2023-09-22T12:25:01Z</time>
					</trkpt>
					<trkpt lat="48.812190" lon="2.201040">
						<ele>164</ele>
						<time>2023-09-22T12:25:21Z</time>
					</trkpt>
					<trkpt lat="48.812310" lon="2.201000">
						<ele>162</ele>
						<time>2023-09-22T12:25:27Z</time>
					</trkpt>
					<trkpt lat="48.812380" lon="2.200840">
						<ele>161</ele>
						<time>2023-09-22T12:25:34Z</time>
					</trkpt>
					<trkpt lat="48.812620" lon="2.200490">
						<ele>156</ele>
						<time>2023-09-22T12:25:50Z</time>
					</trkpt>
					<trkpt lat="48.813180" lon="2.199800">
						<ele>145</ele>
						<time>2023-09-22T12:26:26Z</time>
					</trkpt>
					<trkpt lat="48.813590" lon="2.199240">
						<ele>136</ele>
						<time>2023-09-22T12:26:54Z</time>
					</trkpt>
					<trkpt lat="48.813820" lon="2.198870">
						<ele>132</ele>
						<time>2023-09-22T12:27:11Z</time>
					</trkpt>
					<trkpt lat="48.813970" lon="2.198690">
						<ele>129</ele>
						<time>2023-09-22T12:27:20Z</time>
					</trkpt>
					<trkpt lat="48.814070" lon="2.198530">
						<ele>127</ele>
						<time>2023-09-22T12:27:28Z</time>
					</trkpt>
					<trkpt lat="48.814160" lon="2.198190">
						<ele>122</ele>
						<time>2023-09-22T12:27:40Z</time>
					</trkpt>
					<trkpt lat="48.814410" lon="2.197810">
						<ele>116</ele>
						<time>2023-09-22T12:27:57Z</time>
					</trkpt>
					<trkpt lat="48.814540" lon="2.197670">
						<ele>114</ele>
						<time>2023-09-22T12:28:05Z</time>
					</trkpt>
					<trkpt lat="48.814680" lon="2.197590">
						<ele>112</ele>
						<time>2023-09-22T12:28:13Z</time>
					</trkpt>
					<trkpt lat="48.814860" lon="2.197560">
						<ele>110</ele>
						<time>2023-09-22T12:28:22Z</time>
					</trkpt>
					<trkpt lat="48.814910" lon="2.197580">
						<ele>110</ele>
						<time>2023-09-22T12:28:24Z</time>
					</trkpt>
					<trkpt lat="48.815220" lon="2.197780">
						<ele>110</ele>
						<time>2023-09-22T12:28:41Z</time>
					</trkpt>
					<trkpt lat="48.815550" lon="2.198220">
						<ele>112</ele>
						<time>2023-09-22T12:29:03Z</time>
					</trkpt>
					<trkpt lat="48.815610" lon="2.198200">
						<ele>111</ele>
						<time>2023-09-22T12:29:06Z</time>
					</trkpt>
					<trkpt lat="48.815650" lon="2.198150">
						<ele>110</ele>
						<time>2023-09-22T12:29:09Z</time>
					</trkpt>
					<trkpt lat="48.815790" lon="2.197890">
						<ele>105</ele>
						<time>2023-09-22T12:29:20Z</time>
					</trkpt>
					<trkpt lat="48.815820" lon="2.197710">
						<ele>103</ele>
						<time>2023-09-22T12:29:26Z</time>
					</trkpt>
					<trkpt lat="48.815770" lon="2.197620">
						<ele>103</ele>
						<time>2023-09-22T12:29:30Z</time>
					</trkpt>
					<trkpt lat="48.815500" lon="2.197400">
						<ele>103</ele>
						<time>2023-09-22T12:29:45Z</time>
					</trkpt>
					<trkpt lat="48.815150" lon="2.197060">
						<ele>102</ele>
						<time>2023-09-22T12:30:06Z</time>
					</trkpt>
					<trkpt lat="48.815060" lon="2.196860">
						<ele>100</ele>
						<time>2023-09-22T12:30:14Z</time>
					</trkpt>
					<trkpt lat="48.815110" lon="2.196600">
						<ele>97</ele>
						<time>2023-09-22T12:30:23Z</time>
					</trkpt>
					<trkpt lat="48.815730" lon="2.195750">
						<ele>86</ele>
						<time>2023-09-22T12:31:05Z</time>
					</trkpt>
					<trkpt lat="48.816320" lon="2.194890">
						<ele>75</ele>
						<time>2023-09-22T12:31:46Z</time>
					</trkpt>
					<trkpt lat="48.816410" lon="2.194720">
						<ele>75</ele>
						<time>2023-09-22T12:31:53Z</time>
					</trkpt>
					<trkpt lat="48.816360" lon="2.194550">
						<ele>76</ele>
						<time>2023-09-22T12:31:59Z</time>
					</trkpt>
					<trkpt lat="48.816320" lon="2.194500">
						<ele>76</ele>
						<time>2023-09-22T12:32:02Z</time>
					</trkpt>
					<trkpt lat="48.816330" lon="2.194460">
						<ele>76</ele>
						<time>2023-09-22T12:32:03Z</time>
					</trkpt>
					<trkpt lat="48.816290" lon="2.194410">
						<ele>77</ele>
						<time>2023-09-22T12:32:06Z</time>
					</trkpt>
					<trkpt lat="48.816430" lon="2.194190">
						<ele>77</ele>
						<time>2023-09-22T12:32:16Z</time>
					</trkpt>
					<trkpt lat="48.816530" lon="2.193920">
						<ele>81</ele>
						<time>2023-09-22T12:32:26Z</time>
					</trkpt>
					<trkpt lat="48.816660" lon="2.193790">
						<ele>83</ele>
						<time>2023-09-22T12:32:34Z</time>
					</trkpt>
					<trkpt lat="48.816750" lon="2.193730">
						<ele>85</ele>
						<time>2023-09-22T12:32:39Z</time>
					</trkpt>
					<trkpt lat="48.816810" lon="2.193720">
						<ele>86</ele>
						<time>2023-09-22T12:32:42Z</time>
					</trkpt>
					<trkpt lat="48.816850" lon="2.193640">
						<ele>87</ele>
						<time>2023-09-22T12:32:45Z</time>
					</trkpt>
					<trkpt lat="48.817060" lon="2.193510">
						<ele>92</ele>
						<time>2023-09-22T12:32:56Z</time>
					</trkpt>
					<trkpt lat="48.817150" lon="2.193210">
						<ele>96</ele>
						<time>2023-09-22T12:33:07Z</time>
					</trkpt>
					<trkpt lat="48.817350" lon="2.192910">
						<ele>100</ele>
						<time>2023-09-22T12:33:21Z</time>
					</trkpt>
					<trkpt lat="48.817460" lon="2.192690">
						<ele>103</ele>
						<time>2023-09-22T12:33:30Z</time>
					</trkpt>
					<trkpt lat="48.817320" lon="2.192350">
						<ele>104</ele>
						<time>2023-09-22T12:33:44Z</time>
					</trkpt>
					<trkpt lat="48.817220" lon="2.192240">
						<ele>103</ele>
						<time>2023-09-22T12:33:50Z</time>
					</trkpt>
					<trkpt lat="48.817210" lon="2.192190">
						<ele>103</ele>
						<time>2023-09-22T12:33:51Z</time>
					</trkpt>
					<trkpt lat="48.817240" lon="2.192180">
						<ele>103</ele>
						<time>2023-09-22T12:33:53Z</time>
					</trkpt>
					<trkpt lat="48.817300" lon="2.192230">
						<ele>104</ele>
						<time>2023-09-22T12:33:56Z</time>
					</trkpt>
					<trkpt lat="48.817440" lon="2.192210">
						<ele>106</ele>
						<time>2023-09-22T12:34:03Z</time>
					</trkpt>
					<trkpt lat="48.817760" lon="2.192230">
						<ele>109</ele>
						<time>2023-09-22T12:34:20Z</time>
					</trkpt>
					<trkpt lat="48.817880" lon="2.192050">
						<ele>111</ele>
						<time>2023-09-22T12:34:28Z</time>
					</trkpt>
					<trkpt lat="48.817910" lon="2.191920">
						<ele>112</ele>
						<time>2023-09-22T12:34:32Z</time>
					</trkpt>
					<trkpt lat="48.817890" lon="2.191800">
						<ele>112</ele>
						<time>2023-09-22T12:34:37Z</time>
					</trkpt>
					<trkpt lat="48.817940" lon="2.191730">
						<ele>113</ele>
						<time>2023-09-22T12:34:40Z</time>
					</trkpt>
					<trkpt lat="48.817950" lon="2.191600">
						<ele>113</ele>
						<time>2023-09-22T12:34:44Z</time>
					</trkpt>
					<trkpt lat="48.817900" lon="2.191200">
						<ele>117</ele>
						<time>2023-09-22T12:34:58Z</time>
					</trkpt>
					<trkpt lat="48.817900" lon="2.191030">
						<ele>118</ele>
						<time>2023-09-22T12:35:03Z</time>
					</trkpt>
					<trkpt lat="48.817930" lon="2.190920">
						<ele>120</ele>
						<time>2023-09-22T12:35:07Z</time>
					</trkpt>
					<trkpt lat="48.817930" lon="2.190870">
						<ele>120</ele>
						<time>2023-09-22T12:35:09Z</time>
					</trkpt>
					<trkpt lat="48.817900" lon="2.190830">
						<ele>120</ele>
						<time>2023-09-22T12:35:11Z</time>
					</trkpt>
					<trkpt lat="48.817920" lon="2.190710">
						<ele>122</ele>
						<time>2023-09-22T12:35:15Z</time>
					</trkpt>
					<trkpt lat="48.817900" lon="2.190470">
						<ele>124</ele>
						<time>2023-09-22T12:35:23Z</time>
					</trkpt>
					<trkpt lat="48.817970" lon="2.190120">
						<ele>129</ele>
						<time>2023-09-22T12:35:35Z</time>
					</trkpt>
					<trkpt lat="48.817950" lon="2.190060">
						<ele>130</ele>
						<time>2023-09-22T12:35:37Z</time>
					</trkpt>
					<trkpt lat="48.818110" lon="2.189790">
						<ele>135</ele>
						<time>2023-09-22T12:35:49Z</time>
					</trkpt>
					<trkpt lat="48.818210" lon="2.189700">
						<ele>138</ele>
						<time>2023-09-22T12:35:55Z</time>
					</trkpt>
					<trkpt lat="48.818240" lon="2.189530">
						<ele>140</ele>
						<time>2023-09-22T12:36:01Z</time>
					</trkpt>
					<trkpt lat="48.818310" lon="2.189470">
						<ele>142</ele>
						<time>2023-09-22T12:36:05Z</time>
					</trkpt>
					<trkpt lat="48.818350" lon="2.189330">
						<ele>144</ele>
						<time>2023-09-22T12:36:10Z</time>
					</trkpt>
					<trkpt lat="48.818500" lon="2.189170">
						<ele>146</ele>
						<time>2023-09-22T12:36:19Z</time>
					</trkpt>
					<trkpt lat="48.819330" lon="2.188480">
						<ele>150</ele>
						<time>2023-09-22T12:37:06Z</time>
					</trkpt>
					<trkpt lat="48.819210" lon="2.188040">
						<ele>151</ele>
						<time>2023-09-22T12:37:22Z</time>
					</trkpt>
					<trkpt lat="48.818810" lon="2.187290">
						<ele>153</ele>
						<time>2023-09-22T12:37:54Z</time>
					</trkpt>
					<trkpt lat="48.818280" lon="2.186370">
						<ele>155</ele>
						<time>2023-09-22T12:38:34Z</time>
					</trkpt>
					<trkpt lat="48.818060" lon="2.185930">
						<ele>156</ele>
						<time>2023-09-22T12:38:52Z</time>
					</trkpt>
					<trkpt lat="48.819620" lon="2.185260">
						<ele>138</ele>
						<time>2023-09-22T12:40:13Z</time>
					</trkpt>
					<trkpt lat="48.820550" lon="2.184810">
						<ele>125</ele>
						<time>2023-09-22T12:41:02Z</time>
					</trkpt>
					<trkpt lat="48.821640" lon="2.184350">
						<ele>122</ele>
						<time>2023-09-22T12:41:59Z</time>
					</trkpt>
					<trkpt lat="48.822010" lon="2.184240">
						<ele>124</ele>
						<time>2023-09-22T12:42:18Z</time>
					</trkpt>
					<trkpt lat="48.822340" lon="2.184080">
						<ele>126</ele>
						<time>2023-09-22T12:42:35Z</time>
					</trkpt>
					<trkpt lat="48.821950" lon="2.182160">
						<ele>131</ele>
						<time>2023-09-22T12:43:41Z</time>
					</trkpt>
					<trkpt lat="48.822120" lon="2.180740">
						<ele>145</ele>
						<time>2023-09-22T12:44:29Z</time>
					</trkpt>
					<trkpt lat="48.822250" lon="2.180160">
						<ele>151</ele>
						<time>2023-09-22T12:44:49Z</time>
					</trkpt>
					<trkpt lat="48.822830" lon="2.179230">
						<ele>160</ele>
						<time>2023-09-22T12:45:31Z</time>
					</trkpt>
					<trkpt lat="48.823780" lon="2.178370">
						<ele>164</ele>
						<time>2023-09-22T12:46:27Z</time>
					</trkpt>
					<trkpt lat="48.824770" lon="2.177420">
						<ele>166</ele>
						<time>2023-09-22T12:47:25Z</time>
					</trkpt>
					<trkpt lat="48.826290" lon="2.175500">
						<ele>158</ele>
						<time>2023-09-22T12:49:04Z</time>
					</trkpt>
					<trkpt lat="48.826610" lon="2.175190">
						<ele>160</ele>
						<time>2023-09-22T12:49:23Z</time>
					</trkpt>
					<trkpt lat="48.827410" lon="2.175910">
						<ele>160</ele>
						<time>2023-09-22T12:50:10Z</time>
					</trkpt>
					<trkpt lat="48.827860" lon="2.175840">
						<ele>159</ele>
						<time>2023-09-22T12:50:32Z</time>
					</trkpt>
					<trkpt lat="48.827760" lon="2.178440">
						<ele>148</ele>
						<time>2023-09-22T12:51:58Z</time>
					</trkpt>
					<trkpt lat="48.829090" lon="2.178430">
						<ele>142</ele>
						<time>2023-09-22T12:53:05Z</time>
					</trkpt>
					<trkpt lat="48.829810" lon="2.178350">
						<ele>139</ele>
						<time>2023-09-22T12:53:41Z</time>
					</trkpt>
					<trkpt lat="48.830040" lon="2.178430">
						<ele>138</ele>
						<time>2023-09-22T12:53:53Z</time>
					</trkpt>
					<trkpt lat="48.830470" lon="2.178500">
						<ele>139</ele>
						<time>2023-09-22T12:54:14Z</time>
					</trkpt>
					<trkpt lat="48.830450" lon="2.178310">
						<ele>139</ele>
						<time>2023-09-22T12:54:21Z</time>
					</trkpt>
					<trkpt lat="48.830530" lon="2.178280">
						<ele>139</ele>
						<time>2023-09-22T12:54:25Z</time>
					</trkpt>
					<trkpt lat="48.830450" lon="2.177840">
						<ele>140</ele>
						<time>2023-09-22T12:54:40Z</time>
					</trkpt>
					<trkpt lat="48.830600" lon="2.177720">
						<ele>140</ele>
						<time>2023-09-22T12:54:48Z</time>
					</trkpt>
					<trkpt lat="48.830550" lon="2.177580">
						<ele>141</ele>
						<time>2023-09-22T12:54:53Z</time>
					</trkpt>
					<trkpt lat="48.830950" lon="2.177390">
						<ele>141</ele>
						<time>2023-09-22T12:55:14Z</time>
					</trkpt>
					<trkpt lat="48.831920" lon="2.177400">
						<ele>138</ele>
						<time>2023-09-22T12:56:03Z</time>
					</trkpt>
					<trkpt lat="48.831940" lon="2.177570">
						<ele>138</ele>
						<time>2023-09-22T12:56:09Z</time>
					</trkpt>
					<trkpt lat="48.832000" lon="2.177700">
						<ele>138</ele>
						<time>2023-09-22T12:56:14Z</time>
					</trkpt>
					<trkpt lat="48.832250" lon="2.178120">
						<ele>139</ele>
						<time>2023-09-22T12:56:33Z</time>
					</trkpt>
					<trkpt lat="48.832420" lon="2.178520">
						<ele>140</ele>
						<time>2023-09-22T12:56:48Z</time>
					</trkpt>
					<trkpt lat="48.832510" lon="2.178640">
						<ele>140</ele>
						<time>2023-09-22T12:56:54Z</time>
					</trkpt>
					<trkpt lat="48.832630" lon="2.179050">
						<ele>139</ele>
						<time>2023-09-22T12:57:09Z</time>
					</trkpt>
					<trkpt lat="48.832640" lon="2.179310">
						<ele>140</ele>
						<time>2023-09-22T12:57:18Z</time>
					</trkpt>
					<trkpt lat="48.832610" lon="2.179650">
						<ele>141</ele>
						<time>2023-09-22T12:57:29Z</time>
					</trkpt>
					<trkpt lat="48.832530" lon="2.179950">
						<ele>142</ele>
						<time>2023-09-22T12:57:40Z</time>
					</trkpt>
					<trkpt lat="48.832470" lon="2.180060">
						<ele>143</ele>
						<time>2023-09-22T12:57:44Z</time>
					</trkpt>
					<trkpt lat="48.832110" lon="2.180420">
						<ele>145</ele>
						<time>2023-09-22T12:58:06Z</time>
					</trkpt>
					<trkpt lat="48.831940" lon="2.180720">
						<ele>147</ele>
						<time>2023-09-22T12:58:19Z</time>
					</trkpt>
					<trkpt lat="48.831860" lon="2.180780">
						<ele>148</ele>
						<time>2023-09-22T12:58:23Z</time>
					</trkpt>
					<trkpt lat="48.832090" lon="2.181480">
						<ele>148</ele>
						<time>2023-09-22T12:58:49Z</time>
					</trkpt>
					<trkpt lat="48.832660" lon="2.182490">
						<ele>145</ele>
						<time>2023-09-22T12:59:33Z</time>
					</trkpt>
					<trkpt lat="48.832880" lon="2.183380">
						<ele>142</ele>
						<time>2023-09-22T13:00:04Z</time>
					</trkpt>
					<trkpt lat="48.832970" lon="2.186040">
						<ele>139</ele>
						<time>2023-09-22T13:01:32Z</time>
					</trkpt>
					<trkpt lat="48.833080" lon="2.186880">
						<ele>137</ele>
						<time>2023-09-22T13:02:00Z</time>
					</trkpt>
					<trkpt lat="48.833010" lon="2.187440">
						<ele>138</ele>
						<time>2023-09-22T13:02:19Z</time>
					</trkpt>
					<trkpt lat="48.832860" lon="2.187690">
						<ele>140</ele>
						<time>2023-09-22T13:02:30Z</time>
					</trkpt>
					<trkpt lat="48.832820" lon="2.188140">
						<ele>141</ele>
						<time>2023-09-22T13:02:45Z</time>
					</trkpt>
					<trkpt lat="48.833060" lon="2.188440">
						<ele>142</ele>
						<time>2023-09-22T13:03:01Z</time>
					</trkpt>
					<trkpt lat="48.833720" lon="2.188710">
						<ele>141</ele>
						<time>2023-09-22T13:03:35Z</time>
					</trkpt>
					<trkpt lat="48.834130" lon="2.188920">
						<ele>141</ele>
						<time>2023-09-22T13:03:56Z</time>
					</trkpt>
					<trkpt lat="48.835740" lon="2.190940">
						<ele>127</ele>
						<time>2023-09-22T13:05:41Z</time>
					</trkpt>
					<trkpt lat="48.835770" lon="2.191390">
						<ele>127</ele>
						<time>2023-09-22T13:05:56Z</time>
					</trkpt>
					<trkpt lat="48.833910" lon="2.191570">
						<ele>142</ele>
						<time>2023-09-22T13:07:29Z</time>
					</trkpt>
					<trkpt lat="48.833770" lon="2.193420">
						<ele>131</ele>
						<time>2023-09-22T13:08:30Z</time>
					</trkpt>
					<trkpt lat="48.833510" lon="2.195090">
						<ele>126</ele>
						<time>2023-09-22T13:09:27Z</time>
					</trkpt>
					<trkpt lat="48.833700" lon="2.195590">
						<ele>123</ele>
						<time>2023-09-22T13:09:46Z</time>
					</trkpt>
					<trkpt lat="48.833820" lon="2.195990">
						<ele>121</ele>
						<time>2023-09-22T13:10:00Z</time>
					</trkpt>
					<trkpt lat="48.833900" lon="2.196380">
						<ele>119</ele>
						<time>2023-09-22T13:10:14Z</time>
					</trkpt>
					<trkpt lat="48.834460" lon="2.198160">
						<ele>114</ele>
						<time>2023-09-22T13:11:19Z</time>
					</trkpt>
					<trkpt lat="48.834630" lon="2.198870">
						<ele>112</ele>
						<time>2023-09-22T13:11:44Z</time>
					</trkpt>
					<trkpt lat="48.834700" lon="2.199020">
						<ele>112</ele>
						<time>2023-09-22T13:11:50Z</time>
					</trkpt>
					<trkpt lat="48.834740" lon="2.199050">
						<ele>112</ele>
						<time>2023-09-22T13:11:52Z</time>
					</trkpt>
					<trkpt lat="48.834920" lon="2.199060">
						<ele>110</ele>
						<time>2023-09-22T13:12:01Z</time>
					</trkpt>
					<trkpt lat="48.835320" lon="2.199010">
						<ele>109</ele>
						<time>2023-09-22T13:12:21Z</time>
					</trkpt>
					<trkpt lat="48.835470" lon="2.199020">
						<ele>108</ele>
						<time>2023-09-22T13:12:29Z</time>
					</trkpt>
					<trkpt lat="48.836230" lon="2.198970">
						<ele>106</ele>
						<time>2023-09-22T13:13:07Z</time>
					</trkpt>
					<trkpt lat="48.836310" lon="2.199020">
						<ele>106</ele>
						<time>2023-09-22T13:13:11Z</time>
					</trkpt>
					<trkpt lat="48.836340" lon="2.199120">
						<ele>106</ele>
						<time>2023-09-22T13:13:15Z</time>
					</trkpt>
					<trkpt lat="48.836390" lon="2.199970">
						<ele>105</ele>
						<time>2023-09-22T13:13:43Z</time>
					</trkpt>
					<trkpt lat="48.836460" lon="2.200580">
						<ele>103</ele>
						<time>2023-09-22T13:14:03Z</time>
					</trkpt>
					<trkpt lat="48.836480" lon="2.201240">
						<ele>103</ele>
						<time>2023-09-22T13:14:25Z</time>
					</trkpt>
					<trkpt lat="48.836540" lon="2.201720">
						<ele>103</ele>
						<time>2023-09-22T13:14:41Z</time>
					</trkpt>
					<trkpt lat="48.836660" lon="2.203770">
						<ele>100</ele>
						<time>2023-09-22T13:15:49Z</time>
					</trkpt>
					<trkpt lat="48.836590" lon="2.203760">
						<ele>100</ele>
						<time>2023-09-22T13:15:52Z</time>
					</trkpt>
					<trkpt lat="48.836550" lon="2.203910">
						<ele>101</ele>
						<time>2023-09-22T13:15:58Z</time>
					</trkpt>
					<trkpt lat="48.836300" lon="2.204350">
						<ele>103</ele>
						<time>2023-09-22T13:16:17Z</time>
					</trkpt>
					<trkpt lat="48.836250" lon="2.204500">
						<ele>103</ele>
						<time>2023-09-22T13:16:22Z</time>
					</trkpt>
					<trkpt lat="48.836000" lon="2.204960">
						<ele>105</ele>
						<time>2023-09-22T13:16:42Z</time>
					</trkpt>
					<trkpt lat="48.835660" lon="2.205400">
						<ele>105</ele>
						<time>2023-09-22T13:17:04Z</time>
					</trkpt>
					<trkpt lat="48.835530" lon="2.205500">
						<ele>106</ele>
						<time>2023-09-22T13:17:12Z</time>
					</trkpt>
					<trkpt lat="48.835330" lon="2.205560">
						<ele>107</ele>
						<time>2023-09-22T13:17:22Z</time>
					</trkpt>
					<trkpt lat="48.835300" lon="2.205690">
						<ele>107</ele>
						<time>2023-09-22T13:17:26Z</time>
					</trkpt>
					<trkpt lat="48.835160" lon="2.205950">
						<ele>108</ele>
						<time>2023-09-22T13:17:38Z</time>
					</trkpt>
					<trkpt lat="48.834840" lon="2.206980">
						<ele>107</ele>
						<time>2023-09-22T13:18:15Z</time>
					</trkpt>
					<trkpt lat="48.834600" lon="2.207140">
						<ele>108</ele>
						<time>2023-09-22T13:18:28Z</time>
					</trkpt>
					<trkpt lat="48.834570" lon="2.207370">
						<ele>109</ele>
						<time>2023-09-22T13:18:36Z</time>
					</trkpt>
					<trkpt lat="48.834510" lon="2.207490">
						<ele>110</ele>
						<time>2023-09-22T13:18:41Z</time>
					</trkpt>
					<trkpt lat="48.834490" lon="2.207690">
						<ele>110</ele>
						<time>2023-09-22T13:18:48Z</time>
					</trkpt>
					<trkpt lat="48.834530" lon="2.207930">
						<ele>110</ele>
						<time>2023-09-22T13:18:56Z</time>
					</trkpt>
					<trkpt lat="48.834460" lon="2.208030">
						<ele>110</ele>
						<time>2023-09-22T13:19:00Z</time>
					</trkpt>
					<trkpt lat="48.834480" lon="2.208150">
						<ele>110</ele>
						<time>2023-09-22T13:19:05Z</time>
					</trkpt>
					<trkpt lat="48.834920" lon="2.208740">
						<ele>107</ele>
						<time>2023-09-22T13:19:34Z</time>
					</trkpt>
					<trkpt lat="48.835460" lon="2.209390">
						<ele>103</ele>
						<time>2023-09-22T13:20:08Z</time>
					</trkpt>
					<trkpt lat="48.835570" lon="2.209570">
						<ele>101</ele>
						<time>2023-09-22T13:20:16Z</time>
					</trkpt>
					<trkpt lat="48.835710" lon="2.209740">
						<ele>99</ele>
						<time>2023-09-22T13:20:25Z</time>
					</trkpt>
					<trkpt lat="48.836010" lon="2.210030">
						<ele>95</ele>
						<time>2023-09-22T13:20:43Z</time>
					</trkpt>
					<trkpt lat="48.836320" lon="2.210390">
						<ele>92</ele>
						<time>2023-09-22T13:21:03Z</time>
					</trkpt>
					<trkpt lat="48.836790" lon="2.211010">
						<ele>87</ele>
						<time>2023-09-22T13:21:34Z</time>
					</trkpt>
					<trkpt lat="48.836820" lon="2.211090">
						<ele>87</ele>
						<time>2023-09-22T13:21:37Z</time>
					</trkpt>
					<trkpt lat="48.836810" lon="2.211300">
						<ele>87</ele>
						<time>2023-09-22T13:21:44Z</time>
					</trkpt>
					<trkpt lat="48.836770" lon="2.211440">
						<ele>87</ele>
						<time>2023-09-22T13:21:49Z</time>
					</trkpt>
					<trkpt lat="48.836750" lon="2.211670">
						<ele>86</ele>
						<time>2023-09-22T13:21:57Z</time>
					</trkpt>
					<trkpt lat="48.836790" lon="2.212140">
						<ele>85</ele>
						<time>2023-09-22T13:22:12Z</time>
					</trkpt>
					<trkpt lat="48.836780" lon="2.212330">
						<ele>85</ele>
						<time>2023-09-22T13:22:18Z</time>
					</trkpt>
					<trkpt lat="48.836540" lon="2.212720">
						<ele>85</ele>
						<time>2023-09-22T13:22:36Z</time>
					</trkpt>
					<trkpt lat="48.835340" lon="2.214300">
						<ele>88</ele>
						<time>2023-09-22T13:23:55Z</time>
					</trkpt>
					<trkpt lat="48.835160" lon="2.214590">
						<ele>88</ele>
						<time>2023-09-22T13:24:09Z</time>
					</trkpt>
					<trkpt lat="48.835140" lon="2.214720">
						<ele>88</ele>
						<time>2023-09-22T13:24:13Z</time>
					</trkpt>
					<trkpt lat="48.835180" lon="2.214920">
						<ele>87</ele>
						<time>2023-09-22T13:24:20Z</time>
					</trkpt>
					<trkpt lat="48.835140" lon="2.215170">
						<ele>85</ele>
						<time>2023-09-22T13:24:28Z</time>
					</trkpt>
					<trkpt lat="48.835190" lon="2.215420">
						<ele>83</ele>
						<time>2023-09-22T13:24:37Z</time>
					</trkpt>
					<trkpt lat="48.835280" lon="2.216230">
						<ele>75</ele>
						<time>2023-09-22T13:25:04Z</time>
					</trkpt>
					<trkpt lat="48.835400" lon="2.216710">
						<ele>69</ele>
						<time>2023-09-22T13:25:21Z</time>
					</trkpt>
					<trkpt lat="48.835410" lon="2.216840">
						<ele>68</ele>
						<time>2023-09-22T13:25:25Z</time>
					</trkpt>
					<trkpt lat="48.835400" lon="2.216940">
						<ele>67</ele>
						<time>2023-09-22T13:25:29Z</time>
					</trkpt>
					<trkpt lat="48.835360" lon="2.217030">
						<ele>67</ele>
						<time>2023-09-22T13:25:32Z</time>
					</trkpt>
					<trkpt lat="48.835330" lon="2.217030">
						<ele>67</ele>
						<time>2023-09-22T13:25:34Z</time>
					</trkpt>
					<trkpt lat="48.835220" lon="2.217150">
						<ele>67</ele>
						<time>2023-09-22T13:25:40Z</time>
					</trkpt>
					<trkpt lat="48.835160" lon="2.217370">
						<ele>66</ele>
						<time>2023-09-22T13:25:48Z</time>
					</trkpt>
					<trkpt lat="48.835070" lon="2.217480">
						<ele>66</ele>
						<time>2023-09-22T13:25:54Z</time>
					</trkpt>
					<trkpt lat="48.834870" lon="2.217600">
						<ele>68</ele>
						<time>2023-09-22T13:26:05Z</time>
					</trkpt>
					<trkpt lat="48.834750" lon="2.217590">
						<ele>70</ele>
						<time>2023-09-22T13:26:11Z</time>
					</trkpt>
					<trkpt lat="48.834470" lon="2.217390">
						<ele>76</ele>
						<time>2023-09-22T13:26:26Z</time>
					</trkpt>
					<trkpt lat="48.834250" lon="2.217340">
						<ele>81</ele>
						<time>2023-09-22T13:26:37Z</time>
					</trkpt>
					<trkpt lat="48.833800" lon="2.217420">
						<ele>85</ele>
						<time>2023-09-22T13:27:00Z</time>
					</trkpt>
					<trkpt lat="48.833740" lon="2.217370">
						<ele>87</ele>
						<time>2023-09-22T13:27:04Z</time>
					</trkpt>
					<trkpt lat="48.831880" lon="2.217740">
						<ele>95</ele>
						<time>2023-09-22T13:28:37Z</time>
					</trkpt>
					<trkpt lat="48.830960" lon="2.217990">
						<ele>97</ele>
						<time>2023-09-22T13:29:24Z</time>
					</trkpt>
					<trkpt lat="48.830920" lon="2.217980">
						<ele>97</ele>
						<time>2023-09-22T13:29:26Z</time>
					</trkpt>
					<trkpt lat="48.830130" lon="2.218120">
						<ele>94</ele>
						<time>2023-09-22T13:30:06Z</time>
					</trkpt>
					<trkpt lat="48.829620" lon="2.218230">
						<ele>92</ele>
						<time>2023-09-22T13:30:32Z</time>
					</trkpt>
					<trkpt lat="48.829700" lon="2.218350">
						<ele>91</ele>
						<time>2023-09-22T13:30:37Z</time>
					</trkpt>
					<trkpt lat="48.830020" lon="2.218440">
						<ele>89</ele>
						<time>2023-09-22T13:30:54Z</time>
					</trkpt>
					<trkpt lat="48.830630" lon="2.218390">
						<ele>90</ele>
						<time>2023-09-22T13:31:24Z</time>
					</trkpt>
					<trkpt lat="48.831080" lon="2.218540">
						<ele>86</ele>
						<time>2023-09-22T13:31:47Z</time>
					</trkpt>
					<trkpt lat="48.831320" lon="2.218670">
						<ele>82</ele>
						<time>2023-09-22T13:32:00Z</time>
					</trkpt>
					<trkpt lat="48.831610" lon="2.218720">
						<ele>80</ele>
						<time>2023-09-22T13:32:15Z</time>
					</trkpt>
					<trkpt lat="48.831770" lon="2.218700">
						<ele>80</ele>
						<time>2023-09-22T13:32:23Z</time>
					</trkpt>
					<trkpt lat="48.832030" lon="2.218620">
						<ele>81</ele>
						<time>2023-09-22T13:32:36Z</time>
					</trkpt>
					<trkpt lat="48.832670" lon="2.218290">
						<ele>85</ele>
						<time>2023-09-22T13:33:10Z</time>
					</trkpt>
					<trkpt lat="48.832920" lon="2.218240">
						<ele>82</ele>
						<time>2023-09-22T13:33:22Z</time>
					</trkpt>
					<trkpt lat="48.833090" lon="2.218160">
						<ele>80</ele>
						<time>2023-09-22T13:33:31Z</time>
					</trkpt>
					<trkpt lat="48.833290" lon="2.218150">
						<ele>77</ele>
						<time>2023-09-22T13:33:41Z</time>
					</trkpt>
					<trkpt lat="48.833880" lon="2.217890">
						<ele>75</ele>
						<time>2023-09-22T13:34:12Z</time>
					</trkpt>
					<trkpt lat="48.834280" lon="2.217900">
						<ele>71</ele>
						<time>2023-09-22T13:34:32Z</time>
					</trkpt>
					<trkpt lat="48.834520" lon="2.217870">
						<ele>68</ele>
						<time>2023-09-22T13:34:44Z</time>
					</trkpt>
					<trkpt lat="48.834530" lon="2.217920">
						<ele>68</ele>
						<time>2023-09-22T13:34:46Z</time>
					</trkpt>
					<trkpt lat="48.834510" lon="2.217950">
						<ele>67</ele>
						<time>2023-09-22T13:34:47Z</time>
					</trkpt>
					<trkpt lat="48.834390" lon="2.218010">
						<ele>67</ele>
						<time>2023-09-22T13:34:54Z</time>
					</trkpt>
					<trkpt lat="48.834320" lon="2.218090">
						<ele>67</ele>
						<time>2023-09-22T13:34:58Z</time>
					</trkpt>
					<trkpt lat="48.834290" lon="2.218170">
						<ele>65</ele>
						<time>2023-09-22T13:35:01Z</time>
					</trkpt>
					<trkpt lat="48.834270" lon="2.218150">
						<ele>66</ele>
						<time>2023-09-22T13:35:02Z</time>
					</trkpt>
					<trkpt lat="48.834570" lon="2.218080">
						<ele>65</ele>
						<time>2023-09-22T13:35:17Z</time>
					</trkpt>
					<trkpt lat="48.834820" lon="2.218060">
						<ele>63</ele>
						<time>2023-09-22T13:35:30Z</time>
					</trkpt>
					<trkpt lat="48.834810" lon="2.218220">
						<ele>61</ele>
						<time>2023-09-22T13:35:35Z</time>
					</trkpt>
					<trkpt lat="48.834770" lon="2.218280">
						<ele>60</ele>
						<time>2023-09-22T13:35:38Z</time>
					</trkpt>
					<trkpt lat="48.834520" lon="2.218390">
						<ele>60</ele>
						<time>2023-09-22T13:35:51Z</time>
					</trkpt>
					<trkpt lat="48.834250" lon="2.218550">
						<ele>59</ele>
						<time>2023-09-22T13:36:06Z</time>
					</trkpt>
					<trkpt lat="48.834080" lon="2.218580">
						<ele>60</ele>
						<time>2023-09-22T13:36:14Z</time>
					</trkpt>
					<trkpt lat="48.833930" lon="2.218660">
						<ele>60</ele>
						<time>2023-09-22T13:36:22Z</time>
					</trkpt>
					<trkpt lat="48.833280" lon="2.218830">
						<ele>63</ele>
						<time>2023-09-22T13:36:55Z</time>
					</trkpt>
					<trkpt lat="48.832900" lon="2.218960">
						<ele>66</ele>
						<time>2023-09-22T13:37:15Z</time>
					</trkpt>
					<trkpt lat="48.832160" lon="2.219150">
						<ele>67</ele>
						<time>2023-09-22T13:37:52Z</time>
					</trkpt>
					<trkpt lat="48.832000" lon="2.219210">
						<ele>67</ele>
						<time>2023-09-22T13:38:00Z</time>
					</trkpt>
					<trkpt lat="48.831890" lon="2.219280">
						<ele>67</ele>
						<time>2023-09-22T13:38:06Z</time>
					</trkpt>
					<trkpt lat="48.831330" lon="2.219840">
						<ele>59</ele>
						<time>2023-09-22T13:38:40Z</time>
					</trkpt>
					<trkpt lat="48.831120" lon="2.220020">
						<ele>56</ele>
						<time>2023-09-22T13:38:52Z</time>
					</trkpt>
					<trkpt lat="48.831020" lon="2.220170">
						<ele>55</ele>
						<time>2023-09-22T13:38:59Z</time>
					</trkpt>
					<trkpt lat="48.830810" lon="2.220350">
						<ele>54</ele>
						<time>2023-09-22T13:39:11Z</time>
					</trkpt>
					<trkpt lat="48.830450" lon="2.220720">
						<ele>50</ele>
						<time>2023-09-22T13:39:33Z</time>
					</trkpt>
					<trkpt lat="48.830140" lon="2.221070">
						<ele>44</ele>
						<time>2023-09-22T13:39:52Z</time>
					</trkpt>
					<trkpt lat="48.829970" lon="2.221340">
						<ele>39</ele>
						<time>2023-09-22T13:40:05Z</time>
					</trkpt>
					<trkpt lat="48.829600" lon="2.221610">
						<ele>34</ele>
						<time>2023-09-22T13:40:25Z</time>
					</trkpt>
					<trkpt lat="48.829510" lon="2.221790">
						<ele>33</ele>
						<time>2023-09-22T13:40:32Z</time>
					</trkpt>
					<trkpt lat="48.829510" lon="2.221940">
						<ele>32</ele>
						<time>2023-09-22T13:40:37Z</time>
					</trkpt>
					<trkpt lat="48.829680" lon="2.222640">
						<ele>29</ele>
						<time>2023-09-22T13:41:02Z</time>
					</trkpt>
					<trkpt lat="48.829720" lon="2.222850">
						<ele>30</ele>
						<time>2023-09-22T13:41:09Z</time>
					</trkpt>
					<trkpt lat="48.829710" lon="2.222990">
						<ele>30</ele>
						<time>2023-09-22T13:41:14Z</time>
					</trkpt>
					<trkpt lat="48.829650" lon="2.223080">
						<ele>30</ele>
						<time>2023-09-22T13:41:18Z</time>
					</trkpt>
					<trkpt lat="48.829540" lon="2.223130">
						<ele>31</ele>
						<time>2023-09-22T13:41:24Z</time>
					</trkpt>
					<trkpt lat="48.829520" lon="2.223220">
						<ele>31</ele>
						<time>2023-09-22T13:41:27Z</time>
					</trkpt>
					<trkpt lat="48.829340" lon="2.223310">
						<ele>32</ele>
						<time>2023-09-22T13:41:36Z</time>
					</trkpt>
					<trkpt lat="48.829040" lon="2.223550">
						<ele>33</ele>
						<time>2023-09-22T13:41:53Z</time>
					</trkpt>
					<trkpt lat="48.828880" lon="2.223630">
						<ele>33</ele>
						<time>2023-09-22T13:42:02Z</time>
					</trkpt>
					<trkpt lat="48.828810" lon="2.223630">
						<ele>33</ele>
						<time>2023-09-22T13:42:05Z</time>
					</trkpt>
					<trkpt lat="48.828540" lon="2.223800">
						<ele>33</ele>
						<time>2023-09-22T13:42:20Z</time>
					</trkpt>
					<trkpt lat="48.828530" lon="2.223900">
						<ele>33</ele>
						<time>2023-09-22T13:42:23Z</time>
					</trkpt>
					<trkpt lat="48.828460" lon="2.224100">
						<ele>32</ele>
						<time>2023-09-22T13:42:31Z</time>
					</trkpt>
					<trkpt lat="48.828340" lon="2.224170">
						<ele>32</ele>
						<time>2023-09-22T13:42:37Z</time>
					</trkpt>
					<trkpt lat="48.828140" lon="2.224180">
						<ele>33</ele>
						<time>2023-09-22T13:42:47Z</time>
					</trkpt>
					<trkpt lat="48.828070" lon="2.224250">
						<ele>33</ele>
						<time>2023-09-22T13:42:51Z</time>
					</trkpt>
					<trkpt lat="48.827990" lon="2.224940">
						<ele>32</ele>
						<time>2023-09-22T13:43:14Z</time>
					</trkpt>
					<trkpt lat="48.828140" lon="2.225430">
						<ele>30</ele>
						<time>2023-09-22T13:43:32Z</time>
					</trkpt>
					<trkpt lat="48.828250" lon="2.225630">
						<ele>28</ele>
						<time>2023-09-22T13:43:41Z</time>
					</trkpt>
					<trkpt lat="48.828390" lon="2.225570">
						<ele>28</ele>
						<time>2023-09-22T13:43:48Z</time>
					</trkpt>
					<trkpt lat="48.828400" lon="2.225690">
						<ele>28</ele>
						<time>2023-09-22T13:43:52Z</time>
					</trkpt>
					<trkpt lat="48.827880" lon="2.225850">
						<ele>29</ele>
						<time>2023-09-22T13:44:19Z</time>
					</trkpt>
					<trkpt lat="48.827410" lon="2.226160">
						<ele>29</ele>
						<time>2023-09-22T13:44:44Z</time>
					</trkpt>
					<trkpt lat="48.826780" lon="2.226790">
						<ele>26</ele>
						<time>2023-09-22T13:45:22Z</time>
					</trkpt>
					<trkpt lat="48.826400" lon="2.227120">
						<ele>29</ele>
						<time>2023-09-22T13:45:44Z</time>
					</trkpt>
					<trkpt lat="48.824910" lon="2.228760">
						<ele>30</ele>
						<time>2023-09-22T13:47:16Z</time>
					</trkpt>
					<trkpt lat="48.824300" lon="2.229380">
						<ele>31</ele>
						<time>2023-09-22T13:47:53Z</time>
					</trkpt>
					<trkpt lat="48.823680" lon="2.230240">
						<ele>30</ele>
						<time>2023-09-22T13:48:35Z</time>
					</trkpt>
					<trkpt lat="48.822510" lon="2.232270">
						<ele>31</ele>
						<time>2023-09-22T13:50:04Z</time>
					</trkpt>
					<trkpt lat="48.822360" lon="2.232480">
						<ele>31</ele>
						<time>2023-09-22T13:50:14Z</time>
					</trkpt>
					<trkpt lat="48.821890" lon="2.233410">
						<ele>33</ele>
						<time>2023-09-22T13:50:53Z</time>
					</trkpt>
					<trkpt lat="48.821600" lon="2.234190">
						<ele>33</ele>
						<time>2023-09-22T13:51:22Z</time>
					</trkpt>
					<trkpt lat="48.821040" lon="2.236390">
						<ele>33</ele>
						<time>2023-09-22T13:52:40Z</time>
					</trkpt>
					<trkpt lat="48.820530" lon="2.238660">
						<ele>30</ele>
						<time>2023-09-22T13:53:59Z</time>
					</trkpt>
					<trkpt lat="48.820410" lon="2.238750">
						<ele>31</ele>
						<time>2023-09-22T13:54:05Z</time>
					</trkpt>
					<trkpt lat="48.820170" lon="2.240220">
						<ele>31</ele>
						<time>2023-09-22T13:54:55Z</time>
					</trkpt>
					<trkpt lat="48.820210" lon="2.242420">
						<ele>29</ele>
						<time>2023-09-22T13:56:08Z</time>
					</trkpt>
					<trkpt lat="48.820150" lon="2.243400">
						<ele>30</ele>
						<time>2023-09-22T13:56:40Z</time>
					</trkpt>
					<trkpt lat="48.820220" lon="2.243850">
						<ele>32</ele>
						<time>2023-09-22T13:56:56Z</time>
					</trkpt>
					<trkpt lat="48.820280" lon="2.244530">
						<ele>33</ele>
						<time>2023-09-22T13:57:18Z</time>
					</trkpt>
					<trkpt lat="48.820680" lon="2.246610">
						<ele>29</ele>
						<time>2023-09-22T13:58:30Z</time>
					</trkpt>
					<trkpt lat="48.821160" lon="2.248600">
						<ele>32</ele>
						<time>2023-09-22T13:59:39Z</time>
					</trkpt>
					<trkpt lat="48.821440" lon="2.249320">
						<ele>31</ele>
						<time>2023-09-22T14:00:07Z</time>
					</trkpt>
					<trkpt lat="48.821810" lon="2.249960">
						<ele>31</ele>
						<time>2023-09-22T14:00:35Z</time>
					</trkpt>
					<trkpt lat="48.822190" lon="2.249780">
						<ele>33</ele>
						<time>2023-09-22T14:00:55Z</time>
					</trkpt>
					<trkpt lat="48.822320" lon="2.249700">
						<ele>33</ele>
						<time>2023-09-22T14:01:02Z</time>
					</trkpt>
					<trkpt lat="48.822320" lon="2.249650">
						<ele>33</ele>
						<time>2023-09-22T14:01:04Z</time>
					</trkpt>
					<trkpt lat="48.822240" lon="2.249660">
						<ele>33</ele>
						<time>2023-09-22T14:01:08Z</time>
					</trkpt>
					<trkpt lat="48.822220" lon="2.249620">
						<ele>33</ele>
						<time>2023-09-22T14:01:09Z</time>
					</trkpt>
					<trkpt lat="48.822190" lon="2.249620">
						<ele>33</ele>
						<time>2023-09-22T14:01:11Z</time>
					</trkpt>
					<trkpt lat="48.822240" lon="2.249800">
						<ele>33</ele>
						<time>2023-09-22T14:01:17Z</time>
					</trkpt>
					<trkpt lat="48.822250" lon="2.250150">
						<ele>32</ele>
						<time>2023-09-22T14:01:29Z</time>
					</trkpt>
					<trkpt lat="48.822320" lon="2.250340">
						<ele>33</ele>
						<time>2023-09-22T14:01:36Z</time>
					</trkpt>
					<trkpt lat="48.822340" lon="2.250360">
						<ele>33</ele>
						<time>2023-09-22T14:01:37Z</time>
					</trkpt>
					<trkpt lat="48.822370" lon="2.250320">
						<ele>33</ele>
						<time>2023-09-22T14:01:39Z</time>
					</trkpt>
					<trkpt lat="48.822370" lon="2.250240">
						<ele>33</ele>
						<time>2023-09-22T14:01:42Z</time>
					</trkpt>
					<trkpt lat="48.822390" lon="2.250230">
						<ele>33</ele>
						<time>2023-09-22T14:01:43Z</time>
					</trkpt>
					<trkpt lat="48.822430" lon="2.250370">
						<ele>33</ele>
						<time>2023-09-22T14:01:48Z</time>
					</trkpt>
					<trkpt lat="48.822500" lon="2.250430">
						<ele>33</ele>
						<time>2023-09-22T14:01:52Z</time>
					</trkpt>
					<trkpt lat="48.822570" lon="2.250600">
						<ele>33</ele>
						<time>2023-09-22T14:01:58Z</time>
					</trkpt>
					<trkpt lat="48.822910" lon="2.251750">
						<ele>31</ele>
						<time>2023-09-22T14:02:40Z</time>
					</trkpt>
					<trkpt lat="48.822950" lon="2.251740">
						<ele>31</ele>
						<time>2023-09-22T14:02:42Z</time>
					</trkpt>
					<trkpt lat="48.823040" lon="2.251610">
						<ele>31</ele>
						<time>2023-09-22T14:02:48Z</time>
					</trkpt>
					<trkpt lat="48.823350" lon="2.251030">
						<ele>33</ele>
						<time>2023-09-22T14:03:13Z</time>
					</trkpt>
					<trkpt lat="48.823390" lon="2.251010">
						<ele>33</ele>
						<time>2023-09-22T14:03:15Z</time>
					</trkpt>
					<trkpt lat="48.823430" lon="2.251040">
						<ele>33</ele>
						<time>2023-09-22T14:03:17Z</time>
					</trkpt>
					<trkpt lat="48.823490" lon="2.251020">
						<ele>33</ele>
						<time>2023-09-22T14:03:20Z</time>
					</trkpt>
					<trkpt lat="48.823750" lon="2.251040">
						<ele>33</ele>
						<time>2023-09-22T14:03:33Z</time>
					</trkpt>
					<trkpt lat="48.823850" lon="2.251090">
						<ele>32</ele>
						<time>2023-09-22T14:03:39Z</time>
					</trkpt>
					<trkpt lat="48.824190" lon="2.251170">
						<ele>32</ele>
						<time>2023-09-22T14:03:56Z</time>
					</trkpt>
					<trkpt lat="48.824310" lon="2.251250">
						<ele>31</ele>
						<time>2023-09-22T14:04:02Z</time>
					</trkpt>
					<trkpt lat="48.824380" lon="2.251340">
						<ele>31</ele>
						<time>2023-09-22T14:04:07Z</time>
					</trkpt>
					<trkpt lat="48.824680" lon="2.252070">
						<ele>31</ele>
						<time>2023-09-22T14:04:35Z</time>
					</trkpt>
					<trkpt lat="48.824810" lon="2.252270">
						<ele>31</ele>
						<time>2023-09-22T14:04:45Z</time>
					</trkpt>
					<trkpt lat="48.825080" lon="2.252520">
						<ele>32</ele>
						<time>2023-09-22T14:05:00Z</time>
					</trkpt>
					<trkpt lat="48.825250" lon="2.252590">
						<ele>29</ele>
						<time>2023-09-22T14:05:09Z</time>
					</trkpt>
					<trkpt lat="48.825380" lon="2.252780">
						<ele>27</ele>
						<time>2023-09-22T14:05:18Z</time>
					</trkpt>
					<trkpt lat="48.825520" lon="2.252870">
						<ele>25</ele>
						<time>2023-09-22T14:05:26Z</time>
					</trkpt>
					<trkpt lat="48.825720" lon="2.253230">
						<ele>21</ele>
						<time>2023-09-22T14:05:41Z</time>
					</trkpt>
					<trkpt lat="48.825900" lon="2.253450">
						<ele>22</ele>
						<time>2023-09-22T14:05:53Z</time>
					</trkpt>
					<trkpt lat="48.825990" lon="2.253520">
						<ele>23</ele>
						<time>2023-09-22T14:05:58Z</time>
					</trkpt>
					<trkpt lat="48.826910" lon="2.254990">
						<ele>34</ele>
						<time>2023-09-22T14:07:05Z</time>
					</trkpt>
					<trkpt lat="48.827340" lon="2.255500">
						<ele>35</ele>
						<time>2023-09-22T14:07:32Z</time>
					</trkpt>
					<trkpt lat="48.827470" lon="2.255750">
						<ele>35</ele>
						<time>2023-09-22T14:07:43Z</time>
					</trkpt>
					<trkpt lat="48.827590" lon="2.255860">
						<ele>35</ele>
						<time>2023-09-22T14:07:50Z</time>
					</trkpt>
					<trkpt lat="48.827840" lon="2.256210">
						<ele>33</ele>
						<time>2023-09-22T14:08:07Z</time>
					</trkpt>
					<trkpt lat="48.828020" lon="2.256380">
						<ele>32</ele>
						<time>2023-09-22T14:08:17Z</time>
					</trkpt>
					<trkpt lat="48.828400" lon="2.256960">
						<ele>31</ele>
						<time>2023-09-22T14:08:44Z</time>
					</trkpt>
					<trkpt lat="48.828530" lon="2.257040">
						<ele>32</ele>
						<time>2023-09-22T14:08:51Z</time>
					</trkpt>
					<trkpt lat="48.828620" lon="2.257160">
						<ele>33</ele>
						<time>2023-09-22T14:08:57Z</time>
					</trkpt>
					<trkpt lat="48.828680" lon="2.257370">
						<ele>34</ele>
						<time>2023-09-22T14:09:05Z</time>
					</trkpt>
					<trkpt lat="48.828670" lon="2.257710">
						<ele>36</ele>
						<time>2023-09-22T14:09:16Z</time>
					</trkpt>
					<trkpt lat="48.828710" lon="2.257770">
						<ele>36</ele>
						<time>2023-09-22T14:09:19Z</time>
					</trkpt>
					<trkpt lat="48.828960" lon="2.257960">
						<ele>36</ele>
						<time>2023-09-22T14:09:33Z</time>
					</trkpt>
					<trkpt lat="48.829050" lon="2.258060">
						<ele>36</ele>
						<time>2023-09-22T14:09:38Z</time>
					</trkpt>
					<trkpt lat="48.829460" lon="2.258600">
						<ele>34</ele>
						<time>2023-09-22T14:10:05Z</time>
					</trkpt>
					<trkpt lat="48.829840" lon="2.259340">
						<ele>29</ele>
						<time>2023-09-22T14:10:36Z</time>
					</trkpt>
					<trkpt lat="48.829920" lon="2.259610">
						<ele>27</ele>
						<time>2023-09-22T14:10:46Z</time>
					</trkpt>
					<trkpt lat="48.830010" lon="2.259740">
						<ele>26</ele>
						<time>2023-09-22T14:10:52Z</time>
					</trkpt>
					<trkpt lat="48.830020" lon="2.259780">
						<ele>25</ele>
						<time>2023-09-22T14:10:54Z</time>
					</trkpt>
					<trkpt lat="48.829990" lon="2.259880">
						<ele>25</ele>
						<time>2023-09-22T14:10:57Z</time>
					</trkpt>
					<trkpt lat="48.829680" lon="2.260650">
						<ele>27</ele>
						<time>2023-09-22T14:11:27Z</time>
					</trkpt>
					<trkpt lat="48.829700" lon="2.260700">
						<ele>27</ele>
						<time>2023-09-22T14:11:29Z</time>
					</trkpt>
					<trkpt lat="48.829860" lon="2.260750">
						<ele>26</ele>
						<time>2023-09-22T14:11:37Z</time>
					</trkpt>
					<trkpt lat="48.830230" lon="2.260980">
						<ele>28</ele>
						<time>2023-09-22T14:11:57Z</time>
					</trkpt>
					<trkpt lat="48.830400" lon="2.261050">
						<ele>30</ele>
						<time>2023-09-22T14:12:06Z</time>
					</trkpt>
					<trkpt lat="48.830830" lon="2.261370">
						<ele>32</ele>
						<time>2023-09-22T14:12:30Z</time>
					</trkpt>
					<trkpt lat="48.831050" lon="2.261570">
						<ele>32</ele>
						<time>2023-09-22T14:12:43Z</time>
					</trkpt>
					<trkpt lat="48.831220" lon="2.261760">
						<ele>31</ele>
						<time>2023-09-22T14:12:53Z</time>
					</trkpt>
					<trkpt lat="48.831800" lon="2.262520">
						<ele>32</ele>
						<time>2023-09-22T14:13:32Z</time>
					</trkpt>
					<trkpt lat="48.832510" lon="2.263140">
						<ele>30</ele>
						<time>2023-09-22T14:14:13Z</time>
					</trkpt>
					<trkpt lat="48.833430" lon="2.264090">
						<ele>30</ele>
						<time>2023-09-22T14:15:08Z</time>
					</trkpt>
					<trkpt lat="48.833580" lon="2.264300">
						<ele>32</ele>
						<time>2023-09-22T14:15:19Z</time>
					</trkpt>
					<trkpt lat="48.834060" lon="2.264700">
						<ele>32</ele>
						<time>2023-09-22T14:15:46Z</time>
					</trkpt>
					<trkpt lat="48.834350" lon="2.265010">
						<ele>30</ele>
						<time>2023-09-22T14:16:04Z</time>
					</trkpt>
					<trkpt lat="48.834590" lon="2.265360">
						<ele>31</ele>
						<time>2023-09-22T14:16:20Z</time>
					</trkpt>
					<trkpt lat="48.834650" lon="2.265490">
						<ele>31</ele>
						<time>2023-09-22T14:16:26Z</time>
					</trkpt>
					<trkpt lat="48.834760" lon="2.265590">
						<ele>31</ele>
						<time>2023-09-22T14:16:32Z</time>
					</trkpt>
					<trkpt lat="48.834850" lon="2.265720">
						<ele>31</ele>
						<time>2023-09-22T14:16:38Z</time>
					</trkpt>
					<trkpt lat="48.835030" lon="2.265810">
						<ele>30</ele>
						<time>2023-09-22T14:16:48Z</time>
					</trkpt>
					<trkpt lat="48.835200" lon="2.265990">
						<ele>31</ele>
						<time>2023-09-22T14:16:58Z</time>
					</trkpt>
					<trkpt lat="48.835640" lon="2.266380">
						<ele>32</ele>
						<time>2023-09-22T14:17:24Z</time>
					</trkpt>
					<trkpt lat="48.835940" lon="2.266760">
						<ele>31</ele>
						<time>2023-09-22T14:17:43Z</time>
					</trkpt>
					<trkpt lat="48.836050" lon="2.266940">
						<ele>30</ele>
						<time>2023-09-22T14:17:51Z</time>
					</trkpt>
					<trkpt lat="48.836470" lon="2.267420">
						<ele>29</ele>
						<time>2023-09-22T14:18:18Z</time>
					</trkpt>
					<trkpt lat="48.836550" lon="2.267470">
						<ele>29</ele>
						<time>2023-09-22T14:18:22Z</time>
					</trkpt>
					<trkpt lat="48.836770" lon="2.267710">
						<ele>29</ele>
						<time>2023-09-22T14:18:35Z</time>
					</trkpt>
					<trkpt lat="48.837450" lon="2.268280">
						<ele>28</ele>
						<time>2023-09-22T14:19:14Z</time>
					</trkpt>
					<trkpt lat="48.837870" lon="2.268590">
						<ele>28</ele>
						<time>2023-09-22T14:19:38Z</time>
					</trkpt>
					<trkpt lat="48.838040" lon="2.268690">
						<ele>28</ele>
						<time>2023-09-22T14:19:47Z</time>
					</trkpt>
					<trkpt lat="48.838080" lon="2.268680">
						<ele>28</ele>
						<time>2023-09-22T14:19:49Z</time>
					</trkpt>
					<trkpt lat="48.838150" lon="2.268720">
						<ele>28</ele>
						<time>2023-09-22T14:19:53Z</time>
					</trkpt>
					<trkpt lat="48.838340" lon="2.268950">
						<ele>28</ele>
						<time>2023-09-22T14:20:05Z</time>
					</trkpt>
					<trkpt lat="48.838440" lon="2.268990">
						<ele>28</ele>
						<time>2023-09-22T14:20:10Z</time>
					</trkpt>
					<trkpt lat="48.838470" lon="2.269040">
						<ele>28</ele>
						<time>2023-09-22T14:20:12Z</time>
					</trkpt>
					<trkpt lat="48.838520" lon="2.269060">
						<ele>28</ele>
						<time>2023-09-22T14:20:15Z</time>
					</trkpt>
					<trkpt lat="48.839200" lon="2.269730">
						<ele>32</ele>
						<time>2023-09-22T14:20:55Z</time>
					</trkpt>
					<trkpt lat="48.839890" lon="2.270320">
						<ele>34</ele>
						<time>2023-09-22T14:21:35Z</time>
					</trkpt>
					<trkpt lat="48.840230" lon="2.270670">
						<ele>32</ele>
						<time>2023-09-22T14:21:55Z</time>
					</trkpt>
					<trkpt lat="48.840400" lon="2.271060">
						<ele>30</ele>
						<time>2023-09-22T14:22:11Z</time>
					</trkpt>
					<trkpt lat="48.841090" lon="2.271750">
						<ele>30</ele>
						<time>2023-09-22T14:22:52Z</time>
					</trkpt>
					<trkpt lat="48.841180" lon="2.271820">
						<ele>31</ele>
						<time>2023-09-22T14:22:57Z</time>
					</trkpt>
					<trkpt lat="48.841320" lon="2.271790">
						<ele>31</ele>
						<time>2023-09-22T14:23:04Z</time>
					</trkpt>
					<trkpt lat="48.841330" lon="2.271820">
						<ele>31</ele>
						<time>2023-09-22T14:23:05Z</time>
					</trkpt>
					<trkpt lat="48.841460" lon="2.271840">
						<ele>31</ele>
						<time>2023-09-22T14:23:12Z</time>
					</trkpt>
					<trkpt lat="48.841920" lon="2.272080">
						<ele>33</ele>
						<time>2023-09-22T14:23:36Z</time>
					</trkpt>
					<trkpt lat="48.842400" lon="2.272600">
						<ele>33</ele>
						<time>2023-09-22T14:24:06Z</time>
					</trkpt>
					<trkpt lat="48.842480" lon="2.272940">
						<ele>31</ele>
						<time>2023-09-22T14:24:18Z</time>
					</trkpt>
					<trkpt lat="48.843530" lon="2.273920">
						<ele>30</ele>
						<time>2023-09-22T14:25:19Z</time>
					</trkpt>
					<trkpt lat="48.843720" lon="2.274140">
						<ele>29</ele>
						<time>2023-09-22T14:25:31Z</time>
					</trkpt>
					<trkpt lat="48.843940" lon="2.274310">
						<ele>30</ele>
						<time>2023-09-22T14:25:44Z</time>
					</trkpt>
					<trkpt lat="48.844390" lon="2.274720">
						<ele>32</ele>
						<time>2023-09-22T14:26:10Z</time>
					</trkpt>
					<trkpt lat="48.845370" lon="2.275650">
						<ele>31</ele>
						<time>2023-09-22T14:27:08Z</time>
					</trkpt>
					<trkpt lat="48.845580" lon="2.275730">
						<ele>30</ele>
						<time>2023-09-22T14:27:19Z</time>
					</trkpt>
					<trkpt lat="48.846320" lon="2.276590">
						<ele>30</ele>
						<time>2023-09-22T14:28:05Z</time>
					</trkpt>
					<trkpt lat="48.847030" lon="2.277490">
						<ele>27</ele>
						<time>2023-09-22T14:28:51Z</time>
					</trkpt>
					<trkpt lat="48.847070" lon="2.277680">
						<ele>26</ele>
						<time>2023-09-22T14:28:58Z</time>
					</trkpt>
					<trkpt lat="48.847290" lon="2.277970">
						<ele>25</ele>
						<time>2023-09-22T14:29:13Z</time>
					</trkpt>
					<trkpt lat="48.848330" lon="2.279520">
						<ele>32</ele>
						<time>2023-09-22T14:30:25Z</time>
					</trkpt>
					<trkpt lat="48.848570" lon="2.279920">
						<ele>35</ele>
						<time>2023-09-22T14:30:43Z</time>
					</trkpt>
					<trkpt lat="48.848960" lon="2.280460">
						<ele>34</ele>
						<time>2023-09-22T14:31:10Z</time>
					</trkpt>
					<trkpt lat="48.849160" lon="2.280600">
						<ele>32</ele>
						<time>2023-09-22T14:31:21Z</time>
					</trkpt>
					<trkpt lat="48.849390" lon="2.280890">
						<ele>30</ele>
						<time>2023-09-22T14:31:36Z</time>
					</trkpt>
					<trkpt lat="48.849720" lon="2.281140">
						<ele>28</ele>
						<time>2023-09-22T14:31:54Z</time>
					</trkpt>
					<trkpt lat="48.849830" lon="2.281350">
						<ele>28</ele>
						<time>2023-09-22T14:32:03Z</time>
					</trkpt>
					<trkpt lat="48.849920" lon="2.281660">
						<ele>28</ele>
						<time>2023-09-22T14:32:14Z</time>
					</trkpt>
					<trkpt lat="48.850260" lon="2.282160">
						<ele>30</ele>
						<time>2023-09-22T14:32:38Z</time>
					</trkpt>
					<trkpt lat="48.850260" lon="2.282210">
						<ele>30</ele>
						<time>2023-09-22T14:32:39Z</time>
					</trkpt>
					<trkpt lat="48.850230" lon="2.282250">
						<ele>30</ele>
						<time>2023-09-22T14:32:41Z</time>
					</trkpt>
					<trkpt lat="48.850200" lon="2.282240">
						<ele>30</ele>
						<time>2023-09-22T14:32:43Z</time>
					</trkpt>
					<trkpt lat="48.849870" lon="2.281790">
						<ele>29</ele>
						<time>2023-09-22T14:33:05Z</time>
					</trkpt>
					<trkpt lat="48.849800" lon="2.281640">
						<ele>29</ele>
						<time>2023-09-22T14:33:11Z</time>
					</trkpt>
					<trkpt lat="48.849700" lon="2.281510">
						<ele>29</ele>
						<time>2023-09-22T14:33:18Z</time>
					</trkpt>
					<trkpt lat="48.849680" lon="2.281370">
						<ele>29</ele>
						<time>2023-09-22T14:33:23Z</time>
					</trkpt>
					<trkpt lat="48.849740" lon="2.281300">
						<ele>28</ele>
						<time>2023-09-22T14:33:26Z</time>
					</trkpt>
					<trkpt lat="48.850090" lon="2.280640">
						<ele>27</ele>
						<time>2023-09-22T14:33:54Z</time>
					</trkpt>
					<trkpt lat="48.850350" lon="2.280250">
						<ele>29</ele>
						<time>2023-09-22T14:34:12Z</time>
					</trkpt>
					<trkpt lat="48.850370" lon="2.280240">
						<ele>29</ele>
						<time>2023-09-22T14:34:14Z</time>
					</trkpt>
					<trkpt lat="48.850430" lon="2.280290">
						<ele>29</ele>
						<time>2023-09-22T14:34:17Z</time>
					</trkpt>
					<trkpt lat="48.850570" lon="2.280530">
						<ele>29</ele>
						<time>2023-09-22T14:34:28Z</time>
					</trkpt>
					<trkpt lat="48.850690" lon="2.280670">
						<ele>30</ele>
						<time>2023-09-22T14:34:35Z</time>
					</trkpt>
					<trkpt lat="48.851220" lon="2.281460">
						<ele>32</ele>
						<time>2023-09-22T14:35:12Z</time>
					</trkpt>
					<trkpt lat="48.851430" lon="2.281720">
						<ele>32</ele>
						<time>2023-09-22T14:35:26Z</time>
					</trkpt>
					<trkpt lat="48.852140" lon="2.282770">
						<ele>28</ele>
						<time>2023-09-22T14:36:15Z</time>
					</trkpt>
					<trkpt lat="48.852290" lon="2.283030">
						<ele>28</ele>
						<time>2023-09-22T14:36:27Z</time>
					</trkpt>
					<trkpt lat="48.852870" lon="2.283780">
						<ele>27</ele>
						<time>2023-09-22T14:37:05Z</time>
					</trkpt>
					<trkpt lat="48.853700" lon="2.284990">
						<ele>32</ele>
						<time>2023-09-22T14:38:02Z</time>
					</trkpt>
					<trkpt lat="48.854000" lon="2.285380">
						<ele>34</ele>
						<time>2023-09-22T14:38:22Z</time>
					</trkpt>
					<trkpt lat="48.854700" lon="2.286420">
						<ele>31</ele>
						<time>2023-09-22T14:39:11Z</time>
					</trkpt>
					<trkpt lat="48.855040" lon="2.286850">
						<ele>31</ele>
						<time>2023-09-22T14:39:33Z</time>
					</trkpt>
					<trkpt lat="48.855510" lon="2.287540">
						<ele>33</ele>
						<time>2023-09-22T14:40:06Z</time>
					</trkpt>
					<trkpt lat="48.855500" lon="2.287700">
						<ele>33</ele>
						<time>2023-09-22T14:40:11Z</time>
					</trkpt>
					<trkpt lat="48.854850" lon="2.288300">
						<ele>37</ele>
						<time>2023-09-22T14:40:49Z</time>
					</trkpt>
					<trkpt lat="48.854710" lon="2.288470">
						<ele>38</ele>
						<time>2023-09-22T14:40:58Z</time>
					</trkpt>
					<trkpt lat="48.855330" lon="2.288900">
						<ele>34</ele>
						<time>2023-09-22T14:41:32Z</time>
					</trkpt>
					<trkpt lat="48.855740" lon="2.289140">
						<ele>29</ele>
						<time>2023-09-22T14:41:54Z</time>
					</trkpt>
					<trkpt lat="48.856280" lon="2.289360">
						<ele>32</ele>
						<time>2023-09-22T14:42:22Z</time>
					</trkpt>
					<trkpt lat="48.856750" lon="2.289510">
						<ele>36</ele>
						<time>2023-09-22T14:42:46Z</time>
					</trkpt>
					<trkpt lat="48.857190" lon="2.289800">
						<ele>33</ele>
						<time>2023-09-22T14:43:10Z</time>
					</trkpt>
					<trkpt lat="48.857620" lon="2.290200">
						<ele>31</ele>
						<time>2023-09-22T14:43:36Z</time>
					</trkpt>
					<trkpt lat="48.858810" lon="2.291690">
						<ele>30</ele>
						<time>2023-09-22T14:44:53Z</time>
					</trkpt>
					<trkpt lat="48.858960" lon="2.291960">
						<ele>31</ele>
						<time>2023-09-22T14:45:04Z</time>
					</trkpt>
					<trkpt lat="48.858970" lon="2.292390">
						<ele>33</ele>
						<time>2023-09-22T14:45:19Z</time>
					</trkpt>
					<trkpt lat="48.859110" lon="2.292620">
						<ele>33</ele>
						<time>2023-09-22T14:45:29Z</time>
					</trkpt>
					<trkpt lat="48.859150" lon="2.292920">
						<ele>36</ele>
						<time>2023-09-22T14:45:39Z</time>
					</trkpt>
					<trkpt lat="48.859280" lon="2.292860">
						<ele>34</ele>
						<time>2023-09-22T14:45:46Z</time>
					</trkpt>
					<trkpt lat="48.859710" lon="2.292200">
						<ele>28</ele>
						<time>2023-09-22T14:46:16Z</time>
					</trkpt>
					</trkseg>
				</trk>
			</gpx>