<?xml version="1.0" encoding="UTF-8" standalone="no" ?>
<gpx creator="CompeGPS" version="1.1" xsi:schemaLocation="http://www.topografix.com/GPX/1/1 http://www.topografix.com/GPX/1/1/gpx.xsd http://www.garmin.com/xmlschemas/WaypointExtension/v1 http://www8.garmin.com/xmlschemas/WaypointExtensionv1.xsd http://www.garmin.com/xmlschemas/TrackPointExtension/v1 http://www.garmin.com/xmlschemas/TrackPointExtensionv1.xsd http://www.garmin.com/xmlschemas/GpxExtensions/v3 http://www8.garmin.com/xmlschemas/GpxExtensionsv3.xsd http://www.garmin.com/xmlschemas/ActivityExtension/v1 http://www8.garmin.com/xmlschemas/ActivityExtensionv1.xsd http://www.garmin.com/xmlschemas/AdventuresExtensions/v1 http://www8.garmin.com/xmlschemas/AdventuresExtensionv1.xsd http://www.garmin.com/xmlschemas/PressureExtension/v1 http://www.garmin.com/xmlschemas/PressureExtensionv1.xsd http://www.garmin.com/xmlschemas/TripExtensions/v1 http://www.garmin.com/xmlschemas/TripExtensionsv1.xsd http://www.garmin.com/xmlschemas/TripMetaDataExtensions/v1 http://www.garmin.com/xmlschemas/TripMetaDataExtensionsv1.xsd http://www.garmin.com/xmlschemas/ViaPointTransportationModeExtensions/v1 http://www.garmin.com/xmlschemas/ViaPointTransportationModeExtensionsv1.xsd http://www.garmin.com/xmlschemas/CreationTimeExtension/v1 http://www.garmin.com/xmlschemas/CreationTimeExtensionsv1.xsd http://www.garmin.com/xmlschemas/AccelerationExtension/v1 http://www.garmin.com/xmlschemas/AccelerationExtensionv1.xsd http://www.garmin.com/xmlschemas/PowerExtension/v1 http://www.garmin.com/xmlschemas/PowerExtensionv1.xsd http://www.garmin.com/xmlschemas/VideoExtension/v1 http://www.garmin.com/xmlschemas/VideoExtensionv1.xsd" xmlns="http://www.topografix.com/GPX/1/1" xmlns:xsi="http://www.w3.org/2001/XMLSchema-instance" xmlns:wptx1="http://www.garmin.com/xmlschemas/WaypointExtension/v1" xmlns:gpxtrx="http://www.garmin.com/xmlschemas/GpxExtensions/v3" xmlns:gpxtpx="http://www.garmin.com/xmlschemas/TrackPointExtension/v1" xmlns:gpxx="http://www.garmin.com/xmlschemas/GpxExtensions/v3" xmlns:trp="http://www.garmin.com/xmlschemas/TripExtensions/v1" xmlns:adv="http://www.garmin.com/xmlschemas/AdventuresExtensions/v1" xmlns:prs="http://www.garmin.com/xmlschemas/PressureExtension/v1" xmlns:tmd="http://www.garmin.com/xmlschemas/TripMetaDataExtensions/v1" xmlns:vptm="http://www.garmin.com/xmlschemas/ViaPointTransportationModeExtensions/v1" xmlns:ctx="http://www.garmin.com/xmlschemas/CreationTimeExtension/v1" xmlns:gpxacc="http://www.garmin.com/xmlschemas/AccelerationExtension/v1" xmlns:gpxpx="http://www.garmin.com/xmlschemas/PowerExtension/v1" xmlns:vidx1="http://www.garmin.com/xmlschemas/VideoExtension/v1" xmlns:twonav="http://twonav.com/twonav">
  <metadata>
    <author>
      <email id="" domain=""/>
    </author>
    <copyright author="">
      <license></license>
    </copyright>
    <link href="http://www.compegps.com">
      <text>CompeGPS TEAM, SL</text>
    </link>
    <time>2025-02-15T21:38:51.000Z</time>
    <bounds maxlat="32.828850" maxlon="-16.761837" minlat="32.716808" minlon="-16.935563"/>
  </metadata>
  <trk>
    <name>MIUT2025_60</name>
    <extensions>
      <line xmlns="http://www.topografix.com/GPX/gpx_style/0/2">
        <width>4</width>
      </line>
      <gpxx:TrackExtension>
        <gpxx:DisplayColor>DarkCyan</gpxx:DisplayColor>
      </gpxx:TrackExtension>
      <twonav:TwoNavExtension>
        <twonav:activity>4</twonav:activity>
        <twonav:terrain>0</twonav:terrain>
      </twonav:TwoNavExtension>
    </extensions>
    <trkseg>
      <trkpt lat="32.828668" lon="-16.897521">
        <ele>13.4</ele>
        <time>2025-02-15T09:43:22.260Z</time>
      </trkpt>
      <trkpt lat="32.828701" lon="-16.897566">
        <ele>13.6</ele>
        <time>2025-02-15T09:43:26.519Z</time>
      </trkpt>
      <trkpt lat="32.828735" lon="-16.897598">
        <ele>13.8</ele>
        <time>2025-02-15T09:43:30.218Z</time>
      </trkpt>
      <trkpt lat="32.828815" lon="-16.897696">
        <ele>14.2</ele>
        <time>2025-02-15T09:43:39.890Z</time>
      </trkpt>
      <trkpt lat="32.828850" lon="-16.897753">
        <ele>14.8</ele>
        <time>2025-02-15T09:43:44.906Z</time>
      </trkpt>
      <trkpt lat="32.828691" lon="-16.897887">
        <ele>18.9</ele>
        <time>2025-02-15T09:44:01.638Z</time>
      </trkpt>
      <trkpt lat="32.828526" lon="-16.898024">
        <ele>23.4</ele>
        <time>2025-02-15T09:44:19.012Z</time>
      </trkpt>
      <trkpt lat="32.828314" lon="-16.897942">
        <ele>24.6</ele>
        <time>2025-02-15T09:44:37.842Z</time>
      </trkpt>
      <trkpt lat="32.827765" lon="-16.897739">
        <ele>25.5</ele>
        <time>2025-02-15T09:45:26.375Z</time>
      </trkpt>
      <trkpt lat="32.826513" lon="-16.897292">
        <ele>30.0</ele>
        <time>2025-02-15T09:47:16.884Z</time>
      </trkpt>
      <trkpt lat="32.826102" lon="-16.897168">
        <ele>34.8</ele>
        <time>2025-02-15T09:47:52.881Z</time>
      </trkpt>
      <trkpt lat="32.825849" lon="-16.897231">
        <ele>35.8</ele>
        <time>2025-02-15T09:48:14.706Z</time>
      </trkpt>
      <trkpt lat="32.825678" lon="-16.897418">
        <ele>36.1</ele>
        <time>2025-02-15T09:48:34.313Z</time>
      </trkpt>
      <trkpt lat="32.825336" lon="-16.897599">
        <ele>41.2</ele>
        <time>2025-02-15T09:49:06.134Z</time>
      </trkpt>
      <trkpt lat="32.824492" lon="-16.897602">
        <ele>43.0</ele>
        <time>2025-02-15T09:50:17.482Z</time>
      </trkpt>
      <trkpt lat="32.823606" lon="-16.897720">
        <ele>46.0</ele>
        <time>2025-02-15T09:51:32.778Z</time>
      </trkpt>
      <trkpt lat="32.822986" lon="-16.897893">
        <ele>48.5</ele>
        <time>2025-02-15T09:52:26.605Z</time>
      </trkpt>
      <trkpt lat="32.822591" lon="-16.898366">
        <ele>58.7</ele>
        <time>2025-02-15T09:53:14.531Z</time>
      </trkpt>
      <trkpt lat="32.822203" lon="-16.898558">
        <ele>64.0</ele>
        <time>2025-02-15T09:53:50.310Z</time>
      </trkpt>
      <trkpt lat="32.820491" lon="-16.899138">
        <ele>61.0</ele>
        <time>2025-02-15T09:56:20.697Z</time>
      </trkpt>
      <trkpt lat="32.820010" lon="-16.899970">
        <ele>85.4</ele>
        <time>2025-02-15T09:57:34.721Z</time>
      </trkpt>
      <trkpt lat="32.819876" lon="-16.900143">
        <ele>90.7</ele>
        <time>2025-02-15T09:57:51.934Z</time>
      </trkpt>
      <trkpt lat="32.819220" lon="-16.900407">
        <ele>88.5</ele>
        <time>2025-02-15T09:58:50.438Z</time>
      </trkpt>
      <trkpt lat="32.818998" lon="-16.900374">
        <ele>83.7</ele>
        <time>2025-02-15T09:59:09.681Z</time>
      </trkpt>
      <trkpt lat="32.818888" lon="-16.900353">
        <ele>81.6</ele>
        <time>2025-02-15T09:59:19.212Z</time>
      </trkpt>
      <trkpt lat="32.818824" lon="-16.900495">
        <ele>89.3</ele>
        <time>2025-02-15T09:59:32.086Z</time>
      </trkpt>
      <trkpt lat="32.818714" lon="-16.900586">
        <ele>93.6</ele>
        <time>2025-02-15T09:59:43.840Z</time>
      </trkpt>
      <trkpt lat="32.818653" lon="-16.900681">
        <ele>98.7</ele>
        <time>2025-02-15T09:59:53.170Z</time>
      </trkpt>
      <trkpt lat="32.818396" lon="-16.900744">
        <ele>99.0</ele>
        <time>2025-02-15T10:00:15.399Z</time>
      </trkpt>
      <trkpt lat="32.818011" lon="-16.900579">
        <ele>92.2</ele>
        <time>2025-02-15T10:00:50.348Z</time>
      </trkpt>
      <trkpt lat="32.817867" lon="-16.900438">
        <ele>86.8</ele>
        <time>2025-02-15T10:01:06.603Z</time>
      </trkpt>
      <trkpt lat="32.817752" lon="-16.900337">
        <ele>83.3</ele>
        <time>2025-02-15T10:01:18.915Z</time>
      </trkpt>
      <trkpt lat="32.817633" lon="-16.900298">
        <ele>82.9</ele>
        <time>2025-02-15T10:01:29.423Z</time>
      </trkpt>
      <trkpt lat="32.817674" lon="-16.900372">
        <ele>85.6</ele>
        <time>2025-02-15T10:01:36.017Z</time>
      </trkpt>
      <trkpt lat="32.817819" lon="-16.900724">
        <ele>99.2</ele>
        <time>2025-02-15T10:02:05.766Z</time>
      </trkpt>
      <trkpt lat="32.817957" lon="-16.901091">
        <ele>116.8</ele>
        <time>2025-02-15T10:02:37.226Z</time>
      </trkpt>
      <trkpt lat="32.817888" lon="-16.901197">
        <ele>122.4</ele>
        <time>2025-02-15T10:02:47.676Z</time>
      </trkpt>
      <trkpt lat="32.818008" lon="-16.901479">
        <ele>136.5</ele>
        <time>2025-02-15T10:03:12.538Z</time>
      </trkpt>
      <trkpt lat="32.818143" lon="-16.901677">
        <ele>145.1</ele>
        <time>2025-02-15T10:03:31.772Z</time>
      </trkpt>
      <trkpt lat="32.818065" lon="-16.901683">
        <ele>146.2</ele>
        <time>2025-02-15T10:03:38.452Z</time>
      </trkpt>
      <trkpt lat="32.817951" lon="-16.901874">
        <ele>152.5</ele>
        <time>2025-02-15T10:03:55.705Z</time>
      </trkpt>
      <trkpt lat="32.817842" lon="-16.902217">
        <ele>160.4</ele>
        <time>2025-02-15T10:04:22.456Z</time>
      </trkpt>
      <trkpt lat="32.817926" lon="-16.902506">
        <ele>171.0</ele>
        <time>2025-02-15T10:04:45.564Z</time>
      </trkpt>
      <trkpt lat="32.817940" lon="-16.902760">
        <ele>135.6</ele>
        <time>2025-02-15T10:05:17.947Z</time>
      </trkpt>
      <trkpt lat="32.817899" lon="-16.902897">
        <ele>147.0</ele>
        <time>2025-02-15T10:05:31.430Z</time>
      </trkpt>
      <trkpt lat="32.817795" lon="-16.903164">
        <ele>147.0</ele>
        <time>2025-02-15T10:05:53.588Z</time>
      </trkpt>
      <trkpt lat="32.817690" lon="-16.903333">
        <ele>147.0</ele>
        <time>2025-02-15T10:06:09.376Z</time>
      </trkpt>
      <trkpt lat="32.817590" lon="-16.903377">
        <ele>147.0</ele>
        <time>2025-02-15T10:06:18.999Z</time>
      </trkpt>
      <trkpt lat="32.817463" lon="-16.903443">
        <ele>141.0</ele>
        <time>2025-02-15T10:06:32.346Z</time>
      </trkpt>
      <trkpt lat="32.817366" lon="-16.903514">
        <ele>141.0</ele>
        <time>2025-02-15T10:06:42.548Z</time>
      </trkpt>
      <trkpt lat="32.817351" lon="-16.903603">
        <ele>141.0</ele>
        <time>2025-02-15T10:06:49.380Z</time>
      </trkpt>
      <trkpt lat="32.817392" lon="-16.903714">
        <ele>141.0</ele>
        <time>2025-02-15T10:06:58.513Z</time>
      </trkpt>
      <trkpt lat="32.817355" lon="-16.903794">
        <ele>141.0</ele>
        <time>2025-02-15T10:07:05.392Z</time>
      </trkpt>
      <trkpt lat="32.817247" lon="-16.903803">
        <ele>141.0</ele>
        <time>2025-02-15T10:07:15.112Z</time>
      </trkpt>
      <trkpt lat="32.817109" lon="-16.903794">
        <ele>136.0</ele>
        <time>2025-02-15T10:07:28.159Z</time>
      </trkpt>
      <trkpt lat="32.817012" lon="-16.903874">
        <ele>136.0</ele>
        <time>2025-02-15T10:07:38.736Z</time>
      </trkpt>
      <trkpt lat="32.816922" lon="-16.903870">
        <ele>136.0</ele>
        <time>2025-02-15T10:07:46.770Z</time>
      </trkpt>
      <trkpt lat="32.816799" lon="-16.903843">
        <ele>136.0</ele>
        <time>2025-02-15T10:07:57.986Z</time>
      </trkpt>
      <trkpt lat="32.816706" lon="-16.903923">
        <ele>132.0</ele>
        <time>2025-02-15T10:08:08.793Z</time>
      </trkpt>
      <trkpt lat="32.816624" lon="-16.904016">
        <ele>132.0</ele>
        <time>2025-02-15T10:08:18.964Z</time>
      </trkpt>
      <trkpt lat="32.816557" lon="-16.904131">
        <ele>132.0</ele>
        <time>2025-02-15T10:08:29.554Z</time>
      </trkpt>
      <trkpt lat="32.816407" lon="-16.904242">
        <ele>126.0</ele>
        <time>2025-02-15T10:08:46.055Z</time>
      </trkpt>
      <trkpt lat="32.816243" lon="-16.904309">
        <ele>126.0</ele>
        <time>2025-02-15T10:09:01.610Z</time>
      </trkpt>
      <trkpt lat="32.816075" lon="-16.904398">
        <ele>126.0</ele>
        <time>2025-02-15T10:09:18.082Z</time>
      </trkpt>
      <trkpt lat="32.815952" lon="-16.904482">
        <ele>117.0</ele>
        <time>2025-02-15T10:09:32.743Z</time>
      </trkpt>
      <trkpt lat="32.815747" lon="-16.904580">
        <ele>117.0</ele>
        <time>2025-02-15T10:09:52.567Z</time>
      </trkpt>
      <trkpt lat="32.815613" lon="-16.904753">
        <ele>117.0</ele>
        <time>2025-02-15T10:10:10.319Z</time>
      </trkpt>
      <trkpt lat="32.815378" lon="-16.904837">
        <ele>113.0</ele>
        <time>2025-02-15T10:10:32.573Z</time>
      </trkpt>
      <trkpt lat="32.815285" lon="-16.904877">
        <ele>113.0</ele>
        <time>2025-02-15T10:10:41.458Z</time>
      </trkpt>
      <trkpt lat="32.815132" lon="-16.904939">
        <ele>113.0</ele>
        <time>2025-02-15T10:10:55.950Z</time>
      </trkpt>
      <trkpt lat="32.814983" lon="-16.905001">
        <ele>110.0</ele>
        <time>2025-02-15T10:11:10.338Z</time>
      </trkpt>
      <trkpt lat="32.814818" lon="-16.905077">
        <ele>112.8</ele>
        <time>2025-02-15T10:11:26.281Z</time>
      </trkpt>
      <trkpt lat="32.814774" lon="-16.905157">
        <ele>115.6</ele>
        <time>2025-02-15T10:11:33.844Z</time>
      </trkpt>
      <trkpt lat="32.814688" lon="-16.905294">
        <ele>120.0</ele>
        <time>2025-02-15T10:11:47.242Z</time>
      </trkpt>
      <trkpt lat="32.814595" lon="-16.905374">
        <ele>110.0</ele>
        <time>2025-02-15T10:12:00.307Z</time>
      </trkpt>
      <trkpt lat="32.814494" lon="-16.905441">
        <ele>110.0</ele>
        <time>2025-02-15T10:12:10.644Z</time>
      </trkpt>
      <trkpt lat="32.814337" lon="-16.905525">
        <ele>110.0</ele>
        <time>2025-02-15T10:12:26.075Z</time>
      </trkpt>
      <trkpt lat="32.814128" lon="-16.905636">
        <ele>110.0</ele>
        <time>2025-02-15T10:12:46.595Z</time>
      </trkpt>
      <trkpt lat="32.814166" lon="-16.905858">
        <ele>110.0</ele>
        <time>2025-02-15T10:13:03.661Z</time>
      </trkpt>
      <trkpt lat="32.814154" lon="-16.905956">
        <ele>110.0</ele>
        <time>2025-02-15T10:13:11.085Z</time>
      </trkpt>
      <trkpt lat="32.813998" lon="-16.905991">
        <ele>114.0</ele>
        <time>2025-02-15T10:13:25.743Z</time>
      </trkpt>
      <trkpt lat="32.813927" lon="-16.906013">
        <ele>116.0</ele>
        <time>2025-02-15T10:13:32.513Z</time>
      </trkpt>
      <trkpt lat="32.813804" lon="-16.905938">
        <ele>117.9</ele>
        <time>2025-02-15T10:13:45.041Z</time>
      </trkpt>
      <trkpt lat="32.813725" lon="-16.906075">
        <ele>120.0</ele>
        <time>2025-02-15T10:13:57.680Z</time>
      </trkpt>
      <trkpt lat="32.813640" lon="-16.906191">
        <ele>135.0</ele>
        <time>2025-02-15T10:14:14.451Z</time>
      </trkpt>
      <trkpt lat="32.813553" lon="-16.906322">
        <ele>159.7</ele>
        <time>2025-02-15T10:14:38.000Z</time>
        <sat>3</sat>
      </trkpt>
      <trkpt lat="32.813562" lon="-16.906428">
        <ele>159.8</ele>
        <time>2025-02-15T10:14:47.000Z</time>
        <sat>3</sat>
      </trkpt>
      <trkpt lat="32.813555" lon="-16.906538">
        <ele>160.3</ele>
        <time>2025-02-15T10:14:59.000Z</time>
        <sat>3</sat>
      </trkpt>
      <trkpt lat="32.813562" lon="-16.906645">
        <ele>160.6</ele>
        <time>2025-02-15T10:15:10.000Z</time>
        <sat>3</sat>
      </trkpt>
      <trkpt lat="32.813583" lon="-16.906750">
        <ele>161.0</ele>
        <time>2025-02-15T10:15:20.000Z</time>
        <sat>3</sat>
      </trkpt>
      <trkpt lat="32.813610" lon="-16.906857">
        <ele>161.6</ele>
        <time>2025-02-15T10:15:31.000Z</time>
        <sat>3</sat>
      </trkpt>
      <trkpt lat="32.813677" lon="-16.906932">
        <ele>162.3</ele>
        <time>2025-02-15T10:15:43.000Z</time>
        <sat>3</sat>
      </trkpt>
      <trkpt lat="32.813667" lon="-16.907040">
        <ele>162.8</ele>
        <time>2025-02-15T10:15:54.000Z</time>
        <sat>3</sat>
      </trkpt>
      <trkpt lat="32.813595" lon="-16.907123">
        <ele>163.1</ele>
        <time>2025-02-15T10:16:04.000Z</time>
        <sat>3</sat>
      </trkpt>
      <trkpt lat="32.813538" lon="-16.907210">
        <ele>163.5</ele>
        <time>2025-02-15T10:16:13.000Z</time>
        <sat>3</sat>
      </trkpt>
      <trkpt lat="32.813478" lon="-16.907303">
        <ele>164.0</ele>
        <time>2025-02-15T10:16:22.000Z</time>
        <sat>3</sat>
      </trkpt>
      <trkpt lat="32.813410" lon="-16.907395">
        <ele>164.3</ele>
        <time>2025-02-15T10:16:28.000Z</time>
        <sat>3</sat>
      </trkpt>
      <trkpt lat="32.813365" lon="-16.907488">
        <ele>164.7</ele>
        <time>2025-02-15T10:16:33.000Z</time>
        <sat>3</sat>
      </trkpt>
      <trkpt lat="32.813288" lon="-16.907578">
        <ele>164.9</ele>
        <time>2025-02-15T10:16:39.000Z</time>
        <sat>3</sat>
      </trkpt>
      <trkpt lat="32.813257" lon="-16.907690">
        <ele>165.3</ele>
        <time>2025-02-15T10:16:44.000Z</time>
        <sat>3</sat>
      </trkpt>
      <trkpt lat="32.813202" lon="-16.907803">
        <ele>165.8</ele>
        <time>2025-02-15T10:16:49.000Z</time>
        <sat>3</sat>
      </trkpt>
      <trkpt lat="32.813140" lon="-16.907883">
        <ele>166.4</ele>
        <time>2025-02-15T10:16:54.000Z</time>
        <sat>3</sat>
      </trkpt>
      <trkpt lat="32.813078" lon="-16.907970">
        <ele>167.2</ele>
        <time>2025-02-15T10:17:01.000Z</time>
        <sat>3</sat>
      </trkpt>
      <trkpt lat="32.813035" lon="-16.908077">
        <ele>168.0</ele>
        <time>2025-02-15T10:17:14.000Z</time>
        <sat>3</sat>
      </trkpt>
      <trkpt lat="32.813012" lon="-16.908190">
        <ele>169.5</ele>
        <time>2025-02-15T10:17:25.000Z</time>
        <sat>3</sat>
      </trkpt>
      <trkpt lat="32.813048" lon="-16.908298">
        <ele>170.6</ele>
        <time>2025-02-15T10:17:34.000Z</time>
        <sat>3</sat>
      </trkpt>
      <trkpt lat="32.813083" lon="-16.908402">
        <ele>172.3</ele>
        <time>2025-02-15T10:17:47.000Z</time>
        <sat>3</sat>
      </trkpt>
      <trkpt lat="32.813082" lon="-16.908400">
        <ele>172.6</ele>
        <time>2025-02-15T10:17:49.000Z</time>
        <sat>3</sat>
      </trkpt>
      <trkpt lat="32.813082" lon="-16.908398">
        <ele>173.0</ele>
        <time>2025-02-15T10:17:51.000Z</time>
        <sat>3</sat>
      </trkpt>
      <trkpt lat="32.813078" lon="-16.908512">
        <ele>173.8</ele>
        <time>2025-02-15T10:18:02.000Z</time>
        <sat>3</sat>
      </trkpt>
      <trkpt lat="32.813020" lon="-16.908600">
        <ele>174.7</ele>
        <time>2025-02-15T10:18:11.000Z</time>
        <sat>3</sat>
      </trkpt>
      <trkpt lat="32.812968" lon="-16.908693">
        <ele>176.0</ele>
        <time>2025-02-15T10:18:24.000Z</time>
        <sat>3</sat>
      </trkpt>
      <trkpt lat="32.812932" lon="-16.908792">
        <ele>177.8</ele>
        <time>2025-02-15T10:18:35.000Z</time>
        <sat>3</sat>
      </trkpt>
      <trkpt lat="32.812880" lon="-16.908880">
        <ele>179.8</ele>
        <time>2025-02-15T10:18:49.000Z</time>
        <sat>3</sat>
      </trkpt>
      <trkpt lat="32.812925" lon="-16.908973">
        <ele>183.4</ele>
        <time>2025-02-15T10:19:15.000Z</time>
        <sat>3</sat>
      </trkpt>
      <trkpt lat="32.813017" lon="-16.908987">
        <ele>184.9</ele>
        <time>2025-02-15T10:19:24.000Z</time>
        <sat>3</sat>
      </trkpt>
      <trkpt lat="32.813025" lon="-16.909097">
        <ele>188.1</ele>
        <time>2025-02-15T10:19:45.000Z</time>
        <sat>3</sat>
      </trkpt>
      <trkpt lat="32.812958" lon="-16.909180">
        <ele>189.9</ele>
        <time>2025-02-15T10:19:55.000Z</time>
        <sat>3</sat>
      </trkpt>
      <trkpt lat="32.812888" lon="-16.909248">
        <ele>191.4</ele>
        <time>2025-02-15T10:20:07.000Z</time>
        <sat>3</sat>
      </trkpt>
      <trkpt lat="32.812812" lon="-16.909313">
        <ele>193.6</ele>
        <time>2025-02-15T10:20:22.000Z</time>
        <sat>3</sat>
      </trkpt>
      <trkpt lat="32.812737" lon="-16.909345">
        <ele>195.8</ele>
        <time>2025-02-15T10:20:36.000Z</time>
        <sat>3</sat>
      </trkpt>
      <trkpt lat="32.812735" lon="-16.909347">
        <ele>195.9</ele>
        <time>2025-02-15T10:20:37.000Z</time>
        <sat>3</sat>
      </trkpt>
      <trkpt lat="32.812707" lon="-16.909393">
        <ele>197.0</ele>
        <time>2025-02-15T10:20:51.000Z</time>
        <sat>3</sat>
      </trkpt>
      <trkpt lat="32.812705" lon="-16.909395">
        <ele>197.0</ele>
        <time>2025-02-15T10:20:52.000Z</time>
        <sat>3</sat>
      </trkpt>
      <trkpt lat="32.812722" lon="-16.909507">
        <ele>199.6</ele>
        <time>2025-02-15T10:21:08.000Z</time>
        <sat>3</sat>
      </trkpt>
      <trkpt lat="32.812808" lon="-16.909562">
        <ele>202.4</ele>
        <time>2025-02-15T10:21:26.000Z</time>
        <sat>3</sat>
      </trkpt>
      <trkpt lat="32.812887" lon="-16.909620">
        <ele>205.2</ele>
        <time>2025-02-15T10:21:42.000Z</time>
        <sat>3</sat>
      </trkpt>
      <trkpt lat="32.812978" lon="-16.909660">
        <ele>207.7</ele>
        <time>2025-02-15T10:21:55.000Z</time>
        <sat>3</sat>
      </trkpt>
      <trkpt lat="32.813068" lon="-16.909700">
        <ele>209.3</ele>
        <time>2025-02-15T10:22:11.000Z</time>
        <sat>4</sat>
      </trkpt>
      <trkpt lat="32.813145" lon="-16.909758">
        <ele>210.2</ele>
        <time>2025-02-15T10:22:23.000Z</time>
        <sat>4</sat>
      </trkpt>
      <trkpt lat="32.813173" lon="-16.909793">
        <ele>211.7</ele>
        <time>2025-02-15T10:22:33.000Z</time>
        <sat>4</sat>
      </trkpt>
      <trkpt lat="32.813175" lon="-16.909795">
        <ele>211.8</ele>
        <time>2025-02-15T10:22:34.000Z</time>
        <sat>4</sat>
      </trkpt>
      <trkpt lat="32.813185" lon="-16.909793">
        <ele>212.1</ele>
        <time>2025-02-15T10:22:38.000Z</time>
        <sat>4</sat>
      </trkpt>
      <trkpt lat="32.813185" lon="-16.909792">
        <ele>212.7</ele>
        <time>2025-02-15T10:22:52.000Z</time>
        <sat>4</sat>
      </trkpt>
      <trkpt lat="32.813187" lon="-16.909792">
        <ele>212.8</ele>
        <time>2025-02-15T10:22:54.000Z</time>
        <sat>4</sat>
      </trkpt>
      <trkpt lat="32.813187" lon="-16.909790">
        <ele>212.9</ele>
        <time>2025-02-15T10:22:55.000Z</time>
        <sat>4</sat>
      </trkpt>
      <trkpt lat="32.813187" lon="-16.909790">
        <ele>212.9</ele>
        <time>2025-02-15T10:22:56.000Z</time>
        <sat>4</sat>
      </trkpt>
      <trkpt lat="32.813187" lon="-16.909793">
        <ele>212.9</ele>
        <time>2025-02-15T10:22:57.000Z</time>
        <sat>4</sat>
      </trkpt>
      <trkpt lat="32.813165" lon="-16.909902">
        <ele>214.2</ele>
        <time>2025-02-15T10:23:10.000Z</time>
        <sat>4</sat>
      </trkpt>
      <trkpt lat="32.813123" lon="-16.909998">
        <ele>216.8</ele>
        <time>2025-02-15T10:23:22.000Z</time>
        <sat>4</sat>
      </trkpt>
      <trkpt lat="32.813085" lon="-16.910097">
        <ele>218.9</ele>
        <time>2025-02-15T10:23:36.000Z</time>
        <sat>4</sat>
      </trkpt>
      <trkpt lat="32.813043" lon="-16.910202">
        <ele>219.9</ele>
        <time>2025-02-15T10:23:44.000Z</time>
        <sat>4</sat>
      </trkpt>
      <trkpt lat="32.813070" lon="-16.910308">
        <ele>221.7</ele>
        <time>2025-02-15T10:24:00.000Z</time>
        <sat>4</sat>
      </trkpt>
      <trkpt lat="32.812998" lon="-16.910382">
        <ele>227.7</ele>
        <time>2025-02-15T10:24:27.000Z</time>
        <sat>4</sat>
      </trkpt>
      <trkpt lat="32.812908" lon="-16.910397">
        <ele>230.0</ele>
        <time>2025-02-15T10:24:37.000Z</time>
        <sat>4</sat>
      </trkpt>
      <trkpt lat="32.812840" lon="-16.910480">
        <ele>231.6</ele>
        <time>2025-02-15T10:24:47.000Z</time>
        <sat>4</sat>
      </trkpt>
      <trkpt lat="32.812782" lon="-16.910565">
        <ele>233.1</ele>
        <time>2025-02-15T10:25:01.000Z</time>
        <sat>4</sat>
      </trkpt>
      <trkpt lat="32.812717" lon="-16.910650">
        <ele>234.3</ele>
        <time>2025-02-15T10:25:20.000Z</time>
        <sat>4</sat>
      </trkpt>
      <trkpt lat="32.812662" lon="-16.910738">
        <ele>235.3</ele>
        <time>2025-02-15T10:25:34.000Z</time>
        <sat>4</sat>
      </trkpt>
      <trkpt lat="32.812613" lon="-16.910800">
        <ele>238.8</ele>
        <time>2025-02-15T10:26:00.000Z</time>
        <sat>4</sat>
      </trkpt>
      <trkpt lat="32.812612" lon="-16.910802">
        <ele>239.2</ele>
        <time>2025-02-15T10:26:01.000Z</time>
        <sat>4</sat>
      </trkpt>
      <trkpt lat="32.812617" lon="-16.910810">
        <ele>240.7</ele>
        <time>2025-02-15T10:26:07.000Z</time>
        <sat>4</sat>
      </trkpt>
      <trkpt lat="32.812618" lon="-16.910812">
        <ele>242.1</ele>
        <time>2025-02-15T10:26:18.000Z</time>
        <sat>4</sat>
      </trkpt>
      <trkpt lat="32.812703" lon="-16.910860">
        <ele>244.1</ele>
        <time>2025-02-15T10:26:29.000Z</time>
        <sat>4</sat>
      </trkpt>
      <trkpt lat="32.812783" lon="-16.910915">
        <ele>248.1</ele>
        <time>2025-02-15T10:26:43.000Z</time>
        <sat>4</sat>
      </trkpt>
      <trkpt lat="32.812783" lon="-16.910967">
        <ele>249.6</ele>
        <time>2025-02-15T10:26:53.000Z</time>
        <sat>4</sat>
      </trkpt>
      <trkpt lat="32.812782" lon="-16.910970">
        <ele>249.7</ele>
        <time>2025-02-15T10:26:54.000Z</time>
        <sat>4</sat>
      </trkpt>
      <trkpt lat="32.812708" lon="-16.911043">
        <ele>252.1</ele>
        <time>2025-02-15T10:27:10.000Z</time>
        <sat>4</sat>
      </trkpt>
      <trkpt lat="32.812672" lon="-16.911143">
        <ele>254.5</ele>
        <time>2025-02-15T10:27:24.000Z</time>
        <sat>4</sat>
      </trkpt>
      <trkpt lat="32.812635" lon="-16.911247">
        <ele>257.4</ele>
        <time>2025-02-15T10:27:37.000Z</time>
        <sat>4</sat>
      </trkpt>
      <trkpt lat="32.812612" lon="-16.911352">
        <ele>261.1</ele>
        <time>2025-02-15T10:27:52.000Z</time>
        <sat>4</sat>
      </trkpt>
      <trkpt lat="32.812570" lon="-16.911447">
        <ele>265.1</ele>
        <time>2025-02-15T10:28:07.000Z</time>
        <sat>4</sat>
      </trkpt>
      <trkpt lat="32.812520" lon="-16.911537">
        <ele>269.0</ele>
        <time>2025-02-15T10:28:22.000Z</time>
        <sat>4</sat>
      </trkpt>
      <trkpt lat="32.812480" lon="-16.911545">
        <ele>271.4</ele>
        <time>2025-02-15T10:28:33.000Z</time>
        <sat>4</sat>
      </trkpt>
      <trkpt lat="32.812478" lon="-16.911543">
        <ele>271.7</ele>
        <time>2025-02-15T10:28:34.000Z</time>
        <sat>4</sat>
      </trkpt>
      <trkpt lat="32.812433" lon="-16.911450">
        <ele>276.6</ele>
        <time>2025-02-15T10:28:57.000Z</time>
        <sat>4</sat>
      </trkpt>
      <trkpt lat="32.812343" lon="-16.911480">
        <ele>280.5</ele>
        <time>2025-02-15T10:29:13.000Z</time>
        <sat>4</sat>
      </trkpt>
      <trkpt lat="32.812253" lon="-16.911462">
        <ele>284.9</ele>
        <time>2025-02-15T10:29:35.000Z</time>
        <sat>4</sat>
      </trkpt>
      <trkpt lat="32.812245" lon="-16.911445">
        <ele>288.8</ele>
        <time>2025-02-15T10:29:54.000Z</time>
        <sat>4</sat>
      </trkpt>
      <trkpt lat="32.812243" lon="-16.911443">
        <ele>289.1</ele>
        <time>2025-02-15T10:29:55.000Z</time>
        <sat>4</sat>
      </trkpt>
      <trkpt lat="32.812157" lon="-16.911410">
        <ele>292.3</ele>
        <time>2025-02-15T10:30:08.000Z</time>
        <sat>4</sat>
      </trkpt>
      <trkpt lat="32.812245" lon="-16.911363">
        <ele>297.6</ele>
        <time>2025-02-15T10:30:30.000Z</time>
        <sat>4</sat>
      </trkpt>
      <trkpt lat="32.812190" lon="-16.911308">
        <ele>301.5</ele>
        <time>2025-02-15T10:30:45.000Z</time>
        <sat>4</sat>
      </trkpt>
      <trkpt lat="32.812178" lon="-16.911298">
        <ele>301.8</ele>
        <time>2025-02-15T10:30:46.000Z</time>
        <sat>4</sat>
      </trkpt>
      <trkpt lat="32.812107" lon="-16.911230">
        <ele>302.5</ele>
        <time>2025-02-15T10:30:50.000Z</time>
        <sat>4</sat>
      </trkpt>
      <trkpt lat="32.812015" lon="-16.911220">
        <ele>304.9</ele>
        <time>2025-02-15T10:31:01.000Z</time>
        <sat>4</sat>
      </trkpt>
      <trkpt lat="32.811923" lon="-16.911210">
        <ele>307.8</ele>
        <time>2025-02-15T10:31:15.000Z</time>
        <sat>4</sat>
      </trkpt>
      <trkpt lat="32.811922" lon="-16.911207">
        <ele>308.5</ele>
        <time>2025-02-15T10:31:19.000Z</time>
        <sat>4</sat>
      </trkpt>
      <trkpt lat="32.811922" lon="-16.911205">
        <ele>308.8</ele>
        <time>2025-02-15T10:31:20.000Z</time>
        <sat>4</sat>
      </trkpt>
      <trkpt lat="32.811922" lon="-16.911205">
        <ele>309.1</ele>
        <time>2025-02-15T10:31:21.000Z</time>
        <sat>4</sat>
      </trkpt>
      <trkpt lat="32.811920" lon="-16.911203">
        <ele>310.4</ele>
        <time>2025-02-15T10:31:26.000Z</time>
        <sat>4</sat>
      </trkpt>
      <trkpt lat="32.811918" lon="-16.911200">
        <ele>310.8</ele>
        <time>2025-02-15T10:31:28.000Z</time>
        <sat>4</sat>
      </trkpt>
      <trkpt lat="32.811918" lon="-16.911198">
        <ele>311.0</ele>
        <time>2025-02-15T10:31:29.000Z</time>
        <sat>4</sat>
      </trkpt>
      <trkpt lat="32.811918" lon="-16.911200">
        <ele>311.4</ele>
        <time>2025-02-15T10:31:31.000Z</time>
        <sat>4</sat>
      </trkpt>
      <trkpt lat="32.811918" lon="-16.911198">
        <ele>311.9</ele>
        <time>2025-02-15T10:31:34.000Z</time>
        <sat>4</sat>
      </trkpt>
      <trkpt lat="32.811810" lon="-16.911182">
        <ele>313.5</ele>
        <time>2025-02-15T10:31:48.000Z</time>
        <sat>4</sat>
      </trkpt>
      <trkpt lat="32.811713" lon="-16.911198">
        <ele>314.7</ele>
        <time>2025-02-15T10:31:53.000Z</time>
        <sat>4</sat>
      </trkpt>
      <trkpt lat="32.811613" lon="-16.911247">
        <ele>316.6</ele>
        <time>2025-02-15T10:31:58.000Z</time>
        <sat>4</sat>
      </trkpt>
      <trkpt lat="32.811537" lon="-16.911312">
        <ele>319.3</ele>
        <time>2025-02-15T10:32:05.000Z</time>
        <sat>5</sat>
      </trkpt>
      <trkpt lat="32.811468" lon="-16.911397">
        <ele>321.2</ele>
        <time>2025-02-15T10:32:14.000Z</time>
        <sat>5</sat>
      </trkpt>
      <trkpt lat="32.811338" lon="-16.911515">
        <ele>361.5</ele>
        <time>2025-02-15T10:42:30.000Z</time>
        <sat>5</sat>
      </trkpt>
      <trkpt lat="32.811337" lon="-16.911513">
        <ele>362.1</ele>
        <time>2025-02-15T10:42:32.000Z</time>
        <sat>5</sat>
      </trkpt>
      <trkpt lat="32.811253" lon="-16.911590">
        <ele>364.6</ele>
        <time>2025-02-15T10:43:14.000Z</time>
        <sat>5</sat>
      </trkpt>
      <trkpt lat="32.811188" lon="-16.911685">
        <ele>364.8</ele>
        <time>2025-02-15T10:43:20.000Z</time>
        <sat>5</sat>
      </trkpt>
      <trkpt lat="32.811173" lon="-16.911792">
        <ele>365.0</ele>
        <time>2025-02-15T10:43:26.000Z</time>
        <sat>5</sat>
      </trkpt>
      <trkpt lat="32.811163" lon="-16.911907">
        <ele>365.3</ele>
        <time>2025-02-15T10:43:36.000Z</time>
        <sat>5</sat>
      </trkpt>
      <trkpt lat="32.811127" lon="-16.912012">
        <ele>365.6</ele>
        <time>2025-02-15T10:43:42.000Z</time>
        <sat>5</sat>
      </trkpt>
      <trkpt lat="32.811072" lon="-16.912112">
        <ele>366.3</ele>
        <time>2025-02-15T10:43:49.000Z</time>
        <sat>5</sat>
      </trkpt>
      <trkpt lat="32.811045" lon="-16.912162">
        <ele>367.1</ele>
        <time>2025-02-15T10:43:55.000Z</time>
        <sat>5</sat>
      </trkpt>
      <trkpt lat="32.811043" lon="-16.912163">
        <ele>367.3</ele>
        <time>2025-02-15T10:43:56.000Z</time>
        <sat>5</sat>
      </trkpt>
      <trkpt lat="32.810988" lon="-16.912253">
        <ele>368.3</ele>
        <time>2025-02-15T10:44:07.000Z</time>
        <sat>5</sat>
      </trkpt>
      <trkpt lat="32.810950" lon="-16.912313">
        <ele>369.4</ele>
        <time>2025-02-15T10:44:18.000Z</time>
        <sat>5</sat>
      </trkpt>
      <trkpt lat="32.810950" lon="-16.912315">
        <ele>369.6</ele>
        <time>2025-02-15T10:44:20.000Z</time>
        <sat>5</sat>
      </trkpt>
      <trkpt lat="32.810950" lon="-16.912315">
        <ele>369.6</ele>
        <time>2025-02-15T10:44:21.000Z</time>
        <sat>5</sat>
      </trkpt>
      <trkpt lat="32.810948" lon="-16.912315">
        <ele>369.9</ele>
        <time>2025-02-15T10:44:23.000Z</time>
        <sat>5</sat>
      </trkpt>
      <trkpt lat="32.810948" lon="-16.912317">
        <ele>370.1</ele>
        <time>2025-02-15T10:44:25.000Z</time>
        <sat>5</sat>
      </trkpt>
      <trkpt lat="32.810948" lon="-16.912318">
        <ele>370.4</ele>
        <time>2025-02-15T10:44:28.000Z</time>
        <sat>5</sat>
      </trkpt>
      <trkpt lat="32.810948" lon="-16.912318">
        <ele>370.5</ele>
        <time>2025-02-15T10:44:29.000Z</time>
        <sat>5</sat>
      </trkpt>
      <trkpt lat="32.810948" lon="-16.912320">
        <ele>370.6</ele>
        <time>2025-02-15T10:44:31.000Z</time>
        <sat>5</sat>
      </trkpt>
      <trkpt lat="32.810948" lon="-16.912320">
        <ele>370.7</ele>
        <time>2025-02-15T10:44:32.000Z</time>
        <sat>5</sat>
      </trkpt>
      <trkpt lat="32.810948" lon="-16.912322">
        <ele>370.8</ele>
        <time>2025-02-15T10:44:33.000Z</time>
        <sat>5</sat>
      </trkpt>
      <trkpt lat="32.810948" lon="-16.912322">
        <ele>370.8</ele>
        <time>2025-02-15T10:44:34.000Z</time>
        <sat>5</sat>
      </trkpt>
      <trkpt lat="32.810948" lon="-16.912323">
        <ele>370.9</ele>
        <time>2025-02-15T10:44:35.000Z</time>
        <sat>5</sat>
      </trkpt>
      <trkpt lat="32.810897" lon="-16.912432">
        <ele>370.4</ele>
        <time>2025-02-15T10:44:45.000Z</time>
        <sat>5</sat>
      </trkpt>
      <trkpt lat="32.810850" lon="-16.912538">
        <ele>370.9</ele>
        <time>2025-02-15T10:44:52.000Z</time>
        <sat>5</sat>
      </trkpt>
      <trkpt lat="32.810805" lon="-16.912648">
        <ele>371.6</ele>
        <time>2025-02-15T10:44:59.000Z</time>
        <sat>5</sat>
      </trkpt>
      <trkpt lat="32.810750" lon="-16.912745">
        <ele>372.1</ele>
        <time>2025-02-15T10:45:07.000Z</time>
        <sat>5</sat>
      </trkpt>
      <trkpt lat="32.810700" lon="-16.912853">
        <ele>372.5</ele>
        <time>2025-02-15T10:45:14.000Z</time>
        <sat>5</sat>
      </trkpt>
      <trkpt lat="32.810648" lon="-16.912950">
        <ele>373.3</ele>
        <time>2025-02-15T10:45:20.000Z</time>
        <sat>5</sat>
      </trkpt>
      <trkpt lat="32.810598" lon="-16.913040">
        <ele>374.0</ele>
        <time>2025-02-15T10:45:26.000Z</time>
        <sat>5</sat>
      </trkpt>
      <trkpt lat="32.810553" lon="-16.913135">
        <ele>374.7</ele>
        <time>2025-02-15T10:45:32.000Z</time>
        <sat>5</sat>
      </trkpt>
      <trkpt lat="32.810517" lon="-16.913235">
        <ele>375.2</ele>
        <time>2025-02-15T10:45:38.000Z</time>
        <sat>5</sat>
      </trkpt>
      <trkpt lat="32.810480" lon="-16.913350">
        <ele>375.7</ele>
        <time>2025-02-15T10:45:44.000Z</time>
        <sat>5</sat>
      </trkpt>
      <trkpt lat="32.810447" lon="-16.913462">
        <ele>376.2</ele>
        <time>2025-02-15T10:45:49.000Z</time>
        <sat>5</sat>
      </trkpt>
      <trkpt lat="32.810438" lon="-16.913518">
        <ele>377.6</ele>
        <time>2025-02-15T10:46:05.000Z</time>
        <sat>5</sat>
      </trkpt>
      <trkpt lat="32.810437" lon="-16.913520">
        <ele>377.6</ele>
        <time>2025-02-15T10:46:06.000Z</time>
        <sat>5</sat>
      </trkpt>
      <trkpt lat="32.810443" lon="-16.913522">
        <ele>378.0</ele>
        <time>2025-02-15T10:46:11.000Z</time>
        <sat>5</sat>
      </trkpt>
      <trkpt lat="32.810438" lon="-16.913525">
        <ele>378.0</ele>
        <time>2025-02-15T10:46:12.000Z</time>
        <sat>5</sat>
      </trkpt>
      <trkpt lat="32.810345" lon="-16.913558">
        <ele>378.2</ele>
        <time>2025-02-15T10:46:21.000Z</time>
        <sat>5</sat>
      </trkpt>
      <trkpt lat="32.810337" lon="-16.913582">
        <ele>378.3</ele>
        <time>2025-02-15T10:46:26.000Z</time>
        <sat>4</sat>
      </trkpt>
      <trkpt lat="32.810332" lon="-16.913585">
        <ele>378.3</ele>
        <time>2025-02-15T10:46:27.000Z</time>
        <sat>4</sat>
      </trkpt>
      <trkpt lat="32.810317" lon="-16.913630">
        <ele>378.6</ele>
        <time>2025-02-15T10:46:39.000Z</time>
        <sat>4</sat>
      </trkpt>
      <trkpt lat="32.810313" lon="-16.913630">
        <ele>378.8</ele>
        <time>2025-02-15T10:46:43.000Z</time>
        <sat>5</sat>
      </trkpt>
      <trkpt lat="32.810290" lon="-16.913737">
        <ele>378.7</ele>
        <time>2025-02-15T10:46:52.000Z</time>
        <sat>5</sat>
      </trkpt>
      <trkpt lat="32.810270" lon="-16.913755">
        <ele>379.0</ele>
        <time>2025-02-15T10:47:03.000Z</time>
        <sat>5</sat>
      </trkpt>
      <trkpt lat="32.810270" lon="-16.913752">
        <ele>379.3</ele>
        <time>2025-02-15T10:47:05.000Z</time>
        <sat>5</sat>
      </trkpt>
      <trkpt lat="32.810262" lon="-16.913863">
        <ele>379.4</ele>
        <time>2025-02-15T10:47:12.000Z</time>
        <sat>5</sat>
      </trkpt>
      <trkpt lat="32.810207" lon="-16.913952">
        <ele>379.5</ele>
        <time>2025-02-15T10:47:16.000Z</time>
        <sat>5</sat>
      </trkpt>
      <trkpt lat="32.810125" lon="-16.914028">
        <ele>379.5</ele>
        <time>2025-02-15T10:47:20.000Z</time>
        <sat>5</sat>
      </trkpt>
      <trkpt lat="32.810035" lon="-16.914048">
        <ele>379.6</ele>
        <time>2025-02-15T10:47:27.000Z</time>
        <sat>5</sat>
      </trkpt>
      <trkpt lat="32.809970" lon="-16.913968">
        <ele>382.1</ele>
        <time>2025-02-15T10:47:52.000Z</time>
        <sat>4</sat>
      </trkpt>
      <trkpt lat="32.809928" lon="-16.913872">
        <ele>383.1</ele>
        <time>2025-02-15T10:47:58.000Z</time>
        <sat>4</sat>
      </trkpt>
      <trkpt lat="32.809860" lon="-16.913802">
        <ele>385.0</ele>
        <time>2025-02-15T10:48:08.000Z</time>
        <sat>5</sat>
      </trkpt>
      <trkpt lat="32.809822" lon="-16.913702">
        <ele>388.9</ele>
        <time>2025-02-15T10:48:29.000Z</time>
        <sat>5</sat>
      </trkpt>
      <trkpt lat="32.809725" lon="-16.913682">
        <ele>390.7</ele>
        <time>2025-02-15T10:48:41.000Z</time>
        <sat>5</sat>
      </trkpt>
      <trkpt lat="32.809635" lon="-16.913618">
        <ele>391.8</ele>
        <time>2025-02-15T10:48:47.000Z</time>
        <sat>5</sat>
      </trkpt>
      <trkpt lat="32.809633" lon="-16.913468">
        <ele>402.4</ele>
        <time>2025-02-15T10:49:01.860Z</time>
      </trkpt>
      <trkpt lat="32.809533" lon="-16.913276">
        <ele>401.7</ele>
        <time>2025-02-15T10:49:19.690Z</time>
      </trkpt>
      <trkpt lat="32.809297" lon="-16.913291">
        <ele>400.1</ele>
        <time>2025-02-15T10:49:41.942Z</time>
      </trkpt>
      <trkpt lat="32.809061" lon="-16.913335">
        <ele>403.6</ele>
        <time>2025-02-15T10:50:04.576Z</time>
      </trkpt>
      <trkpt lat="32.808862" lon="-16.913513">
        <ele>409.1</ele>
        <time>2025-02-15T10:50:28.385Z</time>
      </trkpt>
      <trkpt lat="32.808577" lon="-16.913261">
        <ele>419.4</ele>
        <time>2025-02-15T10:51:02.878Z</time>
      </trkpt>
      <trkpt lat="32.808440" lon="-16.912996">
        <ele>419.7</ele>
        <time>2025-02-15T10:51:27.493Z</time>
      </trkpt>
      <trkpt lat="32.808155" lon="-16.912848">
        <ele>426.0</ele>
        <time>2025-02-15T10:51:57.247Z</time>
      </trkpt>
      <trkpt lat="32.807769" lon="-16.912700">
        <ele>435.1</ele>
        <time>2025-02-15T10:52:36.039Z</time>
      </trkpt>
      <trkpt lat="32.807459" lon="-16.912611">
        <ele>443.8</ele>
        <time>2025-02-15T10:53:06.934Z</time>
      </trkpt>
      <trkpt lat="32.807149" lon="-16.912597">
        <ele>451.6</ele>
        <time>2025-02-15T10:53:36.868Z</time>
      </trkpt>
      <trkpt lat="32.806838" lon="-16.912582">
        <ele>459.5</ele>
        <time>2025-02-15T10:54:06.814Z</time>
      </trkpt>
      <trkpt lat="32.806528" lon="-16.912641">
        <ele>467.4</ele>
        <time>2025-02-15T10:54:37.118Z</time>
      </trkpt>
      <trkpt lat="32.806304" lon="-16.912759">
        <ele>473.1</ele>
        <time>2025-02-15T10:55:00.611Z</time>
      </trkpt>
      <trkpt lat="32.806080" lon="-16.912936">
        <ele>478.2</ele>
        <time>2025-02-15T10:55:26.231Z</time>
      </trkpt>
      <trkpt lat="32.805956" lon="-16.913202">
        <ele>479.3</ele>
        <time>2025-02-15T10:55:50.277Z</time>
      </trkpt>
      <trkpt lat="32.805836" lon="-16.913215">
        <ele>483.2</ele>
        <time>2025-02-15T10:56:02.124Z</time>
      </trkpt>
      <trkpt lat="32.805670" lon="-16.913173">
        <ele>490.9</ele>
        <time>2025-02-15T10:56:19.291Z</time>
      </trkpt>
      <trkpt lat="32.805536" lon="-16.913111">
        <ele>497.3</ele>
        <time>2025-02-15T10:56:33.916Z</time>
      </trkpt>
      <trkpt lat="32.805310" lon="-16.913128">
        <ele>507.0</ele>
        <time>2025-02-15T10:56:56.650Z</time>
      </trkpt>
      <trkpt lat="32.805127" lon="-16.913312">
        <ele>514.3</ele>
        <time>2025-02-15T10:57:20.024Z</time>
      </trkpt>
      <trkpt lat="32.804963" lon="-16.913455">
        <ele>519.3</ele>
        <time>2025-02-15T10:57:39.548Z</time>
      </trkpt>
      <trkpt lat="32.804702" lon="-16.913604">
        <ele>523.5</ele>
        <time>2025-02-15T10:58:07.057Z</time>
      </trkpt>
      <trkpt lat="32.804625" lon="-16.913773">
        <ele>524.9</ele>
        <time>2025-02-15T10:58:22.229Z</time>
      </trkpt>
      <trkpt lat="32.804445" lon="-16.914071">
        <ele>530.1</ele>
        <time>2025-02-15T10:58:51.567Z</time>
      </trkpt>
      <trkpt lat="32.804293" lon="-16.914181">
        <ele>535.4</ele>
        <time>2025-02-15T10:59:08.951Z</time>
      </trkpt>
      <trkpt lat="32.804102" lon="-16.914324">
        <ele>539.1</ele>
        <time>2025-02-15T10:59:30.350Z</time>
      </trkpt>
      <trkpt lat="32.803971" lon="-16.914428">
        <ele>540.1</ele>
        <time>2025-02-15T10:59:45.159Z</time>
      </trkpt>
      <trkpt lat="32.803753" lon="-16.914558">
        <ele>543.1</ele>
        <time>2025-02-15T11:00:08.211Z</time>
      </trkpt>
      <trkpt lat="32.803573" lon="-16.914687">
        <ele>546.2</ele>
        <time>2025-02-15T11:00:28.159Z</time>
      </trkpt>
      <trkpt lat="32.803273" lon="-16.914707">
        <ele>551.6</ele>
        <time>2025-02-15T11:00:56.756Z</time>
      </trkpt>
      <trkpt lat="32.803066" lon="-16.914733">
        <ele>553.2</ele>
        <time>2025-02-15T11:01:16.378Z</time>
      </trkpt>
      <trkpt lat="32.803049" lon="-16.914869">
        <ele>555.0</ele>
        <time>2025-02-15T11:01:27.367Z</time>
      </trkpt>
      <trkpt lat="32.802990" lon="-16.915044">
        <ele>558.3</ele>
        <time>2025-02-15T11:01:42.567Z</time>
      </trkpt>
      <trkpt lat="32.802799" lon="-16.915187">
        <ele>563.2</ele>
        <time>2025-02-15T11:02:04.144Z</time>
      </trkpt>
      <trkpt lat="32.802586" lon="-16.915232">
        <ele>567.1</ele>
        <time>2025-02-15T11:02:24.711Z</time>
      </trkpt>
      <trkpt lat="32.802417" lon="-16.915083">
        <ele>568.7</ele>
        <time>2025-02-15T11:02:44.548Z</time>
      </trkpt>
      <trkpt lat="32.802335" lon="-16.914999">
        <ele>569.5</ele>
        <time>2025-02-15T11:02:54.729Z</time>
      </trkpt>
      <trkpt lat="32.802161" lon="-16.914914">
        <ele>570.6</ele>
        <time>2025-02-15T11:03:12.458Z</time>
      </trkpt>
      <trkpt lat="32.801934" lon="-16.914996">
        <ele>578.2</ele>
        <time>2025-02-15T11:03:35.666Z</time>
      </trkpt>
      <trkpt lat="32.801743" lon="-16.915110">
        <ele>583.5</ele>
        <time>2025-02-15T11:03:56.173Z</time>
      </trkpt>
      <trkpt lat="32.801689" lon="-16.915188">
        <ele>585.4</ele>
        <time>2025-02-15T11:04:04.361Z</time>
      </trkpt>
      <trkpt lat="32.801561" lon="-16.915243">
        <ele>590.2</ele>
        <time>2025-02-15T11:04:17.805Z</time>
      </trkpt>
      <trkpt lat="32.801428" lon="-16.915277">
        <ele>595.5</ele>
        <time>2025-02-15T11:04:31.312Z</time>
      </trkpt>
      <trkpt lat="32.801272" lon="-16.915368">
        <ele>602.1</ele>
        <time>2025-02-15T11:04:48.594Z</time>
      </trkpt>
      <trkpt lat="32.801171" lon="-16.915331">
        <ele>605.4</ele>
        <time>2025-02-15T11:04:58.901Z</time>
      </trkpt>
      <trkpt lat="32.801051" lon="-16.915262">
        <ele>609.2</ele>
        <time>2025-02-15T11:05:11.836Z</time>
      </trkpt>
      <trkpt lat="32.800939" lon="-16.915282">
        <ele>613.5</ele>
        <time>2025-02-15T11:05:23.061Z</time>
      </trkpt>
      <trkpt lat="32.800790" lon="-16.915464">
        <ele>620.3</ele>
        <time>2025-02-15T11:05:43.992Z</time>
      </trkpt>
      <trkpt lat="32.800645" lon="-16.915509">
        <ele>625.5</ele>
        <time>2025-02-15T11:05:58.729Z</time>
      </trkpt>
      <trkpt lat="32.800500" lon="-16.915558">
        <ele>631.1</ele>
        <time>2025-02-15T11:06:13.678Z</time>
      </trkpt>
      <trkpt lat="32.800322" lon="-16.915795">
        <ele>641.0</ele>
        <time>2025-02-15T11:06:40.117Z</time>
      </trkpt>
      <trkpt lat="32.800132" lon="-16.916004">
        <ele>648.4</ele>
        <time>2025-02-15T11:07:05.202Z</time>
      </trkpt>
      <trkpt lat="32.799866" lon="-16.916120">
        <ele>654.1</ele>
        <time>2025-02-15T11:07:32.305Z</time>
      </trkpt>
      <trkpt lat="32.799605" lon="-16.916145">
        <ele>656.1</ele>
        <time>2025-02-15T11:07:56.976Z</time>
      </trkpt>
      <trkpt lat="32.799259" lon="-16.916135">
        <ele>659.1</ele>
        <time>2025-02-15T11:08:29.562Z</time>
      </trkpt>
      <trkpt lat="32.798922" lon="-16.916059">
        <ele>666.0</ele>
        <time>2025-02-15T11:09:02.371Z</time>
      </trkpt>
      <trkpt lat="32.798692" lon="-16.915854">
        <ele>676.1</ele>
        <time>2025-02-15T11:09:30.652Z</time>
      </trkpt>
      <trkpt lat="32.798377" lon="-16.915905">
        <ele>684.0</ele>
        <time>2025-02-15T11:10:01.330Z</time>
      </trkpt>
      <trkpt lat="32.798126" lon="-16.915965">
        <ele>689.4</ele>
        <time>2025-02-15T11:10:25.819Z</time>
      </trkpt>
      <trkpt lat="32.797824" lon="-16.915786">
        <ele>703.6</ele>
        <time>2025-02-15T11:10:59.694Z</time>
      </trkpt>
      <trkpt lat="32.797695" lon="-16.915572">
        <ele>707.2</ele>
        <time>2025-02-15T11:11:20.679Z</time>
      </trkpt>
      <trkpt lat="32.797437" lon="-16.915453">
        <ele>715.4</ele>
        <time>2025-02-15T11:11:47.625Z</time>
      </trkpt>
      <trkpt lat="32.797207" lon="-16.915444">
        <ele>718.8</ele>
        <time>2025-02-15T11:12:09.416Z</time>
      </trkpt>
      <trkpt lat="32.796992" lon="-16.915461">
        <ele>721.9</ele>
        <time>2025-02-15T11:12:29.850Z</time>
      </trkpt>
      <trkpt lat="32.796834" lon="-16.915521">
        <ele>723.8</ele>
        <time>2025-02-15T11:12:45.500Z</time>
      </trkpt>
      <trkpt lat="32.796540" lon="-16.915615">
        <ele>727.4</ele>
        <time>2025-02-15T11:13:14.284Z</time>
      </trkpt>
      <trkpt lat="32.796260" lon="-16.915640">
        <ele>731.6</ele>
        <time>2025-02-15T11:13:40.894Z</time>
      </trkpt>
      <trkpt lat="32.796066" lon="-16.915683">
        <ele>735.1</ele>
        <time>2025-02-15T11:13:59.659Z</time>
      </trkpt>
      <trkpt lat="32.795851" lon="-16.915692">
        <ele>738.7</ele>
        <time>2025-02-15T11:14:20.128Z</time>
      </trkpt>
      <trkpt lat="32.795607" lon="-16.915692">
        <ele>740.9</ele>
        <time>2025-02-15T11:14:43.118Z</time>
      </trkpt>
      <trkpt lat="32.795399" lon="-16.915905">
        <ele>743.6</ele>
        <time>2025-02-15T11:15:09.029Z</time>
      </trkpt>
      <trkpt lat="32.795191" lon="-16.916067">
        <ele>744.3</ele>
        <time>2025-02-15T11:15:32.416Z</time>
      </trkpt>
      <trkpt lat="32.795091" lon="-16.916297">
        <ele>744.8</ele>
        <time>2025-02-15T11:15:52.916Z</time>
      </trkpt>
      <trkpt lat="32.795119" lon="-16.916622">
        <ele>741.8</ele>
        <time>2025-02-15T11:16:18.815Z</time>
      </trkpt>
      <trkpt lat="32.794832" lon="-16.916716">
        <ele>751.5</ele>
        <time>2025-02-15T11:16:47.962Z</time>
      </trkpt>
      <trkpt lat="32.794438" lon="-16.916690">
        <ele>765.7</ele>
        <time>2025-02-15T11:17:27.000Z</time>
      </trkpt>
      <trkpt lat="32.794122" lon="-16.916741">
        <ele>773.7</ele>
        <time>2025-02-15T11:17:57.698Z</time>
      </trkpt>
      <trkpt lat="32.793885" lon="-16.916903">
        <ele>771.1</ele>
        <time>2025-02-15T11:18:23.468Z</time>
      </trkpt>
      <trkpt lat="32.793713" lon="-16.916980">
        <ele>771.0</ele>
        <time>2025-02-15T11:18:40.756Z</time>
      </trkpt>
      <trkpt lat="32.793541" lon="-16.916921">
        <ele>774.5</ele>
        <time>2025-02-15T11:18:57.879Z</time>
      </trkpt>
      <trkpt lat="32.793290" lon="-16.917236">
        <ele>770.4</ele>
        <time>2025-02-15T11:19:32.407Z</time>
      </trkpt>
      <trkpt lat="32.793175" lon="-16.917433">
        <ele>767.7</ele>
        <time>2025-02-15T11:19:51.437Z</time>
      </trkpt>
      <trkpt lat="32.793089" lon="-16.917535">
        <ele>767.6</ele>
        <time>2025-02-15T11:20:02.871Z</time>
      </trkpt>
      <trkpt lat="32.792924" lon="-16.917612">
        <ele>770.2</ele>
        <time>2025-02-15T11:20:19.670Z</time>
      </trkpt>
      <trkpt lat="32.792759" lon="-16.917808">
        <ele>773.4</ele>
        <time>2025-02-15T11:20:41.763Z</time>
      </trkpt>
      <trkpt lat="32.792651" lon="-16.918107">
        <ele>776.7</ele>
        <time>2025-02-15T11:21:07.590Z</time>
      </trkpt>
      <trkpt lat="32.792622" lon="-16.918491">
        <ele>782.7</ele>
        <time>2025-02-15T11:21:38.479Z</time>
      </trkpt>
      <trkpt lat="32.792450" lon="-16.918636">
        <ele>788.5</ele>
        <time>2025-02-15T11:21:58.916Z</time>
      </trkpt>
      <trkpt lat="32.792465" lon="-16.918901">
        <ele>797.4</ele>
        <time>2025-02-15T11:22:21.170Z</time>
      </trkpt>
      <trkpt lat="32.792500" lon="-16.919037">
        <ele>803.0</ele>
        <time>2025-02-15T11:22:33.402Z</time>
      </trkpt>
      <trkpt lat="32.792508" lon="-16.919310">
        <ele>809.2</ele>
        <time>2025-02-15T11:22:55.618Z</time>
      </trkpt>
      <trkpt lat="32.792529" lon="-16.919575">
        <ele>813.3</ele>
        <time>2025-02-15T11:23:16.922Z</time>
      </trkpt>
      <trkpt lat="32.792450" lon="-16.919737">
        <ele>815.8</ele>
        <time>2025-02-15T11:23:31.878Z</time>
      </trkpt>
      <trkpt lat="32.792328" lon="-16.919805">
        <ele>813.7</ele>
        <time>2025-02-15T11:23:44.659Z</time>
      </trkpt>
      <trkpt lat="32.792228" lon="-16.920036">
        <ele>817.2</ele>
        <time>2025-02-15T11:24:05.385Z</time>
      </trkpt>
      <trkpt lat="32.792210" lon="-16.920280">
        <ele>820.9</ele>
        <time>2025-02-15T11:24:25.000Z</time>
        <sat>4</sat>
      </trkpt>
      <trkpt lat="32.792160" lon="-16.920443">
        <ele>823.4</ele>
        <time>2025-02-15T11:24:35.000Z</time>
        <sat>6</sat>
      </trkpt>
      <trkpt lat="32.792125" lon="-16.920425">
        <ele>825.1</ele>
        <time>2025-02-15T11:24:41.000Z</time>
        <sat>6</sat>
      </trkpt>
      <trkpt lat="32.792122" lon="-16.920427">
        <ele>825.4</ele>
        <time>2025-02-15T11:24:42.000Z</time>
        <sat>6</sat>
      </trkpt>
      <trkpt lat="32.792117" lon="-16.920442">
        <ele>826.7</ele>
        <time>2025-02-15T11:24:47.000Z</time>
        <sat>6</sat>
      </trkpt>
      <trkpt lat="32.792122" lon="-16.920448">
        <ele>827.3</ele>
        <time>2025-02-15T11:24:50.000Z</time>
        <sat>6</sat>
      </trkpt>
      <trkpt lat="32.792123" lon="-16.920460">
        <ele>828.1</ele>
        <time>2025-02-15T11:24:54.000Z</time>
        <sat>6</sat>
      </trkpt>
      <trkpt lat="32.792123" lon="-16.920465">
        <ele>828.5</ele>
        <time>2025-02-15T11:24:57.000Z</time>
        <sat>6</sat>
      </trkpt>
      <trkpt lat="32.792120" lon="-16.920480">
        <ele>829.1</ele>
        <time>2025-02-15T11:25:03.000Z</time>
        <sat>6</sat>
      </trkpt>
      <trkpt lat="32.792118" lon="-16.920485">
        <ele>829.1</ele>
        <time>2025-02-15T11:25:04.000Z</time>
        <sat>6</sat>
      </trkpt>
      <trkpt lat="32.792122" lon="-16.920520">
        <ele>829.6</ele>
        <time>2025-02-15T11:25:10.000Z</time>
        <sat>6</sat>
      </trkpt>
      <trkpt lat="32.792125" lon="-16.920522">
        <ele>830.2</ele>
        <time>2025-02-15T11:25:15.000Z</time>
        <sat>6</sat>
      </trkpt>
      <trkpt lat="32.792132" lon="-16.920532">
        <ele>831.4</ele>
        <time>2025-02-15T11:25:21.000Z</time>
        <sat>6</sat>
      </trkpt>
      <trkpt lat="32.792132" lon="-16.920533">
        <ele>831.6</ele>
        <time>2025-02-15T11:25:22.000Z</time>
        <sat>6</sat>
      </trkpt>
      <trkpt lat="32.792132" lon="-16.920533">
        <ele>831.7</ele>
        <time>2025-02-15T11:25:23.000Z</time>
        <sat>6</sat>
      </trkpt>
      <trkpt lat="32.792133" lon="-16.920535">
        <ele>832.3</ele>
        <time>2025-02-15T11:25:29.000Z</time>
        <sat>6</sat>
      </trkpt>
      <trkpt lat="32.792137" lon="-16.920545">
        <ele>832.2</ele>
        <time>2025-02-15T11:25:33.000Z</time>
        <sat>6</sat>
      </trkpt>
      <trkpt lat="32.792138" lon="-16.920547">
        <ele>832.4</ele>
        <time>2025-02-15T11:25:35.000Z</time>
        <sat>6</sat>
      </trkpt>
      <trkpt lat="32.792140" lon="-16.920550">
        <ele>832.5</ele>
        <time>2025-02-15T11:25:37.000Z</time>
        <sat>6</sat>
      </trkpt>
      <trkpt lat="32.792142" lon="-16.920552">
        <ele>832.9</ele>
        <time>2025-02-15T11:25:41.000Z</time>
        <sat>6</sat>
      </trkpt>
      <trkpt lat="32.792142" lon="-16.920552">
        <ele>833.0</ele>
        <time>2025-02-15T11:25:42.000Z</time>
        <sat>6</sat>
      </trkpt>
      <trkpt lat="32.792142" lon="-16.920553">
        <ele>833.0</ele>
        <time>2025-02-15T11:25:43.000Z</time>
        <sat>6</sat>
      </trkpt>
      <trkpt lat="32.792142" lon="-16.920553">
        <ele>833.1</ele>
        <time>2025-02-15T11:25:44.000Z</time>
        <sat>6</sat>
      </trkpt>
      <trkpt lat="32.792143" lon="-16.920555">
        <ele>833.2</ele>
        <time>2025-02-15T11:25:46.000Z</time>
        <sat>6</sat>
      </trkpt>
      <trkpt lat="32.792143" lon="-16.920555">
        <ele>833.3</ele>
        <time>2025-02-15T11:25:47.000Z</time>
        <sat>6</sat>
      </trkpt>
      <trkpt lat="32.792145" lon="-16.920557">
        <ele>833.4</ele>
        <time>2025-02-15T11:25:49.000Z</time>
        <sat>6</sat>
      </trkpt>
      <trkpt lat="32.792145" lon="-16.920557">
        <ele>833.5</ele>
        <time>2025-02-15T11:25:50.000Z</time>
        <sat>6</sat>
      </trkpt>
      <trkpt lat="32.792147" lon="-16.920558">
        <ele>833.6</ele>
        <time>2025-02-15T11:25:52.000Z</time>
        <sat>6</sat>
      </trkpt>
      <trkpt lat="32.792097" lon="-16.920652">
        <ele>835.2</ele>
        <time>2025-02-15T11:26:05.000Z</time>
        <sat>6</sat>
      </trkpt>
      <trkpt lat="32.792002" lon="-16.920688">
        <ele>836.6</ele>
        <time>2025-02-15T11:26:15.000Z</time>
        <sat>6</sat>
      </trkpt>
      <trkpt lat="32.791967" lon="-16.920977">
        <ele>842.8</ele>
        <time>2025-02-15T11:26:55.000Z</time>
        <sat>6</sat>
      </trkpt>
      <trkpt lat="32.792023" lon="-16.921092">
        <ele>843.6</ele>
        <time>2025-02-15T11:27:00.000Z</time>
        <sat>6</sat>
      </trkpt>
      <trkpt lat="32.792083" lon="-16.921175">
        <ele>844.6</ele>
        <time>2025-02-15T11:27:06.000Z</time>
        <sat>6</sat>
      </trkpt>
      <trkpt lat="32.792168" lon="-16.921250">
        <ele>846.1</ele>
        <time>2025-02-15T11:27:14.000Z</time>
        <sat>6</sat>
      </trkpt>
      <trkpt lat="32.792268" lon="-16.921315">
        <ele>847.0</ele>
        <time>2025-02-15T11:27:17.000Z</time>
        <sat>6</sat>
      </trkpt>
      <trkpt lat="32.792178" lon="-16.921353">
        <ele>853.0</ele>
        <time>2025-02-15T11:27:44.000Z</time>
        <sat>6</sat>
      </trkpt>
      <trkpt lat="32.792083" lon="-16.921365">
        <ele>855.5</ele>
        <time>2025-02-15T11:27:53.000Z</time>
        <sat>6</sat>
      </trkpt>
      <trkpt lat="32.792002" lon="-16.921412">
        <ele>857.3</ele>
        <time>2025-02-15T11:28:04.000Z</time>
        <sat>6</sat>
      </trkpt>
      <trkpt lat="32.791965" lon="-16.921510">
        <ele>860.4</ele>
        <time>2025-02-15T11:28:17.000Z</time>
        <sat>6</sat>
      </trkpt>
      <trkpt lat="32.791900" lon="-16.921587">
        <ele>862.2</ele>
        <time>2025-02-15T11:28:28.000Z</time>
        <sat>6</sat>
      </trkpt>
      <trkpt lat="32.791808" lon="-16.921622">
        <ele>864.6</ele>
        <time>2025-02-15T11:28:39.000Z</time>
        <sat>5</sat>
      </trkpt>
      <trkpt lat="32.791710" lon="-16.921635">
        <ele>866.7</ele>
        <time>2025-02-15T11:28:48.000Z</time>
        <sat>5</sat>
      </trkpt>
      <trkpt lat="32.791628" lon="-16.921717">
        <ele>869.4</ele>
        <time>2025-02-15T11:29:00.000Z</time>
        <sat>5</sat>
      </trkpt>
      <trkpt lat="32.791555" lon="-16.921780">
        <ele>872.5</ele>
        <time>2025-02-15T11:29:12.000Z</time>
        <sat>6</sat>
      </trkpt>
      <trkpt lat="32.791462" lon="-16.921810">
        <ele>875.4</ele>
        <time>2025-02-15T11:29:22.000Z</time>
        <sat>5</sat>
      </trkpt>
      <trkpt lat="32.791400" lon="-16.921837">
        <ele>877.4</ele>
        <time>2025-02-15T11:29:31.000Z</time>
        <sat>6</sat>
      </trkpt>
      <trkpt lat="32.791395" lon="-16.921835">
        <ele>877.6</ele>
        <time>2025-02-15T11:29:32.000Z</time>
        <sat>6</sat>
      </trkpt>
      <trkpt lat="32.791312" lon="-16.921887">
        <ele>879.8</ele>
        <time>2025-02-15T11:29:49.000Z</time>
        <sat>6</sat>
      </trkpt>
      <trkpt lat="32.791340" lon="-16.921930">
        <ele>881.8</ele>
        <time>2025-02-15T11:29:59.000Z</time>
        <sat>5</sat>
      </trkpt>
      <trkpt lat="32.791340" lon="-16.921937">
        <ele>882.3</ele>
        <time>2025-02-15T11:30:03.000Z</time>
        <sat>5</sat>
      </trkpt>
      <trkpt lat="32.791345" lon="-16.921963">
        <ele>883.1</ele>
        <time>2025-02-15T11:30:11.000Z</time>
        <sat>6</sat>
      </trkpt>
      <trkpt lat="32.791345" lon="-16.921967">
        <ele>883.2</ele>
        <time>2025-02-15T11:30:12.000Z</time>
        <sat>6</sat>
      </trkpt>
      <trkpt lat="32.791345" lon="-16.921967">
        <ele>883.2</ele>
        <time>2025-02-15T11:30:13.000Z</time>
        <sat>6</sat>
      </trkpt>
      <trkpt lat="32.791345" lon="-16.921968">
        <ele>883.3</ele>
        <time>2025-02-15T11:30:15.000Z</time>
        <sat>6</sat>
      </trkpt>
      <trkpt lat="32.791348" lon="-16.922005">
        <ele>883.6</ele>
        <time>2025-02-15T11:30:29.000Z</time>
        <sat>6</sat>
      </trkpt>
      <trkpt lat="32.791348" lon="-16.922007">
        <ele>884.0</ele>
        <time>2025-02-15T11:30:32.000Z</time>
        <sat>6</sat>
      </trkpt>
      <trkpt lat="32.791348" lon="-16.922007">
        <ele>884.2</ele>
        <time>2025-02-15T11:30:33.000Z</time>
        <sat>6</sat>
      </trkpt>
      <trkpt lat="32.791348" lon="-16.922005">
        <ele>884.5</ele>
        <time>2025-02-15T11:30:35.000Z</time>
        <sat>6</sat>
      </trkpt>
      <trkpt lat="32.791348" lon="-16.922002">
        <ele>884.8</ele>
        <time>2025-02-15T11:30:37.000Z</time>
        <sat>6</sat>
      </trkpt>
      <trkpt lat="32.791350" lon="-16.922000">
        <ele>884.9</ele>
        <time>2025-02-15T11:30:38.000Z</time>
        <sat>6</sat>
      </trkpt>
      <trkpt lat="32.791353" lon="-16.922008">
        <ele>885.8</ele>
        <time>2025-02-15T11:30:47.000Z</time>
        <sat>6</sat>
      </trkpt>
      <trkpt lat="32.791355" lon="-16.922007">
        <ele>885.9</ele>
        <time>2025-02-15T11:30:49.000Z</time>
        <sat>6</sat>
      </trkpt>
      <trkpt lat="32.791355" lon="-16.922007">
        <ele>886.0</ele>
        <time>2025-02-15T11:30:50.000Z</time>
        <sat>6</sat>
      </trkpt>
      <trkpt lat="32.791357" lon="-16.922008">
        <ele>886.1</ele>
        <time>2025-02-15T11:30:51.000Z</time>
        <sat>6</sat>
      </trkpt>
      <trkpt lat="32.791360" lon="-16.922015">
        <ele>886.6</ele>
        <time>2025-02-15T11:30:59.000Z</time>
        <sat>6</sat>
      </trkpt>
      <trkpt lat="32.791360" lon="-16.922013">
        <ele>886.6</ele>
        <time>2025-02-15T11:31:00.000Z</time>
        <sat>6</sat>
      </trkpt>
      <trkpt lat="32.791362" lon="-16.922010">
        <ele>887.1</ele>
        <time>2025-02-15T11:31:04.000Z</time>
        <sat>6</sat>
      </trkpt>
      <trkpt lat="32.791362" lon="-16.922012">
        <ele>887.1</ele>
        <time>2025-02-15T11:31:05.000Z</time>
        <sat>6</sat>
      </trkpt>
      <trkpt lat="32.791358" lon="-16.922005">
        <ele>887.8</ele>
        <time>2025-02-15T11:31:14.000Z</time>
        <sat>6</sat>
      </trkpt>
      <trkpt lat="32.791358" lon="-16.922008">
        <ele>887.9</ele>
        <time>2025-02-15T11:31:15.000Z</time>
        <sat>6</sat>
      </trkpt>
      <trkpt lat="32.791255" lon="-16.921993">
        <ele>887.9</ele>
        <time>2025-02-15T11:31:29.000Z</time>
        <sat>6</sat>
      </trkpt>
      <trkpt lat="32.791155" lon="-16.921947">
        <ele>888.3</ele>
        <time>2025-02-15T11:31:35.000Z</time>
        <sat>6</sat>
      </trkpt>
      <trkpt lat="32.791068" lon="-16.921902">
        <ele>888.7</ele>
        <time>2025-02-15T11:31:40.000Z</time>
        <sat>6</sat>
      </trkpt>
      <trkpt lat="32.790970" lon="-16.921900">
        <ele>889.5</ele>
        <time>2025-02-15T11:31:48.000Z</time>
        <sat>6</sat>
      </trkpt>
      <trkpt lat="32.790877" lon="-16.921912">
        <ele>890.4</ele>
        <time>2025-02-15T11:31:55.000Z</time>
        <sat>6</sat>
      </trkpt>
      <trkpt lat="32.790788" lon="-16.921950">
        <ele>891.0</ele>
        <time>2025-02-15T11:32:01.000Z</time>
        <sat>6</sat>
      </trkpt>
      <trkpt lat="32.790715" lon="-16.922023">
        <ele>891.6</ele>
        <time>2025-02-15T11:32:08.000Z</time>
        <sat>6</sat>
      </trkpt>
      <trkpt lat="32.790627" lon="-16.922063">
        <ele>892.6</ele>
        <time>2025-02-15T11:32:15.000Z</time>
        <sat>5</sat>
      </trkpt>
      <trkpt lat="32.790533" lon="-16.922080">
        <ele>893.5</ele>
        <time>2025-02-15T11:32:22.000Z</time>
        <sat>5</sat>
      </trkpt>
      <trkpt lat="32.790428" lon="-16.922070">
        <ele>894.2</ele>
        <time>2025-02-15T11:32:29.000Z</time>
        <sat>4</sat>
      </trkpt>
      <trkpt lat="32.790338" lon="-16.922053">
        <ele>895.7</ele>
        <time>2025-02-15T11:32:36.000Z</time>
        <sat>4</sat>
      </trkpt>
      <trkpt lat="32.790242" lon="-16.922073">
        <ele>897.2</ele>
        <time>2025-02-15T11:32:46.000Z</time>
        <sat>5</sat>
      </trkpt>
      <trkpt lat="32.790143" lon="-16.922103">
        <ele>898.6</ele>
        <time>2025-02-15T11:32:54.000Z</time>
        <sat>6</sat>
      </trkpt>
      <trkpt lat="32.790057" lon="-16.922138">
        <ele>900.6</ele>
        <time>2025-02-15T11:33:03.000Z</time>
        <sat>6</sat>
      </trkpt>
      <trkpt lat="32.789977" lon="-16.922208">
        <ele>902.5</ele>
        <time>2025-02-15T11:33:14.000Z</time>
        <sat>6</sat>
      </trkpt>
      <trkpt lat="32.789885" lon="-16.922237">
        <ele>903.5</ele>
        <time>2025-02-15T11:33:22.000Z</time>
        <sat>6</sat>
      </trkpt>
      <trkpt lat="32.789792" lon="-16.922282">
        <ele>905.5</ele>
        <time>2025-02-15T11:33:31.000Z</time>
        <sat>6</sat>
      </trkpt>
      <trkpt lat="32.789700" lon="-16.922303">
        <ele>907.3</ele>
        <time>2025-02-15T11:33:38.000Z</time>
        <sat>6</sat>
      </trkpt>
      <trkpt lat="32.789610" lon="-16.922322">
        <ele>907.8</ele>
        <time>2025-02-15T11:33:43.000Z</time>
        <sat>6</sat>
      </trkpt>
      <trkpt lat="32.789532" lon="-16.922407">
        <ele>908.7</ele>
        <time>2025-02-15T11:33:51.000Z</time>
        <sat>6</sat>
      </trkpt>
      <trkpt lat="32.789473" lon="-16.922498">
        <ele>909.1</ele>
        <time>2025-02-15T11:33:58.000Z</time>
        <sat>6</sat>
      </trkpt>
      <trkpt lat="32.789387" lon="-16.922557">
        <ele>910.7</ele>
        <time>2025-02-15T11:34:05.000Z</time>
        <sat>6</sat>
      </trkpt>
      <trkpt lat="32.789295" lon="-16.922590">
        <ele>912.3</ele>
        <time>2025-02-15T11:34:15.000Z</time>
        <sat>6</sat>
      </trkpt>
      <trkpt lat="32.789205" lon="-16.922643">
        <ele>915.5</ele>
        <time>2025-02-15T11:34:25.000Z</time>
        <sat>6</sat>
      </trkpt>
      <trkpt lat="32.789120" lon="-16.922692">
        <ele>917.1</ele>
        <time>2025-02-15T11:34:34.000Z</time>
        <sat>6</sat>
      </trkpt>
      <trkpt lat="32.789028" lon="-16.922708">
        <ele>920.5</ele>
        <time>2025-02-15T11:34:49.000Z</time>
        <sat>6</sat>
      </trkpt>
      <trkpt lat="32.788940" lon="-16.922733">
        <ele>921.0</ele>
        <time>2025-02-15T11:34:57.000Z</time>
        <sat>6</sat>
      </trkpt>
      <trkpt lat="32.788852" lon="-16.922765">
        <ele>923.3</ele>
        <time>2025-02-15T11:35:07.000Z</time>
        <sat>6</sat>
      </trkpt>
      <trkpt lat="32.788768" lon="-16.922820">
        <ele>925.7</ele>
        <time>2025-02-15T11:35:16.000Z</time>
        <sat>6</sat>
      </trkpt>
      <trkpt lat="32.788668" lon="-16.922825">
        <ele>927.5</ele>
        <time>2025-02-15T11:35:23.000Z</time>
        <sat>6</sat>
      </trkpt>
      <trkpt lat="32.788573" lon="-16.922813">
        <ele>928.2</ele>
        <time>2025-02-15T11:35:30.000Z</time>
        <sat>6</sat>
      </trkpt>
      <trkpt lat="32.788482" lon="-16.922830">
        <ele>929.3</ele>
        <time>2025-02-15T11:35:37.000Z</time>
        <sat>6</sat>
      </trkpt>
      <trkpt lat="32.788393" lon="-16.922855">
        <ele>931.6</ele>
        <time>2025-02-15T11:35:48.000Z</time>
        <sat>6</sat>
      </trkpt>
      <trkpt lat="32.788285" lon="-16.922860">
        <ele>934.0</ele>
        <time>2025-02-15T11:35:59.000Z</time>
        <sat>6</sat>
      </trkpt>
      <trkpt lat="32.788190" lon="-16.922847">
        <ele>935.2</ele>
        <time>2025-02-15T11:36:04.000Z</time>
        <sat>6</sat>
      </trkpt>
      <trkpt lat="32.788117" lon="-16.922918">
        <ele>936.9</ele>
        <time>2025-02-15T11:36:10.000Z</time>
        <sat>6</sat>
      </trkpt>
      <trkpt lat="32.788063" lon="-16.923018">
        <ele>938.5</ele>
        <time>2025-02-15T11:36:15.000Z</time>
        <sat>6</sat>
      </trkpt>
      <trkpt lat="32.788050" lon="-16.923135">
        <ele>939.9</ele>
        <time>2025-02-15T11:36:20.000Z</time>
        <sat>6</sat>
      </trkpt>
      <trkpt lat="32.788092" lon="-16.923247">
        <ele>940.5</ele>
        <time>2025-02-15T11:36:25.000Z</time>
        <sat>5</sat>
      </trkpt>
      <trkpt lat="32.788107" lon="-16.923365">
        <ele>941.2</ele>
        <time>2025-02-15T11:36:32.000Z</time>
        <sat>5</sat>
      </trkpt>
      <trkpt lat="32.788078" lon="-16.923477">
        <ele>941.9</ele>
        <time>2025-02-15T11:36:41.000Z</time>
        <sat>5</sat>
      </trkpt>
      <trkpt lat="32.788000" lon="-16.923572">
        <ele>941.8</ele>
        <time>2025-02-15T11:36:48.000Z</time>
        <sat>5</sat>
      </trkpt>
      <trkpt lat="32.787877" lon="-16.923627">
        <ele>942.4</ele>
        <time>2025-02-15T11:36:51.000Z</time>
        <sat>5</sat>
      </trkpt>
      <trkpt lat="32.787793" lon="-16.923685">
        <ele>943.0</ele>
        <time>2025-02-15T11:36:54.000Z</time>
        <sat>5</sat>
      </trkpt>
      <trkpt lat="32.787707" lon="-16.923732">
        <ele>943.2</ele>
        <time>2025-02-15T11:36:58.000Z</time>
        <sat>5</sat>
      </trkpt>
      <trkpt lat="32.787615" lon="-16.923795">
        <ele>943.3</ele>
        <time>2025-02-15T11:37:03.000Z</time>
        <sat>5</sat>
      </trkpt>
      <trkpt lat="32.787545" lon="-16.923868">
        <ele>943.3</ele>
        <time>2025-02-15T11:37:06.000Z</time>
        <sat>5</sat>
      </trkpt>
      <trkpt lat="32.787458" lon="-16.923932">
        <ele>943.3</ele>
        <time>2025-02-15T11:37:10.000Z</time>
        <sat>5</sat>
      </trkpt>
      <trkpt lat="32.787360" lon="-16.923980">
        <ele>943.5</ele>
        <time>2025-02-15T11:37:15.000Z</time>
        <sat>5</sat>
      </trkpt>
      <trkpt lat="32.787262" lon="-16.924003">
        <ele>943.4</ele>
        <time>2025-02-15T11:37:20.000Z</time>
        <sat>5</sat>
      </trkpt>
      <trkpt lat="32.787153" lon="-16.924012">
        <ele>943.4</ele>
        <time>2025-02-15T11:37:24.000Z</time>
        <sat>5</sat>
      </trkpt>
      <trkpt lat="32.787060" lon="-16.924018">
        <ele>943.2</ele>
        <time>2025-02-15T11:37:29.000Z</time>
        <sat>6</sat>
      </trkpt>
      <trkpt lat="32.786967" lon="-16.924060">
        <ele>942.7</ele>
        <time>2025-02-15T11:37:34.000Z</time>
        <sat>6</sat>
      </trkpt>
      <trkpt lat="32.786880" lon="-16.924122">
        <ele>942.3</ele>
        <time>2025-02-15T11:37:39.000Z</time>
        <sat>5</sat>
      </trkpt>
      <trkpt lat="32.786853" lon="-16.924233">
        <ele>941.7</ele>
        <time>2025-02-15T11:37:43.000Z</time>
        <sat>4</sat>
      </trkpt>
      <trkpt lat="32.786773" lon="-16.924310">
        <ele>940.8</ele>
        <time>2025-02-15T11:37:48.000Z</time>
        <sat>4</sat>
      </trkpt>
      <trkpt lat="32.786687" lon="-16.924367">
        <ele>939.9</ele>
        <time>2025-02-15T11:37:52.000Z</time>
        <sat>4</sat>
      </trkpt>
      <trkpt lat="32.786597" lon="-16.924430">
        <ele>938.8</ele>
        <time>2025-02-15T11:37:56.000Z</time>
        <sat>4</sat>
      </trkpt>
      <trkpt lat="32.786515" lon="-16.924487">
        <ele>937.3</ele>
        <time>2025-02-15T11:38:00.000Z</time>
        <sat>4</sat>
      </trkpt>
      <trkpt lat="32.786410" lon="-16.924507">
        <ele>936.1</ele>
        <time>2025-02-15T11:38:05.000Z</time>
        <sat>4</sat>
      </trkpt>
      <trkpt lat="32.786302" lon="-16.924503">
        <ele>934.8</ele>
        <time>2025-02-15T11:38:10.000Z</time>
        <sat>4</sat>
      </trkpt>
      <trkpt lat="32.786208" lon="-16.924480">
        <ele>934.1</ele>
        <time>2025-02-15T11:38:13.000Z</time>
        <sat>4</sat>
      </trkpt>
      <trkpt lat="32.786150" lon="-16.924577">
        <ele>932.2</ele>
        <time>2025-02-15T11:38:17.000Z</time>
        <sat>4</sat>
      </trkpt>
      <trkpt lat="32.786070" lon="-16.924660">
        <ele>931.0</ele>
        <time>2025-02-15T11:38:22.000Z</time>
        <sat>4</sat>
      </trkpt>
      <trkpt lat="32.785962" lon="-16.924677">
        <ele>931.0</ele>
        <time>2025-02-15T11:38:29.000Z</time>
        <sat>4</sat>
      </trkpt>
      <trkpt lat="32.785870" lon="-16.924685">
        <ele>931.0</ele>
        <time>2025-02-15T11:38:32.000Z</time>
        <sat>4</sat>
      </trkpt>
      <trkpt lat="32.785777" lon="-16.924710">
        <ele>930.9</ele>
        <time>2025-02-15T11:38:36.000Z</time>
        <sat>4</sat>
      </trkpt>
      <trkpt lat="32.785683" lon="-16.924730">
        <ele>930.8</ele>
        <time>2025-02-15T11:38:40.000Z</time>
        <sat>4</sat>
      </trkpt>
      <trkpt lat="32.785577" lon="-16.924778">
        <ele>930.7</ele>
        <time>2025-02-15T11:38:45.000Z</time>
        <sat>4</sat>
      </trkpt>
      <trkpt lat="32.785472" lon="-16.924835">
        <ele>930.4</ele>
        <time>2025-02-15T11:38:50.000Z</time>
        <sat>4</sat>
      </trkpt>
      <trkpt lat="32.785393" lon="-16.924923">
        <ele>930.1</ele>
        <time>2025-02-15T11:38:55.000Z</time>
        <sat>4</sat>
      </trkpt>
      <trkpt lat="32.785307" lon="-16.925000">
        <ele>929.9</ele>
        <time>2025-02-15T11:39:00.000Z</time>
        <sat>4</sat>
      </trkpt>
      <trkpt lat="32.785205" lon="-16.924992">
        <ele>929.8</ele>
        <time>2025-02-15T11:39:04.000Z</time>
        <sat>4</sat>
      </trkpt>
      <trkpt lat="32.785105" lon="-16.924982">
        <ele>929.7</ele>
        <time>2025-02-15T11:39:07.000Z</time>
        <sat>4</sat>
      </trkpt>
      <trkpt lat="32.785000" lon="-16.924997">
        <ele>929.6</ele>
        <time>2025-02-15T11:39:11.000Z</time>
        <sat>4</sat>
      </trkpt>
      <trkpt lat="32.784902" lon="-16.925052">
        <ele>929.3</ele>
        <time>2025-02-15T11:39:15.000Z</time>
        <sat>4</sat>
      </trkpt>
      <trkpt lat="32.784830" lon="-16.925150">
        <ele>929.3</ele>
        <time>2025-02-15T11:39:19.000Z</time>
        <sat>4</sat>
      </trkpt>
      <trkpt lat="32.784798" lon="-16.925258">
        <ele>929.2</ele>
        <time>2025-02-15T11:39:22.000Z</time>
        <sat>4</sat>
      </trkpt>
      <trkpt lat="32.784752" lon="-16.925383">
        <ele>929.1</ele>
        <time>2025-02-15T11:39:26.000Z</time>
        <sat>4</sat>
      </trkpt>
      <trkpt lat="32.784693" lon="-16.925467">
        <ele>928.9</ele>
        <time>2025-02-15T11:39:30.000Z</time>
        <sat>4</sat>
      </trkpt>
      <trkpt lat="32.784620" lon="-16.925538">
        <ele>928.5</ele>
        <time>2025-02-15T11:39:34.000Z</time>
        <sat>4</sat>
      </trkpt>
      <trkpt lat="32.784552" lon="-16.925617">
        <ele>928.0</ele>
        <time>2025-02-15T11:39:38.000Z</time>
        <sat>4</sat>
      </trkpt>
      <trkpt lat="32.784515" lon="-16.925728">
        <ele>927.2</ele>
        <time>2025-02-15T11:39:42.000Z</time>
        <sat>4</sat>
      </trkpt>
      <trkpt lat="32.784480" lon="-16.925848">
        <ele>926.6</ele>
        <time>2025-02-15T11:39:46.000Z</time>
        <sat>4</sat>
      </trkpt>
      <trkpt lat="32.784430" lon="-16.925967">
        <ele>926.0</ele>
        <time>2025-02-15T11:39:50.000Z</time>
        <sat>4</sat>
      </trkpt>
      <trkpt lat="32.784398" lon="-16.926080">
        <ele>925.3</ele>
        <time>2025-02-15T11:39:54.000Z</time>
        <sat>4</sat>
      </trkpt>
      <trkpt lat="32.784312" lon="-16.926125">
        <ele>925.2</ele>
        <time>2025-02-15T11:39:57.000Z</time>
        <sat>4</sat>
      </trkpt>
      <trkpt lat="32.784242" lon="-16.926202">
        <ele>924.3</ele>
        <time>2025-02-15T11:40:03.000Z</time>
        <sat>4</sat>
      </trkpt>
      <trkpt lat="32.784150" lon="-16.926230">
        <ele>923.3</ele>
        <time>2025-02-15T11:40:10.000Z</time>
        <sat>4</sat>
      </trkpt>
      <trkpt lat="32.784048" lon="-16.926253">
        <ele>923.7</ele>
        <time>2025-02-15T11:40:22.000Z</time>
        <sat>4</sat>
      </trkpt>
      <trkpt lat="32.783988" lon="-16.926338">
        <ele>926.0</ele>
        <time>2025-02-15T11:40:39.000Z</time>
        <sat>4</sat>
      </trkpt>
      <trkpt lat="32.783917" lon="-16.926227">
        <ele>928.0</ele>
        <time>2025-02-15T11:40:50.000Z</time>
        <sat>4</sat>
      </trkpt>
      <trkpt lat="32.783927" lon="-16.926120">
        <ele>929.2</ele>
        <time>2025-02-15T11:41:04.000Z</time>
        <sat>4</sat>
      </trkpt>
      <trkpt lat="32.783917" lon="-16.926007">
        <ele>932.3</ele>
        <time>2025-02-15T11:41:22.000Z</time>
        <sat>4</sat>
      </trkpt>
      <trkpt lat="32.783832" lon="-16.925960">
        <ele>933.1</ele>
        <time>2025-02-15T11:41:29.000Z</time>
        <sat>4</sat>
      </trkpt>
      <trkpt lat="32.783798" lon="-16.925852">
        <ele>937.3</ele>
        <time>2025-02-15T11:41:55.000Z</time>
        <sat>4</sat>
      </trkpt>
      <trkpt lat="32.783710" lon="-16.925805">
        <ele>939.3</ele>
        <time>2025-02-15T11:42:07.000Z</time>
        <sat>4</sat>
      </trkpt>
      <trkpt lat="32.783668" lon="-16.925900">
        <ele>942.2</ele>
        <time>2025-02-15T11:42:23.000Z</time>
        <sat>4</sat>
      </trkpt>
      <trkpt lat="32.783568" lon="-16.925842">
        <ele>943.3</ele>
        <time>2025-02-15T11:42:28.000Z</time>
        <sat>4</sat>
      </trkpt>
      <trkpt lat="32.783460" lon="-16.925823">
        <ele>945.3</ele>
        <time>2025-02-15T11:42:37.000Z</time>
        <sat>4</sat>
      </trkpt>
      <trkpt lat="32.783367" lon="-16.925860">
        <ele>947.8</ele>
        <time>2025-02-15T11:42:48.000Z</time>
        <sat>4</sat>
      </trkpt>
      <trkpt lat="32.783275" lon="-16.925853">
        <ele>950.3</ele>
        <time>2025-02-15T11:43:01.000Z</time>
        <sat>4</sat>
      </trkpt>
      <trkpt lat="32.783202" lon="-16.925770">
        <ele>954.1</ele>
        <time>2025-02-15T11:43:15.000Z</time>
        <sat>4</sat>
      </trkpt>
      <trkpt lat="32.783125" lon="-16.925705">
        <ele>962.0</ele>
        <time>2025-02-15T11:43:51.000Z</time>
        <sat>4</sat>
      </trkpt>
      <trkpt lat="32.783208" lon="-16.925772">
        <ele>964.6</ele>
        <time>2025-02-15T11:44:07.000Z</time>
        <sat>4</sat>
      </trkpt>
      <trkpt lat="32.783183" lon="-16.925662">
        <ele>966.7</ele>
        <time>2025-02-15T11:44:16.000Z</time>
        <sat>4</sat>
      </trkpt>
      <trkpt lat="32.783205" lon="-16.925555">
        <ele>969.7</ele>
        <time>2025-02-15T11:44:30.000Z</time>
        <sat>4</sat>
      </trkpt>
      <trkpt lat="32.783175" lon="-16.925448">
        <ele>973.6</ele>
        <time>2025-02-15T11:44:49.000Z</time>
        <sat>4</sat>
      </trkpt>
      <trkpt lat="32.783122" lon="-16.925358">
        <ele>976.3</ele>
        <time>2025-02-15T11:44:59.000Z</time>
        <sat>4</sat>
      </trkpt>
      <trkpt lat="32.783048" lon="-16.925283">
        <ele>979.5</ele>
        <time>2025-02-15T11:45:11.000Z</time>
        <sat>4</sat>
      </trkpt>
      <trkpt lat="32.782968" lon="-16.925200">
        <ele>981.2</ele>
        <time>2025-02-15T11:45:22.000Z</time>
        <sat>4</sat>
      </trkpt>
      <trkpt lat="32.782892" lon="-16.925130">
        <ele>981.6</ele>
        <time>2025-02-15T11:45:28.000Z</time>
        <sat>4</sat>
      </trkpt>
      <trkpt lat="32.782795" lon="-16.925088">
        <ele>983.0</ele>
        <time>2025-02-15T11:45:38.000Z</time>
        <sat>4</sat>
      </trkpt>
      <trkpt lat="32.782828" lon="-16.925190">
        <ele>984.9</ele>
        <time>2025-02-15T11:45:46.000Z</time>
        <sat>4</sat>
      </trkpt>
      <trkpt lat="32.782828" lon="-16.925300">
        <ele>987.5</ele>
        <time>2025-02-15T11:45:58.000Z</time>
        <sat>4</sat>
      </trkpt>
      <trkpt lat="32.782738" lon="-16.925340">
        <ele>990.1</ele>
        <time>2025-02-15T11:46:14.000Z</time>
        <sat>4</sat>
      </trkpt>
      <trkpt lat="32.782507" lon="-16.925312">
        <ele>991.3</ele>
        <time>2025-02-15T11:46:30.000Z</time>
        <sat>4</sat>
      </trkpt>
      <trkpt lat="32.782527" lon="-16.925452">
        <ele>993.9</ele>
        <time>2025-02-15T11:46:35.000Z</time>
        <sat>4</sat>
      </trkpt>
      <trkpt lat="32.782507" lon="-16.925573">
        <ele>997.6</ele>
        <time>2025-02-15T11:46:43.000Z</time>
        <sat>4</sat>
      </trkpt>
      <trkpt lat="32.782428" lon="-16.925638">
        <ele>1000.4</ele>
        <time>2025-02-15T11:46:56.000Z</time>
        <sat>4</sat>
      </trkpt>
      <trkpt lat="32.782005" lon="-16.925997">
        <ele>1014.8</ele>
        <time>2025-02-15T11:48:07.096Z</time>
      </trkpt>
      <trkpt lat="32.781776" lon="-16.925977">
        <ele>1025.8</ele>
        <time>2025-02-15T11:48:40.212Z</time>
      </trkpt>
      <trkpt lat="32.781089" lon="-16.926113">
        <ele>1055.1</ele>
        <time>2025-02-15T11:50:18.975Z</time>
      </trkpt>
      <trkpt lat="32.780484" lon="-16.926638">
        <ele>1054.6</ele>
        <time>2025-02-15T11:51:58.328Z</time>
      </trkpt>
      <trkpt lat="32.779749" lon="-16.926871">
        <ele>1081.8</ele>
        <time>2025-02-15T11:53:44.440Z</time>
      </trkpt>
      <trkpt lat="32.779307" lon="-16.927299">
        <ele>1091.3</ele>
        <time>2025-02-15T11:55:00.841Z</time>
      </trkpt>
      <trkpt lat="32.778539" lon="-16.927649">
        <ele>1115.5</ele>
        <time>2025-02-15T11:56:53.746Z</time>
      </trkpt>
      <trkpt lat="32.777672" lon="-16.928116">
        <ele>1146.4</ele>
        <time>2025-02-15T11:59:05.217Z</time>
      </trkpt>
      <trkpt lat="32.777035" lon="-16.928621">
        <ele>1170.6</ele>
        <time>2025-02-15T12:00:50.909Z</time>
      </trkpt>
      <trkpt lat="32.776087" lon="-16.929360">
        <ele>1211.8</ele>
        <time>2025-02-15T12:03:29.120Z</time>
      </trkpt>
      <trkpt lat="32.775547" lon="-16.930080">
        <ele>1244.6</ele>
        <time>2025-02-15T12:05:23.563Z</time>
      </trkpt>
      <trkpt lat="32.775171" lon="-16.930585">
        <ele>1270.7</ele>
        <time>2025-02-15T12:06:45.064Z</time>
      </trkpt>
      <trkpt lat="32.774713" lon="-16.930760">
        <ele>1285.9</ele>
        <time>2025-02-15T12:07:51.380Z</time>
      </trkpt>
      <trkpt lat="32.774239" lon="-16.930916">
        <ele>1297.3</ele>
        <time>2025-02-15T12:08:58.035Z</time>
      </trkpt>
      <trkpt lat="32.773847" lon="-16.930799">
        <ele>1310.3</ele>
        <time>2025-02-15T12:09:53.908Z</time>
      </trkpt>
      <trkpt lat="32.773515" lon="-16.930758">
        <ele>1268.1</ele>
        <time>2025-02-15T12:11:01.000Z</time>
        <sat>6</sat>
      </trkpt>
      <trkpt lat="32.773463" lon="-16.930658">
        <ele>1322.9</ele>
        <time>2025-02-15T12:11:14.000Z</time>
        <sat>6</sat>
      </trkpt>
      <trkpt lat="32.773408" lon="-16.930563">
        <ele>1325.5</ele>
        <time>2025-02-15T12:11:27.000Z</time>
        <sat>6</sat>
      </trkpt>
      <trkpt lat="32.773360" lon="-16.930472">
        <ele>1328.6</ele>
        <time>2025-02-15T12:11:41.000Z</time>
        <sat>6</sat>
      </trkpt>
      <trkpt lat="32.773325" lon="-16.930433">
        <ele>1332.2</ele>
        <time>2025-02-15T12:11:53.000Z</time>
        <sat>7</sat>
      </trkpt>
      <trkpt lat="32.773323" lon="-16.930432">
        <ele>1332.5</ele>
        <time>2025-02-15T12:11:54.000Z</time>
        <sat>7</sat>
      </trkpt>
      <trkpt lat="32.773267" lon="-16.930387">
        <ele>1334.3</ele>
        <time>2025-02-15T12:12:11.000Z</time>
        <sat>6</sat>
      </trkpt>
      <trkpt lat="32.773265" lon="-16.930385">
        <ele>1336.3</ele>
        <time>2025-02-15T12:12:17.000Z</time>
        <sat>7</sat>
      </trkpt>
      <trkpt lat="32.773263" lon="-16.930383">
        <ele>1336.8</ele>
        <time>2025-02-15T12:12:20.000Z</time>
        <sat>8</sat>
      </trkpt>
      <trkpt lat="32.773262" lon="-16.930382">
        <ele>1337.5</ele>
        <time>2025-02-15T12:12:25.000Z</time>
        <sat>8</sat>
      </trkpt>
      <trkpt lat="32.773242" lon="-16.930350">
        <ele>1337.5</ele>
        <time>2025-02-15T12:12:32.000Z</time>
        <sat>7</sat>
      </trkpt>
      <trkpt lat="32.773240" lon="-16.930350">
        <ele>1338.2</ele>
        <time>2025-02-15T12:12:34.000Z</time>
        <sat>8</sat>
      </trkpt>
      <trkpt lat="32.773192" lon="-16.930257">
        <ele>1341.9</ele>
        <time>2025-02-15T12:12:48.000Z</time>
        <sat>7</sat>
      </trkpt>
      <trkpt lat="32.773122" lon="-16.930178">
        <ele>1345.5</ele>
        <time>2025-02-15T12:13:03.000Z</time>
        <sat>7</sat>
      </trkpt>
      <trkpt lat="32.773027" lon="-16.930152">
        <ele>1348.5</ele>
        <time>2025-02-15T12:13:14.000Z</time>
        <sat>8</sat>
      </trkpt>
      <trkpt lat="32.772932" lon="-16.930115">
        <ele>1349.7</ele>
        <time>2025-02-15T12:13:22.000Z</time>
        <sat>8</sat>
      </trkpt>
      <trkpt lat="32.772838" lon="-16.930075">
        <ele>1350.7</ele>
        <time>2025-02-15T12:13:31.000Z</time>
        <sat>7</sat>
      </trkpt>
      <trkpt lat="32.772745" lon="-16.930073">
        <ele>1351.8</ele>
        <time>2025-02-15T12:13:45.000Z</time>
        <sat>7</sat>
      </trkpt>
      <trkpt lat="32.772648" lon="-16.930095">
        <ele>1352.9</ele>
        <time>2025-02-15T12:13:52.000Z</time>
        <sat>7</sat>
      </trkpt>
      <trkpt lat="32.772557" lon="-16.930090">
        <ele>1355.1</ele>
        <time>2025-02-15T12:14:00.000Z</time>
        <sat>7</sat>
      </trkpt>
      <trkpt lat="32.772465" lon="-16.930082">
        <ele>1358.8</ele>
        <time>2025-02-15T12:14:12.000Z</time>
        <sat>7</sat>
      </trkpt>
      <trkpt lat="32.772375" lon="-16.930107">
        <ele>1359.8</ele>
        <time>2025-02-15T12:14:18.000Z</time>
        <sat>7</sat>
      </trkpt>
      <trkpt lat="32.772283" lon="-16.930137">
        <ele>1360.9</ele>
        <time>2025-02-15T12:14:26.000Z</time>
        <sat>7</sat>
      </trkpt>
      <trkpt lat="32.772192" lon="-16.930158">
        <ele>1362.6</ele>
        <time>2025-02-15T12:14:34.000Z</time>
        <sat>7</sat>
      </trkpt>
      <trkpt lat="32.772107" lon="-16.930195">
        <ele>1364.1</ele>
        <time>2025-02-15T12:14:40.000Z</time>
        <sat>7</sat>
      </trkpt>
      <trkpt lat="32.772018" lon="-16.930232">
        <ele>1366.4</ele>
        <time>2025-02-15T12:14:49.000Z</time>
        <sat>8</sat>
      </trkpt>
      <trkpt lat="32.771928" lon="-16.930197">
        <ele>1370.0</ele>
        <time>2025-02-15T12:15:08.000Z</time>
        <sat>8</sat>
      </trkpt>
      <trkpt lat="32.771840" lon="-16.930240">
        <ele>1373.2</ele>
        <time>2025-02-15T12:15:22.000Z</time>
        <sat>8</sat>
      </trkpt>
      <trkpt lat="32.771748" lon="-16.930247">
        <ele>1375.1</ele>
        <time>2025-02-15T12:15:33.000Z</time>
        <sat>8</sat>
      </trkpt>
      <trkpt lat="32.771665" lon="-16.930302">
        <ele>1378.0</ele>
        <time>2025-02-15T12:15:43.000Z</time>
        <sat>8</sat>
      </trkpt>
      <trkpt lat="32.771575" lon="-16.930322">
        <ele>1380.3</ele>
        <time>2025-02-15T12:15:56.000Z</time>
        <sat>8</sat>
      </trkpt>
      <trkpt lat="32.771485" lon="-16.930290">
        <ele>1382.6</ele>
        <time>2025-02-15T12:16:07.000Z</time>
        <sat>7</sat>
      </trkpt>
      <trkpt lat="32.771392" lon="-16.930305">
        <ele>1383.8</ele>
        <time>2025-02-15T12:16:16.000Z</time>
        <sat>7</sat>
      </trkpt>
      <trkpt lat="32.771312" lon="-16.930357">
        <ele>1385.7</ele>
        <time>2025-02-15T12:16:26.000Z</time>
        <sat>7</sat>
      </trkpt>
      <trkpt lat="32.771235" lon="-16.930413">
        <ele>1390.0</ele>
        <time>2025-02-15T12:16:40.000Z</time>
        <sat>8</sat>
      </trkpt>
      <trkpt lat="32.771153" lon="-16.930463">
        <ele>1392.2</ele>
        <time>2025-02-15T12:16:49.000Z</time>
        <sat>8</sat>
      </trkpt>
      <trkpt lat="32.771070" lon="-16.930515">
        <ele>1396.7</ele>
        <time>2025-02-15T12:17:04.000Z</time>
        <sat>8</sat>
      </trkpt>
      <trkpt lat="32.770987" lon="-16.930472">
        <ele>1401.0</ele>
        <time>2025-02-15T12:17:23.000Z</time>
        <sat>8</sat>
      </trkpt>
      <trkpt lat="32.770895" lon="-16.930507">
        <ele>1404.7</ele>
        <time>2025-02-15T12:17:39.000Z</time>
        <sat>8</sat>
      </trkpt>
      <trkpt lat="32.770817" lon="-16.930565">
        <ele>1409.0</ele>
        <time>2025-02-15T12:18:02.000Z</time>
        <sat>8</sat>
      </trkpt>
      <trkpt lat="32.770728" lon="-16.930603">
        <ele>1411.6</ele>
        <time>2025-02-15T12:18:16.000Z</time>
        <sat>7</sat>
      </trkpt>
      <trkpt lat="32.770673" lon="-16.930690">
        <ele>1415.9</ele>
        <time>2025-02-15T12:18:35.000Z</time>
        <sat>8</sat>
      </trkpt>
      <trkpt lat="32.770605" lon="-16.930763">
        <ele>1421.0</ele>
        <time>2025-02-15T12:18:57.000Z</time>
        <sat>7</sat>
      </trkpt>
      <trkpt lat="32.770513" lon="-16.930780">
        <ele>1424.3</ele>
        <time>2025-02-15T12:19:15.000Z</time>
        <sat>7</sat>
      </trkpt>
      <trkpt lat="32.770418" lon="-16.930798">
        <ele>1427.4</ele>
        <time>2025-02-15T12:19:26.000Z</time>
        <sat>7</sat>
      </trkpt>
      <trkpt lat="32.770328" lon="-16.930815">
        <ele>1430.1</ele>
        <time>2025-02-15T12:19:39.000Z</time>
        <sat>7</sat>
      </trkpt>
      <trkpt lat="32.770257" lon="-16.930830">
        <ele>1434.7</ele>
        <time>2025-02-15T12:19:53.000Z</time>
        <sat>7</sat>
      </trkpt>
      <trkpt lat="32.770263" lon="-16.930830">
        <ele>1435.7</ele>
        <time>2025-02-15T12:19:54.000Z</time>
        <sat>7</sat>
      </trkpt>
      <trkpt lat="32.770263" lon="-16.930830">
        <ele>1436.7</ele>
        <time>2025-02-15T12:19:55.000Z</time>
        <sat>7</sat>
      </trkpt>
      <trkpt lat="32.770265" lon="-16.930830">
        <ele>1438.2</ele>
        <time>2025-02-15T12:19:57.000Z</time>
        <sat>7</sat>
      </trkpt>
      <trkpt lat="32.770260" lon="-16.930845">
        <ele>1439.5</ele>
        <time>2025-02-15T12:20:07.000Z</time>
        <sat>7</sat>
      </trkpt>
      <trkpt lat="32.770260" lon="-16.930843">
        <ele>1439.9</ele>
        <time>2025-02-15T12:20:08.000Z</time>
        <sat>7</sat>
      </trkpt>
      <trkpt lat="32.770217" lon="-16.930842">
        <ele>1441.9</ele>
        <time>2025-02-15T12:20:18.000Z</time>
        <sat>7</sat>
      </trkpt>
      <trkpt lat="32.770218" lon="-16.930840">
        <ele>1442.3</ele>
        <time>2025-02-15T12:20:19.000Z</time>
        <sat>7</sat>
      </trkpt>
      <trkpt lat="32.770180" lon="-16.930807">
        <ele>1444.7</ele>
        <time>2025-02-15T12:20:29.000Z</time>
        <sat>7</sat>
      </trkpt>
      <trkpt lat="32.770178" lon="-16.930807">
        <ele>1446.0</ele>
        <time>2025-02-15T12:20:31.000Z</time>
        <sat>7</sat>
      </trkpt>
      <trkpt lat="32.770090" lon="-16.930778">
        <ele>1448.0</ele>
        <time>2025-02-15T12:20:44.000Z</time>
        <sat>8</sat>
      </trkpt>
      <trkpt lat="32.770005" lon="-16.930790">
        <ele>1456.6</ele>
        <time>2025-02-15T12:21:09.000Z</time>
        <sat>7</sat>
      </trkpt>
      <trkpt lat="32.770003" lon="-16.930787">
        <ele>1456.9</ele>
        <time>2025-02-15T12:21:10.000Z</time>
        <sat>7</sat>
      </trkpt>
      <trkpt lat="32.769908" lon="-16.930798">
        <ele>1457.7</ele>
        <time>2025-02-15T12:21:22.000Z</time>
        <sat>7</sat>
      </trkpt>
      <trkpt lat="32.769818" lon="-16.930815">
        <ele>1460.7</ele>
        <time>2025-02-15T12:21:31.000Z</time>
        <sat>7</sat>
      </trkpt>
      <trkpt lat="32.769717" lon="-16.930835">
        <ele>1462.4</ele>
        <time>2025-02-15T12:21:41.000Z</time>
        <sat>7</sat>
      </trkpt>
      <trkpt lat="32.769632" lon="-16.930872">
        <ele>1464.2</ele>
        <time>2025-02-15T12:21:49.000Z</time>
        <sat>7</sat>
      </trkpt>
      <trkpt lat="32.769617" lon="-16.930882">
        <ele>1465.4</ele>
        <time>2025-02-15T12:21:54.000Z</time>
        <sat>7</sat>
      </trkpt>
      <trkpt lat="32.769613" lon="-16.930885">
        <ele>1465.9</ele>
        <time>2025-02-15T12:21:57.000Z</time>
        <sat>7</sat>
      </trkpt>
      <trkpt lat="32.769540" lon="-16.930933">
        <ele>1466.5</ele>
        <time>2025-02-15T12:22:06.000Z</time>
        <sat>7</sat>
      </trkpt>
      <trkpt lat="32.769538" lon="-16.930933">
        <ele>1467.3</ele>
        <time>2025-02-15T12:22:11.000Z</time>
        <sat>7</sat>
      </trkpt>
      <trkpt lat="32.769452" lon="-16.930983">
        <ele>1468.5</ele>
        <time>2025-02-15T12:22:24.000Z</time>
        <sat>7</sat>
      </trkpt>
      <trkpt lat="32.769367" lon="-16.931022">
        <ele>1468.8</ele>
        <time>2025-02-15T12:22:30.000Z</time>
        <sat>8</sat>
      </trkpt>
      <trkpt lat="32.769268" lon="-16.931018">
        <ele>1469.6</ele>
        <time>2025-02-15T12:22:39.000Z</time>
        <sat>8</sat>
      </trkpt>
      <trkpt lat="32.769170" lon="-16.930993">
        <ele>1471.2</ele>
        <time>2025-02-15T12:22:47.000Z</time>
        <sat>8</sat>
      </trkpt>
      <trkpt lat="32.769062" lon="-16.931005">
        <ele>1471.8</ele>
        <time>2025-02-15T12:22:54.000Z</time>
        <sat>8</sat>
      </trkpt>
      <trkpt lat="32.768972" lon="-16.931020">
        <ele>1472.2</ele>
        <time>2025-02-15T12:23:01.000Z</time>
        <sat>8</sat>
      </trkpt>
      <trkpt lat="32.768877" lon="-16.931012">
        <ele>1475.8</ele>
        <time>2025-02-15T12:23:20.000Z</time>
        <sat>7</sat>
      </trkpt>
      <trkpt lat="32.768842" lon="-16.931013">
        <ele>1477.6</ele>
        <time>2025-02-15T12:23:26.000Z</time>
        <sat>8</sat>
      </trkpt>
      <trkpt lat="32.768837" lon="-16.931013">
        <ele>1477.9</ele>
        <time>2025-02-15T12:23:27.000Z</time>
        <sat>8</sat>
      </trkpt>
      <trkpt lat="32.768748" lon="-16.931053">
        <ele>1480.3</ele>
        <time>2025-02-15T12:23:33.000Z</time>
        <sat>8</sat>
      </trkpt>
      <trkpt lat="32.768663" lon="-16.931100">
        <ele>1480.6</ele>
        <time>2025-02-15T12:23:38.000Z</time>
        <sat>8</sat>
      </trkpt>
      <trkpt lat="32.768568" lon="-16.931150">
        <ele>1480.7</ele>
        <time>2025-02-15T12:23:43.000Z</time>
        <sat>8</sat>
      </trkpt>
      <trkpt lat="32.768473" lon="-16.931197">
        <ele>1481.0</ele>
        <time>2025-02-15T12:23:48.000Z</time>
        <sat>7</sat>
      </trkpt>
      <trkpt lat="32.768378" lon="-16.931242">
        <ele>1481.0</ele>
        <time>2025-02-15T12:23:53.000Z</time>
        <sat>7</sat>
      </trkpt>
      <trkpt lat="32.768298" lon="-16.931312">
        <ele>1481.0</ele>
        <time>2025-02-15T12:23:57.000Z</time>
        <sat>8</sat>
      </trkpt>
      <trkpt lat="32.768193" lon="-16.931343">
        <ele>1480.9</ele>
        <time>2025-02-15T12:24:03.000Z</time>
        <sat>8</sat>
      </trkpt>
      <trkpt lat="32.768100" lon="-16.931333">
        <ele>1480.6</ele>
        <time>2025-02-15T12:24:08.000Z</time>
        <sat>8</sat>
      </trkpt>
      <trkpt lat="32.768003" lon="-16.931303">
        <ele>1478.3</ele>
        <time>2025-02-15T12:24:18.000Z</time>
        <sat>7</sat>
      </trkpt>
      <trkpt lat="32.767920" lon="-16.931355">
        <ele>1479.7</ele>
        <time>2025-02-15T12:24:35.000Z</time>
        <sat>7</sat>
      </trkpt>
      <trkpt lat="32.767888" lon="-16.931393">
        <ele>1482.2</ele>
        <time>2025-02-15T12:24:45.000Z</time>
        <sat>7</sat>
      </trkpt>
      <trkpt lat="32.767887" lon="-16.931393">
        <ele>1482.7</ele>
        <time>2025-02-15T12:24:46.000Z</time>
        <sat>7</sat>
      </trkpt>
      <trkpt lat="32.767797" lon="-16.931438">
        <ele>1484.2</ele>
        <time>2025-02-15T12:25:00.000Z</time>
        <sat>8</sat>
      </trkpt>
      <trkpt lat="32.767747" lon="-16.931530">
        <ele>1485.5</ele>
        <time>2025-02-15T12:25:10.000Z</time>
        <sat>8</sat>
      </trkpt>
      <trkpt lat="32.767663" lon="-16.931593">
        <ele>1488.4</ele>
        <time>2025-02-15T12:25:20.000Z</time>
        <sat>8</sat>
      </trkpt>
      <trkpt lat="32.767565" lon="-16.931633">
        <ele>1490.6</ele>
        <time>2025-02-15T12:25:27.000Z</time>
        <sat>7</sat>
      </trkpt>
      <trkpt lat="32.767475" lon="-16.931640">
        <ele>1491.0</ele>
        <time>2025-02-15T12:25:38.000Z</time>
        <sat>7</sat>
      </trkpt>
      <trkpt lat="32.767385" lon="-16.931660">
        <ele>1492.7</ele>
        <time>2025-02-15T12:25:53.000Z</time>
        <sat>7</sat>
      </trkpt>
      <trkpt lat="32.767385" lon="-16.931660">
        <ele>1492.8</ele>
        <time>2025-02-15T12:25:54.000Z</time>
        <sat>7</sat>
      </trkpt>
      <trkpt lat="32.767382" lon="-16.931662">
        <ele>1493.1</ele>
        <time>2025-02-15T12:25:55.000Z</time>
        <sat>7</sat>
      </trkpt>
      <trkpt lat="32.767287" lon="-16.931652">
        <ele>1496.5</ele>
        <time>2025-02-15T12:26:07.000Z</time>
        <sat>6</sat>
      </trkpt>
      <trkpt lat="32.767197" lon="-16.931663">
        <ele>1498.9</ele>
        <time>2025-02-15T12:26:17.000Z</time>
        <sat>6</sat>
      </trkpt>
      <trkpt lat="32.767108" lon="-16.931688">
        <ele>1500.7</ele>
        <time>2025-02-15T12:26:25.000Z</time>
        <sat>6</sat>
      </trkpt>
      <trkpt lat="32.767010" lon="-16.931698">
        <ele>1501.9</ele>
        <time>2025-02-15T12:26:31.000Z</time>
        <sat>7</sat>
      </trkpt>
      <trkpt lat="32.766920" lon="-16.931717">
        <ele>1501.9</ele>
        <time>2025-02-15T12:26:36.000Z</time>
        <sat>7</sat>
      </trkpt>
      <trkpt lat="32.766827" lon="-16.931693">
        <ele>1503.9</ele>
        <time>2025-02-15T12:26:51.000Z</time>
        <sat>7</sat>
      </trkpt>
      <trkpt lat="32.766745" lon="-16.931645">
        <ele>1510.6</ele>
        <time>2025-02-15T12:27:14.000Z</time>
        <sat>7</sat>
      </trkpt>
      <trkpt lat="32.766717" lon="-16.931538">
        <ele>1515.7</ele>
        <time>2025-02-15T12:27:34.000Z</time>
        <sat>8</sat>
      </trkpt>
      <trkpt lat="32.766708" lon="-16.931525">
        <ele>1517.1</ele>
        <time>2025-02-15T12:27:39.000Z</time>
        <sat>8</sat>
      </trkpt>
      <trkpt lat="32.766708" lon="-16.931527">
        <ele>1517.4</ele>
        <time>2025-02-15T12:27:40.000Z</time>
        <sat>8</sat>
      </trkpt>
      <trkpt lat="32.766702" lon="-16.931498">
        <ele>1519.4</ele>
        <time>2025-02-15T12:27:48.000Z</time>
        <sat>8</sat>
      </trkpt>
      <trkpt lat="32.766700" lon="-16.931498">
        <ele>1519.6</ele>
        <time>2025-02-15T12:27:49.000Z</time>
        <sat>8</sat>
      </trkpt>
      <trkpt lat="32.766615" lon="-16.931537">
        <ele>1522.5</ele>
        <time>2025-02-15T12:28:03.000Z</time>
        <sat>8</sat>
      </trkpt>
      <trkpt lat="32.766540" lon="-16.931597">
        <ele>1526.3</ele>
        <time>2025-02-15T12:28:16.000Z</time>
        <sat>8</sat>
      </trkpt>
      <trkpt lat="32.766448" lon="-16.931617">
        <ele>1528.6</ele>
        <time>2025-02-15T12:28:31.000Z</time>
        <sat>8</sat>
      </trkpt>
      <trkpt lat="32.766350" lon="-16.931650">
        <ele>1533.3</ele>
        <time>2025-02-15T12:28:47.000Z</time>
        <sat>8</sat>
      </trkpt>
      <trkpt lat="32.766258" lon="-16.931653">
        <ele>1533.7</ele>
        <time>2025-02-15T12:28:53.000Z</time>
        <sat>8</sat>
      </trkpt>
      <trkpt lat="32.766163" lon="-16.931642">
        <ele>1534.7</ele>
        <time>2025-02-15T12:29:04.000Z</time>
        <sat>8</sat>
      </trkpt>
      <trkpt lat="32.766068" lon="-16.931658">
        <ele>1538.2</ele>
        <time>2025-02-15T12:29:16.000Z</time>
        <sat>8</sat>
      </trkpt>
      <trkpt lat="32.765975" lon="-16.931693">
        <ele>1539.6</ele>
        <time>2025-02-15T12:29:25.000Z</time>
        <sat>8</sat>
      </trkpt>
      <trkpt lat="32.765880" lon="-16.931733">
        <ele>1540.7</ele>
        <time>2025-02-15T12:29:33.000Z</time>
        <sat>8</sat>
      </trkpt>
      <trkpt lat="32.765798" lon="-16.931807">
        <ele>1542.5</ele>
        <time>2025-02-15T12:29:40.000Z</time>
        <sat>7</sat>
      </trkpt>
      <trkpt lat="32.765770" lon="-16.931872">
        <ele>1544.1</ele>
        <time>2025-02-15T12:29:51.000Z</time>
        <sat>7</sat>
      </trkpt>
      <trkpt lat="32.765773" lon="-16.931872">
        <ele>1544.3</ele>
        <time>2025-02-15T12:29:52.000Z</time>
        <sat>7</sat>
      </trkpt>
      <trkpt lat="32.765687" lon="-16.931907">
        <ele>1549.9</ele>
        <time>2025-02-15T12:30:14.000Z</time>
        <sat>8</sat>
      </trkpt>
      <trkpt lat="32.765593" lon="-16.931902">
        <ele>1551.5</ele>
        <time>2025-02-15T12:30:24.000Z</time>
        <sat>7</sat>
      </trkpt>
      <trkpt lat="32.765497" lon="-16.931903">
        <ele>1552.2</ele>
        <time>2025-02-15T12:30:32.000Z</time>
        <sat>7</sat>
      </trkpt>
      <trkpt lat="32.765407" lon="-16.931938">
        <ele>1553.5</ele>
        <time>2025-02-15T12:30:43.000Z</time>
        <sat>7</sat>
      </trkpt>
      <trkpt lat="32.765362" lon="-16.932033">
        <ele>1556.5</ele>
        <time>2025-02-15T12:30:57.000Z</time>
        <sat>7</sat>
      </trkpt>
      <trkpt lat="32.765283" lon="-16.932102">
        <ele>1558.9</ele>
        <time>2025-02-15T12:31:11.000Z</time>
        <sat>7</sat>
      </trkpt>
      <trkpt lat="32.765232" lon="-16.932195">
        <ele>1562.5</ele>
        <time>2025-02-15T12:31:21.000Z</time>
        <sat>7</sat>
      </trkpt>
      <trkpt lat="32.765163" lon="-16.932278">
        <ele>1564.4</ele>
        <time>2025-02-15T12:31:30.000Z</time>
        <sat>7</sat>
      </trkpt>
      <trkpt lat="32.765085" lon="-16.932335">
        <ele>1566.5</ele>
        <time>2025-02-15T12:31:45.000Z</time>
        <sat>7</sat>
      </trkpt>
      <trkpt lat="32.765005" lon="-16.932387">
        <ele>1566.9</ele>
        <time>2025-02-15T12:31:51.000Z</time>
        <sat>7</sat>
      </trkpt>
      <trkpt lat="32.764955" lon="-16.932485">
        <ele>1568.8</ele>
        <time>2025-02-15T12:32:00.000Z</time>
        <sat>7</sat>
      </trkpt>
      <trkpt lat="32.764908" lon="-16.932598">
        <ele>1570.8</ele>
        <time>2025-02-15T12:32:07.000Z</time>
        <sat>7</sat>
      </trkpt>
      <trkpt lat="32.764843" lon="-16.932675">
        <ele>1571.9</ele>
        <time>2025-02-15T12:32:12.000Z</time>
        <sat>7</sat>
      </trkpt>
      <trkpt lat="32.764768" lon="-16.932742">
        <ele>1571.5</ele>
        <time>2025-02-15T12:32:21.000Z</time>
        <sat>7</sat>
      </trkpt>
      <trkpt lat="32.764692" lon="-16.932823">
        <ele>1571.2</ele>
        <time>2025-02-15T12:32:28.000Z</time>
        <sat>7</sat>
      </trkpt>
      <trkpt lat="32.764603" lon="-16.932890">
        <ele>1571.1</ele>
        <time>2025-02-15T12:32:36.000Z</time>
        <sat>6</sat>
      </trkpt>
      <trkpt lat="32.764530" lon="-16.932967">
        <ele>1572.0</ele>
        <time>2025-02-15T12:32:43.000Z</time>
        <sat>6</sat>
      </trkpt>
      <trkpt lat="32.764555" lon="-16.933078">
        <ele>1572.5</ele>
        <time>2025-02-15T12:32:52.000Z</time>
        <sat>7</sat>
      </trkpt>
      <trkpt lat="32.764580" lon="-16.933197">
        <ele>1574.0</ele>
        <time>2025-02-15T12:33:01.000Z</time>
        <sat>7</sat>
      </trkpt>
      <trkpt lat="32.764637" lon="-16.933295">
        <ele>1574.4</ele>
        <time>2025-02-15T12:33:09.000Z</time>
        <sat>7</sat>
      </trkpt>
      <trkpt lat="32.764685" lon="-16.933390">
        <ele>1575.5</ele>
        <time>2025-02-15T12:33:17.000Z</time>
        <sat>7</sat>
      </trkpt>
      <trkpt lat="32.764680" lon="-16.933505">
        <ele>1578.2</ele>
        <time>2025-02-15T12:33:26.000Z</time>
        <sat>8</sat>
      </trkpt>
      <trkpt lat="32.764670" lon="-16.933612">
        <ele>1579.6</ele>
        <time>2025-02-15T12:33:33.000Z</time>
        <sat>8</sat>
      </trkpt>
      <trkpt lat="32.764692" lon="-16.933723">
        <ele>1580.1</ele>
        <time>2025-02-15T12:33:42.000Z</time>
        <sat>8</sat>
      </trkpt>
      <trkpt lat="32.764692" lon="-16.933835">
        <ele>1582.6</ele>
        <time>2025-02-15T12:33:51.000Z</time>
        <sat>8</sat>
      </trkpt>
      <trkpt lat="32.764627" lon="-16.933922">
        <ele>1583.5</ele>
        <time>2025-02-15T12:33:58.000Z</time>
        <sat>8</sat>
      </trkpt>
      <trkpt lat="32.764577" lon="-16.934013">
        <ele>1584.8</ele>
        <time>2025-02-15T12:34:06.000Z</time>
        <sat>8</sat>
      </trkpt>
      <trkpt lat="32.764507" lon="-16.934100">
        <ele>1586.7</ele>
        <time>2025-02-15T12:34:16.000Z</time>
        <sat>7</sat>
      </trkpt>
      <trkpt lat="32.764417" lon="-16.934158">
        <ele>1588.0</ele>
        <time>2025-02-15T12:34:25.000Z</time>
        <sat>7</sat>
      </trkpt>
      <trkpt lat="32.764337" lon="-16.934212">
        <ele>1589.2</ele>
        <time>2025-02-15T12:34:31.000Z</time>
        <sat>7</sat>
      </trkpt>
      <trkpt lat="32.764265" lon="-16.934290">
        <ele>1589.9</ele>
        <time>2025-02-15T12:34:37.000Z</time>
        <sat>7</sat>
      </trkpt>
      <trkpt lat="32.764190" lon="-16.934363">
        <ele>1590.1</ele>
        <time>2025-02-15T12:34:44.000Z</time>
        <sat>7</sat>
      </trkpt>
      <trkpt lat="32.764108" lon="-16.934428">
        <ele>1593.1</ele>
        <time>2025-02-15T12:34:53.000Z</time>
        <sat>7</sat>
      </trkpt>
      <trkpt lat="32.764010" lon="-16.934427">
        <ele>1594.2</ele>
        <time>2025-02-15T12:35:01.000Z</time>
        <sat>7</sat>
      </trkpt>
      <trkpt lat="32.763920" lon="-16.934465">
        <ele>1594.5</ele>
        <time>2025-02-15T12:35:09.000Z</time>
        <sat>7</sat>
      </trkpt>
      <trkpt lat="32.763823" lon="-16.934483">
        <ele>1595.4</ele>
        <time>2025-02-15T12:35:17.000Z</time>
        <sat>7</sat>
      </trkpt>
      <trkpt lat="32.763730" lon="-16.934502">
        <ele>1595.3</ele>
        <time>2025-02-15T12:35:23.000Z</time>
        <sat>7</sat>
      </trkpt>
      <trkpt lat="32.763650" lon="-16.934560">
        <ele>1596.0</ele>
        <time>2025-02-15T12:35:29.000Z</time>
        <sat>7</sat>
      </trkpt>
      <trkpt lat="32.763580" lon="-16.934628">
        <ele>1597.5</ele>
        <time>2025-02-15T12:35:40.000Z</time>
        <sat>7</sat>
      </trkpt>
      <trkpt lat="32.763505" lon="-16.934695">
        <ele>1599.9</ele>
        <time>2025-02-15T12:35:52.000Z</time>
        <sat>7</sat>
      </trkpt>
      <trkpt lat="32.763425" lon="-16.934745">
        <ele>1602.2</ele>
        <time>2025-02-15T12:36:06.000Z</time>
        <sat>7</sat>
      </trkpt>
      <trkpt lat="32.763338" lon="-16.934785">
        <ele>1604.6</ele>
        <time>2025-02-15T12:36:17.000Z</time>
        <sat>7</sat>
      </trkpt>
      <trkpt lat="32.763252" lon="-16.934815">
        <ele>1607.2</ele>
        <time>2025-02-15T12:36:30.000Z</time>
        <sat>7</sat>
      </trkpt>
      <trkpt lat="32.763163" lon="-16.934847">
        <ele>1609.5</ele>
        <time>2025-02-15T12:36:43.000Z</time>
        <sat>7</sat>
      </trkpt>
      <trkpt lat="32.763078" lon="-16.934883">
        <ele>1611.6</ele>
        <time>2025-02-15T12:36:54.000Z</time>
        <sat>7</sat>
      </trkpt>
      <trkpt lat="32.762990" lon="-16.934912">
        <ele>1613.2</ele>
        <time>2025-02-15T12:37:10.000Z</time>
        <sat>7</sat>
      </trkpt>
      <trkpt lat="32.762897" lon="-16.934928">
        <ele>1616.2</ele>
        <time>2025-02-15T12:37:25.000Z</time>
        <sat>7</sat>
      </trkpt>
      <trkpt lat="32.762852" lon="-16.934937">
        <ele>1619.6</ele>
        <time>2025-02-15T12:37:34.000Z</time>
        <sat>7</sat>
      </trkpt>
      <trkpt lat="32.762847" lon="-16.934938">
        <ele>1619.9</ele>
        <time>2025-02-15T12:37:35.000Z</time>
        <sat>7</sat>
      </trkpt>
      <trkpt lat="32.762763" lon="-16.934892">
        <ele>1623.7</ele>
        <time>2025-02-15T12:37:51.000Z</time>
        <sat>7</sat>
      </trkpt>
      <trkpt lat="32.762673" lon="-16.934897">
        <ele>1626.9</ele>
        <time>2025-02-15T12:38:02.000Z</time>
        <sat>7</sat>
      </trkpt>
      <trkpt lat="32.762582" lon="-16.934903">
        <ele>1630.9</ele>
        <time>2025-02-15T12:38:18.000Z</time>
        <sat>7</sat>
      </trkpt>
      <trkpt lat="32.762577" lon="-16.934897">
        <ele>1632.5</ele>
        <time>2025-02-15T12:38:21.000Z</time>
        <sat>7</sat>
      </trkpt>
      <trkpt lat="32.762572" lon="-16.934895">
        <ele>1632.9</ele>
        <time>2025-02-15T12:38:22.000Z</time>
        <sat>7</sat>
      </trkpt>
      <trkpt lat="32.762487" lon="-16.934847">
        <ele>1636.2</ele>
        <time>2025-02-15T12:38:38.000Z</time>
        <sat>7</sat>
      </trkpt>
      <trkpt lat="32.762398" lon="-16.934812">
        <ele>1640.7</ele>
        <time>2025-02-15T12:38:56.000Z</time>
        <sat>6</sat>
      </trkpt>
      <trkpt lat="32.762305" lon="-16.934797">
        <ele>1644.6</ele>
        <time>2025-02-15T12:39:13.000Z</time>
        <sat>6</sat>
      </trkpt>
      <trkpt lat="32.762208" lon="-16.934800">
        <ele>1648.1</ele>
        <time>2025-02-15T12:39:27.000Z</time>
        <sat>7</sat>
      </trkpt>
      <trkpt lat="32.762110" lon="-16.934823">
        <ele>1649.6</ele>
        <time>2025-02-15T12:39:35.000Z</time>
        <sat>7</sat>
      </trkpt>
      <trkpt lat="32.762033" lon="-16.934888">
        <ele>1651.9</ele>
        <time>2025-02-15T12:39:48.000Z</time>
        <sat>7</sat>
      </trkpt>
      <trkpt lat="32.762020" lon="-16.934902">
        <ele>1653.2</ele>
        <time>2025-02-15T12:39:53.000Z</time>
        <sat>7</sat>
      </trkpt>
      <trkpt lat="32.762015" lon="-16.934903">
        <ele>1653.4</ele>
        <time>2025-02-15T12:39:54.000Z</time>
        <sat>7</sat>
      </trkpt>
      <trkpt lat="32.761982" lon="-16.934927">
        <ele>1654.2</ele>
        <time>2025-02-15T12:40:04.000Z</time>
        <sat>7</sat>
      </trkpt>
      <trkpt lat="32.761975" lon="-16.934930">
        <ele>1654.2</ele>
        <time>2025-02-15T12:40:05.000Z</time>
        <sat>7</sat>
      </trkpt>
      <trkpt lat="32.761882" lon="-16.934950">
        <ele>1656.3</ele>
        <time>2025-02-15T12:40:15.000Z</time>
        <sat>7</sat>
      </trkpt>
      <trkpt lat="32.761787" lon="-16.934973">
        <ele>1658.8</ele>
        <time>2025-02-15T12:40:24.000Z</time>
        <sat>7</sat>
      </trkpt>
      <trkpt lat="32.761707" lon="-16.935030">
        <ele>1662.0</ele>
        <time>2025-02-15T12:40:40.000Z</time>
        <sat>7</sat>
      </trkpt>
      <trkpt lat="32.761627" lon="-16.935080">
        <ele>1664.6</ele>
        <time>2025-02-15T12:40:53.000Z</time>
        <sat>7</sat>
      </trkpt>
      <trkpt lat="32.761540" lon="-16.935128">
        <ele>1667.1</ele>
        <time>2025-02-15T12:41:03.000Z</time>
        <sat>7</sat>
      </trkpt>
      <trkpt lat="32.761473" lon="-16.935208">
        <ele>1670.2</ele>
        <time>2025-02-15T12:41:15.000Z</time>
        <sat>7</sat>
      </trkpt>
      <trkpt lat="32.761407" lon="-16.935285">
        <ele>1675.2</ele>
        <time>2025-02-15T12:41:32.000Z</time>
        <sat>7</sat>
      </trkpt>
      <trkpt lat="32.761330" lon="-16.935363">
        <ele>1678.6</ele>
        <time>2025-02-15T12:41:45.000Z</time>
        <sat>7</sat>
      </trkpt>
      <trkpt lat="32.761282" lon="-16.935460">
        <ele>1681.7</ele>
        <time>2025-02-15T12:41:55.000Z</time>
        <sat>6</sat>
      </trkpt>
      <trkpt lat="32.761243" lon="-16.935563">
        <ele>1684.4</ele>
        <time>2025-02-15T12:42:11.000Z</time>
        <sat>7</sat>
      </trkpt>
      <trkpt lat="32.761228" lon="-16.935455">
        <ele>1690.6</ele>
        <time>2025-02-15T12:42:34.000Z</time>
        <sat>6</sat>
      </trkpt>
      <trkpt lat="32.761258" lon="-16.935345">
        <ele>1693.8</ele>
        <time>2025-02-15T12:42:47.000Z</time>
        <sat>8</sat>
      </trkpt>
      <trkpt lat="32.761270" lon="-16.935233">
        <ele>1696.8</ele>
        <time>2025-02-15T12:42:58.000Z</time>
        <sat>8</sat>
      </trkpt>
      <trkpt lat="32.761265" lon="-16.935123">
        <ele>1699.1</ele>
        <time>2025-02-15T12:43:08.000Z</time>
        <sat>7</sat>
      </trkpt>
      <trkpt lat="32.761295" lon="-16.935018">
        <ele>1700.8</ele>
        <time>2025-02-15T12:43:16.000Z</time>
        <sat>7</sat>
      </trkpt>
      <trkpt lat="32.761315" lon="-16.934900">
        <ele>1702.0</ele>
        <time>2025-02-15T12:43:25.000Z</time>
        <sat>7</sat>
      </trkpt>
      <trkpt lat="32.761345" lon="-16.934790">
        <ele>1703.1</ele>
        <time>2025-02-15T12:43:34.000Z</time>
        <sat>7</sat>
      </trkpt>
      <trkpt lat="32.761398" lon="-16.934688">
        <ele>1703.9</ele>
        <time>2025-02-15T12:43:42.000Z</time>
        <sat>7</sat>
      </trkpt>
      <trkpt lat="32.761462" lon="-16.934600">
        <ele>1705.4</ele>
        <time>2025-02-15T12:43:49.000Z</time>
        <sat>7</sat>
      </trkpt>
      <trkpt lat="32.761528" lon="-16.934523">
        <ele>1706.3</ele>
        <time>2025-02-15T12:43:56.000Z</time>
        <sat>7</sat>
      </trkpt>
      <trkpt lat="32.761602" lon="-16.934443">
        <ele>1707.3</ele>
        <time>2025-02-15T12:44:04.000Z</time>
        <sat>7</sat>
      </trkpt>
      <trkpt lat="32.761667" lon="-16.934365">
        <ele>1708.3</ele>
        <time>2025-02-15T12:44:12.000Z</time>
        <sat>7</sat>
      </trkpt>
      <trkpt lat="32.761745" lon="-16.934282">
        <ele>1712.3</ele>
        <time>2025-02-15T12:44:19.000Z</time>
        <sat>6</sat>
      </trkpt>
      <trkpt lat="32.761830" lon="-16.934215">
        <ele>1712.9</ele>
        <time>2025-02-15T12:44:24.000Z</time>
        <sat>6</sat>
      </trkpt>
      <trkpt lat="32.761913" lon="-16.934153">
        <ele>1712.8</ele>
        <time>2025-02-15T12:44:29.000Z</time>
        <sat>6</sat>
      </trkpt>
      <trkpt lat="32.761998" lon="-16.934098">
        <ele>1712.7</ele>
        <time>2025-02-15T12:44:34.000Z</time>
        <sat>6</sat>
      </trkpt>
      <trkpt lat="32.762087" lon="-16.934035">
        <ele>1712.6</ele>
        <time>2025-02-15T12:44:39.000Z</time>
        <sat>6</sat>
      </trkpt>
      <trkpt lat="32.762168" lon="-16.933967">
        <ele>1712.6</ele>
        <time>2025-02-15T12:44:45.000Z</time>
        <sat>6</sat>
      </trkpt>
      <trkpt lat="32.762245" lon="-16.933890">
        <ele>1712.6</ele>
        <time>2025-02-15T12:44:50.000Z</time>
        <sat>6</sat>
      </trkpt>
      <trkpt lat="32.762320" lon="-16.933812">
        <ele>1712.5</ele>
        <time>2025-02-15T12:44:55.000Z</time>
        <sat>6</sat>
      </trkpt>
      <trkpt lat="32.762405" lon="-16.933727">
        <ele>1712.6</ele>
        <time>2025-02-15T12:45:00.000Z</time>
        <sat>6</sat>
      </trkpt>
      <trkpt lat="32.762488" lon="-16.933675">
        <ele>1712.7</ele>
        <time>2025-02-15T12:45:05.000Z</time>
        <sat>6</sat>
      </trkpt>
      <trkpt lat="32.762578" lon="-16.933623">
        <ele>1712.5</ele>
        <time>2025-02-15T12:45:10.000Z</time>
        <sat>6</sat>
      </trkpt>
      <trkpt lat="32.762665" lon="-16.933563">
        <ele>1712.3</ele>
        <time>2025-02-15T12:45:15.000Z</time>
        <sat>6</sat>
      </trkpt>
      <trkpt lat="32.762743" lon="-16.933495">
        <ele>1711.8</ele>
        <time>2025-02-15T12:45:19.000Z</time>
        <sat>6</sat>
      </trkpt>
      <trkpt lat="32.762827" lon="-16.933435">
        <ele>1710.0</ele>
        <time>2025-02-15T12:45:25.000Z</time>
        <sat>6</sat>
      </trkpt>
      <trkpt lat="32.762925" lon="-16.933373">
        <ele>1710.8</ele>
        <time>2025-02-15T12:45:30.000Z</time>
        <sat>6</sat>
      </trkpt>
      <trkpt lat="32.763007" lon="-16.933310">
        <ele>1710.9</ele>
        <time>2025-02-15T12:45:34.000Z</time>
        <sat>6</sat>
      </trkpt>
      <trkpt lat="32.763090" lon="-16.933232">
        <ele>1710.9</ele>
        <time>2025-02-15T12:45:39.000Z</time>
        <sat>7</sat>
      </trkpt>
      <trkpt lat="32.763130" lon="-16.933132">
        <ele>1711.2</ele>
        <time>2025-02-15T12:45:44.000Z</time>
        <sat>8</sat>
      </trkpt>
      <trkpt lat="32.763148" lon="-16.933015">
        <ele>1710.0</ele>
        <time>2025-02-15T12:45:52.000Z</time>
        <sat>7</sat>
      </trkpt>
      <trkpt lat="32.763162" lon="-16.932898">
        <ele>1707.6</ele>
        <time>2025-02-15T12:45:58.000Z</time>
        <sat>6</sat>
      </trkpt>
      <trkpt lat="32.763160" lon="-16.932778">
        <ele>1706.3</ele>
        <time>2025-02-15T12:46:04.000Z</time>
        <sat>7</sat>
      </trkpt>
      <trkpt lat="32.763183" lon="-16.932670">
        <ele>1705.5</ele>
        <time>2025-02-15T12:46:10.000Z</time>
        <sat>6</sat>
      </trkpt>
      <trkpt lat="32.763205" lon="-16.932565">
        <ele>1704.2</ele>
        <time>2025-02-15T12:46:15.000Z</time>
        <sat>7</sat>
      </trkpt>
      <trkpt lat="32.763228" lon="-16.932443">
        <ele>1702.3</ele>
        <time>2025-02-15T12:46:20.000Z</time>
        <sat>6</sat>
      </trkpt>
      <trkpt lat="32.763272" lon="-16.932335">
        <ele>1700.8</ele>
        <time>2025-02-15T12:46:25.000Z</time>
        <sat>6</sat>
      </trkpt>
      <trkpt lat="32.763312" lon="-16.932238">
        <ele>1699.6</ele>
        <time>2025-02-15T12:46:29.000Z</time>
        <sat>6</sat>
      </trkpt>
      <trkpt lat="32.763372" lon="-16.932155">
        <ele>1698.3</ele>
        <time>2025-02-15T12:46:33.000Z</time>
        <sat>6</sat>
      </trkpt>
      <trkpt lat="32.763410" lon="-16.932057">
        <ele>1696.6</ele>
        <time>2025-02-15T12:46:37.000Z</time>
        <sat>6</sat>
      </trkpt>
      <trkpt lat="32.763443" lon="-16.931943">
        <ele>1695.9</ele>
        <time>2025-02-15T12:46:41.000Z</time>
        <sat>6</sat>
      </trkpt>
      <trkpt lat="32.763503" lon="-16.931852">
        <ele>1694.8</ele>
        <time>2025-02-15T12:46:45.000Z</time>
        <sat>6</sat>
      </trkpt>
      <trkpt lat="32.763570" lon="-16.931772">
        <ele>1693.9</ele>
        <time>2025-02-15T12:46:49.000Z</time>
        <sat>6</sat>
      </trkpt>
      <trkpt lat="32.763658" lon="-16.931697">
        <ele>1692.6</ele>
        <time>2025-02-15T12:46:54.000Z</time>
        <sat>7</sat>
      </trkpt>
      <trkpt lat="32.763745" lon="-16.931617">
        <ele>1691.9</ele>
        <time>2025-02-15T12:46:59.000Z</time>
        <sat>7</sat>
      </trkpt>
      <trkpt lat="32.763817" lon="-16.931533">
        <ele>1691.2</ele>
        <time>2025-02-15T12:47:03.000Z</time>
        <sat>7</sat>
      </trkpt>
      <trkpt lat="32.763872" lon="-16.931430">
        <ele>1690.7</ele>
        <time>2025-02-15T12:47:07.000Z</time>
        <sat>7</sat>
      </trkpt>
      <trkpt lat="32.763903" lon="-16.931315">
        <ele>1690.2</ele>
        <time>2025-02-15T12:47:11.000Z</time>
        <sat>7</sat>
      </trkpt>
      <trkpt lat="32.763902" lon="-16.931190">
        <ele>1689.7</ele>
        <time>2025-02-15T12:47:15.000Z</time>
        <sat>6</sat>
      </trkpt>
      <trkpt lat="32.763862" lon="-16.931062">
        <ele>1689.7</ele>
        <time>2025-02-15T12:47:19.000Z</time>
        <sat>7</sat>
      </trkpt>
      <trkpt lat="32.763842" lon="-16.930928">
        <ele>1689.5</ele>
        <time>2025-02-15T12:47:23.000Z</time>
        <sat>7</sat>
      </trkpt>
      <trkpt lat="32.763808" lon="-16.930815">
        <ele>1689.4</ele>
        <time>2025-02-15T12:47:27.000Z</time>
        <sat>7</sat>
      </trkpt>
      <trkpt lat="32.763793" lon="-16.930700">
        <ele>1689.2</ele>
        <time>2025-02-15T12:47:31.000Z</time>
        <sat>6</sat>
      </trkpt>
      <trkpt lat="32.763832" lon="-16.930583">
        <ele>1688.7</ele>
        <time>2025-02-15T12:47:36.000Z</time>
        <sat>6</sat>
      </trkpt>
      <trkpt lat="32.763847" lon="-16.930465">
        <ele>1687.8</ele>
        <time>2025-02-15T12:47:40.000Z</time>
        <sat>6</sat>
      </trkpt>
      <trkpt lat="32.763832" lon="-16.930358">
        <ele>1687.2</ele>
        <time>2025-02-15T12:47:44.000Z</time>
        <sat>6</sat>
      </trkpt>
      <trkpt lat="32.763800" lon="-16.930255">
        <ele>1687.3</ele>
        <time>2025-02-15T12:47:49.000Z</time>
        <sat>7</sat>
      </trkpt>
      <trkpt lat="32.763753" lon="-16.930157">
        <ele>1688.1</ele>
        <time>2025-02-15T12:47:54.000Z</time>
        <sat>7</sat>
      </trkpt>
      <trkpt lat="32.763685" lon="-16.930060">
        <ele>1689.5</ele>
        <time>2025-02-15T12:47:59.000Z</time>
        <sat>6</sat>
      </trkpt>
      <trkpt lat="32.763637" lon="-16.929952">
        <ele>1690.0</ele>
        <time>2025-02-15T12:48:04.000Z</time>
        <sat>6</sat>
      </trkpt>
      <trkpt lat="32.763592" lon="-16.929840">
        <ele>1690.2</ele>
        <time>2025-02-15T12:48:09.000Z</time>
        <sat>6</sat>
      </trkpt>
      <trkpt lat="32.763562" lon="-16.929715">
        <ele>1689.8</ele>
        <time>2025-02-15T12:48:14.000Z</time>
        <sat>7</sat>
      </trkpt>
      <trkpt lat="32.763532" lon="-16.929597">
        <ele>1689.3</ele>
        <time>2025-02-15T12:48:19.000Z</time>
        <sat>7</sat>
      </trkpt>
      <trkpt lat="32.763507" lon="-16.929478">
        <ele>1688.2</ele>
        <time>2025-02-15T12:48:24.000Z</time>
        <sat>6</sat>
      </trkpt>
      <trkpt lat="32.763455" lon="-16.929370">
        <ele>1687.2</ele>
        <time>2025-02-15T12:48:28.000Z</time>
        <sat>6</sat>
      </trkpt>
      <trkpt lat="32.763418" lon="-16.929240">
        <ele>1686.1</ele>
        <time>2025-02-15T12:48:33.000Z</time>
        <sat>6</sat>
      </trkpt>
      <trkpt lat="32.763400" lon="-16.929130">
        <ele>1685.3</ele>
        <time>2025-02-15T12:48:37.000Z</time>
        <sat>7</sat>
      </trkpt>
      <trkpt lat="32.763343" lon="-16.929015">
        <ele>1683.8</ele>
        <time>2025-02-15T12:48:42.000Z</time>
        <sat>7</sat>
      </trkpt>
      <trkpt lat="32.763302" lon="-16.928907">
        <ele>1683.5</ele>
        <time>2025-02-15T12:48:46.000Z</time>
        <sat>7</sat>
      </trkpt>
      <trkpt lat="32.763268" lon="-16.928782">
        <ele>1683.3</ele>
        <time>2025-02-15T12:48:51.000Z</time>
        <sat>7</sat>
      </trkpt>
      <trkpt lat="32.763265" lon="-16.928658">
        <ele>1683.5</ele>
        <time>2025-02-15T12:48:56.000Z</time>
        <sat>8</sat>
      </trkpt>
      <trkpt lat="32.763262" lon="-16.928548">
        <ele>1683.6</ele>
        <time>2025-02-15T12:49:01.000Z</time>
        <sat>8</sat>
      </trkpt>
      <trkpt lat="32.763257" lon="-16.928413">
        <ele>1684.3</ele>
        <time>2025-02-15T12:49:06.000Z</time>
        <sat>8</sat>
      </trkpt>
      <trkpt lat="32.763258" lon="-16.928305">
        <ele>1685.2</ele>
        <time>2025-02-15T12:49:10.000Z</time>
        <sat>8</sat>
      </trkpt>
      <trkpt lat="32.763257" lon="-16.928188">
        <ele>1685.8</ele>
        <time>2025-02-15T12:49:14.000Z</time>
        <sat>8</sat>
      </trkpt>
      <trkpt lat="32.763280" lon="-16.928070">
        <ele>1685.8</ele>
        <time>2025-02-15T12:49:19.000Z</time>
        <sat>8</sat>
      </trkpt>
      <trkpt lat="32.763323" lon="-16.927955">
        <ele>1685.1</ele>
        <time>2025-02-15T12:49:24.000Z</time>
        <sat>8</sat>
      </trkpt>
      <trkpt lat="32.763373" lon="-16.927843">
        <ele>1684.6</ele>
        <time>2025-02-15T12:49:28.000Z</time>
        <sat>8</sat>
      </trkpt>
      <trkpt lat="32.763415" lon="-16.927740">
        <ele>1683.5</ele>
        <time>2025-02-15T12:49:32.000Z</time>
        <sat>8</sat>
      </trkpt>
      <trkpt lat="32.763460" lon="-16.927637">
        <ele>1682.8</ele>
        <time>2025-02-15T12:49:37.000Z</time>
        <sat>8</sat>
      </trkpt>
      <trkpt lat="32.763487" lon="-16.927523">
        <ele>1682.5</ele>
        <time>2025-02-15T12:49:41.000Z</time>
        <sat>8</sat>
      </trkpt>
      <trkpt lat="32.763502" lon="-16.927407">
        <ele>1682.2</ele>
        <time>2025-02-15T12:49:45.000Z</time>
        <sat>8</sat>
      </trkpt>
      <trkpt lat="32.763533" lon="-16.927287">
        <ele>1681.5</ele>
        <time>2025-02-15T12:49:49.000Z</time>
        <sat>8</sat>
      </trkpt>
      <trkpt lat="32.763562" lon="-16.927170">
        <ele>1680.6</ele>
        <time>2025-02-15T12:49:53.000Z</time>
        <sat>8</sat>
      </trkpt>
      <trkpt lat="32.763590" lon="-16.927058">
        <ele>1680.1</ele>
        <time>2025-02-15T12:49:57.000Z</time>
        <sat>8</sat>
      </trkpt>
      <trkpt lat="32.763618" lon="-16.926940">
        <ele>1679.3</ele>
        <time>2025-02-15T12:50:01.000Z</time>
        <sat>8</sat>
      </trkpt>
      <trkpt lat="32.763652" lon="-16.926825">
        <ele>1678.7</ele>
        <time>2025-02-15T12:50:05.000Z</time>
        <sat>8</sat>
      </trkpt>
      <trkpt lat="32.763698" lon="-16.926713">
        <ele>1677.7</ele>
        <time>2025-02-15T12:50:09.000Z</time>
        <sat>8</sat>
      </trkpt>
      <trkpt lat="32.763743" lon="-16.926605">
        <ele>1677.2</ele>
        <time>2025-02-15T12:50:13.000Z</time>
        <sat>8</sat>
      </trkpt>
      <trkpt lat="32.763800" lon="-16.926503">
        <ele>1677.1</ele>
        <time>2025-02-15T12:50:17.000Z</time>
        <sat>8</sat>
      </trkpt>
      <trkpt lat="32.763872" lon="-16.926415">
        <ele>1676.7</ele>
        <time>2025-02-15T12:50:21.000Z</time>
        <sat>8</sat>
      </trkpt>
      <trkpt lat="32.763952" lon="-16.926325">
        <ele>1676.4</ele>
        <time>2025-02-15T12:50:25.000Z</time>
        <sat>8</sat>
      </trkpt>
      <trkpt lat="32.764013" lon="-16.926240">
        <ele>1675.9</ele>
        <time>2025-02-15T12:50:29.000Z</time>
        <sat>8</sat>
      </trkpt>
      <trkpt lat="32.764072" lon="-16.926145">
        <ele>1675.5</ele>
        <time>2025-02-15T12:50:33.000Z</time>
        <sat>8</sat>
      </trkpt>
      <trkpt lat="32.764138" lon="-16.926055">
        <ele>1674.6</ele>
        <time>2025-02-15T12:50:37.000Z</time>
        <sat>8</sat>
      </trkpt>
      <trkpt lat="32.764205" lon="-16.925947">
        <ele>1673.5</ele>
        <time>2025-02-15T12:50:42.000Z</time>
        <sat>8</sat>
      </trkpt>
      <trkpt lat="32.764253" lon="-16.925838">
        <ele>1672.8</ele>
        <time>2025-02-15T12:50:47.000Z</time>
        <sat>8</sat>
      </trkpt>
      <trkpt lat="32.764300" lon="-16.925730">
        <ele>1671.5</ele>
        <time>2025-02-15T12:50:52.000Z</time>
        <sat>8</sat>
      </trkpt>
      <trkpt lat="32.764350" lon="-16.925627">
        <ele>1669.8</ele>
        <time>2025-02-15T12:50:56.000Z</time>
        <sat>8</sat>
      </trkpt>
      <trkpt lat="32.764397" lon="-16.925525">
        <ele>1667.9</ele>
        <time>2025-02-15T12:51:00.000Z</time>
        <sat>8</sat>
      </trkpt>
      <trkpt lat="32.764443" lon="-16.925430">
        <ele>1666.6</ele>
        <time>2025-02-15T12:51:04.000Z</time>
        <sat>8</sat>
      </trkpt>
      <trkpt lat="32.764495" lon="-16.925317">
        <ele>1664.7</ele>
        <time>2025-02-15T12:51:09.000Z</time>
        <sat>8</sat>
      </trkpt>
      <trkpt lat="32.764542" lon="-16.925202">
        <ele>1663.5</ele>
        <time>2025-02-15T12:51:14.000Z</time>
        <sat>8</sat>
      </trkpt>
      <trkpt lat="32.764623" lon="-16.925155">
        <ele>1659.7</ele>
        <time>2025-02-15T12:51:21.000Z</time>
        <sat>8</sat>
      </trkpt>
      <trkpt lat="32.764705" lon="-16.925202">
        <ele>1655.7</ele>
        <time>2025-02-15T12:51:27.000Z</time>
        <sat>8</sat>
      </trkpt>
      <trkpt lat="32.764737" lon="-16.925088">
        <ele>1653.3</ele>
        <time>2025-02-15T12:51:34.000Z</time>
        <sat>8</sat>
      </trkpt>
      <trkpt lat="32.764730" lon="-16.924963">
        <ele>1651.8</ele>
        <time>2025-02-15T12:51:39.000Z</time>
        <sat>7</sat>
      </trkpt>
      <trkpt lat="32.764708" lon="-16.924853">
        <ele>1650.4</ele>
        <time>2025-02-15T12:51:43.000Z</time>
        <sat>7</sat>
      </trkpt>
      <trkpt lat="32.764692" lon="-16.924745">
        <ele>1648.2</ele>
        <time>2025-02-15T12:51:47.000Z</time>
        <sat>8</sat>
      </trkpt>
      <trkpt lat="32.764667" lon="-16.924625">
        <ele>1646.4</ele>
        <time>2025-02-15T12:51:52.000Z</time>
        <sat>8</sat>
      </trkpt>
      <trkpt lat="32.764620" lon="-16.924508">
        <ele>1644.0</ele>
        <time>2025-02-15T12:51:57.000Z</time>
        <sat>8</sat>
      </trkpt>
      <trkpt lat="32.764560" lon="-16.924423">
        <ele>1640.9</ele>
        <time>2025-02-15T12:52:02.000Z</time>
        <sat>7</sat>
      </trkpt>
      <trkpt lat="32.764483" lon="-16.924327">
        <ele>1636.8</ele>
        <time>2025-02-15T12:52:08.000Z</time>
        <sat>7</sat>
      </trkpt>
      <trkpt lat="32.764410" lon="-16.924233">
        <ele>1635.6</ele>
        <time>2025-02-15T12:52:13.000Z</time>
        <sat>6</sat>
      </trkpt>
      <trkpt lat="32.764345" lon="-16.924123">
        <ele>1633.5</ele>
        <time>2025-02-15T12:52:18.000Z</time>
        <sat>6</sat>
      </trkpt>
      <trkpt lat="32.764275" lon="-16.924018">
        <ele>1631.3</ele>
        <time>2025-02-15T12:52:22.000Z</time>
        <sat>6</sat>
      </trkpt>
      <trkpt lat="32.764213" lon="-16.923908">
        <ele>1628.4</ele>
        <time>2025-02-15T12:52:26.000Z</time>
        <sat>7</sat>
      </trkpt>
      <trkpt lat="32.764137" lon="-16.923807">
        <ele>1627.3</ele>
        <time>2025-02-15T12:52:30.000Z</time>
        <sat>8</sat>
      </trkpt>
      <trkpt lat="32.764077" lon="-16.923698">
        <ele>1626.4</ele>
        <time>2025-02-15T12:52:34.000Z</time>
        <sat>8</sat>
      </trkpt>
      <trkpt lat="32.764035" lon="-16.923587">
        <ele>1624.8</ele>
        <time>2025-02-15T12:52:38.000Z</time>
        <sat>8</sat>
      </trkpt>
      <trkpt lat="32.764018" lon="-16.923473">
        <ele>1623.4</ele>
        <time>2025-02-15T12:52:42.000Z</time>
        <sat>8</sat>
      </trkpt>
      <trkpt lat="32.764002" lon="-16.923358">
        <ele>1621.9</ele>
        <time>2025-02-15T12:52:46.000Z</time>
        <sat>8</sat>
      </trkpt>
      <trkpt lat="32.764003" lon="-16.923242">
        <ele>1620.6</ele>
        <time>2025-02-15T12:52:50.000Z</time>
        <sat>8</sat>
      </trkpt>
      <trkpt lat="32.764010" lon="-16.923127">
        <ele>1619.6</ele>
        <time>2025-02-15T12:52:54.000Z</time>
        <sat>8</sat>
      </trkpt>
      <trkpt lat="32.764005" lon="-16.922995">
        <ele>1618.6</ele>
        <time>2025-02-15T12:52:59.000Z</time>
        <sat>8</sat>
      </trkpt>
      <trkpt lat="32.764002" lon="-16.922880">
        <ele>1617.4</ele>
        <time>2025-02-15T12:53:03.000Z</time>
        <sat>8</sat>
      </trkpt>
      <trkpt lat="32.764007" lon="-16.922772">
        <ele>1616.1</ele>
        <time>2025-02-15T12:53:07.000Z</time>
        <sat>8</sat>
      </trkpt>
      <trkpt lat="32.764025" lon="-16.922648">
        <ele>1614.7</ele>
        <time>2025-02-15T12:53:13.000Z</time>
        <sat>8</sat>
      </trkpt>
      <trkpt lat="32.764067" lon="-16.922553">
        <ele>1613.5</ele>
        <time>2025-02-15T12:53:18.000Z</time>
        <sat>8</sat>
      </trkpt>
      <trkpt lat="32.764117" lon="-16.922452">
        <ele>1611.3</ele>
        <time>2025-02-15T12:53:23.000Z</time>
        <sat>8</sat>
      </trkpt>
      <trkpt lat="32.764183" lon="-16.922345">
        <ele>1609.1</ele>
        <time>2025-02-15T12:53:28.000Z</time>
        <sat>8</sat>
      </trkpt>
      <trkpt lat="32.764243" lon="-16.922242">
        <ele>1607.6</ele>
        <time>2025-02-15T12:53:33.000Z</time>
        <sat>8</sat>
      </trkpt>
      <trkpt lat="32.764273" lon="-16.922128">
        <ele>1605.6</ele>
        <time>2025-02-15T12:53:38.000Z</time>
        <sat>8</sat>
      </trkpt>
      <trkpt lat="32.764280" lon="-16.921998">
        <ele>1604.3</ele>
        <time>2025-02-15T12:53:44.000Z</time>
        <sat>8</sat>
      </trkpt>
      <trkpt lat="32.764298" lon="-16.921870">
        <ele>1603.0</ele>
        <time>2025-02-15T12:53:49.000Z</time>
        <sat>8</sat>
      </trkpt>
      <trkpt lat="32.764355" lon="-16.921772">
        <ele>1601.0</ele>
        <time>2025-02-15T12:53:54.000Z</time>
        <sat>8</sat>
      </trkpt>
      <trkpt lat="32.764422" lon="-16.921685">
        <ele>1598.3</ele>
        <time>2025-02-15T12:53:59.000Z</time>
        <sat>8</sat>
      </trkpt>
      <trkpt lat="32.764488" lon="-16.921610">
        <ele>1597.5</ele>
        <time>2025-02-15T12:54:03.000Z</time>
        <sat>8</sat>
      </trkpt>
      <trkpt lat="32.764557" lon="-16.921537">
        <ele>1596.1</ele>
        <time>2025-02-15T12:54:07.000Z</time>
        <sat>8</sat>
      </trkpt>
      <trkpt lat="32.764625" lon="-16.921448">
        <ele>1594.4</ele>
        <time>2025-02-15T12:54:11.000Z</time>
        <sat>8</sat>
      </trkpt>
      <trkpt lat="32.764695" lon="-16.921360">
        <ele>1592.5</ele>
        <time>2025-02-15T12:54:15.000Z</time>
        <sat>8</sat>
      </trkpt>
      <trkpt lat="32.764753" lon="-16.921272">
        <ele>1590.8</ele>
        <time>2025-02-15T12:54:19.000Z</time>
        <sat>8</sat>
      </trkpt>
      <trkpt lat="32.764818" lon="-16.921190">
        <ele>1588.9</ele>
        <time>2025-02-15T12:54:24.000Z</time>
        <sat>8</sat>
      </trkpt>
      <trkpt lat="32.764900" lon="-16.921150">
        <ele>1586.7</ele>
        <time>2025-02-15T12:54:34.000Z</time>
        <sat>8</sat>
      </trkpt>
      <trkpt lat="32.764900" lon="-16.921148">
        <ele>1586.5</ele>
        <time>2025-02-15T12:54:35.000Z</time>
        <sat>8</sat>
      </trkpt>
      <trkpt lat="32.764902" lon="-16.921148">
        <ele>1585.9</ele>
        <time>2025-02-15T12:54:37.000Z</time>
        <sat>8</sat>
      </trkpt>
      <trkpt lat="32.764903" lon="-16.921143">
        <ele>1585.5</ele>
        <time>2025-02-15T12:54:38.000Z</time>
        <sat>8</sat>
      </trkpt>
      <trkpt lat="32.764907" lon="-16.921138">
        <ele>1583.0</ele>
        <time>2025-02-15T12:54:41.000Z</time>
        <sat>8</sat>
      </trkpt>
      <trkpt lat="32.764907" lon="-16.921135">
        <ele>1569.6</ele>
        <time>2025-02-15T12:55:08.000Z</time>
        <sat>8</sat>
      </trkpt>
      <trkpt lat="32.764907" lon="-16.921135">
        <ele>1569.4</ele>
        <time>2025-02-15T12:55:09.000Z</time>
        <sat>8</sat>
      </trkpt>
      <trkpt lat="32.764910" lon="-16.921130">
        <ele>1576.5</ele>
        <time>2025-02-15T12:55:18.000Z</time>
        <sat>8</sat>
      </trkpt>
      <trkpt lat="32.764910" lon="-16.921130">
        <ele>1580.7</ele>
        <time>2025-02-15T12:55:19.000Z</time>
        <sat>8</sat>
      </trkpt>
      <trkpt lat="32.764912" lon="-16.921128">
        <ele>1583.7</ele>
        <time>2025-02-15T12:55:24.000Z</time>
        <sat>8</sat>
      </trkpt>
      <trkpt lat="32.764912" lon="-16.921128">
        <ele>1582.3</ele>
        <time>2025-02-15T12:55:25.000Z</time>
        <sat>8</sat>
      </trkpt>
      <trkpt lat="32.764913" lon="-16.921125">
        <ele>1580.2</ele>
        <time>2025-02-15T12:56:20.000Z</time>
        <sat>8</sat>
      </trkpt>
      <trkpt lat="32.764913" lon="-16.921127">
        <ele>1581.4</ele>
        <time>2025-02-15T12:56:22.000Z</time>
        <sat>8</sat>
      </trkpt>
      <trkpt lat="32.764913" lon="-16.921125">
        <ele>1582.6</ele>
        <time>2025-02-15T12:56:25.000Z</time>
        <sat>8</sat>
      </trkpt>
      <trkpt lat="32.764913" lon="-16.921125">
        <ele>1582.7</ele>
        <time>2025-02-15T12:56:26.000Z</time>
        <sat>8</sat>
      </trkpt>
      <trkpt lat="32.764913" lon="-16.921122">
        <ele>1582.8</ele>
        <time>2025-02-15T12:56:30.000Z</time>
        <sat>8</sat>
      </trkpt>
      <trkpt lat="32.764915" lon="-16.921122">
        <ele>1581.6</ele>
        <time>2025-02-15T12:56:33.000Z</time>
        <sat>8</sat>
      </trkpt>
      <trkpt lat="32.764913" lon="-16.921122">
        <ele>1576.9</ele>
        <time>2025-02-15T12:57:01.000Z</time>
        <sat>8</sat>
      </trkpt>
      <trkpt lat="32.764915" lon="-16.921122">
        <ele>1575.8</ele>
        <time>2025-02-15T12:57:03.000Z</time>
        <sat>8</sat>
      </trkpt>
      <trkpt lat="32.764915" lon="-16.921120">
        <ele>1575.2</ele>
        <time>2025-02-15T12:57:20.000Z</time>
        <sat>8</sat>
      </trkpt>
      <trkpt lat="32.764915" lon="-16.921120">
        <ele>1575.0</ele>
        <time>2025-02-15T12:57:21.000Z</time>
        <sat>8</sat>
      </trkpt>
      <trkpt lat="32.764917" lon="-16.921112">
        <ele>1575.7</ele>
        <time>2025-02-15T12:57:24.000Z</time>
        <sat>8</sat>
      </trkpt>
      <trkpt lat="32.764922" lon="-16.921105">
        <ele>1585.3</ele>
        <time>2025-02-15T12:57:31.000Z</time>
        <sat>8</sat>
      </trkpt>
      <trkpt lat="32.764922" lon="-16.921103">
        <ele>1585.4</ele>
        <time>2025-02-15T12:57:33.000Z</time>
        <sat>8</sat>
      </trkpt>
      <trkpt lat="32.764922" lon="-16.921102">
        <ele>1585.2</ele>
        <time>2025-02-15T12:57:35.000Z</time>
        <sat>8</sat>
      </trkpt>
      <trkpt lat="32.764922" lon="-16.921098">
        <ele>1584.9</ele>
        <time>2025-02-15T12:57:37.000Z</time>
        <sat>8</sat>
      </trkpt>
      <trkpt lat="32.764922" lon="-16.921098">
        <ele>1584.9</ele>
        <time>2025-02-15T12:57:38.000Z</time>
        <sat>8</sat>
      </trkpt>
      <trkpt lat="32.764922" lon="-16.921097">
        <ele>1584.8</ele>
        <time>2025-02-15T12:57:41.000Z</time>
        <sat>8</sat>
      </trkpt>
      <trkpt lat="32.764922" lon="-16.921097">
        <ele>1584.7</ele>
        <time>2025-02-15T12:57:42.000Z</time>
        <sat>8</sat>
      </trkpt>
      <trkpt lat="32.764922" lon="-16.921095">
        <ele>1584.6</ele>
        <time>2025-02-15T12:57:43.000Z</time>
        <sat>8</sat>
      </trkpt>
      <trkpt lat="32.764922" lon="-16.921095">
        <ele>1584.5</ele>
        <time>2025-02-15T12:57:44.000Z</time>
        <sat>8</sat>
      </trkpt>
      <trkpt lat="32.764922" lon="-16.921093">
        <ele>1583.3</ele>
        <time>2025-02-15T12:58:05.000Z</time>
        <sat>8</sat>
      </trkpt>
      <trkpt lat="32.764922" lon="-16.921093">
        <ele>1583.2</ele>
        <time>2025-02-15T12:58:06.000Z</time>
        <sat>8</sat>
      </trkpt>
      <trkpt lat="32.764922" lon="-16.921092">
        <ele>1583.2</ele>
        <time>2025-02-15T12:58:08.000Z</time>
        <sat>8</sat>
      </trkpt>
      <trkpt lat="32.764922" lon="-16.921082">
        <ele>1583.2</ele>
        <time>2025-02-15T12:58:13.000Z</time>
        <sat>8</sat>
      </trkpt>
      <trkpt lat="32.764922" lon="-16.921083">
        <ele>1583.2</ele>
        <time>2025-02-15T12:58:14.000Z</time>
        <sat>8</sat>
      </trkpt>
      <trkpt lat="32.764922" lon="-16.921083">
        <ele>1583.3</ele>
        <time>2025-02-15T12:58:15.000Z</time>
        <sat>8</sat>
      </trkpt>
      <trkpt lat="32.764922" lon="-16.921082">
        <ele>1583.3</ele>
        <time>2025-02-15T12:58:16.000Z</time>
        <sat>8</sat>
      </trkpt>
      <trkpt lat="32.764923" lon="-16.921083">
        <ele>1583.3</ele>
        <time>2025-02-15T12:58:18.000Z</time>
        <sat>8</sat>
      </trkpt>
      <trkpt lat="32.764923" lon="-16.921082">
        <ele>1583.3</ele>
        <time>2025-02-15T12:58:19.000Z</time>
        <sat>8</sat>
      </trkpt>
      <trkpt lat="32.764925" lon="-16.921083">
        <ele>1583.3</ele>
        <time>2025-02-15T12:58:22.000Z</time>
        <sat>8</sat>
      </trkpt>
      <trkpt lat="32.764927" lon="-16.921085">
        <ele>1583.3</ele>
        <time>2025-02-15T12:58:23.000Z</time>
        <sat>8</sat>
      </trkpt>
      <trkpt lat="32.764927" lon="-16.921085">
        <ele>1583.1</ele>
        <time>2025-02-15T12:58:27.000Z</time>
        <sat>8</sat>
      </trkpt>
      <trkpt lat="32.764927" lon="-16.921083">
        <ele>1583.1</ele>
        <time>2025-02-15T12:58:29.000Z</time>
        <sat>8</sat>
      </trkpt>
      <trkpt lat="32.764927" lon="-16.921083">
        <ele>1583.0</ele>
        <time>2025-02-15T12:58:30.000Z</time>
        <sat>8</sat>
      </trkpt>
      <trkpt lat="32.764927" lon="-16.921085">
        <ele>1583.0</ele>
        <time>2025-02-15T12:58:32.000Z</time>
        <sat>8</sat>
      </trkpt>
      <trkpt lat="32.764927" lon="-16.921085">
        <ele>1583.0</ele>
        <time>2025-02-15T12:58:33.000Z</time>
        <sat>8</sat>
      </trkpt>
      <trkpt lat="32.764928" lon="-16.921087">
        <ele>1582.8</ele>
        <time>2025-02-15T12:58:42.000Z</time>
        <sat>8</sat>
      </trkpt>
      <trkpt lat="32.764928" lon="-16.921087">
        <ele>1582.8</ele>
        <time>2025-02-15T12:58:43.000Z</time>
        <sat>8</sat>
      </trkpt>
      <trkpt lat="32.764928" lon="-16.921085">
        <ele>1582.7</ele>
        <time>2025-02-15T12:58:45.000Z</time>
        <sat>8</sat>
      </trkpt>
      <trkpt lat="32.764927" lon="-16.921083">
        <ele>1582.6</ele>
        <time>2025-02-15T12:58:47.000Z</time>
        <sat>8</sat>
      </trkpt>
      <trkpt lat="32.764928" lon="-16.921085">
        <ele>1582.4</ele>
        <time>2025-02-15T12:58:51.000Z</time>
        <sat>8</sat>
      </trkpt>
      <trkpt lat="32.764930" lon="-16.921085">
        <ele>1581.4</ele>
        <time>2025-02-15T12:58:54.000Z</time>
        <sat>8</sat>
      </trkpt>
      <trkpt lat="32.764928" lon="-16.921083">
        <ele>1576.6</ele>
        <time>2025-02-15T12:59:10.000Z</time>
        <sat>8</sat>
      </trkpt>
      <trkpt lat="32.764925" lon="-16.921082">
        <ele>1580.4</ele>
        <time>2025-02-15T12:59:13.000Z</time>
        <sat>8</sat>
      </trkpt>
      <trkpt lat="32.764925" lon="-16.921080">
        <ele>1583.6</ele>
        <time>2025-02-15T12:59:24.000Z</time>
        <sat>8</sat>
      </trkpt>
      <trkpt lat="32.764925" lon="-16.921080">
        <ele>1583.5</ele>
        <time>2025-02-15T12:59:25.000Z</time>
        <sat>8</sat>
      </trkpt>
      <trkpt lat="32.764923" lon="-16.921082">
        <ele>1583.4</ele>
        <time>2025-02-15T12:59:26.000Z</time>
        <sat>8</sat>
      </trkpt>
      <trkpt lat="32.764923" lon="-16.921082">
        <ele>1583.4</ele>
        <time>2025-02-15T12:59:27.000Z</time>
        <sat>8</sat>
      </trkpt>
      <trkpt lat="32.764923" lon="-16.921083">
        <ele>1583.1</ele>
        <time>2025-02-15T12:59:31.000Z</time>
        <sat>8</sat>
      </trkpt>
      <trkpt lat="32.764923" lon="-16.921083">
        <ele>1583.0</ele>
        <time>2025-02-15T12:59:32.000Z</time>
        <sat>8</sat>
      </trkpt>
      <trkpt lat="32.764922" lon="-16.921083">
        <ele>1582.5</ele>
        <time>2025-02-15T12:59:39.000Z</time>
        <sat>8</sat>
      </trkpt>
      <trkpt lat="32.764920" lon="-16.921082">
        <ele>1582.3</ele>
        <time>2025-02-15T12:59:41.000Z</time>
        <sat>8</sat>
      </trkpt>
      <trkpt lat="32.764922" lon="-16.921082">
        <ele>1582.1</ele>
        <time>2025-02-15T12:59:47.000Z</time>
        <sat>8</sat>
      </trkpt>
      <trkpt lat="32.764922" lon="-16.921082">
        <ele>1582.1</ele>
        <time>2025-02-15T12:59:48.000Z</time>
        <sat>8</sat>
      </trkpt>
      <trkpt lat="32.764922" lon="-16.921080">
        <ele>1582.1</ele>
        <time>2025-02-15T12:59:49.000Z</time>
        <sat>8</sat>
      </trkpt>
      <trkpt lat="32.764923" lon="-16.921082">
        <ele>1581.9</ele>
        <time>2025-02-15T12:59:51.000Z</time>
        <sat>8</sat>
      </trkpt>
      <trkpt lat="32.764923" lon="-16.921083">
        <ele>1581.6</ele>
        <time>2025-02-15T12:59:57.000Z</time>
        <sat>8</sat>
      </trkpt>
      <trkpt lat="32.764923" lon="-16.921083">
        <ele>1581.6</ele>
        <time>2025-02-15T12:59:58.000Z</time>
        <sat>8</sat>
      </trkpt>
      <trkpt lat="32.764923" lon="-16.921085">
        <ele>1581.6</ele>
        <time>2025-02-15T12:59:59.000Z</time>
        <sat>8</sat>
      </trkpt>
      <trkpt lat="32.764923" lon="-16.921085">
        <ele>1581.6</ele>
        <time>2025-02-15T13:00:00.000Z</time>
        <sat>8</sat>
      </trkpt>
      <trkpt lat="32.764922" lon="-16.921087">
        <ele>1581.6</ele>
        <time>2025-02-15T13:00:01.000Z</time>
        <sat>8</sat>
      </trkpt>
      <trkpt lat="32.764923" lon="-16.921087">
        <ele>1581.4</ele>
        <time>2025-02-15T13:00:03.000Z</time>
        <sat>8</sat>
      </trkpt>
      <trkpt lat="32.764923" lon="-16.921088">
        <ele>1581.1</ele>
        <time>2025-02-15T13:00:07.000Z</time>
        <sat>8</sat>
      </trkpt>
      <trkpt lat="32.764923" lon="-16.921088">
        <ele>1581.0</ele>
        <time>2025-02-15T13:00:08.000Z</time>
        <sat>8</sat>
      </trkpt>
      <trkpt lat="32.764923" lon="-16.921090">
        <ele>1580.6</ele>
        <time>2025-02-15T13:00:17.000Z</time>
        <sat>8</sat>
      </trkpt>
      <trkpt lat="32.764923" lon="-16.921090">
        <ele>1580.7</ele>
        <time>2025-02-15T13:00:18.000Z</time>
        <sat>8</sat>
      </trkpt>
      <trkpt lat="32.764923" lon="-16.921092">
        <ele>1580.7</ele>
        <time>2025-02-15T13:00:19.000Z</time>
        <sat>8</sat>
      </trkpt>
      <trkpt lat="32.764923" lon="-16.921092">
        <ele>1580.7</ele>
        <time>2025-02-15T13:00:20.000Z</time>
        <sat>8</sat>
      </trkpt>
      <trkpt lat="32.764923" lon="-16.921090">
        <ele>1580.5</ele>
        <time>2025-02-15T13:00:41.000Z</time>
        <sat>8</sat>
      </trkpt>
      <trkpt lat="32.764922" lon="-16.921092">
        <ele>1580.6</ele>
        <time>2025-02-15T13:00:45.000Z</time>
        <sat>8</sat>
      </trkpt>
      <trkpt lat="32.764920" lon="-16.921092">
        <ele>1580.7</ele>
        <time>2025-02-15T13:00:48.000Z</time>
        <sat>8</sat>
      </trkpt>
      <trkpt lat="32.764920" lon="-16.921092">
        <ele>1580.8</ele>
        <time>2025-02-15T13:00:49.000Z</time>
        <sat>8</sat>
      </trkpt>
      <trkpt lat="32.764920" lon="-16.921090">
        <ele>1580.8</ele>
        <time>2025-02-15T13:00:56.000Z</time>
        <sat>9</sat>
      </trkpt>
      <trkpt lat="32.764918" lon="-16.921085">
        <ele>1580.9</ele>
        <time>2025-02-15T13:01:03.000Z</time>
        <sat>9</sat>
      </trkpt>
      <trkpt lat="32.764920" lon="-16.921085">
        <ele>1580.9</ele>
        <time>2025-02-15T13:01:05.000Z</time>
        <sat>9</sat>
      </trkpt>
      <trkpt lat="32.764920" lon="-16.921085">
        <ele>1580.9</ele>
        <time>2025-02-15T13:01:06.000Z</time>
        <sat>9</sat>
      </trkpt>
      <trkpt lat="32.764918" lon="-16.921085">
        <ele>1581.0</ele>
        <time>2025-02-15T13:01:08.000Z</time>
        <sat>9</sat>
      </trkpt>
      <trkpt lat="32.764918" lon="-16.921087">
        <ele>1581.0</ele>
        <time>2025-02-15T13:01:10.000Z</time>
        <sat>9</sat>
      </trkpt>
      <trkpt lat="32.764922" lon="-16.921087">
        <ele>1581.1</ele>
        <time>2025-02-15T13:01:11.000Z</time>
        <sat>9</sat>
      </trkpt>
      <trkpt lat="32.764900" lon="-16.921020">
        <ele>1581.1</ele>
        <time>2025-02-15T13:01:22.000Z</time>
        <sat>9</sat>
      </trkpt>
      <trkpt lat="32.764900" lon="-16.921018">
        <ele>1581.1</ele>
        <time>2025-02-15T13:01:25.000Z</time>
        <sat>9</sat>
      </trkpt>
      <trkpt lat="32.764880" lon="-16.920905">
        <ele>1581.2</ele>
        <time>2025-02-15T13:01:36.000Z</time>
        <sat>9</sat>
      </trkpt>
      <trkpt lat="32.764840" lon="-16.920800">
        <ele>1581.4</ele>
        <time>2025-02-15T13:01:47.000Z</time>
        <sat>9</sat>
      </trkpt>
      <trkpt lat="32.764768" lon="-16.920722">
        <ele>1581.4</ele>
        <time>2025-02-15T13:01:56.000Z</time>
        <sat>9</sat>
      </trkpt>
      <trkpt lat="32.764728" lon="-16.920622">
        <ele>1581.9</ele>
        <time>2025-02-15T13:02:05.000Z</time>
        <sat>9</sat>
      </trkpt>
      <trkpt lat="32.764678" lon="-16.920517">
        <ele>1581.9</ele>
        <time>2025-02-15T13:02:14.000Z</time>
        <sat>9</sat>
      </trkpt>
      <trkpt lat="32.764625" lon="-16.920420">
        <ele>1582.0</ele>
        <time>2025-02-15T13:02:21.000Z</time>
        <sat>9</sat>
      </trkpt>
      <trkpt lat="32.764612" lon="-16.920378">
        <ele>1582.1</ele>
        <time>2025-02-15T13:02:26.000Z</time>
        <sat>9</sat>
      </trkpt>
      <trkpt lat="32.764612" lon="-16.920377">
        <ele>1582.1</ele>
        <time>2025-02-15T13:02:28.000Z</time>
        <sat>9</sat>
      </trkpt>
      <trkpt lat="32.764607" lon="-16.920363">
        <ele>1582.2</ele>
        <time>2025-02-15T13:02:33.000Z</time>
        <sat>9</sat>
      </trkpt>
      <trkpt lat="32.764605" lon="-16.920363">
        <ele>1582.2</ele>
        <time>2025-02-15T13:02:34.000Z</time>
        <sat>9</sat>
      </trkpt>
      <trkpt lat="32.764548" lon="-16.920270">
        <ele>1581.8</ele>
        <time>2025-02-15T13:02:43.000Z</time>
        <sat>9</sat>
      </trkpt>
      <trkpt lat="32.764500" lon="-16.920172">
        <ele>1581.2</ele>
        <time>2025-02-15T13:02:50.000Z</time>
        <sat>9</sat>
      </trkpt>
      <trkpt lat="32.764470" lon="-16.920070">
        <ele>1580.1</ele>
        <time>2025-02-15T13:02:56.000Z</time>
        <sat>9</sat>
      </trkpt>
      <trkpt lat="32.764423" lon="-16.919962">
        <ele>1578.6</ele>
        <time>2025-02-15T13:03:02.000Z</time>
        <sat>9</sat>
      </trkpt>
      <trkpt lat="32.764382" lon="-16.919858">
        <ele>1576.8</ele>
        <time>2025-02-15T13:03:08.000Z</time>
        <sat>8</sat>
      </trkpt>
      <trkpt lat="32.764330" lon="-16.919747">
        <ele>1576.1</ele>
        <time>2025-02-15T13:03:14.000Z</time>
        <sat>8</sat>
      </trkpt>
      <trkpt lat="32.764303" lon="-16.919633">
        <ele>1575.4</ele>
        <time>2025-02-15T13:03:20.000Z</time>
        <sat>8</sat>
      </trkpt>
      <trkpt lat="32.764292" lon="-16.919523">
        <ele>1574.2</ele>
        <time>2025-02-15T13:03:25.000Z</time>
        <sat>8</sat>
      </trkpt>
      <trkpt lat="32.764270" lon="-16.919405">
        <ele>1571.6</ele>
        <time>2025-02-15T13:03:32.000Z</time>
        <sat>8</sat>
      </trkpt>
      <trkpt lat="32.764257" lon="-16.919298">
        <ele>1570.3</ele>
        <time>2025-02-15T13:03:37.000Z</time>
        <sat>8</sat>
      </trkpt>
      <trkpt lat="32.764253" lon="-16.919172">
        <ele>1568.8</ele>
        <time>2025-02-15T13:03:43.000Z</time>
        <sat>8</sat>
      </trkpt>
      <trkpt lat="32.764248" lon="-16.919060">
        <ele>1567.0</ele>
        <time>2025-02-15T13:03:48.000Z</time>
        <sat>8</sat>
      </trkpt>
      <trkpt lat="32.764237" lon="-16.918940">
        <ele>1565.4</ele>
        <time>2025-02-15T13:03:53.000Z</time>
        <sat>8</sat>
      </trkpt>
      <trkpt lat="32.764232" lon="-16.918823">
        <ele>1564.3</ele>
        <time>2025-02-15T13:03:58.000Z</time>
        <sat>8</sat>
      </trkpt>
      <trkpt lat="32.764233" lon="-16.918698">
        <ele>1563.1</ele>
        <time>2025-02-15T13:04:03.000Z</time>
        <sat>8</sat>
      </trkpt>
      <trkpt lat="32.764230" lon="-16.918587">
        <ele>1561.7</ele>
        <time>2025-02-15T13:04:07.000Z</time>
        <sat>8</sat>
      </trkpt>
      <trkpt lat="32.764233" lon="-16.918473">
        <ele>1560.6</ele>
        <time>2025-02-15T13:04:11.000Z</time>
        <sat>8</sat>
      </trkpt>
      <trkpt lat="32.764235" lon="-16.918362">
        <ele>1559.5</ele>
        <time>2025-02-15T13:04:15.000Z</time>
        <sat>8</sat>
      </trkpt>
      <trkpt lat="32.764245" lon="-16.918242">
        <ele>1558.4</ele>
        <time>2025-02-15T13:04:19.000Z</time>
        <sat>8</sat>
      </trkpt>
      <trkpt lat="32.764253" lon="-16.918107">
        <ele>1557.7</ele>
        <time>2025-02-15T13:04:24.000Z</time>
        <sat>8</sat>
      </trkpt>
      <trkpt lat="32.764245" lon="-16.917992">
        <ele>1556.6</ele>
        <time>2025-02-15T13:04:28.000Z</time>
        <sat>8</sat>
      </trkpt>
      <trkpt lat="32.764227" lon="-16.917875">
        <ele>1554.6</ele>
        <time>2025-02-15T13:04:33.000Z</time>
        <sat>8</sat>
      </trkpt>
      <trkpt lat="32.764215" lon="-16.917755">
        <ele>1552.5</ele>
        <time>2025-02-15T13:04:38.000Z</time>
        <sat>8</sat>
      </trkpt>
      <trkpt lat="32.764187" lon="-16.917635">
        <ele>1550.1</ele>
        <time>2025-02-15T13:04:44.000Z</time>
        <sat>8</sat>
      </trkpt>
      <trkpt lat="32.764148" lon="-16.917523">
        <ele>1548.1</ele>
        <time>2025-02-15T13:04:50.000Z</time>
        <sat>8</sat>
      </trkpt>
      <trkpt lat="32.764127" lon="-16.917417">
        <ele>1546.6</ele>
        <time>2025-02-15T13:04:55.000Z</time>
        <sat>8</sat>
      </trkpt>
      <trkpt lat="32.764113" lon="-16.917290">
        <ele>1544.6</ele>
        <time>2025-02-15T13:05:00.000Z</time>
        <sat>8</sat>
      </trkpt>
      <trkpt lat="32.764107" lon="-16.917162">
        <ele>1542.8</ele>
        <time>2025-02-15T13:05:05.000Z</time>
        <sat>8</sat>
      </trkpt>
      <trkpt lat="32.764090" lon="-16.917043">
        <ele>1541.1</ele>
        <time>2025-02-15T13:05:10.000Z</time>
        <sat>8</sat>
      </trkpt>
      <trkpt lat="32.764072" lon="-16.916923">
        <ele>1539.2</ele>
        <time>2025-02-15T13:05:15.000Z</time>
        <sat>8</sat>
      </trkpt>
      <trkpt lat="32.764042" lon="-16.916810">
        <ele>1535.9</ele>
        <time>2025-02-15T13:05:21.000Z</time>
        <sat>8</sat>
      </trkpt>
      <trkpt lat="32.764007" lon="-16.916692">
        <ele>1534.8</ele>
        <time>2025-02-15T13:05:27.000Z</time>
        <sat>8</sat>
      </trkpt>
      <trkpt lat="32.763978" lon="-16.916590">
        <ele>1531.7</ele>
        <time>2025-02-15T13:05:35.000Z</time>
        <sat>8</sat>
      </trkpt>
      <trkpt lat="32.763933" lon="-16.916497">
        <ele>1528.4</ele>
        <time>2025-02-15T13:05:46.000Z</time>
        <sat>8</sat>
      </trkpt>
      <trkpt lat="32.763887" lon="-16.916392">
        <ele>1527.1</ele>
        <time>2025-02-15T13:05:55.000Z</time>
        <sat>8</sat>
      </trkpt>
      <trkpt lat="32.763832" lon="-16.916287">
        <ele>1524.7</ele>
        <time>2025-02-15T13:06:02.000Z</time>
        <sat>8</sat>
      </trkpt>
      <trkpt lat="32.763788" lon="-16.916182">
        <ele>1521.5</ele>
        <time>2025-02-15T13:06:08.000Z</time>
        <sat>8</sat>
      </trkpt>
      <trkpt lat="32.763748" lon="-16.916067">
        <ele>1519.4</ele>
        <time>2025-02-15T13:06:14.000Z</time>
        <sat>8</sat>
      </trkpt>
      <trkpt lat="32.763717" lon="-16.915955">
        <ele>1518.7</ele>
        <time>2025-02-15T13:06:20.000Z</time>
        <sat>8</sat>
      </trkpt>
      <trkpt lat="32.763727" lon="-16.915840">
        <ele>1516.7</ele>
        <time>2025-02-15T13:06:27.000Z</time>
        <sat>8</sat>
      </trkpt>
      <trkpt lat="32.763725" lon="-16.915715">
        <ele>1513.0</ele>
        <time>2025-02-15T13:06:34.000Z</time>
        <sat>8</sat>
      </trkpt>
      <trkpt lat="32.763717" lon="-16.915613">
        <ele>1509.1</ele>
        <time>2025-02-15T13:06:43.000Z</time>
        <sat>8</sat>
      </trkpt>
      <trkpt lat="32.763715" lon="-16.915612">
        <ele>1508.8</ele>
        <time>2025-02-15T13:06:44.000Z</time>
        <sat>8</sat>
      </trkpt>
      <trkpt lat="32.763715" lon="-16.915612">
        <ele>1508.7</ele>
        <time>2025-02-15T13:06:45.000Z</time>
        <sat>8</sat>
      </trkpt>
      <trkpt lat="32.763715" lon="-16.915610">
        <ele>1507.6</ele>
        <time>2025-02-15T13:06:51.000Z</time>
        <sat>8</sat>
      </trkpt>
      <trkpt lat="32.763710" lon="-16.915602">
        <ele>1506.8</ele>
        <time>2025-02-15T13:06:55.000Z</time>
        <sat>8</sat>
      </trkpt>
      <trkpt lat="32.763708" lon="-16.915600">
        <ele>1506.1</ele>
        <time>2025-02-15T13:06:59.000Z</time>
        <sat>8</sat>
      </trkpt>
      <trkpt lat="32.763708" lon="-16.915600">
        <ele>1505.6</ele>
        <time>2025-02-15T13:07:00.000Z</time>
        <sat>8</sat>
      </trkpt>
      <trkpt lat="32.763708" lon="-16.915602">
        <ele>1502.9</ele>
        <time>2025-02-15T13:07:02.000Z</time>
        <sat>8</sat>
      </trkpt>
      <trkpt lat="32.763708" lon="-16.915602">
        <ele>1501.5</ele>
        <time>2025-02-15T13:07:03.000Z</time>
        <sat>8</sat>
      </trkpt>
      <trkpt lat="32.763710" lon="-16.915602">
        <ele>1504.1</ele>
        <time>2025-02-15T13:07:09.000Z</time>
        <sat>8</sat>
      </trkpt>
      <trkpt lat="32.763808" lon="-16.915590">
        <ele>1502.6</ele>
        <time>2025-02-15T13:07:16.000Z</time>
        <sat>8</sat>
      </trkpt>
      <trkpt lat="32.763870" lon="-16.915495">
        <ele>1501.1</ele>
        <time>2025-02-15T13:07:24.000Z</time>
        <sat>8</sat>
      </trkpt>
      <trkpt lat="32.763895" lon="-16.915378">
        <ele>1498.9</ele>
        <time>2025-02-15T13:07:32.000Z</time>
        <sat>8</sat>
      </trkpt>
      <trkpt lat="32.763930" lon="-16.915328">
        <ele>1498.2</ele>
        <time>2025-02-15T13:07:41.000Z</time>
        <sat>8</sat>
      </trkpt>
      <trkpt lat="32.763930" lon="-16.915327">
        <ele>1498.2</ele>
        <time>2025-02-15T13:07:43.000Z</time>
        <sat>8</sat>
      </trkpt>
      <trkpt lat="32.763943" lon="-16.915312">
        <ele>1495.1</ele>
        <time>2025-02-15T13:07:52.000Z</time>
        <sat>7</sat>
      </trkpt>
      <trkpt lat="32.763943" lon="-16.915310">
        <ele>1495.2</ele>
        <time>2025-02-15T13:07:53.000Z</time>
        <sat>7</sat>
      </trkpt>
      <trkpt lat="32.763943" lon="-16.915310">
        <ele>1495.4</ele>
        <time>2025-02-15T13:07:54.000Z</time>
        <sat>8</sat>
      </trkpt>
      <trkpt lat="32.763942" lon="-16.915312">
        <ele>1495.5</ele>
        <time>2025-02-15T13:08:00.000Z</time>
        <sat>8</sat>
      </trkpt>
      <trkpt lat="32.763943" lon="-16.915312">
        <ele>1495.5</ele>
        <time>2025-02-15T13:08:02.000Z</time>
        <sat>8</sat>
      </trkpt>
      <trkpt lat="32.763947" lon="-16.915313">
        <ele>1495.5</ele>
        <time>2025-02-15T13:08:03.000Z</time>
        <sat>8</sat>
      </trkpt>
      <trkpt lat="32.764042" lon="-16.915308">
        <ele>1494.7</ele>
        <time>2025-02-15T13:08:10.000Z</time>
        <sat>8</sat>
      </trkpt>
      <trkpt lat="32.764122" lon="-16.915253">
        <ele>1492.5</ele>
        <time>2025-02-15T13:08:19.000Z</time>
        <sat>8</sat>
      </trkpt>
      <trkpt lat="32.764203" lon="-16.915185">
        <ele>1490.4</ele>
        <time>2025-02-15T13:08:28.000Z</time>
        <sat>8</sat>
      </trkpt>
      <trkpt lat="32.764277" lon="-16.915122">
        <ele>1488.2</ele>
        <time>2025-02-15T13:08:36.000Z</time>
        <sat>8</sat>
      </trkpt>
      <trkpt lat="32.764340" lon="-16.915038">
        <ele>1486.6</ele>
        <time>2025-02-15T13:08:45.000Z</time>
        <sat>7</sat>
      </trkpt>
      <trkpt lat="32.764302" lon="-16.914938">
        <ele>1484.5</ele>
        <time>2025-02-15T13:08:57.000Z</time>
        <sat>7</sat>
      </trkpt>
      <trkpt lat="32.764265" lon="-16.914925">
        <ele>1483.4</ele>
        <time>2025-02-15T13:09:05.000Z</time>
        <sat>6</sat>
      </trkpt>
      <trkpt lat="32.764262" lon="-16.914928">
        <ele>1483.0</ele>
        <time>2025-02-15T13:09:07.000Z</time>
        <sat>6</sat>
      </trkpt>
      <trkpt lat="32.764262" lon="-16.914928">
        <ele>1482.9</ele>
        <time>2025-02-15T13:09:08.000Z</time>
        <sat>6</sat>
      </trkpt>
      <trkpt lat="32.764260" lon="-16.914928">
        <ele>1482.2</ele>
        <time>2025-02-15T13:09:12.000Z</time>
        <sat>6</sat>
      </trkpt>
      <trkpt lat="32.764255" lon="-16.914918">
        <ele>1481.8</ele>
        <time>2025-02-15T13:09:16.000Z</time>
        <sat>6</sat>
      </trkpt>
      <trkpt lat="32.764252" lon="-16.914918">
        <ele>1481.7</ele>
        <time>2025-02-15T13:09:17.000Z</time>
        <sat>6</sat>
      </trkpt>
      <trkpt lat="32.764310" lon="-16.914833">
        <ele>1477.2</ele>
        <time>2025-02-15T13:09:41.000Z</time>
        <sat>6</sat>
      </trkpt>
      <trkpt lat="32.764358" lon="-16.914742">
        <ele>1474.0</ele>
        <time>2025-02-15T13:09:53.000Z</time>
        <sat>6</sat>
      </trkpt>
      <trkpt lat="32.764327" lon="-16.914710">
        <ele>1471.9</ele>
        <time>2025-02-15T13:10:01.000Z</time>
        <sat>6</sat>
      </trkpt>
      <trkpt lat="32.764325" lon="-16.914710">
        <ele>1471.6</ele>
        <time>2025-02-15T13:10:03.000Z</time>
        <sat>6</sat>
      </trkpt>
      <trkpt lat="32.764325" lon="-16.914710">
        <ele>1471.4</ele>
        <time>2025-02-15T13:10:04.000Z</time>
        <sat>6</sat>
      </trkpt>
      <trkpt lat="32.764323" lon="-16.914710">
        <ele>1471.3</ele>
        <time>2025-02-15T13:10:05.000Z</time>
        <sat>6</sat>
      </trkpt>
      <trkpt lat="32.764318" lon="-16.914695">
        <ele>1470.3</ele>
        <time>2025-02-15T13:10:10.000Z</time>
        <sat>6</sat>
      </trkpt>
      <trkpt lat="32.764317" lon="-16.914693">
        <ele>1469.8</ele>
        <time>2025-02-15T13:10:12.000Z</time>
        <sat>6</sat>
      </trkpt>
      <trkpt lat="32.764312" lon="-16.914705">
        <ele>1468.6</ele>
        <time>2025-02-15T13:10:19.000Z</time>
        <sat>6</sat>
      </trkpt>
      <trkpt lat="32.764310" lon="-16.914703">
        <ele>1468.3</ele>
        <time>2025-02-15T13:10:20.000Z</time>
        <sat>6</sat>
      </trkpt>
      <trkpt lat="32.764310" lon="-16.914703">
        <ele>1468.0</ele>
        <time>2025-02-15T13:10:21.000Z</time>
        <sat>6</sat>
      </trkpt>
      <trkpt lat="32.764312" lon="-16.914702">
        <ele>1467.7</ele>
        <time>2025-02-15T13:10:22.000Z</time>
        <sat>6</sat>
      </trkpt>
      <trkpt lat="32.764348" lon="-16.914597">
        <ele>1461.8</ele>
        <time>2025-02-15T13:10:45.000Z</time>
        <sat>6</sat>
      </trkpt>
      <trkpt lat="32.764388" lon="-16.914500">
        <ele>1458.7</ele>
        <time>2025-02-15T13:11:02.000Z</time>
        <sat>6</sat>
      </trkpt>
      <trkpt lat="32.764443" lon="-16.914407">
        <ele>1456.5</ele>
        <time>2025-02-15T13:11:14.000Z</time>
        <sat>6</sat>
      </trkpt>
      <trkpt lat="32.764503" lon="-16.914323">
        <ele>1452.8</ele>
        <time>2025-02-15T13:11:23.000Z</time>
        <sat>6</sat>
      </trkpt>
      <trkpt lat="32.764553" lon="-16.914232">
        <ele>1448.8</ele>
        <time>2025-02-15T13:11:33.000Z</time>
        <sat>6</sat>
      </trkpt>
      <trkpt lat="32.764582" lon="-16.914123">
        <ele>1446.1</ele>
        <time>2025-02-15T13:11:41.000Z</time>
        <sat>6</sat>
      </trkpt>
      <trkpt lat="32.764618" lon="-16.914083">
        <ele>1443.8</ele>
        <time>2025-02-15T13:11:47.000Z</time>
        <sat>6</sat>
      </trkpt>
      <trkpt lat="32.764620" lon="-16.914080">
        <ele>1443.7</ele>
        <time>2025-02-15T13:11:48.000Z</time>
        <sat>6</sat>
      </trkpt>
      <trkpt lat="32.764670" lon="-16.913985">
        <ele>1441.1</ele>
        <time>2025-02-15T13:11:55.000Z</time>
        <sat>6</sat>
      </trkpt>
      <trkpt lat="32.764708" lon="-16.913885">
        <ele>1437.3</ele>
        <time>2025-02-15T13:12:11.000Z</time>
        <sat>6</sat>
      </trkpt>
      <trkpt lat="32.764785" lon="-16.913828">
        <ele>1432.3</ele>
        <time>2025-02-15T13:12:27.000Z</time>
        <sat>6</sat>
      </trkpt>
      <trkpt lat="32.764872" lon="-16.913777">
        <ele>1428.3</ele>
        <time>2025-02-15T13:12:35.000Z</time>
        <sat>6</sat>
      </trkpt>
      <trkpt lat="32.764948" lon="-16.913720">
        <ele>1426.3</ele>
        <time>2025-02-15T13:12:42.000Z</time>
        <sat>6</sat>
      </trkpt>
      <trkpt lat="32.765035" lon="-16.913650">
        <ele>1425.0</ele>
        <time>2025-02-15T13:12:47.000Z</time>
        <sat>6</sat>
      </trkpt>
      <trkpt lat="32.765133" lon="-16.913608">
        <ele>1423.8</ele>
        <time>2025-02-15T13:12:51.000Z</time>
        <sat>6</sat>
      </trkpt>
      <trkpt lat="32.765235" lon="-16.913575">
        <ele>1421.8</ele>
        <time>2025-02-15T13:12:55.000Z</time>
        <sat>6</sat>
      </trkpt>
      <trkpt lat="32.765323" lon="-16.913552">
        <ele>1419.5</ele>
        <time>2025-02-15T13:13:00.000Z</time>
        <sat>6</sat>
      </trkpt>
      <trkpt lat="32.765420" lon="-16.913550">
        <ele>1416.5</ele>
        <time>2025-02-15T13:13:08.000Z</time>
        <sat>6</sat>
      </trkpt>
      <trkpt lat="32.765528" lon="-16.913533">
        <ele>1413.7</ele>
        <time>2025-02-15T13:13:17.000Z</time>
        <sat>6</sat>
      </trkpt>
      <trkpt lat="32.765623" lon="-16.913518">
        <ele>1411.7</ele>
        <time>2025-02-15T13:13:22.000Z</time>
        <sat>7</sat>
      </trkpt>
      <trkpt lat="32.765717" lon="-16.913500">
        <ele>1409.6</ele>
        <time>2025-02-15T13:13:27.000Z</time>
        <sat>7</sat>
      </trkpt>
      <trkpt lat="32.765807" lon="-16.913515">
        <ele>1407.0</ele>
        <time>2025-02-15T13:13:34.000Z</time>
        <sat>8</sat>
      </trkpt>
      <trkpt lat="32.765828" lon="-16.913630">
        <ele>1400.6</ele>
        <time>2025-02-15T13:13:47.000Z</time>
        <sat>8</sat>
      </trkpt>
      <trkpt lat="32.765825" lon="-16.913642">
        <ele>1400.0</ele>
        <time>2025-02-15T13:13:49.000Z</time>
        <sat>8</sat>
      </trkpt>
      <trkpt lat="32.765820" lon="-16.913653">
        <ele>1399.8</ele>
        <time>2025-02-15T13:13:50.000Z</time>
        <sat>8</sat>
      </trkpt>
      <trkpt lat="32.765813" lon="-16.913677">
        <ele>1399.6</ele>
        <time>2025-02-15T13:13:55.000Z</time>
        <sat>8</sat>
      </trkpt>
      <trkpt lat="32.765815" lon="-16.913678">
        <ele>1399.4</ele>
        <time>2025-02-15T13:13:57.000Z</time>
        <sat>8</sat>
      </trkpt>
      <trkpt lat="32.765820" lon="-16.913683">
        <ele>1397.0</ele>
        <time>2025-02-15T13:14:00.000Z</time>
        <sat>7</sat>
      </trkpt>
      <trkpt lat="32.765822" lon="-16.913683">
        <ele>1394.9</ele>
        <time>2025-02-15T13:14:02.000Z</time>
        <sat>8</sat>
      </trkpt>
      <trkpt lat="32.765822" lon="-16.913683">
        <ele>1394.2</ele>
        <time>2025-02-15T13:14:03.000Z</time>
        <sat>8</sat>
      </trkpt>
      <trkpt lat="32.765822" lon="-16.913688">
        <ele>1393.4</ele>
        <time>2025-02-15T13:14:08.000Z</time>
        <sat>8</sat>
      </trkpt>
      <trkpt lat="32.765820" lon="-16.913695">
        <ele>1395.4</ele>
        <time>2025-02-15T13:14:11.000Z</time>
        <sat>8</sat>
      </trkpt>
      <trkpt lat="32.765820" lon="-16.913697">
        <ele>1396.0</ele>
        <time>2025-02-15T13:14:12.000Z</time>
        <sat>8</sat>
      </trkpt>
      <trkpt lat="32.765892" lon="-16.913628">
        <ele>1393.0</ele>
        <time>2025-02-15T13:14:46.000Z</time>
        <sat>8</sat>
      </trkpt>
      <trkpt lat="32.765943" lon="-16.913537">
        <ele>1388.5</ele>
        <time>2025-02-15T13:15:03.000Z</time>
        <sat>8</sat>
      </trkpt>
      <trkpt lat="32.766002" lon="-16.913453">
        <ele>1386.4</ele>
        <time>2025-02-15T13:15:15.000Z</time>
        <sat>8</sat>
      </trkpt>
      <trkpt lat="32.766063" lon="-16.913368">
        <ele>1384.0</ele>
        <time>2025-02-15T13:15:24.000Z</time>
        <sat>8</sat>
      </trkpt>
      <trkpt lat="32.766110" lon="-16.913263">
        <ele>1382.5</ele>
        <time>2025-02-15T13:15:29.000Z</time>
        <sat>8</sat>
      </trkpt>
      <trkpt lat="32.766167" lon="-16.913175">
        <ele>1380.0</ele>
        <time>2025-02-15T13:15:37.000Z</time>
        <sat>8</sat>
      </trkpt>
      <trkpt lat="32.766233" lon="-16.913098">
        <ele>1376.1</ele>
        <time>2025-02-15T13:15:45.000Z</time>
        <sat>8</sat>
      </trkpt>
      <trkpt lat="32.766317" lon="-16.913045">
        <ele>1374.2</ele>
        <time>2025-02-15T13:15:52.000Z</time>
        <sat>8</sat>
      </trkpt>
      <trkpt lat="32.766398" lon="-16.912970">
        <ele>1372.5</ele>
        <time>2025-02-15T13:15:58.000Z</time>
        <sat>8</sat>
      </trkpt>
      <trkpt lat="32.766488" lon="-16.912888">
        <ele>1370.3</ele>
        <time>2025-02-15T13:16:05.000Z</time>
        <sat>7</sat>
      </trkpt>
      <trkpt lat="32.766555" lon="-16.912810">
        <ele>1369.0</ele>
        <time>2025-02-15T13:16:10.000Z</time>
        <sat>7</sat>
      </trkpt>
      <trkpt lat="32.766642" lon="-16.912767">
        <ele>1367.3</ele>
        <time>2025-02-15T13:16:15.000Z</time>
        <sat>7</sat>
      </trkpt>
      <trkpt lat="32.766708" lon="-16.912693">
        <ele>1361.7</ele>
        <time>2025-02-15T13:16:26.000Z</time>
        <sat>8</sat>
      </trkpt>
      <trkpt lat="32.766758" lon="-16.912595">
        <ele>1359.4</ele>
        <time>2025-02-15T13:16:39.000Z</time>
        <sat>8</sat>
      </trkpt>
      <trkpt lat="32.766797" lon="-16.912490">
        <ele>1356.3</ele>
        <time>2025-02-15T13:16:49.000Z</time>
        <sat>8</sat>
      </trkpt>
      <trkpt lat="32.766848" lon="-16.912392">
        <ele>1352.6</ele>
        <time>2025-02-15T13:17:03.000Z</time>
        <sat>7</sat>
      </trkpt>
      <trkpt lat="32.766945" lon="-16.912362">
        <ele>1348.5</ele>
        <time>2025-02-15T13:17:12.000Z</time>
        <sat>7</sat>
      </trkpt>
      <trkpt lat="32.767037" lon="-16.912327">
        <ele>1343.9</ele>
        <time>2025-02-15T13:17:22.000Z</time>
        <sat>8</sat>
      </trkpt>
      <trkpt lat="32.767095" lon="-16.912245">
        <ele>1339.8</ele>
        <time>2025-02-15T13:17:35.000Z</time>
        <sat>8</sat>
      </trkpt>
      <trkpt lat="32.767145" lon="-16.912148">
        <ele>1338.2</ele>
        <time>2025-02-15T13:17:41.000Z</time>
        <sat>8</sat>
      </trkpt>
      <trkpt lat="32.767228" lon="-16.912078">
        <ele>1334.1</ele>
        <time>2025-02-15T13:17:49.000Z</time>
        <sat>8</sat>
      </trkpt>
      <trkpt lat="32.767275" lon="-16.911987">
        <ele>1330.0</ele>
        <time>2025-02-15T13:17:58.000Z</time>
        <sat>8</sat>
      </trkpt>
      <trkpt lat="32.767343" lon="-16.911915">
        <ele>1324.7</ele>
        <time>2025-02-15T13:18:19.000Z</time>
        <sat>8</sat>
      </trkpt>
      <trkpt lat="32.767423" lon="-16.911862">
        <ele>1320.3</ele>
        <time>2025-02-15T13:18:34.000Z</time>
        <sat>8</sat>
      </trkpt>
      <trkpt lat="32.767507" lon="-16.911818">
        <ele>1317.4</ele>
        <time>2025-02-15T13:18:41.000Z</time>
        <sat>8</sat>
      </trkpt>
      <trkpt lat="32.767610" lon="-16.911825">
        <ele>1316.1</ele>
        <time>2025-02-15T13:18:46.000Z</time>
        <sat>8</sat>
      </trkpt>
      <trkpt lat="32.767708" lon="-16.911798">
        <ele>1315.1</ele>
        <time>2025-02-15T13:18:51.000Z</time>
        <sat>8</sat>
      </trkpt>
      <trkpt lat="32.767797" lon="-16.911742">
        <ele>1312.4</ele>
        <time>2025-02-15T13:18:57.000Z</time>
        <sat>8</sat>
      </trkpt>
      <trkpt lat="32.767880" lon="-16.911667">
        <ele>1309.7</ele>
        <time>2025-02-15T13:19:03.000Z</time>
        <sat>8</sat>
      </trkpt>
      <trkpt lat="32.767933" lon="-16.911580">
        <ele>1307.8</ele>
        <time>2025-02-15T13:19:09.000Z</time>
        <sat>8</sat>
      </trkpt>
      <trkpt lat="32.767983" lon="-16.911468">
        <ele>1306.4</ele>
        <time>2025-02-15T13:19:13.000Z</time>
        <sat>8</sat>
      </trkpt>
      <trkpt lat="32.767968" lon="-16.911353">
        <ele>1304.0</ele>
        <time>2025-02-15T13:19:19.000Z</time>
        <sat>8</sat>
      </trkpt>
      <trkpt lat="32.767982" lon="-16.911238">
        <ele>1301.6</ele>
        <time>2025-02-15T13:19:25.000Z</time>
        <sat>8</sat>
      </trkpt>
      <trkpt lat="32.768040" lon="-16.911150">
        <ele>1299.3</ele>
        <time>2025-02-15T13:19:30.000Z</time>
        <sat>8</sat>
      </trkpt>
      <trkpt lat="32.768100" lon="-16.911058">
        <ele>1297.1</ele>
        <time>2025-02-15T13:19:37.000Z</time>
        <sat>7</sat>
      </trkpt>
      <trkpt lat="32.768195" lon="-16.911008">
        <ele>1295.3</ele>
        <time>2025-02-15T13:19:43.000Z</time>
        <sat>8</sat>
      </trkpt>
      <trkpt lat="32.768277" lon="-16.910955">
        <ele>1292.4</ele>
        <time>2025-02-15T13:19:51.000Z</time>
        <sat>8</sat>
      </trkpt>
      <trkpt lat="32.768325" lon="-16.910858">
        <ele>1291.0</ele>
        <time>2025-02-15T13:19:57.000Z</time>
        <sat>8</sat>
      </trkpt>
      <trkpt lat="32.768377" lon="-16.910757">
        <ele>1289.5</ele>
        <time>2025-02-15T13:20:03.000Z</time>
        <sat>8</sat>
      </trkpt>
      <trkpt lat="32.768420" lon="-16.910662">
        <ele>1287.3</ele>
        <time>2025-02-15T13:20:09.000Z</time>
        <sat>8</sat>
      </trkpt>
      <trkpt lat="32.768480" lon="-16.910573">
        <ele>1286.2</ele>
        <time>2025-02-15T13:20:15.000Z</time>
        <sat>8</sat>
      </trkpt>
      <trkpt lat="32.768540" lon="-16.910490">
        <ele>1285.1</ele>
        <time>2025-02-15T13:20:20.000Z</time>
        <sat>8</sat>
      </trkpt>
      <trkpt lat="32.768588" lon="-16.910398">
        <ele>1284.3</ele>
        <time>2025-02-15T13:20:26.000Z</time>
        <sat>8</sat>
      </trkpt>
      <trkpt lat="32.768642" lon="-16.910308">
        <ele>1283.3</ele>
        <time>2025-02-15T13:20:32.000Z</time>
        <sat>9</sat>
      </trkpt>
      <trkpt lat="32.768690" lon="-16.910205">
        <ele>1281.9</ele>
        <time>2025-02-15T13:20:39.000Z</time>
        <sat>9</sat>
      </trkpt>
      <trkpt lat="32.768738" lon="-16.910097">
        <ele>1280.4</ele>
        <time>2025-02-15T13:20:46.000Z</time>
        <sat>9</sat>
      </trkpt>
      <trkpt lat="32.768773" lon="-16.909987">
        <ele>1279.2</ele>
        <time>2025-02-15T13:20:53.000Z</time>
        <sat>9</sat>
      </trkpt>
      <trkpt lat="32.768815" lon="-16.909887">
        <ele>1278.3</ele>
        <time>2025-02-15T13:21:00.000Z</time>
        <sat>8</sat>
      </trkpt>
      <trkpt lat="32.768880" lon="-16.909782">
        <ele>1276.9</ele>
        <time>2025-02-15T13:21:09.000Z</time>
        <sat>8</sat>
      </trkpt>
      <trkpt lat="32.768947" lon="-16.909692">
        <ele>1276.5</ele>
        <time>2025-02-15T13:21:12.000Z</time>
        <sat>8</sat>
      </trkpt>
      <trkpt lat="32.769000" lon="-16.909582">
        <ele>1276.0</ele>
        <time>2025-02-15T13:21:16.000Z</time>
        <sat>8</sat>
      </trkpt>
      <trkpt lat="32.769053" lon="-16.909480">
        <ele>1275.5</ele>
        <time>2025-02-15T13:21:20.000Z</time>
        <sat>8</sat>
      </trkpt>
      <trkpt lat="32.769117" lon="-16.909385">
        <ele>1274.7</ele>
        <time>2025-02-15T13:21:24.000Z</time>
        <sat>8</sat>
      </trkpt>
      <trkpt lat="32.769190" lon="-16.909308">
        <ele>1273.9</ele>
        <time>2025-02-15T13:21:28.000Z</time>
        <sat>8</sat>
      </trkpt>
      <trkpt lat="32.769278" lon="-16.909242">
        <ele>1272.5</ele>
        <time>2025-02-15T13:21:33.000Z</time>
        <sat>8</sat>
      </trkpt>
      <trkpt lat="32.769365" lon="-16.909192">
        <ele>1271.9</ele>
        <time>2025-02-15T13:21:38.000Z</time>
        <sat>9</sat>
      </trkpt>
      <trkpt lat="32.769457" lon="-16.909142">
        <ele>1270.2</ele>
        <time>2025-02-15T13:21:45.000Z</time>
        <sat>9</sat>
      </trkpt>
      <trkpt lat="32.769547" lon="-16.909087">
        <ele>1269.9</ele>
        <time>2025-02-15T13:21:50.000Z</time>
        <sat>9</sat>
      </trkpt>
      <trkpt lat="32.769628" lon="-16.909038">
        <ele>1269.8</ele>
        <time>2025-02-15T13:21:54.000Z</time>
        <sat>9</sat>
      </trkpt>
      <trkpt lat="32.769720" lon="-16.908978">
        <ele>1269.9</ele>
        <time>2025-02-15T13:21:59.000Z</time>
        <sat>9</sat>
      </trkpt>
      <trkpt lat="32.769792" lon="-16.908907">
        <ele>1269.8</ele>
        <time>2025-02-15T13:22:03.000Z</time>
        <sat>9</sat>
      </trkpt>
      <trkpt lat="32.769838" lon="-16.908788">
        <ele>1269.7</ele>
        <time>2025-02-15T13:22:08.000Z</time>
        <sat>9</sat>
      </trkpt>
      <trkpt lat="32.769887" lon="-16.908697">
        <ele>1269.4</ele>
        <time>2025-02-15T13:22:12.000Z</time>
        <sat>9</sat>
      </trkpt>
      <trkpt lat="32.769943" lon="-16.908600">
        <ele>1268.8</ele>
        <time>2025-02-15T13:22:17.000Z</time>
        <sat>9</sat>
      </trkpt>
      <trkpt lat="32.769987" lon="-16.908498">
        <ele>1267.2</ele>
        <time>2025-02-15T13:22:23.000Z</time>
        <sat>9</sat>
      </trkpt>
      <trkpt lat="32.770057" lon="-16.908405">
        <ele>1266.7</ele>
        <time>2025-02-15T13:22:28.000Z</time>
        <sat>9</sat>
      </trkpt>
      <trkpt lat="32.770108" lon="-16.908315">
        <ele>1266.7</ele>
        <time>2025-02-15T13:22:35.000Z</time>
        <sat>9</sat>
      </trkpt>
      <trkpt lat="32.770193" lon="-16.908223">
        <ele>1266.1</ele>
        <time>2025-02-15T13:22:40.000Z</time>
        <sat>9</sat>
      </trkpt>
      <trkpt lat="32.770253" lon="-16.908133">
        <ele>1265.7</ele>
        <time>2025-02-15T13:22:44.000Z</time>
        <sat>9</sat>
      </trkpt>
      <trkpt lat="32.770295" lon="-16.908038">
        <ele>1265.0</ele>
        <time>2025-02-15T13:22:48.000Z</time>
        <sat>9</sat>
      </trkpt>
      <trkpt lat="32.770352" lon="-16.907923">
        <ele>1263.6</ele>
        <time>2025-02-15T13:22:53.000Z</time>
        <sat>8</sat>
      </trkpt>
      <trkpt lat="32.770408" lon="-16.907833">
        <ele>1262.1</ele>
        <time>2025-02-15T13:22:57.000Z</time>
        <sat>8</sat>
      </trkpt>
      <trkpt lat="32.770473" lon="-16.907747">
        <ele>1259.9</ele>
        <time>2025-02-15T13:23:02.000Z</time>
        <sat>7</sat>
      </trkpt>
      <trkpt lat="32.770535" lon="-16.907663">
        <ele>1258.6</ele>
        <time>2025-02-15T13:23:07.000Z</time>
        <sat>7</sat>
      </trkpt>
      <trkpt lat="32.770598" lon="-16.907565">
        <ele>1257.6</ele>
        <time>2025-02-15T13:23:12.000Z</time>
        <sat>7</sat>
      </trkpt>
      <trkpt lat="32.770653" lon="-16.907478">
        <ele>1256.4</ele>
        <time>2025-02-15T13:23:16.000Z</time>
        <sat>7</sat>
      </trkpt>
      <trkpt lat="32.770725" lon="-16.907392">
        <ele>1255.1</ele>
        <time>2025-02-15T13:23:21.000Z</time>
        <sat>8</sat>
      </trkpt>
      <trkpt lat="32.770807" lon="-16.907308">
        <ele>1253.3</ele>
        <time>2025-02-15T13:23:26.000Z</time>
        <sat>7</sat>
      </trkpt>
      <trkpt lat="32.770898" lon="-16.907252">
        <ele>1251.6</ele>
        <time>2025-02-15T13:23:31.000Z</time>
        <sat>7</sat>
      </trkpt>
      <trkpt lat="32.771002" lon="-16.907225">
        <ele>1249.9</ele>
        <time>2025-02-15T13:23:36.000Z</time>
        <sat>7</sat>
      </trkpt>
      <trkpt lat="32.771088" lon="-16.907183">
        <ele>1247.2</ele>
        <time>2025-02-15T13:23:42.000Z</time>
        <sat>7</sat>
      </trkpt>
      <trkpt lat="32.771150" lon="-16.907093">
        <ele>1245.2</ele>
        <time>2025-02-15T13:23:48.000Z</time>
        <sat>7</sat>
      </trkpt>
      <trkpt lat="32.771218" lon="-16.907022">
        <ele>1242.7</ele>
        <time>2025-02-15T13:23:53.000Z</time>
        <sat>7</sat>
      </trkpt>
      <trkpt lat="32.771272" lon="-16.906930">
        <ele>1240.5</ele>
        <time>2025-02-15T13:23:57.000Z</time>
        <sat>7</sat>
      </trkpt>
      <trkpt lat="32.771330" lon="-16.906838">
        <ele>1239.0</ele>
        <time>2025-02-15T13:24:01.000Z</time>
        <sat>7</sat>
      </trkpt>
      <trkpt lat="32.771382" lon="-16.906733">
        <ele>1236.6</ele>
        <time>2025-02-15T13:24:06.000Z</time>
        <sat>7</sat>
      </trkpt>
      <trkpt lat="32.771418" lon="-16.906620">
        <ele>1234.8</ele>
        <time>2025-02-15T13:24:11.000Z</time>
        <sat>7</sat>
      </trkpt>
      <trkpt lat="32.771482" lon="-16.906525">
        <ele>1233.0</ele>
        <time>2025-02-15T13:24:15.000Z</time>
        <sat>7</sat>
      </trkpt>
      <trkpt lat="32.771560" lon="-16.906445">
        <ele>1231.2</ele>
        <time>2025-02-15T13:24:19.000Z</time>
        <sat>7</sat>
      </trkpt>
      <trkpt lat="32.771655" lon="-16.906407">
        <ele>1228.6</ele>
        <time>2025-02-15T13:24:24.000Z</time>
        <sat>7</sat>
      </trkpt>
      <trkpt lat="32.771708" lon="-16.906300">
        <ele>1226.4</ele>
        <time>2025-02-15T13:24:30.000Z</time>
        <sat>7</sat>
      </trkpt>
      <trkpt lat="32.771730" lon="-16.906187">
        <ele>1224.8</ele>
        <time>2025-02-15T13:24:35.000Z</time>
        <sat>7</sat>
      </trkpt>
      <trkpt lat="32.771745" lon="-16.906073">
        <ele>1223.3</ele>
        <time>2025-02-15T13:24:40.000Z</time>
        <sat>7</sat>
      </trkpt>
      <trkpt lat="32.771785" lon="-16.905957">
        <ele>1220.6</ele>
        <time>2025-02-15T13:24:47.000Z</time>
        <sat>7</sat>
      </trkpt>
      <trkpt lat="32.771805" lon="-16.905828">
        <ele>1218.8</ele>
        <time>2025-02-15T13:24:52.000Z</time>
        <sat>7</sat>
      </trkpt>
      <trkpt lat="32.771817" lon="-16.905713">
        <ele>1217.3</ele>
        <time>2025-02-15T13:24:56.000Z</time>
        <sat>7</sat>
      </trkpt>
      <trkpt lat="32.771843" lon="-16.905588">
        <ele>1213.8</ele>
        <time>2025-02-15T13:25:01.000Z</time>
        <sat>7</sat>
      </trkpt>
      <trkpt lat="32.771862" lon="-16.905548">
        <ele>1207.3</ele>
        <time>2025-02-15T13:25:05.000Z</time>
        <sat>7</sat>
      </trkpt>
      <trkpt lat="32.771865" lon="-16.905535">
        <ele>1207.7</ele>
        <time>2025-02-15T13:25:06.000Z</time>
        <sat>7</sat>
      </trkpt>
      <trkpt lat="32.771868" lon="-16.905405">
        <ele>1210.9</ele>
        <time>2025-02-15T13:25:27.000Z</time>
        <sat>7</sat>
      </trkpt>
      <trkpt lat="32.771888" lon="-16.905297">
        <ele>1210.1</ele>
        <time>2025-02-15T13:25:39.000Z</time>
        <sat>7</sat>
      </trkpt>
      <trkpt lat="32.771880" lon="-16.905177">
        <ele>1209.1</ele>
        <time>2025-02-15T13:25:46.000Z</time>
        <sat>8</sat>
      </trkpt>
      <trkpt lat="32.771895" lon="-16.905068">
        <ele>1208.0</ele>
        <time>2025-02-15T13:25:52.000Z</time>
        <sat>8</sat>
      </trkpt>
      <trkpt lat="32.771917" lon="-16.904962">
        <ele>1206.6</ele>
        <time>2025-02-15T13:25:56.000Z</time>
        <sat>8</sat>
      </trkpt>
      <trkpt lat="32.771933" lon="-16.904845">
        <ele>1205.4</ele>
        <time>2025-02-15T13:26:00.000Z</time>
        <sat>7</sat>
      </trkpt>
      <trkpt lat="32.771963" lon="-16.904738">
        <ele>1204.1</ele>
        <time>2025-02-15T13:26:04.000Z</time>
        <sat>7</sat>
      </trkpt>
      <trkpt lat="32.772002" lon="-16.904627">
        <ele>1202.2</ele>
        <time>2025-02-15T13:26:09.000Z</time>
        <sat>8</sat>
      </trkpt>
      <trkpt lat="32.772048" lon="-16.904508">
        <ele>1200.6</ele>
        <time>2025-02-15T13:26:13.000Z</time>
        <sat>8</sat>
      </trkpt>
      <trkpt lat="32.772105" lon="-16.904385">
        <ele>1199.2</ele>
        <time>2025-02-15T13:26:16.000Z</time>
        <sat>8</sat>
      </trkpt>
      <trkpt lat="32.772133" lon="-16.904277">
        <ele>1198.2</ele>
        <time>2025-02-15T13:26:19.000Z</time>
        <sat>8</sat>
      </trkpt>
      <trkpt lat="32.772207" lon="-16.904187">
        <ele>1197.2</ele>
        <time>2025-02-15T13:26:23.000Z</time>
        <sat>8</sat>
      </trkpt>
      <trkpt lat="32.772292" lon="-16.904128">
        <ele>1196.0</ele>
        <time>2025-02-15T13:26:27.000Z</time>
        <sat>8</sat>
      </trkpt>
      <trkpt lat="32.772375" lon="-16.904067">
        <ele>1194.4</ele>
        <time>2025-02-15T13:26:31.000Z</time>
        <sat>8</sat>
      </trkpt>
      <trkpt lat="32.772470" lon="-16.904013">
        <ele>1192.3</ele>
        <time>2025-02-15T13:26:35.000Z</time>
        <sat>8</sat>
      </trkpt>
      <trkpt lat="32.772577" lon="-16.904005">
        <ele>1189.9</ele>
        <time>2025-02-15T13:26:40.000Z</time>
        <sat>8</sat>
      </trkpt>
      <trkpt lat="32.772668" lon="-16.903968">
        <ele>1187.7</ele>
        <time>2025-02-15T13:26:46.000Z</time>
        <sat>9</sat>
      </trkpt>
      <trkpt lat="32.772642" lon="-16.903858">
        <ele>1185.6</ele>
        <time>2025-02-15T13:26:51.000Z</time>
        <sat>9</sat>
      </trkpt>
      <trkpt lat="32.772572" lon="-16.903758">
        <ele>1183.0</ele>
        <time>2025-02-15T13:26:56.000Z</time>
        <sat>9</sat>
      </trkpt>
      <trkpt lat="32.772470" lon="-16.903690">
        <ele>1180.9</ele>
        <time>2025-02-15T13:27:00.000Z</time>
        <sat>8</sat>
      </trkpt>
      <trkpt lat="32.772365" lon="-16.903635">
        <ele>1179.4</ele>
        <time>2025-02-15T13:27:04.000Z</time>
        <sat>9</sat>
      </trkpt>
      <trkpt lat="32.772258" lon="-16.903605">
        <ele>1177.8</ele>
        <time>2025-02-15T13:27:08.000Z</time>
        <sat>9</sat>
      </trkpt>
      <trkpt lat="32.772157" lon="-16.903608">
        <ele>1176.1</ele>
        <time>2025-02-15T13:27:12.000Z</time>
        <sat>8</sat>
      </trkpt>
      <trkpt lat="32.772065" lon="-16.903662">
        <ele>1174.2</ele>
        <time>2025-02-15T13:27:16.000Z</time>
        <sat>7</sat>
      </trkpt>
      <trkpt lat="32.771987" lon="-16.903715">
        <ele>1172.4</ele>
        <time>2025-02-15T13:27:21.000Z</time>
        <sat>7</sat>
      </trkpt>
      <trkpt lat="32.772033" lon="-16.903587">
        <ele>1168.3</ele>
        <time>2025-02-15T13:27:30.000Z</time>
        <sat>7</sat>
      </trkpt>
      <trkpt lat="32.772112" lon="-16.903508">
        <ele>1167.0</ele>
        <time>2025-02-15T13:27:34.000Z</time>
        <sat>8</sat>
      </trkpt>
      <trkpt lat="32.772177" lon="-16.903393">
        <ele>1164.6</ele>
        <time>2025-02-15T13:27:39.000Z</time>
        <sat>6</sat>
      </trkpt>
      <trkpt lat="32.772257" lon="-16.903310">
        <ele>1162.5</ele>
        <time>2025-02-15T13:27:44.000Z</time>
        <sat>6</sat>
      </trkpt>
      <trkpt lat="32.772317" lon="-16.903230">
        <ele>1160.1</ele>
        <time>2025-02-15T13:27:49.000Z</time>
        <sat>6</sat>
      </trkpt>
      <trkpt lat="32.772338" lon="-16.903117">
        <ele>1157.8</ele>
        <time>2025-02-15T13:27:55.000Z</time>
        <sat>6</sat>
      </trkpt>
      <trkpt lat="32.772368" lon="-16.902998">
        <ele>1154.3</ele>
        <time>2025-02-15T13:28:00.000Z</time>
        <sat>6</sat>
      </trkpt>
      <trkpt lat="32.772443" lon="-16.902883">
        <ele>1151.8</ele>
        <time>2025-02-15T13:28:04.000Z</time>
        <sat>6</sat>
      </trkpt>
      <trkpt lat="32.772508" lon="-16.902798">
        <ele>1150.1</ele>
        <time>2025-02-15T13:28:07.000Z</time>
        <sat>6</sat>
      </trkpt>
      <trkpt lat="32.772600" lon="-16.902728">
        <ele>1148.4</ele>
        <time>2025-02-15T13:28:10.000Z</time>
        <sat>6</sat>
      </trkpt>
      <trkpt lat="32.772708" lon="-16.902703">
        <ele>1147.5</ele>
        <time>2025-02-15T13:28:13.000Z</time>
        <sat>7</sat>
      </trkpt>
      <trkpt lat="32.772825" lon="-16.902678">
        <ele>1145.4</ele>
        <time>2025-02-15T13:28:17.000Z</time>
        <sat>7</sat>
      </trkpt>
      <trkpt lat="32.772822" lon="-16.902532">
        <ele>1140.4</ele>
        <time>2025-02-15T13:28:29.000Z</time>
        <sat>8</sat>
      </trkpt>
      <trkpt lat="32.772750" lon="-16.902447">
        <ele>1139.0</ele>
        <time>2025-02-15T13:28:32.000Z</time>
        <sat>8</sat>
      </trkpt>
      <trkpt lat="32.772653" lon="-16.902410">
        <ele>1136.8</ele>
        <time>2025-02-15T13:28:36.000Z</time>
        <sat>8</sat>
      </trkpt>
      <trkpt lat="32.772560" lon="-16.902418">
        <ele>1134.8</ele>
        <time>2025-02-15T13:28:40.000Z</time>
        <sat>8</sat>
      </trkpt>
      <trkpt lat="32.772465" lon="-16.902398">
        <ele>1133.9</ele>
        <time>2025-02-15T13:28:44.000Z</time>
        <sat>8</sat>
      </trkpt>
      <trkpt lat="32.772473" lon="-16.902292">
        <ele>1130.4</ele>
        <time>2025-02-15T13:28:53.000Z</time>
        <sat>8</sat>
      </trkpt>
      <trkpt lat="32.772518" lon="-16.902190">
        <ele>1126.6</ele>
        <time>2025-02-15T13:28:59.000Z</time>
        <sat>7</sat>
      </trkpt>
      <trkpt lat="32.772547" lon="-16.902077">
        <ele>1123.2</ele>
        <time>2025-02-15T13:29:06.000Z</time>
        <sat>7</sat>
      </trkpt>
      <trkpt lat="32.772575" lon="-16.901958">
        <ele>1119.2</ele>
        <time>2025-02-15T13:29:11.000Z</time>
        <sat>7</sat>
      </trkpt>
      <trkpt lat="32.772630" lon="-16.901860">
        <ele>1117.4</ele>
        <time>2025-02-15T13:29:15.000Z</time>
        <sat>6</sat>
      </trkpt>
      <trkpt lat="32.772675" lon="-16.901740">
        <ele>1115.3</ele>
        <time>2025-02-15T13:29:19.000Z</time>
        <sat>7</sat>
      </trkpt>
      <trkpt lat="32.772737" lon="-16.901625">
        <ele>1113.4</ele>
        <time>2025-02-15T13:29:22.000Z</time>
        <sat>7</sat>
      </trkpt>
      <trkpt lat="32.772755" lon="-16.901512">
        <ele>1111.4</ele>
        <time>2025-02-15T13:29:26.000Z</time>
        <sat>7</sat>
      </trkpt>
      <trkpt lat="32.772782" lon="-16.901393">
        <ele>1109.1</ele>
        <time>2025-02-15T13:29:30.000Z</time>
        <sat>7</sat>
      </trkpt>
      <trkpt lat="32.772827" lon="-16.901267">
        <ele>1106.7</ele>
        <time>2025-02-15T13:29:34.000Z</time>
        <sat>7</sat>
      </trkpt>
      <trkpt lat="32.772880" lon="-16.901158">
        <ele>1104.4</ele>
        <time>2025-02-15T13:29:39.000Z</time>
        <sat>7</sat>
      </trkpt>
      <trkpt lat="32.772937" lon="-16.901063">
        <ele>1102.2</ele>
        <time>2025-02-15T13:29:42.000Z</time>
        <sat>7</sat>
      </trkpt>
      <trkpt lat="32.773007" lon="-16.900970">
        <ele>1099.3</ele>
        <time>2025-02-15T13:29:45.000Z</time>
        <sat>7</sat>
      </trkpt>
      <trkpt lat="32.773093" lon="-16.900900">
        <ele>1096.9</ele>
        <time>2025-02-15T13:29:48.000Z</time>
        <sat>7</sat>
      </trkpt>
      <trkpt lat="32.773167" lon="-16.900835">
        <ele>1095.4</ele>
        <time>2025-02-15T13:29:51.000Z</time>
        <sat>7</sat>
      </trkpt>
      <trkpt lat="32.773243" lon="-16.900778">
        <ele>1093.7</ele>
        <time>2025-02-15T13:29:55.000Z</time>
        <sat>8</sat>
      </trkpt>
      <trkpt lat="32.773222" lon="-16.900643">
        <ele>1091.9</ele>
        <time>2025-02-15T13:29:59.000Z</time>
        <sat>8</sat>
      </trkpt>
      <trkpt lat="32.773187" lon="-16.900525">
        <ele>1090.2</ele>
        <time>2025-02-15T13:30:02.000Z</time>
        <sat>8</sat>
      </trkpt>
      <trkpt lat="32.773122" lon="-16.900447">
        <ele>1088.5</ele>
        <time>2025-02-15T13:30:05.000Z</time>
        <sat>8</sat>
      </trkpt>
      <trkpt lat="32.773040" lon="-16.900395">
        <ele>1086.0</ele>
        <time>2025-02-15T13:30:09.000Z</time>
        <sat>8</sat>
      </trkpt>
      <trkpt lat="32.772942" lon="-16.900442">
        <ele>1083.8</ele>
        <time>2025-02-15T13:30:13.000Z</time>
        <sat>8</sat>
      </trkpt>
      <trkpt lat="32.772838" lon="-16.900507">
        <ele>1082.1</ele>
        <time>2025-02-15T13:30:18.000Z</time>
        <sat>8</sat>
      </trkpt>
      <trkpt lat="32.772732" lon="-16.900525">
        <ele>1080.0</ele>
        <time>2025-02-15T13:30:23.000Z</time>
        <sat>8</sat>
      </trkpt>
      <trkpt lat="32.772635" lon="-16.900560">
        <ele>1078.0</ele>
        <time>2025-02-15T13:30:27.000Z</time>
        <sat>7</sat>
      </trkpt>
      <trkpt lat="32.772532" lon="-16.900632">
        <ele>1076.2</ele>
        <time>2025-02-15T13:30:31.000Z</time>
        <sat>7</sat>
      </trkpt>
      <trkpt lat="32.772452" lon="-16.900728">
        <ele>1074.3</ele>
        <time>2025-02-15T13:30:35.000Z</time>
        <sat>7</sat>
      </trkpt>
      <trkpt lat="32.772367" lon="-16.900817">
        <ele>1072.3</ele>
        <time>2025-02-15T13:30:39.000Z</time>
        <sat>7</sat>
      </trkpt>
      <trkpt lat="32.772285" lon="-16.900907">
        <ele>1071.3</ele>
        <time>2025-02-15T13:30:43.000Z</time>
        <sat>6</sat>
      </trkpt>
      <trkpt lat="32.772197" lon="-16.900972">
        <ele>1070.7</ele>
        <time>2025-02-15T13:30:47.000Z</time>
        <sat>6</sat>
      </trkpt>
      <trkpt lat="32.772100" lon="-16.901030">
        <ele>1070.3</ele>
        <time>2025-02-15T13:30:51.000Z</time>
        <sat>7</sat>
      </trkpt>
      <trkpt lat="32.772020" lon="-16.901115">
        <ele>1069.4</ele>
        <time>2025-02-15T13:30:55.000Z</time>
        <sat>6</sat>
      </trkpt>
      <trkpt lat="32.771982" lon="-16.901213">
        <ele>1068.9</ele>
        <time>2025-02-15T13:30:58.000Z</time>
        <sat>6</sat>
      </trkpt>
      <trkpt lat="32.771945" lon="-16.901312">
        <ele>1068.2</ele>
        <time>2025-02-15T13:31:01.000Z</time>
        <sat>6</sat>
      </trkpt>
      <trkpt lat="32.771890" lon="-16.901412">
        <ele>1067.7</ele>
        <time>2025-02-15T13:31:05.000Z</time>
        <sat>6</sat>
      </trkpt>
      <trkpt lat="32.771840" lon="-16.901515">
        <ele>1067.3</ele>
        <time>2025-02-15T13:31:09.000Z</time>
        <sat>6</sat>
      </trkpt>
      <trkpt lat="32.771793" lon="-16.901625">
        <ele>1067.0</ele>
        <time>2025-02-15T13:31:13.000Z</time>
        <sat>6</sat>
      </trkpt>
      <trkpt lat="32.771732" lon="-16.901720">
        <ele>1067.0</ele>
        <time>2025-02-15T13:31:17.000Z</time>
        <sat>4</sat>
      </trkpt>
      <trkpt lat="32.771695" lon="-16.901850">
        <ele>1066.7</ele>
        <time>2025-02-15T13:31:21.000Z</time>
        <sat>5</sat>
      </trkpt>
      <trkpt lat="32.771667" lon="-16.901968">
        <ele>1066.5</ele>
        <time>2025-02-15T13:31:25.000Z</time>
        <sat>6</sat>
      </trkpt>
      <trkpt lat="32.771623" lon="-16.902067">
        <ele>1066.3</ele>
        <time>2025-02-15T13:31:29.000Z</time>
        <sat>6</sat>
      </trkpt>
      <trkpt lat="32.771583" lon="-16.902187">
        <ele>1066.2</ele>
        <time>2025-02-15T13:31:33.000Z</time>
        <sat>6</sat>
      </trkpt>
      <trkpt lat="32.771537" lon="-16.902295">
        <ele>1066.1</ele>
        <time>2025-02-15T13:31:37.000Z</time>
        <sat>6</sat>
      </trkpt>
      <trkpt lat="32.771452" lon="-16.902357">
        <ele>1065.6</ele>
        <time>2025-02-15T13:31:42.000Z</time>
        <sat>6</sat>
      </trkpt>
      <trkpt lat="32.771338" lon="-16.902372">
        <ele>1064.7</ele>
        <time>2025-02-15T13:31:46.000Z</time>
        <sat>6</sat>
      </trkpt>
      <trkpt lat="32.771252" lon="-16.902440">
        <ele>1064.3</ele>
        <time>2025-02-15T13:31:50.000Z</time>
        <sat>6</sat>
      </trkpt>
      <trkpt lat="32.771175" lon="-16.902540">
        <ele>1063.8</ele>
        <time>2025-02-15T13:31:54.000Z</time>
        <sat>6</sat>
      </trkpt>
      <trkpt lat="32.771098" lon="-16.902632">
        <ele>1063.2</ele>
        <time>2025-02-15T13:31:58.000Z</time>
        <sat>6</sat>
      </trkpt>
      <trkpt lat="32.771023" lon="-16.902695">
        <ele>1062.7</ele>
        <time>2025-02-15T13:32:03.000Z</time>
        <sat>6</sat>
      </trkpt>
      <trkpt lat="32.770998" lon="-16.902708">
        <ele>1061.7</ele>
        <time>2025-02-15T13:32:07.000Z</time>
        <sat>6</sat>
      </trkpt>
      <trkpt lat="32.770998" lon="-16.902703">
        <ele>1061.3</ele>
        <time>2025-02-15T13:32:08.000Z</time>
        <sat>6</sat>
      </trkpt>
      <trkpt lat="32.771045" lon="-16.902595">
        <ele>1058.4</ele>
        <time>2025-02-15T13:32:15.000Z</time>
        <sat>6</sat>
      </trkpt>
      <trkpt lat="32.771125" lon="-16.902510">
        <ele>1057.4</ele>
        <time>2025-02-15T13:32:19.000Z</time>
        <sat>6</sat>
      </trkpt>
      <trkpt lat="32.771187" lon="-16.902427">
        <ele>1056.9</ele>
        <time>2025-02-15T13:32:22.000Z</time>
        <sat>6</sat>
      </trkpt>
      <trkpt lat="32.771253" lon="-16.902338">
        <ele>1056.6</ele>
        <time>2025-02-15T13:32:27.000Z</time>
        <sat>6</sat>
      </trkpt>
      <trkpt lat="32.771317" lon="-16.902245">
        <ele>1055.8</ele>
        <time>2025-02-15T13:32:33.000Z</time>
        <sat>6</sat>
      </trkpt>
      <trkpt lat="32.771355" lon="-16.902130">
        <ele>1055.1</ele>
        <time>2025-02-15T13:32:37.000Z</time>
        <sat>6</sat>
      </trkpt>
      <trkpt lat="32.771382" lon="-16.902003">
        <ele>1053.8</ele>
        <time>2025-02-15T13:32:41.000Z</time>
        <sat>6</sat>
      </trkpt>
      <trkpt lat="32.771423" lon="-16.901903">
        <ele>1052.5</ele>
        <time>2025-02-15T13:32:45.000Z</time>
        <sat>6</sat>
      </trkpt>
      <trkpt lat="32.771460" lon="-16.901788">
        <ele>1052.2</ele>
        <time>2025-02-15T13:32:50.000Z</time>
        <sat>6</sat>
      </trkpt>
      <trkpt lat="32.771472" lon="-16.901678">
        <ele>1051.1</ele>
        <time>2025-02-15T13:32:54.000Z</time>
        <sat>6</sat>
      </trkpt>
      <trkpt lat="32.771457" lon="-16.901563">
        <ele>1049.5</ele>
        <time>2025-02-15T13:32:59.000Z</time>
        <sat>6</sat>
      </trkpt>
      <trkpt lat="32.771487" lon="-16.901447">
        <ele>1048.0</ele>
        <time>2025-02-15T13:33:03.000Z</time>
        <sat>6</sat>
      </trkpt>
      <trkpt lat="32.771513" lon="-16.901310">
        <ele>1046.4</ele>
        <time>2025-02-15T13:33:07.000Z</time>
        <sat>6</sat>
      </trkpt>
      <trkpt lat="32.771550" lon="-16.901212">
        <ele>1045.3</ele>
        <time>2025-02-15T13:33:10.000Z</time>
        <sat>6</sat>
      </trkpt>
      <trkpt lat="32.771592" lon="-16.901113">
        <ele>1044.3</ele>
        <time>2025-02-15T13:33:13.000Z</time>
        <sat>6</sat>
      </trkpt>
      <trkpt lat="32.771630" lon="-16.900993">
        <ele>1041.9</ele>
        <time>2025-02-15T13:33:18.000Z</time>
        <sat>6</sat>
      </trkpt>
      <trkpt lat="32.771668" lon="-16.900883">
        <ele>1040.5</ele>
        <time>2025-02-15T13:33:22.000Z</time>
        <sat>6</sat>
      </trkpt>
      <trkpt lat="32.771747" lon="-16.900792">
        <ele>1039.5</ele>
        <time>2025-02-15T13:33:25.000Z</time>
        <sat>6</sat>
      </trkpt>
      <trkpt lat="32.771840" lon="-16.900693">
        <ele>1038.1</ele>
        <time>2025-02-15T13:33:28.000Z</time>
        <sat>6</sat>
      </trkpt>
      <trkpt lat="32.771907" lon="-16.900605">
        <ele>1035.8</ele>
        <time>2025-02-15T13:33:32.000Z</time>
        <sat>6</sat>
      </trkpt>
      <trkpt lat="32.771953" lon="-16.900512">
        <ele>1034.4</ele>
        <time>2025-02-15T13:33:35.000Z</time>
        <sat>6</sat>
      </trkpt>
      <trkpt lat="32.772003" lon="-16.900408">
        <ele>1033.2</ele>
        <time>2025-02-15T13:33:38.000Z</time>
        <sat>6</sat>
      </trkpt>
      <trkpt lat="32.772023" lon="-16.900278">
        <ele>1030.6</ele>
        <time>2025-02-15T13:33:42.000Z</time>
        <sat>6</sat>
      </trkpt>
      <trkpt lat="32.772043" lon="-16.900160">
        <ele>1028.8</ele>
        <time>2025-02-15T13:33:46.000Z</time>
        <sat>6</sat>
      </trkpt>
      <trkpt lat="32.772087" lon="-16.900052">
        <ele>1027.0</ele>
        <time>2025-02-15T13:33:51.000Z</time>
        <sat>6</sat>
      </trkpt>
      <trkpt lat="32.772153" lon="-16.899960">
        <ele>1025.2</ele>
        <time>2025-02-15T13:33:55.000Z</time>
        <sat>6</sat>
      </trkpt>
      <trkpt lat="32.772217" lon="-16.899875">
        <ele>1023.7</ele>
        <time>2025-02-15T13:33:58.000Z</time>
        <sat>6</sat>
      </trkpt>
      <trkpt lat="32.772297" lon="-16.899778">
        <ele>1022.2</ele>
        <time>2025-02-15T13:34:01.000Z</time>
        <sat>6</sat>
      </trkpt>
      <trkpt lat="32.772367" lon="-16.899665">
        <ele>1020.8</ele>
        <time>2025-02-15T13:34:04.000Z</time>
        <sat>6</sat>
      </trkpt>
      <trkpt lat="32.772410" lon="-16.899563">
        <ele>1019.6</ele>
        <time>2025-02-15T13:34:07.000Z</time>
        <sat>6</sat>
      </trkpt>
      <trkpt lat="32.772443" lon="-16.899458">
        <ele>1017.7</ele>
        <time>2025-02-15T13:34:12.000Z</time>
        <sat>6</sat>
      </trkpt>
      <trkpt lat="32.772465" lon="-16.899350">
        <ele>1015.4</ele>
        <time>2025-02-15T13:34:17.000Z</time>
        <sat>6</sat>
      </trkpt>
      <trkpt lat="32.772483" lon="-16.899220">
        <ele>1012.9</ele>
        <time>2025-02-15T13:34:22.000Z</time>
        <sat>6</sat>
      </trkpt>
      <trkpt lat="32.772497" lon="-16.899090">
        <ele>1011.7</ele>
        <time>2025-02-15T13:34:26.000Z</time>
        <sat>6</sat>
      </trkpt>
      <trkpt lat="32.772540" lon="-16.898948">
        <ele>1010.5</ele>
        <time>2025-02-15T13:34:30.000Z</time>
        <sat>6</sat>
      </trkpt>
      <trkpt lat="32.772625" lon="-16.898847">
        <ele>1010.2</ele>
        <time>2025-02-15T13:34:33.000Z</time>
        <sat>6</sat>
      </trkpt>
      <trkpt lat="32.772673" lon="-16.898747">
        <ele>1009.8</ele>
        <time>2025-02-15T13:34:36.000Z</time>
        <sat>6</sat>
      </trkpt>
      <trkpt lat="32.772712" lon="-16.898630">
        <ele>1008.9</ele>
        <time>2025-02-15T13:34:41.000Z</time>
        <sat>6</sat>
      </trkpt>
      <trkpt lat="32.772807" lon="-16.898570">
        <ele>1006.8</ele>
        <time>2025-02-15T13:34:48.000Z</time>
        <sat>6</sat>
      </trkpt>
      <trkpt lat="32.772920" lon="-16.898567">
        <ele>1005.3</ele>
        <time>2025-02-15T13:34:52.000Z</time>
        <sat>6</sat>
      </trkpt>
      <trkpt lat="32.773015" lon="-16.898580">
        <ele>1003.4</ele>
        <time>2025-02-15T13:34:56.000Z</time>
        <sat>6</sat>
      </trkpt>
      <trkpt lat="32.773103" lon="-16.898602">
        <ele>1002.4</ele>
        <time>2025-02-15T13:35:00.000Z</time>
        <sat>6</sat>
      </trkpt>
      <trkpt lat="32.773200" lon="-16.898580">
        <ele>1001.3</ele>
        <time>2025-02-15T13:35:05.000Z</time>
        <sat>6</sat>
      </trkpt>
      <trkpt lat="32.773300" lon="-16.898598">
        <ele>1000.4</ele>
        <time>2025-02-15T13:35:10.000Z</time>
        <sat>7</sat>
      </trkpt>
      <trkpt lat="32.773350" lon="-16.898688">
        <ele>997.9</ele>
        <time>2025-02-15T13:35:20.000Z</time>
        <sat>7</sat>
      </trkpt>
      <trkpt lat="32.773438" lon="-16.898717">
        <ele>998.0</ele>
        <time>2025-02-15T13:35:30.000Z</time>
        <sat>7</sat>
      </trkpt>
      <trkpt lat="32.773525" lon="-16.898655">
        <ele>997.9</ele>
        <time>2025-02-15T13:35:35.000Z</time>
        <sat>8</sat>
      </trkpt>
      <trkpt lat="32.773598" lon="-16.898583">
        <ele>997.6</ele>
        <time>2025-02-15T13:35:40.000Z</time>
        <sat>7</sat>
      </trkpt>
      <trkpt lat="32.773665" lon="-16.898497">
        <ele>995.0</ele>
        <time>2025-02-15T13:35:46.000Z</time>
        <sat>7</sat>
      </trkpt>
      <trkpt lat="32.773747" lon="-16.898423">
        <ele>993.0</ele>
        <time>2025-02-15T13:35:50.000Z</time>
        <sat>8</sat>
      </trkpt>
      <trkpt lat="32.773833" lon="-16.898308">
        <ele>987.1</ele>
        <time>2025-02-15T13:35:55.000Z</time>
        <sat>8</sat>
      </trkpt>
      <trkpt lat="32.773910" lon="-16.898250">
        <ele>988.7</ele>
        <time>2025-02-15T13:36:01.000Z</time>
        <sat>8</sat>
      </trkpt>
      <trkpt lat="32.774015" lon="-16.898205">
        <ele>989.7</ele>
        <time>2025-02-15T13:36:07.000Z</time>
        <sat>8</sat>
      </trkpt>
      <trkpt lat="32.774108" lon="-16.898158">
        <ele>989.5</ele>
        <time>2025-02-15T13:36:12.000Z</time>
        <sat>8</sat>
      </trkpt>
      <trkpt lat="32.774197" lon="-16.898107">
        <ele>989.2</ele>
        <time>2025-02-15T13:36:16.000Z</time>
        <sat>8</sat>
      </trkpt>
      <trkpt lat="32.774288" lon="-16.898033">
        <ele>988.6</ele>
        <time>2025-02-15T13:36:20.000Z</time>
        <sat>8</sat>
      </trkpt>
      <trkpt lat="32.774378" lon="-16.897977">
        <ele>987.8</ele>
        <time>2025-02-15T13:36:24.000Z</time>
        <sat>8</sat>
      </trkpt>
      <trkpt lat="32.774475" lon="-16.897918">
        <ele>986.9</ele>
        <time>2025-02-15T13:36:27.000Z</time>
        <sat>8</sat>
      </trkpt>
      <trkpt lat="32.774547" lon="-16.897842">
        <ele>985.7</ele>
        <time>2025-02-15T13:36:32.000Z</time>
        <sat>8</sat>
      </trkpt>
      <trkpt lat="32.774655" lon="-16.897787">
        <ele>983.7</ele>
        <time>2025-02-15T13:36:37.000Z</time>
        <sat>8</sat>
      </trkpt>
      <trkpt lat="32.774760" lon="-16.897748">
        <ele>981.8</ele>
        <time>2025-02-15T13:36:42.000Z</time>
        <sat>8</sat>
      </trkpt>
      <trkpt lat="32.774857" lon="-16.897750">
        <ele>980.4</ele>
        <time>2025-02-15T13:36:48.000Z</time>
        <sat>8</sat>
      </trkpt>
      <trkpt lat="32.774935" lon="-16.897838">
        <ele>978.6</ele>
        <time>2025-02-15T13:36:54.000Z</time>
        <sat>8</sat>
      </trkpt>
      <trkpt lat="32.774998" lon="-16.897920">
        <ele>978.0</ele>
        <time>2025-02-15T13:36:58.000Z</time>
        <sat>8</sat>
      </trkpt>
      <trkpt lat="32.775058" lon="-16.898012">
        <ele>977.6</ele>
        <time>2025-02-15T13:37:03.000Z</time>
        <sat>8</sat>
      </trkpt>
      <trkpt lat="32.775117" lon="-16.898110">
        <ele>977.1</ele>
        <time>2025-02-15T13:37:07.000Z</time>
        <sat>8</sat>
      </trkpt>
      <trkpt lat="32.775180" lon="-16.898187">
        <ele>974.9</ele>
        <time>2025-02-15T13:37:15.000Z</time>
        <sat>7</sat>
      </trkpt>
      <trkpt lat="32.775255" lon="-16.898198">
        <ele>971.0</ele>
        <time>2025-02-15T13:37:29.000Z</time>
        <sat>8</sat>
      </trkpt>
      <trkpt lat="32.775255" lon="-16.898200">
        <ele>970.6</ele>
        <time>2025-02-15T13:37:31.000Z</time>
        <sat>8</sat>
      </trkpt>
      <trkpt lat="32.775355" lon="-16.898147">
        <ele>968.7</ele>
        <time>2025-02-15T13:37:44.000Z</time>
        <sat>8</sat>
      </trkpt>
      <trkpt lat="32.775438" lon="-16.898095">
        <ele>966.9</ele>
        <time>2025-02-15T13:37:52.000Z</time>
        <sat>8</sat>
      </trkpt>
      <trkpt lat="32.775528" lon="-16.898042">
        <ele>963.8</ele>
        <time>2025-02-15T13:38:01.000Z</time>
        <sat>8</sat>
      </trkpt>
      <trkpt lat="32.775605" lon="-16.897973">
        <ele>962.4</ele>
        <time>2025-02-15T13:38:06.000Z</time>
        <sat>8</sat>
      </trkpt>
      <trkpt lat="32.775677" lon="-16.897908">
        <ele>960.3</ele>
        <time>2025-02-15T13:38:14.000Z</time>
        <sat>8</sat>
      </trkpt>
      <trkpt lat="32.775750" lon="-16.897842">
        <ele>957.8</ele>
        <time>2025-02-15T13:38:22.000Z</time>
        <sat>8</sat>
      </trkpt>
      <trkpt lat="32.775810" lon="-16.897745">
        <ele>954.2</ele>
        <time>2025-02-15T13:38:33.000Z</time>
        <sat>8</sat>
      </trkpt>
      <trkpt lat="32.775865" lon="-16.897642">
        <ele>952.2</ele>
        <time>2025-02-15T13:38:39.000Z</time>
        <sat>8</sat>
      </trkpt>
      <trkpt lat="32.775933" lon="-16.897567">
        <ele>950.6</ele>
        <time>2025-02-15T13:38:43.000Z</time>
        <sat>8</sat>
      </trkpt>
      <trkpt lat="32.775957" lon="-16.897502">
        <ele>948.2</ele>
        <time>2025-02-15T13:38:48.000Z</time>
        <sat>8</sat>
      </trkpt>
      <trkpt lat="32.775962" lon="-16.897498">
        <ele>947.7</ele>
        <time>2025-02-15T13:38:51.000Z</time>
        <sat>8</sat>
      </trkpt>
      <trkpt lat="32.775973" lon="-16.897485">
        <ele>945.8</ele>
        <time>2025-02-15T13:38:54.000Z</time>
        <sat>8</sat>
      </trkpt>
      <trkpt lat="32.775975" lon="-16.897482">
        <ele>945.4</ele>
        <time>2025-02-15T13:38:58.000Z</time>
        <sat>8</sat>
      </trkpt>
      <trkpt lat="32.775975" lon="-16.897482">
        <ele>945.9</ele>
        <time>2025-02-15T13:38:59.000Z</time>
        <sat>8</sat>
      </trkpt>
      <trkpt lat="32.775977" lon="-16.897472">
        <ele>946.2</ele>
        <time>2025-02-15T13:39:00.000Z</time>
        <sat>8</sat>
      </trkpt>
      <trkpt lat="32.776035" lon="-16.897388">
        <ele>945.5</ele>
        <time>2025-02-15T13:39:07.000Z</time>
        <sat>8</sat>
      </trkpt>
      <trkpt lat="32.776118" lon="-16.897335">
        <ele>942.9</ele>
        <time>2025-02-15T13:39:18.000Z</time>
        <sat>8</sat>
      </trkpt>
      <trkpt lat="32.776185" lon="-16.897250">
        <ele>941.6</ele>
        <time>2025-02-15T13:39:24.000Z</time>
        <sat>8</sat>
      </trkpt>
      <trkpt lat="32.776227" lon="-16.897152">
        <ele>940.3</ele>
        <time>2025-02-15T13:39:28.000Z</time>
        <sat>8</sat>
      </trkpt>
      <trkpt lat="32.776273" lon="-16.897052">
        <ele>938.0</ele>
        <time>2025-02-15T13:39:34.000Z</time>
        <sat>8</sat>
      </trkpt>
      <trkpt lat="32.776345" lon="-16.896967">
        <ele>934.9</ele>
        <time>2025-02-15T13:39:43.000Z</time>
        <sat>8</sat>
      </trkpt>
      <trkpt lat="32.776437" lon="-16.896960">
        <ele>931.4</ele>
        <time>2025-02-15T13:39:54.000Z</time>
        <sat>8</sat>
      </trkpt>
      <trkpt lat="32.776527" lon="-16.896940">
        <ele>926.6</ele>
        <time>2025-02-15T13:40:09.000Z</time>
        <sat>8</sat>
      </trkpt>
      <trkpt lat="32.776560" lon="-16.897062">
        <ele>925.2</ele>
        <time>2025-02-15T13:40:19.000Z</time>
        <sat>8</sat>
      </trkpt>
      <trkpt lat="32.776568" lon="-16.897170">
        <ele>922.4</ele>
        <time>2025-02-15T13:40:27.000Z</time>
        <sat>8</sat>
      </trkpt>
      <trkpt lat="32.776622" lon="-16.897257">
        <ele>919.0</ele>
        <time>2025-02-15T13:40:35.000Z</time>
        <sat>7</sat>
      </trkpt>
      <trkpt lat="32.776713" lon="-16.897312">
        <ele>916.7</ele>
        <time>2025-02-15T13:40:43.000Z</time>
        <sat>7</sat>
      </trkpt>
      <trkpt lat="32.776803" lon="-16.897362">
        <ele>914.2</ele>
        <time>2025-02-15T13:40:51.000Z</time>
        <sat>7</sat>
      </trkpt>
      <trkpt lat="32.776897" lon="-16.897350">
        <ele>912.7</ele>
        <time>2025-02-15T13:40:55.000Z</time>
        <sat>7</sat>
      </trkpt>
      <trkpt lat="32.776975" lon="-16.897268">
        <ele>910.8</ele>
        <time>2025-02-15T13:41:01.000Z</time>
        <sat>8</sat>
      </trkpt>
      <trkpt lat="32.777048" lon="-16.897198">
        <ele>909.1</ele>
        <time>2025-02-15T13:41:07.000Z</time>
        <sat>8</sat>
      </trkpt>
      <trkpt lat="32.777155" lon="-16.897157">
        <ele>907.7</ele>
        <time>2025-02-15T13:41:12.000Z</time>
        <sat>8</sat>
      </trkpt>
      <trkpt lat="32.777257" lon="-16.897127">
        <ele>906.1</ele>
        <time>2025-02-15T13:41:17.000Z</time>
        <sat>8</sat>
      </trkpt>
      <trkpt lat="32.777348" lon="-16.897180">
        <ele>904.3</ele>
        <time>2025-02-15T13:41:24.000Z</time>
        <sat>8</sat>
      </trkpt>
      <trkpt lat="32.777438" lon="-16.897122">
        <ele>903.1</ele>
        <time>2025-02-15T13:41:29.000Z</time>
        <sat>8</sat>
      </trkpt>
      <trkpt lat="32.777427" lon="-16.896997">
        <ele>900.1</ele>
        <time>2025-02-15T13:41:37.000Z</time>
        <sat>8</sat>
      </trkpt>
      <trkpt lat="32.777418" lon="-16.896885">
        <ele>899.5</ele>
        <time>2025-02-15T13:41:41.000Z</time>
        <sat>8</sat>
      </trkpt>
      <trkpt lat="32.777315" lon="-16.896617">
        <ele>891.9</ele>
        <time>2025-02-15T13:44:51.000Z</time>
        <sat>8</sat>
      </trkpt>
      <trkpt lat="32.777275" lon="-16.896507">
        <ele>891.1</ele>
        <time>2025-02-15T13:44:58.000Z</time>
        <sat>8</sat>
      </trkpt>
      <trkpt lat="32.777265" lon="-16.896480">
        <ele>890.0</ele>
        <time>2025-02-15T13:45:04.000Z</time>
        <sat>8</sat>
      </trkpt>
      <trkpt lat="32.777263" lon="-16.896477">
        <ele>889.7</ele>
        <time>2025-02-15T13:45:06.000Z</time>
        <sat>8</sat>
      </trkpt>
      <trkpt lat="32.777268" lon="-16.896465">
        <ele>889.2</ele>
        <time>2025-02-15T13:45:10.000Z</time>
        <sat>8</sat>
      </trkpt>
      <trkpt lat="32.777267" lon="-16.896463">
        <ele>889.1</ele>
        <time>2025-02-15T13:45:16.000Z</time>
        <sat>8</sat>
      </trkpt>
      <trkpt lat="32.777198" lon="-16.896378">
        <ele>888.8</ele>
        <time>2025-02-15T13:45:23.000Z</time>
        <sat>8</sat>
      </trkpt>
      <trkpt lat="32.777142" lon="-16.896290">
        <ele>888.8</ele>
        <time>2025-02-15T13:45:28.000Z</time>
        <sat>8</sat>
      </trkpt>
      <trkpt lat="32.777075" lon="-16.896188">
        <ele>888.7</ele>
        <time>2025-02-15T13:45:33.000Z</time>
        <sat>8</sat>
      </trkpt>
      <trkpt lat="32.777015" lon="-16.896093">
        <ele>888.6</ele>
        <time>2025-02-15T13:45:38.000Z</time>
        <sat>8</sat>
      </trkpt>
      <trkpt lat="32.776950" lon="-16.895997">
        <ele>888.4</ele>
        <time>2025-02-15T13:45:43.000Z</time>
        <sat>8</sat>
      </trkpt>
      <trkpt lat="32.776895" lon="-16.895900">
        <ele>888.4</ele>
        <time>2025-02-15T13:45:48.000Z</time>
        <sat>8</sat>
      </trkpt>
      <trkpt lat="32.776838" lon="-16.895798">
        <ele>888.2</ele>
        <time>2025-02-15T13:45:53.000Z</time>
        <sat>8</sat>
      </trkpt>
      <trkpt lat="32.776770" lon="-16.895723">
        <ele>888.2</ele>
        <time>2025-02-15T13:45:58.000Z</time>
        <sat>8</sat>
      </trkpt>
      <trkpt lat="32.776670" lon="-16.895682">
        <ele>889.0</ele>
        <time>2025-02-15T13:46:04.000Z</time>
        <sat>8</sat>
      </trkpt>
      <trkpt lat="32.776570" lon="-16.895650">
        <ele>890.0</ele>
        <time>2025-02-15T13:46:12.000Z</time>
        <sat>8</sat>
      </trkpt>
      <trkpt lat="32.776483" lon="-16.895610">
        <ele>891.8</ele>
        <time>2025-02-15T13:46:20.000Z</time>
        <sat>8</sat>
      </trkpt>
      <trkpt lat="32.776393" lon="-16.895582">
        <ele>894.1</ele>
        <time>2025-02-15T13:46:26.000Z</time>
        <sat>8</sat>
      </trkpt>
      <trkpt lat="32.776295" lon="-16.895592">
        <ele>894.9</ele>
        <time>2025-02-15T13:46:31.000Z</time>
        <sat>8</sat>
      </trkpt>
      <trkpt lat="32.776225" lon="-16.895515">
        <ele>895.3</ele>
        <time>2025-02-15T13:46:37.000Z</time>
        <sat>8</sat>
      </trkpt>
      <trkpt lat="32.776192" lon="-16.895410">
        <ele>895.9</ele>
        <time>2025-02-15T13:46:42.000Z</time>
        <sat>8</sat>
      </trkpt>
      <trkpt lat="32.776147" lon="-16.895302">
        <ele>896.5</ele>
        <time>2025-02-15T13:46:47.000Z</time>
        <sat>8</sat>
      </trkpt>
      <trkpt lat="32.776087" lon="-16.895193">
        <ele>897.8</ele>
        <time>2025-02-15T13:46:53.000Z</time>
        <sat>7</sat>
      </trkpt>
      <trkpt lat="32.776015" lon="-16.895100">
        <ele>898.5</ele>
        <time>2025-02-15T13:46:58.000Z</time>
        <sat>7</sat>
      </trkpt>
      <trkpt lat="32.775942" lon="-16.895017">
        <ele>898.6</ele>
        <time>2025-02-15T13:47:02.000Z</time>
        <sat>7</sat>
      </trkpt>
      <trkpt lat="32.775855" lon="-16.894950">
        <ele>898.1</ele>
        <time>2025-02-15T13:47:09.000Z</time>
        <sat>7</sat>
      </trkpt>
      <trkpt lat="32.775753" lon="-16.894923">
        <ele>897.9</ele>
        <time>2025-02-15T13:47:13.000Z</time>
        <sat>7</sat>
      </trkpt>
      <trkpt lat="32.775662" lon="-16.894912">
        <ele>897.9</ele>
        <time>2025-02-15T13:47:18.000Z</time>
        <sat>8</sat>
      </trkpt>
      <trkpt lat="32.775565" lon="-16.894880">
        <ele>898.0</ele>
        <time>2025-02-15T13:47:25.000Z</time>
        <sat>8</sat>
      </trkpt>
      <trkpt lat="32.775478" lon="-16.894840">
        <ele>897.0</ele>
        <time>2025-02-15T13:47:37.000Z</time>
        <sat>7</sat>
      </trkpt>
      <trkpt lat="32.775465" lon="-16.894842">
        <ele>896.4</ele>
        <time>2025-02-15T13:47:43.000Z</time>
        <sat>6</sat>
      </trkpt>
      <trkpt lat="32.775460" lon="-16.894840">
        <ele>896.2</ele>
        <time>2025-02-15T13:47:47.000Z</time>
        <sat>6</sat>
      </trkpt>
      <trkpt lat="32.775460" lon="-16.894840">
        <ele>896.2</ele>
        <time>2025-02-15T13:47:48.000Z</time>
        <sat>6</sat>
      </trkpt>
      <trkpt lat="32.775457" lon="-16.894838">
        <ele>896.0</ele>
        <time>2025-02-15T13:47:51.000Z</time>
        <sat>7</sat>
      </trkpt>
      <trkpt lat="32.775457" lon="-16.894838">
        <ele>896.0</ele>
        <time>2025-02-15T13:47:52.000Z</time>
        <sat>7</sat>
      </trkpt>
      <trkpt lat="32.775453" lon="-16.894837">
        <ele>896.0</ele>
        <time>2025-02-15T13:47:53.000Z</time>
        <sat>8</sat>
      </trkpt>
      <trkpt lat="32.775457" lon="-16.894843">
        <ele>896.0</ele>
        <time>2025-02-15T13:47:56.000Z</time>
        <sat>8</sat>
      </trkpt>
      <trkpt lat="32.775455" lon="-16.894845">
        <ele>896.0</ele>
        <time>2025-02-15T13:47:58.000Z</time>
        <sat>8</sat>
      </trkpt>
      <trkpt lat="32.775455" lon="-16.894845">
        <ele>896.0</ele>
        <time>2025-02-15T13:47:59.000Z</time>
        <sat>8</sat>
      </trkpt>
      <trkpt lat="32.775453" lon="-16.894843">
        <ele>895.8</ele>
        <time>2025-02-15T13:48:05.000Z</time>
        <sat>8</sat>
      </trkpt>
      <trkpt lat="32.775402" lon="-16.894737">
        <ele>895.2</ele>
        <time>2025-02-15T13:48:17.000Z</time>
        <sat>8</sat>
      </trkpt>
      <trkpt lat="32.775350" lon="-16.894642">
        <ele>893.5</ele>
        <time>2025-02-15T13:48:25.000Z</time>
        <sat>8</sat>
      </trkpt>
      <trkpt lat="32.775328" lon="-16.894535">
        <ele>891.7</ele>
        <time>2025-02-15T13:48:32.000Z</time>
        <sat>8</sat>
      </trkpt>
      <trkpt lat="32.775260" lon="-16.894445">
        <ele>889.5</ele>
        <time>2025-02-15T13:48:42.000Z</time>
        <sat>7</sat>
      </trkpt>
      <trkpt lat="32.775227" lon="-16.894343">
        <ele>887.5</ele>
        <time>2025-02-15T13:48:49.000Z</time>
        <sat>7</sat>
      </trkpt>
      <trkpt lat="32.775260" lon="-16.894233">
        <ele>885.3</ele>
        <time>2025-02-15T13:48:56.000Z</time>
        <sat>7</sat>
      </trkpt>
      <trkpt lat="32.775300" lon="-16.894135">
        <ele>883.7</ele>
        <time>2025-02-15T13:49:02.000Z</time>
        <sat>7</sat>
      </trkpt>
      <trkpt lat="32.775338" lon="-16.894028">
        <ele>882.4</ele>
        <time>2025-02-15T13:49:06.000Z</time>
        <sat>7</sat>
      </trkpt>
      <trkpt lat="32.775372" lon="-16.893920">
        <ele>880.0</ele>
        <time>2025-02-15T13:49:12.000Z</time>
        <sat>7</sat>
      </trkpt>
      <trkpt lat="32.775402" lon="-16.893798">
        <ele>877.8</ele>
        <time>2025-02-15T13:49:18.000Z</time>
        <sat>8</sat>
      </trkpt>
      <trkpt lat="32.775435" lon="-16.893680">
        <ele>875.4</ele>
        <time>2025-02-15T13:49:23.000Z</time>
        <sat>8</sat>
      </trkpt>
      <trkpt lat="32.775460" lon="-16.893575">
        <ele>873.7</ele>
        <time>2025-02-15T13:49:27.000Z</time>
        <sat>8</sat>
      </trkpt>
      <trkpt lat="32.775505" lon="-16.893465">
        <ele>872.2</ele>
        <time>2025-02-15T13:49:33.000Z</time>
        <sat>8</sat>
      </trkpt>
      <trkpt lat="32.775562" lon="-16.893378">
        <ele>870.1</ele>
        <time>2025-02-15T13:49:40.000Z</time>
        <sat>8</sat>
      </trkpt>
      <trkpt lat="32.775590" lon="-16.893267">
        <ele>867.8</ele>
        <time>2025-02-15T13:49:47.000Z</time>
        <sat>8</sat>
      </trkpt>
      <trkpt lat="32.775603" lon="-16.893150">
        <ele>864.7</ele>
        <time>2025-02-15T13:50:01.000Z</time>
        <sat>8</sat>
      </trkpt>
      <trkpt lat="32.775637" lon="-16.893030">
        <ele>863.1</ele>
        <time>2025-02-15T13:50:07.000Z</time>
        <sat>8</sat>
      </trkpt>
      <trkpt lat="32.775678" lon="-16.892920">
        <ele>862.4</ele>
        <time>2025-02-15T13:50:11.000Z</time>
        <sat>8</sat>
      </trkpt>
      <trkpt lat="32.775730" lon="-16.892805">
        <ele>861.6</ele>
        <time>2025-02-15T13:50:15.000Z</time>
        <sat>8</sat>
      </trkpt>
      <trkpt lat="32.775770" lon="-16.892682">
        <ele>860.3</ele>
        <time>2025-02-15T13:50:20.000Z</time>
        <sat>8</sat>
      </trkpt>
      <trkpt lat="32.775805" lon="-16.892577">
        <ele>859.0</ele>
        <time>2025-02-15T13:50:25.000Z</time>
        <sat>8</sat>
      </trkpt>
      <trkpt lat="32.775830" lon="-16.892465">
        <ele>858.0</ele>
        <time>2025-02-15T13:50:29.000Z</time>
        <sat>8</sat>
      </trkpt>
      <trkpt lat="32.775863" lon="-16.892342">
        <ele>857.0</ele>
        <time>2025-02-15T13:50:33.000Z</time>
        <sat>8</sat>
      </trkpt>
      <trkpt lat="32.775888" lon="-16.892220">
        <ele>856.2</ele>
        <time>2025-02-15T13:50:37.000Z</time>
        <sat>8</sat>
      </trkpt>
      <trkpt lat="32.775917" lon="-16.892105">
        <ele>855.6</ele>
        <time>2025-02-15T13:50:41.000Z</time>
        <sat>8</sat>
      </trkpt>
      <trkpt lat="32.775942" lon="-16.891997">
        <ele>854.5</ele>
        <time>2025-02-15T13:50:45.000Z</time>
        <sat>8</sat>
      </trkpt>
      <trkpt lat="32.775965" lon="-16.891892">
        <ele>853.0</ele>
        <time>2025-02-15T13:50:49.000Z</time>
        <sat>8</sat>
      </trkpt>
      <trkpt lat="32.776015" lon="-16.891788">
        <ele>850.6</ele>
        <time>2025-02-15T13:50:55.000Z</time>
        <sat>8</sat>
      </trkpt>
      <trkpt lat="32.776057" lon="-16.891678">
        <ele>849.7</ele>
        <time>2025-02-15T13:50:59.000Z</time>
        <sat>8</sat>
      </trkpt>
      <trkpt lat="32.776080" lon="-16.891558">
        <ele>848.0</ele>
        <time>2025-02-15T13:51:03.000Z</time>
        <sat>8</sat>
      </trkpt>
      <trkpt lat="32.776110" lon="-16.891452">
        <ele>846.0</ele>
        <time>2025-02-15T13:51:08.000Z</time>
        <sat>8</sat>
      </trkpt>
      <trkpt lat="32.776138" lon="-16.891323">
        <ele>844.4</ele>
        <time>2025-02-15T13:51:12.000Z</time>
        <sat>8</sat>
      </trkpt>
      <trkpt lat="32.776155" lon="-16.891213">
        <ele>843.4</ele>
        <time>2025-02-15T13:51:15.000Z</time>
        <sat>8</sat>
      </trkpt>
      <trkpt lat="32.776170" lon="-16.891102">
        <ele>842.1</ele>
        <time>2025-02-15T13:51:19.000Z</time>
        <sat>8</sat>
      </trkpt>
      <trkpt lat="32.776192" lon="-16.890987">
        <ele>840.2</ele>
        <time>2025-02-15T13:51:24.000Z</time>
        <sat>8</sat>
      </trkpt>
      <trkpt lat="32.776185" lon="-16.890855">
        <ele>838.1</ele>
        <time>2025-02-15T13:51:29.000Z</time>
        <sat>8</sat>
      </trkpt>
      <trkpt lat="32.776190" lon="-16.890740">
        <ele>836.9</ele>
        <time>2025-02-15T13:51:33.000Z</time>
        <sat>8</sat>
      </trkpt>
      <trkpt lat="32.776220" lon="-16.890628">
        <ele>833.7</ele>
        <time>2025-02-15T13:51:40.000Z</time>
        <sat>8</sat>
      </trkpt>
      <trkpt lat="32.776220" lon="-16.890610">
        <ele>832.0</ele>
        <time>2025-02-15T13:51:45.000Z</time>
        <sat>8</sat>
      </trkpt>
      <trkpt lat="32.776217" lon="-16.890610">
        <ele>831.9</ele>
        <time>2025-02-15T13:51:46.000Z</time>
        <sat>8</sat>
      </trkpt>
      <trkpt lat="32.776195" lon="-16.890495">
        <ele>829.5</ele>
        <time>2025-02-15T13:52:09.000Z</time>
        <sat>8</sat>
      </trkpt>
      <trkpt lat="32.776197" lon="-16.890387">
        <ele>829.1</ele>
        <time>2025-02-15T13:52:14.000Z</time>
        <sat>8</sat>
      </trkpt>
      <trkpt lat="32.776235" lon="-16.890288">
        <ele>826.9</ele>
        <time>2025-02-15T13:52:19.000Z</time>
        <sat>8</sat>
      </trkpt>
      <trkpt lat="32.776215" lon="-16.890172">
        <ele>824.9</ele>
        <time>2025-02-15T13:52:26.000Z</time>
        <sat>8</sat>
      </trkpt>
      <trkpt lat="32.776222" lon="-16.890047">
        <ele>822.7</ele>
        <time>2025-02-15T13:52:33.000Z</time>
        <sat>8</sat>
      </trkpt>
      <trkpt lat="32.776250" lon="-16.889937">
        <ele>820.3</ele>
        <time>2025-02-15T13:52:40.000Z</time>
        <sat>7</sat>
      </trkpt>
      <trkpt lat="32.776298" lon="-16.889825">
        <ele>818.8</ele>
        <time>2025-02-15T13:52:43.000Z</time>
        <sat>7</sat>
      </trkpt>
      <trkpt lat="32.776302" lon="-16.889703">
        <ele>817.0</ele>
        <time>2025-02-15T13:52:47.000Z</time>
        <sat>7</sat>
      </trkpt>
      <trkpt lat="32.776327" lon="-16.889595">
        <ele>814.9</ele>
        <time>2025-02-15T13:52:52.000Z</time>
        <sat>7</sat>
      </trkpt>
      <trkpt lat="32.776365" lon="-16.889473">
        <ele>812.8</ele>
        <time>2025-02-15T13:52:57.000Z</time>
        <sat>7</sat>
      </trkpt>
      <trkpt lat="32.776393" lon="-16.889367">
        <ele>810.4</ele>
        <time>2025-02-15T13:53:02.000Z</time>
        <sat>7</sat>
      </trkpt>
      <trkpt lat="32.776403" lon="-16.889258">
        <ele>807.0</ele>
        <time>2025-02-15T13:53:08.000Z</time>
        <sat>7</sat>
      </trkpt>
      <trkpt lat="32.776452" lon="-16.889165">
        <ele>802.9</ele>
        <time>2025-02-15T13:53:18.000Z</time>
        <sat>7</sat>
      </trkpt>
      <trkpt lat="32.776483" lon="-16.889062">
        <ele>800.0</ele>
        <time>2025-02-15T13:53:25.000Z</time>
        <sat>7</sat>
      </trkpt>
      <trkpt lat="32.776543" lon="-16.888958">
        <ele>797.4</ele>
        <time>2025-02-15T13:53:30.000Z</time>
        <sat>7</sat>
      </trkpt>
      <trkpt lat="32.776605" lon="-16.888848">
        <ele>795.4</ele>
        <time>2025-02-15T13:53:35.000Z</time>
        <sat>7</sat>
      </trkpt>
      <trkpt lat="32.776653" lon="-16.888737">
        <ele>793.5</ele>
        <time>2025-02-15T13:53:40.000Z</time>
        <sat>7</sat>
      </trkpt>
      <trkpt lat="32.776682" lon="-16.888625">
        <ele>789.9</ele>
        <time>2025-02-15T13:53:46.000Z</time>
        <sat>7</sat>
      </trkpt>
      <trkpt lat="32.776698" lon="-16.888513">
        <ele>787.4</ele>
        <time>2025-02-15T13:53:53.000Z</time>
        <sat>7</sat>
      </trkpt>
      <trkpt lat="32.776727" lon="-16.888408">
        <ele>785.0</ele>
        <time>2025-02-15T13:54:01.000Z</time>
        <sat>7</sat>
      </trkpt>
      <trkpt lat="32.776767" lon="-16.888300">
        <ele>783.1</ele>
        <time>2025-02-15T13:54:07.000Z</time>
        <sat>7</sat>
      </trkpt>
      <trkpt lat="32.776767" lon="-16.888205">
        <ele>780.6</ele>
        <time>2025-02-15T13:54:17.000Z</time>
        <sat>7</sat>
      </trkpt>
      <trkpt lat="32.776762" lon="-16.888200">
        <ele>780.3</ele>
        <time>2025-02-15T13:54:18.000Z</time>
        <sat>7</sat>
      </trkpt>
      <trkpt lat="32.776775" lon="-16.888090">
        <ele>778.1</ele>
        <time>2025-02-15T13:54:32.000Z</time>
        <sat>7</sat>
      </trkpt>
      <trkpt lat="32.776815" lon="-16.887977">
        <ele>776.9</ele>
        <time>2025-02-15T13:54:39.000Z</time>
        <sat>7</sat>
      </trkpt>
      <trkpt lat="32.776892" lon="-16.887900">
        <ele>775.5</ele>
        <time>2025-02-15T13:54:46.000Z</time>
        <sat>7</sat>
      </trkpt>
      <trkpt lat="32.776985" lon="-16.887873">
        <ele>774.8</ele>
        <time>2025-02-15T13:54:52.000Z</time>
        <sat>7</sat>
      </trkpt>
      <trkpt lat="32.777062" lon="-16.887812">
        <ele>773.8</ele>
        <time>2025-02-15T13:55:03.000Z</time>
        <sat>8</sat>
      </trkpt>
      <trkpt lat="32.777122" lon="-16.887707">
        <ele>771.7</ele>
        <time>2025-02-15T13:55:12.000Z</time>
        <sat>8</sat>
      </trkpt>
      <trkpt lat="32.777152" lon="-16.887598">
        <ele>771.4</ele>
        <time>2025-02-15T13:55:19.000Z</time>
        <sat>8</sat>
      </trkpt>
      <trkpt lat="32.777152" lon="-16.887485">
        <ele>770.7</ele>
        <time>2025-02-15T13:55:27.000Z</time>
        <sat>8</sat>
      </trkpt>
      <trkpt lat="32.777155" lon="-16.887372">
        <ele>768.5</ele>
        <time>2025-02-15T13:55:36.000Z</time>
        <sat>8</sat>
      </trkpt>
      <trkpt lat="32.777160" lon="-16.887260">
        <ele>767.3</ele>
        <time>2025-02-15T13:55:41.000Z</time>
        <sat>8</sat>
      </trkpt>
      <trkpt lat="32.777162" lon="-16.887132">
        <ele>766.0</ele>
        <time>2025-02-15T13:55:46.000Z</time>
        <sat>8</sat>
      </trkpt>
      <trkpt lat="32.777158" lon="-16.887008">
        <ele>764.4</ele>
        <time>2025-02-15T13:55:53.000Z</time>
        <sat>8</sat>
      </trkpt>
      <trkpt lat="32.777175" lon="-16.886877">
        <ele>763.1</ele>
        <time>2025-02-15T13:55:58.000Z</time>
        <sat>8</sat>
      </trkpt>
      <trkpt lat="32.777162" lon="-16.886758">
        <ele>761.7</ele>
        <time>2025-02-15T13:56:03.000Z</time>
        <sat>8</sat>
      </trkpt>
      <trkpt lat="32.777162" lon="-16.886622">
        <ele>760.7</ele>
        <time>2025-02-15T13:56:07.000Z</time>
        <sat>8</sat>
      </trkpt>
      <trkpt lat="32.777172" lon="-16.886488">
        <ele>759.5</ele>
        <time>2025-02-15T13:56:10.000Z</time>
        <sat>7</sat>
      </trkpt>
      <trkpt lat="32.777200" lon="-16.886367">
        <ele>758.8</ele>
        <time>2025-02-15T13:56:12.000Z</time>
        <sat>8</sat>
      </trkpt>
      <trkpt lat="32.777215" lon="-16.886257">
        <ele>758.1</ele>
        <time>2025-02-15T13:56:14.000Z</time>
        <sat>8</sat>
      </trkpt>
      <trkpt lat="32.777223" lon="-16.886128">
        <ele>757.1</ele>
        <time>2025-02-15T13:56:17.000Z</time>
        <sat>8</sat>
      </trkpt>
      <trkpt lat="32.777218" lon="-16.886002">
        <ele>756.2</ele>
        <time>2025-02-15T13:56:21.000Z</time>
        <sat>8</sat>
      </trkpt>
      <trkpt lat="32.777215" lon="-16.885862">
        <ele>754.8</ele>
        <time>2025-02-15T13:56:25.000Z</time>
        <sat>8</sat>
      </trkpt>
      <trkpt lat="32.777217" lon="-16.885753">
        <ele>754.1</ele>
        <time>2025-02-15T13:56:28.000Z</time>
        <sat>7</sat>
      </trkpt>
      <trkpt lat="32.777222" lon="-16.885643">
        <ele>753.3</ele>
        <time>2025-02-15T13:56:31.000Z</time>
        <sat>7</sat>
      </trkpt>
      <trkpt lat="32.777242" lon="-16.885527">
        <ele>752.3</ele>
        <time>2025-02-15T13:56:34.000Z</time>
        <sat>8</sat>
      </trkpt>
      <trkpt lat="32.777275" lon="-16.885397">
        <ele>751.2</ele>
        <time>2025-02-15T13:56:38.000Z</time>
        <sat>8</sat>
      </trkpt>
      <trkpt lat="32.777312" lon="-16.885287">
        <ele>750.2</ele>
        <time>2025-02-15T13:56:42.000Z</time>
        <sat>8</sat>
      </trkpt>
      <trkpt lat="32.777370" lon="-16.885183">
        <ele>749.1</ele>
        <time>2025-02-15T13:56:46.000Z</time>
        <sat>7</sat>
      </trkpt>
      <trkpt lat="32.777432" lon="-16.885090">
        <ele>747.9</ele>
        <time>2025-02-15T13:56:49.000Z</time>
        <sat>7</sat>
      </trkpt>
      <trkpt lat="32.777497" lon="-16.885012">
        <ele>746.4</ele>
        <time>2025-02-15T13:56:52.000Z</time>
        <sat>7</sat>
      </trkpt>
      <trkpt lat="32.777568" lon="-16.884922">
        <ele>744.9</ele>
        <time>2025-02-15T13:56:56.000Z</time>
        <sat>7</sat>
      </trkpt>
      <trkpt lat="32.777648" lon="-16.884825">
        <ele>742.9</ele>
        <time>2025-02-15T13:57:01.000Z</time>
        <sat>7</sat>
      </trkpt>
      <trkpt lat="32.777725" lon="-16.884732">
        <ele>741.0</ele>
        <time>2025-02-15T13:57:06.000Z</time>
        <sat>7</sat>
      </trkpt>
      <trkpt lat="32.777777" lon="-16.884623">
        <ele>738.7</ele>
        <time>2025-02-15T13:57:10.000Z</time>
        <sat>7</sat>
      </trkpt>
      <trkpt lat="32.777835" lon="-16.884535">
        <ele>737.4</ele>
        <time>2025-02-15T13:57:13.000Z</time>
        <sat>7</sat>
      </trkpt>
      <trkpt lat="32.777908" lon="-16.884450">
        <ele>735.5</ele>
        <time>2025-02-15T13:57:17.000Z</time>
        <sat>7</sat>
      </trkpt>
      <trkpt lat="32.777992" lon="-16.884355">
        <ele>733.5</ele>
        <time>2025-02-15T13:57:21.000Z</time>
        <sat>7</sat>
      </trkpt>
      <trkpt lat="32.778063" lon="-16.884280">
        <ele>732.1</ele>
        <time>2025-02-15T13:57:25.000Z</time>
        <sat>7</sat>
      </trkpt>
      <trkpt lat="32.778112" lon="-16.884183">
        <ele>730.7</ele>
        <time>2025-02-15T13:57:29.000Z</time>
        <sat>7</sat>
      </trkpt>
      <trkpt lat="32.778150" lon="-16.884080">
        <ele>729.8</ele>
        <time>2025-02-15T13:57:33.000Z</time>
        <sat>7</sat>
      </trkpt>
      <trkpt lat="32.778165" lon="-16.883947">
        <ele>728.8</ele>
        <time>2025-02-15T13:57:37.000Z</time>
        <sat>7</sat>
      </trkpt>
      <trkpt lat="32.778157" lon="-16.883833">
        <ele>728.3</ele>
        <time>2025-02-15T13:57:40.000Z</time>
        <sat>7</sat>
      </trkpt>
      <trkpt lat="32.778175" lon="-16.883723">
        <ele>727.6</ele>
        <time>2025-02-15T13:57:43.000Z</time>
        <sat>8</sat>
      </trkpt>
      <trkpt lat="32.778187" lon="-16.883610">
        <ele>726.5</ele>
        <time>2025-02-15T13:57:47.000Z</time>
        <sat>8</sat>
      </trkpt>
      <trkpt lat="32.778192" lon="-16.883478">
        <ele>725.4</ele>
        <time>2025-02-15T13:57:51.000Z</time>
        <sat>8</sat>
      </trkpt>
      <trkpt lat="32.778205" lon="-16.883338">
        <ele>724.2</ele>
        <time>2025-02-15T13:57:55.000Z</time>
        <sat>8</sat>
      </trkpt>
      <trkpt lat="32.778232" lon="-16.883202">
        <ele>722.7</ele>
        <time>2025-02-15T13:57:59.000Z</time>
        <sat>8</sat>
      </trkpt>
      <trkpt lat="32.778233" lon="-16.883070">
        <ele>721.6</ele>
        <time>2025-02-15T13:58:03.000Z</time>
        <sat>8</sat>
      </trkpt>
      <trkpt lat="32.778212" lon="-16.882960">
        <ele>720.8</ele>
        <time>2025-02-15T13:58:07.000Z</time>
        <sat>8</sat>
      </trkpt>
      <trkpt lat="32.778198" lon="-16.882828">
        <ele>720.0</ele>
        <time>2025-02-15T13:58:11.000Z</time>
        <sat>8</sat>
      </trkpt>
      <trkpt lat="32.778165" lon="-16.882715">
        <ele>719.2</ele>
        <time>2025-02-15T13:58:15.000Z</time>
        <sat>8</sat>
      </trkpt>
      <trkpt lat="32.778152" lon="-16.882583">
        <ele>718.6</ele>
        <time>2025-02-15T13:58:19.000Z</time>
        <sat>8</sat>
      </trkpt>
      <trkpt lat="32.778177" lon="-16.882457">
        <ele>717.8</ele>
        <time>2025-02-15T13:58:23.000Z</time>
        <sat>8</sat>
      </trkpt>
      <trkpt lat="32.778200" lon="-16.882335">
        <ele>717.1</ele>
        <time>2025-02-15T13:58:27.000Z</time>
        <sat>8</sat>
      </trkpt>
      <trkpt lat="32.778223" lon="-16.882205">
        <ele>715.5</ele>
        <time>2025-02-15T13:58:32.000Z</time>
        <sat>7</sat>
      </trkpt>
      <trkpt lat="32.778253" lon="-16.882095">
        <ele>714.5</ele>
        <time>2025-02-15T13:58:36.000Z</time>
        <sat>7</sat>
      </trkpt>
      <trkpt lat="32.778270" lon="-16.881982">
        <ele>713.0</ele>
        <time>2025-02-15T13:58:41.000Z</time>
        <sat>7</sat>
      </trkpt>
      <trkpt lat="32.778303" lon="-16.881873">
        <ele>711.5</ele>
        <time>2025-02-15T13:58:45.000Z</time>
        <sat>7</sat>
      </trkpt>
      <trkpt lat="32.778327" lon="-16.881755">
        <ele>709.9</ele>
        <time>2025-02-15T13:58:50.000Z</time>
        <sat>8</sat>
      </trkpt>
      <trkpt lat="32.778352" lon="-16.881633">
        <ele>707.8</ele>
        <time>2025-02-15T13:58:55.000Z</time>
        <sat>8</sat>
      </trkpt>
      <trkpt lat="32.778378" lon="-16.881517">
        <ele>706.0</ele>
        <time>2025-02-15T13:58:59.000Z</time>
        <sat>8</sat>
      </trkpt>
      <trkpt lat="32.778395" lon="-16.881385">
        <ele>704.0</ele>
        <time>2025-02-15T13:59:03.000Z</time>
        <sat>8</sat>
      </trkpt>
      <trkpt lat="32.778415" lon="-16.881257">
        <ele>702.4</ele>
        <time>2025-02-15T13:59:07.000Z</time>
        <sat>8</sat>
      </trkpt>
      <trkpt lat="32.778432" lon="-16.881140">
        <ele>700.8</ele>
        <time>2025-02-15T13:59:11.000Z</time>
        <sat>8</sat>
      </trkpt>
      <trkpt lat="32.778448" lon="-16.881017">
        <ele>699.7</ele>
        <time>2025-02-15T13:59:15.000Z</time>
        <sat>8</sat>
      </trkpt>
      <trkpt lat="32.778475" lon="-16.880900">
        <ele>698.5</ele>
        <time>2025-02-15T13:59:19.000Z</time>
        <sat>8</sat>
      </trkpt>
      <trkpt lat="32.778493" lon="-16.880780">
        <ele>697.3</ele>
        <time>2025-02-15T13:59:23.000Z</time>
        <sat>8</sat>
      </trkpt>
      <trkpt lat="32.778515" lon="-16.880647">
        <ele>696.3</ele>
        <time>2025-02-15T13:59:27.000Z</time>
        <sat>8</sat>
      </trkpt>
      <trkpt lat="32.778538" lon="-16.880512">
        <ele>695.6</ele>
        <time>2025-02-15T13:59:31.000Z</time>
        <sat>8</sat>
      </trkpt>
      <trkpt lat="32.778563" lon="-16.880407">
        <ele>694.7</ele>
        <time>2025-02-15T13:59:34.000Z</time>
        <sat>8</sat>
      </trkpt>
      <trkpt lat="32.778598" lon="-16.880282">
        <ele>694.0</ele>
        <time>2025-02-15T13:59:38.000Z</time>
        <sat>8</sat>
      </trkpt>
      <trkpt lat="32.778628" lon="-16.880157">
        <ele>693.2</ele>
        <time>2025-02-15T13:59:42.000Z</time>
        <sat>8</sat>
      </trkpt>
      <trkpt lat="32.778672" lon="-16.880040">
        <ele>692.1</ele>
        <time>2025-02-15T13:59:46.000Z</time>
        <sat>8</sat>
      </trkpt>
      <trkpt lat="32.778730" lon="-16.879950">
        <ele>690.7</ele>
        <time>2025-02-15T13:59:50.000Z</time>
        <sat>8</sat>
      </trkpt>
      <trkpt lat="32.778817" lon="-16.879873">
        <ele>688.5</ele>
        <time>2025-02-15T13:59:55.000Z</time>
        <sat>8</sat>
      </trkpt>
      <trkpt lat="32.778878" lon="-16.879773">
        <ele>686.6</ele>
        <time>2025-02-15T13:59:59.000Z</time>
        <sat>8</sat>
      </trkpt>
      <trkpt lat="32.778902" lon="-16.879653">
        <ele>685.8</ele>
        <time>2025-02-15T14:00:02.000Z</time>
        <sat>8</sat>
      </trkpt>
      <trkpt lat="32.778808" lon="-16.879655">
        <ele>684.9</ele>
        <time>2025-02-15T14:00:06.000Z</time>
        <sat>8</sat>
      </trkpt>
      <trkpt lat="32.778710" lon="-16.879712">
        <ele>683.9</ele>
        <time>2025-02-15T14:00:10.000Z</time>
        <sat>8</sat>
      </trkpt>
      <trkpt lat="32.778622" lon="-16.879753">
        <ele>682.9</ele>
        <time>2025-02-15T14:00:14.000Z</time>
        <sat>8</sat>
      </trkpt>
      <trkpt lat="32.778528" lon="-16.879790">
        <ele>681.6</ele>
        <time>2025-02-15T14:00:18.000Z</time>
        <sat>7</sat>
      </trkpt>
      <trkpt lat="32.778435" lon="-16.879833">
        <ele>680.6</ele>
        <time>2025-02-15T14:00:22.000Z</time>
        <sat>7</sat>
      </trkpt>
      <trkpt lat="32.778343" lon="-16.879908">
        <ele>679.6</ele>
        <time>2025-02-15T14:00:26.000Z</time>
        <sat>7</sat>
      </trkpt>
      <trkpt lat="32.778275" lon="-16.879998">
        <ele>678.5</ele>
        <time>2025-02-15T14:00:30.000Z</time>
        <sat>7</sat>
      </trkpt>
      <trkpt lat="32.778240" lon="-16.880118">
        <ele>677.7</ele>
        <time>2025-02-15T14:00:34.000Z</time>
        <sat>8</sat>
      </trkpt>
      <trkpt lat="32.778235" lon="-16.880240">
        <ele>676.8</ele>
        <time>2025-02-15T14:00:38.000Z</time>
        <sat>8</sat>
      </trkpt>
      <trkpt lat="32.778267" lon="-16.880352">
        <ele>675.7</ele>
        <time>2025-02-15T14:00:42.000Z</time>
        <sat>8</sat>
      </trkpt>
      <trkpt lat="32.778278" lon="-16.880460">
        <ele>674.7</ele>
        <time>2025-02-15T14:00:46.000Z</time>
        <sat>8</sat>
      </trkpt>
      <trkpt lat="32.778235" lon="-16.880572">
        <ele>673.6</ele>
        <time>2025-02-15T14:00:51.000Z</time>
        <sat>8</sat>
      </trkpt>
      <trkpt lat="32.778167" lon="-16.880677">
        <ele>672.9</ele>
        <time>2025-02-15T14:00:56.000Z</time>
        <sat>8</sat>
      </trkpt>
      <trkpt lat="32.778088" lon="-16.880770">
        <ele>672.3</ele>
        <time>2025-02-15T14:01:01.000Z</time>
        <sat>8</sat>
      </trkpt>
      <trkpt lat="32.778028" lon="-16.880858">
        <ele>671.6</ele>
        <time>2025-02-15T14:01:05.000Z</time>
        <sat>7</sat>
      </trkpt>
      <trkpt lat="32.777958" lon="-16.880930">
        <ele>670.7</ele>
        <time>2025-02-15T14:01:11.000Z</time>
        <sat>8</sat>
      </trkpt>
      <trkpt lat="32.777897" lon="-16.881023">
        <ele>669.3</ele>
        <time>2025-02-15T14:01:18.000Z</time>
        <sat>7</sat>
      </trkpt>
      <trkpt lat="32.777888" lon="-16.881045">
        <ele>668.2</ele>
        <time>2025-02-15T14:01:25.000Z</time>
        <sat>8</sat>
      </trkpt>
      <trkpt lat="32.777890" lon="-16.881042">
        <ele>668.6</ele>
        <time>2025-02-15T14:01:26.000Z</time>
        <sat>8</sat>
      </trkpt>
      <trkpt lat="32.777895" lon="-16.881038">
        <ele>669.1</ele>
        <time>2025-02-15T14:01:29.000Z</time>
        <sat>7</sat>
      </trkpt>
      <trkpt lat="32.777898" lon="-16.881037">
        <ele>669.1</ele>
        <time>2025-02-15T14:01:30.000Z</time>
        <sat>8</sat>
      </trkpt>
      <trkpt lat="32.777802" lon="-16.881088">
        <ele>665.4</ele>
        <time>2025-02-15T14:01:49.000Z</time>
        <sat>7</sat>
      </trkpt>
      <trkpt lat="32.777740" lon="-16.881167">
        <ele>664.5</ele>
        <time>2025-02-15T14:02:00.000Z</time>
        <sat>7</sat>
      </trkpt>
      <trkpt lat="32.777667" lon="-16.881263">
        <ele>663.6</ele>
        <time>2025-02-15T14:02:09.000Z</time>
        <sat>7</sat>
      </trkpt>
      <trkpt lat="32.777590" lon="-16.881357">
        <ele>662.6</ele>
        <time>2025-02-15T14:02:13.000Z</time>
        <sat>7</sat>
      </trkpt>
      <trkpt lat="32.777523" lon="-16.881452">
        <ele>661.7</ele>
        <time>2025-02-15T14:02:18.000Z</time>
        <sat>7</sat>
      </trkpt>
      <trkpt lat="32.777457" lon="-16.881548">
        <ele>660.9</ele>
        <time>2025-02-15T14:02:23.000Z</time>
        <sat>7</sat>
      </trkpt>
      <trkpt lat="32.777365" lon="-16.881602">
        <ele>659.4</ele>
        <time>2025-02-15T14:02:29.000Z</time>
        <sat>7</sat>
      </trkpt>
      <trkpt lat="32.777262" lon="-16.881633">
        <ele>656.9</ele>
        <time>2025-02-15T14:02:36.000Z</time>
        <sat>7</sat>
      </trkpt>
      <trkpt lat="32.777168" lon="-16.881702">
        <ele>655.5</ele>
        <time>2025-02-15T14:02:40.000Z</time>
        <sat>7</sat>
      </trkpt>
      <trkpt lat="32.777102" lon="-16.881773">
        <ele>654.6</ele>
        <time>2025-02-15T14:02:43.000Z</time>
        <sat>7</sat>
      </trkpt>
      <trkpt lat="32.777038" lon="-16.881870">
        <ele>653.4</ele>
        <time>2025-02-15T14:02:47.000Z</time>
        <sat>7</sat>
      </trkpt>
      <trkpt lat="32.776982" lon="-16.881955">
        <ele>651.7</ele>
        <time>2025-02-15T14:02:52.000Z</time>
        <sat>7</sat>
      </trkpt>
      <trkpt lat="32.776952" lon="-16.882067">
        <ele>649.4</ele>
        <time>2025-02-15T14:02:58.000Z</time>
        <sat>7</sat>
      </trkpt>
      <trkpt lat="32.776922" lon="-16.882170">
        <ele>647.3</ele>
        <time>2025-02-15T14:03:05.000Z</time>
        <sat>7</sat>
      </trkpt>
      <trkpt lat="32.776928" lon="-16.882285">
        <ele>645.2</ele>
        <time>2025-02-15T14:03:12.000Z</time>
        <sat>6</sat>
      </trkpt>
      <trkpt lat="32.776917" lon="-16.882403">
        <ele>643.6</ele>
        <time>2025-02-15T14:03:18.000Z</time>
        <sat>6</sat>
      </trkpt>
      <trkpt lat="32.776897" lon="-16.882512">
        <ele>642.1</ele>
        <time>2025-02-15T14:03:24.000Z</time>
        <sat>6</sat>
      </trkpt>
      <trkpt lat="32.776845" lon="-16.882617">
        <ele>640.5</ele>
        <time>2025-02-15T14:03:33.000Z</time>
        <sat>6</sat>
      </trkpt>
      <trkpt lat="32.776822" lon="-16.882732">
        <ele>638.7</ele>
        <time>2025-02-15T14:03:42.000Z</time>
        <sat>6</sat>
      </trkpt>
      <trkpt lat="32.776743" lon="-16.882802">
        <ele>637.7</ele>
        <time>2025-02-15T14:03:48.000Z</time>
        <sat>6</sat>
      </trkpt>
      <trkpt lat="32.776675" lon="-16.882872">
        <ele>636.8</ele>
        <time>2025-02-15T14:03:52.000Z</time>
        <sat>6</sat>
      </trkpt>
      <trkpt lat="32.776623" lon="-16.882983">
        <ele>635.8</ele>
        <time>2025-02-15T14:03:56.000Z</time>
        <sat>6</sat>
      </trkpt>
      <trkpt lat="32.776643" lon="-16.883098">
        <ele>634.5</ele>
        <time>2025-02-15T14:04:01.000Z</time>
        <sat>6</sat>
      </trkpt>
      <trkpt lat="32.776648" lon="-16.883117">
        <ele>633.6</ele>
        <time>2025-02-15T14:04:05.000Z</time>
        <sat>7</sat>
      </trkpt>
      <trkpt lat="32.776652" lon="-16.883125">
        <ele>633.1</ele>
        <time>2025-02-15T14:04:07.000Z</time>
        <sat>7</sat>
      </trkpt>
      <trkpt lat="32.776645" lon="-16.883143">
        <ele>631.4</ele>
        <time>2025-02-15T14:04:14.000Z</time>
        <sat>6</sat>
      </trkpt>
      <trkpt lat="32.776648" lon="-16.883145">
        <ele>630.5</ele>
        <time>2025-02-15T14:04:15.000Z</time>
        <sat>6</sat>
      </trkpt>
      <trkpt lat="32.776557" lon="-16.883230">
        <ele>630.6</ele>
        <time>2025-02-15T14:04:24.000Z</time>
        <sat>7</sat>
      </trkpt>
      <trkpt lat="32.776468" lon="-16.883312">
        <ele>630.5</ele>
        <time>2025-02-15T14:04:29.000Z</time>
        <sat>7</sat>
      </trkpt>
      <trkpt lat="32.776387" lon="-16.883405">
        <ele>629.1</ele>
        <time>2025-02-15T14:04:34.000Z</time>
        <sat>7</sat>
      </trkpt>
      <trkpt lat="32.776318" lon="-16.883493">
        <ele>626.8</ele>
        <time>2025-02-15T14:04:39.000Z</time>
        <sat>7</sat>
      </trkpt>
      <trkpt lat="32.776302" lon="-16.883372">
        <ele>619.8</ele>
        <time>2025-02-15T14:04:57.000Z</time>
        <sat>7</sat>
      </trkpt>
      <trkpt lat="32.776210" lon="-16.883347">
        <ele>615.6</ele>
        <time>2025-02-15T14:05:09.000Z</time>
        <sat>7</sat>
      </trkpt>
      <trkpt lat="32.776168" lon="-16.883245">
        <ele>606.8</ele>
        <time>2025-02-15T14:05:29.000Z</time>
        <sat>7</sat>
      </trkpt>
      <trkpt lat="32.776252" lon="-16.883182">
        <ele>604.0</ele>
        <time>2025-02-15T14:05:39.000Z</time>
        <sat>7</sat>
      </trkpt>
      <trkpt lat="32.776328" lon="-16.883095">
        <ele>603.4</ele>
        <time>2025-02-15T14:05:44.000Z</time>
        <sat>7</sat>
      </trkpt>
      <trkpt lat="32.776385" lon="-16.883007">
        <ele>603.0</ele>
        <time>2025-02-15T14:05:48.000Z</time>
        <sat>6</sat>
      </trkpt>
      <trkpt lat="32.776408" lon="-16.882893">
        <ele>603.0</ele>
        <time>2025-02-15T14:05:52.000Z</time>
        <sat>6</sat>
      </trkpt>
      <trkpt lat="32.776433" lon="-16.882767">
        <ele>602.9</ele>
        <time>2025-02-15T14:05:56.000Z</time>
        <sat>6</sat>
      </trkpt>
      <trkpt lat="32.776405" lon="-16.882635">
        <ele>603.0</ele>
        <time>2025-02-15T14:06:01.000Z</time>
        <sat>6</sat>
      </trkpt>
      <trkpt lat="32.776385" lon="-16.882527">
        <ele>603.0</ele>
        <time>2025-02-15T14:06:05.000Z</time>
        <sat>6</sat>
      </trkpt>
      <trkpt lat="32.776342" lon="-16.882417">
        <ele>602.9</ele>
        <time>2025-02-15T14:06:10.000Z</time>
        <sat>6</sat>
      </trkpt>
      <trkpt lat="32.776323" lon="-16.882312">
        <ele>602.5</ele>
        <time>2025-02-15T14:06:15.000Z</time>
        <sat>6</sat>
      </trkpt>
      <trkpt lat="32.776288" lon="-16.882207">
        <ele>602.6</ele>
        <time>2025-02-15T14:06:20.000Z</time>
        <sat>6</sat>
      </trkpt>
      <trkpt lat="32.776187" lon="-16.882158">
        <ele>602.5</ele>
        <time>2025-02-15T14:06:23.000Z</time>
        <sat>6</sat>
      </trkpt>
      <trkpt lat="32.776108" lon="-16.882067">
        <ele>603.2</ele>
        <time>2025-02-15T14:06:31.000Z</time>
        <sat>6</sat>
      </trkpt>
      <trkpt lat="32.776003" lon="-16.882043">
        <ele>603.7</ele>
        <time>2025-02-15T14:06:35.000Z</time>
        <sat>6</sat>
      </trkpt>
      <trkpt lat="32.775970" lon="-16.881930">
        <ele>606.4</ele>
        <time>2025-02-15T14:06:46.000Z</time>
        <sat>6</sat>
      </trkpt>
      <trkpt lat="32.775943" lon="-16.881822">
        <ele>607.3</ele>
        <time>2025-02-15T14:06:54.000Z</time>
        <sat>6</sat>
      </trkpt>
      <trkpt lat="32.775885" lon="-16.881738">
        <ele>608.1</ele>
        <time>2025-02-15T14:07:02.000Z</time>
        <sat>6</sat>
      </trkpt>
      <trkpt lat="32.775845" lon="-16.881642">
        <ele>608.7</ele>
        <time>2025-02-15T14:07:08.000Z</time>
        <sat>6</sat>
      </trkpt>
      <trkpt lat="32.775847" lon="-16.881528">
        <ele>609.3</ele>
        <time>2025-02-15T14:07:14.000Z</time>
        <sat>6</sat>
      </trkpt>
      <trkpt lat="32.775853" lon="-16.881403">
        <ele>609.4</ele>
        <time>2025-02-15T14:07:18.000Z</time>
        <sat>6</sat>
      </trkpt>
      <trkpt lat="32.775880" lon="-16.881292">
        <ele>609.6</ele>
        <time>2025-02-15T14:07:22.000Z</time>
        <sat>6</sat>
      </trkpt>
      <trkpt lat="32.775912" lon="-16.881180">
        <ele>609.7</ele>
        <time>2025-02-15T14:07:26.000Z</time>
        <sat>6</sat>
      </trkpt>
      <trkpt lat="32.775928" lon="-16.881050">
        <ele>609.9</ele>
        <time>2025-02-15T14:07:30.000Z</time>
        <sat>6</sat>
      </trkpt>
      <trkpt lat="32.775950" lon="-16.880910">
        <ele>609.8</ele>
        <time>2025-02-15T14:07:34.000Z</time>
        <sat>6</sat>
      </trkpt>
      <trkpt lat="32.775963" lon="-16.880795">
        <ele>609.8</ele>
        <time>2025-02-15T14:07:37.000Z</time>
        <sat>6</sat>
      </trkpt>
      <trkpt lat="32.775983" lon="-16.880688">
        <ele>609.8</ele>
        <time>2025-02-15T14:07:40.000Z</time>
        <sat>6</sat>
      </trkpt>
      <trkpt lat="32.775983" lon="-16.880567">
        <ele>609.8</ele>
        <time>2025-02-15T14:07:43.000Z</time>
        <sat>6</sat>
      </trkpt>
      <trkpt lat="32.775997" lon="-16.880457">
        <ele>609.7</ele>
        <time>2025-02-15T14:07:46.000Z</time>
        <sat>6</sat>
      </trkpt>
      <trkpt lat="32.776023" lon="-16.880338">
        <ele>609.6</ele>
        <time>2025-02-15T14:07:49.000Z</time>
        <sat>6</sat>
      </trkpt>
      <trkpt lat="32.776040" lon="-16.880228">
        <ele>609.2</ele>
        <time>2025-02-15T14:07:52.000Z</time>
        <sat>6</sat>
      </trkpt>
      <trkpt lat="32.776030" lon="-16.880110">
        <ele>608.7</ele>
        <time>2025-02-15T14:07:56.000Z</time>
        <sat>6</sat>
      </trkpt>
      <trkpt lat="32.776020" lon="-16.879985">
        <ele>608.0</ele>
        <time>2025-02-15T14:08:01.000Z</time>
        <sat>6</sat>
      </trkpt>
      <trkpt lat="32.776052" lon="-16.879875">
        <ele>607.4</ele>
        <time>2025-02-15T14:08:06.000Z</time>
        <sat>6</sat>
      </trkpt>
      <trkpt lat="32.776072" lon="-16.879762">
        <ele>607.0</ele>
        <time>2025-02-15T14:08:11.000Z</time>
        <sat>6</sat>
      </trkpt>
      <trkpt lat="32.776073" lon="-16.879637">
        <ele>606.3</ele>
        <time>2025-02-15T14:08:16.000Z</time>
        <sat>6</sat>
      </trkpt>
      <trkpt lat="32.776092" lon="-16.879532">
        <ele>605.9</ele>
        <time>2025-02-15T14:08:21.000Z</time>
        <sat>6</sat>
      </trkpt>
      <trkpt lat="32.776128" lon="-16.879418">
        <ele>605.5</ele>
        <time>2025-02-15T14:08:25.000Z</time>
        <sat>6</sat>
      </trkpt>
      <trkpt lat="32.776147" lon="-16.879292">
        <ele>605.3</ele>
        <time>2025-02-15T14:08:28.000Z</time>
        <sat>6</sat>
      </trkpt>
      <trkpt lat="32.776137" lon="-16.879173">
        <ele>605.1</ele>
        <time>2025-02-15T14:08:33.000Z</time>
        <sat>6</sat>
      </trkpt>
      <trkpt lat="32.776158" lon="-16.879037">
        <ele>604.8</ele>
        <time>2025-02-15T14:08:38.000Z</time>
        <sat>6</sat>
      </trkpt>
      <trkpt lat="32.776178" lon="-16.878925">
        <ele>604.5</ele>
        <time>2025-02-15T14:08:42.000Z</time>
        <sat>6</sat>
      </trkpt>
      <trkpt lat="32.776178" lon="-16.878813">
        <ele>604.2</ele>
        <time>2025-02-15T14:08:46.000Z</time>
        <sat>6</sat>
      </trkpt>
      <trkpt lat="32.776210" lon="-16.878712">
        <ele>604.0</ele>
        <time>2025-02-15T14:08:49.000Z</time>
        <sat>7</sat>
      </trkpt>
      <trkpt lat="32.776233" lon="-16.878603">
        <ele>603.6</ele>
        <time>2025-02-15T14:08:54.000Z</time>
        <sat>6</sat>
      </trkpt>
      <trkpt lat="32.776300" lon="-16.878488">
        <ele>603.1</ele>
        <time>2025-02-15T14:08:58.000Z</time>
        <sat>7</sat>
      </trkpt>
      <trkpt lat="32.776358" lon="-16.878405">
        <ele>602.9</ele>
        <time>2025-02-15T14:09:01.000Z</time>
        <sat>7</sat>
      </trkpt>
      <trkpt lat="32.776400" lon="-16.878287">
        <ele>602.6</ele>
        <time>2025-02-15T14:09:05.000Z</time>
        <sat>7</sat>
      </trkpt>
      <trkpt lat="32.776455" lon="-16.878162">
        <ele>602.1</ele>
        <time>2025-02-15T14:09:09.000Z</time>
        <sat>6</sat>
      </trkpt>
      <trkpt lat="32.776502" lon="-16.878035">
        <ele>601.7</ele>
        <time>2025-02-15T14:09:12.000Z</time>
        <sat>6</sat>
      </trkpt>
      <trkpt lat="32.776558" lon="-16.877947">
        <ele>601.3</ele>
        <time>2025-02-15T14:09:15.000Z</time>
        <sat>6</sat>
      </trkpt>
      <trkpt lat="32.776600" lon="-16.877850">
        <ele>600.8</ele>
        <time>2025-02-15T14:09:18.000Z</time>
        <sat>7</sat>
      </trkpt>
      <trkpt lat="32.776617" lon="-16.877740">
        <ele>600.2</ele>
        <time>2025-02-15T14:09:21.000Z</time>
        <sat>8</sat>
      </trkpt>
      <trkpt lat="32.776627" lon="-16.877610">
        <ele>599.9</ele>
        <time>2025-02-15T14:09:24.000Z</time>
        <sat>7</sat>
      </trkpt>
      <trkpt lat="32.776655" lon="-16.877453">
        <ele>599.5</ele>
        <time>2025-02-15T14:09:26.000Z</time>
        <sat>7</sat>
      </trkpt>
      <trkpt lat="32.776578" lon="-16.877392">
        <ele>598.7</ele>
        <time>2025-02-15T14:09:31.000Z</time>
        <sat>7</sat>
      </trkpt>
      <trkpt lat="32.776473" lon="-16.877393">
        <ele>598.2</ele>
        <time>2025-02-15T14:09:35.000Z</time>
        <sat>7</sat>
      </trkpt>
      <trkpt lat="32.776367" lon="-16.877382">
        <ele>597.4</ele>
        <time>2025-02-15T14:09:40.000Z</time>
        <sat>7</sat>
      </trkpt>
      <trkpt lat="32.776270" lon="-16.877358">
        <ele>596.8</ele>
        <time>2025-02-15T14:09:44.000Z</time>
        <sat>7</sat>
      </trkpt>
      <trkpt lat="32.776185" lon="-16.877323">
        <ele>596.1</ele>
        <time>2025-02-15T14:09:48.000Z</time>
        <sat>7</sat>
      </trkpt>
      <trkpt lat="32.776080" lon="-16.877338">
        <ele>595.3</ele>
        <time>2025-02-15T14:09:52.000Z</time>
        <sat>7</sat>
      </trkpt>
      <trkpt lat="32.775997" lon="-16.877407">
        <ele>594.5</ele>
        <time>2025-02-15T14:09:56.000Z</time>
        <sat>7</sat>
      </trkpt>
      <trkpt lat="32.775918" lon="-16.877480">
        <ele>593.9</ele>
        <time>2025-02-15T14:10:00.000Z</time>
        <sat>7</sat>
      </trkpt>
      <trkpt lat="32.775810" lon="-16.877517">
        <ele>592.9</ele>
        <time>2025-02-15T14:10:05.000Z</time>
        <sat>7</sat>
      </trkpt>
      <trkpt lat="32.775713" lon="-16.877528">
        <ele>592.1</ele>
        <time>2025-02-15T14:10:09.000Z</time>
        <sat>7</sat>
      </trkpt>
      <trkpt lat="32.775612" lon="-16.877517">
        <ele>590.6</ele>
        <time>2025-02-15T14:10:14.000Z</time>
        <sat>7</sat>
      </trkpt>
      <trkpt lat="32.775497" lon="-16.877507">
        <ele>589.5</ele>
        <time>2025-02-15T14:10:19.000Z</time>
        <sat>7</sat>
      </trkpt>
      <trkpt lat="32.775392" lon="-16.877532">
        <ele>588.6</ele>
        <time>2025-02-15T14:10:23.000Z</time>
        <sat>7</sat>
      </trkpt>
      <trkpt lat="32.775278" lon="-16.877570">
        <ele>587.7</ele>
        <time>2025-02-15T14:10:27.000Z</time>
        <sat>7</sat>
      </trkpt>
      <trkpt lat="32.775193" lon="-16.877618">
        <ele>587.0</ele>
        <time>2025-02-15T14:10:30.000Z</time>
        <sat>7</sat>
      </trkpt>
      <trkpt lat="32.775100" lon="-16.877638">
        <ele>585.1</ele>
        <time>2025-02-15T14:10:35.000Z</time>
        <sat>7</sat>
      </trkpt>
      <trkpt lat="32.775002" lon="-16.877593">
        <ele>582.7</ele>
        <time>2025-02-15T14:10:41.000Z</time>
        <sat>7</sat>
      </trkpt>
      <trkpt lat="32.774915" lon="-16.877527">
        <ele>581.2</ele>
        <time>2025-02-15T14:10:46.000Z</time>
        <sat>7</sat>
      </trkpt>
      <trkpt lat="32.774825" lon="-16.877462">
        <ele>579.6</ele>
        <time>2025-02-15T14:10:51.000Z</time>
        <sat>7</sat>
      </trkpt>
      <trkpt lat="32.774723" lon="-16.877422">
        <ele>578.4</ele>
        <time>2025-02-15T14:10:55.000Z</time>
        <sat>7</sat>
      </trkpt>
      <trkpt lat="32.774620" lon="-16.877375">
        <ele>577.3</ele>
        <time>2025-02-15T14:10:59.000Z</time>
        <sat>7</sat>
      </trkpt>
      <trkpt lat="32.774518" lon="-16.877345">
        <ele>575.5</ele>
        <time>2025-02-15T14:11:04.000Z</time>
        <sat>7</sat>
      </trkpt>
      <trkpt lat="32.774442" lon="-16.877420">
        <ele>573.9</ele>
        <time>2025-02-15T14:11:09.000Z</time>
        <sat>6</sat>
      </trkpt>
      <trkpt lat="32.774415" lon="-16.877523">
        <ele>572.4</ele>
        <time>2025-02-15T14:11:13.000Z</time>
        <sat>7</sat>
      </trkpt>
      <trkpt lat="32.774412" lon="-16.877643">
        <ele>570.1</ele>
        <time>2025-02-15T14:11:18.000Z</time>
        <sat>7</sat>
      </trkpt>
      <trkpt lat="32.774415" lon="-16.877763">
        <ele>568.0</ele>
        <time>2025-02-15T14:11:23.000Z</time>
        <sat>7</sat>
      </trkpt>
      <trkpt lat="32.774403" lon="-16.877872">
        <ele>566.0</ele>
        <time>2025-02-15T14:11:27.000Z</time>
        <sat>6</sat>
      </trkpt>
      <trkpt lat="32.774368" lon="-16.877972">
        <ele>564.5</ele>
        <time>2025-02-15T14:11:31.000Z</time>
        <sat>6</sat>
      </trkpt>
      <trkpt lat="32.774335" lon="-16.878090">
        <ele>562.7</ele>
        <time>2025-02-15T14:11:36.000Z</time>
        <sat>7</sat>
      </trkpt>
      <trkpt lat="32.774310" lon="-16.878197">
        <ele>560.2</ele>
        <time>2025-02-15T14:11:41.000Z</time>
        <sat>7</sat>
      </trkpt>
      <trkpt lat="32.774292" lon="-16.878307">
        <ele>558.5</ele>
        <time>2025-02-15T14:11:46.000Z</time>
        <sat>7</sat>
      </trkpt>
      <trkpt lat="32.774272" lon="-16.878415">
        <ele>557.1</ele>
        <time>2025-02-15T14:11:49.000Z</time>
        <sat>7</sat>
      </trkpt>
      <trkpt lat="32.774237" lon="-16.878537">
        <ele>555.4</ele>
        <time>2025-02-15T14:11:53.000Z</time>
        <sat>7</sat>
      </trkpt>
      <trkpt lat="32.774177" lon="-16.878618">
        <ele>554.3</ele>
        <time>2025-02-15T14:11:57.000Z</time>
        <sat>7</sat>
      </trkpt>
      <trkpt lat="32.774110" lon="-16.878700">
        <ele>552.9</ele>
        <time>2025-02-15T14:12:02.000Z</time>
        <sat>7</sat>
      </trkpt>
      <trkpt lat="32.774035" lon="-16.878780">
        <ele>551.4</ele>
        <time>2025-02-15T14:12:06.000Z</time>
        <sat>7</sat>
      </trkpt>
      <trkpt lat="32.773982" lon="-16.878880">
        <ele>549.5</ele>
        <time>2025-02-15T14:12:11.000Z</time>
        <sat>6</sat>
      </trkpt>
      <trkpt lat="32.773992" lon="-16.878993">
        <ele>546.9</ele>
        <time>2025-02-15T14:12:17.000Z</time>
        <sat>6</sat>
      </trkpt>
      <trkpt lat="32.774025" lon="-16.879097">
        <ele>544.7</ele>
        <time>2025-02-15T14:12:22.000Z</time>
        <sat>6</sat>
      </trkpt>
      <trkpt lat="32.774028" lon="-16.879228">
        <ele>543.3</ele>
        <time>2025-02-15T14:12:27.000Z</time>
        <sat>6</sat>
      </trkpt>
      <trkpt lat="32.774000" lon="-16.879350">
        <ele>541.7</ele>
        <time>2025-02-15T14:12:32.000Z</time>
        <sat>6</sat>
      </trkpt>
      <trkpt lat="32.774023" lon="-16.879475">
        <ele>539.9</ele>
        <time>2025-02-15T14:12:37.000Z</time>
        <sat>6</sat>
      </trkpt>
      <trkpt lat="32.774037" lon="-16.879597">
        <ele>538.4</ele>
        <time>2025-02-15T14:12:42.000Z</time>
        <sat>6</sat>
      </trkpt>
      <trkpt lat="32.774055" lon="-16.879728">
        <ele>536.6</ele>
        <time>2025-02-15T14:12:47.000Z</time>
        <sat>7</sat>
      </trkpt>
      <trkpt lat="32.774062" lon="-16.879847">
        <ele>534.5</ele>
        <time>2025-02-15T14:12:55.000Z</time>
        <sat>7</sat>
      </trkpt>
      <trkpt lat="32.774013" lon="-16.879822">
        <ele>533.0</ele>
        <time>2025-02-15T14:13:15.000Z</time>
        <sat>7</sat>
      </trkpt>
      <trkpt lat="32.774015" lon="-16.879812">
        <ele>533.5</ele>
        <time>2025-02-15T14:13:16.000Z</time>
        <sat>7</sat>
      </trkpt>
      <trkpt lat="32.774018" lon="-16.879807">
        <ele>533.8</ele>
        <time>2025-02-15T14:13:18.000Z</time>
        <sat>7</sat>
      </trkpt>
      <trkpt lat="32.774007" lon="-16.879808">
        <ele>533.7</ele>
        <time>2025-02-15T14:13:19.000Z</time>
        <sat>7</sat>
      </trkpt>
      <trkpt lat="32.773952" lon="-16.879723">
        <ele>524.0</ele>
        <time>2025-02-15T14:13:39.000Z</time>
        <sat>7</sat>
      </trkpt>
      <trkpt lat="32.773905" lon="-16.879630">
        <ele>523.7</ele>
        <time>2025-02-15T14:13:47.000Z</time>
        <sat>6</sat>
      </trkpt>
      <trkpt lat="32.773878" lon="-16.879513">
        <ele>522.9</ele>
        <time>2025-02-15T14:13:56.000Z</time>
        <sat>6</sat>
      </trkpt>
      <trkpt lat="32.773838" lon="-16.879412">
        <ele>521.6</ele>
        <time>2025-02-15T14:14:00.000Z</time>
        <sat>6</sat>
      </trkpt>
      <trkpt lat="32.773785" lon="-16.879295">
        <ele>519.0</ele>
        <time>2025-02-15T14:14:05.000Z</time>
        <sat>6</sat>
      </trkpt>
      <trkpt lat="32.773728" lon="-16.879203">
        <ele>518.5</ele>
        <time>2025-02-15T14:14:11.000Z</time>
        <sat>7</sat>
      </trkpt>
      <trkpt lat="32.773702" lon="-16.879098">
        <ele>517.1</ele>
        <time>2025-02-15T14:14:17.000Z</time>
        <sat>7</sat>
      </trkpt>
      <trkpt lat="32.773675" lon="-16.878982">
        <ele>515.6</ele>
        <time>2025-02-15T14:14:22.000Z</time>
        <sat>7</sat>
      </trkpt>
      <trkpt lat="32.773638" lon="-16.878855">
        <ele>514.2</ele>
        <time>2025-02-15T14:14:27.000Z</time>
        <sat>7</sat>
      </trkpt>
      <trkpt lat="32.773598" lon="-16.878737">
        <ele>512.5</ele>
        <time>2025-02-15T14:14:31.000Z</time>
        <sat>7</sat>
      </trkpt>
      <trkpt lat="32.773553" lon="-16.878633">
        <ele>511.1</ele>
        <time>2025-02-15T14:14:35.000Z</time>
        <sat>7</sat>
      </trkpt>
      <trkpt lat="32.773527" lon="-16.878520">
        <ele>510.2</ele>
        <time>2025-02-15T14:14:43.000Z</time>
        <sat>7</sat>
      </trkpt>
      <trkpt lat="32.773480" lon="-16.878462">
        <ele>507.0</ele>
        <time>2025-02-15T14:14:54.000Z</time>
        <sat>7</sat>
      </trkpt>
      <trkpt lat="32.773478" lon="-16.878472">
        <ele>506.8</ele>
        <time>2025-02-15T14:14:55.000Z</time>
        <sat>7</sat>
      </trkpt>
      <trkpt lat="32.773477" lon="-16.878592">
        <ele>503.7</ele>
        <time>2025-02-15T14:15:05.000Z</time>
        <sat>7</sat>
      </trkpt>
      <trkpt lat="32.773465" lon="-16.878720">
        <ele>501.3</ele>
        <time>2025-02-15T14:15:12.000Z</time>
        <sat>7</sat>
      </trkpt>
      <trkpt lat="32.773417" lon="-16.878815">
        <ele>499.7</ele>
        <time>2025-02-15T14:15:17.000Z</time>
        <sat>7</sat>
      </trkpt>
      <trkpt lat="32.773345" lon="-16.878888">
        <ele>497.8</ele>
        <time>2025-02-15T14:15:24.000Z</time>
        <sat>7</sat>
      </trkpt>
      <trkpt lat="32.773270" lon="-16.878958">
        <ele>496.8</ele>
        <time>2025-02-15T14:15:30.000Z</time>
        <sat>7</sat>
      </trkpt>
      <trkpt lat="32.773178" lon="-16.878983">
        <ele>493.7</ele>
        <time>2025-02-15T14:15:36.000Z</time>
        <sat>7</sat>
      </trkpt>
      <trkpt lat="32.773153" lon="-16.878880">
        <ele>490.4</ele>
        <time>2025-02-15T14:15:43.000Z</time>
        <sat>6</sat>
      </trkpt>
      <trkpt lat="32.773132" lon="-16.878765">
        <ele>488.4</ele>
        <time>2025-02-15T14:15:50.000Z</time>
        <sat>7</sat>
      </trkpt>
      <trkpt lat="32.773082" lon="-16.878663">
        <ele>486.2</ele>
        <time>2025-02-15T14:15:57.000Z</time>
        <sat>7</sat>
      </trkpt>
      <trkpt lat="32.772992" lon="-16.878710">
        <ele>485.4</ele>
        <time>2025-02-15T14:16:02.000Z</time>
        <sat>6</sat>
      </trkpt>
      <trkpt lat="32.772888" lon="-16.878748">
        <ele>484.2</ele>
        <time>2025-02-15T14:16:06.000Z</time>
        <sat>6</sat>
      </trkpt>
      <trkpt lat="32.772783" lon="-16.878783">
        <ele>482.9</ele>
        <time>2025-02-15T14:16:10.000Z</time>
        <sat>7</sat>
      </trkpt>
      <trkpt lat="32.772698" lon="-16.878835">
        <ele>481.0</ele>
        <time>2025-02-15T14:16:14.000Z</time>
        <sat>7</sat>
      </trkpt>
      <trkpt lat="32.772640" lon="-16.878940">
        <ele>479.0</ele>
        <time>2025-02-15T14:16:22.000Z</time>
        <sat>7</sat>
      </trkpt>
      <trkpt lat="32.772590" lon="-16.879053">
        <ele>474.7</ele>
        <time>2025-02-15T14:16:27.000Z</time>
        <sat>7</sat>
      </trkpt>
      <trkpt lat="32.772538" lon="-16.879147">
        <ele>474.0</ele>
        <time>2025-02-15T14:16:31.000Z</time>
        <sat>7</sat>
      </trkpt>
      <trkpt lat="32.772443" lon="-16.879190">
        <ele>473.1</ele>
        <time>2025-02-15T14:16:35.000Z</time>
        <sat>6</sat>
      </trkpt>
      <trkpt lat="32.772350" lon="-16.879157">
        <ele>471.1</ele>
        <time>2025-02-15T14:16:41.000Z</time>
        <sat>7</sat>
      </trkpt>
      <trkpt lat="32.772357" lon="-16.879017">
        <ele>468.2</ele>
        <time>2025-02-15T14:16:48.000Z</time>
        <sat>7</sat>
      </trkpt>
      <trkpt lat="32.772390" lon="-16.878902">
        <ele>466.9</ele>
        <time>2025-02-15T14:16:52.000Z</time>
        <sat>7</sat>
      </trkpt>
      <trkpt lat="32.772425" lon="-16.878768">
        <ele>465.4</ele>
        <time>2025-02-15T14:16:56.000Z</time>
        <sat>7</sat>
      </trkpt>
      <trkpt lat="32.772463" lon="-16.878672">
        <ele>464.5</ele>
        <time>2025-02-15T14:16:59.000Z</time>
        <sat>7</sat>
      </trkpt>
      <trkpt lat="32.772517" lon="-16.878585">
        <ele>463.7</ele>
        <time>2025-02-15T14:17:02.000Z</time>
        <sat>7</sat>
      </trkpt>
      <trkpt lat="32.772563" lon="-16.878487">
        <ele>463.0</ele>
        <time>2025-02-15T14:17:06.000Z</time>
        <sat>7</sat>
      </trkpt>
      <trkpt lat="32.772605" lon="-16.878380">
        <ele>461.5</ele>
        <time>2025-02-15T14:17:11.000Z</time>
        <sat>6</sat>
      </trkpt>
      <trkpt lat="32.772583" lon="-16.878252">
        <ele>459.8</ele>
        <time>2025-02-15T14:17:16.000Z</time>
        <sat>6</sat>
      </trkpt>
      <trkpt lat="32.772543" lon="-16.878122">
        <ele>458.0</ele>
        <time>2025-02-15T14:17:20.000Z</time>
        <sat>6</sat>
      </trkpt>
      <trkpt lat="32.772495" lon="-16.878027">
        <ele>456.7</ele>
        <time>2025-02-15T14:17:24.000Z</time>
        <sat>6</sat>
      </trkpt>
      <trkpt lat="32.772448" lon="-16.877922">
        <ele>454.6</ele>
        <time>2025-02-15T14:17:30.000Z</time>
        <sat>6</sat>
      </trkpt>
      <trkpt lat="32.772383" lon="-16.877847">
        <ele>452.1</ele>
        <time>2025-02-15T14:17:35.000Z</time>
        <sat>7</sat>
      </trkpt>
      <trkpt lat="32.772370" lon="-16.877968">
        <ele>450.1</ele>
        <time>2025-02-15T14:17:43.000Z</time>
        <sat>7</sat>
      </trkpt>
      <trkpt lat="32.772323" lon="-16.878063">
        <ele>449.0</ele>
        <time>2025-02-15T14:17:47.000Z</time>
        <sat>7</sat>
      </trkpt>
      <trkpt lat="32.772237" lon="-16.878147">
        <ele>447.7</ele>
        <time>2025-02-15T14:17:52.000Z</time>
        <sat>7</sat>
      </trkpt>
      <trkpt lat="32.772163" lon="-16.878248">
        <ele>446.0</ele>
        <time>2025-02-15T14:17:58.000Z</time>
        <sat>7</sat>
      </trkpt>
      <trkpt lat="32.772118" lon="-16.878345">
        <ele>444.1</ele>
        <time>2025-02-15T14:18:02.000Z</time>
        <sat>7</sat>
      </trkpt>
      <trkpt lat="32.772092" lon="-16.878448">
        <ele>442.8</ele>
        <time>2025-02-15T14:18:06.000Z</time>
        <sat>7</sat>
      </trkpt>
      <trkpt lat="32.772048" lon="-16.878557">
        <ele>441.5</ele>
        <time>2025-02-15T14:18:10.000Z</time>
        <sat>7</sat>
      </trkpt>
      <trkpt lat="32.771983" lon="-16.878645">
        <ele>439.6</ele>
        <time>2025-02-15T14:18:14.000Z</time>
        <sat>7</sat>
      </trkpt>
      <trkpt lat="32.771890" lon="-16.878613">
        <ele>436.9</ele>
        <time>2025-02-15T14:18:22.000Z</time>
        <sat>7</sat>
      </trkpt>
      <trkpt lat="32.771852" lon="-16.878492">
        <ele>435.6</ele>
        <time>2025-02-15T14:18:27.000Z</time>
        <sat>7</sat>
      </trkpt>
      <trkpt lat="32.771848" lon="-16.878375">
        <ele>433.4</ele>
        <time>2025-02-15T14:18:33.000Z</time>
        <sat>7</sat>
      </trkpt>
      <trkpt lat="32.771833" lon="-16.878340">
        <ele>429.8</ele>
        <time>2025-02-15T14:18:43.000Z</time>
        <sat>7</sat>
      </trkpt>
      <trkpt lat="32.771833" lon="-16.878338">
        <ele>428.9</ele>
        <time>2025-02-15T14:18:49.000Z</time>
        <sat>7</sat>
      </trkpt>
      <trkpt lat="32.771842" lon="-16.878330">
        <ele>427.4</ele>
        <time>2025-02-15T14:18:54.000Z</time>
        <sat>7</sat>
      </trkpt>
      <trkpt lat="32.771842" lon="-16.878327">
        <ele>427.6</ele>
        <time>2025-02-15T14:18:55.000Z</time>
        <sat>7</sat>
      </trkpt>
      <trkpt lat="32.771850" lon="-16.878295">
        <ele>428.8</ele>
        <time>2025-02-15T14:19:01.000Z</time>
        <sat>7</sat>
      </trkpt>
      <trkpt lat="32.771848" lon="-16.878292">
        <ele>428.7</ele>
        <time>2025-02-15T14:19:06.000Z</time>
        <sat>7</sat>
      </trkpt>
      <trkpt lat="32.771845" lon="-16.878302">
        <ele>427.6</ele>
        <time>2025-02-15T14:19:09.000Z</time>
        <sat>7</sat>
      </trkpt>
      <trkpt lat="32.771843" lon="-16.878302">
        <ele>426.0</ele>
        <time>2025-02-15T14:19:13.000Z</time>
        <sat>7</sat>
      </trkpt>
      <trkpt lat="32.771837" lon="-16.878293">
        <ele>426.4</ele>
        <time>2025-02-15T14:19:16.000Z</time>
        <sat>6</sat>
      </trkpt>
      <trkpt lat="32.771835" lon="-16.878292">
        <ele>426.6</ele>
        <time>2025-02-15T14:19:17.000Z</time>
        <sat>6</sat>
      </trkpt>
      <trkpt lat="32.771820" lon="-16.878282">
        <ele>426.4</ele>
        <time>2025-02-15T14:19:33.000Z</time>
        <sat>7</sat>
      </trkpt>
      <trkpt lat="32.771822" lon="-16.878282">
        <ele>426.3</ele>
        <time>2025-02-15T14:19:34.000Z</time>
        <sat>7</sat>
      </trkpt>
      <trkpt lat="32.771823" lon="-16.878280">
        <ele>426.3</ele>
        <time>2025-02-15T14:19:37.000Z</time>
        <sat>7</sat>
      </trkpt>
      <trkpt lat="32.771822" lon="-16.878280">
        <ele>426.3</ele>
        <time>2025-02-15T14:19:38.000Z</time>
        <sat>7</sat>
      </trkpt>
      <trkpt lat="32.771823" lon="-16.878280">
        <ele>426.2</ele>
        <time>2025-02-15T14:19:40.000Z</time>
        <sat>6</sat>
      </trkpt>
      <trkpt lat="32.771822" lon="-16.878282">
        <ele>425.9</ele>
        <time>2025-02-15T14:19:45.000Z</time>
        <sat>5</sat>
      </trkpt>
      <trkpt lat="32.771822" lon="-16.878280">
        <ele>425.3</ele>
        <time>2025-02-15T14:19:47.000Z</time>
        <sat>7</sat>
      </trkpt>
      <trkpt lat="32.771820" lon="-16.878280">
        <ele>424.7</ele>
        <time>2025-02-15T14:19:50.000Z</time>
        <sat>7</sat>
      </trkpt>
      <trkpt lat="32.771822" lon="-16.878277">
        <ele>424.4</ele>
        <time>2025-02-15T14:19:55.000Z</time>
        <sat>5</sat>
      </trkpt>
      <trkpt lat="32.771822" lon="-16.878275">
        <ele>424.4</ele>
        <time>2025-02-15T14:19:57.000Z</time>
        <sat>5</sat>
      </trkpt>
      <trkpt lat="32.771830" lon="-16.878265">
        <ele>424.2</ele>
        <time>2025-02-15T14:20:04.000Z</time>
        <sat>5</sat>
      </trkpt>
      <trkpt lat="32.771832" lon="-16.878267">
        <ele>424.1</ele>
        <time>2025-02-15T14:20:05.000Z</time>
        <sat>6</sat>
      </trkpt>
      <trkpt lat="32.771818" lon="-16.878265">
        <ele>423.4</ele>
        <time>2025-02-15T14:20:14.000Z</time>
        <sat>6</sat>
      </trkpt>
      <trkpt lat="32.771817" lon="-16.878265">
        <ele>423.4</ele>
        <time>2025-02-15T14:20:19.000Z</time>
        <sat>7</sat>
      </trkpt>
      <trkpt lat="32.771815" lon="-16.878267">
        <ele>423.7</ele>
        <time>2025-02-15T14:20:24.000Z</time>
        <sat>6</sat>
      </trkpt>
      <trkpt lat="32.771818" lon="-16.878265">
        <ele>423.6</ele>
        <time>2025-02-15T14:20:27.000Z</time>
        <sat>6</sat>
      </trkpt>
      <trkpt lat="32.771818" lon="-16.878265">
        <ele>423.6</ele>
        <time>2025-02-15T14:20:28.000Z</time>
        <sat>5</sat>
      </trkpt>
      <trkpt lat="32.771818" lon="-16.878267">
        <ele>423.6</ele>
        <time>2025-02-15T14:20:31.000Z</time>
        <sat>5</sat>
      </trkpt>
      <trkpt lat="32.771818" lon="-16.878283">
        <ele>422.0</ele>
        <time>2025-02-15T14:20:46.000Z</time>
        <sat>6</sat>
      </trkpt>
      <trkpt lat="32.771820" lon="-16.878282">
        <ele>422.0</ele>
        <time>2025-02-15T14:20:47.000Z</time>
        <sat>6</sat>
      </trkpt>
      <trkpt lat="32.771822" lon="-16.878282">
        <ele>422.1</ele>
        <time>2025-02-15T14:20:49.000Z</time>
        <sat>6</sat>
      </trkpt>
      <trkpt lat="32.771823" lon="-16.878283">
        <ele>422.2</ele>
        <time>2025-02-15T14:20:52.000Z</time>
        <sat>6</sat>
      </trkpt>
      <trkpt lat="32.771823" lon="-16.878283">
        <ele>422.3</ele>
        <time>2025-02-15T14:20:53.000Z</time>
        <sat>7</sat>
      </trkpt>
      <trkpt lat="32.771825" lon="-16.878285">
        <ele>422.4</ele>
        <time>2025-02-15T14:20:56.000Z</time>
        <sat>7</sat>
      </trkpt>
      <trkpt lat="32.771827" lon="-16.878287">
        <ele>422.6</ele>
        <time>2025-02-15T14:21:00.000Z</time>
        <sat>7</sat>
      </trkpt>
      <trkpt lat="32.771830" lon="-16.878287">
        <ele>422.7</ele>
        <time>2025-02-15T14:21:01.000Z</time>
        <sat>6</sat>
      </trkpt>
      <trkpt lat="32.771830" lon="-16.878287">
        <ele>422.8</ele>
        <time>2025-02-15T14:21:02.000Z</time>
        <sat>7</sat>
      </trkpt>
      <trkpt lat="32.771832" lon="-16.878285">
        <ele>422.9</ele>
        <time>2025-02-15T14:21:18.000Z</time>
        <sat>7</sat>
      </trkpt>
      <trkpt lat="32.771832" lon="-16.878282">
        <ele>423.0</ele>
        <time>2025-02-15T14:21:20.000Z</time>
        <sat>7</sat>
      </trkpt>
      <trkpt lat="32.771825" lon="-16.878283">
        <ele>423.0</ele>
        <time>2025-02-15T14:21:21.000Z</time>
        <sat>7</sat>
      </trkpt>
      <trkpt lat="32.771782" lon="-16.878182">
        <ele>419.5</ele>
        <time>2025-02-15T14:21:34.000Z</time>
        <sat>7</sat>
      </trkpt>
      <trkpt lat="32.771745" lon="-16.878075">
        <ele>420.0</ele>
        <time>2025-02-15T14:21:45.000Z</time>
        <sat>7</sat>
      </trkpt>
      <trkpt lat="32.771743" lon="-16.877967">
        <ele>422.0</ele>
        <time>2025-02-15T14:21:50.000Z</time>
        <sat>7</sat>
      </trkpt>
      <trkpt lat="32.771678" lon="-16.877875">
        <ele>424.1</ele>
        <time>2025-02-15T14:21:56.000Z</time>
        <sat>7</sat>
      </trkpt>
      <trkpt lat="32.771598" lon="-16.877813">
        <ele>423.7</ele>
        <time>2025-02-15T14:22:01.000Z</time>
        <sat>7</sat>
      </trkpt>
      <trkpt lat="32.771505" lon="-16.877772">
        <ele>423.0</ele>
        <time>2025-02-15T14:22:06.000Z</time>
        <sat>7</sat>
      </trkpt>
      <trkpt lat="32.771412" lon="-16.877742">
        <ele>423.0</ele>
        <time>2025-02-15T14:22:11.000Z</time>
        <sat>7</sat>
      </trkpt>
      <trkpt lat="32.771318" lon="-16.877698">
        <ele>422.8</ele>
        <time>2025-02-15T14:22:18.000Z</time>
        <sat>7</sat>
      </trkpt>
      <trkpt lat="32.771220" lon="-16.877680">
        <ele>423.1</ele>
        <time>2025-02-15T14:22:26.000Z</time>
        <sat>7</sat>
      </trkpt>
      <trkpt lat="32.771130" lon="-16.877662">
        <ele>423.1</ele>
        <time>2025-02-15T14:22:32.000Z</time>
        <sat>7</sat>
      </trkpt>
      <trkpt lat="32.771038" lon="-16.877647">
        <ele>424.7</ele>
        <time>2025-02-15T14:22:40.000Z</time>
        <sat>7</sat>
      </trkpt>
      <trkpt lat="32.770955" lon="-16.877600">
        <ele>426.0</ele>
        <time>2025-02-15T14:22:46.000Z</time>
        <sat>7</sat>
      </trkpt>
      <trkpt lat="32.770875" lon="-16.877508">
        <ele>427.9</ele>
        <time>2025-02-15T14:22:52.000Z</time>
        <sat>7</sat>
      </trkpt>
      <trkpt lat="32.770807" lon="-16.877433">
        <ele>428.2</ele>
        <time>2025-02-15T14:22:56.000Z</time>
        <sat>7</sat>
      </trkpt>
      <trkpt lat="32.770738" lon="-16.877355">
        <ele>428.1</ele>
        <time>2025-02-15T14:23:00.000Z</time>
        <sat>7</sat>
      </trkpt>
      <trkpt lat="32.770668" lon="-16.877272">
        <ele>427.9</ele>
        <time>2025-02-15T14:23:04.000Z</time>
        <sat>7</sat>
      </trkpt>
      <trkpt lat="32.770598" lon="-16.877202">
        <ele>427.5</ele>
        <time>2025-02-15T14:23:08.000Z</time>
        <sat>7</sat>
      </trkpt>
      <trkpt lat="32.770508" lon="-16.877130">
        <ele>427.1</ele>
        <time>2025-02-15T14:23:12.000Z</time>
        <sat>7</sat>
      </trkpt>
      <trkpt lat="32.770435" lon="-16.877067">
        <ele>426.1</ele>
        <time>2025-02-15T14:23:17.000Z</time>
        <sat>7</sat>
      </trkpt>
      <trkpt lat="32.770345" lon="-16.877018">
        <ele>425.4</ele>
        <time>2025-02-15T14:23:21.000Z</time>
        <sat>7</sat>
      </trkpt>
      <trkpt lat="32.770267" lon="-16.876953">
        <ele>424.2</ele>
        <time>2025-02-15T14:23:30.000Z</time>
        <sat>7</sat>
      </trkpt>
      <trkpt lat="32.770260" lon="-16.876840">
        <ele>424.4</ele>
        <time>2025-02-15T14:23:34.000Z</time>
        <sat>7</sat>
      </trkpt>
      <trkpt lat="32.770232" lon="-16.876717">
        <ele>424.6</ele>
        <time>2025-02-15T14:23:38.000Z</time>
        <sat>7</sat>
      </trkpt>
      <trkpt lat="32.770187" lon="-16.876605">
        <ele>424.5</ele>
        <time>2025-02-15T14:23:42.000Z</time>
        <sat>7</sat>
      </trkpt>
      <trkpt lat="32.770153" lon="-16.876487">
        <ele>424.5</ele>
        <time>2025-02-15T14:23:46.000Z</time>
        <sat>7</sat>
      </trkpt>
      <trkpt lat="32.770105" lon="-16.876392">
        <ele>424.6</ele>
        <time>2025-02-15T14:23:50.000Z</time>
        <sat>7</sat>
      </trkpt>
      <trkpt lat="32.770032" lon="-16.876318">
        <ele>424.6</ele>
        <time>2025-02-15T14:23:56.000Z</time>
        <sat>7</sat>
      </trkpt>
      <trkpt lat="32.769935" lon="-16.876303">
        <ele>423.9</ele>
        <time>2025-02-15T14:24:01.000Z</time>
        <sat>7</sat>
      </trkpt>
      <trkpt lat="32.769837" lon="-16.876263">
        <ele>422.6</ele>
        <time>2025-02-15T14:24:05.000Z</time>
        <sat>7</sat>
      </trkpt>
      <trkpt lat="32.769765" lon="-16.876185">
        <ele>421.7</ele>
        <time>2025-02-15T14:24:09.000Z</time>
        <sat>7</sat>
      </trkpt>
      <trkpt lat="32.769733" lon="-16.876082">
        <ele>418.3</ele>
        <time>2025-02-15T14:24:15.000Z</time>
        <sat>6</sat>
      </trkpt>
      <trkpt lat="32.769738" lon="-16.875968">
        <ele>416.8</ele>
        <time>2025-02-15T14:24:24.000Z</time>
        <sat>7</sat>
      </trkpt>
      <trkpt lat="32.769750" lon="-16.875855">
        <ele>416.3</ele>
        <time>2025-02-15T14:24:28.000Z</time>
        <sat>7</sat>
      </trkpt>
      <trkpt lat="32.769665" lon="-16.875795">
        <ele>414.3</ele>
        <time>2025-02-15T14:24:36.000Z</time>
        <sat>7</sat>
      </trkpt>
      <trkpt lat="32.769567" lon="-16.875812">
        <ele>412.9</ele>
        <time>2025-02-15T14:24:41.000Z</time>
        <sat>7</sat>
      </trkpt>
      <trkpt lat="32.769465" lon="-16.875797">
        <ele>411.7</ele>
        <time>2025-02-15T14:24:46.000Z</time>
        <sat>7</sat>
      </trkpt>
      <trkpt lat="32.769375" lon="-16.875768">
        <ele>410.9</ele>
        <time>2025-02-15T14:24:50.000Z</time>
        <sat>7</sat>
      </trkpt>
      <trkpt lat="32.769262" lon="-16.875755">
        <ele>410.0</ele>
        <time>2025-02-15T14:24:55.000Z</time>
        <sat>7</sat>
      </trkpt>
      <trkpt lat="32.769153" lon="-16.875743">
        <ele>407.6</ele>
        <time>2025-02-15T14:25:00.000Z</time>
        <sat>7</sat>
      </trkpt>
      <trkpt lat="32.769215" lon="-16.875663">
        <ele>405.7</ele>
        <time>2025-02-15T14:25:08.000Z</time>
        <sat>6</sat>
      </trkpt>
      <trkpt lat="32.769315" lon="-16.875612">
        <ele>403.6</ele>
        <time>2025-02-15T14:25:14.000Z</time>
        <sat>6</sat>
      </trkpt>
      <trkpt lat="32.769400" lon="-16.875552">
        <ele>400.7</ele>
        <time>2025-02-15T14:25:19.000Z</time>
        <sat>7</sat>
      </trkpt>
      <trkpt lat="32.769478" lon="-16.875472">
        <ele>397.9</ele>
        <time>2025-02-15T14:25:24.000Z</time>
        <sat>7</sat>
      </trkpt>
      <trkpt lat="32.769565" lon="-16.875388">
        <ele>395.6</ele>
        <time>2025-02-15T14:25:30.000Z</time>
        <sat>7</sat>
      </trkpt>
      <trkpt lat="32.769623" lon="-16.875302">
        <ele>394.3</ele>
        <time>2025-02-15T14:25:35.000Z</time>
        <sat>7</sat>
      </trkpt>
      <trkpt lat="32.769543" lon="-16.875360">
        <ele>388.3</ele>
        <time>2025-02-15T14:25:50.000Z</time>
        <sat>7</sat>
      </trkpt>
      <trkpt lat="32.769428" lon="-16.875358">
        <ele>385.6</ele>
        <time>2025-02-15T14:25:57.000Z</time>
        <sat>7</sat>
      </trkpt>
      <trkpt lat="32.769330" lon="-16.875365">
        <ele>384.2</ele>
        <time>2025-02-15T14:26:01.000Z</time>
        <sat>6</sat>
      </trkpt>
      <trkpt lat="32.769228" lon="-16.875362">
        <ele>382.4</ele>
        <time>2025-02-15T14:26:05.000Z</time>
        <sat>6</sat>
      </trkpt>
      <trkpt lat="32.769135" lon="-16.875362">
        <ele>381.1</ele>
        <time>2025-02-15T14:26:09.000Z</time>
        <sat>6</sat>
      </trkpt>
      <trkpt lat="32.769023" lon="-16.875348">
        <ele>378.4</ele>
        <time>2025-02-15T14:26:15.000Z</time>
        <sat>6</sat>
      </trkpt>
      <trkpt lat="32.768925" lon="-16.875337">
        <ele>374.6</ele>
        <time>2025-02-15T14:26:22.000Z</time>
        <sat>6</sat>
      </trkpt>
      <trkpt lat="32.768833" lon="-16.875383">
        <ele>369.7</ele>
        <time>2025-02-15T14:26:28.000Z</time>
        <sat>6</sat>
      </trkpt>
      <trkpt lat="32.768742" lon="-16.875425">
        <ele>367.1</ele>
        <time>2025-02-15T14:26:40.000Z</time>
        <sat>6</sat>
      </trkpt>
      <trkpt lat="32.768672" lon="-16.875508">
        <ele>363.6</ele>
        <time>2025-02-15T14:26:47.000Z</time>
        <sat>6</sat>
      </trkpt>
      <trkpt lat="32.768593" lon="-16.875573">
        <ele>361.5</ele>
        <time>2025-02-15T14:26:52.000Z</time>
        <sat>6</sat>
      </trkpt>
      <trkpt lat="32.768505" lon="-16.875623">
        <ele>358.6</ele>
        <time>2025-02-15T14:26:58.000Z</time>
        <sat>6</sat>
      </trkpt>
      <trkpt lat="32.768435" lon="-16.875702">
        <ele>355.1</ele>
        <time>2025-02-15T14:27:05.000Z</time>
        <sat>5</sat>
      </trkpt>
      <trkpt lat="32.768350" lon="-16.875767">
        <ele>352.1</ele>
        <time>2025-02-15T14:27:11.000Z</time>
        <sat>6</sat>
      </trkpt>
      <trkpt lat="32.768263" lon="-16.875812">
        <ele>350.2</ele>
        <time>2025-02-15T14:27:17.000Z</time>
        <sat>6</sat>
      </trkpt>
      <trkpt lat="32.768175" lon="-16.875875">
        <ele>347.7</ele>
        <time>2025-02-15T14:27:24.000Z</time>
        <sat>6</sat>
      </trkpt>
      <trkpt lat="32.768093" lon="-16.875962">
        <ele>345.4</ele>
        <time>2025-02-15T14:27:30.000Z</time>
        <sat>6</sat>
      </trkpt>
      <trkpt lat="32.768015" lon="-16.876020">
        <ele>343.4</ele>
        <time>2025-02-15T14:27:34.000Z</time>
        <sat>6</sat>
      </trkpt>
      <trkpt lat="32.767912" lon="-16.876050">
        <ele>341.3</ele>
        <time>2025-02-15T14:27:38.000Z</time>
        <sat>6</sat>
      </trkpt>
      <trkpt lat="32.767822" lon="-16.876097">
        <ele>339.4</ele>
        <time>2025-02-15T14:27:42.000Z</time>
        <sat>6</sat>
      </trkpt>
      <trkpt lat="32.767728" lon="-16.876148">
        <ele>337.0</ele>
        <time>2025-02-15T14:27:46.000Z</time>
        <sat>6</sat>
      </trkpt>
      <trkpt lat="32.767633" lon="-16.876203">
        <ele>334.8</ele>
        <time>2025-02-15T14:27:50.000Z</time>
        <sat>5</sat>
      </trkpt>
      <trkpt lat="32.767535" lon="-16.876228">
        <ele>331.5</ele>
        <time>2025-02-15T14:27:54.000Z</time>
        <sat>6</sat>
      </trkpt>
      <trkpt lat="32.767560" lon="-16.876103">
        <ele>327.8</ele>
        <time>2025-02-15T14:28:04.000Z</time>
        <sat>6</sat>
      </trkpt>
      <trkpt lat="32.767630" lon="-16.876015">
        <ele>325.8</ele>
        <time>2025-02-15T14:28:08.000Z</time>
        <sat>6</sat>
      </trkpt>
      <trkpt lat="32.767667" lon="-16.875888">
        <ele>323.1</ele>
        <time>2025-02-15T14:28:12.000Z</time>
        <sat>6</sat>
      </trkpt>
      <trkpt lat="32.767573" lon="-16.875927">
        <ele>316.9</ele>
        <time>2025-02-15T14:28:26.000Z</time>
        <sat>6</sat>
      </trkpt>
      <trkpt lat="32.767477" lon="-16.875967">
        <ele>315.3</ele>
        <time>2025-02-15T14:28:30.000Z</time>
        <sat>6</sat>
      </trkpt>
      <trkpt lat="32.767383" lon="-16.876003">
        <ele>313.2</ele>
        <time>2025-02-15T14:28:35.000Z</time>
        <sat>6</sat>
      </trkpt>
      <trkpt lat="32.767280" lon="-16.876038">
        <ele>310.9</ele>
        <time>2025-02-15T14:28:40.000Z</time>
        <sat>6</sat>
      </trkpt>
      <trkpt lat="32.767193" lon="-16.876107">
        <ele>309.3</ele>
        <time>2025-02-15T14:28:44.000Z</time>
        <sat>6</sat>
      </trkpt>
      <trkpt lat="32.767148" lon="-16.876200">
        <ele>307.8</ele>
        <time>2025-02-15T14:28:47.000Z</time>
        <sat>6</sat>
      </trkpt>
      <trkpt lat="32.767100" lon="-16.876315">
        <ele>306.4</ele>
        <time>2025-02-15T14:28:51.000Z</time>
        <sat>6</sat>
      </trkpt>
      <trkpt lat="32.767038" lon="-16.876393">
        <ele>304.2</ele>
        <time>2025-02-15T14:28:55.000Z</time>
        <sat>6</sat>
      </trkpt>
      <trkpt lat="32.766990" lon="-16.876485">
        <ele>301.7</ele>
        <time>2025-02-15T14:28:59.000Z</time>
        <sat>6</sat>
      </trkpt>
      <trkpt lat="32.766918" lon="-16.876413">
        <ele>296.9</ele>
        <time>2025-02-15T14:29:11.000Z</time>
        <sat>6</sat>
      </trkpt>
      <trkpt lat="32.766907" lon="-16.876303">
        <ele>295.8</ele>
        <time>2025-02-15T14:29:17.000Z</time>
        <sat>6</sat>
      </trkpt>
      <trkpt lat="32.766850" lon="-16.876195">
        <ele>294.3</ele>
        <time>2025-02-15T14:29:24.000Z</time>
        <sat>6</sat>
      </trkpt>
      <trkpt lat="32.766770" lon="-16.876107">
        <ele>291.9</ele>
        <time>2025-02-15T14:29:29.000Z</time>
        <sat>6</sat>
      </trkpt>
      <trkpt lat="32.766653" lon="-16.876057">
        <ele>290.6</ele>
        <time>2025-02-15T14:29:32.000Z</time>
        <sat>6</sat>
      </trkpt>
      <trkpt lat="32.766550" lon="-16.876012">
        <ele>289.5</ele>
        <time>2025-02-15T14:29:35.000Z</time>
        <sat>6</sat>
      </trkpt>
      <trkpt lat="32.766467" lon="-16.875965">
        <ele>288.5</ele>
        <time>2025-02-15T14:29:38.000Z</time>
        <sat>6</sat>
      </trkpt>
      <trkpt lat="32.766360" lon="-16.875927">
        <ele>287.5</ele>
        <time>2025-02-15T14:29:42.000Z</time>
        <sat>6</sat>
      </trkpt>
      <trkpt lat="32.766268" lon="-16.875860">
        <ele>287.1</ele>
        <time>2025-02-15T14:29:46.000Z</time>
        <sat>6</sat>
      </trkpt>
      <trkpt lat="32.766205" lon="-16.875773">
        <ele>285.9</ele>
        <time>2025-02-15T14:29:51.000Z</time>
        <sat>6</sat>
      </trkpt>
      <trkpt lat="32.766155" lon="-16.875663">
        <ele>284.2</ele>
        <time>2025-02-15T14:29:56.000Z</time>
        <sat>6</sat>
      </trkpt>
      <trkpt lat="32.766083" lon="-16.875587">
        <ele>281.4</ele>
        <time>2025-02-15T14:30:01.000Z</time>
        <sat>6</sat>
      </trkpt>
      <trkpt lat="32.765992" lon="-16.875607">
        <ele>277.0</ele>
        <time>2025-02-15T14:30:09.000Z</time>
        <sat>6</sat>
      </trkpt>
      <trkpt lat="32.765900" lon="-16.875637">
        <ele>274.8</ele>
        <time>2025-02-15T14:30:16.000Z</time>
        <sat>6</sat>
      </trkpt>
      <trkpt lat="32.765912" lon="-16.875522">
        <ele>271.7</ele>
        <time>2025-02-15T14:30:24.000Z</time>
        <sat>6</sat>
      </trkpt>
      <trkpt lat="32.765932" lon="-16.875400">
        <ele>267.7</ele>
        <time>2025-02-15T14:30:30.000Z</time>
        <sat>5</sat>
      </trkpt>
      <trkpt lat="32.765843" lon="-16.875433">
        <ele>263.3</ele>
        <time>2025-02-15T14:30:40.000Z</time>
        <sat>6</sat>
      </trkpt>
      <trkpt lat="32.765822" lon="-16.875282">
        <ele>260.1</ele>
        <time>2025-02-15T14:30:49.000Z</time>
        <sat>6</sat>
      </trkpt>
      <trkpt lat="32.765783" lon="-16.875172">
        <ele>258.8</ele>
        <time>2025-02-15T14:30:56.000Z</time>
        <sat>6</sat>
      </trkpt>
      <trkpt lat="32.765737" lon="-16.875055">
        <ele>256.7</ele>
        <time>2025-02-15T14:31:00.000Z</time>
        <sat>6</sat>
      </trkpt>
      <trkpt lat="32.765638" lon="-16.875075">
        <ele>253.7</ele>
        <time>2025-02-15T14:31:05.000Z</time>
        <sat>6</sat>
      </trkpt>
      <trkpt lat="32.765562" lon="-16.875142">
        <ele>253.0</ele>
        <time>2025-02-15T14:31:09.000Z</time>
        <sat>6</sat>
      </trkpt>
      <trkpt lat="32.765498" lon="-16.875242">
        <ele>252.9</ele>
        <time>2025-02-15T14:31:13.000Z</time>
        <sat>6</sat>
      </trkpt>
      <trkpt lat="32.765430" lon="-16.875328">
        <ele>252.6</ele>
        <time>2025-02-15T14:31:17.000Z</time>
        <sat>6</sat>
      </trkpt>
      <trkpt lat="32.765343" lon="-16.875403">
        <ele>252.4</ele>
        <time>2025-02-15T14:31:21.000Z</time>
        <sat>6</sat>
      </trkpt>
      <trkpt lat="32.765268" lon="-16.875478">
        <ele>252.2</ele>
        <time>2025-02-15T14:31:25.000Z</time>
        <sat>6</sat>
      </trkpt>
      <trkpt lat="32.765200" lon="-16.875565">
        <ele>252.1</ele>
        <time>2025-02-15T14:31:29.000Z</time>
        <sat>6</sat>
      </trkpt>
      <trkpt lat="32.765142" lon="-16.875647">
        <ele>252.0</ele>
        <time>2025-02-15T14:31:33.000Z</time>
        <sat>6</sat>
      </trkpt>
      <trkpt lat="32.765075" lon="-16.875735">
        <ele>251.9</ele>
        <time>2025-02-15T14:31:38.000Z</time>
        <sat>6</sat>
      </trkpt>
      <trkpt lat="32.764993" lon="-16.875800">
        <ele>251.8</ele>
        <time>2025-02-15T14:31:44.000Z</time>
        <sat>6</sat>
      </trkpt>
      <trkpt lat="32.764907" lon="-16.875852">
        <ele>251.9</ele>
        <time>2025-02-15T14:31:49.000Z</time>
        <sat>6</sat>
      </trkpt>
      <trkpt lat="32.764807" lon="-16.875890">
        <ele>251.9</ele>
        <time>2025-02-15T14:31:54.000Z</time>
        <sat>6</sat>
      </trkpt>
      <trkpt lat="32.764718" lon="-16.875930">
        <ele>252.0</ele>
        <time>2025-02-15T14:31:59.000Z</time>
        <sat>6</sat>
      </trkpt>
      <trkpt lat="32.764633" lon="-16.875992">
        <ele>251.9</ele>
        <time>2025-02-15T14:32:07.000Z</time>
        <sat>6</sat>
      </trkpt>
      <trkpt lat="32.764543" lon="-16.876045">
        <ele>251.5</ele>
        <time>2025-02-15T14:32:12.000Z</time>
        <sat>6</sat>
      </trkpt>
      <trkpt lat="32.764455" lon="-16.876098">
        <ele>252.1</ele>
        <time>2025-02-15T14:32:18.000Z</time>
        <sat>6</sat>
      </trkpt>
      <trkpt lat="32.764388" lon="-16.876180">
        <ele>253.4</ele>
        <time>2025-02-15T14:32:24.000Z</time>
        <sat>6</sat>
      </trkpt>
      <trkpt lat="32.764315" lon="-16.876257">
        <ele>255.8</ele>
        <time>2025-02-15T14:32:33.000Z</time>
        <sat>6</sat>
      </trkpt>
      <trkpt lat="32.764247" lon="-16.876328">
        <ele>255.3</ele>
        <time>2025-02-15T14:32:41.000Z</time>
        <sat>5</sat>
      </trkpt>
      <trkpt lat="32.764155" lon="-16.876337">
        <ele>253.0</ele>
        <time>2025-02-15T14:32:49.000Z</time>
        <sat>5</sat>
      </trkpt>
      <trkpt lat="32.764058" lon="-16.876305">
        <ele>251.8</ele>
        <time>2025-02-15T14:32:55.000Z</time>
        <sat>6</sat>
      </trkpt>
      <trkpt lat="32.763975" lon="-16.876255">
        <ele>247.0</ele>
        <time>2025-02-15T14:33:00.000Z</time>
        <sat>6</sat>
      </trkpt>
      <trkpt lat="32.763913" lon="-16.876168">
        <ele>246.4</ele>
        <time>2025-02-15T14:33:12.000Z</time>
        <sat>5</sat>
      </trkpt>
      <trkpt lat="32.763835" lon="-16.876107">
        <ele>248.0</ele>
        <time>2025-02-15T14:33:22.000Z</time>
        <sat>6</sat>
      </trkpt>
      <trkpt lat="32.763747" lon="-16.876075">
        <ele>248.4</ele>
        <time>2025-02-15T14:33:31.000Z</time>
        <sat>6</sat>
      </trkpt>
      <trkpt lat="32.763655" lon="-16.876058">
        <ele>248.6</ele>
        <time>2025-02-15T14:33:38.000Z</time>
        <sat>6</sat>
      </trkpt>
      <trkpt lat="32.763562" lon="-16.876020">
        <ele>248.2</ele>
        <time>2025-02-15T14:33:45.000Z</time>
        <sat>6</sat>
      </trkpt>
      <trkpt lat="32.763468" lon="-16.875985">
        <ele>250.8</ele>
        <time>2025-02-15T14:33:54.000Z</time>
        <sat>5</sat>
      </trkpt>
      <trkpt lat="32.763485" lon="-16.875865">
        <ele>254.0</ele>
        <time>2025-02-15T14:34:10.000Z</time>
        <sat>6</sat>
      </trkpt>
      <trkpt lat="32.763477" lon="-16.875755">
        <ele>254.7</ele>
        <time>2025-02-15T14:34:18.000Z</time>
        <sat>6</sat>
      </trkpt>
      <trkpt lat="32.763430" lon="-16.875658">
        <ele>254.6</ele>
        <time>2025-02-15T14:34:25.000Z</time>
        <sat>6</sat>
      </trkpt>
      <trkpt lat="32.763337" lon="-16.875640">
        <ele>257.9</ele>
        <time>2025-02-15T14:34:40.000Z</time>
        <sat>5</sat>
      </trkpt>
      <trkpt lat="32.763280" lon="-16.875623">
        <ele>262.7</ele>
        <time>2025-02-15T14:35:01.000Z</time>
        <sat>6</sat>
      </trkpt>
      <trkpt lat="32.763282" lon="-16.875622">
        <ele>262.6</ele>
        <time>2025-02-15T14:35:02.000Z</time>
        <sat>6</sat>
      </trkpt>
      <trkpt lat="32.763320" lon="-16.875518">
        <ele>263.9</ele>
        <time>2025-02-15T14:35:15.000Z</time>
        <sat>6</sat>
      </trkpt>
      <trkpt lat="32.763365" lon="-16.875412">
        <ele>267.3</ele>
        <time>2025-02-15T14:35:29.000Z</time>
        <sat>6</sat>
      </trkpt>
      <trkpt lat="32.763405" lon="-16.875312">
        <ele>268.4</ele>
        <time>2025-02-15T14:35:37.000Z</time>
        <sat>6</sat>
      </trkpt>
      <trkpt lat="32.763453" lon="-16.875213">
        <ele>272.0</ele>
        <time>2025-02-15T14:35:50.000Z</time>
        <sat>5</sat>
      </trkpt>
      <trkpt lat="32.763488" lon="-16.875103">
        <ele>274.1</ele>
        <time>2025-02-15T14:36:00.000Z</time>
        <sat>5</sat>
      </trkpt>
      <trkpt lat="32.763530" lon="-16.874998">
        <ele>276.1</ele>
        <time>2025-02-15T14:36:10.000Z</time>
        <sat>5</sat>
      </trkpt>
      <trkpt lat="32.763445" lon="-16.875035">
        <ele>284.2</ele>
        <time>2025-02-15T14:36:35.000Z</time>
        <sat>5</sat>
      </trkpt>
      <trkpt lat="32.763370" lon="-16.875112">
        <ele>286.5</ele>
        <time>2025-02-15T14:36:44.000Z</time>
        <sat>5</sat>
      </trkpt>
      <trkpt lat="32.763305" lon="-16.875187">
        <ele>288.9</ele>
        <time>2025-02-15T14:36:52.000Z</time>
        <sat>5</sat>
      </trkpt>
      <trkpt lat="32.763218" lon="-16.875230">
        <ele>290.7</ele>
        <time>2025-02-15T14:37:01.000Z</time>
        <sat>5</sat>
      </trkpt>
      <trkpt lat="32.763130" lon="-16.875262">
        <ele>291.2</ele>
        <time>2025-02-15T14:37:08.000Z</time>
        <sat>5</sat>
      </trkpt>
      <trkpt lat="32.763048" lon="-16.875312">
        <ele>293.7</ele>
        <time>2025-02-15T14:37:16.000Z</time>
        <sat>5</sat>
      </trkpt>
      <trkpt lat="32.762970" lon="-16.875370">
        <ele>296.8</ele>
        <time>2025-02-15T14:37:27.000Z</time>
        <sat>5</sat>
      </trkpt>
      <trkpt lat="32.762872" lon="-16.875405">
        <ele>297.9</ele>
        <time>2025-02-15T14:37:35.000Z</time>
        <sat>5</sat>
      </trkpt>
      <trkpt lat="32.762798" lon="-16.875468">
        <ele>299.3</ele>
        <time>2025-02-15T14:37:45.000Z</time>
        <sat>5</sat>
      </trkpt>
      <trkpt lat="32.762745" lon="-16.875563">
        <ele>301.5</ele>
        <time>2025-02-15T14:37:56.000Z</time>
        <sat>5</sat>
      </trkpt>
      <trkpt lat="32.762710" lon="-16.875675">
        <ele>305.1</ele>
        <time>2025-02-15T14:38:09.000Z</time>
        <sat>5</sat>
      </trkpt>
      <trkpt lat="32.762652" lon="-16.875763">
        <ele>306.2</ele>
        <time>2025-02-15T14:38:17.000Z</time>
        <sat>5</sat>
      </trkpt>
      <trkpt lat="32.762602" lon="-16.875853">
        <ele>308.6</ele>
        <time>2025-02-15T14:38:25.000Z</time>
        <sat>6</sat>
      </trkpt>
      <trkpt lat="32.762545" lon="-16.875937">
        <ele>310.1</ele>
        <time>2025-02-15T14:38:33.000Z</time>
        <sat>6</sat>
      </trkpt>
      <trkpt lat="32.762507" lon="-16.876040">
        <ele>311.1</ele>
        <time>2025-02-15T14:38:41.000Z</time>
        <sat>6</sat>
      </trkpt>
      <trkpt lat="32.762435" lon="-16.876123">
        <ele>312.3</ele>
        <time>2025-02-15T14:38:50.000Z</time>
        <sat>6</sat>
      </trkpt>
      <trkpt lat="32.762375" lon="-16.876215">
        <ele>314.2</ele>
        <time>2025-02-15T14:38:56.000Z</time>
        <sat>6</sat>
      </trkpt>
      <trkpt lat="32.762303" lon="-16.876292">
        <ele>315.0</ele>
        <time>2025-02-15T14:39:04.000Z</time>
        <sat>6</sat>
      </trkpt>
      <trkpt lat="32.762257" lon="-16.876385">
        <ele>315.9</ele>
        <time>2025-02-15T14:39:11.000Z</time>
        <sat>6</sat>
      </trkpt>
      <trkpt lat="32.762180" lon="-16.876470">
        <ele>316.1</ele>
        <time>2025-02-15T14:39:18.000Z</time>
        <sat>6</sat>
      </trkpt>
      <trkpt lat="32.762095" lon="-16.876523">
        <ele>315.9</ele>
        <time>2025-02-15T14:39:24.000Z</time>
        <sat>6</sat>
      </trkpt>
      <trkpt lat="32.762015" lon="-16.876592">
        <ele>317.3</ele>
        <time>2025-02-15T14:39:35.000Z</time>
        <sat>6</sat>
      </trkpt>
      <trkpt lat="32.761935" lon="-16.876663">
        <ele>321.6</ele>
        <time>2025-02-15T14:39:46.000Z</time>
        <sat>6</sat>
      </trkpt>
      <trkpt lat="32.761852" lon="-16.876715">
        <ele>323.8</ele>
        <time>2025-02-15T14:39:56.000Z</time>
        <sat>6</sat>
      </trkpt>
      <trkpt lat="32.761762" lon="-16.876693">
        <ele>325.4</ele>
        <time>2025-02-15T14:40:01.000Z</time>
        <sat>6</sat>
      </trkpt>
      <trkpt lat="32.761682" lon="-16.876762">
        <ele>327.9</ele>
        <time>2025-02-15T14:40:11.000Z</time>
        <sat>6</sat>
      </trkpt>
      <trkpt lat="32.761620" lon="-16.876842">
        <ele>329.2</ele>
        <time>2025-02-15T14:40:22.000Z</time>
        <sat>6</sat>
      </trkpt>
      <trkpt lat="32.761555" lon="-16.876917">
        <ele>330.1</ele>
        <time>2025-02-15T14:40:32.000Z</time>
        <sat>6</sat>
      </trkpt>
      <trkpt lat="32.761490" lon="-16.877005">
        <ele>334.8</ele>
        <time>2025-02-15T14:40:44.000Z</time>
        <sat>6</sat>
      </trkpt>
      <trkpt lat="32.761427" lon="-16.877090">
        <ele>337.7</ele>
        <time>2025-02-15T14:40:55.000Z</time>
        <sat>6</sat>
      </trkpt>
      <trkpt lat="32.761355" lon="-16.877165">
        <ele>339.4</ele>
        <time>2025-02-15T14:41:03.000Z</time>
        <sat>6</sat>
      </trkpt>
      <trkpt lat="32.761295" lon="-16.877248">
        <ele>344.3</ele>
        <time>2025-02-15T14:41:16.000Z</time>
        <sat>7</sat>
      </trkpt>
      <trkpt lat="32.761228" lon="-16.877330">
        <ele>346.0</ele>
        <time>2025-02-15T14:41:27.000Z</time>
        <sat>7</sat>
      </trkpt>
      <trkpt lat="32.761147" lon="-16.877380">
        <ele>351.6</ele>
        <time>2025-02-15T14:41:44.000Z</time>
        <sat>7</sat>
      </trkpt>
      <trkpt lat="32.761070" lon="-16.877440">
        <ele>352.9</ele>
        <time>2025-02-15T14:41:53.000Z</time>
        <sat>7</sat>
      </trkpt>
      <trkpt lat="32.760983" lon="-16.877492">
        <ele>354.6</ele>
        <time>2025-02-15T14:42:02.000Z</time>
        <sat>7</sat>
      </trkpt>
      <trkpt lat="32.760900" lon="-16.877537">
        <ele>359.1</ele>
        <time>2025-02-15T14:42:14.000Z</time>
        <sat>7</sat>
      </trkpt>
      <trkpt lat="32.760822" lon="-16.877598">
        <ele>363.5</ele>
        <time>2025-02-15T14:42:31.000Z</time>
        <sat>7</sat>
      </trkpt>
      <trkpt lat="32.760732" lon="-16.877608">
        <ele>365.4</ele>
        <time>2025-02-15T14:42:41.000Z</time>
        <sat>6</sat>
      </trkpt>
      <trkpt lat="32.760637" lon="-16.877580">
        <ele>367.6</ele>
        <time>2025-02-15T14:42:51.000Z</time>
        <sat>6</sat>
      </trkpt>
      <trkpt lat="32.760540" lon="-16.877568">
        <ele>368.9</ele>
        <time>2025-02-15T14:43:01.000Z</time>
        <sat>6</sat>
      </trkpt>
      <trkpt lat="32.760448" lon="-16.877577">
        <ele>372.2</ele>
        <time>2025-02-15T14:43:13.000Z</time>
        <sat>6</sat>
      </trkpt>
      <trkpt lat="32.760360" lon="-16.877603">
        <ele>374.8</ele>
        <time>2025-02-15T14:43:24.000Z</time>
        <sat>6</sat>
      </trkpt>
      <trkpt lat="32.760273" lon="-16.877643">
        <ele>377.9</ele>
        <time>2025-02-15T14:43:36.000Z</time>
        <sat>6</sat>
      </trkpt>
      <trkpt lat="32.760190" lon="-16.877695">
        <ele>381.0</ele>
        <time>2025-02-15T14:43:49.000Z</time>
        <sat>5</sat>
      </trkpt>
      <trkpt lat="32.760105" lon="-16.877748">
        <ele>383.6</ele>
        <time>2025-02-15T14:44:00.000Z</time>
        <sat>5</sat>
      </trkpt>
      <trkpt lat="32.760050" lon="-16.877843">
        <ele>388.9</ele>
        <time>2025-02-15T14:44:19.000Z</time>
        <sat>5</sat>
      </trkpt>
      <trkpt lat="32.759993" lon="-16.877942">
        <ele>389.1</ele>
        <time>2025-02-15T14:44:27.000Z</time>
        <sat>6</sat>
      </trkpt>
      <trkpt lat="32.759905" lon="-16.877992">
        <ele>393.2</ele>
        <time>2025-02-15T14:44:35.000Z</time>
        <sat>6</sat>
      </trkpt>
      <trkpt lat="32.759830" lon="-16.878052">
        <ele>395.8</ele>
        <time>2025-02-15T14:44:43.000Z</time>
        <sat>7</sat>
      </trkpt>
      <trkpt lat="32.759753" lon="-16.878115">
        <ele>397.1</ele>
        <time>2025-02-15T14:44:55.000Z</time>
        <sat>6</sat>
      </trkpt>
      <trkpt lat="32.759682" lon="-16.878183">
        <ele>400.7</ele>
        <time>2025-02-15T14:45:09.000Z</time>
        <sat>8</sat>
      </trkpt>
      <trkpt lat="32.759595" lon="-16.878222">
        <ele>403.5</ele>
        <time>2025-02-15T14:45:20.000Z</time>
        <sat>7</sat>
      </trkpt>
      <trkpt lat="32.759520" lon="-16.878240">
        <ele>405.7</ele>
        <time>2025-02-15T14:45:33.000Z</time>
        <sat>6</sat>
      </trkpt>
      <trkpt lat="32.759507" lon="-16.878238">
        <ele>406.8</ele>
        <time>2025-02-15T14:45:41.000Z</time>
        <sat>7</sat>
      </trkpt>
      <trkpt lat="32.759417" lon="-16.878245">
        <ele>408.1</ele>
        <time>2025-02-15T14:45:56.000Z</time>
        <sat>7</sat>
      </trkpt>
      <trkpt lat="32.759417" lon="-16.878245">
        <ele>407.4</ele>
        <time>2025-02-15T14:45:57.000Z</time>
        <sat>7</sat>
      </trkpt>
      <trkpt lat="32.759413" lon="-16.878243">
        <ele>405.2</ele>
        <time>2025-02-15T14:46:02.000Z</time>
        <sat>7</sat>
      </trkpt>
      <trkpt lat="32.759337" lon="-16.878307">
        <ele>411.4</ele>
        <time>2025-02-15T14:46:16.000Z</time>
        <sat>7</sat>
      </trkpt>
      <trkpt lat="32.759263" lon="-16.878318">
        <ele>409.2</ele>
        <time>2025-02-15T14:46:27.000Z</time>
        <sat>7</sat>
      </trkpt>
      <trkpt lat="32.759260" lon="-16.878318">
        <ele>408.3</ele>
        <time>2025-02-15T14:46:29.000Z</time>
        <sat>7</sat>
      </trkpt>
      <trkpt lat="32.759175" lon="-16.878358">
        <ele>410.2</ele>
        <time>2025-02-15T14:46:36.000Z</time>
        <sat>7</sat>
      </trkpt>
      <trkpt lat="32.759090" lon="-16.878400">
        <ele>409.9</ele>
        <time>2025-02-15T14:46:44.000Z</time>
        <sat>7</sat>
      </trkpt>
      <trkpt lat="32.759028" lon="-16.878422">
        <ele>408.0</ele>
        <time>2025-02-15T14:46:51.000Z</time>
        <sat>7</sat>
      </trkpt>
      <trkpt lat="32.759022" lon="-16.878423">
        <ele>407.9</ele>
        <time>2025-02-15T14:46:52.000Z</time>
        <sat>7</sat>
      </trkpt>
      <trkpt lat="32.758920" lon="-16.878435">
        <ele>405.8</ele>
        <time>2025-02-15T14:47:04.000Z</time>
        <sat>6</sat>
      </trkpt>
      <trkpt lat="32.758822" lon="-16.878450">
        <ele>402.2</ele>
        <time>2025-02-15T14:47:11.000Z</time>
        <sat>6</sat>
      </trkpt>
      <trkpt lat="32.758725" lon="-16.878445">
        <ele>401.0</ele>
        <time>2025-02-15T14:47:20.000Z</time>
        <sat>6</sat>
      </trkpt>
      <trkpt lat="32.758625" lon="-16.878407">
        <ele>399.9</ele>
        <time>2025-02-15T14:47:25.000Z</time>
        <sat>6</sat>
      </trkpt>
      <trkpt lat="32.758537" lon="-16.878432">
        <ele>398.6</ele>
        <time>2025-02-15T14:47:34.000Z</time>
        <sat>6</sat>
      </trkpt>
      <trkpt lat="32.758455" lon="-16.878492">
        <ele>397.1</ele>
        <time>2025-02-15T14:47:42.000Z</time>
        <sat>7</sat>
      </trkpt>
      <trkpt lat="32.758383" lon="-16.878557">
        <ele>395.6</ele>
        <time>2025-02-15T14:47:50.000Z</time>
        <sat>7</sat>
      </trkpt>
      <trkpt lat="32.758283" lon="-16.878588">
        <ele>394.5</ele>
        <time>2025-02-15T14:47:58.000Z</time>
        <sat>8</sat>
      </trkpt>
      <trkpt lat="32.758197" lon="-16.878618">
        <ele>392.7</ele>
        <time>2025-02-15T14:48:11.000Z</time>
        <sat>8</sat>
      </trkpt>
      <trkpt lat="32.758110" lon="-16.878665">
        <ele>392.4</ele>
        <time>2025-02-15T14:48:20.000Z</time>
        <sat>8</sat>
      </trkpt>
      <trkpt lat="32.757917" lon="-16.878609">
        <ele>416.3</ele>
        <time>2025-02-15T14:49:00.048Z</time>
      </trkpt>
      <trkpt lat="32.757654" lon="-16.878609">
        <ele>418.7</ele>
        <time>2025-02-15T14:49:36.000Z</time>
      </trkpt>
      <trkpt lat="32.757337" lon="-16.878691">
        <ele>419.0</ele>
        <time>2025-02-15T14:50:20.402Z</time>
      </trkpt>
      <trkpt lat="32.757144" lon="-16.878559">
        <ele>408.6</ele>
        <time>2025-02-15T14:50:53.380Z</time>
      </trkpt>
      <trkpt lat="32.756702" lon="-16.878428">
        <ele>389.4</ele>
        <time>2025-02-15T14:51:59.937Z</time>
      </trkpt>
      <trkpt lat="32.756647" lon="-16.878231">
        <ele>377.5</ele>
        <time>2025-02-15T14:52:27.913Z</time>
      </trkpt>
      <trkpt lat="32.756937" lon="-16.878182">
        <ele>385.6</ele>
        <time>2025-02-15T14:53:09.147Z</time>
      </trkpt>
      <trkpt lat="32.757171" lon="-16.878067">
        <ele>388.3</ele>
        <time>2025-02-15T14:53:43.977Z</time>
      </trkpt>
      <trkpt lat="32.756937" lon="-16.877870">
        <ele>371.5</ele>
        <time>2025-02-15T14:54:28.319Z</time>
      </trkpt>
      <trkpt lat="32.756647" lon="-16.877870">
        <ele>361.6</ele>
        <time>2025-02-15T14:55:09.765Z</time>
      </trkpt>
      <trkpt lat="32.756329" lon="-16.877788">
        <ele>360.0</ele>
        <time>2025-02-15T14:55:57.611Z</time>
      </trkpt>
      <trkpt lat="32.756108" lon="-16.877936">
        <ele>358.0</ele>
        <time>2025-02-15T14:56:32.269Z</time>
      </trkpt>
      <trkpt lat="32.755929" lon="-16.877887">
        <ele>356.0</ele>
        <time>2025-02-15T14:56:59.351Z</time>
      </trkpt>
      <trkpt lat="32.755722" lon="-16.878018">
        <ele>354.0</ele>
        <time>2025-02-15T14:57:31.454Z</time>
      </trkpt>
      <trkpt lat="32.755556" lon="-16.877870">
        <ele>351.0</ele>
        <time>2025-02-15T14:58:01.100Z</time>
      </trkpt>
      <trkpt lat="32.755292" lon="-16.877577">
        <ele>350.0</ele>
        <time>2025-02-15T14:58:51.972Z</time>
      </trkpt>
      <trkpt lat="32.755176" lon="-16.877714">
        <ele>358.0</ele>
        <time>2025-02-15T14:59:14.312Z</time>
      </trkpt>
      <trkpt lat="32.755082" lon="-16.877414">
        <ele>367.0</ele>
        <time>2025-02-15T14:59:51.347Z</time>
      </trkpt>
      <trkpt lat="32.754893" lon="-16.877065">
        <ele>374.0</ele>
        <time>2025-02-15T15:00:39.284Z</time>
      </trkpt>
      <trkpt lat="32.754757" lon="-16.876866">
        <ele>386.0</ele>
        <time>2025-02-15T15:01:09.755Z</time>
      </trkpt>
      <trkpt lat="32.754379" lon="-16.876841">
        <ele>394.0</ele>
        <time>2025-02-15T15:02:04.677Z</time>
      </trkpt>
      <trkpt lat="32.754065" lon="-16.876754">
        <ele>400.0</ele>
        <time>2025-02-15T15:02:52.687Z</time>
      </trkpt>
      <trkpt lat="32.754348" lon="-16.876591">
        <ele>408.0</ele>
        <time>2025-02-15T15:03:36.985Z</time>
      </trkpt>
      <trkpt lat="32.754547" lon="-16.876529">
        <ele>412.0</ele>
        <time>2025-02-15T15:04:06.263Z</time>
      </trkpt>
      <trkpt lat="32.754767" lon="-16.876392">
        <ele>418.0</ele>
        <time>2025-02-15T15:04:40.999Z</time>
      </trkpt>
      <trkpt lat="32.754977" lon="-16.876242">
        <ele>421.0</ele>
        <time>2025-02-15T15:05:15.463Z</time>
      </trkpt>
      <trkpt lat="32.754998" lon="-16.875992">
        <ele>427.0</ele>
        <time>2025-02-15T15:05:44.916Z</time>
      </trkpt>
      <trkpt lat="32.754883" lon="-16.875930">
        <ele>430.0</ele>
        <time>2025-02-15T15:06:05.421Z</time>
      </trkpt>
      <trkpt lat="32.754736" lon="-16.876117">
        <ele>435.0</ele>
        <time>2025-02-15T15:06:35.097Z</time>
      </trkpt>
      <trkpt lat="32.754578" lon="-16.876180">
        <ele>441.0</ele>
        <time>2025-02-15T15:06:59.166Z</time>
      </trkpt>
      <trkpt lat="32.754379" lon="-16.876055">
        <ele>444.0</ele>
        <time>2025-02-15T15:07:35.972Z</time>
      </trkpt>
      <trkpt lat="32.754547" lon="-16.875930">
        <ele>447.0</ele>
        <time>2025-02-15T15:08:03.844Z</time>
      </trkpt>
      <trkpt lat="32.754652" lon="-16.875768">
        <ele>450.0</ele>
        <time>2025-02-15T15:08:27.374Z</time>
      </trkpt>
      <trkpt lat="32.754473" lon="-16.875743">
        <ele>454.0</ele>
        <time>2025-02-15T15:08:56.798Z</time>
      </trkpt>
      <trkpt lat="32.754306" lon="-16.875743">
        <ele>460.0</ele>
        <time>2025-02-15T15:09:23.613Z</time>
      </trkpt>
      <trkpt lat="32.754620" lon="-16.875506">
        <ele>466.0</ele>
        <time>2025-02-15T15:10:15.347Z</time>
      </trkpt>
      <trkpt lat="32.754778" lon="-16.875269">
        <ele>470.0</ele>
        <time>2025-02-15T15:10:50.118Z</time>
      </trkpt>
      <trkpt lat="32.754893" lon="-16.875094">
        <ele>475.0</ele>
        <time>2025-02-15T15:11:15.637Z</time>
      </trkpt>
      <trkpt lat="32.754998" lon="-16.874795">
        <ele>481.0</ele>
        <time>2025-02-15T15:11:54.256Z</time>
      </trkpt>
      <trkpt lat="32.754746" lon="-16.874907">
        <ele>486.0</ele>
        <time>2025-02-15T15:12:36.930Z</time>
      </trkpt>
      <trkpt lat="32.754494" lon="-16.874982">
        <ele>490.0</ele>
        <time>2025-02-15T15:13:16.263Z</time>
      </trkpt>
      <trkpt lat="32.754369" lon="-16.875244">
        <ele>494.0</ele>
        <time>2025-02-15T15:13:51.949Z</time>
      </trkpt>
      <trkpt lat="32.754211" lon="-16.875444">
        <ele>498.0</ele>
        <time>2025-02-15T15:14:23.419Z</time>
      </trkpt>
      <trkpt lat="32.753980" lon="-16.875556">
        <ele>500.0</ele>
        <time>2025-02-15T15:14:59.248Z</time>
      </trkpt>
      <trkpt lat="32.754138" lon="-16.875119">
        <ele>510.0</ele>
        <time>2025-02-15T15:15:58.338Z</time>
      </trkpt>
      <trkpt lat="32.754348" lon="-16.874907">
        <ele>518.0</ele>
        <time>2025-02-15T15:16:36.221Z</time>
      </trkpt>
      <trkpt lat="32.754431" lon="-16.874745">
        <ele>532.0</ele>
        <time>2025-02-15T15:17:02.822Z</time>
      </trkpt>
      <trkpt lat="32.754547" lon="-16.874533">
        <ele>540.0</ele>
        <time>2025-02-15T15:17:35.714Z</time>
      </trkpt>
      <trkpt lat="32.754536" lon="-16.874258">
        <ele>550.0</ele>
        <time>2025-02-15T15:18:27.259Z</time>
      </trkpt>
      <trkpt lat="32.754253" lon="-16.874408">
        <ele>558.0</ele>
        <time>2025-02-15T15:19:20.291Z</time>
      </trkpt>
      <trkpt lat="32.754043" lon="-16.874595">
        <ele>568.0</ele>
        <time>2025-02-15T15:19:58.108Z</time>
      </trkpt>
      <trkpt lat="32.753708" lon="-16.874807">
        <ele>574.0</ele>
        <time>2025-02-15T15:20:52.194Z</time>
      </trkpt>
      <trkpt lat="32.753980" lon="-16.874109">
        <ele>588.1</ele>
        <time>2025-02-15T15:23:04.690Z</time>
      </trkpt>
      <trkpt lat="32.754117" lon="-16.873759">
        <ele>585.7</ele>
        <time>2025-02-15T15:23:49.062Z</time>
      </trkpt>
      <trkpt lat="32.754369" lon="-16.873547">
        <ele>586.0</ele>
        <time>2025-02-15T15:24:44.909Z</time>
      </trkpt>
      <trkpt lat="32.754505" lon="-16.873335">
        <ele>586.0</ele>
        <time>2025-02-15T15:25:20.038Z</time>
      </trkpt>
      <trkpt lat="32.754515" lon="-16.873161">
        <ele>586.0</ele>
        <time>2025-02-15T15:25:41.847Z</time>
      </trkpt>
      <trkpt lat="32.754169" lon="-16.873236">
        <ele>585.6</ele>
        <time>2025-02-15T15:26:47.861Z</time>
      </trkpt>
      <trkpt lat="32.753959" lon="-16.872961">
        <ele>593.3</ele>
        <time>2025-02-15T15:27:31.534Z</time>
      </trkpt>
      <trkpt lat="32.753781" lon="-16.872612">
        <ele>598.9</ele>
        <time>2025-02-15T15:28:18.989Z</time>
      </trkpt>
      <trkpt lat="32.753527" lon="-16.872273">
        <ele>602.4</ele>
        <time>2025-02-15T15:29:11.321Z</time>
      </trkpt>
      <trkpt lat="32.753131" lon="-16.872524">
        <ele>608.2</ele>
        <time>2025-02-15T15:30:13.137Z</time>
      </trkpt>
      <trkpt lat="32.752753" lon="-16.872687">
        <ele>612.8</ele>
        <time>2025-02-15T15:31:08.291Z</time>
      </trkpt>
      <trkpt lat="32.752375" lon="-16.872999">
        <ele>618.7</ele>
        <time>2025-02-15T15:32:11.538Z</time>
      </trkpt>
      <trkpt lat="32.752176" lon="-16.873211">
        <ele>622.3</ele>
        <time>2025-02-15T15:32:48.354Z</time>
      </trkpt>
      <trkpt lat="32.751924" lon="-16.873510">
        <ele>627.6</ele>
        <time>2025-02-15T15:33:37.451Z</time>
      </trkpt>
      <trkpt lat="32.751767" lon="-16.873909">
        <ele>632.8</ele>
        <time>2025-02-15T15:34:28.496Z</time>
      </trkpt>
      <trkpt lat="32.751641" lon="-16.874209">
        <ele>636.7</ele>
        <time>2025-02-15T15:35:07.263Z</time>
      </trkpt>
      <trkpt lat="32.751504" lon="-16.874570">
        <ele>640.3</ele>
        <time>2025-02-15T15:35:53.048Z</time>
      </trkpt>
      <trkpt lat="32.751253" lon="-16.875007">
        <ele>646.9</ele>
        <time>2025-02-15T15:36:54.423Z</time>
      </trkpt>
      <trkpt lat="32.750843" lon="-16.875518">
        <ele>661.0</ele>
        <time>2025-02-15T15:38:17.361Z</time>
      </trkpt>
      <trkpt lat="32.750529" lon="-16.875893">
        <ele>665.6</ele>
        <time>2025-02-15T15:39:18.450Z</time>
      </trkpt>
      <trkpt lat="32.750120" lon="-16.876204">
        <ele>675.0</ele>
        <time>2025-02-15T15:40:25.864Z</time>
      </trkpt>
      <trkpt lat="32.749931" lon="-16.876429">
        <ele>690.0</ele>
        <time>2025-02-15T15:41:06.750Z</time>
      </trkpt>
      <trkpt lat="32.749752" lon="-16.876728">
        <ele>702.0</ele>
        <time>2025-02-15T15:41:51.422Z</time>
      </trkpt>
      <trkpt lat="32.749595" lon="-16.876965">
        <ele>710.0</ele>
        <time>2025-02-15T15:42:27.481Z</time>
      </trkpt>
      <trkpt lat="32.749354" lon="-16.877402">
        <ele>718.0</ele>
        <time>2025-02-15T15:43:28.336Z</time>
      </trkpt>
      <trkpt lat="32.749039" lon="-16.878200">
        <ele>726.0</ele>
        <time>2025-02-15T15:45:10.130Z</time>
      </trkpt>
      <trkpt lat="32.748682" lon="-16.878300">
        <ele>734.0</ele>
        <time>2025-02-15T15:46:01.156Z</time>
      </trkpt>
      <trkpt lat="32.748388" lon="-16.878537">
        <ele>740.0</ele>
        <time>2025-02-15T15:46:50.235Z</time>
      </trkpt>
      <trkpt lat="32.748126" lon="-16.878774">
        <ele>746.0</ele>
        <time>2025-02-15T15:47:35.837Z</time>
      </trkpt>
      <trkpt lat="32.747780" lon="-16.879248">
        <ele>760.0</ele>
        <time>2025-02-15T15:48:50.027Z</time>
      </trkpt>
      <trkpt lat="32.747654" lon="-16.879186">
        <ele>763.0</ele>
        <time>2025-02-15T15:49:09.027Z</time>
      </trkpt>
      <trkpt lat="32.747675" lon="-16.878936">
        <ele>766.0</ele>
        <time>2025-02-15T15:49:38.069Z</time>
      </trkpt>
      <trkpt lat="32.747570" lon="-16.878799">
        <ele>773.0</ele>
        <time>2025-02-15T15:50:01.042Z</time>
      </trkpt>
      <trkpt lat="32.747350" lon="-16.879149">
        <ele>778.0</ele>
        <time>2025-02-15T15:50:51.609Z</time>
      </trkpt>
      <trkpt lat="32.747192" lon="-16.879361">
        <ele>782.0</ele>
        <time>2025-02-15T15:51:24.481Z</time>
      </trkpt>
      <trkpt lat="32.746846" lon="-16.879610">
        <ele>787.0</ele>
        <time>2025-02-15T15:52:20.135Z</time>
      </trkpt>
      <trkpt lat="32.746489" lon="-16.879697">
        <ele>791.0</ele>
        <time>2025-02-15T15:53:10.144Z</time>
      </trkpt>
      <trkpt lat="32.746206" lon="-16.879859">
        <ele>794.0</ele>
        <time>2025-02-15T15:53:53.256Z</time>
      </trkpt>
      <trkpt lat="32.745881" lon="-16.880034">
        <ele>796.0</ele>
        <time>2025-02-15T15:54:42.087Z</time>
      </trkpt>
      <trkpt lat="32.745713" lon="-16.880284">
        <ele>800.0</ele>
        <time>2025-02-15T15:55:19.125Z</time>
      </trkpt>
      <trkpt lat="32.745524" lon="-16.880496">
        <ele>810.0</ele>
        <time>2025-02-15T15:56:02.315Z</time>
      </trkpt>
      <trkpt lat="32.745241" lon="-16.880446">
        <ele>821.0</ele>
        <time>2025-02-15T15:56:45.088Z</time>
      </trkpt>
      <trkpt lat="32.744968" lon="-16.880159">
        <ele>829.0</ele>
        <time>2025-02-15T15:57:37.500Z</time>
      </trkpt>
      <trkpt lat="32.744884" lon="-16.879884">
        <ele>836.0</ele>
        <time>2025-02-15T15:58:13.295Z</time>
      </trkpt>
      <trkpt lat="32.744632" lon="-16.879760">
        <ele>843.0</ele>
        <time>2025-02-15T15:58:52.812Z</time>
      </trkpt>
      <trkpt lat="32.744297" lon="-16.879785">
        <ele>852.0</ele>
        <time>2025-02-15T15:59:41.665Z</time>
      </trkpt>
      <trkpt lat="32.744003" lon="-16.879697">
        <ele>854.0</ele>
        <time>2025-02-15T16:00:24.485Z</time>
      </trkpt>
      <trkpt lat="32.743772" lon="-16.879473">
        <ele>860.0</ele>
        <time>2025-02-15T16:01:07.282Z</time>
      </trkpt>
      <trkpt lat="32.743961" lon="-16.879236">
        <ele>864.0</ele>
        <time>2025-02-15T16:01:46.375Z</time>
      </trkpt>
      <trkpt lat="32.744003" lon="-16.878974">
        <ele>868.0</ele>
        <time>2025-02-15T16:02:18.434Z</time>
      </trkpt>
      <trkpt lat="32.743699" lon="-16.878774">
        <ele>870.0</ele>
        <time>2025-02-15T16:03:07.563Z</time>
      </trkpt>
      <trkpt lat="32.743457" lon="-16.878774">
        <ele>866.0</ele>
        <time>2025-02-15T16:03:42.020Z</time>
      </trkpt>
      <trkpt lat="32.743132" lon="-16.878612">
        <ele>862.0</ele>
        <time>2025-02-15T16:04:32.062Z</time>
      </trkpt>
      <trkpt lat="32.742765" lon="-16.878625">
        <ele>857.0</ele>
        <time>2025-02-15T16:05:24.325Z</time>
      </trkpt>
      <trkpt lat="32.742681" lon="-16.879011">
        <ele>853.0</ele>
        <time>2025-02-15T16:06:12.015Z</time>
      </trkpt>
      <trkpt lat="32.742376" lon="-16.879198">
        <ele>852.0</ele>
        <time>2025-02-15T16:07:00.409Z</time>
      </trkpt>
      <trkpt lat="32.742104" lon="-16.879348">
        <ele>850.0</ele>
        <time>2025-02-15T16:07:42.893Z</time>
      </trkpt>
      <trkpt lat="32.741999" lon="-16.879647">
        <ele>848.0</ele>
        <time>2025-02-15T16:08:21.488Z</time>
      </trkpt>
      <trkpt lat="32.741978" lon="-16.880184">
        <ele>848.0</ele>
        <time>2025-02-15T16:09:25.256Z</time>
      </trkpt>
      <trkpt lat="32.741978" lon="-16.880745">
        <ele>848.0</ele>
        <time>2025-02-15T16:10:31.902Z</time>
      </trkpt>
      <trkpt lat="32.742135" lon="-16.881144">
        <ele>848.0</ele>
        <time>2025-02-15T16:11:24.267Z</time>
      </trkpt>
      <trkpt lat="32.742125" lon="-16.881581">
        <ele>846.0</ele>
        <time>2025-02-15T16:12:16.183Z</time>
      </trkpt>
      <trkpt lat="32.742062" lon="-16.881968">
        <ele>846.0</ele>
        <time>2025-02-15T16:13:02.960Z</time>
      </trkpt>
      <trkpt lat="32.742114" lon="-16.882342">
        <ele>846.0</ele>
        <time>2025-02-15T16:13:48.000Z</time>
      </trkpt>
      <trkpt lat="32.741957" lon="-16.882829">
        <ele>846.0</ele>
        <time>2025-02-15T16:14:49.916Z</time>
      </trkpt>
      <trkpt lat="32.741883" lon="-16.883477">
        <ele>846.0</ele>
        <time>2025-02-15T16:16:07.631Z</time>
      </trkpt>
      <trkpt lat="32.741831" lon="-16.884076">
        <ele>846.0</ele>
        <time>2025-02-15T16:17:19.120Z</time>
      </trkpt>
      <trkpt lat="32.741642" lon="-16.884300">
        <ele>846.0</ele>
        <time>2025-02-15T16:17:56.832Z</time>
      </trkpt>
      <trkpt lat="32.741401" lon="-16.884438">
        <ele>840.0</ele>
        <time>2025-02-15T16:18:35.347Z</time>
      </trkpt>
      <trkpt lat="32.741191" lon="-16.884276">
        <ele>840.0</ele>
        <time>2025-02-15T16:19:10.680Z</time>
      </trkpt>
      <trkpt lat="32.740939" lon="-16.884238">
        <ele>840.0</ele>
        <time>2025-02-15T16:19:46.506Z</time>
      </trkpt>
      <trkpt lat="32.740614" lon="-16.884774">
        <ele>840.0</ele>
        <time>2025-02-15T16:21:05.046Z</time>
      </trkpt>
      <trkpt lat="32.740498" lon="-16.885249">
        <ele>840.0</ele>
        <time>2025-02-15T16:22:03.648Z</time>
      </trkpt>
      <trkpt lat="32.740152" lon="-16.885436">
        <ele>840.0</ele>
        <time>2025-02-15T16:22:57.351Z</time>
      </trkpt>
      <trkpt lat="32.739900" lon="-16.885685">
        <ele>840.0</ele>
        <time>2025-02-15T16:23:43.624Z</time>
      </trkpt>
      <trkpt lat="32.739890" lon="-16.885972">
        <ele>840.0</ele>
        <time>2025-02-15T16:24:17.736Z</time>
      </trkpt>
      <trkpt lat="32.739879" lon="-16.886222">
        <ele>840.0</ele>
        <time>2025-02-15T16:24:47.394Z</time>
      </trkpt>
      <trkpt lat="32.739743" lon="-16.886484">
        <ele>840.0</ele>
        <time>2025-02-15T16:25:23.985Z</time>
      </trkpt>
      <trkpt lat="32.739554" lon="-16.886758">
        <ele>840.0</ele>
        <time>2025-02-15T16:26:06.102Z</time>
      </trkpt>
      <trkpt lat="32.739155" lon="-16.887232">
        <ele>840.0</ele>
        <time>2025-02-15T16:27:25.701Z</time>
      </trkpt>
      <trkpt lat="32.739254" lon="-16.887305">
        <ele>842.0</ele>
        <time>2025-02-15T16:27:42.354Z</time>
      </trkpt>
      <trkpt lat="32.739424" lon="-16.887277">
        <ele>844.0</ele>
        <time>2025-02-15T16:28:06.688Z</time>
      </trkpt>
      <trkpt lat="32.739545" lon="-16.887176">
        <ele>844.0</ele>
        <time>2025-02-15T16:28:27.576Z</time>
      </trkpt>
      <trkpt lat="32.739660" lon="-16.887104">
        <ele>846.0</ele>
        <time>2025-02-15T16:28:46.117Z</time>
      </trkpt>
      <trkpt lat="32.739787" lon="-16.887068">
        <ele>846.0</ele>
        <time>2025-02-15T16:29:04.585Z</time>
      </trkpt>
      <trkpt lat="32.739854" lon="-16.886938">
        <ele>846.0</ele>
        <time>2025-02-15T16:29:22.649Z</time>
      </trkpt>
      <trkpt lat="32.739939" lon="-16.886815">
        <ele>846.0</ele>
        <time>2025-02-15T16:29:41.493Z</time>
      </trkpt>
      <trkpt lat="32.740042" lon="-16.886708">
        <ele>850.0</ele>
        <time>2025-02-15T16:30:01.541Z</time>
      </trkpt>
      <trkpt lat="32.740115" lon="-16.886571">
        <ele>850.0</ele>
        <time>2025-02-15T16:30:20.774Z</time>
      </trkpt>
      <trkpt lat="32.740163" lon="-16.886506">
        <ele>853.0</ele>
        <time>2025-02-15T16:30:31.753Z</time>
      </trkpt>
      <trkpt lat="32.740212" lon="-16.886426">
        <ele>853.0</ele>
        <time>2025-02-15T16:30:43.388Z</time>
      </trkpt>
      <trkpt lat="32.740290" lon="-16.886362">
        <ele>853.0</ele>
        <time>2025-02-15T16:30:56.916Z</time>
      </trkpt>
      <trkpt lat="32.740290" lon="-16.886484">
        <ele>857.0</ele>
        <time>2025-02-15T16:31:12.333Z</time>
      </trkpt>
      <trkpt lat="32.740272" lon="-16.886563">
        <ele>857.0</ele>
        <time>2025-02-15T16:31:22.093Z</time>
      </trkpt>
      <trkpt lat="32.740242" lon="-16.886722">
        <ele>858.0</ele>
        <time>2025-02-15T16:31:41.444Z</time>
      </trkpt>
      <trkpt lat="32.740254" lon="-16.886866">
        <ele>858.0</ele>
        <time>2025-02-15T16:31:58.625Z</time>
      </trkpt>
      <trkpt lat="32.740309" lon="-16.886924">
        <ele>862.0</ele>
        <time>2025-02-15T16:32:10.112Z</time>
      </trkpt>
      <trkpt lat="32.740266" lon="-16.887003">
        <ele>862.0</ele>
        <time>2025-02-15T16:32:21.270Z</time>
      </trkpt>
      <trkpt lat="32.740206" lon="-16.887125">
        <ele>862.0</ele>
        <time>2025-02-15T16:32:38.136Z</time>
      </trkpt>
      <trkpt lat="32.740163" lon="-16.887183">
        <ele>862.0</ele>
        <time>2025-02-15T16:32:47.229Z</time>
      </trkpt>
      <trkpt lat="32.740133" lon="-16.887320">
        <ele>862.0</ele>
        <time>2025-02-15T16:33:04.056Z</time>
      </trkpt>
      <trkpt lat="32.740035" lon="-16.887463">
        <ele>862.2</ele>
        <time>2025-02-15T16:33:26.000Z</time>
        <sat>6</sat>
      </trkpt>
      <trkpt lat="32.739948" lon="-16.887535">
        <ele>862.0</ele>
        <time>2025-02-15T16:33:31.000Z</time>
        <sat>6</sat>
      </trkpt>
      <trkpt lat="32.739878" lon="-16.887630">
        <ele>861.9</ele>
        <time>2025-02-15T16:33:37.000Z</time>
        <sat>6</sat>
      </trkpt>
      <trkpt lat="32.739798" lon="-16.887680">
        <ele>861.8</ele>
        <time>2025-02-15T16:33:42.000Z</time>
        <sat>6</sat>
      </trkpt>
      <trkpt lat="32.739730" lon="-16.887758">
        <ele>861.7</ele>
        <time>2025-02-15T16:33:46.000Z</time>
        <sat>6</sat>
      </trkpt>
      <trkpt lat="32.739658" lon="-16.887857">
        <ele>861.7</ele>
        <time>2025-02-15T16:33:51.000Z</time>
        <sat>6</sat>
      </trkpt>
      <trkpt lat="32.739607" lon="-16.887968">
        <ele>861.5</ele>
        <time>2025-02-15T16:33:56.000Z</time>
        <sat>6</sat>
      </trkpt>
      <trkpt lat="32.739528" lon="-16.888042">
        <ele>861.4</ele>
        <time>2025-02-15T16:34:01.000Z</time>
        <sat>6</sat>
      </trkpt>
      <trkpt lat="32.739443" lon="-16.888092">
        <ele>861.2</ele>
        <time>2025-02-15T16:34:07.000Z</time>
        <sat>5</sat>
      </trkpt>
      <trkpt lat="32.739327" lon="-16.888132">
        <ele>861.1</ele>
        <time>2025-02-15T16:34:14.000Z</time>
        <sat>5</sat>
      </trkpt>
      <trkpt lat="32.739247" lon="-16.888227">
        <ele>861.1</ele>
        <time>2025-02-15T16:34:17.000Z</time>
        <sat>5</sat>
      </trkpt>
      <trkpt lat="32.739185" lon="-16.888312">
        <ele>861.0</ele>
        <time>2025-02-15T16:34:21.000Z</time>
        <sat>5</sat>
      </trkpt>
      <trkpt lat="32.739108" lon="-16.888393">
        <ele>860.9</ele>
        <time>2025-02-15T16:34:26.000Z</time>
        <sat>5</sat>
      </trkpt>
      <trkpt lat="32.739032" lon="-16.888457">
        <ele>860.9</ele>
        <time>2025-02-15T16:34:30.000Z</time>
        <sat>5</sat>
      </trkpt>
      <trkpt lat="32.738962" lon="-16.888535">
        <ele>860.8</ele>
        <time>2025-02-15T16:34:39.000Z</time>
        <sat>5</sat>
      </trkpt>
      <trkpt lat="32.738870" lon="-16.888498">
        <ele>860.7</ele>
        <time>2025-02-15T16:34:48.000Z</time>
        <sat>5</sat>
      </trkpt>
      <trkpt lat="32.738835" lon="-16.888392">
        <ele>860.7</ele>
        <time>2025-02-15T16:34:54.000Z</time>
        <sat>6</sat>
      </trkpt>
      <trkpt lat="32.738795" lon="-16.888295">
        <ele>860.6</ele>
        <time>2025-02-15T16:35:03.000Z</time>
        <sat>5</sat>
      </trkpt>
      <trkpt lat="32.738708" lon="-16.888247">
        <ele>860.5</ele>
        <time>2025-02-15T16:35:11.000Z</time>
        <sat>5</sat>
      </trkpt>
      <trkpt lat="32.738607" lon="-16.888197">
        <ele>860.4</ele>
        <time>2025-02-15T16:35:18.000Z</time>
        <sat>5</sat>
      </trkpt>
      <trkpt lat="32.738575" lon="-16.888063">
        <ele>860.3</ele>
        <time>2025-02-15T16:35:22.000Z</time>
        <sat>5</sat>
      </trkpt>
      <trkpt lat="32.738552" lon="-16.887885">
        <ele>860.2</ele>
        <time>2025-02-15T16:35:25.000Z</time>
        <sat>5</sat>
      </trkpt>
      <trkpt lat="32.738502" lon="-16.887755">
        <ele>860.2</ele>
        <time>2025-02-15T16:35:28.000Z</time>
        <sat>5</sat>
      </trkpt>
      <trkpt lat="32.738440" lon="-16.887670">
        <ele>860.2</ele>
        <time>2025-02-15T16:35:33.000Z</time>
        <sat>5</sat>
      </trkpt>
      <trkpt lat="32.738388" lon="-16.887575">
        <ele>860.2</ele>
        <time>2025-02-15T16:35:38.000Z</time>
        <sat>6</sat>
      </trkpt>
      <trkpt lat="32.738360" lon="-16.887462">
        <ele>860.2</ele>
        <time>2025-02-15T16:35:41.000Z</time>
        <sat>6</sat>
      </trkpt>
      <trkpt lat="32.738307" lon="-16.887363">
        <ele>860.2</ele>
        <time>2025-02-15T16:35:43.000Z</time>
        <sat>6</sat>
      </trkpt>
      <trkpt lat="32.738190" lon="-16.887342">
        <ele>860.1</ele>
        <time>2025-02-15T16:35:45.000Z</time>
        <sat>7</sat>
      </trkpt>
      <trkpt lat="32.738077" lon="-16.887333">
        <ele>860.1</ele>
        <time>2025-02-15T16:35:48.000Z</time>
        <sat>8</sat>
      </trkpt>
      <trkpt lat="32.737987" lon="-16.887322">
        <ele>860.1</ele>
        <time>2025-02-15T16:35:51.000Z</time>
        <sat>8</sat>
      </trkpt>
      <trkpt lat="32.737893" lon="-16.887368">
        <ele>860.1</ele>
        <time>2025-02-15T16:35:55.000Z</time>
        <sat>6</sat>
      </trkpt>
      <trkpt lat="32.737822" lon="-16.887473">
        <ele>860.1</ele>
        <time>2025-02-15T16:35:59.000Z</time>
        <sat>6</sat>
      </trkpt>
      <trkpt lat="32.737737" lon="-16.887522">
        <ele>860.1</ele>
        <time>2025-02-15T16:36:04.000Z</time>
        <sat>7</sat>
      </trkpt>
      <trkpt lat="32.737663" lon="-16.887597">
        <ele>860.0</ele>
        <time>2025-02-15T16:36:12.000Z</time>
        <sat>6</sat>
      </trkpt>
      <trkpt lat="32.737567" lon="-16.887597">
        <ele>860.0</ele>
        <time>2025-02-15T16:36:18.000Z</time>
        <sat>6</sat>
      </trkpt>
      <trkpt lat="32.737477" lon="-16.887638">
        <ele>859.9</ele>
        <time>2025-02-15T16:36:21.000Z</time>
        <sat>6</sat>
      </trkpt>
      <trkpt lat="32.737393" lon="-16.887683">
        <ele>859.9</ele>
        <time>2025-02-15T16:36:24.000Z</time>
        <sat>6</sat>
      </trkpt>
      <trkpt lat="32.737312" lon="-16.887730">
        <ele>859.8</ele>
        <time>2025-02-15T16:36:27.000Z</time>
        <sat>5</sat>
      </trkpt>
      <trkpt lat="32.737208" lon="-16.887782">
        <ele>859.8</ele>
        <time>2025-02-15T16:36:31.000Z</time>
        <sat>5</sat>
      </trkpt>
      <trkpt lat="32.737113" lon="-16.887823">
        <ele>859.8</ele>
        <time>2025-02-15T16:36:35.000Z</time>
        <sat>6</sat>
      </trkpt>
      <trkpt lat="32.737008" lon="-16.887867">
        <ele>859.7</ele>
        <time>2025-02-15T16:36:41.000Z</time>
        <sat>6</sat>
      </trkpt>
      <trkpt lat="32.736930" lon="-16.887950">
        <ele>859.6</ele>
        <time>2025-02-15T16:36:45.000Z</time>
        <sat>6</sat>
      </trkpt>
      <trkpt lat="32.736852" lon="-16.888007">
        <ele>859.5</ele>
        <time>2025-02-15T16:36:49.000Z</time>
        <sat>6</sat>
      </trkpt>
      <trkpt lat="32.736767" lon="-16.888050">
        <ele>859.5</ele>
        <time>2025-02-15T16:36:57.000Z</time>
        <sat>6</sat>
      </trkpt>
      <trkpt lat="32.736672" lon="-16.888065">
        <ele>860.0</ele>
        <time>2025-02-15T16:37:03.000Z</time>
        <sat>6</sat>
      </trkpt>
      <trkpt lat="32.736582" lon="-16.888105">
        <ele>860.0</ele>
        <time>2025-02-15T16:37:09.000Z</time>
        <sat>6</sat>
      </trkpt>
      <trkpt lat="32.736148" lon="-16.888130">
        <ele>864.7</ele>
        <time>2025-02-15T16:49:50.000Z</time>
        <sat>6</sat>
      </trkpt>
      <trkpt lat="32.736093" lon="-16.888222">
        <ele>866.2</ele>
        <time>2025-02-15T16:49:56.000Z</time>
        <sat>5</sat>
      </trkpt>
      <trkpt lat="32.736027" lon="-16.888297">
        <ele>867.8</ele>
        <time>2025-02-15T16:50:03.000Z</time>
        <sat>6</sat>
      </trkpt>
      <trkpt lat="32.736012" lon="-16.888393">
        <ele>871.6</ele>
        <time>2025-02-15T16:50:18.000Z</time>
        <sat>5</sat>
      </trkpt>
      <trkpt lat="32.736008" lon="-16.888397">
        <ele>871.9</ele>
        <time>2025-02-15T16:50:19.000Z</time>
        <sat>6</sat>
      </trkpt>
      <trkpt lat="32.735952" lon="-16.888483">
        <ele>873.9</ele>
        <time>2025-02-15T16:50:41.000Z</time>
        <sat>4</sat>
      </trkpt>
      <trkpt lat="32.735853" lon="-16.888470">
        <ele>877.6</ele>
        <time>2025-02-15T16:51:31.000Z</time>
        <sat>5</sat>
      </trkpt>
      <trkpt lat="32.735800" lon="-16.888483">
        <ele>878.0</ele>
        <time>2025-02-15T16:51:39.000Z</time>
        <sat>4</sat>
      </trkpt>
      <trkpt lat="32.735798" lon="-16.888487">
        <ele>878.2</ele>
        <time>2025-02-15T16:51:40.000Z</time>
        <sat>4</sat>
      </trkpt>
      <trkpt lat="32.735722" lon="-16.888543">
        <ele>881.3</ele>
        <time>2025-02-15T16:51:51.000Z</time>
        <sat>7</sat>
      </trkpt>
      <trkpt lat="32.735708" lon="-16.888658">
        <ele>883.8</ele>
        <time>2025-02-15T16:52:04.000Z</time>
        <sat>6</sat>
      </trkpt>
      <trkpt lat="32.735633" lon="-16.888723">
        <ele>888.4</ele>
        <time>2025-02-15T16:52:27.000Z</time>
        <sat>5</sat>
      </trkpt>
      <trkpt lat="32.735652" lon="-16.888678">
        <ele>891.6</ele>
        <time>2025-02-15T16:52:50.000Z</time>
        <sat>7</sat>
      </trkpt>
      <trkpt lat="32.735653" lon="-16.888675">
        <ele>891.7</ele>
        <time>2025-02-15T16:52:51.000Z</time>
        <sat>7</sat>
      </trkpt>
      <trkpt lat="32.735653" lon="-16.888675">
        <ele>891.8</ele>
        <time>2025-02-15T16:52:52.000Z</time>
        <sat>7</sat>
      </trkpt>
      <trkpt lat="32.735655" lon="-16.888675">
        <ele>892.1</ele>
        <time>2025-02-15T16:52:53.000Z</time>
        <sat>7</sat>
      </trkpt>
      <trkpt lat="32.735585" lon="-16.888605">
        <ele>895.7</ele>
        <time>2025-02-15T16:53:09.000Z</time>
        <sat>7</sat>
      </trkpt>
      <trkpt lat="32.735475" lon="-16.888585">
        <ele>897.5</ele>
        <time>2025-02-15T16:53:18.000Z</time>
        <sat>7</sat>
      </trkpt>
      <trkpt lat="32.735380" lon="-16.888573">
        <ele>898.4</ele>
        <time>2025-02-15T16:53:23.000Z</time>
        <sat>7</sat>
      </trkpt>
      <trkpt lat="32.735282" lon="-16.888572">
        <ele>901.9</ele>
        <time>2025-02-15T16:53:34.000Z</time>
        <sat>7</sat>
      </trkpt>
      <trkpt lat="32.735188" lon="-16.888557">
        <ele>904.5</ele>
        <time>2025-02-15T16:53:46.000Z</time>
        <sat>7</sat>
      </trkpt>
      <trkpt lat="32.735165" lon="-16.888540">
        <ele>908.6</ele>
        <time>2025-02-15T16:54:01.000Z</time>
        <sat>7</sat>
      </trkpt>
      <trkpt lat="32.735167" lon="-16.888542">
        <ele>909.0</ele>
        <time>2025-02-15T16:54:02.000Z</time>
        <sat>7</sat>
      </trkpt>
      <trkpt lat="32.735078" lon="-16.888565">
        <ele>910.4</ele>
        <time>2025-02-15T16:54:13.000Z</time>
        <sat>7</sat>
      </trkpt>
      <trkpt lat="32.735007" lon="-16.888503">
        <ele>917.9</ele>
        <time>2025-02-15T16:54:46.000Z</time>
        <sat>6</sat>
      </trkpt>
      <trkpt lat="32.735002" lon="-16.888503">
        <ele>918.2</ele>
        <time>2025-02-15T16:54:47.000Z</time>
        <sat>6</sat>
      </trkpt>
      <trkpt lat="32.734912" lon="-16.888502">
        <ele>918.3</ele>
        <time>2025-02-15T16:55:19.000Z</time>
        <sat>7</sat>
      </trkpt>
      <trkpt lat="32.734903" lon="-16.888498">
        <ele>918.3</ele>
        <time>2025-02-15T16:55:22.000Z</time>
        <sat>7</sat>
      </trkpt>
      <trkpt lat="32.734902" lon="-16.888498">
        <ele>918.4</ele>
        <time>2025-02-15T16:55:23.000Z</time>
        <sat>7</sat>
      </trkpt>
      <trkpt lat="32.734895" lon="-16.888493">
        <ele>920.6</ele>
        <time>2025-02-15T16:55:35.000Z</time>
        <sat>7</sat>
      </trkpt>
      <trkpt lat="32.734897" lon="-16.888493">
        <ele>920.8</ele>
        <time>2025-02-15T16:55:36.000Z</time>
        <sat>7</sat>
      </trkpt>
      <trkpt lat="32.734835" lon="-16.888580">
        <ele>926.3</ele>
        <time>2025-02-15T16:55:53.000Z</time>
        <sat>7</sat>
      </trkpt>
      <trkpt lat="32.734790" lon="-16.888682">
        <ele>926.6</ele>
        <time>2025-02-15T16:56:04.000Z</time>
        <sat>7</sat>
      </trkpt>
      <trkpt lat="32.734737" lon="-16.888773">
        <ele>930.8</ele>
        <time>2025-02-15T16:56:18.000Z</time>
        <sat>7</sat>
      </trkpt>
      <trkpt lat="32.734660" lon="-16.888848">
        <ele>931.9</ele>
        <time>2025-02-15T16:56:30.000Z</time>
        <sat>7</sat>
      </trkpt>
      <trkpt lat="32.734593" lon="-16.888927">
        <ele>934.8</ele>
        <time>2025-02-15T16:56:43.000Z</time>
        <sat>7</sat>
      </trkpt>
      <trkpt lat="32.734493" lon="-16.888905">
        <ele>933.2</ele>
        <time>2025-02-15T16:57:17.000Z</time>
        <sat>7</sat>
      </trkpt>
      <trkpt lat="32.734395" lon="-16.888905">
        <ele>932.7</ele>
        <time>2025-02-15T16:57:27.000Z</time>
        <sat>7</sat>
      </trkpt>
      <trkpt lat="32.734298" lon="-16.888902">
        <ele>929.5</ele>
        <time>2025-02-15T16:57:42.000Z</time>
        <sat>7</sat>
      </trkpt>
      <trkpt lat="32.734207" lon="-16.888920">
        <ele>925.0</ele>
        <time>2025-02-15T16:57:53.000Z</time>
        <sat>6</sat>
      </trkpt>
      <trkpt lat="32.734112" lon="-16.888917">
        <ele>925.0</ele>
        <time>2025-02-15T16:58:14.000Z</time>
        <sat>6</sat>
      </trkpt>
      <trkpt lat="32.734012" lon="-16.888933">
        <ele>922.9</ele>
        <time>2025-02-15T16:58:31.000Z</time>
        <sat>5</sat>
      </trkpt>
      <trkpt lat="32.733940" lon="-16.888857">
        <ele>922.2</ele>
        <time>2025-02-15T16:58:39.000Z</time>
        <sat>5</sat>
      </trkpt>
      <trkpt lat="32.733897" lon="-16.888762">
        <ele>921.5</ele>
        <time>2025-02-15T16:58:44.000Z</time>
        <sat>5</sat>
      </trkpt>
      <trkpt lat="32.733807" lon="-16.888703">
        <ele>920.8</ele>
        <time>2025-02-15T16:58:51.000Z</time>
        <sat>5</sat>
      </trkpt>
      <trkpt lat="32.733720" lon="-16.888650">
        <ele>919.5</ele>
        <time>2025-02-15T16:58:57.000Z</time>
        <sat>5</sat>
      </trkpt>
      <trkpt lat="32.733600" lon="-16.888633">
        <ele>918.9</ele>
        <time>2025-02-15T16:59:01.000Z</time>
        <sat>5</sat>
      </trkpt>
      <trkpt lat="32.733498" lon="-16.888643">
        <ele>918.3</ele>
        <time>2025-02-15T16:59:04.000Z</time>
        <sat>5</sat>
      </trkpt>
      <trkpt lat="32.733402" lon="-16.888573">
        <ele>917.0</ele>
        <time>2025-02-15T16:59:09.000Z</time>
        <sat>5</sat>
      </trkpt>
      <trkpt lat="32.733312" lon="-16.888575">
        <ele>914.8</ele>
        <time>2025-02-15T16:59:16.000Z</time>
        <sat>5</sat>
      </trkpt>
      <trkpt lat="32.733233" lon="-16.888518">
        <ele>912.0</ele>
        <time>2025-02-15T16:59:27.000Z</time>
        <sat>5</sat>
      </trkpt>
      <trkpt lat="32.733140" lon="-16.888490">
        <ele>911.7</ele>
        <time>2025-02-15T16:59:39.000Z</time>
        <sat>5</sat>
      </trkpt>
      <trkpt lat="32.733053" lon="-16.888537">
        <ele>911.4</ele>
        <time>2025-02-15T16:59:48.000Z</time>
        <sat>5</sat>
      </trkpt>
      <trkpt lat="32.733013" lon="-16.888422">
        <ele>911.2</ele>
        <time>2025-02-15T17:00:01.000Z</time>
        <sat>5</sat>
      </trkpt>
      <trkpt lat="32.732938" lon="-16.888502">
        <ele>911.1</ele>
        <time>2025-02-15T17:00:16.000Z</time>
        <sat>5</sat>
      </trkpt>
      <trkpt lat="32.732855" lon="-16.888497">
        <ele>911.0</ele>
        <time>2025-02-15T17:00:31.000Z</time>
        <sat>5</sat>
      </trkpt>
      <trkpt lat="32.732853" lon="-16.888495">
        <ele>910.9</ele>
        <time>2025-02-15T17:00:33.000Z</time>
        <sat>5</sat>
      </trkpt>
      <trkpt lat="32.732830" lon="-16.888515">
        <ele>910.1</ele>
        <time>2025-02-15T17:00:39.000Z</time>
        <sat>5</sat>
      </trkpt>
      <trkpt lat="32.732828" lon="-16.888513">
        <ele>910.0</ele>
        <time>2025-02-15T17:00:40.000Z</time>
        <sat>5</sat>
      </trkpt>
      <trkpt lat="32.732827" lon="-16.888523">
        <ele>909.5</ele>
        <time>2025-02-15T17:00:46.000Z</time>
        <sat>5</sat>
      </trkpt>
      <trkpt lat="32.732825" lon="-16.888517">
        <ele>909.5</ele>
        <time>2025-02-15T17:00:47.000Z</time>
        <sat>5</sat>
      </trkpt>
      <trkpt lat="32.732797" lon="-16.888527">
        <ele>909.0</ele>
        <time>2025-02-15T17:00:54.000Z</time>
        <sat>5</sat>
      </trkpt>
      <trkpt lat="32.732792" lon="-16.888525">
        <ele>909.3</ele>
        <time>2025-02-15T17:00:58.000Z</time>
        <sat>5</sat>
      </trkpt>
      <trkpt lat="32.732787" lon="-16.888520">
        <ele>909.2</ele>
        <time>2025-02-15T17:01:00.000Z</time>
        <sat>5</sat>
      </trkpt>
      <trkpt lat="32.732785" lon="-16.888518">
        <ele>909.0</ele>
        <time>2025-02-15T17:01:02.000Z</time>
        <sat>5</sat>
      </trkpt>
      <trkpt lat="32.732785" lon="-16.888518">
        <ele>908.9</ele>
        <time>2025-02-15T17:01:03.000Z</time>
        <sat>5</sat>
      </trkpt>
      <trkpt lat="32.732785" lon="-16.888517">
        <ele>908.8</ele>
        <time>2025-02-15T17:01:04.000Z</time>
        <sat>5</sat>
      </trkpt>
      <trkpt lat="32.732725" lon="-16.888537">
        <ele>905.9</ele>
        <time>2025-02-15T17:01:26.000Z</time>
        <sat>5</sat>
      </trkpt>
      <trkpt lat="32.732720" lon="-16.888540">
        <ele>905.9</ele>
        <time>2025-02-15T17:01:31.000Z</time>
        <sat>5</sat>
      </trkpt>
      <trkpt lat="32.732717" lon="-16.888550">
        <ele>906.3</ele>
        <time>2025-02-15T17:01:34.000Z</time>
        <sat>5</sat>
      </trkpt>
      <trkpt lat="32.732717" lon="-16.888552">
        <ele>906.4</ele>
        <time>2025-02-15T17:01:35.000Z</time>
        <sat>5</sat>
      </trkpt>
      <trkpt lat="32.732717" lon="-16.888552">
        <ele>906.6</ele>
        <time>2025-02-15T17:01:36.000Z</time>
        <sat>5</sat>
      </trkpt>
      <trkpt lat="32.732712" lon="-16.888552">
        <ele>906.7</ele>
        <time>2025-02-15T17:01:37.000Z</time>
        <sat>5</sat>
      </trkpt>
      <trkpt lat="32.732695" lon="-16.888575">
        <ele>906.5</ele>
        <time>2025-02-15T17:01:47.000Z</time>
        <sat>4</sat>
      </trkpt>
      <trkpt lat="32.732692" lon="-16.888572">
        <ele>906.7</ele>
        <time>2025-02-15T17:01:49.000Z</time>
        <sat>4</sat>
      </trkpt>
      <trkpt lat="32.732688" lon="-16.888585">
        <ele>906.4</ele>
        <time>2025-02-15T17:02:02.000Z</time>
        <sat>5</sat>
      </trkpt>
      <trkpt lat="32.732687" lon="-16.888585">
        <ele>906.3</ele>
        <time>2025-02-15T17:02:03.000Z</time>
        <sat>5</sat>
      </trkpt>
      <trkpt lat="32.732663" lon="-16.888633">
        <ele>906.2</ele>
        <time>2025-02-15T17:02:17.000Z</time>
        <sat>5</sat>
      </trkpt>
      <trkpt lat="32.732663" lon="-16.888627">
        <ele>906.2</ele>
        <time>2025-02-15T17:02:18.000Z</time>
        <sat>5</sat>
      </trkpt>
      <trkpt lat="32.732620" lon="-16.888557">
        <ele>904.9</ele>
        <time>2025-02-15T17:02:42.000Z</time>
        <sat>5</sat>
      </trkpt>
      <trkpt lat="32.732612" lon="-16.888558">
        <ele>904.8</ele>
        <time>2025-02-15T17:02:43.000Z</time>
        <sat>5</sat>
      </trkpt>
      <trkpt lat="32.732553" lon="-16.888520">
        <ele>905.1</ele>
        <time>2025-02-15T17:02:55.000Z</time>
        <sat>5</sat>
      </trkpt>
      <trkpt lat="32.732552" lon="-16.888517">
        <ele>904.7</ele>
        <time>2025-02-15T17:02:58.000Z</time>
        <sat>5</sat>
      </trkpt>
      <trkpt lat="32.732547" lon="-16.888518">
        <ele>905.7</ele>
        <time>2025-02-15T17:03:03.000Z</time>
        <sat>5</sat>
      </trkpt>
      <trkpt lat="32.732543" lon="-16.888520">
        <ele>905.9</ele>
        <time>2025-02-15T17:03:05.000Z</time>
        <sat>5</sat>
      </trkpt>
      <trkpt lat="32.732473" lon="-16.888588">
        <ele>906.0</ele>
        <time>2025-02-15T17:03:26.000Z</time>
        <sat>4</sat>
      </trkpt>
      <trkpt lat="32.732475" lon="-16.888585">
        <ele>906.4</ele>
        <time>2025-02-15T17:03:30.000Z</time>
        <sat>4</sat>
      </trkpt>
      <trkpt lat="32.732473" lon="-16.888587">
        <ele>906.4</ele>
        <time>2025-02-15T17:03:31.000Z</time>
        <sat>4</sat>
      </trkpt>
      <trkpt lat="32.732455" lon="-16.888570">
        <ele>906.3</ele>
        <time>2025-02-15T17:03:44.000Z</time>
        <sat>5</sat>
      </trkpt>
      <trkpt lat="32.732455" lon="-16.888563">
        <ele>906.3</ele>
        <time>2025-02-15T17:03:46.000Z</time>
        <sat>5</sat>
      </trkpt>
      <trkpt lat="32.732447" lon="-16.888552">
        <ele>906.3</ele>
        <time>2025-02-15T17:03:49.000Z</time>
        <sat>5</sat>
      </trkpt>
      <trkpt lat="32.732447" lon="-16.888548">
        <ele>906.3</ele>
        <time>2025-02-15T17:03:50.000Z</time>
        <sat>5</sat>
      </trkpt>
      <trkpt lat="32.732452" lon="-16.888545">
        <ele>906.3</ele>
        <time>2025-02-15T17:03:55.000Z</time>
        <sat>5</sat>
      </trkpt>
      <trkpt lat="32.732457" lon="-16.888547">
        <ele>906.3</ele>
        <time>2025-02-15T17:03:57.000Z</time>
        <sat>5</sat>
      </trkpt>
      <trkpt lat="32.732470" lon="-16.888532">
        <ele>906.1</ele>
        <time>2025-02-15T17:04:02.000Z</time>
        <sat>4</sat>
      </trkpt>
      <trkpt lat="32.732477" lon="-16.888532">
        <ele>905.4</ele>
        <time>2025-02-15T17:04:08.000Z</time>
        <sat>4</sat>
      </trkpt>
      <trkpt lat="32.732485" lon="-16.888533">
        <ele>905.3</ele>
        <time>2025-02-15T17:04:12.000Z</time>
        <sat>5</sat>
      </trkpt>
      <trkpt lat="32.732488" lon="-16.888535">
        <ele>905.4</ele>
        <time>2025-02-15T17:04:13.000Z</time>
        <sat>5</sat>
      </trkpt>
      <trkpt lat="32.732497" lon="-16.888530">
        <ele>905.5</ele>
        <time>2025-02-15T17:04:16.000Z</time>
        <sat>4</sat>
      </trkpt>
      <trkpt lat="32.732498" lon="-16.888528">
        <ele>905.6</ele>
        <time>2025-02-15T17:04:21.000Z</time>
        <sat>4</sat>
      </trkpt>
      <trkpt lat="32.732508" lon="-16.888520">
        <ele>905.5</ele>
        <time>2025-02-15T17:04:26.000Z</time>
        <sat>4</sat>
      </trkpt>
      <trkpt lat="32.732510" lon="-16.888520">
        <ele>905.3</ele>
        <time>2025-02-15T17:04:30.000Z</time>
        <sat>4</sat>
      </trkpt>
      <trkpt lat="32.732510" lon="-16.888522">
        <ele>905.2</ele>
        <time>2025-02-15T17:04:32.000Z</time>
        <sat>4</sat>
      </trkpt>
      <trkpt lat="32.732510" lon="-16.888530">
        <ele>905.2</ele>
        <time>2025-02-15T17:04:33.000Z</time>
        <sat>4</sat>
      </trkpt>
      <trkpt lat="32.732528" lon="-16.888520">
        <ele>905.5</ele>
        <time>2025-02-15T17:04:44.000Z</time>
        <sat>5</sat>
      </trkpt>
      <trkpt lat="32.732532" lon="-16.888515">
        <ele>905.5</ele>
        <time>2025-02-15T17:04:45.000Z</time>
        <sat>5</sat>
      </trkpt>
      <trkpt lat="32.732535" lon="-16.888508">
        <ele>905.5</ele>
        <time>2025-02-15T17:04:47.000Z</time>
        <sat>4</sat>
      </trkpt>
      <trkpt lat="32.732537" lon="-16.888500">
        <ele>905.5</ele>
        <time>2025-02-15T17:04:51.000Z</time>
        <sat>4</sat>
      </trkpt>
      <trkpt lat="32.732538" lon="-16.888498">
        <ele>905.5</ele>
        <time>2025-02-15T17:04:53.000Z</time>
        <sat>4</sat>
      </trkpt>
      <trkpt lat="32.732540" lon="-16.888498">
        <ele>905.5</ele>
        <time>2025-02-15T17:04:54.000Z</time>
        <sat>4</sat>
      </trkpt>
      <trkpt lat="32.732542" lon="-16.888495">
        <ele>905.3</ele>
        <time>2025-02-15T17:04:56.000Z</time>
        <sat>4</sat>
      </trkpt>
      <trkpt lat="32.732543" lon="-16.888495">
        <ele>905.2</ele>
        <time>2025-02-15T17:04:57.000Z</time>
        <sat>6</sat>
      </trkpt>
      <trkpt lat="32.732543" lon="-16.888495">
        <ele>905.1</ele>
        <time>2025-02-15T17:04:58.000Z</time>
        <sat>6</sat>
      </trkpt>
      <trkpt lat="32.732543" lon="-16.888497">
        <ele>905.4</ele>
        <time>2025-02-15T17:05:02.000Z</time>
        <sat>5</sat>
      </trkpt>
      <trkpt lat="32.732545" lon="-16.888497">
        <ele>905.7</ele>
        <time>2025-02-15T17:05:07.000Z</time>
        <sat>5</sat>
      </trkpt>
      <trkpt lat="32.732548" lon="-16.888495">
        <ele>905.7</ele>
        <time>2025-02-15T17:05:12.000Z</time>
        <sat>5</sat>
      </trkpt>
      <trkpt lat="32.732548" lon="-16.888495">
        <ele>905.7</ele>
        <time>2025-02-15T17:05:13.000Z</time>
        <sat>5</sat>
      </trkpt>
      <trkpt lat="32.732550" lon="-16.888497">
        <ele>905.7</ele>
        <time>2025-02-15T17:05:16.000Z</time>
        <sat>4</sat>
      </trkpt>
      <trkpt lat="32.732552" lon="-16.888497">
        <ele>905.7</ele>
        <time>2025-02-15T17:05:18.000Z</time>
        <sat>4</sat>
      </trkpt>
      <trkpt lat="32.732553" lon="-16.888498">
        <ele>905.6</ele>
        <time>2025-02-15T17:05:25.000Z</time>
        <sat>4</sat>
      </trkpt>
      <trkpt lat="32.732553" lon="-16.888498">
        <ele>905.5</ele>
        <time>2025-02-15T17:05:28.000Z</time>
        <sat>3</sat>
      </trkpt>
      <trkpt lat="32.732553" lon="-16.888503">
        <ele>905.4</ele>
        <time>2025-02-15T17:05:31.000Z</time>
        <sat>4</sat>
      </trkpt>
      <trkpt lat="32.732552" lon="-16.888505">
        <ele>905.4</ele>
        <time>2025-02-15T17:05:33.000Z</time>
        <sat>4</sat>
      </trkpt>
      <trkpt lat="32.732553" lon="-16.888505">
        <ele>905.4</ele>
        <time>2025-02-15T17:05:35.000Z</time>
        <sat>3</sat>
      </trkpt>
      <trkpt lat="32.732553" lon="-16.888510">
        <ele>905.3</ele>
        <time>2025-02-15T17:05:38.000Z</time>
        <sat>4</sat>
      </trkpt>
      <trkpt lat="32.732553" lon="-16.888507">
        <ele>905.3</ele>
        <time>2025-02-15T17:05:39.000Z</time>
        <sat>4</sat>
      </trkpt>
      <trkpt lat="32.732553" lon="-16.888507">
        <ele>905.3</ele>
        <time>2025-02-15T17:05:40.000Z</time>
        <sat>4</sat>
      </trkpt>
      <trkpt lat="32.732555" lon="-16.888507">
        <ele>905.2</ele>
        <time>2025-02-15T17:05:46.000Z</time>
        <sat>5</sat>
      </trkpt>
      <trkpt lat="32.732555" lon="-16.888505">
        <ele>905.2</ele>
        <time>2025-02-15T17:05:49.000Z</time>
        <sat>5</sat>
      </trkpt>
      <trkpt lat="32.732555" lon="-16.888512">
        <ele>905.1</ele>
        <time>2025-02-15T17:05:58.000Z</time>
        <sat>4</sat>
      </trkpt>
      <trkpt lat="32.732555" lon="-16.888523">
        <ele>905.1</ele>
        <time>2025-02-15T17:06:02.000Z</time>
        <sat>4</sat>
      </trkpt>
      <trkpt lat="32.732555" lon="-16.888525">
        <ele>905.1</ele>
        <time>2025-02-15T17:06:05.000Z</time>
        <sat>4</sat>
      </trkpt>
      <trkpt lat="32.732555" lon="-16.888525">
        <ele>905.0</ele>
        <time>2025-02-15T17:06:06.000Z</time>
        <sat>4</sat>
      </trkpt>
      <trkpt lat="32.732553" lon="-16.888525">
        <ele>905.0</ele>
        <time>2025-02-15T17:06:07.000Z</time>
        <sat>4</sat>
      </trkpt>
      <trkpt lat="32.732558" lon="-16.888643">
        <ele>904.0</ele>
        <time>2025-02-15T17:06:24.000Z</time>
        <sat>5</sat>
      </trkpt>
      <trkpt lat="32.732620" lon="-16.888728">
        <ele>905.7</ele>
        <time>2025-02-15T17:06:53.000Z</time>
        <sat>4</sat>
      </trkpt>
      <trkpt lat="32.732630" lon="-16.888752">
        <ele>905.2</ele>
        <time>2025-02-15T17:06:58.000Z</time>
        <sat>4</sat>
      </trkpt>
      <trkpt lat="32.732630" lon="-16.888753">
        <ele>905.1</ele>
        <time>2025-02-15T17:06:59.000Z</time>
        <sat>4</sat>
      </trkpt>
      <trkpt lat="32.732715" lon="-16.888700">
        <ele>904.2</ele>
        <time>2025-02-15T17:07:08.000Z</time>
        <sat>6</sat>
      </trkpt>
      <trkpt lat="32.732805" lon="-16.888643">
        <ele>903.1</ele>
        <time>2025-02-15T17:07:14.000Z</time>
        <sat>6</sat>
      </trkpt>
      <trkpt lat="32.732882" lon="-16.888565">
        <ele>902.9</ele>
        <time>2025-02-15T17:07:19.000Z</time>
        <sat>6</sat>
      </trkpt>
      <trkpt lat="32.732965" lon="-16.888495">
        <ele>902.8</ele>
        <time>2025-02-15T17:07:24.000Z</time>
        <sat>6</sat>
      </trkpt>
      <trkpt lat="32.733032" lon="-16.888408">
        <ele>902.1</ele>
        <time>2025-02-15T17:07:31.000Z</time>
        <sat>6</sat>
      </trkpt>
      <trkpt lat="32.733100" lon="-16.888318">
        <ele>901.1</ele>
        <time>2025-02-15T17:07:38.000Z</time>
        <sat>6</sat>
      </trkpt>
      <trkpt lat="32.733108" lon="-16.888205">
        <ele>901.1</ele>
        <time>2025-02-15T17:07:44.000Z</time>
        <sat>6</sat>
      </trkpt>
      <trkpt lat="32.733088" lon="-16.888095">
        <ele>900.8</ele>
        <time>2025-02-15T17:07:50.000Z</time>
        <sat>6</sat>
      </trkpt>
      <trkpt lat="32.733077" lon="-16.887977">
        <ele>899.6</ele>
        <time>2025-02-15T17:07:59.000Z</time>
        <sat>6</sat>
      </trkpt>
      <trkpt lat="32.733115" lon="-16.887863">
        <ele>897.0</ele>
        <time>2025-02-15T17:08:08.000Z</time>
        <sat>6</sat>
      </trkpt>
      <trkpt lat="32.733122" lon="-16.887748">
        <ele>897.3</ele>
        <time>2025-02-15T17:08:16.000Z</time>
        <sat>6</sat>
      </trkpt>
      <trkpt lat="32.733120" lon="-16.887635">
        <ele>897.9</ele>
        <time>2025-02-15T17:08:24.000Z</time>
        <sat>6</sat>
      </trkpt>
      <trkpt lat="32.733135" lon="-16.887525">
        <ele>899.7</ele>
        <time>2025-02-15T17:08:33.000Z</time>
        <sat>6</sat>
      </trkpt>
      <trkpt lat="32.733127" lon="-16.887413">
        <ele>900.9</ele>
        <time>2025-02-15T17:08:41.000Z</time>
        <sat>6</sat>
      </trkpt>
      <trkpt lat="32.733125" lon="-16.887297">
        <ele>903.4</ele>
        <time>2025-02-15T17:08:52.000Z</time>
        <sat>6</sat>
      </trkpt>
      <trkpt lat="32.733065" lon="-16.887217">
        <ele>907.2</ele>
        <time>2025-02-15T17:09:08.000Z</time>
        <sat>7</sat>
      </trkpt>
      <trkpt lat="32.732978" lon="-16.887248">
        <ele>909.6</ele>
        <time>2025-02-15T17:09:25.000Z</time>
        <sat>6</sat>
      </trkpt>
      <trkpt lat="32.732888" lon="-16.887260">
        <ele>912.2</ele>
        <time>2025-02-15T17:09:38.000Z</time>
        <sat>7</sat>
      </trkpt>
      <trkpt lat="32.732817" lon="-16.887333">
        <ele>915.2</ele>
        <time>2025-02-15T17:09:53.000Z</time>
        <sat>7</sat>
      </trkpt>
      <trkpt lat="32.732765" lon="-16.887430">
        <ele>917.8</ele>
        <time>2025-02-15T17:10:02.000Z</time>
        <sat>7</sat>
      </trkpt>
      <trkpt lat="32.732717" lon="-16.887522">
        <ele>920.1</ele>
        <time>2025-02-15T17:10:14.000Z</time>
        <sat>6</sat>
      </trkpt>
      <trkpt lat="32.732675" lon="-16.887622">
        <ele>923.0</ele>
        <time>2025-02-15T17:10:26.000Z</time>
        <sat>6</sat>
      </trkpt>
      <trkpt lat="32.732622" lon="-16.887710">
        <ele>924.5</ele>
        <time>2025-02-15T17:10:33.000Z</time>
        <sat>6</sat>
      </trkpt>
      <trkpt lat="32.732572" lon="-16.887790">
        <ele>927.6</ele>
        <time>2025-02-15T17:10:44.000Z</time>
        <sat>7</sat>
      </trkpt>
      <trkpt lat="32.732572" lon="-16.887792">
        <ele>927.9</ele>
        <time>2025-02-15T17:10:45.000Z</time>
        <sat>7</sat>
      </trkpt>
      <trkpt lat="32.732530" lon="-16.887865">
        <ele>930.9</ele>
        <time>2025-02-15T17:11:07.000Z</time>
        <sat>7</sat>
      </trkpt>
      <trkpt lat="32.732528" lon="-16.887868">
        <ele>931.2</ele>
        <time>2025-02-15T17:11:08.000Z</time>
        <sat>7</sat>
      </trkpt>
      <trkpt lat="32.732490" lon="-16.887968">
        <ele>932.3</ele>
        <time>2025-02-15T17:11:25.000Z</time>
        <sat>7</sat>
      </trkpt>
      <trkpt lat="32.732483" lon="-16.887988">
        <ele>932.9</ele>
        <time>2025-02-15T17:11:31.000Z</time>
        <sat>7</sat>
      </trkpt>
      <trkpt lat="32.732483" lon="-16.887990">
        <ele>932.8</ele>
        <time>2025-02-15T17:11:32.000Z</time>
        <sat>7</sat>
      </trkpt>
      <trkpt lat="32.732467" lon="-16.887982">
        <ele>933.1</ele>
        <time>2025-02-15T17:11:39.000Z</time>
        <sat>7</sat>
      </trkpt>
      <trkpt lat="32.732467" lon="-16.887980">
        <ele>933.2</ele>
        <time>2025-02-15T17:11:41.000Z</time>
        <sat>7</sat>
      </trkpt>
      <trkpt lat="32.732467" lon="-16.887980">
        <ele>933.2</ele>
        <time>2025-02-15T17:11:42.000Z</time>
        <sat>7</sat>
      </trkpt>
      <trkpt lat="32.732468" lon="-16.887982">
        <ele>933.3</ele>
        <time>2025-02-15T17:11:43.000Z</time>
        <sat>7</sat>
      </trkpt>
      <trkpt lat="32.732450" lon="-16.887965">
        <ele>934.0</ele>
        <time>2025-02-15T17:11:51.000Z</time>
        <sat>7</sat>
      </trkpt>
      <trkpt lat="32.732448" lon="-16.887965">
        <ele>934.2</ele>
        <time>2025-02-15T17:11:53.000Z</time>
        <sat>7</sat>
      </trkpt>
      <trkpt lat="32.732450" lon="-16.887965">
        <ele>934.4</ele>
        <time>2025-02-15T17:11:55.000Z</time>
        <sat>7</sat>
      </trkpt>
      <trkpt lat="32.732442" lon="-16.887970">
        <ele>934.8</ele>
        <time>2025-02-15T17:12:03.000Z</time>
        <sat>7</sat>
      </trkpt>
      <trkpt lat="32.732423" lon="-16.887978">
        <ele>934.9</ele>
        <time>2025-02-15T17:12:08.000Z</time>
        <sat>7</sat>
      </trkpt>
      <trkpt lat="32.732418" lon="-16.887982">
        <ele>935.4</ele>
        <time>2025-02-15T17:12:18.000Z</time>
        <sat>7</sat>
      </trkpt>
      <trkpt lat="32.732410" lon="-16.887985">
        <ele>936.2</ele>
        <time>2025-02-15T17:12:22.000Z</time>
        <sat>7</sat>
      </trkpt>
      <trkpt lat="32.732408" lon="-16.887987">
        <ele>936.9</ele>
        <time>2025-02-15T17:12:24.000Z</time>
        <sat>7</sat>
      </trkpt>
      <trkpt lat="32.732403" lon="-16.887990">
        <ele>937.3</ele>
        <time>2025-02-15T17:12:27.000Z</time>
        <sat>7</sat>
      </trkpt>
      <trkpt lat="32.732402" lon="-16.887992">
        <ele>937.5</ele>
        <time>2025-02-15T17:12:31.000Z</time>
        <sat>7</sat>
      </trkpt>
      <trkpt lat="32.732400" lon="-16.887995">
        <ele>937.6</ele>
        <time>2025-02-15T17:12:35.000Z</time>
        <sat>7</sat>
      </trkpt>
      <trkpt lat="32.732400" lon="-16.887997">
        <ele>937.6</ele>
        <time>2025-02-15T17:12:38.000Z</time>
        <sat>7</sat>
      </trkpt>
      <trkpt lat="32.732395" lon="-16.887998">
        <ele>937.3</ele>
        <time>2025-02-15T17:12:40.000Z</time>
        <sat>7</sat>
      </trkpt>
      <trkpt lat="32.732393" lon="-16.888000">
        <ele>935.8</ele>
        <time>2025-02-15T17:12:43.000Z</time>
        <sat>7</sat>
      </trkpt>
      <trkpt lat="32.732388" lon="-16.888000">
        <ele>935.5</ele>
        <time>2025-02-15T17:12:45.000Z</time>
        <sat>7</sat>
      </trkpt>
      <trkpt lat="32.732387" lon="-16.888000">
        <ele>935.5</ele>
        <time>2025-02-15T17:12:55.000Z</time>
        <sat>7</sat>
      </trkpt>
      <trkpt lat="32.732388" lon="-16.888002">
        <ele>935.7</ele>
        <time>2025-02-15T17:12:57.000Z</time>
        <sat>7</sat>
      </trkpt>
      <trkpt lat="32.732390" lon="-16.888003">
        <ele>936.2</ele>
        <time>2025-02-15T17:13:01.000Z</time>
        <sat>7</sat>
      </trkpt>
      <trkpt lat="32.732387" lon="-16.888008">
        <ele>936.2</ele>
        <time>2025-02-15T17:13:06.000Z</time>
        <sat>7</sat>
      </trkpt>
      <trkpt lat="32.732383" lon="-16.888008">
        <ele>936.1</ele>
        <time>2025-02-15T17:13:08.000Z</time>
        <sat>7</sat>
      </trkpt>
      <trkpt lat="32.732388" lon="-16.888015">
        <ele>936.2</ele>
        <time>2025-02-15T17:13:11.000Z</time>
        <sat>7</sat>
      </trkpt>
      <trkpt lat="32.732387" lon="-16.888015">
        <ele>936.6</ele>
        <time>2025-02-15T17:13:18.000Z</time>
        <sat>7</sat>
      </trkpt>
      <trkpt lat="32.732387" lon="-16.888015">
        <ele>936.6</ele>
        <time>2025-02-15T17:13:19.000Z</time>
        <sat>7</sat>
      </trkpt>
      <trkpt lat="32.732385" lon="-16.888015">
        <ele>936.7</ele>
        <time>2025-02-15T17:13:22.000Z</time>
        <sat>7</sat>
      </trkpt>
      <trkpt lat="32.732338" lon="-16.888035">
        <ele>936.1</ele>
        <time>2025-02-15T17:13:50.000Z</time>
        <sat>7</sat>
      </trkpt>
      <trkpt lat="32.732337" lon="-16.888035">
        <ele>936.0</ele>
        <time>2025-02-15T17:13:51.000Z</time>
        <sat>7</sat>
      </trkpt>
      <trkpt lat="32.732337" lon="-16.888035">
        <ele>936.0</ele>
        <time>2025-02-15T17:13:54.000Z</time>
        <sat>7</sat>
      </trkpt>
      <trkpt lat="32.732335" lon="-16.888035">
        <ele>935.8</ele>
        <time>2025-02-15T17:13:58.000Z</time>
        <sat>7</sat>
      </trkpt>
      <trkpt lat="32.732333" lon="-16.888033">
        <ele>935.8</ele>
        <time>2025-02-15T17:14:00.000Z</time>
        <sat>7</sat>
      </trkpt>
      <trkpt lat="32.732333" lon="-16.888035">
        <ele>935.8</ele>
        <time>2025-02-15T17:14:01.000Z</time>
        <sat>7</sat>
      </trkpt>
      <trkpt lat="32.732333" lon="-16.888037">
        <ele>935.8</ele>
        <time>2025-02-15T17:14:03.000Z</time>
        <sat>7</sat>
      </trkpt>
      <trkpt lat="32.732332" lon="-16.888035">
        <ele>935.8</ele>
        <time>2025-02-15T17:14:04.000Z</time>
        <sat>7</sat>
      </trkpt>
      <trkpt lat="32.732373" lon="-16.887940">
        <ele>936.3</ele>
        <time>2025-02-15T17:14:28.000Z</time>
        <sat>7</sat>
      </trkpt>
      <trkpt lat="32.732387" lon="-16.887825">
        <ele>939.1</ele>
        <time>2025-02-15T17:14:39.000Z</time>
        <sat>7</sat>
      </trkpt>
      <trkpt lat="32.732387" lon="-16.887712">
        <ele>941.7</ele>
        <time>2025-02-15T17:14:49.000Z</time>
        <sat>7</sat>
      </trkpt>
      <trkpt lat="32.732373" lon="-16.887602">
        <ele>944.8</ele>
        <time>2025-02-15T17:14:58.000Z</time>
        <sat>7</sat>
      </trkpt>
      <trkpt lat="32.732343" lon="-16.887488">
        <ele>947.2</ele>
        <time>2025-02-15T17:15:07.000Z</time>
        <sat>6</sat>
      </trkpt>
      <trkpt lat="32.732317" lon="-16.887380">
        <ele>949.3</ele>
        <time>2025-02-15T17:15:15.000Z</time>
        <sat>7</sat>
      </trkpt>
      <trkpt lat="32.732290" lon="-16.887277">
        <ele>952.1</ele>
        <time>2025-02-15T17:15:26.000Z</time>
        <sat>7</sat>
      </trkpt>
      <trkpt lat="32.732282" lon="-16.887163">
        <ele>956.2</ele>
        <time>2025-02-15T17:15:39.000Z</time>
        <sat>6</sat>
      </trkpt>
      <trkpt lat="32.732240" lon="-16.887057">
        <ele>959.7</ele>
        <time>2025-02-15T17:15:51.000Z</time>
        <sat>6</sat>
      </trkpt>
      <trkpt lat="32.732185" lon="-16.886965">
        <ele>962.8</ele>
        <time>2025-02-15T17:16:03.000Z</time>
        <sat>6</sat>
      </trkpt>
      <trkpt lat="32.732118" lon="-16.886887">
        <ele>964.7</ele>
        <time>2025-02-15T17:16:09.000Z</time>
        <sat>6</sat>
      </trkpt>
      <trkpt lat="32.732130" lon="-16.886778">
        <ele>968.4</ele>
        <time>2025-02-15T17:16:22.000Z</time>
        <sat>7</sat>
      </trkpt>
      <trkpt lat="32.732007" lon="-16.886760">
        <ele>970.6</ele>
        <time>2025-02-15T17:16:35.000Z</time>
        <sat>7</sat>
      </trkpt>
      <trkpt lat="32.731935" lon="-16.886830">
        <ele>974.7</ele>
        <time>2025-02-15T17:16:53.000Z</time>
        <sat>7</sat>
      </trkpt>
      <trkpt lat="32.731933" lon="-16.886950">
        <ele>976.8</ele>
        <time>2025-02-15T17:17:04.000Z</time>
        <sat>7</sat>
      </trkpt>
      <trkpt lat="32.731912" lon="-16.887068">
        <ele>978.3</ele>
        <time>2025-02-15T17:17:11.000Z</time>
        <sat>7</sat>
      </trkpt>
      <trkpt lat="32.731872" lon="-16.887165">
        <ele>979.0</ele>
        <time>2025-02-15T17:17:15.000Z</time>
        <sat>7</sat>
      </trkpt>
      <trkpt lat="32.731833" lon="-16.887270">
        <ele>979.9</ele>
        <time>2025-02-15T17:17:19.000Z</time>
        <sat>7</sat>
      </trkpt>
      <trkpt lat="32.731780" lon="-16.887377">
        <ele>981.4</ele>
        <time>2025-02-15T17:17:24.000Z</time>
        <sat>7</sat>
      </trkpt>
      <trkpt lat="32.731692" lon="-16.887432">
        <ele>982.8</ele>
        <time>2025-02-15T17:17:31.000Z</time>
        <sat>7</sat>
      </trkpt>
      <trkpt lat="32.731598" lon="-16.887472">
        <ele>983.7</ele>
        <time>2025-02-15T17:17:39.000Z</time>
        <sat>7</sat>
      </trkpt>
      <trkpt lat="32.731505" lon="-16.887493">
        <ele>985.0</ele>
        <time>2025-02-15T17:17:49.000Z</time>
        <sat>7</sat>
      </trkpt>
      <trkpt lat="32.731415" lon="-16.887513">
        <ele>987.6</ele>
        <time>2025-02-15T17:17:59.000Z</time>
        <sat>6</sat>
      </trkpt>
      <trkpt lat="32.731322" lon="-16.887490">
        <ele>989.5</ele>
        <time>2025-02-15T17:18:07.000Z</time>
        <sat>5</sat>
      </trkpt>
      <trkpt lat="32.731260" lon="-16.887480">
        <ele>992.8</ele>
        <time>2025-02-15T17:18:22.000Z</time>
        <sat>6</sat>
      </trkpt>
      <trkpt lat="32.731260" lon="-16.887485">
        <ele>993.0</ele>
        <time>2025-02-15T17:18:23.000Z</time>
        <sat>6</sat>
      </trkpt>
      <trkpt lat="32.731227" lon="-16.887495">
        <ele>996.1</ele>
        <time>2025-02-15T17:18:33.000Z</time>
        <sat>5</sat>
      </trkpt>
      <trkpt lat="32.731223" lon="-16.887493">
        <ele>996.4</ele>
        <time>2025-02-15T17:18:34.000Z</time>
        <sat>5</sat>
      </trkpt>
      <trkpt lat="32.731223" lon="-16.887493">
        <ele>996.6</ele>
        <time>2025-02-15T17:18:35.000Z</time>
        <sat>6</sat>
      </trkpt>
      <trkpt lat="32.731222" lon="-16.887493">
        <ele>996.9</ele>
        <time>2025-02-15T17:18:36.000Z</time>
        <sat>6</sat>
      </trkpt>
      <trkpt lat="32.731140" lon="-16.887575">
        <ele>999.9</ele>
        <time>2025-02-15T17:18:47.000Z</time>
        <sat>6</sat>
      </trkpt>
      <trkpt lat="32.731052" lon="-16.887635">
        <ele>1001.2</ele>
        <time>2025-02-15T17:18:51.000Z</time>
        <sat>7</sat>
      </trkpt>
      <trkpt lat="32.730973" lon="-16.887705">
        <ele>1002.4</ele>
        <time>2025-02-15T17:18:55.000Z</time>
        <sat>7</sat>
      </trkpt>
      <trkpt lat="32.730892" lon="-16.887777">
        <ele>1003.9</ele>
        <time>2025-02-15T17:19:00.000Z</time>
        <sat>7</sat>
      </trkpt>
      <trkpt lat="32.730805" lon="-16.887818">
        <ele>1006.9</ele>
        <time>2025-02-15T17:19:07.000Z</time>
        <sat>7</sat>
      </trkpt>
      <trkpt lat="32.730710" lon="-16.887825">
        <ele>1009.6</ele>
        <time>2025-02-15T17:19:19.000Z</time>
        <sat>6</sat>
      </trkpt>
      <trkpt lat="32.730617" lon="-16.887832">
        <ele>1013.1</ele>
        <time>2025-02-15T17:19:31.000Z</time>
        <sat>6</sat>
      </trkpt>
      <trkpt lat="32.730522" lon="-16.887817">
        <ele>1015.6</ele>
        <time>2025-02-15T17:19:39.000Z</time>
        <sat>5</sat>
      </trkpt>
      <trkpt lat="32.730435" lon="-16.887783">
        <ele>1017.4</ele>
        <time>2025-02-15T17:19:47.000Z</time>
        <sat>5</sat>
      </trkpt>
      <trkpt lat="32.730345" lon="-16.887780">
        <ele>1018.2</ele>
        <time>2025-02-15T17:19:57.000Z</time>
        <sat>6</sat>
      </trkpt>
      <trkpt lat="32.730247" lon="-16.887790">
        <ele>1021.6</ele>
        <time>2025-02-15T17:20:10.000Z</time>
        <sat>6</sat>
      </trkpt>
      <trkpt lat="32.730153" lon="-16.887777">
        <ele>1024.9</ele>
        <time>2025-02-15T17:20:23.000Z</time>
        <sat>6</sat>
      </trkpt>
      <trkpt lat="32.730062" lon="-16.887768">
        <ele>1026.2</ele>
        <time>2025-02-15T17:20:32.000Z</time>
        <sat>6</sat>
      </trkpt>
      <trkpt lat="32.729965" lon="-16.887742">
        <ele>1027.0</ele>
        <time>2025-02-15T17:20:40.000Z</time>
        <sat>6</sat>
      </trkpt>
      <trkpt lat="32.729983" lon="-16.887637">
        <ele>1034.6</ele>
        <time>2025-02-15T17:21:09.000Z</time>
        <sat>6</sat>
      </trkpt>
      <trkpt lat="32.730030" lon="-16.887535">
        <ele>1037.7</ele>
        <time>2025-02-15T17:21:25.000Z</time>
        <sat>6</sat>
      </trkpt>
      <trkpt lat="32.730112" lon="-16.887485">
        <ele>1039.7</ele>
        <time>2025-02-15T17:21:35.000Z</time>
        <sat>6</sat>
      </trkpt>
      <trkpt lat="32.730192" lon="-16.887418">
        <ele>1041.7</ele>
        <time>2025-02-15T17:21:45.000Z</time>
        <sat>6</sat>
      </trkpt>
      <trkpt lat="32.730275" lon="-16.887353">
        <ele>1044.0</ele>
        <time>2025-02-15T17:21:53.000Z</time>
        <sat>6</sat>
      </trkpt>
      <trkpt lat="32.730368" lon="-16.887325">
        <ele>1047.7</ele>
        <time>2025-02-15T17:22:03.000Z</time>
        <sat>6</sat>
      </trkpt>
      <trkpt lat="32.730445" lon="-16.887268">
        <ele>1050.1</ele>
        <time>2025-02-15T17:22:15.000Z</time>
        <sat>7</sat>
      </trkpt>
      <trkpt lat="32.730480" lon="-16.887157">
        <ele>1051.9</ele>
        <time>2025-02-15T17:22:25.000Z</time>
        <sat>7</sat>
      </trkpt>
      <trkpt lat="32.730527" lon="-16.887057">
        <ele>1056.1</ele>
        <time>2025-02-15T17:22:37.000Z</time>
        <sat>7</sat>
      </trkpt>
      <trkpt lat="32.730583" lon="-16.886970">
        <ele>1059.2</ele>
        <time>2025-02-15T17:22:51.000Z</time>
        <sat>7</sat>
      </trkpt>
      <trkpt lat="32.730657" lon="-16.886897">
        <ele>1061.9</ele>
        <time>2025-02-15T17:23:04.000Z</time>
        <sat>7</sat>
      </trkpt>
      <trkpt lat="32.730717" lon="-16.886800">
        <ele>1064.0</ele>
        <time>2025-02-15T17:23:13.000Z</time>
        <sat>7</sat>
      </trkpt>
      <trkpt lat="32.730783" lon="-16.886722">
        <ele>1067.3</ele>
        <time>2025-02-15T17:23:23.000Z</time>
        <sat>7</sat>
      </trkpt>
      <trkpt lat="32.730792" lon="-16.886613">
        <ele>1069.9</ele>
        <time>2025-02-15T17:23:34.000Z</time>
        <sat>7</sat>
      </trkpt>
      <trkpt lat="32.730795" lon="-16.886503">
        <ele>1072.1</ele>
        <time>2025-02-15T17:23:46.000Z</time>
        <sat>7</sat>
      </trkpt>
      <trkpt lat="32.730818" lon="-16.886398">
        <ele>1075.8</ele>
        <time>2025-02-15T17:24:02.000Z</time>
        <sat>7</sat>
      </trkpt>
      <trkpt lat="32.730832" lon="-16.886283">
        <ele>1078.4</ele>
        <time>2025-02-15T17:24:14.000Z</time>
        <sat>7</sat>
      </trkpt>
      <trkpt lat="32.730792" lon="-16.886182">
        <ele>1081.1</ele>
        <time>2025-02-15T17:24:21.000Z</time>
        <sat>7</sat>
      </trkpt>
      <trkpt lat="32.730742" lon="-16.886083">
        <ele>1084.1</ele>
        <time>2025-02-15T17:24:29.000Z</time>
        <sat>7</sat>
      </trkpt>
      <trkpt lat="32.730713" lon="-16.885978">
        <ele>1086.4</ele>
        <time>2025-02-15T17:24:40.000Z</time>
        <sat>7</sat>
      </trkpt>
      <trkpt lat="32.730637" lon="-16.885918">
        <ele>1092.4</ele>
        <time>2025-02-15T17:25:04.000Z</time>
        <sat>8</sat>
      </trkpt>
      <trkpt lat="32.730567" lon="-16.886000">
        <ele>1096.4</ele>
        <time>2025-02-15T17:25:22.000Z</time>
        <sat>8</sat>
      </trkpt>
      <trkpt lat="32.730505" lon="-16.886087">
        <ele>1099.0</ele>
        <time>2025-02-15T17:25:33.000Z</time>
        <sat>8</sat>
      </trkpt>
      <trkpt lat="32.730437" lon="-16.886170">
        <ele>1100.2</ele>
        <time>2025-02-15T17:25:40.000Z</time>
        <sat>8</sat>
      </trkpt>
      <trkpt lat="32.730358" lon="-16.886228">
        <ele>1103.4</ele>
        <time>2025-02-15T17:25:50.000Z</time>
        <sat>8</sat>
      </trkpt>
      <trkpt lat="32.730282" lon="-16.886290">
        <ele>1105.7</ele>
        <time>2025-02-15T17:26:02.000Z</time>
        <sat>8</sat>
      </trkpt>
      <trkpt lat="32.730180" lon="-16.886302">
        <ele>1108.2</ele>
        <time>2025-02-15T17:26:11.000Z</time>
        <sat>8</sat>
      </trkpt>
      <trkpt lat="32.730162" lon="-16.886188">
        <ele>1114.7</ele>
        <time>2025-02-15T17:26:37.000Z</time>
        <sat>8</sat>
      </trkpt>
      <trkpt lat="32.730153" lon="-16.886073">
        <ele>1116.5</ele>
        <time>2025-02-15T17:26:45.000Z</time>
        <sat>8</sat>
      </trkpt>
      <trkpt lat="32.730157" lon="-16.885962">
        <ele>1119.1</ele>
        <time>2025-02-15T17:26:54.000Z</time>
        <sat>8</sat>
      </trkpt>
      <trkpt lat="32.730182" lon="-16.885855">
        <ele>1121.7</ele>
        <time>2025-02-15T17:27:05.000Z</time>
        <sat>8</sat>
      </trkpt>
      <trkpt lat="32.730213" lon="-16.885742">
        <ele>1123.6</ele>
        <time>2025-02-15T17:27:13.000Z</time>
        <sat>8</sat>
      </trkpt>
      <trkpt lat="32.730253" lon="-16.885628">
        <ele>1125.5</ele>
        <time>2025-02-15T17:27:20.000Z</time>
        <sat>8</sat>
      </trkpt>
      <trkpt lat="32.730275" lon="-16.885513">
        <ele>1127.4</ele>
        <time>2025-02-15T17:27:29.000Z</time>
        <sat>8</sat>
      </trkpt>
      <trkpt lat="32.730307" lon="-16.885403">
        <ele>1131.0</ele>
        <time>2025-02-15T17:27:41.000Z</time>
        <sat>8</sat>
      </trkpt>
      <trkpt lat="32.730335" lon="-16.885295">
        <ele>1132.5</ele>
        <time>2025-02-15T17:27:48.000Z</time>
        <sat>8</sat>
      </trkpt>
      <trkpt lat="32.730357" lon="-16.885190">
        <ele>1134.7</ele>
        <time>2025-02-15T17:27:56.000Z</time>
        <sat>8</sat>
      </trkpt>
      <trkpt lat="32.730378" lon="-16.885075">
        <ele>1136.5</ele>
        <time>2025-02-15T17:28:05.000Z</time>
        <sat>9</sat>
      </trkpt>
      <trkpt lat="32.730417" lon="-16.884970">
        <ele>1138.3</ele>
        <time>2025-02-15T17:28:12.000Z</time>
        <sat>9</sat>
      </trkpt>
      <trkpt lat="32.730455" lon="-16.884862">
        <ele>1140.2</ele>
        <time>2025-02-15T17:28:19.000Z</time>
        <sat>9</sat>
      </trkpt>
      <trkpt lat="32.730452" lon="-16.884745">
        <ele>1142.5</ele>
        <time>2025-02-15T17:28:26.000Z</time>
        <sat>9</sat>
      </trkpt>
      <trkpt lat="32.730357" lon="-16.884770">
        <ele>1144.2</ele>
        <time>2025-02-15T17:28:35.000Z</time>
        <sat>9</sat>
      </trkpt>
      <trkpt lat="32.730265" lon="-16.884808">
        <ele>1145.1</ele>
        <time>2025-02-15T17:28:41.000Z</time>
        <sat>9</sat>
      </trkpt>
      <trkpt lat="32.730185" lon="-16.884858">
        <ele>1145.5</ele>
        <time>2025-02-15T17:28:45.000Z</time>
        <sat>9</sat>
      </trkpt>
      <trkpt lat="32.730087" lon="-16.884890">
        <ele>1145.9</ele>
        <time>2025-02-15T17:28:49.000Z</time>
        <sat>9</sat>
      </trkpt>
      <trkpt lat="32.729998" lon="-16.884927">
        <ele>1146.4</ele>
        <time>2025-02-15T17:28:53.000Z</time>
        <sat>9</sat>
      </trkpt>
      <trkpt lat="32.729908" lon="-16.884975">
        <ele>1146.8</ele>
        <time>2025-02-15T17:28:57.000Z</time>
        <sat>9</sat>
      </trkpt>
      <trkpt lat="32.729825" lon="-16.885038">
        <ele>1147.4</ele>
        <time>2025-02-15T17:29:02.000Z</time>
        <sat>9</sat>
      </trkpt>
      <trkpt lat="32.729740" lon="-16.885103">
        <ele>1148.2</ele>
        <time>2025-02-15T17:29:08.000Z</time>
        <sat>8</sat>
      </trkpt>
      <trkpt lat="32.729660" lon="-16.885172">
        <ele>1148.8</ele>
        <time>2025-02-15T17:29:14.000Z</time>
        <sat>8</sat>
      </trkpt>
      <trkpt lat="32.729593" lon="-16.885248">
        <ele>1149.5</ele>
        <time>2025-02-15T17:29:24.000Z</time>
        <sat>9</sat>
      </trkpt>
      <trkpt lat="32.729510" lon="-16.885305">
        <ele>1149.9</ele>
        <time>2025-02-15T17:29:33.000Z</time>
        <sat>9</sat>
      </trkpt>
      <trkpt lat="32.729442" lon="-16.885382">
        <ele>1150.0</ele>
        <time>2025-02-15T17:29:39.000Z</time>
        <sat>9</sat>
      </trkpt>
      <trkpt lat="32.729348" lon="-16.885428">
        <ele>1150.3</ele>
        <time>2025-02-15T17:29:48.000Z</time>
        <sat>9</sat>
      </trkpt>
      <trkpt lat="32.729273" lon="-16.885490">
        <ele>1150.5</ele>
        <time>2025-02-15T17:29:54.000Z</time>
        <sat>9</sat>
      </trkpt>
      <trkpt lat="32.729185" lon="-16.885548">
        <ele>1150.7</ele>
        <time>2025-02-15T17:29:59.000Z</time>
        <sat>9</sat>
      </trkpt>
      <trkpt lat="32.729103" lon="-16.885597">
        <ele>1150.8</ele>
        <time>2025-02-15T17:30:03.000Z</time>
        <sat>9</sat>
      </trkpt>
      <trkpt lat="32.729028" lon="-16.885657">
        <ele>1150.9</ele>
        <time>2025-02-15T17:30:07.000Z</time>
        <sat>8</sat>
      </trkpt>
      <trkpt lat="32.728943" lon="-16.885707">
        <ele>1151.1</ele>
        <time>2025-02-15T17:30:11.000Z</time>
        <sat>8</sat>
      </trkpt>
      <trkpt lat="32.728892" lon="-16.885750">
        <ele>1151.5</ele>
        <time>2025-02-15T17:30:19.000Z</time>
        <sat>8</sat>
      </trkpt>
      <trkpt lat="32.728895" lon="-16.885757">
        <ele>1151.5</ele>
        <time>2025-02-15T17:30:20.000Z</time>
        <sat>8</sat>
      </trkpt>
      <trkpt lat="32.728895" lon="-16.885757">
        <ele>1151.4</ele>
        <time>2025-02-15T17:30:21.000Z</time>
        <sat>8</sat>
      </trkpt>
      <trkpt lat="32.728902" lon="-16.885762">
        <ele>1151.4</ele>
        <time>2025-02-15T17:30:22.000Z</time>
        <sat>8</sat>
      </trkpt>
      <trkpt lat="32.728908" lon="-16.885767">
        <ele>1151.5</ele>
        <time>2025-02-15T17:30:24.000Z</time>
        <sat>8</sat>
      </trkpt>
      <trkpt lat="32.728913" lon="-16.885773">
        <ele>1151.5</ele>
        <time>2025-02-15T17:30:26.000Z</time>
        <sat>8</sat>
      </trkpt>
      <trkpt lat="32.728835" lon="-16.885828">
        <ele>1152.1</ele>
        <time>2025-02-15T17:30:38.000Z</time>
        <sat>8</sat>
      </trkpt>
      <trkpt lat="32.728733" lon="-16.885873">
        <ele>1152.1</ele>
        <time>2025-02-15T17:30:44.000Z</time>
        <sat>8</sat>
      </trkpt>
      <trkpt lat="32.728642" lon="-16.885887">
        <ele>1152.3</ele>
        <time>2025-02-15T17:30:50.000Z</time>
        <sat>8</sat>
      </trkpt>
      <trkpt lat="32.728542" lon="-16.885890">
        <ele>1152.5</ele>
        <time>2025-02-15T17:30:59.000Z</time>
        <sat>9</sat>
      </trkpt>
      <trkpt lat="32.728452" lon="-16.885907">
        <ele>1152.7</ele>
        <time>2025-02-15T17:31:06.000Z</time>
        <sat>9</sat>
      </trkpt>
      <trkpt lat="32.728355" lon="-16.885922">
        <ele>1152.9</ele>
        <time>2025-02-15T17:31:13.000Z</time>
        <sat>9</sat>
      </trkpt>
      <trkpt lat="32.728260" lon="-16.885933">
        <ele>1153.8</ele>
        <time>2025-02-15T17:31:19.000Z</time>
        <sat>9</sat>
      </trkpt>
      <trkpt lat="32.728160" lon="-16.885943">
        <ele>1155.5</ele>
        <time>2025-02-15T17:31:27.000Z</time>
        <sat>9</sat>
      </trkpt>
      <trkpt lat="32.728067" lon="-16.885963">
        <ele>1156.3</ele>
        <time>2025-02-15T17:31:35.000Z</time>
        <sat>9</sat>
      </trkpt>
      <trkpt lat="32.727970" lon="-16.885985">
        <ele>1157.7</ele>
        <time>2025-02-15T17:31:43.000Z</time>
        <sat>9</sat>
      </trkpt>
      <trkpt lat="32.727875" lon="-16.886007">
        <ele>1158.5</ele>
        <time>2025-02-15T17:31:50.000Z</time>
        <sat>9</sat>
      </trkpt>
      <trkpt lat="32.727785" lon="-16.886022">
        <ele>1159.7</ele>
        <time>2025-02-15T17:31:57.000Z</time>
        <sat>8</sat>
      </trkpt>
      <trkpt lat="32.727697" lon="-16.886047">
        <ele>1161.4</ele>
        <time>2025-02-15T17:32:07.000Z</time>
        <sat>8</sat>
      </trkpt>
      <trkpt lat="32.727600" lon="-16.886082">
        <ele>1161.7</ele>
        <time>2025-02-15T17:32:16.000Z</time>
        <sat>8</sat>
      </trkpt>
      <trkpt lat="32.727510" lon="-16.886113">
        <ele>1162.2</ele>
        <time>2025-02-15T17:32:23.000Z</time>
        <sat>8</sat>
      </trkpt>
      <trkpt lat="32.727412" lon="-16.886127">
        <ele>1162.9</ele>
        <time>2025-02-15T17:32:30.000Z</time>
        <sat>9</sat>
      </trkpt>
      <trkpt lat="32.727315" lon="-16.886127">
        <ele>1165.0</ele>
        <time>2025-02-15T17:32:38.000Z</time>
        <sat>9</sat>
      </trkpt>
      <trkpt lat="32.727223" lon="-16.886138">
        <ele>1167.1</ele>
        <time>2025-02-15T17:32:45.000Z</time>
        <sat>9</sat>
      </trkpt>
      <trkpt lat="32.727128" lon="-16.886163">
        <ele>1167.9</ele>
        <time>2025-02-15T17:32:51.000Z</time>
        <sat>9</sat>
      </trkpt>
      <trkpt lat="32.727025" lon="-16.886197">
        <ele>1168.6</ele>
        <time>2025-02-15T17:32:56.000Z</time>
        <sat>8</sat>
      </trkpt>
      <trkpt lat="32.726920" lon="-16.886222">
        <ele>1169.4</ele>
        <time>2025-02-15T17:33:01.000Z</time>
        <sat>8</sat>
      </trkpt>
      <trkpt lat="32.726833" lon="-16.886258">
        <ele>1170.5</ele>
        <time>2025-02-15T17:33:07.000Z</time>
        <sat>8</sat>
      </trkpt>
      <trkpt lat="32.726743" lon="-16.886285">
        <ele>1171.5</ele>
        <time>2025-02-15T17:33:13.000Z</time>
        <sat>8</sat>
      </trkpt>
      <trkpt lat="32.726655" lon="-16.886313">
        <ele>1172.2</ele>
        <time>2025-02-15T17:33:20.000Z</time>
        <sat>9</sat>
      </trkpt>
      <trkpt lat="32.726562" lon="-16.886325">
        <ele>1174.0</ele>
        <time>2025-02-15T17:33:27.000Z</time>
        <sat>9</sat>
      </trkpt>
      <trkpt lat="32.726463" lon="-16.886320">
        <ele>1175.5</ele>
        <time>2025-02-15T17:33:35.000Z</time>
        <sat>9</sat>
      </trkpt>
      <trkpt lat="32.726370" lon="-16.886343">
        <ele>1178.0</ele>
        <time>2025-02-15T17:33:43.000Z</time>
        <sat>8</sat>
      </trkpt>
      <trkpt lat="32.726277" lon="-16.886358">
        <ele>1179.5</ele>
        <time>2025-02-15T17:33:52.000Z</time>
        <sat>8</sat>
      </trkpt>
      <trkpt lat="32.726185" lon="-16.886372">
        <ele>1182.2</ele>
        <time>2025-02-15T17:34:00.000Z</time>
        <sat>8</sat>
      </trkpt>
      <trkpt lat="32.726087" lon="-16.886382">
        <ele>1185.5</ele>
        <time>2025-02-15T17:34:08.000Z</time>
        <sat>9</sat>
      </trkpt>
      <trkpt lat="32.725985" lon="-16.886380">
        <ele>1187.0</ele>
        <time>2025-02-15T17:34:16.000Z</time>
        <sat>9</sat>
      </trkpt>
      <trkpt lat="32.725890" lon="-16.886415">
        <ele>1187.7</ele>
        <time>2025-02-15T17:34:25.000Z</time>
        <sat>9</sat>
      </trkpt>
      <trkpt lat="32.725797" lon="-16.886445">
        <ele>1188.9</ele>
        <time>2025-02-15T17:34:32.000Z</time>
        <sat>9</sat>
      </trkpt>
      <trkpt lat="32.725703" lon="-16.886482">
        <ele>1190.5</ele>
        <time>2025-02-15T17:34:39.000Z</time>
        <sat>9</sat>
      </trkpt>
      <trkpt lat="32.725608" lon="-16.886510">
        <ele>1192.1</ele>
        <time>2025-02-15T17:34:46.000Z</time>
        <sat>8</sat>
      </trkpt>
      <trkpt lat="32.725513" lon="-16.886530">
        <ele>1193.8</ele>
        <time>2025-02-15T17:34:53.000Z</time>
        <sat>8</sat>
      </trkpt>
      <trkpt lat="32.725422" lon="-16.886555">
        <ele>1195.4</ele>
        <time>2025-02-15T17:35:00.000Z</time>
        <sat>8</sat>
      </trkpt>
      <trkpt lat="32.725333" lon="-16.886585">
        <ele>1196.7</ele>
        <time>2025-02-15T17:35:07.000Z</time>
        <sat>8</sat>
      </trkpt>
      <trkpt lat="32.725242" lon="-16.886627">
        <ele>1198.6</ele>
        <time>2025-02-15T17:35:17.000Z</time>
        <sat>9</sat>
      </trkpt>
      <trkpt lat="32.725150" lon="-16.886630">
        <ele>1200.6</ele>
        <time>2025-02-15T17:35:25.000Z</time>
        <sat>9</sat>
      </trkpt>
      <trkpt lat="32.725093" lon="-16.886717">
        <ele>1203.0</ele>
        <time>2025-02-15T17:35:43.000Z</time>
        <sat>9</sat>
      </trkpt>
      <trkpt lat="32.725002" lon="-16.886710">
        <ele>1203.5</ele>
        <time>2025-02-15T17:35:52.000Z</time>
        <sat>9</sat>
      </trkpt>
      <trkpt lat="32.724967" lon="-16.886745">
        <ele>1203.7</ele>
        <time>2025-02-15T17:36:12.000Z</time>
        <sat>9</sat>
      </trkpt>
      <trkpt lat="32.724965" lon="-16.886745">
        <ele>1203.8</ele>
        <time>2025-02-15T17:36:14.000Z</time>
        <sat>8</sat>
      </trkpt>
      <trkpt lat="32.724967" lon="-16.886747">
        <ele>1203.8</ele>
        <time>2025-02-15T17:36:17.000Z</time>
        <sat>9</sat>
      </trkpt>
      <trkpt lat="32.724968" lon="-16.886747">
        <ele>1203.8</ele>
        <time>2025-02-15T17:36:18.000Z</time>
        <sat>9</sat>
      </trkpt>
      <trkpt lat="32.724967" lon="-16.886747">
        <ele>1203.9</ele>
        <time>2025-02-15T17:36:20.000Z</time>
        <sat>9</sat>
      </trkpt>
      <trkpt lat="32.724967" lon="-16.886745">
        <ele>1203.9</ele>
        <time>2025-02-15T17:36:21.000Z</time>
        <sat>9</sat>
      </trkpt>
      <trkpt lat="32.724980" lon="-16.886747">
        <ele>1204.1</ele>
        <time>2025-02-15T17:36:29.000Z</time>
        <sat>9</sat>
      </trkpt>
      <trkpt lat="32.724982" lon="-16.886747">
        <ele>1204.1</ele>
        <time>2025-02-15T17:36:30.000Z</time>
        <sat>9</sat>
      </trkpt>
      <trkpt lat="32.724982" lon="-16.886747">
        <ele>1204.1</ele>
        <time>2025-02-15T17:36:31.000Z</time>
        <sat>9</sat>
      </trkpt>
      <trkpt lat="32.724980" lon="-16.886747">
        <ele>1204.0</ele>
        <time>2025-02-15T17:36:33.000Z</time>
        <sat>9</sat>
      </trkpt>
      <trkpt lat="32.724980" lon="-16.886747">
        <ele>1203.9</ele>
        <time>2025-02-15T17:36:34.000Z</time>
        <sat>9</sat>
      </trkpt>
      <trkpt lat="32.724977" lon="-16.886745">
        <ele>1203.9</ele>
        <time>2025-02-15T17:36:35.000Z</time>
        <sat>9</sat>
      </trkpt>
      <trkpt lat="32.725012" lon="-16.886743">
        <ele>1203.4</ele>
        <time>2025-02-15T17:36:45.000Z</time>
        <sat>9</sat>
      </trkpt>
      <trkpt lat="32.725012" lon="-16.886742">
        <ele>1203.3</ele>
        <time>2025-02-15T17:36:47.000Z</time>
        <sat>9</sat>
      </trkpt>
      <trkpt lat="32.725012" lon="-16.886742">
        <ele>1203.3</ele>
        <time>2025-02-15T17:36:48.000Z</time>
        <sat>9</sat>
      </trkpt>
      <trkpt lat="32.725012" lon="-16.886743">
        <ele>1203.3</ele>
        <time>2025-02-15T17:36:52.000Z</time>
        <sat>9</sat>
      </trkpt>
      <trkpt lat="32.725012" lon="-16.886743">
        <ele>1203.3</ele>
        <time>2025-02-15T17:36:53.000Z</time>
        <sat>9</sat>
      </trkpt>
      <trkpt lat="32.725013" lon="-16.886743">
        <ele>1203.2</ele>
        <time>2025-02-15T17:36:55.000Z</time>
        <sat>8</sat>
      </trkpt>
      <trkpt lat="32.725015" lon="-16.886743">
        <ele>1202.7</ele>
        <time>2025-02-15T17:36:57.000Z</time>
        <sat>9</sat>
      </trkpt>
      <trkpt lat="32.725020" lon="-16.886743">
        <ele>1202.2</ele>
        <time>2025-02-15T17:36:58.000Z</time>
        <sat>8</sat>
      </trkpt>
      <trkpt lat="32.725022" lon="-16.886745">
        <ele>1202.1</ele>
        <time>2025-02-15T17:37:00.000Z</time>
        <sat>9</sat>
      </trkpt>
      <trkpt lat="32.725025" lon="-16.886745">
        <ele>1202.3</ele>
        <time>2025-02-15T17:37:01.000Z</time>
        <sat>9</sat>
      </trkpt>
      <trkpt lat="32.725028" lon="-16.886743">
        <ele>1202.7</ele>
        <time>2025-02-15T17:37:03.000Z</time>
        <sat>9</sat>
      </trkpt>
      <trkpt lat="32.725028" lon="-16.886745">
        <ele>1202.7</ele>
        <time>2025-02-15T17:37:04.000Z</time>
        <sat>9</sat>
      </trkpt>
      <trkpt lat="32.724920" lon="-16.886757">
        <ele>1202.6</ele>
        <time>2025-02-15T17:37:12.000Z</time>
        <sat>9</sat>
      </trkpt>
      <trkpt lat="32.724823" lon="-16.886747">
        <ele>1202.7</ele>
        <time>2025-02-15T17:37:16.000Z</time>
        <sat>9</sat>
      </trkpt>
      <trkpt lat="32.724717" lon="-16.886728">
        <ele>1202.8</ele>
        <time>2025-02-15T17:37:20.000Z</time>
        <sat>9</sat>
      </trkpt>
      <trkpt lat="32.724613" lon="-16.886703">
        <ele>1202.9</ele>
        <time>2025-02-15T17:37:24.000Z</time>
        <sat>9</sat>
      </trkpt>
      <trkpt lat="32.724522" lon="-16.886682">
        <ele>1203.1</ele>
        <time>2025-02-15T17:37:28.000Z</time>
        <sat>9</sat>
      </trkpt>
      <trkpt lat="32.724432" lon="-16.886665">
        <ele>1203.4</ele>
        <time>2025-02-15T17:37:32.000Z</time>
        <sat>9</sat>
      </trkpt>
      <trkpt lat="32.724340" lon="-16.886653">
        <ele>1203.8</ele>
        <time>2025-02-15T17:37:36.000Z</time>
        <sat>9</sat>
      </trkpt>
      <trkpt lat="32.724250" lon="-16.886628">
        <ele>1204.2</ele>
        <time>2025-02-15T17:37:40.000Z</time>
        <sat>9</sat>
      </trkpt>
      <trkpt lat="32.724143" lon="-16.886615">
        <ele>1204.9</ele>
        <time>2025-02-15T17:37:45.000Z</time>
        <sat>9</sat>
      </trkpt>
      <trkpt lat="32.724043" lon="-16.886615">
        <ele>1205.7</ele>
        <time>2025-02-15T17:37:50.000Z</time>
        <sat>9</sat>
      </trkpt>
      <trkpt lat="32.723953" lon="-16.886607">
        <ele>1206.2</ele>
        <time>2025-02-15T17:37:54.000Z</time>
        <sat>9</sat>
      </trkpt>
      <trkpt lat="32.723853" lon="-16.886597">
        <ele>1206.6</ele>
        <time>2025-02-15T17:37:58.000Z</time>
        <sat>9</sat>
      </trkpt>
      <trkpt lat="32.723750" lon="-16.886588">
        <ele>1207.2</ele>
        <time>2025-02-15T17:38:02.000Z</time>
        <sat>9</sat>
      </trkpt>
      <trkpt lat="32.723638" lon="-16.886565">
        <ele>1207.7</ele>
        <time>2025-02-15T17:38:06.000Z</time>
        <sat>9</sat>
      </trkpt>
      <trkpt lat="32.723527" lon="-16.886538">
        <ele>1208.1</ele>
        <time>2025-02-15T17:38:10.000Z</time>
        <sat>9</sat>
      </trkpt>
      <trkpt lat="32.723425" lon="-16.886513">
        <ele>1208.4</ele>
        <time>2025-02-15T17:38:14.000Z</time>
        <sat>9</sat>
      </trkpt>
      <trkpt lat="32.723333" lon="-16.886478">
        <ele>1208.7</ele>
        <time>2025-02-15T17:38:18.000Z</time>
        <sat>9</sat>
      </trkpt>
      <trkpt lat="32.723242" lon="-16.886442">
        <ele>1209.1</ele>
        <time>2025-02-15T17:38:22.000Z</time>
        <sat>9</sat>
      </trkpt>
      <trkpt lat="32.723145" lon="-16.886428">
        <ele>1209.6</ele>
        <time>2025-02-15T17:38:26.000Z</time>
        <sat>9</sat>
      </trkpt>
      <trkpt lat="32.723047" lon="-16.886412">
        <ele>1209.9</ele>
        <time>2025-02-15T17:38:30.000Z</time>
        <sat>9</sat>
      </trkpt>
      <trkpt lat="32.722952" lon="-16.886387">
        <ele>1210.3</ele>
        <time>2025-02-15T17:38:34.000Z</time>
        <sat>9</sat>
      </trkpt>
      <trkpt lat="32.722858" lon="-16.886357">
        <ele>1210.8</ele>
        <time>2025-02-15T17:38:38.000Z</time>
        <sat>9</sat>
      </trkpt>
      <trkpt lat="32.722770" lon="-16.886323">
        <ele>1211.2</ele>
        <time>2025-02-15T17:38:45.000Z</time>
        <sat>9</sat>
      </trkpt>
      <trkpt lat="32.722737" lon="-16.886308">
        <ele>1212.4</ele>
        <time>2025-02-15T17:38:53.000Z</time>
        <sat>8</sat>
      </trkpt>
      <trkpt lat="32.722735" lon="-16.886307">
        <ele>1212.5</ele>
        <time>2025-02-15T17:38:55.000Z</time>
        <sat>8</sat>
      </trkpt>
      <trkpt lat="32.722688" lon="-16.886323">
        <ele>1212.2</ele>
        <time>2025-02-15T17:39:22.000Z</time>
        <sat>8</sat>
      </trkpt>
      <trkpt lat="32.722685" lon="-16.886320">
        <ele>1212.1</ele>
        <time>2025-02-15T17:39:23.000Z</time>
        <sat>8</sat>
      </trkpt>
      <trkpt lat="32.722685" lon="-16.886320">
        <ele>1210.6</ele>
        <time>2025-02-15T17:39:24.000Z</time>
        <sat>8</sat>
      </trkpt>
      <trkpt lat="32.722683" lon="-16.886320">
        <ele>1204.0</ele>
        <time>2025-02-15T17:39:27.000Z</time>
        <sat>8</sat>
      </trkpt>
      <trkpt lat="32.722683" lon="-16.886320">
        <ele>1208.3</ele>
        <time>2025-02-15T17:39:28.000Z</time>
        <sat>8</sat>
      </trkpt>
      <trkpt lat="32.722683" lon="-16.886318">
        <ele>1213.6</ele>
        <time>2025-02-15T17:39:29.000Z</time>
        <sat>8</sat>
      </trkpt>
      <trkpt lat="32.722685" lon="-16.886320">
        <ele>1215.9</ele>
        <time>2025-02-15T17:39:31.000Z</time>
        <sat>8</sat>
      </trkpt>
      <trkpt lat="32.722683" lon="-16.886318">
        <ele>1217.5</ele>
        <time>2025-02-15T17:39:34.000Z</time>
        <sat>8</sat>
      </trkpt>
      <trkpt lat="32.722678" lon="-16.886318">
        <ele>1224.4</ele>
        <time>2025-02-15T17:39:38.000Z</time>
        <sat>8</sat>
      </trkpt>
      <trkpt lat="32.722678" lon="-16.886320">
        <ele>1224.7</ele>
        <time>2025-02-15T17:39:39.000Z</time>
        <sat>8</sat>
      </trkpt>
      <trkpt lat="32.722678" lon="-16.886320">
        <ele>1224.7</ele>
        <time>2025-02-15T17:39:40.000Z</time>
        <sat>8</sat>
      </trkpt>
      <trkpt lat="32.722677" lon="-16.886313">
        <ele>1224.6</ele>
        <time>2025-02-15T17:39:41.000Z</time>
        <sat>8</sat>
      </trkpt>
      <trkpt lat="32.722660" lon="-16.886350">
        <ele>1219.6</ele>
        <time>2025-02-15T17:39:49.000Z</time>
        <sat>8</sat>
      </trkpt>
      <trkpt lat="32.722658" lon="-16.886350">
        <ele>1219.2</ele>
        <time>2025-02-15T17:39:50.000Z</time>
        <sat>8</sat>
      </trkpt>
      <trkpt lat="32.722658" lon="-16.886350">
        <ele>1218.8</ele>
        <time>2025-02-15T17:39:51.000Z</time>
        <sat>8</sat>
      </trkpt>
      <trkpt lat="32.722657" lon="-16.886350">
        <ele>1218.5</ele>
        <time>2025-02-15T17:39:52.000Z</time>
        <sat>8</sat>
      </trkpt>
      <trkpt lat="32.722652" lon="-16.886342">
        <ele>1215.7</ele>
        <time>2025-02-15T17:39:59.000Z</time>
        <sat>7</sat>
      </trkpt>
      <trkpt lat="32.722650" lon="-16.886343">
        <ele>1212.0</ele>
        <time>2025-02-15T17:40:24.000Z</time>
        <sat>8</sat>
      </trkpt>
      <trkpt lat="32.722650" lon="-16.886343">
        <ele>1212.0</ele>
        <time>2025-02-15T17:40:25.000Z</time>
        <sat>9</sat>
      </trkpt>
      <trkpt lat="32.722648" lon="-16.886345">
        <ele>1210.9</ele>
        <time>2025-02-15T17:40:57.000Z</time>
        <sat>8</sat>
      </trkpt>
      <trkpt lat="32.722648" lon="-16.886347">
        <ele>1211.2</ele>
        <time>2025-02-15T17:40:59.000Z</time>
        <sat>8</sat>
      </trkpt>
      <trkpt lat="32.722647" lon="-16.886347">
        <ele>1211.4</ele>
        <time>2025-02-15T17:41:01.000Z</time>
        <sat>8</sat>
      </trkpt>
      <trkpt lat="32.722647" lon="-16.886347">
        <ele>1211.5</ele>
        <time>2025-02-15T17:41:02.000Z</time>
        <sat>8</sat>
      </trkpt>
      <trkpt lat="32.722645" lon="-16.886345">
        <ele>1212.1</ele>
        <time>2025-02-15T17:41:21.000Z</time>
        <sat>8</sat>
      </trkpt>
      <trkpt lat="32.722642" lon="-16.886347">
        <ele>1212.0</ele>
        <time>2025-02-15T17:41:24.000Z</time>
        <sat>8</sat>
      </trkpt>
      <trkpt lat="32.722642" lon="-16.886348">
        <ele>1212.1</ele>
        <time>2025-02-15T17:41:26.000Z</time>
        <sat>8</sat>
      </trkpt>
      <trkpt lat="32.722642" lon="-16.886348">
        <ele>1212.1</ele>
        <time>2025-02-15T17:41:27.000Z</time>
        <sat>8</sat>
      </trkpt>
      <trkpt lat="32.722645" lon="-16.886350">
        <ele>1212.2</ele>
        <time>2025-02-15T17:41:28.000Z</time>
        <sat>8</sat>
      </trkpt>
      <trkpt lat="32.722637" lon="-16.886352">
        <ele>1212.5</ele>
        <time>2025-02-15T17:41:35.000Z</time>
        <sat>7</sat>
      </trkpt>
      <trkpt lat="32.722637" lon="-16.886350">
        <ele>1212.6</ele>
        <time>2025-02-15T17:41:49.000Z</time>
        <sat>8</sat>
      </trkpt>
      <trkpt lat="32.722637" lon="-16.886350">
        <ele>1212.6</ele>
        <time>2025-02-15T17:41:50.000Z</time>
        <sat>8</sat>
      </trkpt>
      <trkpt lat="32.722638" lon="-16.886350">
        <ele>1212.9</ele>
        <time>2025-02-15T17:42:21.000Z</time>
        <sat>9</sat>
      </trkpt>
      <trkpt lat="32.722638" lon="-16.886350">
        <ele>1212.9</ele>
        <time>2025-02-15T17:42:22.000Z</time>
        <sat>9</sat>
      </trkpt>
      <trkpt lat="32.722638" lon="-16.886348">
        <ele>1213.3</ele>
        <time>2025-02-15T17:42:33.000Z</time>
        <sat>8</sat>
      </trkpt>
      <trkpt lat="32.722638" lon="-16.886348">
        <ele>1213.3</ele>
        <time>2025-02-15T17:42:34.000Z</time>
        <sat>8</sat>
      </trkpt>
      <trkpt lat="32.722638" lon="-16.886350">
        <ele>1213.3</ele>
        <time>2025-02-15T17:42:35.000Z</time>
        <sat>8</sat>
      </trkpt>
      <trkpt lat="32.722638" lon="-16.886350">
        <ele>1213.3</ele>
        <time>2025-02-15T17:42:36.000Z</time>
        <sat>8</sat>
      </trkpt>
      <trkpt lat="32.722640" lon="-16.886352">
        <ele>1213.4</ele>
        <time>2025-02-15T17:43:04.000Z</time>
        <sat>9</sat>
      </trkpt>
      <trkpt lat="32.722668" lon="-16.886333">
        <ele>1209.2</ele>
        <time>2025-02-15T17:43:15.000Z</time>
        <sat>8</sat>
      </trkpt>
      <trkpt lat="32.722665" lon="-16.886333">
        <ele>1205.5</ele>
        <time>2025-02-15T17:43:16.000Z</time>
        <sat>8</sat>
      </trkpt>
      <trkpt lat="32.722665" lon="-16.886350">
        <ele>1214.0</ele>
        <time>2025-02-15T17:43:24.000Z</time>
        <sat>8</sat>
      </trkpt>
      <trkpt lat="32.722665" lon="-16.886345">
        <ele>1214.2</ele>
        <time>2025-02-15T17:43:26.000Z</time>
        <sat>9</sat>
      </trkpt>
      <trkpt lat="32.722663" lon="-16.886333">
        <ele>1214.2</ele>
        <time>2025-02-15T17:43:30.000Z</time>
        <sat>9</sat>
      </trkpt>
      <trkpt lat="32.722667" lon="-16.886333">
        <ele>1213.9</ele>
        <time>2025-02-15T17:43:34.000Z</time>
        <sat>8</sat>
      </trkpt>
      <trkpt lat="32.722668" lon="-16.886335">
        <ele>1213.8</ele>
        <time>2025-02-15T17:43:36.000Z</time>
        <sat>8</sat>
      </trkpt>
      <trkpt lat="32.722672" lon="-16.886337">
        <ele>1213.7</ele>
        <time>2025-02-15T17:43:39.000Z</time>
        <sat>8</sat>
      </trkpt>
      <trkpt lat="32.722678" lon="-16.886337">
        <ele>1213.5</ele>
        <time>2025-02-15T17:43:42.000Z</time>
        <sat>7</sat>
      </trkpt>
      <trkpt lat="32.722680" lon="-16.886338">
        <ele>1212.7</ele>
        <time>2025-02-15T17:43:54.000Z</time>
        <sat>8</sat>
      </trkpt>
      <trkpt lat="32.722680" lon="-16.886338">
        <ele>1212.6</ele>
        <time>2025-02-15T17:43:55.000Z</time>
        <sat>8</sat>
      </trkpt>
      <trkpt lat="32.722683" lon="-16.886340">
        <ele>1212.6</ele>
        <time>2025-02-15T17:43:56.000Z</time>
        <sat>8</sat>
      </trkpt>
      <trkpt lat="32.722683" lon="-16.886340">
        <ele>1212.5</ele>
        <time>2025-02-15T17:43:57.000Z</time>
        <sat>8</sat>
      </trkpt>
      <trkpt lat="32.722683" lon="-16.886342">
        <ele>1211.9</ele>
        <time>2025-02-15T17:44:10.000Z</time>
        <sat>8</sat>
      </trkpt>
      <trkpt lat="32.722683" lon="-16.886342">
        <ele>1211.8</ele>
        <time>2025-02-15T17:44:11.000Z</time>
        <sat>8</sat>
      </trkpt>
      <trkpt lat="32.722685" lon="-16.886342">
        <ele>1211.2</ele>
        <time>2025-02-15T17:44:28.000Z</time>
        <sat>9</sat>
      </trkpt>
      <trkpt lat="32.722685" lon="-16.886342">
        <ele>1211.2</ele>
        <time>2025-02-15T17:44:29.000Z</time>
        <sat>9</sat>
      </trkpt>
      <trkpt lat="32.722688" lon="-16.886343">
        <ele>1211.1</ele>
        <time>2025-02-15T17:44:31.000Z</time>
        <sat>9</sat>
      </trkpt>
      <trkpt lat="32.722692" lon="-16.886335">
        <ele>1210.9</ele>
        <time>2025-02-15T17:44:37.000Z</time>
        <sat>9</sat>
      </trkpt>
      <trkpt lat="32.722692" lon="-16.886337">
        <ele>1210.9</ele>
        <time>2025-02-15T17:44:58.000Z</time>
        <sat>9</sat>
      </trkpt>
      <trkpt lat="32.722692" lon="-16.886337">
        <ele>1210.9</ele>
        <time>2025-02-15T17:44:59.000Z</time>
        <sat>9</sat>
      </trkpt>
      <trkpt lat="32.722693" lon="-16.886337">
        <ele>1210.8</ele>
        <time>2025-02-15T17:45:07.000Z</time>
        <sat>8</sat>
      </trkpt>
      <trkpt lat="32.722693" lon="-16.886337">
        <ele>1210.8</ele>
        <time>2025-02-15T17:45:08.000Z</time>
        <sat>8</sat>
      </trkpt>
      <trkpt lat="32.722692" lon="-16.886338">
        <ele>1210.6</ele>
        <time>2025-02-15T17:45:15.000Z</time>
        <sat>8</sat>
      </trkpt>
      <trkpt lat="32.722693" lon="-16.886338">
        <ele>1210.4</ele>
        <time>2025-02-15T17:45:17.000Z</time>
        <sat>8</sat>
      </trkpt>
      <trkpt lat="32.722693" lon="-16.886340">
        <ele>1210.4</ele>
        <time>2025-02-15T17:45:21.000Z</time>
        <sat>8</sat>
      </trkpt>
      <trkpt lat="32.722693" lon="-16.886340">
        <ele>1210.5</ele>
        <time>2025-02-15T17:45:22.000Z</time>
        <sat>9</sat>
      </trkpt>
      <trkpt lat="32.722693" lon="-16.886345">
        <ele>1210.8</ele>
        <time>2025-02-15T17:45:30.000Z</time>
        <sat>9</sat>
      </trkpt>
      <trkpt lat="32.722693" lon="-16.886345">
        <ele>1210.9</ele>
        <time>2025-02-15T17:45:31.000Z</time>
        <sat>9</sat>
      </trkpt>
      <trkpt lat="32.722692" lon="-16.886353">
        <ele>1210.9</ele>
        <time>2025-02-15T17:45:32.000Z</time>
        <sat>9</sat>
      </trkpt>
      <trkpt lat="32.722693" lon="-16.886353">
        <ele>1210.8</ele>
        <time>2025-02-15T17:45:34.000Z</time>
        <sat>9</sat>
      </trkpt>
      <trkpt lat="32.722693" lon="-16.886355">
        <ele>1210.9</ele>
        <time>2025-02-15T17:45:41.000Z</time>
        <sat>9</sat>
      </trkpt>
      <trkpt lat="32.722688" lon="-16.886372">
        <ele>1210.7</ele>
        <time>2025-02-15T17:45:50.000Z</time>
        <sat>9</sat>
      </trkpt>
      <trkpt lat="32.722685" lon="-16.886372">
        <ele>1210.7</ele>
        <time>2025-02-15T17:45:52.000Z</time>
        <sat>8</sat>
      </trkpt>
      <trkpt lat="32.722673" lon="-16.886368">
        <ele>1210.7</ele>
        <time>2025-02-15T17:45:55.000Z</time>
        <sat>9</sat>
      </trkpt>
      <trkpt lat="32.722670" lon="-16.886370">
        <ele>1210.7</ele>
        <time>2025-02-15T17:45:56.000Z</time>
        <sat>9</sat>
      </trkpt>
      <trkpt lat="32.722667" lon="-16.886372">
        <ele>1210.7</ele>
        <time>2025-02-15T17:45:58.000Z</time>
        <sat>9</sat>
      </trkpt>
      <trkpt lat="32.722665" lon="-16.886373">
        <ele>1210.6</ele>
        <time>2025-02-15T17:45:59.000Z</time>
        <sat>9</sat>
      </trkpt>
      <trkpt lat="32.722665" lon="-16.886375">
        <ele>1210.5</ele>
        <time>2025-02-15T17:46:02.000Z</time>
        <sat>9</sat>
      </trkpt>
      <trkpt lat="32.722665" lon="-16.886372">
        <ele>1210.5</ele>
        <time>2025-02-15T17:46:04.000Z</time>
        <sat>9</sat>
      </trkpt>
      <trkpt lat="32.722673" lon="-16.886363">
        <ele>1210.7</ele>
        <time>2025-02-15T17:46:10.000Z</time>
        <sat>9</sat>
      </trkpt>
      <trkpt lat="32.722673" lon="-16.886362">
        <ele>1210.8</ele>
        <time>2025-02-15T17:46:13.000Z</time>
        <sat>9</sat>
      </trkpt>
      <trkpt lat="32.722675" lon="-16.886362">
        <ele>1210.8</ele>
        <time>2025-02-15T17:46:15.000Z</time>
        <sat>9</sat>
      </trkpt>
      <trkpt lat="32.722677" lon="-16.886362">
        <ele>1210.8</ele>
        <time>2025-02-15T17:46:18.000Z</time>
        <sat>8</sat>
      </trkpt>
      <trkpt lat="32.722677" lon="-16.886362">
        <ele>1210.7</ele>
        <time>2025-02-15T17:46:19.000Z</time>
        <sat>8</sat>
      </trkpt>
      <trkpt lat="32.722677" lon="-16.886360">
        <ele>1210.7</ele>
        <time>2025-02-15T17:46:22.000Z</time>
        <sat>8</sat>
      </trkpt>
      <trkpt lat="32.722668" lon="-16.886327">
        <ele>1210.8</ele>
        <time>2025-02-15T17:46:34.000Z</time>
        <sat>9</sat>
      </trkpt>
      <trkpt lat="32.722665" lon="-16.886323">
        <ele>1210.8</ele>
        <time>2025-02-15T17:46:35.000Z</time>
        <sat>9</sat>
      </trkpt>
      <trkpt lat="32.722665" lon="-16.886323">
        <ele>1210.8</ele>
        <time>2025-02-15T17:46:36.000Z</time>
        <sat>9</sat>
      </trkpt>
      <trkpt lat="32.722667" lon="-16.886323">
        <ele>1210.9</ele>
        <time>2025-02-15T17:46:38.000Z</time>
        <sat>8</sat>
      </trkpt>
      <trkpt lat="32.722572" lon="-16.886302">
        <ele>1210.8</ele>
        <time>2025-02-15T17:46:49.000Z</time>
        <sat>9</sat>
      </trkpt>
      <trkpt lat="32.722473" lon="-16.886298">
        <ele>1210.9</ele>
        <time>2025-02-15T17:47:00.000Z</time>
        <sat>9</sat>
      </trkpt>
      <trkpt lat="32.722382" lon="-16.886292">
        <ele>1211.5</ele>
        <time>2025-02-15T17:47:08.000Z</time>
        <sat>8</sat>
      </trkpt>
      <trkpt lat="32.722292" lon="-16.886252">
        <ele>1211.8</ele>
        <time>2025-02-15T17:47:16.000Z</time>
        <sat>8</sat>
      </trkpt>
      <trkpt lat="32.722232" lon="-16.886162">
        <ele>1212.5</ele>
        <time>2025-02-15T17:47:23.000Z</time>
        <sat>8</sat>
      </trkpt>
      <trkpt lat="32.722212" lon="-16.886033">
        <ele>1212.8</ele>
        <time>2025-02-15T17:47:30.000Z</time>
        <sat>8</sat>
      </trkpt>
      <trkpt lat="32.722187" lon="-16.885907">
        <ele>1213.1</ele>
        <time>2025-02-15T17:47:34.000Z</time>
        <sat>8</sat>
      </trkpt>
      <trkpt lat="32.722150" lon="-16.885802">
        <ele>1213.2</ele>
        <time>2025-02-15T17:47:38.000Z</time>
        <sat>8</sat>
      </trkpt>
      <trkpt lat="32.722107" lon="-16.885688">
        <ele>1213.3</ele>
        <time>2025-02-15T17:47:42.000Z</time>
        <sat>8</sat>
      </trkpt>
      <trkpt lat="32.722077" lon="-16.885585">
        <ele>1213.3</ele>
        <time>2025-02-15T17:47:46.000Z</time>
        <sat>8</sat>
      </trkpt>
      <trkpt lat="32.722067" lon="-16.885475">
        <ele>1213.3</ele>
        <time>2025-02-15T17:47:50.000Z</time>
        <sat>8</sat>
      </trkpt>
      <trkpt lat="32.722045" lon="-16.885357">
        <ele>1213.0</ele>
        <time>2025-02-15T17:47:55.000Z</time>
        <sat>8</sat>
      </trkpt>
      <trkpt lat="32.721973" lon="-16.885275">
        <ele>1212.4</ele>
        <time>2025-02-15T17:48:02.000Z</time>
        <sat>8</sat>
      </trkpt>
      <trkpt lat="32.721890" lon="-16.885208">
        <ele>1212.1</ele>
        <time>2025-02-15T17:48:07.000Z</time>
        <sat>8</sat>
      </trkpt>
      <trkpt lat="32.721813" lon="-16.885145">
        <ele>1212.0</ele>
        <time>2025-02-15T17:48:11.000Z</time>
        <sat>8</sat>
      </trkpt>
      <trkpt lat="32.721732" lon="-16.885065">
        <ele>1211.7</ele>
        <time>2025-02-15T17:48:16.000Z</time>
        <sat>8</sat>
      </trkpt>
      <trkpt lat="32.721697" lon="-16.884957">
        <ele>1211.4</ele>
        <time>2025-02-15T17:48:23.000Z</time>
        <sat>8</sat>
      </trkpt>
      <trkpt lat="32.721698" lon="-16.884833">
        <ele>1211.3</ele>
        <time>2025-02-15T17:48:31.000Z</time>
        <sat>8</sat>
      </trkpt>
      <trkpt lat="32.721717" lon="-16.884720">
        <ele>1211.3</ele>
        <time>2025-02-15T17:48:37.000Z</time>
        <sat>8</sat>
      </trkpt>
      <trkpt lat="32.721755" lon="-16.884612">
        <ele>1211.2</ele>
        <time>2025-02-15T17:48:42.000Z</time>
        <sat>8</sat>
      </trkpt>
      <trkpt lat="32.721802" lon="-16.884512">
        <ele>1211.5</ele>
        <time>2025-02-15T17:48:48.000Z</time>
        <sat>8</sat>
      </trkpt>
      <trkpt lat="32.721830" lon="-16.884397">
        <ele>1212.8</ele>
        <time>2025-02-15T17:48:58.000Z</time>
        <sat>8</sat>
      </trkpt>
      <trkpt lat="32.721822" lon="-16.884275">
        <ele>1214.8</ele>
        <time>2025-02-15T17:49:06.000Z</time>
        <sat>8</sat>
      </trkpt>
      <trkpt lat="32.721807" lon="-16.884165">
        <ele>1216.4</ele>
        <time>2025-02-15T17:49:12.000Z</time>
        <sat>8</sat>
      </trkpt>
      <trkpt lat="32.721812" lon="-16.884047">
        <ele>1218.2</ele>
        <time>2025-02-15T17:49:20.000Z</time>
        <sat>8</sat>
      </trkpt>
      <trkpt lat="32.721757" lon="-16.883955">
        <ele>1219.6</ele>
        <time>2025-02-15T17:49:28.000Z</time>
        <sat>8</sat>
      </trkpt>
      <trkpt lat="32.721720" lon="-16.883845">
        <ele>1221.8</ele>
        <time>2025-02-15T17:49:39.000Z</time>
        <sat>8</sat>
      </trkpt>
      <trkpt lat="32.721698" lon="-16.883740">
        <ele>1222.8</ele>
        <time>2025-02-15T17:49:45.000Z</time>
        <sat>8</sat>
      </trkpt>
      <trkpt lat="32.721713" lon="-16.883623">
        <ele>1223.5</ele>
        <time>2025-02-15T17:49:50.000Z</time>
        <sat>8</sat>
      </trkpt>
      <trkpt lat="32.721708" lon="-16.883515">
        <ele>1225.2</ele>
        <time>2025-02-15T17:49:57.000Z</time>
        <sat>8</sat>
      </trkpt>
      <trkpt lat="32.721672" lon="-16.883403">
        <ele>1227.5</ele>
        <time>2025-02-15T17:50:06.000Z</time>
        <sat>8</sat>
      </trkpt>
      <trkpt lat="32.721593" lon="-16.883340">
        <ele>1229.8</ele>
        <time>2025-02-15T17:50:19.000Z</time>
        <sat>8</sat>
      </trkpt>
      <trkpt lat="32.721487" lon="-16.883315">
        <ele>1231.2</ele>
        <time>2025-02-15T17:50:28.000Z</time>
        <sat>8</sat>
      </trkpt>
      <trkpt lat="32.721393" lon="-16.883278">
        <ele>1232.2</ele>
        <time>2025-02-15T17:50:36.000Z</time>
        <sat>8</sat>
      </trkpt>
      <trkpt lat="32.721313" lon="-16.883223">
        <ele>1233.1</ele>
        <time>2025-02-15T17:50:43.000Z</time>
        <sat>8</sat>
      </trkpt>
      <trkpt lat="32.721227" lon="-16.883173">
        <ele>1233.9</ele>
        <time>2025-02-15T17:50:49.000Z</time>
        <sat>7</sat>
      </trkpt>
      <trkpt lat="32.721137" lon="-16.883103">
        <ele>1235.2</ele>
        <time>2025-02-15T17:50:57.000Z</time>
        <sat>8</sat>
      </trkpt>
      <trkpt lat="32.721050" lon="-16.883057">
        <ele>1236.2</ele>
        <time>2025-02-15T17:51:03.000Z</time>
        <sat>8</sat>
      </trkpt>
      <trkpt lat="32.720960" lon="-16.883007">
        <ele>1237.1</ele>
        <time>2025-02-15T17:51:08.000Z</time>
        <sat>8</sat>
      </trkpt>
      <trkpt lat="32.720913" lon="-16.882907">
        <ele>1239.0</ele>
        <time>2025-02-15T17:51:18.000Z</time>
        <sat>8</sat>
      </trkpt>
      <trkpt lat="32.720865" lon="-16.882815">
        <ele>1240.5</ele>
        <time>2025-02-15T17:51:26.000Z</time>
        <sat>8</sat>
      </trkpt>
      <trkpt lat="32.720787" lon="-16.882720">
        <ele>1241.2</ele>
        <time>2025-02-15T17:51:30.000Z</time>
        <sat>8</sat>
      </trkpt>
      <trkpt lat="32.720717" lon="-16.882652">
        <ele>1241.4</ele>
        <time>2025-02-15T17:51:33.000Z</time>
        <sat>8</sat>
      </trkpt>
      <trkpt lat="32.720640" lon="-16.882563">
        <ele>1241.8</ele>
        <time>2025-02-15T17:51:37.000Z</time>
        <sat>7</sat>
      </trkpt>
      <trkpt lat="32.720553" lon="-16.882475">
        <ele>1242.2</ele>
        <time>2025-02-15T17:51:41.000Z</time>
        <sat>7</sat>
      </trkpt>
      <trkpt lat="32.720475" lon="-16.882408">
        <ele>1242.4</ele>
        <time>2025-02-15T17:51:44.000Z</time>
        <sat>7</sat>
      </trkpt>
      <trkpt lat="32.720390" lon="-16.882355">
        <ele>1242.7</ele>
        <time>2025-02-15T17:51:48.000Z</time>
        <sat>6</sat>
      </trkpt>
      <trkpt lat="32.720307" lon="-16.882277">
        <ele>1243.0</ele>
        <time>2025-02-15T17:51:53.000Z</time>
        <sat>6</sat>
      </trkpt>
      <trkpt lat="32.720225" lon="-16.882190">
        <ele>1243.3</ele>
        <time>2025-02-15T17:51:58.000Z</time>
        <sat>7</sat>
      </trkpt>
      <trkpt lat="32.720165" lon="-16.882103">
        <ele>1243.8</ele>
        <time>2025-02-15T17:52:03.000Z</time>
        <sat>7</sat>
      </trkpt>
      <trkpt lat="32.720093" lon="-16.882015">
        <ele>1244.6</ele>
        <time>2025-02-15T17:52:08.000Z</time>
        <sat>7</sat>
      </trkpt>
      <trkpt lat="32.720042" lon="-16.881908">
        <ele>1246.0</ele>
        <time>2025-02-15T17:52:15.000Z</time>
        <sat>8</sat>
      </trkpt>
      <trkpt lat="32.720013" lon="-16.881790">
        <ele>1247.0</ele>
        <time>2025-02-15T17:52:21.000Z</time>
        <sat>8</sat>
      </trkpt>
      <trkpt lat="32.719985" lon="-16.881673">
        <ele>1248.1</ele>
        <time>2025-02-15T17:52:28.000Z</time>
        <sat>8</sat>
      </trkpt>
      <trkpt lat="32.719950" lon="-16.881572">
        <ele>1249.1</ele>
        <time>2025-02-15T17:52:34.000Z</time>
        <sat>8</sat>
      </trkpt>
      <trkpt lat="32.719908" lon="-16.881473">
        <ele>1249.8</ele>
        <time>2025-02-15T17:52:41.000Z</time>
        <sat>8</sat>
      </trkpt>
      <trkpt lat="32.719847" lon="-16.881380">
        <ele>1250.6</ele>
        <time>2025-02-15T17:52:49.000Z</time>
        <sat>8</sat>
      </trkpt>
      <trkpt lat="32.719792" lon="-16.881280">
        <ele>1251.7</ele>
        <time>2025-02-15T17:52:58.000Z</time>
        <sat>8</sat>
      </trkpt>
      <trkpt lat="32.719748" lon="-16.881172">
        <ele>1253.2</ele>
        <time>2025-02-15T17:53:07.000Z</time>
        <sat>8</sat>
      </trkpt>
      <trkpt lat="32.719708" lon="-16.881060">
        <ele>1254.9</ele>
        <time>2025-02-15T17:53:15.000Z</time>
        <sat>8</sat>
      </trkpt>
      <trkpt lat="32.719652" lon="-16.880962">
        <ele>1256.8</ele>
        <time>2025-02-15T17:53:24.000Z</time>
        <sat>8</sat>
      </trkpt>
      <trkpt lat="32.719598" lon="-16.880868">
        <ele>1258.2</ele>
        <time>2025-02-15T17:53:31.000Z</time>
        <sat>8</sat>
      </trkpt>
      <trkpt lat="32.719558" lon="-16.880762">
        <ele>1259.9</ele>
        <time>2025-02-15T17:53:41.000Z</time>
        <sat>8</sat>
      </trkpt>
      <trkpt lat="32.719487" lon="-16.880678">
        <ele>1261.4</ele>
        <time>2025-02-15T17:53:50.000Z</time>
        <sat>8</sat>
      </trkpt>
      <trkpt lat="32.719425" lon="-16.880587">
        <ele>1263.0</ele>
        <time>2025-02-15T17:53:58.000Z</time>
        <sat>8</sat>
      </trkpt>
      <trkpt lat="32.719385" lon="-16.880475">
        <ele>1265.0</ele>
        <time>2025-02-15T17:54:07.000Z</time>
        <sat>8</sat>
      </trkpt>
      <trkpt lat="32.719413" lon="-16.880373">
        <ele>1267.0</ele>
        <time>2025-02-15T17:54:19.000Z</time>
        <sat>8</sat>
      </trkpt>
      <trkpt lat="32.719488" lon="-16.880307">
        <ele>1269.1</ele>
        <time>2025-02-15T17:54:33.000Z</time>
        <sat>7</sat>
      </trkpt>
      <trkpt lat="32.719568" lon="-16.880238">
        <ele>1271.3</ele>
        <time>2025-02-15T17:54:44.000Z</time>
        <sat>7</sat>
      </trkpt>
      <trkpt lat="32.719628" lon="-16.880143">
        <ele>1273.1</ele>
        <time>2025-02-15T17:54:52.000Z</time>
        <sat>7</sat>
      </trkpt>
      <trkpt lat="32.719670" lon="-16.880045">
        <ele>1274.5</ele>
        <time>2025-02-15T17:54:59.000Z</time>
        <sat>7</sat>
      </trkpt>
      <trkpt lat="32.719715" lon="-16.879943">
        <ele>1276.4</ele>
        <time>2025-02-15T17:55:09.000Z</time>
        <sat>7</sat>
      </trkpt>
      <trkpt lat="32.719757" lon="-16.879848">
        <ele>1277.9</ele>
        <time>2025-02-15T17:55:18.000Z</time>
        <sat>7</sat>
      </trkpt>
      <trkpt lat="32.719775" lon="-16.879742">
        <ele>1280.0</ele>
        <time>2025-02-15T17:55:27.000Z</time>
        <sat>7</sat>
      </trkpt>
      <trkpt lat="32.719787" lon="-16.879633">
        <ele>1281.5</ele>
        <time>2025-02-15T17:55:34.000Z</time>
        <sat>7</sat>
      </trkpt>
      <trkpt lat="32.719803" lon="-16.879527">
        <ele>1284.2</ele>
        <time>2025-02-15T17:55:45.000Z</time>
        <sat>7</sat>
      </trkpt>
      <trkpt lat="32.719843" lon="-16.879430">
        <ele>1286.9</ele>
        <time>2025-02-15T17:55:56.000Z</time>
        <sat>7</sat>
      </trkpt>
      <trkpt lat="32.719872" lon="-16.879325">
        <ele>1289.1</ele>
        <time>2025-02-15T17:56:06.000Z</time>
        <sat>7</sat>
      </trkpt>
      <trkpt lat="32.719893" lon="-16.879218">
        <ele>1290.5</ele>
        <time>2025-02-15T17:56:13.000Z</time>
        <sat>7</sat>
      </trkpt>
      <trkpt lat="32.719878" lon="-16.879108">
        <ele>1292.6</ele>
        <time>2025-02-15T17:56:23.000Z</time>
        <sat>7</sat>
      </trkpt>
      <trkpt lat="32.719865" lon="-16.879000">
        <ele>1294.8</ele>
        <time>2025-02-15T17:56:33.000Z</time>
        <sat>7</sat>
      </trkpt>
      <trkpt lat="32.719840" lon="-16.878893">
        <ele>1298.0</ele>
        <time>2025-02-15T17:56:46.000Z</time>
        <sat>7</sat>
      </trkpt>
      <trkpt lat="32.719858" lon="-16.878775">
        <ele>1300.1</ele>
        <time>2025-02-15T17:56:55.000Z</time>
        <sat>7</sat>
      </trkpt>
      <trkpt lat="32.719823" lon="-16.878665">
        <ele>1303.5</ele>
        <time>2025-02-15T17:57:11.000Z</time>
        <sat>7</sat>
      </trkpt>
      <trkpt lat="32.719758" lon="-16.878580">
        <ele>1305.3</ele>
        <time>2025-02-15T17:57:19.000Z</time>
        <sat>7</sat>
      </trkpt>
      <trkpt lat="32.719690" lon="-16.878507">
        <ele>1306.8</ele>
        <time>2025-02-15T17:57:26.000Z</time>
        <sat>7</sat>
      </trkpt>
      <trkpt lat="32.719610" lon="-16.878438">
        <ele>1309.0</ele>
        <time>2025-02-15T17:57:35.000Z</time>
        <sat>7</sat>
      </trkpt>
      <trkpt lat="32.719552" lon="-16.878348">
        <ele>1311.1</ele>
        <time>2025-02-15T17:57:43.000Z</time>
        <sat>7</sat>
      </trkpt>
      <trkpt lat="32.719510" lon="-16.878242">
        <ele>1313.3</ele>
        <time>2025-02-15T17:57:53.000Z</time>
        <sat>7</sat>
      </trkpt>
      <trkpt lat="32.719430" lon="-16.878182">
        <ele>1314.9</ele>
        <time>2025-02-15T17:58:01.000Z</time>
        <sat>7</sat>
      </trkpt>
      <trkpt lat="32.719350" lon="-16.878115">
        <ele>1316.6</ele>
        <time>2025-02-15T17:58:10.000Z</time>
        <sat>7</sat>
      </trkpt>
      <trkpt lat="32.719277" lon="-16.878052">
        <ele>1318.6</ele>
        <time>2025-02-15T17:58:19.000Z</time>
        <sat>7</sat>
      </trkpt>
      <trkpt lat="32.719197" lon="-16.877980">
        <ele>1320.3</ele>
        <time>2025-02-15T17:58:28.000Z</time>
        <sat>7</sat>
      </trkpt>
      <trkpt lat="32.719117" lon="-16.877912">
        <ele>1322.1</ele>
        <time>2025-02-15T17:58:37.000Z</time>
        <sat>7</sat>
      </trkpt>
      <trkpt lat="32.719040" lon="-16.877833">
        <ele>1323.9</ele>
        <time>2025-02-15T17:58:45.000Z</time>
        <sat>7</sat>
      </trkpt>
      <trkpt lat="32.718963" lon="-16.877760">
        <ele>1325.2</ele>
        <time>2025-02-15T17:58:51.000Z</time>
        <sat>7</sat>
      </trkpt>
      <trkpt lat="32.718917" lon="-16.877663">
        <ele>1326.4</ele>
        <time>2025-02-15T17:58:57.000Z</time>
        <sat>7</sat>
      </trkpt>
      <trkpt lat="32.718882" lon="-16.877545">
        <ele>1327.6</ele>
        <time>2025-02-15T17:59:04.000Z</time>
        <sat>7</sat>
      </trkpt>
      <trkpt lat="32.718870" lon="-16.877422">
        <ele>1328.6</ele>
        <time>2025-02-15T17:59:09.000Z</time>
        <sat>7</sat>
      </trkpt>
      <trkpt lat="32.718847" lon="-16.877298">
        <ele>1329.1</ele>
        <time>2025-02-15T17:59:14.000Z</time>
        <sat>7</sat>
      </trkpt>
      <trkpt lat="32.718853" lon="-16.877168">
        <ele>1329.4</ele>
        <time>2025-02-15T17:59:19.000Z</time>
        <sat>7</sat>
      </trkpt>
      <trkpt lat="32.718877" lon="-16.877055">
        <ele>1329.8</ele>
        <time>2025-02-15T17:59:24.000Z</time>
        <sat>7</sat>
      </trkpt>
      <trkpt lat="32.718918" lon="-16.876940">
        <ele>1330.4</ele>
        <time>2025-02-15T17:59:29.000Z</time>
        <sat>7</sat>
      </trkpt>
      <trkpt lat="32.718918" lon="-16.876813">
        <ele>1330.7</ele>
        <time>2025-02-15T17:59:34.000Z</time>
        <sat>8</sat>
      </trkpt>
      <trkpt lat="32.718963" lon="-16.876683">
        <ele>1365.1</ele>
        <time>2025-02-15T17:59:41.000Z</time>
        <sat>9</sat>
      </trkpt>
      <trkpt lat="32.719052" lon="-16.876437">
        <ele>1364.3</ele>
        <time>2025-02-15T17:59:59.904Z</time>
      </trkpt>
      <trkpt lat="32.719111" lon="-16.876312">
        <ele>1363.4</ele>
        <time>2025-02-15T18:00:10.049Z</time>
      </trkpt>
      <trkpt lat="32.719167" lon="-16.876148">
        <ele>1362.0</ele>
        <time>2025-02-15T18:00:22.590Z</time>
      </trkpt>
      <trkpt lat="32.719210" lon="-16.876019">
        <ele>1359.9</ele>
        <time>2025-02-15T18:00:32.497Z</time>
      </trkpt>
      <trkpt lat="32.719249" lon="-16.875891">
        <ele>1357.5</ele>
        <time>2025-02-15T18:00:42.346Z</time>
      </trkpt>
      <trkpt lat="32.719315" lon="-16.875723">
        <ele>1353.0</ele>
        <time>2025-02-15T18:00:55.850Z</time>
      </trkpt>
      <trkpt lat="32.719374" lon="-16.875606">
        <ele>1348.9</ele>
        <time>2025-02-15T18:01:05.960Z</time>
      </trkpt>
      <trkpt lat="32.719433" lon="-16.875520">
        <ele>1345.2</ele>
        <time>2025-02-15T18:01:14.290Z</time>
      </trkpt>
      <trkpt lat="32.719463" lon="-16.875410">
        <ele>1332.3</ele>
        <time>2025-02-15T18:01:27.000Z</time>
        <sat>9</sat>
      </trkpt>
      <trkpt lat="32.719483" lon="-16.875290">
        <ele>1332.1</ele>
        <time>2025-02-15T18:01:33.000Z</time>
        <sat>8</sat>
      </trkpt>
      <trkpt lat="32.719475" lon="-16.875177">
        <ele>1331.8</ele>
        <time>2025-02-15T18:01:40.000Z</time>
        <sat>9</sat>
      </trkpt>
      <trkpt lat="32.719515" lon="-16.875063">
        <ele>1331.2</ele>
        <time>2025-02-15T18:01:46.000Z</time>
        <sat>9</sat>
      </trkpt>
      <trkpt lat="32.719572" lon="-16.874967">
        <ele>1330.7</ele>
        <time>2025-02-15T18:01:50.000Z</time>
        <sat>9</sat>
      </trkpt>
      <trkpt lat="32.719622" lon="-16.874865">
        <ele>1330.1</ele>
        <time>2025-02-15T18:01:54.000Z</time>
        <sat>9</sat>
      </trkpt>
      <trkpt lat="32.719663" lon="-16.874762">
        <ele>1329.3</ele>
        <time>2025-02-15T18:01:58.000Z</time>
        <sat>9</sat>
      </trkpt>
      <trkpt lat="32.719693" lon="-16.874658">
        <ele>1328.7</ele>
        <time>2025-02-15T18:02:02.000Z</time>
        <sat>8</sat>
      </trkpt>
      <trkpt lat="32.719717" lon="-16.874555">
        <ele>1328.3</ele>
        <time>2025-02-15T18:02:06.000Z</time>
        <sat>8</sat>
      </trkpt>
      <trkpt lat="32.719730" lon="-16.874437">
        <ele>1327.8</ele>
        <time>2025-02-15T18:02:11.000Z</time>
        <sat>9</sat>
      </trkpt>
      <trkpt lat="32.719793" lon="-16.874350">
        <ele>1327.3</ele>
        <time>2025-02-15T18:02:17.000Z</time>
        <sat>9</sat>
      </trkpt>
      <trkpt lat="32.719875" lon="-16.874263">
        <ele>1326.4</ele>
        <time>2025-02-15T18:02:23.000Z</time>
        <sat>9</sat>
      </trkpt>
      <trkpt lat="32.719938" lon="-16.874163">
        <ele>1325.4</ele>
        <time>2025-02-15T18:02:29.000Z</time>
        <sat>8</sat>
      </trkpt>
      <trkpt lat="32.719995" lon="-16.874067">
        <ele>1323.4</ele>
        <time>2025-02-15T18:02:37.000Z</time>
        <sat>8</sat>
      </trkpt>
      <trkpt lat="32.720025" lon="-16.873960">
        <ele>1321.6</ele>
        <time>2025-02-15T18:02:45.000Z</time>
        <sat>7</sat>
      </trkpt>
      <trkpt lat="32.720068" lon="-16.873855">
        <ele>1321.2</ele>
        <time>2025-02-15T18:02:49.000Z</time>
        <sat>7</sat>
      </trkpt>
      <trkpt lat="32.720068" lon="-16.873737">
        <ele>1320.4</ele>
        <time>2025-02-15T18:02:53.000Z</time>
        <sat>7</sat>
      </trkpt>
      <trkpt lat="32.720080" lon="-16.873622">
        <ele>1319.7</ele>
        <time>2025-02-15T18:02:59.000Z</time>
        <sat>7</sat>
      </trkpt>
      <trkpt lat="32.720110" lon="-16.873508">
        <ele>1319.2</ele>
        <time>2025-02-15T18:03:05.000Z</time>
        <sat>7</sat>
      </trkpt>
      <trkpt lat="32.720148" lon="-16.873387">
        <ele>1318.6</ele>
        <time>2025-02-15T18:03:12.000Z</time>
        <sat>7</sat>
      </trkpt>
      <trkpt lat="32.720153" lon="-16.873277">
        <ele>1318.2</ele>
        <time>2025-02-15T18:03:17.000Z</time>
        <sat>8</sat>
      </trkpt>
      <trkpt lat="32.720185" lon="-16.873175">
        <ele>1318.0</ele>
        <time>2025-02-15T18:03:23.000Z</time>
        <sat>8</sat>
      </trkpt>
      <trkpt lat="32.720190" lon="-16.873050">
        <ele>1317.8</ele>
        <time>2025-02-15T18:03:28.000Z</time>
        <sat>8</sat>
      </trkpt>
      <trkpt lat="32.720233" lon="-16.872937">
        <ele>1317.5</ele>
        <time>2025-02-15T18:03:34.000Z</time>
        <sat>7</sat>
      </trkpt>
      <trkpt lat="32.720278" lon="-16.872833">
        <ele>1317.3</ele>
        <time>2025-02-15T18:03:39.000Z</time>
        <sat>7</sat>
      </trkpt>
      <trkpt lat="32.720287" lon="-16.872723">
        <ele>1316.9</ele>
        <time>2025-02-15T18:03:44.000Z</time>
        <sat>8</sat>
      </trkpt>
      <trkpt lat="32.720340" lon="-16.872632">
        <ele>1316.4</ele>
        <time>2025-02-15T18:03:49.000Z</time>
        <sat>8</sat>
      </trkpt>
      <trkpt lat="32.720357" lon="-16.872522">
        <ele>1315.8</ele>
        <time>2025-02-15T18:03:54.000Z</time>
        <sat>8</sat>
      </trkpt>
      <trkpt lat="32.720418" lon="-16.872438">
        <ele>1315.0</ele>
        <time>2025-02-15T18:03:59.000Z</time>
        <sat>9</sat>
      </trkpt>
      <trkpt lat="32.720478" lon="-16.872342">
        <ele>1313.1</ele>
        <time>2025-02-15T18:04:07.000Z</time>
        <sat>6</sat>
      </trkpt>
      <trkpt lat="32.720497" lon="-16.872215">
        <ele>1311.7</ele>
        <time>2025-02-15T18:04:13.000Z</time>
        <sat>7</sat>
      </trkpt>
      <trkpt lat="32.720510" lon="-16.872103">
        <ele>1310.6</ele>
        <time>2025-02-15T18:04:18.000Z</time>
        <sat>7</sat>
      </trkpt>
      <trkpt lat="32.720505" lon="-16.871985">
        <ele>1309.5</ele>
        <time>2025-02-15T18:04:23.000Z</time>
        <sat>6</sat>
      </trkpt>
      <trkpt lat="32.720485" lon="-16.871877">
        <ele>1308.2</ele>
        <time>2025-02-15T18:04:33.000Z</time>
        <sat>8</sat>
      </trkpt>
      <trkpt lat="32.720422" lon="-16.871792">
        <ele>1308.3</ele>
        <time>2025-02-15T18:04:40.000Z</time>
        <sat>9</sat>
      </trkpt>
      <trkpt lat="32.720418" lon="-16.871682">
        <ele>1308.4</ele>
        <time>2025-02-15T18:04:47.000Z</time>
        <sat>9</sat>
      </trkpt>
      <trkpt lat="32.720410" lon="-16.871550">
        <ele>1308.3</ele>
        <time>2025-02-15T18:04:52.000Z</time>
        <sat>8</sat>
      </trkpt>
      <trkpt lat="32.720410" lon="-16.871420">
        <ele>1308.2</ele>
        <time>2025-02-15T18:04:57.000Z</time>
        <sat>9</sat>
      </trkpt>
      <trkpt lat="32.720413" lon="-16.871293">
        <ele>1308.0</ele>
        <time>2025-02-15T18:05:01.000Z</time>
        <sat>9</sat>
      </trkpt>
      <trkpt lat="32.720387" lon="-16.871175">
        <ele>1307.8</ele>
        <time>2025-02-15T18:05:05.000Z</time>
        <sat>9</sat>
      </trkpt>
      <trkpt lat="32.720333" lon="-16.871058">
        <ele>1307.7</ele>
        <time>2025-02-15T18:05:09.000Z</time>
        <sat>9</sat>
      </trkpt>
      <trkpt lat="32.720283" lon="-16.870942">
        <ele>1307.6</ele>
        <time>2025-02-15T18:05:13.000Z</time>
        <sat>8</sat>
      </trkpt>
      <trkpt lat="32.720260" lon="-16.870822">
        <ele>1307.2</ele>
        <time>2025-02-15T18:05:18.000Z</time>
        <sat>9</sat>
      </trkpt>
      <trkpt lat="32.720275" lon="-16.870702">
        <ele>1306.7</ele>
        <time>2025-02-15T18:05:24.000Z</time>
        <sat>9</sat>
      </trkpt>
      <trkpt lat="32.720255" lon="-16.870592">
        <ele>1306.1</ele>
        <time>2025-02-15T18:05:29.000Z</time>
        <sat>9</sat>
      </trkpt>
      <trkpt lat="32.720220" lon="-16.870483">
        <ele>1304.5</ele>
        <time>2025-02-15T18:05:37.000Z</time>
        <sat>9</sat>
      </trkpt>
      <trkpt lat="32.720203" lon="-16.870372">
        <ele>1303.0</ele>
        <time>2025-02-15T18:05:43.000Z</time>
        <sat>9</sat>
      </trkpt>
      <trkpt lat="32.720187" lon="-16.870247">
        <ele>1301.4</ele>
        <time>2025-02-15T18:05:48.000Z</time>
        <sat>9</sat>
      </trkpt>
      <trkpt lat="32.720153" lon="-16.870133">
        <ele>1300.3</ele>
        <time>2025-02-15T18:05:54.000Z</time>
        <sat>8</sat>
      </trkpt>
      <trkpt lat="32.720135" lon="-16.870000">
        <ele>1298.7</ele>
        <time>2025-02-15T18:05:59.000Z</time>
        <sat>8</sat>
      </trkpt>
      <trkpt lat="32.720125" lon="-16.869878">
        <ele>1297.4</ele>
        <time>2025-02-15T18:06:04.000Z</time>
        <sat>8</sat>
      </trkpt>
      <trkpt lat="32.720135" lon="-16.869770">
        <ele>1296.2</ele>
        <time>2025-02-15T18:06:08.000Z</time>
        <sat>8</sat>
      </trkpt>
      <trkpt lat="32.720118" lon="-16.869653">
        <ele>1294.6</ele>
        <time>2025-02-15T18:06:13.000Z</time>
        <sat>8</sat>
      </trkpt>
      <trkpt lat="32.720130" lon="-16.869523">
        <ele>1293.5</ele>
        <time>2025-02-15T18:06:17.000Z</time>
        <sat>8</sat>
      </trkpt>
      <trkpt lat="32.720095" lon="-16.869405">
        <ele>1292.8</ele>
        <time>2025-02-15T18:06:20.000Z</time>
        <sat>9</sat>
      </trkpt>
      <trkpt lat="32.720135" lon="-16.869303">
        <ele>1291.6</ele>
        <time>2025-02-15T18:06:25.000Z</time>
        <sat>9</sat>
      </trkpt>
      <trkpt lat="32.720235" lon="-16.869245">
        <ele>1290.8</ele>
        <time>2025-02-15T18:06:30.000Z</time>
        <sat>9</sat>
      </trkpt>
      <trkpt lat="32.720313" lon="-16.869177">
        <ele>1290.2</ele>
        <time>2025-02-15T18:06:34.000Z</time>
        <sat>9</sat>
      </trkpt>
      <trkpt lat="32.720378" lon="-16.869098">
        <ele>1289.9</ele>
        <time>2025-02-15T18:06:39.000Z</time>
        <sat>9</sat>
      </trkpt>
      <trkpt lat="32.720470" lon="-16.869083">
        <ele>1289.7</ele>
        <time>2025-02-15T18:06:46.000Z</time>
        <sat>9</sat>
      </trkpt>
      <trkpt lat="32.720560" lon="-16.869032">
        <ele>1289.6</ele>
        <time>2025-02-15T18:06:53.000Z</time>
        <sat>9</sat>
      </trkpt>
      <trkpt lat="32.720627" lon="-16.868960">
        <ele>1289.5</ele>
        <time>2025-02-15T18:06:57.000Z</time>
        <sat>9</sat>
      </trkpt>
      <trkpt lat="32.720690" lon="-16.868867">
        <ele>1289.4</ele>
        <time>2025-02-15T18:07:01.000Z</time>
        <sat>9</sat>
      </trkpt>
      <trkpt lat="32.720757" lon="-16.868780">
        <ele>1289.2</ele>
        <time>2025-02-15T18:07:05.000Z</time>
        <sat>8</sat>
      </trkpt>
      <trkpt lat="32.720833" lon="-16.868687">
        <ele>1289.0</ele>
        <time>2025-02-15T18:07:10.000Z</time>
        <sat>8</sat>
      </trkpt>
      <trkpt lat="32.720898" lon="-16.868598">
        <ele>1288.8</ele>
        <time>2025-02-15T18:07:14.000Z</time>
        <sat>8</sat>
      </trkpt>
      <trkpt lat="32.720965" lon="-16.868523">
        <ele>1288.8</ele>
        <time>2025-02-15T18:07:18.000Z</time>
        <sat>8</sat>
      </trkpt>
      <trkpt lat="32.721027" lon="-16.868435">
        <ele>1288.7</ele>
        <time>2025-02-15T18:07:22.000Z</time>
        <sat>8</sat>
      </trkpt>
      <trkpt lat="32.721080" lon="-16.868345">
        <ele>1288.7</ele>
        <time>2025-02-15T18:07:26.000Z</time>
        <sat>8</sat>
      </trkpt>
      <trkpt lat="32.721135" lon="-16.868240">
        <ele>1288.7</ele>
        <time>2025-02-15T18:07:31.000Z</time>
        <sat>8</sat>
      </trkpt>
      <trkpt lat="32.721148" lon="-16.868110">
        <ele>1288.7</ele>
        <time>2025-02-15T18:07:36.000Z</time>
        <sat>7</sat>
      </trkpt>
      <trkpt lat="32.721122" lon="-16.867990">
        <ele>1288.7</ele>
        <time>2025-02-15T18:07:40.000Z</time>
        <sat>7</sat>
      </trkpt>
      <trkpt lat="32.721083" lon="-16.867885">
        <ele>1288.7</ele>
        <time>2025-02-15T18:07:44.000Z</time>
        <sat>7</sat>
      </trkpt>
      <trkpt lat="32.721042" lon="-16.867782">
        <ele>1288.9</ele>
        <time>2025-02-15T18:07:50.000Z</time>
        <sat>7</sat>
      </trkpt>
      <trkpt lat="32.721008" lon="-16.867673">
        <ele>1289.3</ele>
        <time>2025-02-15T18:07:56.000Z</time>
        <sat>7</sat>
      </trkpt>
      <trkpt lat="32.720982" lon="-16.867557">
        <ele>1289.9</ele>
        <time>2025-02-15T18:08:04.000Z</time>
        <sat>7</sat>
      </trkpt>
      <trkpt lat="32.720925" lon="-16.867470">
        <ele>1290.3</ele>
        <time>2025-02-15T18:08:12.000Z</time>
        <sat>7</sat>
      </trkpt>
      <trkpt lat="32.720885" lon="-16.867353">
        <ele>1290.6</ele>
        <time>2025-02-15T18:08:20.000Z</time>
        <sat>7</sat>
      </trkpt>
      <trkpt lat="32.720848" lon="-16.867250">
        <ele>1290.7</ele>
        <time>2025-02-15T18:08:28.000Z</time>
        <sat>7</sat>
      </trkpt>
      <trkpt lat="32.720820" lon="-16.867143">
        <ele>1290.5</ele>
        <time>2025-02-15T18:08:35.000Z</time>
        <sat>8</sat>
      </trkpt>
      <trkpt lat="32.720767" lon="-16.867057">
        <ele>1290.3</ele>
        <time>2025-02-15T18:08:41.000Z</time>
        <sat>8</sat>
      </trkpt>
      <trkpt lat="32.720732" lon="-16.866953">
        <ele>1289.7</ele>
        <time>2025-02-15T18:08:47.000Z</time>
        <sat>8</sat>
      </trkpt>
      <trkpt lat="32.720700" lon="-16.866847">
        <ele>1288.8</ele>
        <time>2025-02-15T18:08:53.000Z</time>
        <sat>7</sat>
      </trkpt>
      <trkpt lat="32.720663" lon="-16.866742">
        <ele>1287.3</ele>
        <time>2025-02-15T18:08:58.000Z</time>
        <sat>7</sat>
      </trkpt>
      <trkpt lat="32.720655" lon="-16.866633">
        <ele>1284.1</ele>
        <time>2025-02-15T18:09:06.000Z</time>
        <sat>7</sat>
      </trkpt>
      <trkpt lat="32.720648" lon="-16.866518">
        <ele>1281.4</ele>
        <time>2025-02-15T18:09:16.000Z</time>
        <sat>7</sat>
      </trkpt>
      <trkpt lat="32.720645" lon="-16.866408">
        <ele>1278.5</ele>
        <time>2025-02-15T18:09:26.000Z</time>
        <sat>7</sat>
      </trkpt>
      <trkpt lat="32.720632" lon="-16.866298">
        <ele>1276.1</ele>
        <time>2025-02-15T18:09:33.000Z</time>
        <sat>5</sat>
      </trkpt>
      <trkpt lat="32.720615" lon="-16.866168">
        <ele>1274.0</ele>
        <time>2025-02-15T18:09:38.000Z</time>
        <sat>6</sat>
      </trkpt>
      <trkpt lat="32.720623" lon="-16.866042">
        <ele>1272.5</ele>
        <time>2025-02-15T18:09:42.000Z</time>
        <sat>7</sat>
      </trkpt>
      <trkpt lat="32.720677" lon="-16.865930">
        <ele>1271.6</ele>
        <time>2025-02-15T18:09:47.000Z</time>
        <sat>7</sat>
      </trkpt>
      <trkpt lat="32.720717" lon="-16.865822">
        <ele>1269.9</ele>
        <time>2025-02-15T18:09:52.000Z</time>
        <sat>7</sat>
      </trkpt>
      <trkpt lat="32.720763" lon="-16.865722">
        <ele>1268.9</ele>
        <time>2025-02-15T18:09:57.000Z</time>
        <sat>7</sat>
      </trkpt>
      <trkpt lat="32.720838" lon="-16.865637">
        <ele>1268.1</ele>
        <time>2025-02-15T18:10:02.000Z</time>
        <sat>7</sat>
      </trkpt>
      <trkpt lat="32.720905" lon="-16.865557">
        <ele>1267.2</ele>
        <time>2025-02-15T18:10:06.000Z</time>
        <sat>7</sat>
      </trkpt>
      <trkpt lat="32.720967" lon="-16.865465">
        <ele>1265.5</ele>
        <time>2025-02-15T18:10:11.000Z</time>
        <sat>7</sat>
      </trkpt>
      <trkpt lat="32.721043" lon="-16.865373">
        <ele>1263.5</ele>
        <time>2025-02-15T18:10:17.000Z</time>
        <sat>7</sat>
      </trkpt>
      <trkpt lat="32.721107" lon="-16.865278">
        <ele>1263.2</ele>
        <time>2025-02-15T18:10:23.000Z</time>
        <sat>7</sat>
      </trkpt>
      <trkpt lat="32.721162" lon="-16.865172">
        <ele>1262.2</ele>
        <time>2025-02-15T18:10:30.000Z</time>
        <sat>7</sat>
      </trkpt>
      <trkpt lat="32.721207" lon="-16.865077">
        <ele>1261.1</ele>
        <time>2025-02-15T18:10:36.000Z</time>
        <sat>7</sat>
      </trkpt>
      <trkpt lat="32.721245" lon="-16.864955">
        <ele>1260.0</ele>
        <time>2025-02-15T18:10:42.000Z</time>
        <sat>7</sat>
      </trkpt>
      <trkpt lat="32.721287" lon="-16.864847">
        <ele>1259.2</ele>
        <time>2025-02-15T18:10:46.000Z</time>
        <sat>7</sat>
      </trkpt>
      <trkpt lat="32.721337" lon="-16.864732">
        <ele>1258.6</ele>
        <time>2025-02-15T18:10:51.000Z</time>
        <sat>7</sat>
      </trkpt>
      <trkpt lat="32.721380" lon="-16.864623">
        <ele>1257.9</ele>
        <time>2025-02-15T18:10:57.000Z</time>
        <sat>7</sat>
      </trkpt>
      <trkpt lat="32.721442" lon="-16.864520">
        <ele>1257.5</ele>
        <time>2025-02-15T18:11:02.000Z</time>
        <sat>7</sat>
      </trkpt>
      <trkpt lat="32.721543" lon="-16.864477">
        <ele>1257.6</ele>
        <time>2025-02-15T18:11:06.000Z</time>
        <sat>7</sat>
      </trkpt>
      <trkpt lat="32.721657" lon="-16.864450">
        <ele>1257.6</ele>
        <time>2025-02-15T18:11:10.000Z</time>
        <sat>7</sat>
      </trkpt>
      <trkpt lat="32.721750" lon="-16.864433">
        <ele>1257.5</ele>
        <time>2025-02-15T18:11:14.000Z</time>
        <sat>8</sat>
      </trkpt>
      <trkpt lat="32.721852" lon="-16.864442">
        <ele>1257.3</ele>
        <time>2025-02-15T18:11:18.000Z</time>
        <sat>8</sat>
      </trkpt>
      <trkpt lat="32.721953" lon="-16.864428">
        <ele>1257.0</ele>
        <time>2025-02-15T18:11:23.000Z</time>
        <sat>8</sat>
      </trkpt>
      <trkpt lat="32.722055" lon="-16.864422">
        <ele>1256.5</ele>
        <time>2025-02-15T18:11:29.000Z</time>
        <sat>8</sat>
      </trkpt>
      <trkpt lat="32.722147" lon="-16.864393">
        <ele>1255.2</ele>
        <time>2025-02-15T18:11:35.000Z</time>
        <sat>8</sat>
      </trkpt>
      <trkpt lat="32.722243" lon="-16.864365">
        <ele>1253.7</ele>
        <time>2025-02-15T18:11:41.000Z</time>
        <sat>8</sat>
      </trkpt>
      <trkpt lat="32.722327" lon="-16.864322">
        <ele>1253.3</ele>
        <time>2025-02-15T18:11:45.000Z</time>
        <sat>8</sat>
      </trkpt>
      <trkpt lat="32.722418" lon="-16.864270">
        <ele>1252.7</ele>
        <time>2025-02-15T18:11:51.000Z</time>
        <sat>8</sat>
      </trkpt>
      <trkpt lat="32.722507" lon="-16.864230">
        <ele>1251.3</ele>
        <time>2025-02-15T18:11:57.000Z</time>
        <sat>8</sat>
      </trkpt>
      <trkpt lat="32.722580" lon="-16.864153">
        <ele>1249.8</ele>
        <time>2025-02-15T18:12:02.000Z</time>
        <sat>8</sat>
      </trkpt>
      <trkpt lat="32.722632" lon="-16.864065">
        <ele>1248.6</ele>
        <time>2025-02-15T18:12:07.000Z</time>
        <sat>7</sat>
      </trkpt>
      <trkpt lat="32.722723" lon="-16.864050">
        <ele>1246.9</ele>
        <time>2025-02-15T18:12:14.000Z</time>
        <sat>7</sat>
      </trkpt>
      <trkpt lat="32.722755" lon="-16.864165">
        <ele>1245.2</ele>
        <time>2025-02-15T18:12:20.000Z</time>
        <sat>7</sat>
      </trkpt>
      <trkpt lat="32.722837" lon="-16.864212">
        <ele>1243.0</ele>
        <time>2025-02-15T18:12:26.000Z</time>
        <sat>7</sat>
      </trkpt>
      <trkpt lat="32.722930" lon="-16.864228">
        <ele>1241.1</ele>
        <time>2025-02-15T18:12:34.000Z</time>
        <sat>8</sat>
      </trkpt>
      <trkpt lat="32.723025" lon="-16.864203">
        <ele>1238.2</ele>
        <time>2025-02-15T18:12:43.000Z</time>
        <sat>8</sat>
      </trkpt>
      <trkpt lat="32.723118" lon="-16.864227">
        <ele>1233.7</ele>
        <time>2025-02-15T18:12:55.000Z</time>
        <sat>8</sat>
      </trkpt>
      <trkpt lat="32.723200" lon="-16.864285">
        <ele>1230.3</ele>
        <time>2025-02-15T18:13:07.000Z</time>
        <sat>8</sat>
      </trkpt>
      <trkpt lat="32.723290" lon="-16.864348">
        <ele>1226.4</ele>
        <time>2025-02-15T18:13:14.000Z</time>
        <sat>8</sat>
      </trkpt>
      <trkpt lat="32.723330" lon="-16.864458">
        <ele>1224.1</ele>
        <time>2025-02-15T18:13:20.000Z</time>
        <sat>9</sat>
      </trkpt>
      <trkpt lat="32.723423" lon="-16.864450">
        <ele>1221.6</ele>
        <time>2025-02-15T18:13:28.000Z</time>
        <sat>9</sat>
      </trkpt>
      <trkpt lat="32.723450" lon="-16.864343">
        <ele>1220.3</ele>
        <time>2025-02-15T18:13:34.000Z</time>
        <sat>8</sat>
      </trkpt>
      <trkpt lat="32.723457" lon="-16.864218">
        <ele>1217.6</ele>
        <time>2025-02-15T18:13:42.000Z</time>
        <sat>8</sat>
      </trkpt>
      <trkpt lat="32.723462" lon="-16.864098">
        <ele>1216.0</ele>
        <time>2025-02-15T18:13:47.000Z</time>
        <sat>7</sat>
      </trkpt>
      <trkpt lat="32.723452" lon="-16.863980">
        <ele>1213.7</ele>
        <time>2025-02-15T18:13:53.000Z</time>
        <sat>7</sat>
      </trkpt>
      <trkpt lat="32.723465" lon="-16.863863">
        <ele>1211.1</ele>
        <time>2025-02-15T18:14:02.000Z</time>
        <sat>8</sat>
      </trkpt>
      <trkpt lat="32.723450" lon="-16.863753">
        <ele>1208.7</ele>
        <time>2025-02-15T18:14:09.000Z</time>
        <sat>8</sat>
      </trkpt>
      <trkpt lat="32.723453" lon="-16.863645">
        <ele>1206.6</ele>
        <time>2025-02-15T18:14:14.000Z</time>
        <sat>8</sat>
      </trkpt>
      <trkpt lat="32.723467" lon="-16.863535">
        <ele>1205.0</ele>
        <time>2025-02-15T18:14:21.000Z</time>
        <sat>8</sat>
      </trkpt>
      <trkpt lat="32.723497" lon="-16.863417">
        <ele>1202.9</ele>
        <time>2025-02-15T18:14:27.000Z</time>
        <sat>8</sat>
      </trkpt>
      <trkpt lat="32.723537" lon="-16.863300">
        <ele>1201.2</ele>
        <time>2025-02-15T18:14:31.000Z</time>
        <sat>7</sat>
      </trkpt>
      <trkpt lat="32.723602" lon="-16.863210">
        <ele>1199.9</ele>
        <time>2025-02-15T18:14:34.000Z</time>
        <sat>7</sat>
      </trkpt>
      <trkpt lat="32.723680" lon="-16.863132">
        <ele>1199.3</ele>
        <time>2025-02-15T18:14:37.000Z</time>
        <sat>7</sat>
      </trkpt>
      <trkpt lat="32.723768" lon="-16.863080">
        <ele>1198.9</ele>
        <time>2025-02-15T18:14:40.000Z</time>
        <sat>8</sat>
      </trkpt>
      <trkpt lat="32.723858" lon="-16.863040">
        <ele>1198.2</ele>
        <time>2025-02-15T18:14:43.000Z</time>
        <sat>8</sat>
      </trkpt>
      <trkpt lat="32.723945" lon="-16.863007">
        <ele>1197.6</ele>
        <time>2025-02-15T18:14:46.000Z</time>
        <sat>8</sat>
      </trkpt>
      <trkpt lat="32.724022" lon="-16.862948">
        <ele>1197.1</ele>
        <time>2025-02-15T18:14:49.000Z</time>
        <sat>8</sat>
      </trkpt>
      <trkpt lat="32.724112" lon="-16.862868">
        <ele>1196.2</ele>
        <time>2025-02-15T18:14:53.000Z</time>
        <sat>8</sat>
      </trkpt>
      <trkpt lat="32.724210" lon="-16.862818">
        <ele>1195.5</ele>
        <time>2025-02-15T18:14:57.000Z</time>
        <sat>9</sat>
      </trkpt>
      <trkpt lat="32.724322" lon="-16.862788">
        <ele>1194.8</ele>
        <time>2025-02-15T18:15:01.000Z</time>
        <sat>9</sat>
      </trkpt>
      <trkpt lat="32.724435" lon="-16.862788">
        <ele>1194.1</ele>
        <time>2025-02-15T18:15:05.000Z</time>
        <sat>9</sat>
      </trkpt>
      <trkpt lat="32.724530" lon="-16.862797">
        <ele>1193.3</ele>
        <time>2025-02-15T18:15:08.000Z</time>
        <sat>9</sat>
      </trkpt>
      <trkpt lat="32.724635" lon="-16.862793">
        <ele>1192.7</ele>
        <time>2025-02-15T18:15:12.000Z</time>
        <sat>9</sat>
      </trkpt>
      <trkpt lat="32.724745" lon="-16.862792">
        <ele>1191.8</ele>
        <time>2025-02-15T18:15:16.000Z</time>
        <sat>9</sat>
      </trkpt>
      <trkpt lat="32.724855" lon="-16.862780">
        <ele>1191.2</ele>
        <time>2025-02-15T18:15:20.000Z</time>
        <sat>8</sat>
      </trkpt>
      <trkpt lat="32.724958" lon="-16.862782">
        <ele>1190.9</ele>
        <time>2025-02-15T18:15:24.000Z</time>
        <sat>8</sat>
      </trkpt>
      <trkpt lat="32.725060" lon="-16.862748">
        <ele>1189.7</ele>
        <time>2025-02-15T18:15:29.000Z</time>
        <sat>8</sat>
      </trkpt>
      <trkpt lat="32.725113" lon="-16.862638">
        <ele>1188.7</ele>
        <time>2025-02-15T18:15:34.000Z</time>
        <sat>7</sat>
      </trkpt>
      <trkpt lat="32.725162" lon="-16.862518">
        <ele>1187.7</ele>
        <time>2025-02-15T18:15:39.000Z</time>
        <sat>7</sat>
      </trkpt>
      <trkpt lat="32.725193" lon="-16.862403">
        <ele>1186.7</ele>
        <time>2025-02-15T18:15:44.000Z</time>
        <sat>7</sat>
      </trkpt>
      <trkpt lat="32.725245" lon="-16.862295">
        <ele>1185.4</ele>
        <time>2025-02-15T18:15:49.000Z</time>
        <sat>7</sat>
      </trkpt>
      <trkpt lat="32.725265" lon="-16.862190">
        <ele>1184.9</ele>
        <time>2025-02-15T18:15:52.000Z</time>
        <sat>7</sat>
      </trkpt>
      <trkpt lat="32.725278" lon="-16.862063">
        <ele>1184.0</ele>
        <time>2025-02-15T18:15:56.000Z</time>
        <sat>7</sat>
      </trkpt>
      <trkpt lat="32.725315" lon="-16.861953">
        <ele>1183.6</ele>
        <time>2025-02-15T18:16:00.000Z</time>
        <sat>7</sat>
      </trkpt>
      <trkpt lat="32.725403" lon="-16.861898">
        <ele>1183.4</ele>
        <time>2025-02-15T18:16:06.000Z</time>
        <sat>9</sat>
      </trkpt>
      <trkpt lat="32.725500" lon="-16.861877">
        <ele>1182.8</ele>
        <time>2025-02-15T18:16:10.000Z</time>
        <sat>8</sat>
      </trkpt>
      <trkpt lat="32.725588" lon="-16.861832">
        <ele>1181.4</ele>
        <time>2025-02-15T18:16:16.000Z</time>
        <sat>8</sat>
      </trkpt>
      <trkpt lat="32.725633" lon="-16.861735">
        <ele>1179.6</ele>
        <time>2025-02-15T18:16:23.000Z</time>
        <sat>8</sat>
      </trkpt>
      <trkpt lat="32.725685" lon="-16.861642">
        <ele>1176.5</ele>
        <time>2025-02-15T18:16:40.000Z</time>
        <sat>8</sat>
      </trkpt>
      <trkpt lat="32.725767" lon="-16.861590">
        <ele>1173.6</ele>
        <time>2025-02-15T18:16:49.000Z</time>
        <sat>8</sat>
      </trkpt>
      <trkpt lat="32.725847" lon="-16.861523">
        <ele>1171.2</ele>
        <time>2025-02-15T18:16:57.000Z</time>
        <sat>8</sat>
      </trkpt>
      <trkpt lat="32.725937" lon="-16.861443">
        <ele>1169.8</ele>
        <time>2025-02-15T18:17:02.000Z</time>
        <sat>9</sat>
      </trkpt>
      <trkpt lat="32.726043" lon="-16.861395">
        <ele>1168.8</ele>
        <time>2025-02-15T18:17:07.000Z</time>
        <sat>9</sat>
      </trkpt>
      <trkpt lat="32.726135" lon="-16.861435">
        <ele>1167.5</ele>
        <time>2025-02-15T18:17:13.000Z</time>
        <sat>8</sat>
      </trkpt>
      <trkpt lat="32.726237" lon="-16.861410">
        <ele>1164.6</ele>
        <time>2025-02-15T18:17:21.000Z</time>
        <sat>9</sat>
      </trkpt>
      <trkpt lat="32.726320" lon="-16.861350">
        <ele>1162.4</ele>
        <time>2025-02-15T18:17:27.000Z</time>
        <sat>8</sat>
      </trkpt>
      <trkpt lat="32.726405" lon="-16.861298">
        <ele>1159.8</ele>
        <time>2025-02-15T18:17:35.000Z</time>
        <sat>8</sat>
      </trkpt>
      <trkpt lat="32.726482" lon="-16.861218">
        <ele>1157.5</ele>
        <time>2025-02-15T18:17:43.000Z</time>
        <sat>8</sat>
      </trkpt>
      <trkpt lat="32.726535" lon="-16.861113">
        <ele>1155.6</ele>
        <time>2025-02-15T18:17:49.000Z</time>
        <sat>8</sat>
      </trkpt>
      <trkpt lat="32.726563" lon="-16.861010">
        <ele>1154.1</ele>
        <time>2025-02-15T18:17:54.000Z</time>
        <sat>8</sat>
      </trkpt>
      <trkpt lat="32.726578" lon="-16.860900">
        <ele>1152.4</ele>
        <time>2025-02-15T18:18:01.000Z</time>
        <sat>8</sat>
      </trkpt>
      <trkpt lat="32.726637" lon="-16.860808">
        <ele>1149.3</ele>
        <time>2025-02-15T18:18:11.000Z</time>
        <sat>9</sat>
      </trkpt>
      <trkpt lat="32.726675" lon="-16.860710">
        <ele>1147.4</ele>
        <time>2025-02-15T18:18:16.000Z</time>
        <sat>9</sat>
      </trkpt>
      <trkpt lat="32.726755" lon="-16.860623">
        <ele>1145.7</ele>
        <time>2025-02-15T18:18:21.000Z</time>
        <sat>9</sat>
      </trkpt>
      <trkpt lat="32.726835" lon="-16.860570">
        <ele>1144.2</ele>
        <time>2025-02-15T18:18:25.000Z</time>
        <sat>9</sat>
      </trkpt>
      <trkpt lat="32.726917" lon="-16.860508">
        <ele>1143.5</ele>
        <time>2025-02-15T18:18:29.000Z</time>
        <sat>9</sat>
      </trkpt>
      <trkpt lat="32.726975" lon="-16.860427">
        <ele>1142.6</ele>
        <time>2025-02-15T18:18:34.000Z</time>
        <sat>9</sat>
      </trkpt>
      <trkpt lat="32.727045" lon="-16.860353">
        <ele>1140.8</ele>
        <time>2025-02-15T18:18:42.000Z</time>
        <sat>9</sat>
      </trkpt>
      <trkpt lat="32.727097" lon="-16.860263">
        <ele>1140.2</ele>
        <time>2025-02-15T18:18:46.000Z</time>
        <sat>9</sat>
      </trkpt>
      <trkpt lat="32.727137" lon="-16.860167">
        <ele>1139.7</ele>
        <time>2025-02-15T18:18:49.000Z</time>
        <sat>9</sat>
      </trkpt>
      <trkpt lat="32.727195" lon="-16.860060">
        <ele>1139.3</ele>
        <time>2025-02-15T18:18:53.000Z</time>
        <sat>9</sat>
      </trkpt>
      <trkpt lat="32.727240" lon="-16.859963">
        <ele>1139.1</ele>
        <time>2025-02-15T18:18:57.000Z</time>
        <sat>9</sat>
      </trkpt>
      <trkpt lat="32.727282" lon="-16.859848">
        <ele>1138.8</ele>
        <time>2025-02-15T18:19:01.000Z</time>
        <sat>8</sat>
      </trkpt>
      <trkpt lat="32.727342" lon="-16.859737">
        <ele>1138.4</ele>
        <time>2025-02-15T18:19:05.000Z</time>
        <sat>8</sat>
      </trkpt>
      <trkpt lat="32.727435" lon="-16.859652">
        <ele>1138.2</ele>
        <time>2025-02-15T18:19:09.000Z</time>
        <sat>8</sat>
      </trkpt>
      <trkpt lat="32.727512" lon="-16.859553">
        <ele>1138.1</ele>
        <time>2025-02-15T18:19:13.000Z</time>
        <sat>9</sat>
      </trkpt>
      <trkpt lat="32.727568" lon="-16.859443">
        <ele>1137.9</ele>
        <time>2025-02-15T18:19:17.000Z</time>
        <sat>9</sat>
      </trkpt>
      <trkpt lat="32.727617" lon="-16.859332">
        <ele>1138.0</ele>
        <time>2025-02-15T18:19:21.000Z</time>
        <sat>9</sat>
      </trkpt>
      <trkpt lat="32.727630" lon="-16.859222">
        <ele>1138.0</ele>
        <time>2025-02-15T18:19:25.000Z</time>
        <sat>9</sat>
      </trkpt>
      <trkpt lat="32.727670" lon="-16.859122">
        <ele>1138.0</ele>
        <time>2025-02-15T18:19:29.000Z</time>
        <sat>8</sat>
      </trkpt>
      <trkpt lat="32.727712" lon="-16.859007">
        <ele>1137.9</ele>
        <time>2025-02-15T18:19:34.000Z</time>
        <sat>8</sat>
      </trkpt>
      <trkpt lat="32.727773" lon="-16.858925">
        <ele>1138.0</ele>
        <time>2025-02-15T18:19:40.000Z</time>
        <sat>8</sat>
      </trkpt>
      <trkpt lat="32.727850" lon="-16.858837">
        <ele>1137.9</ele>
        <time>2025-02-15T18:19:46.000Z</time>
        <sat>8</sat>
      </trkpt>
      <trkpt lat="32.727915" lon="-16.858750">
        <ele>1137.6</ele>
        <time>2025-02-15T18:19:52.000Z</time>
        <sat>8</sat>
      </trkpt>
      <trkpt lat="32.727990" lon="-16.858690">
        <ele>1136.8</ele>
        <time>2025-02-15T18:19:58.000Z</time>
        <sat>7</sat>
      </trkpt>
      <trkpt lat="32.728083" lon="-16.858638">
        <ele>1135.9</ele>
        <time>2025-02-15T18:20:03.000Z</time>
        <sat>8</sat>
      </trkpt>
      <trkpt lat="32.728180" lon="-16.858642">
        <ele>1135.2</ele>
        <time>2025-02-15T18:20:06.000Z</time>
        <sat>8</sat>
      </trkpt>
      <trkpt lat="32.728290" lon="-16.858627">
        <ele>1134.5</ele>
        <time>2025-02-15T18:20:10.000Z</time>
        <sat>9</sat>
      </trkpt>
      <trkpt lat="32.728383" lon="-16.858615">
        <ele>1133.9</ele>
        <time>2025-02-15T18:20:14.000Z</time>
        <sat>9</sat>
      </trkpt>
      <trkpt lat="32.728467" lon="-16.858567">
        <ele>1132.3</ele>
        <time>2025-02-15T18:20:20.000Z</time>
        <sat>9</sat>
      </trkpt>
      <trkpt lat="32.728557" lon="-16.858490">
        <ele>1130.5</ele>
        <time>2025-02-15T18:20:26.000Z</time>
        <sat>8</sat>
      </trkpt>
      <trkpt lat="32.728647" lon="-16.858465">
        <ele>1129.1</ele>
        <time>2025-02-15T18:20:32.000Z</time>
        <sat>9</sat>
      </trkpt>
      <trkpt lat="32.728600" lon="-16.858362">
        <ele>1125.8</ele>
        <time>2025-02-15T18:20:46.000Z</time>
        <sat>8</sat>
      </trkpt>
      <trkpt lat="32.728593" lon="-16.858243">
        <ele>1122.8</ele>
        <time>2025-02-15T18:20:57.000Z</time>
        <sat>7</sat>
      </trkpt>
      <trkpt lat="32.728518" lon="-16.858170">
        <ele>1119.0</ele>
        <time>2025-02-15T18:21:06.000Z</time>
        <sat>7</sat>
      </trkpt>
      <trkpt lat="32.728432" lon="-16.858132">
        <ele>1114.6</ele>
        <time>2025-02-15T18:21:20.000Z</time>
        <sat>7</sat>
      </trkpt>
      <trkpt lat="32.728397" lon="-16.858030">
        <ele>1110.9</ele>
        <time>2025-02-15T18:21:34.000Z</time>
        <sat>7</sat>
      </trkpt>
      <trkpt lat="32.728305" lon="-16.858000">
        <ele>1107.9</ele>
        <time>2025-02-15T18:21:42.000Z</time>
        <sat>7</sat>
      </trkpt>
      <trkpt lat="32.728365" lon="-16.857920">
        <ele>1104.7</ele>
        <time>2025-02-15T18:21:55.000Z</time>
        <sat>7</sat>
      </trkpt>
      <trkpt lat="32.728455" lon="-16.857893">
        <ele>1103.4</ele>
        <time>2025-02-15T18:22:04.000Z</time>
        <sat>7</sat>
      </trkpt>
      <trkpt lat="32.728538" lon="-16.857838">
        <ele>1102.1</ele>
        <time>2025-02-15T18:22:11.000Z</time>
        <sat>7</sat>
      </trkpt>
      <trkpt lat="32.728615" lon="-16.857772">
        <ele>1100.4</ele>
        <time>2025-02-15T18:22:16.000Z</time>
        <sat>7</sat>
      </trkpt>
      <trkpt lat="32.728698" lon="-16.857718">
        <ele>1099.2</ele>
        <time>2025-02-15T18:22:22.000Z</time>
        <sat>7</sat>
      </trkpt>
      <trkpt lat="32.728777" lon="-16.857660">
        <ele>1097.8</ele>
        <time>2025-02-15T18:22:32.000Z</time>
        <sat>7</sat>
      </trkpt>
      <trkpt lat="32.728818" lon="-16.857563">
        <ele>1097.0</ele>
        <time>2025-02-15T18:22:38.000Z</time>
        <sat>7</sat>
      </trkpt>
      <trkpt lat="32.728818" lon="-16.857432">
        <ele>1096.4</ele>
        <time>2025-02-15T18:22:42.000Z</time>
        <sat>7</sat>
      </trkpt>
      <trkpt lat="32.728832" lon="-16.857297">
        <ele>1095.7</ele>
        <time>2025-02-15T18:22:46.000Z</time>
        <sat>7</sat>
      </trkpt>
      <trkpt lat="32.728873" lon="-16.857178">
        <ele>1094.8</ele>
        <time>2025-02-15T18:22:50.000Z</time>
        <sat>8</sat>
      </trkpt>
      <trkpt lat="32.728962" lon="-16.857108">
        <ele>1094.1</ele>
        <time>2025-02-15T18:22:54.000Z</time>
        <sat>8</sat>
      </trkpt>
      <trkpt lat="32.729043" lon="-16.857023">
        <ele>1093.0</ele>
        <time>2025-02-15T18:22:58.000Z</time>
        <sat>7</sat>
      </trkpt>
      <trkpt lat="32.729117" lon="-16.856912">
        <ele>1092.1</ele>
        <time>2025-02-15T18:23:02.000Z</time>
        <sat>7</sat>
      </trkpt>
      <trkpt lat="32.729178" lon="-16.856798">
        <ele>1091.4</ele>
        <time>2025-02-15T18:23:06.000Z</time>
        <sat>7</sat>
      </trkpt>
      <trkpt lat="32.729258" lon="-16.856698">
        <ele>1090.7</ele>
        <time>2025-02-15T18:23:10.000Z</time>
        <sat>7</sat>
      </trkpt>
      <trkpt lat="32.729340" lon="-16.856648">
        <ele>1090.3</ele>
        <time>2025-02-15T18:23:13.000Z</time>
        <sat>7</sat>
      </trkpt>
      <trkpt lat="32.729432" lon="-16.856582">
        <ele>1089.3</ele>
        <time>2025-02-15T18:23:17.000Z</time>
        <sat>7</sat>
      </trkpt>
      <trkpt lat="32.729518" lon="-16.856500">
        <ele>1088.4</ele>
        <time>2025-02-15T18:23:21.000Z</time>
        <sat>7</sat>
      </trkpt>
      <trkpt lat="32.729592" lon="-16.856415">
        <ele>1087.9</ele>
        <time>2025-02-15T18:23:25.000Z</time>
        <sat>7</sat>
      </trkpt>
      <trkpt lat="32.729668" lon="-16.856320">
        <ele>1087.1</ele>
        <time>2025-02-15T18:23:29.000Z</time>
        <sat>7</sat>
      </trkpt>
      <trkpt lat="32.729747" lon="-16.856227">
        <ele>1086.5</ele>
        <time>2025-02-15T18:23:33.000Z</time>
        <sat>7</sat>
      </trkpt>
      <trkpt lat="32.729838" lon="-16.856130">
        <ele>1085.4</ele>
        <time>2025-02-15T18:23:37.000Z</time>
        <sat>7</sat>
      </trkpt>
      <trkpt lat="32.729918" lon="-16.856068">
        <ele>1084.6</ele>
        <time>2025-02-15T18:23:40.000Z</time>
        <sat>7</sat>
      </trkpt>
      <trkpt lat="32.730005" lon="-16.856033">
        <ele>1084.3</ele>
        <time>2025-02-15T18:23:43.000Z</time>
        <sat>7</sat>
      </trkpt>
      <trkpt lat="32.730113" lon="-16.855992">
        <ele>1083.9</ele>
        <time>2025-02-15T18:23:47.000Z</time>
        <sat>6</sat>
      </trkpt>
      <trkpt lat="32.730202" lon="-16.855970">
        <ele>1083.6</ele>
        <time>2025-02-15T18:23:50.000Z</time>
        <sat>6</sat>
      </trkpt>
      <trkpt lat="32.730308" lon="-16.855912">
        <ele>1083.0</ele>
        <time>2025-02-15T18:23:54.000Z</time>
        <sat>7</sat>
      </trkpt>
      <trkpt lat="32.730397" lon="-16.855833">
        <ele>1082.2</ele>
        <time>2025-02-15T18:23:58.000Z</time>
        <sat>8</sat>
      </trkpt>
      <trkpt lat="32.730475" lon="-16.855728">
        <ele>1081.3</ele>
        <time>2025-02-15T18:24:02.000Z</time>
        <sat>8</sat>
      </trkpt>
      <trkpt lat="32.730522" lon="-16.855632">
        <ele>1081.0</ele>
        <time>2025-02-15T18:24:05.000Z</time>
        <sat>8</sat>
      </trkpt>
      <trkpt lat="32.730562" lon="-16.855517">
        <ele>1080.4</ele>
        <time>2025-02-15T18:24:09.000Z</time>
        <sat>8</sat>
      </trkpt>
      <trkpt lat="32.730612" lon="-16.855398">
        <ele>1079.6</ele>
        <time>2025-02-15T18:24:14.000Z</time>
        <sat>8</sat>
      </trkpt>
      <trkpt lat="32.730640" lon="-16.855272">
        <ele>1078.6</ele>
        <time>2025-02-15T18:24:19.000Z</time>
        <sat>8</sat>
      </trkpt>
      <trkpt lat="32.730658" lon="-16.855148">
        <ele>1078.0</ele>
        <time>2025-02-15T18:24:23.000Z</time>
        <sat>8</sat>
      </trkpt>
      <trkpt lat="32.730672" lon="-16.855028">
        <ele>1077.4</ele>
        <time>2025-02-15T18:24:27.000Z</time>
        <sat>8</sat>
      </trkpt>
      <trkpt lat="32.730670" lon="-16.854920">
        <ele>1076.8</ele>
        <time>2025-02-15T18:24:31.000Z</time>
        <sat>9</sat>
      </trkpt>
      <trkpt lat="32.730693" lon="-16.854788">
        <ele>1076.1</ele>
        <time>2025-02-15T18:24:36.000Z</time>
        <sat>9</sat>
      </trkpt>
      <trkpt lat="32.730752" lon="-16.854667">
        <ele>1075.2</ele>
        <time>2025-02-15T18:24:40.000Z</time>
        <sat>9</sat>
      </trkpt>
      <trkpt lat="32.730823" lon="-16.854593">
        <ele>1074.4</ele>
        <time>2025-02-15T18:24:43.000Z</time>
        <sat>9</sat>
      </trkpt>
      <trkpt lat="32.730913" lon="-16.854542">
        <ele>1073.7</ele>
        <time>2025-02-15T18:24:46.000Z</time>
        <sat>8</sat>
      </trkpt>
      <trkpt lat="32.731018" lon="-16.854508">
        <ele>1072.7</ele>
        <time>2025-02-15T18:24:50.000Z</time>
        <sat>9</sat>
      </trkpt>
      <trkpt lat="32.731117" lon="-16.854490">
        <ele>1071.2</ele>
        <time>2025-02-15T18:24:54.000Z</time>
        <sat>8</sat>
      </trkpt>
      <trkpt lat="32.731210" lon="-16.854487">
        <ele>1070.0</ele>
        <time>2025-02-15T18:24:58.000Z</time>
        <sat>8</sat>
      </trkpt>
      <trkpt lat="32.731300" lon="-16.854480">
        <ele>1068.9</ele>
        <time>2025-02-15T18:25:02.000Z</time>
        <sat>8</sat>
      </trkpt>
      <trkpt lat="32.731390" lon="-16.854468">
        <ele>1068.2</ele>
        <time>2025-02-15T18:25:06.000Z</time>
        <sat>8</sat>
      </trkpt>
      <trkpt lat="32.731483" lon="-16.854462">
        <ele>1066.9</ele>
        <time>2025-02-15T18:25:10.000Z</time>
        <sat>8</sat>
      </trkpt>
      <trkpt lat="32.731588" lon="-16.854458">
        <ele>1065.5</ele>
        <time>2025-02-15T18:25:14.000Z</time>
        <sat>8</sat>
      </trkpt>
      <trkpt lat="32.731688" lon="-16.854458">
        <ele>1063.7</ele>
        <time>2025-02-15T18:25:19.000Z</time>
        <sat>8</sat>
      </trkpt>
      <trkpt lat="32.731777" lon="-16.854423">
        <ele>1062.0</ele>
        <time>2025-02-15T18:25:23.000Z</time>
        <sat>10</sat>
      </trkpt>
      <trkpt lat="32.731872" lon="-16.854387">
        <ele>1060.0</ele>
        <time>2025-02-15T18:25:28.000Z</time>
        <sat>10</sat>
      </trkpt>
      <trkpt lat="32.731937" lon="-16.854305">
        <ele>1058.4</ele>
        <time>2025-02-15T18:25:32.000Z</time>
        <sat>10</sat>
      </trkpt>
      <trkpt lat="32.732002" lon="-16.854210">
        <ele>1056.9</ele>
        <time>2025-02-15T18:25:36.000Z</time>
        <sat>8</sat>
      </trkpt>
      <trkpt lat="32.732058" lon="-16.854107">
        <ele>1055.4</ele>
        <time>2025-02-15T18:25:40.000Z</time>
        <sat>9</sat>
      </trkpt>
      <trkpt lat="32.732122" lon="-16.853993">
        <ele>1054.0</ele>
        <time>2025-02-15T18:25:44.000Z</time>
        <sat>9</sat>
      </trkpt>
      <trkpt lat="32.732168" lon="-16.853877">
        <ele>1051.9</ele>
        <time>2025-02-15T18:25:49.000Z</time>
        <sat>8</sat>
      </trkpt>
      <trkpt lat="32.732218" lon="-16.853760">
        <ele>1050.1</ele>
        <time>2025-02-15T18:25:53.000Z</time>
        <sat>8</sat>
      </trkpt>
      <trkpt lat="32.732280" lon="-16.853657">
        <ele>1048.5</ele>
        <time>2025-02-15T18:25:57.000Z</time>
        <sat>8</sat>
      </trkpt>
      <trkpt lat="32.732340" lon="-16.853572">
        <ele>1046.3</ele>
        <time>2025-02-15T18:26:02.000Z</time>
        <sat>8</sat>
      </trkpt>
      <trkpt lat="32.732427" lon="-16.853495">
        <ele>1044.3</ele>
        <time>2025-02-15T18:26:07.000Z</time>
        <sat>8</sat>
      </trkpt>
      <trkpt lat="32.732513" lon="-16.853445">
        <ele>1042.7</ele>
        <time>2025-02-15T18:26:11.000Z</time>
        <sat>8</sat>
      </trkpt>
      <trkpt lat="32.732590" lon="-16.853385">
        <ele>1040.9</ele>
        <time>2025-02-15T18:26:15.000Z</time>
        <sat>8</sat>
      </trkpt>
      <trkpt lat="32.732672" lon="-16.853300">
        <ele>1039.0</ele>
        <time>2025-02-15T18:26:19.000Z</time>
        <sat>8</sat>
      </trkpt>
      <trkpt lat="32.732763" lon="-16.853208">
        <ele>1037.5</ele>
        <time>2025-02-15T18:26:23.000Z</time>
        <sat>8</sat>
      </trkpt>
      <trkpt lat="32.732840" lon="-16.853143">
        <ele>1036.3</ele>
        <time>2025-02-15T18:26:26.000Z</time>
        <sat>8</sat>
      </trkpt>
      <trkpt lat="32.732923" lon="-16.853087">
        <ele>1035.3</ele>
        <time>2025-02-15T18:26:29.000Z</time>
        <sat>8</sat>
      </trkpt>
      <trkpt lat="32.733005" lon="-16.853030">
        <ele>1034.2</ele>
        <time>2025-02-15T18:26:32.000Z</time>
        <sat>8</sat>
      </trkpt>
      <trkpt lat="32.733107" lon="-16.852968">
        <ele>1033.0</ele>
        <time>2025-02-15T18:26:36.000Z</time>
        <sat>8</sat>
      </trkpt>
      <trkpt lat="32.733195" lon="-16.852902">
        <ele>1032.0</ele>
        <time>2025-02-15T18:26:40.000Z</time>
        <sat>8</sat>
      </trkpt>
      <trkpt lat="32.733262" lon="-16.852818">
        <ele>1030.7</ele>
        <time>2025-02-15T18:26:44.000Z</time>
        <sat>8</sat>
      </trkpt>
      <trkpt lat="32.733337" lon="-16.852720">
        <ele>1030.1</ele>
        <time>2025-02-15T18:26:48.000Z</time>
        <sat>8</sat>
      </trkpt>
      <trkpt lat="32.733425" lon="-16.852625">
        <ele>1029.7</ele>
        <time>2025-02-15T18:26:52.000Z</time>
        <sat>8</sat>
      </trkpt>
      <trkpt lat="32.733510" lon="-16.852573">
        <ele>1029.4</ele>
        <time>2025-02-15T18:26:55.000Z</time>
        <sat>8</sat>
      </trkpt>
      <trkpt lat="32.733605" lon="-16.852537">
        <ele>1028.9</ele>
        <time>2025-02-15T18:26:59.000Z</time>
        <sat>8</sat>
      </trkpt>
      <trkpt lat="32.733700" lon="-16.852557">
        <ele>1028.2</ele>
        <time>2025-02-15T18:27:03.000Z</time>
        <sat>9</sat>
      </trkpt>
      <trkpt lat="32.733778" lon="-16.852613">
        <ele>1027.5</ele>
        <time>2025-02-15T18:27:06.000Z</time>
        <sat>10</sat>
      </trkpt>
      <trkpt lat="32.733853" lon="-16.852708">
        <ele>1026.4</ele>
        <time>2025-02-15T18:27:10.000Z</time>
        <sat>10</sat>
      </trkpt>
      <trkpt lat="32.733902" lon="-16.852808">
        <ele>1025.3</ele>
        <time>2025-02-15T18:27:14.000Z</time>
        <sat>9</sat>
      </trkpt>
      <trkpt lat="32.733938" lon="-16.852913">
        <ele>1024.4</ele>
        <time>2025-02-15T18:27:18.000Z</time>
        <sat>8</sat>
      </trkpt>
      <trkpt lat="32.733952" lon="-16.853025">
        <ele>1023.3</ele>
        <time>2025-02-15T18:27:22.000Z</time>
        <sat>8</sat>
      </trkpt>
      <trkpt lat="32.733952" lon="-16.853153">
        <ele>1021.7</ele>
        <time>2025-02-15T18:27:27.000Z</time>
        <sat>8</sat>
      </trkpt>
      <trkpt lat="32.733962" lon="-16.853277">
        <ele>1019.8</ele>
        <time>2025-02-15T18:27:32.000Z</time>
        <sat>7</sat>
      </trkpt>
      <trkpt lat="32.734002" lon="-16.853392">
        <ele>1018.1</ele>
        <time>2025-02-15T18:27:36.000Z</time>
        <sat>7</sat>
      </trkpt>
      <trkpt lat="32.734080" lon="-16.853487">
        <ele>1016.1</ele>
        <time>2025-02-15T18:27:41.000Z</time>
        <sat>7</sat>
      </trkpt>
      <trkpt lat="32.734193" lon="-16.853510">
        <ele>1014.4</ele>
        <time>2025-02-15T18:27:46.000Z</time>
        <sat>7</sat>
      </trkpt>
      <trkpt lat="32.734298" lon="-16.853532">
        <ele>1013.0</ele>
        <time>2025-02-15T18:27:50.000Z</time>
        <sat>7</sat>
      </trkpt>
      <trkpt lat="32.734395" lon="-16.853552">
        <ele>1011.9</ele>
        <time>2025-02-15T18:27:53.000Z</time>
        <sat>7</sat>
      </trkpt>
      <trkpt lat="32.734497" lon="-16.853568">
        <ele>1010.4</ele>
        <time>2025-02-15T18:27:57.000Z</time>
        <sat>7</sat>
      </trkpt>
      <trkpt lat="32.734602" lon="-16.853585">
        <ele>1008.6</ele>
        <time>2025-02-15T18:28:02.000Z</time>
        <sat>8</sat>
      </trkpt>
      <trkpt lat="32.734683" lon="-16.853668">
        <ele>1006.9</ele>
        <time>2025-02-15T18:28:06.000Z</time>
        <sat>7</sat>
      </trkpt>
      <trkpt lat="32.734765" lon="-16.853745">
        <ele>1005.3</ele>
        <time>2025-02-15T18:28:10.000Z</time>
        <sat>7</sat>
      </trkpt>
      <trkpt lat="32.734853" lon="-16.853793">
        <ele>1003.5</ele>
        <time>2025-02-15T18:28:14.000Z</time>
        <sat>7</sat>
      </trkpt>
      <trkpt lat="32.734947" lon="-16.853863">
        <ele>1000.7</ele>
        <time>2025-02-15T18:28:20.000Z</time>
        <sat>7</sat>
      </trkpt>
      <trkpt lat="32.735040" lon="-16.853910">
        <ele>998.7</ele>
        <time>2025-02-15T18:28:26.000Z</time>
        <sat>7</sat>
      </trkpt>
      <trkpt lat="32.735123" lon="-16.853952">
        <ele>997.1</ele>
        <time>2025-02-15T18:28:32.000Z</time>
        <sat>7</sat>
      </trkpt>
      <trkpt lat="32.735202" lon="-16.854005">
        <ele>993.4</ele>
        <time>2025-02-15T18:28:41.000Z</time>
        <sat>8</sat>
      </trkpt>
      <trkpt lat="32.735297" lon="-16.854007">
        <ele>987.8</ele>
        <time>2025-02-15T18:28:48.000Z</time>
        <sat>8</sat>
      </trkpt>
      <trkpt lat="32.735402" lon="-16.853965">
        <ele>986.5</ele>
        <time>2025-02-15T18:28:53.000Z</time>
        <sat>9</sat>
      </trkpt>
      <trkpt lat="32.735497" lon="-16.853932">
        <ele>985.4</ele>
        <time>2025-02-15T18:28:58.000Z</time>
        <sat>9</sat>
      </trkpt>
      <trkpt lat="32.735592" lon="-16.853920">
        <ele>985.0</ele>
        <time>2025-02-15T18:29:04.000Z</time>
        <sat>10</sat>
      </trkpt>
      <trkpt lat="32.735683" lon="-16.853863">
        <ele>984.2</ele>
        <time>2025-02-15T18:29:09.000Z</time>
        <sat>10</sat>
      </trkpt>
      <trkpt lat="32.735777" lon="-16.853790">
        <ele>983.1</ele>
        <time>2025-02-15T18:29:15.000Z</time>
        <sat>10</sat>
      </trkpt>
      <trkpt lat="32.735863" lon="-16.853747">
        <ele>981.9</ele>
        <time>2025-02-15T18:29:19.000Z</time>
        <sat>10</sat>
      </trkpt>
      <trkpt lat="32.735962" lon="-16.853715">
        <ele>979.8</ele>
        <time>2025-02-15T18:29:24.000Z</time>
        <sat>10</sat>
      </trkpt>
      <trkpt lat="32.736055" lon="-16.853687">
        <ele>979.1</ele>
        <time>2025-02-15T18:29:28.000Z</time>
        <sat>9</sat>
      </trkpt>
      <trkpt lat="32.736148" lon="-16.853665">
        <ele>977.5</ele>
        <time>2025-02-15T18:29:33.000Z</time>
        <sat>9</sat>
      </trkpt>
      <trkpt lat="32.736240" lon="-16.853642">
        <ele>975.9</ele>
        <time>2025-02-15T18:29:37.000Z</time>
        <sat>9</sat>
      </trkpt>
      <trkpt lat="32.736328" lon="-16.853603">
        <ele>974.1</ele>
        <time>2025-02-15T18:29:41.000Z</time>
        <sat>8</sat>
      </trkpt>
      <trkpt lat="32.736408" lon="-16.853540">
        <ele>972.0</ele>
        <time>2025-02-15T18:29:45.000Z</time>
        <sat>8</sat>
      </trkpt>
      <trkpt lat="32.736495" lon="-16.853465">
        <ele>970.2</ele>
        <time>2025-02-15T18:29:49.000Z</time>
        <sat>8</sat>
      </trkpt>
      <trkpt lat="32.736588" lon="-16.853392">
        <ele>969.3</ele>
        <time>2025-02-15T18:29:53.000Z</time>
        <sat>8</sat>
      </trkpt>
      <trkpt lat="32.736667" lon="-16.853310">
        <ele>968.2</ele>
        <time>2025-02-15T18:29:57.000Z</time>
        <sat>8</sat>
      </trkpt>
      <trkpt lat="32.736737" lon="-16.853215">
        <ele>966.3</ele>
        <time>2025-02-15T18:30:02.000Z</time>
        <sat>8</sat>
      </trkpt>
      <trkpt lat="32.736802" lon="-16.853120">
        <ele>964.4</ele>
        <time>2025-02-15T18:30:07.000Z</time>
        <sat>8</sat>
      </trkpt>
      <trkpt lat="32.736862" lon="-16.853035">
        <ele>963.0</ele>
        <time>2025-02-15T18:30:11.000Z</time>
        <sat>8</sat>
      </trkpt>
      <trkpt lat="32.736947" lon="-16.852965">
        <ele>961.2</ele>
        <time>2025-02-15T18:30:16.000Z</time>
        <sat>8</sat>
      </trkpt>
      <trkpt lat="32.737015" lon="-16.852893">
        <ele>959.7</ele>
        <time>2025-02-15T18:30:20.000Z</time>
        <sat>8</sat>
      </trkpt>
      <trkpt lat="32.737067" lon="-16.852798">
        <ele>958.0</ele>
        <time>2025-02-15T18:30:24.000Z</time>
        <sat>8</sat>
      </trkpt>
      <trkpt lat="32.737127" lon="-16.852707">
        <ele>955.8</ele>
        <time>2025-02-15T18:30:28.000Z</time>
        <sat>8</sat>
      </trkpt>
      <trkpt lat="32.737183" lon="-16.852602">
        <ele>953.7</ele>
        <time>2025-02-15T18:30:33.000Z</time>
        <sat>8</sat>
      </trkpt>
      <trkpt lat="32.737253" lon="-16.852530">
        <ele>951.3</ele>
        <time>2025-02-15T18:30:40.000Z</time>
        <sat>8</sat>
      </trkpt>
      <trkpt lat="32.737333" lon="-16.852452">
        <ele>948.8</ele>
        <time>2025-02-15T18:30:47.000Z</time>
        <sat>8</sat>
      </trkpt>
      <trkpt lat="32.737395" lon="-16.852373">
        <ele>945.6</ele>
        <time>2025-02-15T18:30:55.000Z</time>
        <sat>8</sat>
      </trkpt>
      <trkpt lat="32.737470" lon="-16.852305">
        <ele>941.2</ele>
        <time>2025-02-15T18:31:10.000Z</time>
        <sat>8</sat>
      </trkpt>
      <trkpt lat="32.737530" lon="-16.852222">
        <ele>938.3</ele>
        <time>2025-02-15T18:31:19.000Z</time>
        <sat>8</sat>
      </trkpt>
      <trkpt lat="32.737607" lon="-16.852135">
        <ele>935.8</ele>
        <time>2025-02-15T18:31:25.000Z</time>
        <sat>8</sat>
      </trkpt>
      <trkpt lat="32.737692" lon="-16.852095">
        <ele>933.8</ele>
        <time>2025-02-15T18:31:31.000Z</time>
        <sat>8</sat>
      </trkpt>
      <trkpt lat="32.737785" lon="-16.852077">
        <ele>930.9</ele>
        <time>2025-02-15T18:31:37.000Z</time>
        <sat>8</sat>
      </trkpt>
      <trkpt lat="32.737883" lon="-16.852008">
        <ele>928.7</ele>
        <time>2025-02-15T18:31:42.000Z</time>
        <sat>8</sat>
      </trkpt>
      <trkpt lat="32.737962" lon="-16.851917">
        <ele>926.5</ele>
        <time>2025-02-15T18:31:47.000Z</time>
        <sat>8</sat>
      </trkpt>
      <trkpt lat="32.737990" lon="-16.851807">
        <ele>925.2</ele>
        <time>2025-02-15T18:31:51.000Z</time>
        <sat>8</sat>
      </trkpt>
      <trkpt lat="32.737975" lon="-16.851667">
        <ele>923.8</ele>
        <time>2025-02-15T18:31:55.000Z</time>
        <sat>8</sat>
      </trkpt>
      <trkpt lat="32.737998" lon="-16.851560">
        <ele>922.6</ele>
        <time>2025-02-15T18:31:58.000Z</time>
        <sat>8</sat>
      </trkpt>
      <trkpt lat="32.737947" lon="-16.851447">
        <ele>920.9</ele>
        <time>2025-02-15T18:32:02.000Z</time>
        <sat>9</sat>
      </trkpt>
      <trkpt lat="32.737897" lon="-16.851342">
        <ele>918.8</ele>
        <time>2025-02-15T18:32:07.000Z</time>
        <sat>9</sat>
      </trkpt>
      <trkpt lat="32.737842" lon="-16.851240">
        <ele>916.3</ele>
        <time>2025-02-15T18:32:13.000Z</time>
        <sat>9</sat>
      </trkpt>
      <trkpt lat="32.737813" lon="-16.851117">
        <ele>914.5</ele>
        <time>2025-02-15T18:32:18.000Z</time>
        <sat>9</sat>
      </trkpt>
      <trkpt lat="32.737778" lon="-16.850988">
        <ele>912.8</ele>
        <time>2025-02-15T18:32:22.000Z</time>
        <sat>9</sat>
      </trkpt>
      <trkpt lat="32.737765" lon="-16.850882">
        <ele>911.4</ele>
        <time>2025-02-15T18:32:25.000Z</time>
        <sat>8</sat>
      </trkpt>
      <trkpt lat="32.737777" lon="-16.850763">
        <ele>909.9</ele>
        <time>2025-02-15T18:32:29.000Z</time>
        <sat>9</sat>
      </trkpt>
      <trkpt lat="32.737810" lon="-16.850660">
        <ele>907.8</ele>
        <time>2025-02-15T18:32:34.000Z</time>
        <sat>8</sat>
      </trkpt>
      <trkpt lat="32.737787" lon="-16.850542">
        <ele>904.9</ele>
        <time>2025-02-15T18:32:41.000Z</time>
        <sat>8</sat>
      </trkpt>
      <trkpt lat="32.737770" lon="-16.850435">
        <ele>901.9</ele>
        <time>2025-02-15T18:32:48.000Z</time>
        <sat>8</sat>
      </trkpt>
      <trkpt lat="32.737748" lon="-16.850308">
        <ele>900.5</ele>
        <time>2025-02-15T18:32:53.000Z</time>
        <sat>8</sat>
      </trkpt>
      <trkpt lat="32.737750" lon="-16.850188">
        <ele>899.0</ele>
        <time>2025-02-15T18:32:57.000Z</time>
        <sat>8</sat>
      </trkpt>
      <trkpt lat="32.737825" lon="-16.850128">
        <ele>896.9</ele>
        <time>2025-02-15T18:33:01.000Z</time>
        <sat>8</sat>
      </trkpt>
      <trkpt lat="32.737922" lon="-16.850112">
        <ele>894.2</ele>
        <time>2025-02-15T18:33:07.000Z</time>
        <sat>8</sat>
      </trkpt>
      <trkpt lat="32.738017" lon="-16.850102">
        <ele>891.5</ele>
        <time>2025-02-15T18:33:14.000Z</time>
        <sat>8</sat>
      </trkpt>
      <trkpt lat="32.738092" lon="-16.850013">
        <ele>888.9</ele>
        <time>2025-02-15T18:33:20.000Z</time>
        <sat>9</sat>
      </trkpt>
      <trkpt lat="32.738115" lon="-16.849882">
        <ele>886.4</ele>
        <time>2025-02-15T18:33:25.000Z</time>
        <sat>9</sat>
      </trkpt>
      <trkpt lat="32.738150" lon="-16.849755">
        <ele>884.1</ele>
        <time>2025-02-15T18:33:30.000Z</time>
        <sat>9</sat>
      </trkpt>
      <trkpt lat="32.738183" lon="-16.849647">
        <ele>882.3</ele>
        <time>2025-02-15T18:33:34.000Z</time>
        <sat>9</sat>
      </trkpt>
      <trkpt lat="32.738233" lon="-16.849545">
        <ele>880.4</ele>
        <time>2025-02-15T18:33:40.000Z</time>
        <sat>9</sat>
      </trkpt>
      <trkpt lat="32.738258" lon="-16.849433">
        <ele>877.7</ele>
        <time>2025-02-15T18:33:46.000Z</time>
        <sat>9</sat>
      </trkpt>
      <trkpt lat="32.738167" lon="-16.849395">
        <ele>872.2</ele>
        <time>2025-02-15T18:34:01.000Z</time>
        <sat>9</sat>
      </trkpt>
      <trkpt lat="32.738090" lon="-16.849463">
        <ele>870.1</ele>
        <time>2025-02-15T18:34:07.000Z</time>
        <sat>9</sat>
      </trkpt>
      <trkpt lat="32.738038" lon="-16.849373">
        <ele>866.8</ele>
        <time>2025-02-15T18:34:16.000Z</time>
        <sat>8</sat>
      </trkpt>
      <trkpt lat="32.738050" lon="-16.849263">
        <ele>864.2</ele>
        <time>2025-02-15T18:34:22.000Z</time>
        <sat>8</sat>
      </trkpt>
      <trkpt lat="32.738002" lon="-16.849155">
        <ele>859.9</ele>
        <time>2025-02-15T18:34:31.000Z</time>
        <sat>8</sat>
      </trkpt>
      <trkpt lat="32.737982" lon="-16.849027">
        <ele>857.9</ele>
        <time>2025-02-15T18:34:37.000Z</time>
        <sat>8</sat>
      </trkpt>
      <trkpt lat="32.738038" lon="-16.848930">
        <ele>856.4</ele>
        <time>2025-02-15T18:34:41.000Z</time>
        <sat>8</sat>
      </trkpt>
      <trkpt lat="32.738107" lon="-16.848850">
        <ele>855.0</ele>
        <time>2025-02-15T18:34:45.000Z</time>
        <sat>8</sat>
      </trkpt>
      <trkpt lat="32.738178" lon="-16.848785">
        <ele>853.1</ele>
        <time>2025-02-15T18:34:49.000Z</time>
        <sat>8</sat>
      </trkpt>
      <trkpt lat="32.738258" lon="-16.848733">
        <ele>851.5</ele>
        <time>2025-02-15T18:34:54.000Z</time>
        <sat>8</sat>
      </trkpt>
      <trkpt lat="32.738357" lon="-16.848738">
        <ele>849.3</ele>
        <time>2025-02-15T18:34:59.000Z</time>
        <sat>8</sat>
      </trkpt>
      <trkpt lat="32.738450" lon="-16.848783">
        <ele>845.7</ele>
        <time>2025-02-15T18:35:08.000Z</time>
        <sat>8</sat>
      </trkpt>
      <trkpt lat="32.738543" lon="-16.848788">
        <ele>843.0</ele>
        <time>2025-02-15T18:35:18.000Z</time>
        <sat>7</sat>
      </trkpt>
      <trkpt lat="32.738647" lon="-16.848778">
        <ele>840.8</ele>
        <time>2025-02-15T18:35:24.000Z</time>
        <sat>7</sat>
      </trkpt>
      <trkpt lat="32.738748" lon="-16.848770">
        <ele>838.5</ele>
        <time>2025-02-15T18:35:31.000Z</time>
        <sat>7</sat>
      </trkpt>
      <trkpt lat="32.738823" lon="-16.848703">
        <ele>836.2</ele>
        <time>2025-02-15T18:35:39.000Z</time>
        <sat>8</sat>
      </trkpt>
      <trkpt lat="32.738848" lon="-16.848593">
        <ele>834.6</ele>
        <time>2025-02-15T18:35:48.000Z</time>
        <sat>7</sat>
      </trkpt>
      <trkpt lat="32.738852" lon="-16.848458">
        <ele>833.7</ele>
        <time>2025-02-15T18:35:53.000Z</time>
        <sat>8</sat>
      </trkpt>
      <trkpt lat="32.738860" lon="-16.848318">
        <ele>832.9</ele>
        <time>2025-02-15T18:35:57.000Z</time>
        <sat>8</sat>
      </trkpt>
      <trkpt lat="32.738860" lon="-16.848205">
        <ele>832.1</ele>
        <time>2025-02-15T18:36:01.000Z</time>
        <sat>8</sat>
      </trkpt>
      <trkpt lat="32.738888" lon="-16.848083">
        <ele>830.8</ele>
        <time>2025-02-15T18:36:06.000Z</time>
        <sat>10</sat>
      </trkpt>
      <trkpt lat="32.738945" lon="-16.847993">
        <ele>830.1</ele>
        <time>2025-02-15T18:36:10.000Z</time>
        <sat>10</sat>
      </trkpt>
      <trkpt lat="32.739008" lon="-16.847915">
        <ele>828.9</ele>
        <time>2025-02-15T18:36:15.000Z</time>
        <sat>9</sat>
      </trkpt>
      <trkpt lat="32.739098" lon="-16.847855">
        <ele>828.4</ele>
        <time>2025-02-15T18:36:20.000Z</time>
        <sat>8</sat>
      </trkpt>
      <trkpt lat="32.739193" lon="-16.847813">
        <ele>827.2</ele>
        <time>2025-02-15T18:36:28.000Z</time>
        <sat>8</sat>
      </trkpt>
      <trkpt lat="32.739247" lon="-16.847723">
        <ele>825.1</ele>
        <time>2025-02-15T18:36:38.000Z</time>
        <sat>8</sat>
      </trkpt>
      <trkpt lat="32.739282" lon="-16.847618">
        <ele>821.4</ele>
        <time>2025-02-15T18:36:50.000Z</time>
        <sat>8</sat>
      </trkpt>
      <trkpt lat="32.739312" lon="-16.847517">
        <ele>818.6</ele>
        <time>2025-02-15T18:37:00.000Z</time>
        <sat>8</sat>
      </trkpt>
      <trkpt lat="32.739335" lon="-16.847410">
        <ele>816.7</ele>
        <time>2025-02-15T18:37:06.000Z</time>
        <sat>8</sat>
      </trkpt>
      <trkpt lat="32.739367" lon="-16.847297">
        <ele>814.9</ele>
        <time>2025-02-15T18:37:12.000Z</time>
        <sat>8</sat>
      </trkpt>
      <trkpt lat="32.739407" lon="-16.847185">
        <ele>812.7</ele>
        <time>2025-02-15T18:37:18.000Z</time>
        <sat>8</sat>
      </trkpt>
      <trkpt lat="32.739452" lon="-16.847078">
        <ele>809.6</ele>
        <time>2025-02-15T18:37:27.000Z</time>
        <sat>8</sat>
      </trkpt>
      <trkpt lat="32.739473" lon="-16.846962">
        <ele>807.3</ele>
        <time>2025-02-15T18:37:35.000Z</time>
        <sat>8</sat>
      </trkpt>
      <trkpt lat="32.739510" lon="-16.846863">
        <ele>804.5</ele>
        <time>2025-02-15T18:37:41.000Z</time>
        <sat>8</sat>
      </trkpt>
      <trkpt lat="32.739550" lon="-16.846745">
        <ele>802.2</ele>
        <time>2025-02-15T18:37:47.000Z</time>
        <sat>8</sat>
      </trkpt>
      <trkpt lat="32.739587" lon="-16.846635">
        <ele>800.9</ele>
        <time>2025-02-15T18:37:51.000Z</time>
        <sat>8</sat>
      </trkpt>
      <trkpt lat="32.739623" lon="-16.846522">
        <ele>799.2</ele>
        <time>2025-02-15T18:37:56.000Z</time>
        <sat>9</sat>
      </trkpt>
      <trkpt lat="32.739673" lon="-16.846422">
        <ele>797.7</ele>
        <time>2025-02-15T18:38:02.000Z</time>
        <sat>9</sat>
      </trkpt>
      <trkpt lat="32.739728" lon="-16.846332">
        <ele>794.9</ele>
        <time>2025-02-15T18:38:08.000Z</time>
        <sat>9</sat>
      </trkpt>
      <trkpt lat="32.739768" lon="-16.846227">
        <ele>791.6</ele>
        <time>2025-02-15T18:38:16.000Z</time>
        <sat>9</sat>
      </trkpt>
      <trkpt lat="32.739818" lon="-16.846128">
        <ele>789.9</ele>
        <time>2025-02-15T18:38:23.000Z</time>
        <sat>9</sat>
      </trkpt>
      <trkpt lat="32.739858" lon="-16.846022">
        <ele>788.2</ele>
        <time>2025-02-15T18:38:29.000Z</time>
        <sat>9</sat>
      </trkpt>
      <trkpt lat="32.739898" lon="-16.845915">
        <ele>786.4</ele>
        <time>2025-02-15T18:38:35.000Z</time>
        <sat>10</sat>
      </trkpt>
      <trkpt lat="32.739940" lon="-16.845805">
        <ele>784.6</ele>
        <time>2025-02-15T18:38:42.000Z</time>
        <sat>10</sat>
      </trkpt>
      <trkpt lat="32.739995" lon="-16.845698">
        <ele>783.2</ele>
        <time>2025-02-15T18:38:49.000Z</time>
        <sat>10</sat>
      </trkpt>
      <trkpt lat="32.740062" lon="-16.845603">
        <ele>782.4</ele>
        <time>2025-02-15T18:38:55.000Z</time>
        <sat>8</sat>
      </trkpt>
      <trkpt lat="32.740113" lon="-16.845512">
        <ele>780.4</ele>
        <time>2025-02-15T18:39:03.000Z</time>
        <sat>8</sat>
      </trkpt>
      <trkpt lat="32.740113" lon="-16.845393">
        <ele>777.6</ele>
        <time>2025-02-15T18:39:14.000Z</time>
        <sat>8</sat>
      </trkpt>
      <trkpt lat="32.740143" lon="-16.845292">
        <ele>775.5</ele>
        <time>2025-02-15T18:39:23.000Z</time>
        <sat>8</sat>
      </trkpt>
      <trkpt lat="32.740212" lon="-16.845220">
        <ele>773.0</ele>
        <time>2025-02-15T18:39:34.000Z</time>
        <sat>8</sat>
      </trkpt>
      <trkpt lat="32.740290" lon="-16.845165">
        <ele>770.5</ele>
        <time>2025-02-15T18:39:44.000Z</time>
        <sat>9</sat>
      </trkpt>
      <trkpt lat="32.740343" lon="-16.845077">
        <ele>768.0</ele>
        <time>2025-02-15T18:39:54.000Z</time>
        <sat>9</sat>
      </trkpt>
      <trkpt lat="32.740417" lon="-16.844992">
        <ele>765.5</ele>
        <time>2025-02-15T18:40:04.000Z</time>
        <sat>10</sat>
      </trkpt>
      <trkpt lat="32.740493" lon="-16.844930">
        <ele>763.9</ele>
        <time>2025-02-15T18:40:11.000Z</time>
        <sat>10</sat>
      </trkpt>
      <trkpt lat="32.740573" lon="-16.844880">
        <ele>762.4</ele>
        <time>2025-02-15T18:40:16.000Z</time>
        <sat>10</sat>
      </trkpt>
      <trkpt lat="32.740658" lon="-16.844833">
        <ele>760.9</ele>
        <time>2025-02-15T18:40:22.000Z</time>
        <sat>10</sat>
      </trkpt>
      <trkpt lat="32.740740" lon="-16.844773">
        <ele>759.5</ele>
        <time>2025-02-15T18:40:29.000Z</time>
        <sat>10</sat>
      </trkpt>
      <trkpt lat="32.740820" lon="-16.844723">
        <ele>757.9</ele>
        <time>2025-02-15T18:40:37.000Z</time>
        <sat>10</sat>
      </trkpt>
      <trkpt lat="32.740920" lon="-16.844685">
        <ele>757.1</ele>
        <time>2025-02-15T18:40:41.000Z</time>
        <sat>10</sat>
      </trkpt>
      <trkpt lat="32.741048" lon="-16.844630">
        <ele>755.8</ele>
        <time>2025-02-15T18:40:45.000Z</time>
        <sat>10</sat>
      </trkpt>
      <trkpt lat="32.741158" lon="-16.844572">
        <ele>754.6</ele>
        <time>2025-02-15T18:40:48.000Z</time>
        <sat>10</sat>
      </trkpt>
      <trkpt lat="32.741243" lon="-16.844495">
        <ele>753.8</ele>
        <time>2025-02-15T18:40:52.000Z</time>
        <sat>10</sat>
      </trkpt>
      <trkpt lat="32.741308" lon="-16.844398">
        <ele>753.2</ele>
        <time>2025-02-15T18:40:56.000Z</time>
        <sat>10</sat>
      </trkpt>
      <trkpt lat="32.741362" lon="-16.844275">
        <ele>752.5</ele>
        <time>2025-02-15T18:41:00.000Z</time>
        <sat>10</sat>
      </trkpt>
      <trkpt lat="32.741402" lon="-16.844157">
        <ele>751.8</ele>
        <time>2025-02-15T18:41:04.000Z</time>
        <sat>9</sat>
      </trkpt>
      <trkpt lat="32.741442" lon="-16.844028">
        <ele>751.2</ele>
        <time>2025-02-15T18:41:08.000Z</time>
        <sat>9</sat>
      </trkpt>
      <trkpt lat="32.741488" lon="-16.843922">
        <ele>750.7</ele>
        <time>2025-02-15T18:41:12.000Z</time>
        <sat>9</sat>
      </trkpt>
      <trkpt lat="32.741528" lon="-16.843800">
        <ele>750.7</ele>
        <time>2025-02-15T18:41:16.000Z</time>
        <sat>8</sat>
      </trkpt>
      <trkpt lat="32.741555" lon="-16.843672">
        <ele>750.7</ele>
        <time>2025-02-15T18:41:20.000Z</time>
        <sat>8</sat>
      </trkpt>
      <trkpt lat="32.741578" lon="-16.843547">
        <ele>750.5</ele>
        <time>2025-02-15T18:41:24.000Z</time>
        <sat>8</sat>
      </trkpt>
      <trkpt lat="32.741622" lon="-16.843418">
        <ele>750.1</ele>
        <time>2025-02-15T18:41:28.000Z</time>
        <sat>9</sat>
      </trkpt>
      <trkpt lat="32.741697" lon="-16.843317">
        <ele>749.9</ele>
        <time>2025-02-15T18:41:32.000Z</time>
        <sat>9</sat>
      </trkpt>
      <trkpt lat="32.741765" lon="-16.843215">
        <ele>750.0</ele>
        <time>2025-02-15T18:41:36.000Z</time>
        <sat>9</sat>
      </trkpt>
      <trkpt lat="32.741838" lon="-16.843138">
        <ele>750.0</ele>
        <time>2025-02-15T18:41:39.000Z</time>
        <sat>9</sat>
      </trkpt>
      <trkpt lat="32.741915" lon="-16.843072">
        <ele>749.7</ele>
        <time>2025-02-15T18:41:42.000Z</time>
        <sat>9</sat>
      </trkpt>
      <trkpt lat="32.741995" lon="-16.843018">
        <ele>749.1</ele>
        <time>2025-02-15T18:41:45.000Z</time>
        <sat>9</sat>
      </trkpt>
      <trkpt lat="32.742077" lon="-16.842958">
        <ele>748.4</ele>
        <time>2025-02-15T18:41:48.000Z</time>
        <sat>9</sat>
      </trkpt>
      <trkpt lat="32.742172" lon="-16.842875">
        <ele>747.5</ele>
        <time>2025-02-15T18:41:52.000Z</time>
        <sat>9</sat>
      </trkpt>
      <trkpt lat="32.742243" lon="-16.842783">
        <ele>746.7</ele>
        <time>2025-02-15T18:41:56.000Z</time>
        <sat>8</sat>
      </trkpt>
      <trkpt lat="32.742290" lon="-16.842682">
        <ele>746.0</ele>
        <time>2025-02-15T18:42:00.000Z</time>
        <sat>9</sat>
      </trkpt>
      <trkpt lat="32.742317" lon="-16.842558">
        <ele>745.4</ele>
        <time>2025-02-15T18:42:04.000Z</time>
        <sat>9</sat>
      </trkpt>
      <trkpt lat="32.742358" lon="-16.842447">
        <ele>744.7</ele>
        <time>2025-02-15T18:42:08.000Z</time>
        <sat>9</sat>
      </trkpt>
      <trkpt lat="32.742367" lon="-16.842330">
        <ele>744.0</ele>
        <time>2025-02-15T18:42:12.000Z</time>
        <sat>9</sat>
      </trkpt>
      <trkpt lat="32.742400" lon="-16.842213">
        <ele>743.4</ele>
        <time>2025-02-15T18:42:16.000Z</time>
        <sat>9</sat>
      </trkpt>
      <trkpt lat="32.742440" lon="-16.842100">
        <ele>742.6</ele>
        <time>2025-02-15T18:42:20.000Z</time>
        <sat>9</sat>
      </trkpt>
      <trkpt lat="32.742508" lon="-16.841998">
        <ele>741.8</ele>
        <time>2025-02-15T18:42:24.000Z</time>
        <sat>9</sat>
      </trkpt>
      <trkpt lat="32.742568" lon="-16.841918">
        <ele>741.0</ele>
        <time>2025-02-15T18:42:28.000Z</time>
        <sat>8</sat>
      </trkpt>
      <trkpt lat="32.742672" lon="-16.841877">
        <ele>739.9</ele>
        <time>2025-02-15T18:42:32.000Z</time>
        <sat>8</sat>
      </trkpt>
      <trkpt lat="32.742778" lon="-16.841837">
        <ele>739.3</ele>
        <time>2025-02-15T18:42:36.000Z</time>
        <sat>8</sat>
      </trkpt>
      <trkpt lat="32.742878" lon="-16.841807">
        <ele>738.4</ele>
        <time>2025-02-15T18:42:40.000Z</time>
        <sat>8</sat>
      </trkpt>
      <trkpt lat="32.742978" lon="-16.841780">
        <ele>737.3</ele>
        <time>2025-02-15T18:42:44.000Z</time>
        <sat>8</sat>
      </trkpt>
      <trkpt lat="32.743090" lon="-16.841782">
        <ele>736.4</ele>
        <time>2025-02-15T18:42:48.000Z</time>
        <sat>8</sat>
      </trkpt>
      <trkpt lat="32.743198" lon="-16.841748">
        <ele>735.3</ele>
        <time>2025-02-15T18:42:52.000Z</time>
        <sat>8</sat>
      </trkpt>
      <trkpt lat="32.743287" lon="-16.841693">
        <ele>734.5</ele>
        <time>2025-02-15T18:42:56.000Z</time>
        <sat>9</sat>
      </trkpt>
      <trkpt lat="32.743375" lon="-16.841623">
        <ele>733.9</ele>
        <time>2025-02-15T18:43:00.000Z</time>
        <sat>8</sat>
      </trkpt>
      <trkpt lat="32.743458" lon="-16.841552">
        <ele>733.3</ele>
        <time>2025-02-15T18:43:04.000Z</time>
        <sat>8</sat>
      </trkpt>
      <trkpt lat="32.743537" lon="-16.841492">
        <ele>732.5</ele>
        <time>2025-02-15T18:43:08.000Z</time>
        <sat>11</sat>
      </trkpt>
      <trkpt lat="32.743605" lon="-16.841410">
        <ele>731.5</ele>
        <time>2025-02-15T18:43:12.000Z</time>
        <sat>11</sat>
      </trkpt>
      <trkpt lat="32.743648" lon="-16.841315">
        <ele>730.1</ele>
        <time>2025-02-15T18:43:17.000Z</time>
        <sat>11</sat>
      </trkpt>
      <trkpt lat="32.743667" lon="-16.841185">
        <ele>729.4</ele>
        <time>2025-02-15T18:43:21.000Z</time>
        <sat>11</sat>
      </trkpt>
      <trkpt lat="32.743687" lon="-16.841053">
        <ele>728.7</ele>
        <time>2025-02-15T18:43:25.000Z</time>
        <sat>10</sat>
      </trkpt>
      <trkpt lat="32.743697" lon="-16.840923">
        <ele>727.5</ele>
        <time>2025-02-15T18:43:29.000Z</time>
        <sat>11</sat>
      </trkpt>
      <trkpt lat="32.743693" lon="-16.840800">
        <ele>726.5</ele>
        <time>2025-02-15T18:43:33.000Z</time>
        <sat>9</sat>
      </trkpt>
      <trkpt lat="32.743702" lon="-16.840687">
        <ele>725.5</ele>
        <time>2025-02-15T18:43:37.000Z</time>
        <sat>9</sat>
      </trkpt>
      <trkpt lat="32.743708" lon="-16.840560">
        <ele>723.9</ele>
        <time>2025-02-15T18:43:42.000Z</time>
        <sat>9</sat>
      </trkpt>
      <trkpt lat="32.743733" lon="-16.840428">
        <ele>722.5</ele>
        <time>2025-02-15T18:43:47.000Z</time>
        <sat>9</sat>
      </trkpt>
      <trkpt lat="32.743762" lon="-16.840298">
        <ele>721.3</ele>
        <time>2025-02-15T18:43:52.000Z</time>
        <sat>9</sat>
      </trkpt>
      <trkpt lat="32.743795" lon="-16.840173">
        <ele>719.7</ele>
        <time>2025-02-15T18:43:57.000Z</time>
        <sat>9</sat>
      </trkpt>
      <trkpt lat="32.743807" lon="-16.840063">
        <ele>718.5</ele>
        <time>2025-02-15T18:44:01.000Z</time>
        <sat>9</sat>
      </trkpt>
      <trkpt lat="32.743822" lon="-16.839947">
        <ele>717.1</ele>
        <time>2025-02-15T18:44:05.000Z</time>
        <sat>9</sat>
      </trkpt>
      <trkpt lat="32.743807" lon="-16.839823">
        <ele>715.7</ele>
        <time>2025-02-15T18:44:09.000Z</time>
        <sat>10</sat>
      </trkpt>
      <trkpt lat="32.743795" lon="-16.839707">
        <ele>714.4</ele>
        <time>2025-02-15T18:44:13.000Z</time>
        <sat>10</sat>
      </trkpt>
      <trkpt lat="32.743793" lon="-16.839590">
        <ele>713.4</ele>
        <time>2025-02-15T18:44:17.000Z</time>
        <sat>10</sat>
      </trkpt>
      <trkpt lat="32.743818" lon="-16.839485">
        <ele>712.1</ele>
        <time>2025-02-15T18:44:21.000Z</time>
        <sat>10</sat>
      </trkpt>
      <trkpt lat="32.743923" lon="-16.839423">
        <ele>710.8</ele>
        <time>2025-02-15T18:44:26.000Z</time>
        <sat>10</sat>
      </trkpt>
      <trkpt lat="32.744028" lon="-16.839368">
        <ele>709.5</ele>
        <time>2025-02-15T18:44:30.000Z</time>
        <sat>10</sat>
      </trkpt>
      <trkpt lat="32.744133" lon="-16.839303">
        <ele>708.2</ele>
        <time>2025-02-15T18:44:34.000Z</time>
        <sat>10</sat>
      </trkpt>
      <trkpt lat="32.744235" lon="-16.839235">
        <ele>707.0</ele>
        <time>2025-02-15T18:44:38.000Z</time>
        <sat>11</sat>
      </trkpt>
      <trkpt lat="32.744332" lon="-16.839210">
        <ele>706.1</ele>
        <time>2025-02-15T18:44:41.000Z</time>
        <sat>11</sat>
      </trkpt>
      <trkpt lat="32.744413" lon="-16.839138">
        <ele>705.1</ele>
        <time>2025-02-15T18:44:45.000Z</time>
        <sat>11</sat>
      </trkpt>
      <trkpt lat="32.744483" lon="-16.839060">
        <ele>704.7</ele>
        <time>2025-02-15T18:44:49.000Z</time>
        <sat>11</sat>
      </trkpt>
      <trkpt lat="32.744545" lon="-16.838957">
        <ele>704.3</ele>
        <time>2025-02-15T18:44:54.000Z</time>
        <sat>11</sat>
      </trkpt>
      <trkpt lat="32.744568" lon="-16.838850">
        <ele>703.9</ele>
        <time>2025-02-15T18:44:58.000Z</time>
        <sat>11</sat>
      </trkpt>
      <trkpt lat="32.744578" lon="-16.838737">
        <ele>703.4</ele>
        <time>2025-02-15T18:45:02.000Z</time>
        <sat>11</sat>
      </trkpt>
      <trkpt lat="32.744598" lon="-16.838615">
        <ele>703.2</ele>
        <time>2025-02-15T18:45:06.000Z</time>
        <sat>11</sat>
      </trkpt>
      <trkpt lat="32.744618" lon="-16.838492">
        <ele>703.3</ele>
        <time>2025-02-15T18:45:10.000Z</time>
        <sat>10</sat>
      </trkpt>
      <trkpt lat="32.744648" lon="-16.838405">
        <ele>703.3</ele>
        <time>2025-02-15T18:45:15.000Z</time>
        <sat>11</sat>
      </trkpt>
      <trkpt lat="32.744648" lon="-16.838402">
        <ele>703.3</ele>
        <time>2025-02-15T18:45:16.000Z</time>
        <sat>11</sat>
      </trkpt>
      <trkpt lat="32.744657" lon="-16.838293">
        <ele>703.2</ele>
        <time>2025-02-15T18:45:26.000Z</time>
        <sat>11</sat>
      </trkpt>
      <trkpt lat="32.744673" lon="-16.838185">
        <ele>703.3</ele>
        <time>2025-02-15T18:45:33.000Z</time>
        <sat>9</sat>
      </trkpt>
      <trkpt lat="32.744715" lon="-16.838078">
        <ele>703.3</ele>
        <time>2025-02-15T18:45:41.000Z</time>
        <sat>10</sat>
      </trkpt>
      <trkpt lat="32.744738" lon="-16.837970">
        <ele>703.3</ele>
        <time>2025-02-15T18:45:47.000Z</time>
        <sat>9</sat>
      </trkpt>
      <trkpt lat="32.744772" lon="-16.837850">
        <ele>703.3</ele>
        <time>2025-02-15T18:45:52.000Z</time>
        <sat>9</sat>
      </trkpt>
      <trkpt lat="32.744805" lon="-16.837750">
        <ele>703.1</ele>
        <time>2025-02-15T18:45:57.000Z</time>
        <sat>9</sat>
      </trkpt>
      <trkpt lat="32.744837" lon="-16.837637">
        <ele>703.0</ele>
        <time>2025-02-15T18:46:08.000Z</time>
        <sat>9</sat>
      </trkpt>
      <trkpt lat="32.744885" lon="-16.837543">
        <ele>703.0</ele>
        <time>2025-02-15T18:46:15.000Z</time>
        <sat>9</sat>
      </trkpt>
      <trkpt lat="32.744942" lon="-16.837450">
        <ele>702.8</ele>
        <time>2025-02-15T18:46:24.000Z</time>
        <sat>9</sat>
      </trkpt>
      <trkpt lat="32.744987" lon="-16.837348">
        <ele>702.9</ele>
        <time>2025-02-15T18:46:29.000Z</time>
        <sat>9</sat>
      </trkpt>
      <trkpt lat="32.745040" lon="-16.837252">
        <ele>703.0</ele>
        <time>2025-02-15T18:46:33.000Z</time>
        <sat>9</sat>
      </trkpt>
      <trkpt lat="32.745097" lon="-16.837158">
        <ele>703.0</ele>
        <time>2025-02-15T18:46:37.000Z</time>
        <sat>9</sat>
      </trkpt>
      <trkpt lat="32.745158" lon="-16.837060">
        <ele>703.0</ele>
        <time>2025-02-15T18:46:42.000Z</time>
        <sat>9</sat>
      </trkpt>
      <trkpt lat="32.745255" lon="-16.837005">
        <ele>703.1</ele>
        <time>2025-02-15T18:46:48.000Z</time>
        <sat>9</sat>
      </trkpt>
      <trkpt lat="32.745347" lon="-16.836983">
        <ele>703.2</ele>
        <time>2025-02-15T18:46:51.000Z</time>
        <sat>9</sat>
      </trkpt>
      <trkpt lat="32.745450" lon="-16.836972">
        <ele>703.1</ele>
        <time>2025-02-15T18:46:53.000Z</time>
        <sat>9</sat>
      </trkpt>
      <trkpt lat="32.745542" lon="-16.836962">
        <ele>703.1</ele>
        <time>2025-02-15T18:46:56.000Z</time>
        <sat>10</sat>
      </trkpt>
      <trkpt lat="32.745655" lon="-16.836963">
        <ele>703.0</ele>
        <time>2025-02-15T18:47:00.000Z</time>
        <sat>10</sat>
      </trkpt>
      <trkpt lat="32.745753" lon="-16.836968">
        <ele>702.9</ele>
        <time>2025-02-15T18:47:04.000Z</time>
        <sat>9</sat>
      </trkpt>
      <trkpt lat="32.745862" lon="-16.836972">
        <ele>702.6</ele>
        <time>2025-02-15T18:47:09.000Z</time>
        <sat>9</sat>
      </trkpt>
      <trkpt lat="32.745965" lon="-16.836978">
        <ele>701.7</ele>
        <time>2025-02-15T18:47:14.000Z</time>
        <sat>9</sat>
      </trkpt>
      <trkpt lat="32.746073" lon="-16.837018">
        <ele>700.4</ele>
        <time>2025-02-15T18:47:19.000Z</time>
        <sat>9</sat>
      </trkpt>
      <trkpt lat="32.746185" lon="-16.837010">
        <ele>698.6</ele>
        <time>2025-02-15T18:47:24.000Z</time>
        <sat>9</sat>
      </trkpt>
      <trkpt lat="32.746235" lon="-16.836907">
        <ele>697.5</ele>
        <time>2025-02-15T18:47:29.000Z</time>
        <sat>10</sat>
      </trkpt>
      <trkpt lat="32.746272" lon="-16.836798">
        <ele>695.9</ele>
        <time>2025-02-15T18:47:35.000Z</time>
        <sat>10</sat>
      </trkpt>
      <trkpt lat="32.746263" lon="-16.836692">
        <ele>694.7</ele>
        <time>2025-02-15T18:47:42.000Z</time>
        <sat>9</sat>
      </trkpt>
      <trkpt lat="32.746255" lon="-16.836577">
        <ele>693.2</ele>
        <time>2025-02-15T18:47:50.000Z</time>
        <sat>9</sat>
      </trkpt>
      <trkpt lat="32.746257" lon="-16.836453">
        <ele>691.6</ele>
        <time>2025-02-15T18:47:56.000Z</time>
        <sat>9</sat>
      </trkpt>
      <trkpt lat="32.746262" lon="-16.836342">
        <ele>690.9</ele>
        <time>2025-02-15T18:48:03.000Z</time>
        <sat>9</sat>
      </trkpt>
      <trkpt lat="32.746258" lon="-16.836202">
        <ele>690.1</ele>
        <time>2025-02-15T18:48:08.000Z</time>
        <sat>9</sat>
      </trkpt>
      <trkpt lat="32.746232" lon="-16.836080">
        <ele>689.5</ele>
        <time>2025-02-15T18:48:13.000Z</time>
        <sat>9</sat>
      </trkpt>
      <trkpt lat="32.746188" lon="-16.835983">
        <ele>689.1</ele>
        <time>2025-02-15T18:48:18.000Z</time>
        <sat>9</sat>
      </trkpt>
      <trkpt lat="32.746133" lon="-16.835897">
        <ele>688.4</ele>
        <time>2025-02-15T18:48:24.000Z</time>
        <sat>10</sat>
      </trkpt>
      <trkpt lat="32.746092" lon="-16.835788">
        <ele>687.9</ele>
        <time>2025-02-15T18:48:32.000Z</time>
        <sat>10</sat>
      </trkpt>
      <trkpt lat="32.746083" lon="-16.835665">
        <ele>687.3</ele>
        <time>2025-02-15T18:48:38.000Z</time>
        <sat>10</sat>
      </trkpt>
      <trkpt lat="32.746007" lon="-16.835600">
        <ele>686.7</ele>
        <time>2025-02-15T18:48:43.000Z</time>
        <sat>10</sat>
      </trkpt>
      <trkpt lat="32.745907" lon="-16.835578">
        <ele>686.4</ele>
        <time>2025-02-15T18:48:50.000Z</time>
        <sat>10</sat>
      </trkpt>
      <trkpt lat="32.745820" lon="-16.835502">
        <ele>685.7</ele>
        <time>2025-02-15T18:48:59.000Z</time>
        <sat>9</sat>
      </trkpt>
      <trkpt lat="32.745733" lon="-16.835453">
        <ele>685.4</ele>
        <time>2025-02-15T18:49:03.000Z</time>
        <sat>9</sat>
      </trkpt>
      <trkpt lat="32.745628" lon="-16.835412">
        <ele>685.4</ele>
        <time>2025-02-15T18:49:07.000Z</time>
        <sat>8</sat>
      </trkpt>
      <trkpt lat="32.745547" lon="-16.835327">
        <ele>685.2</ele>
        <time>2025-02-15T18:49:12.000Z</time>
        <sat>8</sat>
      </trkpt>
      <trkpt lat="32.745497" lon="-16.835217">
        <ele>684.9</ele>
        <time>2025-02-15T18:49:17.000Z</time>
        <sat>8</sat>
      </trkpt>
      <trkpt lat="32.745432" lon="-16.835138">
        <ele>684.8</ele>
        <time>2025-02-15T18:49:22.000Z</time>
        <sat>8</sat>
      </trkpt>
      <trkpt lat="32.745418" lon="-16.835022">
        <ele>684.3</ele>
        <time>2025-02-15T18:49:28.000Z</time>
        <sat>8</sat>
      </trkpt>
      <trkpt lat="32.745413" lon="-16.834910">
        <ele>683.9</ele>
        <time>2025-02-15T18:49:33.000Z</time>
        <sat>8</sat>
      </trkpt>
      <trkpt lat="32.745373" lon="-16.834795">
        <ele>683.6</ele>
        <time>2025-02-15T18:49:39.000Z</time>
        <sat>8</sat>
      </trkpt>
      <trkpt lat="32.745315" lon="-16.834693">
        <ele>683.4</ele>
        <time>2025-02-15T18:49:44.000Z</time>
        <sat>8</sat>
      </trkpt>
      <trkpt lat="32.745267" lon="-16.834600">
        <ele>683.2</ele>
        <time>2025-02-15T18:49:48.000Z</time>
        <sat>8</sat>
      </trkpt>
      <trkpt lat="32.745215" lon="-16.834488">
        <ele>683.0</ele>
        <time>2025-02-15T18:49:53.000Z</time>
        <sat>7</sat>
      </trkpt>
      <trkpt lat="32.745152" lon="-16.834372">
        <ele>682.8</ele>
        <time>2025-02-15T18:49:58.000Z</time>
        <sat>7</sat>
      </trkpt>
      <trkpt lat="32.745103" lon="-16.834270">
        <ele>682.6</ele>
        <time>2025-02-15T18:50:03.000Z</time>
        <sat>7</sat>
      </trkpt>
      <trkpt lat="32.745053" lon="-16.834158">
        <ele>682.2</ele>
        <time>2025-02-15T18:50:08.000Z</time>
        <sat>7</sat>
      </trkpt>
      <trkpt lat="32.745070" lon="-16.834038">
        <ele>681.5</ele>
        <time>2025-02-15T18:50:14.000Z</time>
        <sat>8</sat>
      </trkpt>
      <trkpt lat="32.745075" lon="-16.833918">
        <ele>681.3</ele>
        <time>2025-02-15T18:50:18.000Z</time>
        <sat>8</sat>
      </trkpt>
      <trkpt lat="32.745073" lon="-16.833810">
        <ele>681.0</ele>
        <time>2025-02-15T18:50:22.000Z</time>
        <sat>8</sat>
      </trkpt>
      <trkpt lat="32.745052" lon="-16.833693">
        <ele>680.6</ele>
        <time>2025-02-15T18:50:26.000Z</time>
        <sat>8</sat>
      </trkpt>
      <trkpt lat="32.745043" lon="-16.833585">
        <ele>680.2</ele>
        <time>2025-02-15T18:50:31.000Z</time>
        <sat>8</sat>
      </trkpt>
      <trkpt lat="32.745065" lon="-16.833470">
        <ele>679.6</ele>
        <time>2025-02-15T18:50:35.000Z</time>
        <sat>8</sat>
      </trkpt>
      <trkpt lat="32.745060" lon="-16.833360">
        <ele>679.2</ele>
        <time>2025-02-15T18:50:41.000Z</time>
        <sat>8</sat>
      </trkpt>
      <trkpt lat="32.745035" lon="-16.833247">
        <ele>678.8</ele>
        <time>2025-02-15T18:50:46.000Z</time>
        <sat>8</sat>
      </trkpt>
      <trkpt lat="32.745018" lon="-16.833140">
        <ele>678.1</ele>
        <time>2025-02-15T18:50:53.000Z</time>
        <sat>8</sat>
      </trkpt>
      <trkpt lat="32.745043" lon="-16.833033">
        <ele>677.6</ele>
        <time>2025-02-15T18:51:01.000Z</time>
        <sat>8</sat>
      </trkpt>
      <trkpt lat="32.745100" lon="-16.832895">
        <ele>677.2</ele>
        <time>2025-02-15T18:51:06.000Z</time>
        <sat>9</sat>
      </trkpt>
      <trkpt lat="32.745118" lon="-16.832777">
        <ele>676.9</ele>
        <time>2025-02-15T18:51:10.000Z</time>
        <sat>9</sat>
      </trkpt>
      <trkpt lat="32.745055" lon="-16.832697">
        <ele>676.6</ele>
        <time>2025-02-15T18:51:15.000Z</time>
        <sat>9</sat>
      </trkpt>
      <trkpt lat="32.744967" lon="-16.832663">
        <ele>676.4</ele>
        <time>2025-02-15T18:51:19.000Z</time>
        <sat>9</sat>
      </trkpt>
      <trkpt lat="32.744882" lon="-16.832593">
        <ele>675.8</ele>
        <time>2025-02-15T18:51:26.000Z</time>
        <sat>9</sat>
      </trkpt>
      <trkpt lat="32.744787" lon="-16.832537">
        <ele>675.4</ele>
        <time>2025-02-15T18:51:31.000Z</time>
        <sat>10</sat>
      </trkpt>
      <trkpt lat="32.744697" lon="-16.832485">
        <ele>674.9</ele>
        <time>2025-02-15T18:51:37.000Z</time>
        <sat>10</sat>
      </trkpt>
      <trkpt lat="32.744630" lon="-16.832398">
        <ele>674.3</ele>
        <time>2025-02-15T18:51:45.000Z</time>
        <sat>8</sat>
      </trkpt>
      <trkpt lat="32.744572" lon="-16.832303">
        <ele>674.0</ele>
        <time>2025-02-15T18:51:50.000Z</time>
        <sat>7</sat>
      </trkpt>
      <trkpt lat="32.744525" lon="-16.832197">
        <ele>673.6</ele>
        <time>2025-02-15T18:51:53.000Z</time>
        <sat>7</sat>
      </trkpt>
      <trkpt lat="32.744458" lon="-16.832112">
        <ele>672.9</ele>
        <time>2025-02-15T18:51:59.000Z</time>
        <sat>7</sat>
      </trkpt>
      <trkpt lat="32.744452" lon="-16.831983">
        <ele>672.6</ele>
        <time>2025-02-15T18:52:08.000Z</time>
        <sat>6</sat>
      </trkpt>
      <trkpt lat="32.744437" lon="-16.831872">
        <ele>672.3</ele>
        <time>2025-02-15T18:52:12.000Z</time>
        <sat>7</sat>
      </trkpt>
      <trkpt lat="32.744458" lon="-16.831747">
        <ele>671.7</ele>
        <time>2025-02-15T18:52:18.000Z</time>
        <sat>7</sat>
      </trkpt>
      <trkpt lat="32.744457" lon="-16.831615">
        <ele>671.2</ele>
        <time>2025-02-15T18:52:23.000Z</time>
        <sat>7</sat>
      </trkpt>
      <trkpt lat="32.744438" lon="-16.831507">
        <ele>670.8</ele>
        <time>2025-02-15T18:52:27.000Z</time>
        <sat>7</sat>
      </trkpt>
      <trkpt lat="32.744438" lon="-16.831390">
        <ele>670.3</ele>
        <time>2025-02-15T18:52:31.000Z</time>
        <sat>6</sat>
      </trkpt>
      <trkpt lat="32.744463" lon="-16.831278">
        <ele>669.9</ele>
        <time>2025-02-15T18:52:36.000Z</time>
        <sat>6</sat>
      </trkpt>
      <trkpt lat="32.744493" lon="-16.831170">
        <ele>669.5</ele>
        <time>2025-02-15T18:52:43.000Z</time>
        <sat>6</sat>
      </trkpt>
      <trkpt lat="32.744515" lon="-16.831060">
        <ele>668.5</ele>
        <time>2025-02-15T18:52:51.000Z</time>
        <sat>6</sat>
      </trkpt>
      <trkpt lat="32.744567" lon="-16.830957">
        <ele>667.9</ele>
        <time>2025-02-15T18:52:56.000Z</time>
        <sat>7</sat>
      </trkpt>
      <trkpt lat="32.744645" lon="-16.830892">
        <ele>667.0</ele>
        <time>2025-02-15T18:53:00.000Z</time>
        <sat>7</sat>
      </trkpt>
      <trkpt lat="32.744735" lon="-16.830878">
        <ele>666.8</ele>
        <time>2025-02-15T18:53:02.000Z</time>
        <sat>7</sat>
      </trkpt>
      <trkpt lat="32.744837" lon="-16.830860">
        <ele>666.6</ele>
        <time>2025-02-15T18:53:05.000Z</time>
        <sat>7</sat>
      </trkpt>
      <trkpt lat="32.744922" lon="-16.830813">
        <ele>666.2</ele>
        <time>2025-02-15T18:53:09.000Z</time>
        <sat>7</sat>
      </trkpt>
      <trkpt lat="32.744977" lon="-16.830720">
        <ele>665.9</ele>
        <time>2025-02-15T18:53:13.000Z</time>
        <sat>7</sat>
      </trkpt>
      <trkpt lat="32.745023" lon="-16.830608">
        <ele>665.7</ele>
        <time>2025-02-15T18:53:17.000Z</time>
        <sat>7</sat>
      </trkpt>
      <trkpt lat="32.745075" lon="-16.830507">
        <ele>665.3</ele>
        <time>2025-02-15T18:53:23.000Z</time>
        <sat>8</sat>
      </trkpt>
      <trkpt lat="32.745113" lon="-16.830402">
        <ele>664.8</ele>
        <time>2025-02-15T18:53:33.000Z</time>
        <sat>8</sat>
      </trkpt>
      <trkpt lat="32.745198" lon="-16.830325">
        <ele>664.4</ele>
        <time>2025-02-15T18:53:39.000Z</time>
        <sat>9</sat>
      </trkpt>
      <trkpt lat="32.745273" lon="-16.830228">
        <ele>664.1</ele>
        <time>2025-02-15T18:53:43.000Z</time>
        <sat>10</sat>
      </trkpt>
      <trkpt lat="32.745333" lon="-16.830117">
        <ele>663.6</ele>
        <time>2025-02-15T18:53:47.000Z</time>
        <sat>10</sat>
      </trkpt>
      <trkpt lat="32.745362" lon="-16.830007">
        <ele>663.1</ele>
        <time>2025-02-15T18:53:51.000Z</time>
        <sat>10</sat>
      </trkpt>
      <trkpt lat="32.745393" lon="-16.829905">
        <ele>662.8</ele>
        <time>2025-02-15T18:53:54.000Z</time>
        <sat>10</sat>
      </trkpt>
      <trkpt lat="32.745375" lon="-16.829782">
        <ele>662.4</ele>
        <time>2025-02-15T18:53:59.000Z</time>
        <sat>9</sat>
      </trkpt>
      <trkpt lat="32.745293" lon="-16.829718">
        <ele>661.1</ele>
        <time>2025-02-15T18:54:06.000Z</time>
        <sat>9</sat>
      </trkpt>
      <trkpt lat="32.745238" lon="-16.829628">
        <ele>658.4</ele>
        <time>2025-02-15T18:54:22.000Z</time>
        <sat>9</sat>
      </trkpt>
      <trkpt lat="32.745197" lon="-16.829528">
        <ele>654.9</ele>
        <time>2025-02-15T18:54:37.000Z</time>
        <sat>9</sat>
      </trkpt>
      <trkpt lat="32.745177" lon="-16.829423">
        <ele>652.2</ele>
        <time>2025-02-15T18:54:47.000Z</time>
        <sat>9</sat>
      </trkpt>
      <trkpt lat="32.745173" lon="-16.829382">
        <ele>649.8</ele>
        <time>2025-02-15T18:54:53.000Z</time>
        <sat>8</sat>
      </trkpt>
      <trkpt lat="32.745170" lon="-16.829375">
        <ele>649.4</ele>
        <time>2025-02-15T18:54:54.000Z</time>
        <sat>9</sat>
      </trkpt>
      <trkpt lat="32.745150" lon="-16.829267">
        <ele>648.3</ele>
        <time>2025-02-15T18:55:02.000Z</time>
        <sat>9</sat>
      </trkpt>
      <trkpt lat="32.745137" lon="-16.829158">
        <ele>647.9</ele>
        <time>2025-02-15T18:55:08.000Z</time>
        <sat>9</sat>
      </trkpt>
      <trkpt lat="32.745097" lon="-16.829053">
        <ele>647.6</ele>
        <time>2025-02-15T18:55:14.000Z</time>
        <sat>9</sat>
      </trkpt>
      <trkpt lat="32.745072" lon="-16.828945">
        <ele>646.2</ele>
        <time>2025-02-15T18:55:24.000Z</time>
        <sat>9</sat>
      </trkpt>
      <trkpt lat="32.745050" lon="-16.828830">
        <ele>645.0</ele>
        <time>2025-02-15T18:55:31.000Z</time>
        <sat>9</sat>
      </trkpt>
      <trkpt lat="32.745032" lon="-16.828713">
        <ele>643.4</ele>
        <time>2025-02-15T18:55:36.000Z</time>
        <sat>9</sat>
      </trkpt>
      <trkpt lat="32.745010" lon="-16.828575">
        <ele>642.5</ele>
        <time>2025-02-15T18:55:40.000Z</time>
        <sat>9</sat>
      </trkpt>
      <trkpt lat="32.744987" lon="-16.828470">
        <ele>641.8</ele>
        <time>2025-02-15T18:55:43.000Z</time>
        <sat>9</sat>
      </trkpt>
      <trkpt lat="32.744953" lon="-16.828343">
        <ele>641.2</ele>
        <time>2025-02-15T18:55:47.000Z</time>
        <sat>9</sat>
      </trkpt>
      <trkpt lat="32.744927" lon="-16.828233">
        <ele>640.5</ele>
        <time>2025-02-15T18:55:51.000Z</time>
        <sat>9</sat>
      </trkpt>
      <trkpt lat="32.744912" lon="-16.828115">
        <ele>639.8</ele>
        <time>2025-02-15T18:55:54.000Z</time>
        <sat>9</sat>
      </trkpt>
      <trkpt lat="32.744903" lon="-16.827997">
        <ele>638.4</ele>
        <time>2025-02-15T18:56:00.000Z</time>
        <sat>9</sat>
      </trkpt>
      <trkpt lat="32.744918" lon="-16.827875">
        <ele>636.5</ele>
        <time>2025-02-15T18:56:07.000Z</time>
        <sat>9</sat>
      </trkpt>
      <trkpt lat="32.744908" lon="-16.827763">
        <ele>634.8</ele>
        <time>2025-02-15T18:56:13.000Z</time>
        <sat>9</sat>
      </trkpt>
      <trkpt lat="32.744925" lon="-16.827647">
        <ele>633.2</ele>
        <time>2025-02-15T18:56:18.000Z</time>
        <sat>9</sat>
      </trkpt>
      <trkpt lat="32.744913" lon="-16.827533">
        <ele>631.1</ele>
        <time>2025-02-15T18:56:25.000Z</time>
        <sat>9</sat>
      </trkpt>
      <trkpt lat="32.744868" lon="-16.827437">
        <ele>629.5</ele>
        <time>2025-02-15T18:56:31.000Z</time>
        <sat>9</sat>
      </trkpt>
      <trkpt lat="32.744948" lon="-16.827373">
        <ele>624.6</ele>
        <time>2025-02-15T18:56:48.000Z</time>
        <sat>9</sat>
      </trkpt>
      <trkpt lat="32.745040" lon="-16.827372">
        <ele>621.8</ele>
        <time>2025-02-15T18:56:57.000Z</time>
        <sat>9</sat>
      </trkpt>
      <trkpt lat="32.745118" lon="-16.827305">
        <ele>619.3</ele>
        <time>2025-02-15T18:57:07.000Z</time>
        <sat>9</sat>
      </trkpt>
      <trkpt lat="32.745175" lon="-16.827208">
        <ele>616.7</ele>
        <time>2025-02-15T18:57:16.000Z</time>
        <sat>9</sat>
      </trkpt>
      <trkpt lat="32.745222" lon="-16.827108">
        <ele>613.8</ele>
        <time>2025-02-15T18:57:25.000Z</time>
        <sat>9</sat>
      </trkpt>
      <trkpt lat="32.745263" lon="-16.827003">
        <ele>612.1</ele>
        <time>2025-02-15T18:57:31.000Z</time>
        <sat>9</sat>
      </trkpt>
      <trkpt lat="32.745293" lon="-16.826895">
        <ele>610.3</ele>
        <time>2025-02-15T18:57:36.000Z</time>
        <sat>9</sat>
      </trkpt>
      <trkpt lat="32.745320" lon="-16.826782">
        <ele>608.6</ele>
        <time>2025-02-15T18:57:41.000Z</time>
        <sat>9</sat>
      </trkpt>
      <trkpt lat="32.745332" lon="-16.826672">
        <ele>606.1</ele>
        <time>2025-02-15T18:57:48.000Z</time>
        <sat>9</sat>
      </trkpt>
      <trkpt lat="32.745405" lon="-16.826597">
        <ele>600.5</ele>
        <time>2025-02-15T18:58:05.000Z</time>
        <sat>9</sat>
      </trkpt>
      <trkpt lat="32.745490" lon="-16.826548">
        <ele>597.3</ele>
        <time>2025-02-15T18:58:14.000Z</time>
        <sat>9</sat>
      </trkpt>
      <trkpt lat="32.745567" lon="-16.826533">
        <ele>593.0</ele>
        <time>2025-02-15T18:58:25.000Z</time>
        <sat>6</sat>
      </trkpt>
      <trkpt lat="32.745572" lon="-16.826532">
        <ele>592.1</ele>
        <time>2025-02-15T18:58:30.000Z</time>
        <sat>9</sat>
      </trkpt>
      <trkpt lat="32.745678" lon="-16.826507">
        <ele>590.7</ele>
        <time>2025-02-15T18:58:45.000Z</time>
        <sat>9</sat>
      </trkpt>
      <trkpt lat="32.745787" lon="-16.826488">
        <ele>590.2</ele>
        <time>2025-02-15T18:58:48.000Z</time>
        <sat>9</sat>
      </trkpt>
      <trkpt lat="32.745885" lon="-16.826473">
        <ele>589.2</ele>
        <time>2025-02-15T18:58:53.000Z</time>
        <sat>9</sat>
      </trkpt>
      <trkpt lat="32.745968" lon="-16.826425">
        <ele>587.8</ele>
        <time>2025-02-15T18:59:00.000Z</time>
        <sat>9</sat>
      </trkpt>
      <trkpt lat="32.746060" lon="-16.826368">
        <ele>586.1</ele>
        <time>2025-02-15T18:59:05.000Z</time>
        <sat>9</sat>
      </trkpt>
      <trkpt lat="32.746162" lon="-16.826337">
        <ele>585.2</ele>
        <time>2025-02-15T18:59:09.000Z</time>
        <sat>9</sat>
      </trkpt>
      <trkpt lat="32.746272" lon="-16.826303">
        <ele>584.3</ele>
        <time>2025-02-15T18:59:13.000Z</time>
        <sat>9</sat>
      </trkpt>
      <trkpt lat="32.746378" lon="-16.826265">
        <ele>583.2</ele>
        <time>2025-02-15T18:59:17.000Z</time>
        <sat>8</sat>
      </trkpt>
      <trkpt lat="32.746493" lon="-16.826248">
        <ele>582.1</ele>
        <time>2025-02-15T18:59:21.000Z</time>
        <sat>9</sat>
      </trkpt>
      <trkpt lat="32.746587" lon="-16.826233">
        <ele>581.4</ele>
        <time>2025-02-15T18:59:24.000Z</time>
        <sat>9</sat>
      </trkpt>
      <trkpt lat="32.746705" lon="-16.826210">
        <ele>580.4</ele>
        <time>2025-02-15T18:59:28.000Z</time>
        <sat>9</sat>
      </trkpt>
      <trkpt lat="32.746797" lon="-16.826183">
        <ele>579.7</ele>
        <time>2025-02-15T18:59:31.000Z</time>
        <sat>9</sat>
      </trkpt>
      <trkpt lat="32.746908" lon="-16.826142">
        <ele>578.5</ele>
        <time>2025-02-15T18:59:35.000Z</time>
        <sat>9</sat>
      </trkpt>
      <trkpt lat="32.747013" lon="-16.826093">
        <ele>577.6</ele>
        <time>2025-02-15T18:59:39.000Z</time>
        <sat>9</sat>
      </trkpt>
      <trkpt lat="32.747097" lon="-16.826043">
        <ele>576.6</ele>
        <time>2025-02-15T18:59:42.000Z</time>
        <sat>9</sat>
      </trkpt>
      <trkpt lat="32.747185" lon="-16.825958">
        <ele>575.9</ele>
        <time>2025-02-15T18:59:46.000Z</time>
        <sat>9</sat>
      </trkpt>
      <trkpt lat="32.747250" lon="-16.825852">
        <ele>575.3</ele>
        <time>2025-02-15T18:59:50.000Z</time>
        <sat>9</sat>
      </trkpt>
      <trkpt lat="32.747303" lon="-16.825752">
        <ele>574.8</ele>
        <time>2025-02-15T18:59:54.000Z</time>
        <sat>9</sat>
      </trkpt>
      <trkpt lat="32.747377" lon="-16.825650">
        <ele>574.4</ele>
        <time>2025-02-15T18:59:58.000Z</time>
        <sat>9</sat>
      </trkpt>
      <trkpt lat="32.747448" lon="-16.825547">
        <ele>574.0</ele>
        <time>2025-02-15T19:00:02.000Z</time>
        <sat>8</sat>
      </trkpt>
      <trkpt lat="32.747498" lon="-16.825448">
        <ele>573.7</ele>
        <time>2025-02-15T19:00:06.000Z</time>
        <sat>8</sat>
      </trkpt>
      <trkpt lat="32.747553" lon="-16.825362">
        <ele>573.3</ele>
        <time>2025-02-15T19:00:10.000Z</time>
        <sat>9</sat>
      </trkpt>
      <trkpt lat="32.747580" lon="-16.825228">
        <ele>573.0</ele>
        <time>2025-02-15T19:00:14.000Z</time>
        <sat>8</sat>
      </trkpt>
      <trkpt lat="32.747583" lon="-16.825095">
        <ele>572.6</ele>
        <time>2025-02-15T19:00:18.000Z</time>
        <sat>8</sat>
      </trkpt>
      <trkpt lat="32.747578" lon="-16.824968">
        <ele>572.4</ele>
        <time>2025-02-15T19:00:22.000Z</time>
        <sat>8</sat>
      </trkpt>
      <trkpt lat="32.747533" lon="-16.824873">
        <ele>572.2</ele>
        <time>2025-02-15T19:00:25.000Z</time>
        <sat>8</sat>
      </trkpt>
      <trkpt lat="32.747467" lon="-16.824758">
        <ele>571.9</ele>
        <time>2025-02-15T19:00:29.000Z</time>
        <sat>8</sat>
      </trkpt>
      <trkpt lat="32.747410" lon="-16.824648">
        <ele>571.7</ele>
        <time>2025-02-15T19:00:33.000Z</time>
        <sat>8</sat>
      </trkpt>
      <trkpt lat="32.747362" lon="-16.824537">
        <ele>571.6</ele>
        <time>2025-02-15T19:00:37.000Z</time>
        <sat>8</sat>
      </trkpt>
      <trkpt lat="32.747305" lon="-16.824440">
        <ele>571.5</ele>
        <time>2025-02-15T19:00:41.000Z</time>
        <sat>8</sat>
      </trkpt>
      <trkpt lat="32.747292" lon="-16.824322">
        <ele>571.3</ele>
        <time>2025-02-15T19:00:45.000Z</time>
        <sat>7</sat>
      </trkpt>
      <trkpt lat="32.747357" lon="-16.824243">
        <ele>571.2</ele>
        <time>2025-02-15T19:00:58.000Z</time>
        <sat>8</sat>
      </trkpt>
      <trkpt lat="32.747398" lon="-16.824143">
        <ele>571.0</ele>
        <time>2025-02-15T19:01:05.000Z</time>
        <sat>8</sat>
      </trkpt>
      <trkpt lat="32.747400" lon="-16.824033">
        <ele>570.6</ele>
        <time>2025-02-15T19:01:11.000Z</time>
        <sat>8</sat>
      </trkpt>
      <trkpt lat="32.747363" lon="-16.823915">
        <ele>570.3</ele>
        <time>2025-02-15T19:01:17.000Z</time>
        <sat>8</sat>
      </trkpt>
      <trkpt lat="32.747318" lon="-16.823797">
        <ele>570.1</ele>
        <time>2025-02-15T19:01:21.000Z</time>
        <sat>8</sat>
      </trkpt>
      <trkpt lat="32.747280" lon="-16.823672">
        <ele>569.8</ele>
        <time>2025-02-15T19:01:26.000Z</time>
        <sat>8</sat>
      </trkpt>
      <trkpt lat="32.747283" lon="-16.823543">
        <ele>569.6</ele>
        <time>2025-02-15T19:01:32.000Z</time>
        <sat>8</sat>
      </trkpt>
      <trkpt lat="32.747295" lon="-16.823432">
        <ele>569.5</ele>
        <time>2025-02-15T19:01:35.000Z</time>
        <sat>8</sat>
      </trkpt>
      <trkpt lat="32.747287" lon="-16.823293">
        <ele>569.4</ele>
        <time>2025-02-15T19:01:39.000Z</time>
        <sat>8</sat>
      </trkpt>
      <trkpt lat="32.747288" lon="-16.823167">
        <ele>569.3</ele>
        <time>2025-02-15T19:01:43.000Z</time>
        <sat>8</sat>
      </trkpt>
      <trkpt lat="32.747292" lon="-16.823043">
        <ele>569.3</ele>
        <time>2025-02-15T19:01:46.000Z</time>
        <sat>8</sat>
      </trkpt>
      <trkpt lat="32.747242" lon="-16.822937">
        <ele>569.2</ele>
        <time>2025-02-15T19:01:51.000Z</time>
        <sat>8</sat>
      </trkpt>
      <trkpt lat="32.747133" lon="-16.822918">
        <ele>569.2</ele>
        <time>2025-02-15T19:01:55.000Z</time>
        <sat>8</sat>
      </trkpt>
      <trkpt lat="32.747037" lon="-16.822905">
        <ele>569.2</ele>
        <time>2025-02-15T19:01:58.000Z</time>
        <sat>8</sat>
      </trkpt>
      <trkpt lat="32.746937" lon="-16.822862">
        <ele>569.2</ele>
        <time>2025-02-15T19:02:02.000Z</time>
        <sat>8</sat>
      </trkpt>
      <trkpt lat="32.746852" lon="-16.822812">
        <ele>569.1</ele>
        <time>2025-02-15T19:02:07.000Z</time>
        <sat>8</sat>
      </trkpt>
      <trkpt lat="32.746787" lon="-16.822718">
        <ele>569.0</ele>
        <time>2025-02-15T19:02:12.000Z</time>
        <sat>8</sat>
      </trkpt>
      <trkpt lat="32.746722" lon="-16.822623">
        <ele>568.9</ele>
        <time>2025-02-15T19:02:16.000Z</time>
        <sat>8</sat>
      </trkpt>
      <trkpt lat="32.746650" lon="-16.822542">
        <ele>568.9</ele>
        <time>2025-02-15T19:02:20.000Z</time>
        <sat>8</sat>
      </trkpt>
      <trkpt lat="32.746563" lon="-16.822468">
        <ele>568.8</ele>
        <time>2025-02-15T19:02:24.000Z</time>
        <sat>8</sat>
      </trkpt>
      <trkpt lat="32.746475" lon="-16.822403">
        <ele>568.9</ele>
        <time>2025-02-15T19:02:28.000Z</time>
        <sat>7</sat>
      </trkpt>
      <trkpt lat="32.746408" lon="-16.822313">
        <ele>568.9</ele>
        <time>2025-02-15T19:02:32.000Z</time>
        <sat>7</sat>
      </trkpt>
      <trkpt lat="32.746342" lon="-16.822210">
        <ele>569.0</ele>
        <time>2025-02-15T19:02:36.000Z</time>
        <sat>8</sat>
      </trkpt>
      <trkpt lat="32.746262" lon="-16.822138">
        <ele>569.0</ele>
        <time>2025-02-15T19:02:40.000Z</time>
        <sat>8</sat>
      </trkpt>
      <trkpt lat="32.746222" lon="-16.822030">
        <ele>568.9</ele>
        <time>2025-02-15T19:02:44.000Z</time>
        <sat>8</sat>
      </trkpt>
      <trkpt lat="32.746160" lon="-16.821928">
        <ele>568.8</ele>
        <time>2025-02-15T19:02:48.000Z</time>
        <sat>8</sat>
      </trkpt>
      <trkpt lat="32.746090" lon="-16.821833">
        <ele>568.7</ele>
        <time>2025-02-15T19:02:52.000Z</time>
        <sat>8</sat>
      </trkpt>
      <trkpt lat="32.746025" lon="-16.821732">
        <ele>568.5</ele>
        <time>2025-02-15T19:02:56.000Z</time>
        <sat>8</sat>
      </trkpt>
      <trkpt lat="32.745985" lon="-16.821623">
        <ele>568.4</ele>
        <time>2025-02-15T19:03:01.000Z</time>
        <sat>8</sat>
      </trkpt>
      <trkpt lat="32.745930" lon="-16.821522">
        <ele>568.2</ele>
        <time>2025-02-15T19:03:06.000Z</time>
        <sat>7</sat>
      </trkpt>
      <trkpt lat="32.745890" lon="-16.821407">
        <ele>568.0</ele>
        <time>2025-02-15T19:03:11.000Z</time>
        <sat>8</sat>
      </trkpt>
      <trkpt lat="32.745845" lon="-16.821313">
        <ele>567.9</ele>
        <time>2025-02-15T19:03:15.000Z</time>
        <sat>8</sat>
      </trkpt>
      <trkpt lat="32.745795" lon="-16.821202">
        <ele>567.9</ele>
        <time>2025-02-15T19:03:19.000Z</time>
        <sat>8</sat>
      </trkpt>
      <trkpt lat="32.745763" lon="-16.821077">
        <ele>567.7</ele>
        <time>2025-02-15T19:03:24.000Z</time>
        <sat>8</sat>
      </trkpt>
      <trkpt lat="32.745703" lon="-16.820985">
        <ele>567.5</ele>
        <time>2025-02-15T19:03:29.000Z</time>
        <sat>8</sat>
      </trkpt>
      <trkpt lat="32.745668" lon="-16.820875">
        <ele>567.4</ele>
        <time>2025-02-15T19:03:33.000Z</time>
        <sat>8</sat>
      </trkpt>
      <trkpt lat="32.745632" lon="-16.820768">
        <ele>567.2</ele>
        <time>2025-02-15T19:03:40.000Z</time>
        <sat>8</sat>
      </trkpt>
      <trkpt lat="32.745562" lon="-16.820695">
        <ele>567.1</ele>
        <time>2025-02-15T19:03:45.000Z</time>
        <sat>8</sat>
      </trkpt>
      <trkpt lat="32.745518" lon="-16.820578">
        <ele>567.0</ele>
        <time>2025-02-15T19:03:50.000Z</time>
        <sat>8</sat>
      </trkpt>
      <trkpt lat="32.745437" lon="-16.820492">
        <ele>566.9</ele>
        <time>2025-02-15T19:03:54.000Z</time>
        <sat>8</sat>
      </trkpt>
      <trkpt lat="32.745387" lon="-16.820352">
        <ele>566.8</ele>
        <time>2025-02-15T19:03:58.000Z</time>
        <sat>8</sat>
      </trkpt>
      <trkpt lat="32.745318" lon="-16.820255">
        <ele>566.7</ele>
        <time>2025-02-15T19:04:01.000Z</time>
        <sat>8</sat>
      </trkpt>
      <trkpt lat="32.745268" lon="-16.820163">
        <ele>566.7</ele>
        <time>2025-02-15T19:04:04.000Z</time>
        <sat>8</sat>
      </trkpt>
      <trkpt lat="32.745198" lon="-16.820067">
        <ele>566.5</ele>
        <time>2025-02-15T19:04:08.000Z</time>
        <sat>8</sat>
      </trkpt>
      <trkpt lat="32.745123" lon="-16.819998">
        <ele>566.4</ele>
        <time>2025-02-15T19:04:12.000Z</time>
        <sat>8</sat>
      </trkpt>
      <trkpt lat="32.745053" lon="-16.819890">
        <ele>566.3</ele>
        <time>2025-02-15T19:04:17.000Z</time>
        <sat>8</sat>
      </trkpt>
      <trkpt lat="32.744977" lon="-16.819805">
        <ele>566.2</ele>
        <time>2025-02-15T19:04:21.000Z</time>
        <sat>8</sat>
      </trkpt>
      <trkpt lat="32.744920" lon="-16.819718">
        <ele>566.2</ele>
        <time>2025-02-15T19:04:25.000Z</time>
        <sat>8</sat>
      </trkpt>
      <trkpt lat="32.744882" lon="-16.819607">
        <ele>566.1</ele>
        <time>2025-02-15T19:04:29.000Z</time>
        <sat>8</sat>
      </trkpt>
      <trkpt lat="32.744858" lon="-16.819487">
        <ele>566.1</ele>
        <time>2025-02-15T19:04:33.000Z</time>
        <sat>8</sat>
      </trkpt>
      <trkpt lat="32.744810" lon="-16.819363">
        <ele>566.0</ele>
        <time>2025-02-15T19:04:37.000Z</time>
        <sat>8</sat>
      </trkpt>
      <trkpt lat="32.744772" lon="-16.819238">
        <ele>565.9</ele>
        <time>2025-02-15T19:04:41.000Z</time>
        <sat>8</sat>
      </trkpt>
      <trkpt lat="32.744695" lon="-16.819138">
        <ele>565.8</ele>
        <time>2025-02-15T19:04:46.000Z</time>
        <sat>8</sat>
      </trkpt>
      <trkpt lat="32.744652" lon="-16.819028">
        <ele>565.7</ele>
        <time>2025-02-15T19:04:51.000Z</time>
        <sat>8</sat>
      </trkpt>
      <trkpt lat="32.744710" lon="-16.818937">
        <ele>565.4</ele>
        <time>2025-02-15T19:04:57.000Z</time>
        <sat>8</sat>
      </trkpt>
      <trkpt lat="32.744725" lon="-16.818817">
        <ele>565.2</ele>
        <time>2025-02-15T19:05:01.000Z</time>
        <sat>8</sat>
      </trkpt>
      <trkpt lat="32.744713" lon="-16.818680">
        <ele>565.2</ele>
        <time>2025-02-15T19:05:05.000Z</time>
        <sat>8</sat>
      </trkpt>
      <trkpt lat="32.744722" lon="-16.818537">
        <ele>565.1</ele>
        <time>2025-02-15T19:05:09.000Z</time>
        <sat>7</sat>
      </trkpt>
      <trkpt lat="32.744723" lon="-16.818407">
        <ele>565.0</ele>
        <time>2025-02-15T19:05:13.000Z</time>
        <sat>7</sat>
      </trkpt>
      <trkpt lat="32.744760" lon="-16.818302">
        <ele>564.8</ele>
        <time>2025-02-15T19:05:18.000Z</time>
        <sat>6</sat>
      </trkpt>
      <trkpt lat="32.744803" lon="-16.818173">
        <ele>564.5</ele>
        <time>2025-02-15T19:05:24.000Z</time>
        <sat>7</sat>
      </trkpt>
      <trkpt lat="32.744870" lon="-16.818087">
        <ele>564.4</ele>
        <time>2025-02-15T19:05:27.000Z</time>
        <sat>7</sat>
      </trkpt>
      <trkpt lat="32.744942" lon="-16.818022">
        <ele>564.4</ele>
        <time>2025-02-15T19:05:30.000Z</time>
        <sat>7</sat>
      </trkpt>
      <trkpt lat="32.745035" lon="-16.817993">
        <ele>564.3</ele>
        <time>2025-02-15T19:05:33.000Z</time>
        <sat>7</sat>
      </trkpt>
      <trkpt lat="32.745143" lon="-16.817987">
        <ele>564.1</ele>
        <time>2025-02-15T19:05:37.000Z</time>
        <sat>7</sat>
      </trkpt>
      <trkpt lat="32.745240" lon="-16.817952">
        <ele>564.0</ele>
        <time>2025-02-15T19:05:40.000Z</time>
        <sat>7</sat>
      </trkpt>
      <trkpt lat="32.745342" lon="-16.817997">
        <ele>563.8</ele>
        <time>2025-02-15T19:05:44.000Z</time>
        <sat>7</sat>
      </trkpt>
      <trkpt lat="32.745430" lon="-16.818018">
        <ele>563.6</ele>
        <time>2025-02-15T19:05:48.000Z</time>
        <sat>7</sat>
      </trkpt>
      <trkpt lat="32.745528" lon="-16.818042">
        <ele>563.4</ele>
        <time>2025-02-15T19:05:52.000Z</time>
        <sat>7</sat>
      </trkpt>
      <trkpt lat="32.745617" lon="-16.818095">
        <ele>563.4</ele>
        <time>2025-02-15T19:05:58.000Z</time>
        <sat>7</sat>
      </trkpt>
      <trkpt lat="32.745708" lon="-16.818100">
        <ele>563.5</ele>
        <time>2025-02-15T19:06:05.000Z</time>
        <sat>7</sat>
      </trkpt>
      <trkpt lat="32.745758" lon="-16.818003">
        <ele>563.5</ele>
        <time>2025-02-15T19:06:09.000Z</time>
        <sat>7</sat>
      </trkpt>
      <trkpt lat="32.745777" lon="-16.817893">
        <ele>563.4</ele>
        <time>2025-02-15T19:06:13.000Z</time>
        <sat>8</sat>
      </trkpt>
      <trkpt lat="32.745787" lon="-16.817780">
        <ele>563.3</ele>
        <time>2025-02-15T19:06:17.000Z</time>
        <sat>8</sat>
      </trkpt>
      <trkpt lat="32.745763" lon="-16.817675">
        <ele>563.3</ele>
        <time>2025-02-15T19:06:24.000Z</time>
        <sat>8</sat>
      </trkpt>
      <trkpt lat="32.745710" lon="-16.817575">
        <ele>563.0</ele>
        <time>2025-02-15T19:06:31.000Z</time>
        <sat>8</sat>
      </trkpt>
      <trkpt lat="32.745663" lon="-16.817482">
        <ele>562.6</ele>
        <time>2025-02-15T19:06:39.000Z</time>
        <sat>8</sat>
      </trkpt>
      <trkpt lat="32.745583" lon="-16.817407">
        <ele>562.3</ele>
        <time>2025-02-15T19:06:47.000Z</time>
        <sat>8</sat>
      </trkpt>
      <trkpt lat="32.745522" lon="-16.817312">
        <ele>562.0</ele>
        <time>2025-02-15T19:06:55.000Z</time>
        <sat>8</sat>
      </trkpt>
      <trkpt lat="32.745447" lon="-16.817225">
        <ele>561.8</ele>
        <time>2025-02-15T19:07:01.000Z</time>
        <sat>8</sat>
      </trkpt>
      <trkpt lat="32.745370" lon="-16.817138">
        <ele>561.7</ele>
        <time>2025-02-15T19:07:05.000Z</time>
        <sat>8</sat>
      </trkpt>
      <trkpt lat="32.745295" lon="-16.817048">
        <ele>561.5</ele>
        <time>2025-02-15T19:07:09.000Z</time>
        <sat>8</sat>
      </trkpt>
      <trkpt lat="32.745217" lon="-16.816980">
        <ele>561.5</ele>
        <time>2025-02-15T19:07:13.000Z</time>
        <sat>8</sat>
      </trkpt>
      <trkpt lat="32.745173" lon="-16.816855">
        <ele>561.4</ele>
        <time>2025-02-15T19:07:18.000Z</time>
        <sat>8</sat>
      </trkpt>
      <trkpt lat="32.745185" lon="-16.816713">
        <ele>561.3</ele>
        <time>2025-02-15T19:07:22.000Z</time>
        <sat>8</sat>
      </trkpt>
      <trkpt lat="32.745187" lon="-16.816597">
        <ele>561.3</ele>
        <time>2025-02-15T19:07:25.000Z</time>
        <sat>8</sat>
      </trkpt>
      <trkpt lat="32.745173" lon="-16.816478">
        <ele>561.2</ele>
        <time>2025-02-15T19:07:29.000Z</time>
        <sat>8</sat>
      </trkpt>
      <trkpt lat="32.745178" lon="-16.816347">
        <ele>561.2</ele>
        <time>2025-02-15T19:07:34.000Z</time>
        <sat>7</sat>
      </trkpt>
      <trkpt lat="32.745195" lon="-16.816218">
        <ele>561.0</ele>
        <time>2025-02-15T19:07:39.000Z</time>
        <sat>7</sat>
      </trkpt>
      <trkpt lat="32.745280" lon="-16.816152">
        <ele>561.0</ele>
        <time>2025-02-15T19:07:42.000Z</time>
        <sat>7</sat>
      </trkpt>
      <trkpt lat="32.745368" lon="-16.816113">
        <ele>560.9</ele>
        <time>2025-02-15T19:07:47.000Z</time>
        <sat>7</sat>
      </trkpt>
      <trkpt lat="32.745462" lon="-16.816075">
        <ele>560.8</ele>
        <time>2025-02-15T19:07:53.000Z</time>
        <sat>7</sat>
      </trkpt>
      <trkpt lat="32.745547" lon="-16.816022">
        <ele>560.7</ele>
        <time>2025-02-15T19:07:57.000Z</time>
        <sat>7</sat>
      </trkpt>
      <trkpt lat="32.745627" lon="-16.815937">
        <ele>560.7</ele>
        <time>2025-02-15T19:08:01.000Z</time>
        <sat>7</sat>
      </trkpt>
      <trkpt lat="32.745693" lon="-16.815850">
        <ele>560.7</ele>
        <time>2025-02-15T19:08:05.000Z</time>
        <sat>7</sat>
      </trkpt>
      <trkpt lat="32.745787" lon="-16.815750">
        <ele>560.6</ele>
        <time>2025-02-15T19:08:09.000Z</time>
        <sat>7</sat>
      </trkpt>
      <trkpt lat="32.745853" lon="-16.815673">
        <ele>560.5</ele>
        <time>2025-02-15T19:08:12.000Z</time>
        <sat>7</sat>
      </trkpt>
      <trkpt lat="32.745918" lon="-16.815577">
        <ele>560.4</ele>
        <time>2025-02-15T19:08:14.000Z</time>
        <sat>7</sat>
      </trkpt>
      <trkpt lat="32.746007" lon="-16.815518">
        <ele>560.3</ele>
        <time>2025-02-15T19:08:17.000Z</time>
        <sat>7</sat>
      </trkpt>
      <trkpt lat="32.746098" lon="-16.815560">
        <ele>560.1</ele>
        <time>2025-02-15T19:08:23.000Z</time>
        <sat>6</sat>
      </trkpt>
      <trkpt lat="32.746167" lon="-16.815640">
        <ele>560.0</ele>
        <time>2025-02-15T19:08:29.000Z</time>
        <sat>6</sat>
      </trkpt>
      <trkpt lat="32.746248" lon="-16.815725">
        <ele>559.9</ele>
        <time>2025-02-15T19:08:34.000Z</time>
        <sat>6</sat>
      </trkpt>
      <trkpt lat="32.746345" lon="-16.815802">
        <ele>559.8</ele>
        <time>2025-02-15T19:08:38.000Z</time>
        <sat>6</sat>
      </trkpt>
      <trkpt lat="32.746435" lon="-16.815850">
        <ele>559.8</ele>
        <time>2025-02-15T19:08:42.000Z</time>
        <sat>7</sat>
      </trkpt>
      <trkpt lat="32.746535" lon="-16.815827">
        <ele>559.8</ele>
        <time>2025-02-15T19:08:47.000Z</time>
        <sat>8</sat>
      </trkpt>
      <trkpt lat="32.746562" lon="-16.815692">
        <ele>559.8</ele>
        <time>2025-02-15T19:08:52.000Z</time>
        <sat>8</sat>
      </trkpt>
      <trkpt lat="32.746567" lon="-16.815548">
        <ele>559.8</ele>
        <time>2025-02-15T19:08:55.000Z</time>
        <sat>8</sat>
      </trkpt>
      <trkpt lat="32.746558" lon="-16.815437">
        <ele>559.8</ele>
        <time>2025-02-15T19:08:58.000Z</time>
        <sat>8</sat>
      </trkpt>
      <trkpt lat="32.746507" lon="-16.815323">
        <ele>559.8</ele>
        <time>2025-02-15T19:09:02.000Z</time>
        <sat>8</sat>
      </trkpt>
      <trkpt lat="32.746440" lon="-16.815242">
        <ele>559.8</ele>
        <time>2025-02-15T19:09:06.000Z</time>
        <sat>8</sat>
      </trkpt>
      <trkpt lat="32.746357" lon="-16.815148">
        <ele>559.7</ele>
        <time>2025-02-15T19:09:11.000Z</time>
        <sat>8</sat>
      </trkpt>
      <trkpt lat="32.746315" lon="-16.815032">
        <ele>559.7</ele>
        <time>2025-02-15T19:09:16.000Z</time>
        <sat>8</sat>
      </trkpt>
      <trkpt lat="32.746383" lon="-16.814945">
        <ele>559.6</ele>
        <time>2025-02-15T19:09:22.000Z</time>
        <sat>8</sat>
      </trkpt>
      <trkpt lat="32.746442" lon="-16.814853">
        <ele>559.5</ele>
        <time>2025-02-15T19:09:27.000Z</time>
        <sat>8</sat>
      </trkpt>
      <trkpt lat="32.746493" lon="-16.814760">
        <ele>559.5</ele>
        <time>2025-02-15T19:09:31.000Z</time>
        <sat>8</sat>
      </trkpt>
      <trkpt lat="32.746555" lon="-16.814658">
        <ele>559.5</ele>
        <time>2025-02-15T19:09:35.000Z</time>
        <sat>8</sat>
      </trkpt>
      <trkpt lat="32.746617" lon="-16.814560">
        <ele>559.4</ele>
        <time>2025-02-15T19:09:39.000Z</time>
        <sat>8</sat>
      </trkpt>
      <trkpt lat="32.746730" lon="-16.814463">
        <ele>559.5</ele>
        <time>2025-02-15T19:09:42.000Z</time>
        <sat>8</sat>
      </trkpt>
      <trkpt lat="32.746843" lon="-16.814408">
        <ele>559.5</ele>
        <time>2025-02-15T19:09:45.000Z</time>
        <sat>8</sat>
      </trkpt>
      <trkpt lat="32.746957" lon="-16.814393">
        <ele>559.6</ele>
        <time>2025-02-15T19:09:49.000Z</time>
        <sat>8</sat>
      </trkpt>
      <trkpt lat="32.747070" lon="-16.814410">
        <ele>559.6</ele>
        <time>2025-02-15T19:09:53.000Z</time>
        <sat>8</sat>
      </trkpt>
      <trkpt lat="32.747180" lon="-16.814432">
        <ele>559.7</ele>
        <time>2025-02-15T19:09:58.000Z</time>
        <sat>8</sat>
      </trkpt>
      <trkpt lat="32.747270" lon="-16.814453">
        <ele>559.7</ele>
        <time>2025-02-15T19:10:02.000Z</time>
        <sat>7</sat>
      </trkpt>
      <trkpt lat="32.747377" lon="-16.814500">
        <ele>559.7</ele>
        <time>2025-02-15T19:10:07.000Z</time>
        <sat>7</sat>
      </trkpt>
      <trkpt lat="32.747458" lon="-16.814552">
        <ele>559.7</ele>
        <time>2025-02-15T19:10:11.000Z</time>
        <sat>7</sat>
      </trkpt>
      <trkpt lat="32.747545" lon="-16.814593">
        <ele>559.7</ele>
        <time>2025-02-15T19:10:15.000Z</time>
        <sat>7</sat>
      </trkpt>
      <trkpt lat="32.747642" lon="-16.814648">
        <ele>559.7</ele>
        <time>2025-02-15T19:10:20.000Z</time>
        <sat>8</sat>
      </trkpt>
      <trkpt lat="32.747728" lon="-16.814695">
        <ele>559.6</ele>
        <time>2025-02-15T19:10:24.000Z</time>
        <sat>8</sat>
      </trkpt>
      <trkpt lat="32.747802" lon="-16.814620">
        <ele>559.3</ele>
        <time>2025-02-15T19:10:32.000Z</time>
        <sat>8</sat>
      </trkpt>
      <trkpt lat="32.747857" lon="-16.814522">
        <ele>559.0</ele>
        <time>2025-02-15T19:10:38.000Z</time>
        <sat>8</sat>
      </trkpt>
      <trkpt lat="32.747937" lon="-16.814438">
        <ele>558.7</ele>
        <time>2025-02-15T19:10:43.000Z</time>
        <sat>7</sat>
      </trkpt>
      <trkpt lat="32.748008" lon="-16.814372">
        <ele>558.4</ele>
        <time>2025-02-15T19:10:48.000Z</time>
        <sat>7</sat>
      </trkpt>
      <trkpt lat="32.748088" lon="-16.814310">
        <ele>558.3</ele>
        <time>2025-02-15T19:10:53.000Z</time>
        <sat>7</sat>
      </trkpt>
      <trkpt lat="32.748182" lon="-16.814265">
        <ele>558.2</ele>
        <time>2025-02-15T19:10:57.000Z</time>
        <sat>7</sat>
      </trkpt>
      <trkpt lat="32.748275" lon="-16.814205">
        <ele>558.2</ele>
        <time>2025-02-15T19:11:01.000Z</time>
        <sat>6</sat>
      </trkpt>
      <trkpt lat="32.748387" lon="-16.814172">
        <ele>558.1</ele>
        <time>2025-02-15T19:11:05.000Z</time>
        <sat>6</sat>
      </trkpt>
      <trkpt lat="32.748475" lon="-16.814148">
        <ele>558.1</ele>
        <time>2025-02-15T19:11:09.000Z</time>
        <sat>5</sat>
      </trkpt>
      <trkpt lat="32.748577" lon="-16.814130">
        <ele>557.9</ele>
        <time>2025-02-15T19:11:13.000Z</time>
        <sat>7</sat>
      </trkpt>
      <trkpt lat="32.748663" lon="-16.814060">
        <ele>557.8</ele>
        <time>2025-02-15T19:11:17.000Z</time>
        <sat>7</sat>
      </trkpt>
      <trkpt lat="32.748705" lon="-16.813933">
        <ele>557.5</ele>
        <time>2025-02-15T19:11:20.000Z</time>
        <sat>7</sat>
      </trkpt>
      <trkpt lat="32.748738" lon="-16.813783">
        <ele>557.4</ele>
        <time>2025-02-15T19:11:23.000Z</time>
        <sat>7</sat>
      </trkpt>
      <trkpt lat="32.748773" lon="-16.813653">
        <ele>557.4</ele>
        <time>2025-02-15T19:11:27.000Z</time>
        <sat>8</sat>
      </trkpt>
      <trkpt lat="32.748812" lon="-16.813557">
        <ele>557.3</ele>
        <time>2025-02-15T19:11:31.000Z</time>
        <sat>8</sat>
      </trkpt>
      <trkpt lat="32.748842" lon="-16.813437">
        <ele>557.2</ele>
        <time>2025-02-15T19:11:35.000Z</time>
        <sat>8</sat>
      </trkpt>
      <trkpt lat="32.748872" lon="-16.813327">
        <ele>557.2</ele>
        <time>2025-02-15T19:11:39.000Z</time>
        <sat>8</sat>
      </trkpt>
      <trkpt lat="32.748888" lon="-16.813220">
        <ele>557.1</ele>
        <time>2025-02-15T19:11:42.000Z</time>
        <sat>8</sat>
      </trkpt>
      <trkpt lat="32.748888" lon="-16.813087">
        <ele>556.9</ele>
        <time>2025-02-15T19:11:46.000Z</time>
        <sat>8</sat>
      </trkpt>
      <trkpt lat="32.748892" lon="-16.812958">
        <ele>556.8</ele>
        <time>2025-02-15T19:11:50.000Z</time>
        <sat>8</sat>
      </trkpt>
      <trkpt lat="32.748900" lon="-16.812827">
        <ele>556.7</ele>
        <time>2025-02-15T19:11:54.000Z</time>
        <sat>8</sat>
      </trkpt>
      <trkpt lat="32.748905" lon="-16.812715">
        <ele>556.6</ele>
        <time>2025-02-15T19:11:58.000Z</time>
        <sat>8</sat>
      </trkpt>
      <trkpt lat="32.748945" lon="-16.812580">
        <ele>556.5</ele>
        <time>2025-02-15T19:12:02.000Z</time>
        <sat>8</sat>
      </trkpt>
      <trkpt lat="32.748975" lon="-16.812478">
        <ele>556.4</ele>
        <time>2025-02-15T19:12:05.000Z</time>
        <sat>8</sat>
      </trkpt>
      <trkpt lat="32.749010" lon="-16.812353">
        <ele>556.3</ele>
        <time>2025-02-15T19:12:09.000Z</time>
        <sat>8</sat>
      </trkpt>
      <trkpt lat="32.749047" lon="-16.812247">
        <ele>556.3</ele>
        <time>2025-02-15T19:12:12.000Z</time>
        <sat>8</sat>
      </trkpt>
      <trkpt lat="32.749065" lon="-16.812117">
        <ele>556.3</ele>
        <time>2025-02-15T19:12:16.000Z</time>
        <sat>8</sat>
      </trkpt>
      <trkpt lat="32.749105" lon="-16.812010">
        <ele>556.2</ele>
        <time>2025-02-15T19:12:20.000Z</time>
        <sat>8</sat>
      </trkpt>
      <trkpt lat="32.749147" lon="-16.811887">
        <ele>556.2</ele>
        <time>2025-02-15T19:12:24.000Z</time>
        <sat>8</sat>
      </trkpt>
      <trkpt lat="32.749193" lon="-16.811777">
        <ele>556.2</ele>
        <time>2025-02-15T19:12:28.000Z</time>
        <sat>8</sat>
      </trkpt>
      <trkpt lat="32.749220" lon="-16.811668">
        <ele>556.3</ele>
        <time>2025-02-15T19:12:33.000Z</time>
        <sat>7</sat>
      </trkpt>
      <trkpt lat="32.749285" lon="-16.811573">
        <ele>556.4</ele>
        <time>2025-02-15T19:12:41.000Z</time>
        <sat>7</sat>
      </trkpt>
      <trkpt lat="32.749328" lon="-16.811473">
        <ele>556.2</ele>
        <time>2025-02-15T19:12:48.000Z</time>
        <sat>7</sat>
      </trkpt>
      <trkpt lat="32.749348" lon="-16.811412">
        <ele>556.1</ele>
        <time>2025-02-15T19:12:57.000Z</time>
        <sat>8</sat>
      </trkpt>
      <trkpt lat="32.749347" lon="-16.811408">
        <ele>556.2</ele>
        <time>2025-02-15T19:12:58.000Z</time>
        <sat>8</sat>
      </trkpt>
      <trkpt lat="32.749347" lon="-16.811408">
        <ele>556.2</ele>
        <time>2025-02-15T19:12:59.000Z</time>
        <sat>8</sat>
      </trkpt>
      <trkpt lat="32.749350" lon="-16.811408">
        <ele>556.2</ele>
        <time>2025-02-15T19:13:00.000Z</time>
        <sat>8</sat>
      </trkpt>
      <trkpt lat="32.749350" lon="-16.811408">
        <ele>556.2</ele>
        <time>2025-02-15T19:13:01.000Z</time>
        <sat>7</sat>
      </trkpt>
      <trkpt lat="32.749352" lon="-16.811407">
        <ele>556.2</ele>
        <time>2025-02-15T19:13:03.000Z</time>
        <sat>8</sat>
      </trkpt>
      <trkpt lat="32.749360" lon="-16.811383">
        <ele>558.8</ele>
        <time>2025-02-15T19:13:21.000Z</time>
        <sat>8</sat>
      </trkpt>
      <trkpt lat="32.749363" lon="-16.811380">
        <ele>558.8</ele>
        <time>2025-02-15T19:13:22.000Z</time>
        <sat>8</sat>
      </trkpt>
      <trkpt lat="32.749367" lon="-16.811267">
        <ele>557.6</ele>
        <time>2025-02-15T19:13:36.000Z</time>
        <sat>7</sat>
      </trkpt>
      <trkpt lat="32.749363" lon="-16.811153">
        <ele>556.7</ele>
        <time>2025-02-15T19:13:47.000Z</time>
        <sat>6</sat>
      </trkpt>
      <trkpt lat="32.749375" lon="-16.811038">
        <ele>556.6</ele>
        <time>2025-02-15T19:13:53.000Z</time>
        <sat>7</sat>
      </trkpt>
      <trkpt lat="32.749395" lon="-16.810917">
        <ele>556.5</ele>
        <time>2025-02-15T19:13:57.000Z</time>
        <sat>7</sat>
      </trkpt>
      <trkpt lat="32.749412" lon="-16.810808">
        <ele>556.3</ele>
        <time>2025-02-15T19:14:02.000Z</time>
        <sat>7</sat>
      </trkpt>
      <trkpt lat="32.749447" lon="-16.810702">
        <ele>556.1</ele>
        <time>2025-02-15T19:14:09.000Z</time>
        <sat>7</sat>
      </trkpt>
      <trkpt lat="32.749462" lon="-16.810587">
        <ele>556.1</ele>
        <time>2025-02-15T19:14:21.000Z</time>
        <sat>6</sat>
      </trkpt>
      <trkpt lat="32.749498" lon="-16.810482">
        <ele>556.0</ele>
        <time>2025-02-15T19:14:27.000Z</time>
        <sat>7</sat>
      </trkpt>
      <trkpt lat="32.749562" lon="-16.810395">
        <ele>556.0</ele>
        <time>2025-02-15T19:14:35.000Z</time>
        <sat>7</sat>
      </trkpt>
      <trkpt lat="32.749628" lon="-16.810307">
        <ele>556.0</ele>
        <time>2025-02-15T19:14:42.000Z</time>
        <sat>7</sat>
      </trkpt>
      <trkpt lat="32.749680" lon="-16.810205">
        <ele>555.9</ele>
        <time>2025-02-15T19:14:49.000Z</time>
        <sat>8</sat>
      </trkpt>
      <trkpt lat="32.749765" lon="-16.810135">
        <ele>555.9</ele>
        <time>2025-02-15T19:14:55.000Z</time>
        <sat>8</sat>
      </trkpt>
      <trkpt lat="32.749850" lon="-16.810060">
        <ele>555.9</ele>
        <time>2025-02-15T19:15:00.000Z</time>
        <sat>8</sat>
      </trkpt>
      <trkpt lat="32.749925" lon="-16.810000">
        <ele>555.9</ele>
        <time>2025-02-15T19:15:04.000Z</time>
        <sat>7</sat>
      </trkpt>
      <trkpt lat="32.750003" lon="-16.809932">
        <ele>555.8</ele>
        <time>2025-02-15T19:15:09.000Z</time>
        <sat>8</sat>
      </trkpt>
      <trkpt lat="32.750073" lon="-16.809870">
        <ele>555.8</ele>
        <time>2025-02-15T19:15:25.000Z</time>
        <sat>8</sat>
      </trkpt>
      <trkpt lat="32.750073" lon="-16.809868">
        <ele>555.7</ele>
        <time>2025-02-15T19:15:34.000Z</time>
        <sat>8</sat>
      </trkpt>
      <trkpt lat="32.750073" lon="-16.809868">
        <ele>555.7</ele>
        <time>2025-02-15T19:15:35.000Z</time>
        <sat>8</sat>
      </trkpt>
      <trkpt lat="32.750075" lon="-16.809868">
        <ele>555.7</ele>
        <time>2025-02-15T19:15:41.000Z</time>
        <sat>8</sat>
      </trkpt>
      <trkpt lat="32.750075" lon="-16.809868">
        <ele>555.7</ele>
        <time>2025-02-15T19:15:42.000Z</time>
        <sat>8</sat>
      </trkpt>
      <trkpt lat="32.750075" lon="-16.809867">
        <ele>555.7</ele>
        <time>2025-02-15T19:15:52.000Z</time>
        <sat>8</sat>
      </trkpt>
      <trkpt lat="32.750075" lon="-16.809867">
        <ele>555.7</ele>
        <time>2025-02-15T19:15:53.000Z</time>
        <sat>8</sat>
      </trkpt>
      <trkpt lat="32.750080" lon="-16.809860">
        <ele>555.6</ele>
        <time>2025-02-15T19:15:55.000Z</time>
        <sat>8</sat>
      </trkpt>
      <trkpt lat="32.750112" lon="-16.809757">
        <ele>555.4</ele>
        <time>2025-02-15T19:16:07.000Z</time>
        <sat>8</sat>
      </trkpt>
      <trkpt lat="32.750207" lon="-16.809742">
        <ele>554.4</ele>
        <time>2025-02-15T19:16:22.000Z</time>
        <sat>8</sat>
      </trkpt>
      <trkpt lat="32.750275" lon="-16.809813">
        <ele>554.5</ele>
        <time>2025-02-15T19:16:32.000Z</time>
        <sat>8</sat>
      </trkpt>
      <trkpt lat="32.750340" lon="-16.809903">
        <ele>554.5</ele>
        <time>2025-02-15T19:16:45.000Z</time>
        <sat>8</sat>
      </trkpt>
      <trkpt lat="32.750412" lon="-16.809977">
        <ele>554.7</ele>
        <time>2025-02-15T19:16:52.000Z</time>
        <sat>8</sat>
      </trkpt>
      <trkpt lat="32.750488" lon="-16.810033">
        <ele>554.7</ele>
        <time>2025-02-15T19:16:59.000Z</time>
        <sat>8</sat>
      </trkpt>
      <trkpt lat="32.750583" lon="-16.810040">
        <ele>554.8</ele>
        <time>2025-02-15T19:17:04.000Z</time>
        <sat>8</sat>
      </trkpt>
      <trkpt lat="32.750675" lon="-16.810042">
        <ele>554.9</ele>
        <time>2025-02-15T19:17:10.000Z</time>
        <sat>8</sat>
      </trkpt>
      <trkpt lat="32.750673" lon="-16.810043">
        <ele>555.0</ele>
        <time>2025-02-15T19:17:12.000Z</time>
        <sat>7</sat>
      </trkpt>
      <trkpt lat="32.750683" lon="-16.810040">
        <ele>555.0</ele>
        <time>2025-02-15T19:17:17.000Z</time>
        <sat>7</sat>
      </trkpt>
      <trkpt lat="32.750783" lon="-16.810030">
        <ele>555.2</ele>
        <time>2025-02-15T19:17:28.000Z</time>
        <sat>8</sat>
      </trkpt>
      <trkpt lat="32.750873" lon="-16.809998">
        <ele>555.2</ele>
        <time>2025-02-15T19:17:37.000Z</time>
        <sat>7</sat>
      </trkpt>
      <trkpt lat="32.750967" lon="-16.809977">
        <ele>555.1</ele>
        <time>2025-02-15T19:17:47.000Z</time>
        <sat>7</sat>
      </trkpt>
      <trkpt lat="32.751062" lon="-16.809955">
        <ele>554.8</ele>
        <time>2025-02-15T19:18:00.000Z</time>
        <sat>7</sat>
      </trkpt>
      <trkpt lat="32.751148" lon="-16.809897">
        <ele>554.7</ele>
        <time>2025-02-15T19:18:09.000Z</time>
        <sat>6</sat>
      </trkpt>
      <trkpt lat="32.751235" lon="-16.809850">
        <ele>554.5</ele>
        <time>2025-02-15T19:18:16.000Z</time>
        <sat>6</sat>
      </trkpt>
      <trkpt lat="32.751320" lon="-16.809800">
        <ele>554.4</ele>
        <time>2025-02-15T19:18:22.000Z</time>
        <sat>6</sat>
      </trkpt>
      <trkpt lat="32.751398" lon="-16.809708">
        <ele>554.4</ele>
        <time>2025-02-15T19:18:27.000Z</time>
        <sat>6</sat>
      </trkpt>
      <trkpt lat="32.751483" lon="-16.809653">
        <ele>554.5</ele>
        <time>2025-02-15T19:18:33.000Z</time>
        <sat>6</sat>
      </trkpt>
      <trkpt lat="32.751557" lon="-16.809583">
        <ele>555.0</ele>
        <time>2025-02-15T19:18:40.000Z</time>
        <sat>6</sat>
      </trkpt>
      <trkpt lat="32.751602" lon="-16.809482">
        <ele>555.1</ele>
        <time>2025-02-15T19:18:50.000Z</time>
        <sat>6</sat>
      </trkpt>
      <trkpt lat="32.751602" lon="-16.809482">
        <ele>555.1</ele>
        <time>2025-02-15T19:18:51.000Z</time>
        <sat>6</sat>
      </trkpt>
      <trkpt lat="32.751607" lon="-16.809478">
        <ele>555.1</ele>
        <time>2025-02-15T19:18:53.000Z</time>
        <sat>6</sat>
      </trkpt>
      <trkpt lat="32.751648" lon="-16.809372">
        <ele>554.9</ele>
        <time>2025-02-15T19:19:02.000Z</time>
        <sat>6</sat>
      </trkpt>
      <trkpt lat="32.751705" lon="-16.809285">
        <ele>554.9</ele>
        <time>2025-02-15T19:19:08.000Z</time>
        <sat>6</sat>
      </trkpt>
      <trkpt lat="32.751758" lon="-16.809170">
        <ele>554.8</ele>
        <time>2025-02-15T19:19:13.000Z</time>
        <sat>6</sat>
      </trkpt>
      <trkpt lat="32.751787" lon="-16.809065">
        <ele>554.7</ele>
        <time>2025-02-15T19:19:17.000Z</time>
        <sat>6</sat>
      </trkpt>
      <trkpt lat="32.751825" lon="-16.808955">
        <ele>554.6</ele>
        <time>2025-02-15T19:19:21.000Z</time>
        <sat>6</sat>
      </trkpt>
      <trkpt lat="32.751855" lon="-16.808828">
        <ele>554.6</ele>
        <time>2025-02-15T19:19:25.000Z</time>
        <sat>6</sat>
      </trkpt>
      <trkpt lat="32.751908" lon="-16.808738">
        <ele>554.5</ele>
        <time>2025-02-15T19:19:29.000Z</time>
        <sat>6</sat>
      </trkpt>
      <trkpt lat="32.751983" lon="-16.808678">
        <ele>554.5</ele>
        <time>2025-02-15T19:19:33.000Z</time>
        <sat>6</sat>
      </trkpt>
      <trkpt lat="32.752072" lon="-16.808618">
        <ele>554.4</ele>
        <time>2025-02-15T19:19:39.000Z</time>
        <sat>7</sat>
      </trkpt>
      <trkpt lat="32.752150" lon="-16.808542">
        <ele>554.2</ele>
        <time>2025-02-15T19:19:44.000Z</time>
        <sat>7</sat>
      </trkpt>
      <trkpt lat="32.752242" lon="-16.808458">
        <ele>553.9</ele>
        <time>2025-02-15T19:19:49.000Z</time>
        <sat>6</sat>
      </trkpt>
      <trkpt lat="32.752335" lon="-16.808385">
        <ele>553.7</ele>
        <time>2025-02-15T19:19:53.000Z</time>
        <sat>6</sat>
      </trkpt>
      <trkpt lat="32.752422" lon="-16.808313">
        <ele>553.5</ele>
        <time>2025-02-15T19:19:57.000Z</time>
        <sat>6</sat>
      </trkpt>
      <trkpt lat="32.752502" lon="-16.808252">
        <ele>553.3</ele>
        <time>2025-02-15T19:20:01.000Z</time>
        <sat>6</sat>
      </trkpt>
      <trkpt lat="32.752545" lon="-16.808147">
        <ele>553.0</ele>
        <time>2025-02-15T19:20:08.000Z</time>
        <sat>6</sat>
      </trkpt>
      <trkpt lat="32.752560" lon="-16.808035">
        <ele>553.0</ele>
        <time>2025-02-15T19:20:13.000Z</time>
        <sat>6</sat>
      </trkpt>
      <trkpt lat="32.752588" lon="-16.807932">
        <ele>553.0</ele>
        <time>2025-02-15T19:20:17.000Z</time>
        <sat>6</sat>
      </trkpt>
      <trkpt lat="32.752620" lon="-16.807818">
        <ele>553.0</ele>
        <time>2025-02-15T19:20:21.000Z</time>
        <sat>6</sat>
      </trkpt>
      <trkpt lat="32.752648" lon="-16.807708">
        <ele>552.9</ele>
        <time>2025-02-15T19:20:25.000Z</time>
        <sat>6</sat>
      </trkpt>
      <trkpt lat="32.752685" lon="-16.807605">
        <ele>552.7</ele>
        <time>2025-02-15T19:20:29.000Z</time>
        <sat>6</sat>
      </trkpt>
      <trkpt lat="32.752742" lon="-16.807498">
        <ele>552.5</ele>
        <time>2025-02-15T19:20:33.000Z</time>
        <sat>6</sat>
      </trkpt>
      <trkpt lat="32.752787" lon="-16.807382">
        <ele>552.3</ele>
        <time>2025-02-15T19:20:38.000Z</time>
        <sat>6</sat>
      </trkpt>
      <trkpt lat="32.752820" lon="-16.807277">
        <ele>552.3</ele>
        <time>2025-02-15T19:20:45.000Z</time>
        <sat>5</sat>
      </trkpt>
      <trkpt lat="32.752847" lon="-16.807173">
        <ele>552.9</ele>
        <time>2025-02-15T19:20:56.000Z</time>
        <sat>5</sat>
      </trkpt>
      <trkpt lat="32.752858" lon="-16.807063">
        <ele>553.8</ele>
        <time>2025-02-15T19:21:04.000Z</time>
        <sat>5</sat>
      </trkpt>
      <trkpt lat="32.752853" lon="-16.806947">
        <ele>554.1</ele>
        <time>2025-02-15T19:21:11.000Z</time>
        <sat>5</sat>
      </trkpt>
      <trkpt lat="32.752802" lon="-16.806838">
        <ele>554.0</ele>
        <time>2025-02-15T19:21:18.000Z</time>
        <sat>5</sat>
      </trkpt>
      <trkpt lat="32.752807" lon="-16.806720">
        <ele>553.9</ele>
        <time>2025-02-15T19:21:22.000Z</time>
        <sat>5</sat>
      </trkpt>
      <trkpt lat="32.752837" lon="-16.806608">
        <ele>553.7</ele>
        <time>2025-02-15T19:21:26.000Z</time>
        <sat>6</sat>
      </trkpt>
      <trkpt lat="32.752883" lon="-16.806487">
        <ele>553.4</ele>
        <time>2025-02-15T19:21:31.000Z</time>
        <sat>6</sat>
      </trkpt>
      <trkpt lat="32.752937" lon="-16.806393">
        <ele>553.1</ele>
        <time>2025-02-15T19:21:36.000Z</time>
        <sat>6</sat>
      </trkpt>
      <trkpt lat="32.752998" lon="-16.806300">
        <ele>552.9</ele>
        <time>2025-02-15T19:21:42.000Z</time>
        <sat>6</sat>
      </trkpt>
      <trkpt lat="32.753032" lon="-16.806187">
        <ele>552.6</ele>
        <time>2025-02-15T19:21:49.000Z</time>
        <sat>6</sat>
      </trkpt>
      <trkpt lat="32.753018" lon="-16.806073">
        <ele>552.6</ele>
        <time>2025-02-15T19:21:56.000Z</time>
        <sat>6</sat>
      </trkpt>
      <trkpt lat="32.752967" lon="-16.805972">
        <ele>552.3</ele>
        <time>2025-02-15T19:22:04.000Z</time>
        <sat>6</sat>
      </trkpt>
      <trkpt lat="32.752948" lon="-16.805855">
        <ele>551.7</ele>
        <time>2025-02-15T19:22:10.000Z</time>
        <sat>6</sat>
      </trkpt>
      <trkpt lat="32.752900" lon="-16.805745">
        <ele>550.5</ele>
        <time>2025-02-15T19:22:16.000Z</time>
        <sat>6</sat>
      </trkpt>
      <trkpt lat="32.752895" lon="-16.805632">
        <ele>548.8</ele>
        <time>2025-02-15T19:22:23.000Z</time>
        <sat>7</sat>
      </trkpt>
      <trkpt lat="32.752978" lon="-16.805563">
        <ele>546.6</ele>
        <time>2025-02-15T19:22:35.000Z</time>
        <sat>7</sat>
      </trkpt>
      <trkpt lat="32.753068" lon="-16.805542">
        <ele>545.9</ele>
        <time>2025-02-15T19:22:42.000Z</time>
        <sat>7</sat>
      </trkpt>
      <trkpt lat="32.753143" lon="-16.805478">
        <ele>545.7</ele>
        <time>2025-02-15T19:22:50.000Z</time>
        <sat>7</sat>
      </trkpt>
      <trkpt lat="32.753235" lon="-16.805442">
        <ele>545.8</ele>
        <time>2025-02-15T19:22:56.000Z</time>
        <sat>7</sat>
      </trkpt>
      <trkpt lat="32.753325" lon="-16.805405">
        <ele>546.6</ele>
        <time>2025-02-15T19:23:04.000Z</time>
        <sat>7</sat>
      </trkpt>
      <trkpt lat="32.753418" lon="-16.805362">
        <ele>548.1</ele>
        <time>2025-02-15T19:23:14.000Z</time>
        <sat>7</sat>
      </trkpt>
      <trkpt lat="32.753500" lon="-16.805307">
        <ele>548.5</ele>
        <time>2025-02-15T19:23:21.000Z</time>
        <sat>6</sat>
      </trkpt>
      <trkpt lat="32.753565" lon="-16.805218">
        <ele>548.9</ele>
        <time>2025-02-15T19:23:28.000Z</time>
        <sat>6</sat>
      </trkpt>
      <trkpt lat="32.753645" lon="-16.805150">
        <ele>550.2</ele>
        <time>2025-02-15T19:23:37.000Z</time>
        <sat>7</sat>
      </trkpt>
      <trkpt lat="32.753730" lon="-16.805090">
        <ele>550.6</ele>
        <time>2025-02-15T19:23:45.000Z</time>
        <sat>7</sat>
      </trkpt>
      <trkpt lat="32.753808" lon="-16.805035">
        <ele>550.7</ele>
        <time>2025-02-15T19:23:56.000Z</time>
        <sat>7</sat>
      </trkpt>
      <trkpt lat="32.753903" lon="-16.805030">
        <ele>550.7</ele>
        <time>2025-02-15T19:24:06.000Z</time>
        <sat>7</sat>
      </trkpt>
      <trkpt lat="32.753993" lon="-16.805028">
        <ele>550.8</ele>
        <time>2025-02-15T19:24:15.000Z</time>
        <sat>7</sat>
      </trkpt>
      <trkpt lat="32.754082" lon="-16.805008">
        <ele>550.9</ele>
        <time>2025-02-15T19:24:20.000Z</time>
        <sat>7</sat>
      </trkpt>
      <trkpt lat="32.754177" lon="-16.804978">
        <ele>551.1</ele>
        <time>2025-02-15T19:24:26.000Z</time>
        <sat>7</sat>
      </trkpt>
      <trkpt lat="32.754268" lon="-16.804970">
        <ele>551.3</ele>
        <time>2025-02-15T19:24:31.000Z</time>
        <sat>7</sat>
      </trkpt>
      <trkpt lat="32.754367" lon="-16.804993">
        <ele>551.5</ele>
        <time>2025-02-15T19:24:37.000Z</time>
        <sat>7</sat>
      </trkpt>
      <trkpt lat="32.754460" lon="-16.805023">
        <ele>551.6</ele>
        <time>2025-02-15T19:24:42.000Z</time>
        <sat>6</sat>
      </trkpt>
      <trkpt lat="32.754555" lon="-16.805030">
        <ele>551.6</ele>
        <time>2025-02-15T19:24:47.000Z</time>
        <sat>6</sat>
      </trkpt>
      <trkpt lat="32.754655" lon="-16.805040">
        <ele>551.8</ele>
        <time>2025-02-15T19:24:53.000Z</time>
        <sat>6</sat>
      </trkpt>
      <trkpt lat="32.754758" lon="-16.805030">
        <ele>552.0</ele>
        <time>2025-02-15T19:24:57.000Z</time>
        <sat>6</sat>
      </trkpt>
      <trkpt lat="32.754867" lon="-16.804998">
        <ele>552.2</ele>
        <time>2025-02-15T19:25:02.000Z</time>
        <sat>6</sat>
      </trkpt>
      <trkpt lat="32.754958" lon="-16.804948">
        <ele>552.1</ele>
        <time>2025-02-15T19:25:05.000Z</time>
        <sat>6</sat>
      </trkpt>
      <trkpt lat="32.755053" lon="-16.804917">
        <ele>552.2</ele>
        <time>2025-02-15T19:25:08.000Z</time>
        <sat>6</sat>
      </trkpt>
      <trkpt lat="32.755148" lon="-16.804897">
        <ele>552.3</ele>
        <time>2025-02-15T19:25:12.000Z</time>
        <sat>6</sat>
      </trkpt>
      <trkpt lat="32.755257" lon="-16.804860">
        <ele>552.4</ele>
        <time>2025-02-15T19:25:16.000Z</time>
        <sat>6</sat>
      </trkpt>
      <trkpt lat="32.755323" lon="-16.804770">
        <ele>552.6</ele>
        <time>2025-02-15T19:25:23.000Z</time>
        <sat>6</sat>
      </trkpt>
      <trkpt lat="32.755382" lon="-16.804685">
        <ele>552.7</ele>
        <time>2025-02-15T19:25:29.000Z</time>
        <sat>6</sat>
      </trkpt>
      <trkpt lat="32.755423" lon="-16.804580">
        <ele>552.7</ele>
        <time>2025-02-15T19:25:36.000Z</time>
        <sat>6</sat>
      </trkpt>
      <trkpt lat="32.755478" lon="-16.804478">
        <ele>552.6</ele>
        <time>2025-02-15T19:25:44.000Z</time>
        <sat>6</sat>
      </trkpt>
      <trkpt lat="32.755538" lon="-16.804398">
        <ele>552.4</ele>
        <time>2025-02-15T19:25:52.000Z</time>
        <sat>6</sat>
      </trkpt>
      <trkpt lat="32.755565" lon="-16.804290">
        <ele>552.1</ele>
        <time>2025-02-15T19:25:58.000Z</time>
        <sat>5</sat>
      </trkpt>
      <trkpt lat="32.755532" lon="-16.804183">
        <ele>551.9</ele>
        <time>2025-02-15T19:26:06.000Z</time>
        <sat>5</sat>
      </trkpt>
      <trkpt lat="32.755510" lon="-16.804062">
        <ele>551.9</ele>
        <time>2025-02-15T19:26:13.000Z</time>
        <sat>5</sat>
      </trkpt>
      <trkpt lat="32.755452" lon="-16.803975">
        <ele>551.9</ele>
        <time>2025-02-15T19:26:19.000Z</time>
        <sat>5</sat>
      </trkpt>
      <trkpt lat="32.755432" lon="-16.803870">
        <ele>552.0</ele>
        <time>2025-02-15T19:26:24.000Z</time>
        <sat>5</sat>
      </trkpt>
      <trkpt lat="32.755435" lon="-16.803753">
        <ele>552.0</ele>
        <time>2025-02-15T19:26:27.000Z</time>
        <sat>5</sat>
      </trkpt>
      <trkpt lat="32.755453" lon="-16.803645">
        <ele>552.0</ele>
        <time>2025-02-15T19:26:30.000Z</time>
        <sat>5</sat>
      </trkpt>
      <trkpt lat="32.755487" lon="-16.803522">
        <ele>552.0</ele>
        <time>2025-02-15T19:26:34.000Z</time>
        <sat>5</sat>
      </trkpt>
      <trkpt lat="32.755533" lon="-16.803405">
        <ele>552.1</ele>
        <time>2025-02-15T19:26:38.000Z</time>
        <sat>5</sat>
      </trkpt>
      <trkpt lat="32.755583" lon="-16.803307">
        <ele>552.1</ele>
        <time>2025-02-15T19:26:42.000Z</time>
        <sat>5</sat>
      </trkpt>
      <trkpt lat="32.755658" lon="-16.803223">
        <ele>552.2</ele>
        <time>2025-02-15T19:26:48.000Z</time>
        <sat>5</sat>
      </trkpt>
      <trkpt lat="32.755735" lon="-16.803148">
        <ele>552.3</ele>
        <time>2025-02-15T19:26:53.000Z</time>
        <sat>5</sat>
      </trkpt>
      <trkpt lat="32.755800" lon="-16.803058">
        <ele>552.4</ele>
        <time>2025-02-15T19:26:58.000Z</time>
        <sat>5</sat>
      </trkpt>
      <trkpt lat="32.755872" lon="-16.802972">
        <ele>552.4</ele>
        <time>2025-02-15T19:27:05.000Z</time>
        <sat>5</sat>
      </trkpt>
      <trkpt lat="32.755943" lon="-16.802887">
        <ele>552.3</ele>
        <time>2025-02-15T19:27:13.000Z</time>
        <sat>5</sat>
      </trkpt>
      <trkpt lat="32.755988" lon="-16.802788">
        <ele>552.2</ele>
        <time>2025-02-15T19:27:20.000Z</time>
        <sat>5</sat>
      </trkpt>
      <trkpt lat="32.756005" lon="-16.802677">
        <ele>551.9</ele>
        <time>2025-02-15T19:27:29.000Z</time>
        <sat>5</sat>
      </trkpt>
      <trkpt lat="32.755948" lon="-16.802593">
        <ele>551.9</ele>
        <time>2025-02-15T19:27:37.000Z</time>
        <sat>5</sat>
      </trkpt>
      <trkpt lat="32.755875" lon="-16.802517">
        <ele>551.9</ele>
        <time>2025-02-15T19:27:45.000Z</time>
        <sat>5</sat>
      </trkpt>
      <trkpt lat="32.755827" lon="-16.802407">
        <ele>551.9</ele>
        <time>2025-02-15T19:27:51.000Z</time>
        <sat>6</sat>
      </trkpt>
      <trkpt lat="32.755823" lon="-16.802283">
        <ele>551.8</ele>
        <time>2025-02-15T19:27:57.000Z</time>
        <sat>6</sat>
      </trkpt>
      <trkpt lat="32.755833" lon="-16.802173">
        <ele>551.8</ele>
        <time>2025-02-15T19:28:06.000Z</time>
        <sat>6</sat>
      </trkpt>
      <trkpt lat="32.755850" lon="-16.802062">
        <ele>552.0</ele>
        <time>2025-02-15T19:28:18.000Z</time>
        <sat>5</sat>
      </trkpt>
      <trkpt lat="32.755765" lon="-16.802025">
        <ele>552.1</ele>
        <time>2025-02-15T19:28:28.000Z</time>
        <sat>5</sat>
      </trkpt>
      <trkpt lat="32.755673" lon="-16.801988">
        <ele>552.0</ele>
        <time>2025-02-15T19:28:34.000Z</time>
        <sat>5</sat>
      </trkpt>
      <trkpt lat="32.755583" lon="-16.802008">
        <ele>551.9</ele>
        <time>2025-02-15T19:28:38.000Z</time>
        <sat>5</sat>
      </trkpt>
      <trkpt lat="32.755490" lon="-16.801988">
        <ele>551.9</ele>
        <time>2025-02-15T19:28:45.000Z</time>
        <sat>5</sat>
      </trkpt>
      <trkpt lat="32.755400" lon="-16.801948">
        <ele>551.8</ele>
        <time>2025-02-15T19:28:52.000Z</time>
        <sat>5</sat>
      </trkpt>
      <trkpt lat="32.755310" lon="-16.801925">
        <ele>551.7</ele>
        <time>2025-02-15T19:29:01.000Z</time>
        <sat>5</sat>
      </trkpt>
      <trkpt lat="32.755220" lon="-16.801942">
        <ele>551.6</ele>
        <time>2025-02-15T19:29:05.000Z</time>
        <sat>5</sat>
      </trkpt>
      <trkpt lat="32.755127" lon="-16.801985">
        <ele>551.5</ele>
        <time>2025-02-15T19:29:08.000Z</time>
        <sat>5</sat>
      </trkpt>
      <trkpt lat="32.755038" lon="-16.802022">
        <ele>551.5</ele>
        <time>2025-02-15T19:29:11.000Z</time>
        <sat>5</sat>
      </trkpt>
      <trkpt lat="32.754943" lon="-16.802052">
        <ele>551.5</ele>
        <time>2025-02-15T19:29:15.000Z</time>
        <sat>5</sat>
      </trkpt>
      <trkpt lat="32.754847" lon="-16.802083">
        <ele>551.4</ele>
        <time>2025-02-15T19:29:20.000Z</time>
        <sat>5</sat>
      </trkpt>
      <trkpt lat="32.754745" lon="-16.802130">
        <ele>551.4</ele>
        <time>2025-02-15T19:29:24.000Z</time>
        <sat>5</sat>
      </trkpt>
      <trkpt lat="32.754648" lon="-16.802180">
        <ele>551.3</ele>
        <time>2025-02-15T19:29:27.000Z</time>
        <sat>5</sat>
      </trkpt>
      <trkpt lat="32.754562" lon="-16.802217">
        <ele>551.3</ele>
        <time>2025-02-15T19:29:30.000Z</time>
        <sat>5</sat>
      </trkpt>
      <trkpt lat="32.754468" lon="-16.802223">
        <ele>551.3</ele>
        <time>2025-02-15T19:29:34.000Z</time>
        <sat>5</sat>
      </trkpt>
      <trkpt lat="32.754380" lon="-16.802192">
        <ele>551.3</ele>
        <time>2025-02-15T19:29:38.000Z</time>
        <sat>5</sat>
      </trkpt>
      <trkpt lat="32.754287" lon="-16.802135">
        <ele>551.2</ele>
        <time>2025-02-15T19:29:42.000Z</time>
        <sat>5</sat>
      </trkpt>
      <trkpt lat="32.754177" lon="-16.802107">
        <ele>551.1</ele>
        <time>2025-02-15T19:29:46.000Z</time>
        <sat>6</sat>
      </trkpt>
      <trkpt lat="32.754095" lon="-16.802038">
        <ele>551.1</ele>
        <time>2025-02-15T19:29:50.000Z</time>
        <sat>6</sat>
      </trkpt>
      <trkpt lat="32.754040" lon="-16.801935">
        <ele>551.1</ele>
        <time>2025-02-15T19:29:56.000Z</time>
        <sat>7</sat>
      </trkpt>
      <trkpt lat="32.754037" lon="-16.801823">
        <ele>551.0</ele>
        <time>2025-02-15T19:30:01.000Z</time>
        <sat>7</sat>
      </trkpt>
      <trkpt lat="32.754088" lon="-16.801718">
        <ele>550.9</ele>
        <time>2025-02-15T19:30:05.000Z</time>
        <sat>6</sat>
      </trkpt>
      <trkpt lat="32.754150" lon="-16.801622">
        <ele>550.8</ele>
        <time>2025-02-15T19:30:09.000Z</time>
        <sat>6</sat>
      </trkpt>
      <trkpt lat="32.754197" lon="-16.801520">
        <ele>550.5</ele>
        <time>2025-02-15T19:30:15.000Z</time>
        <sat>6</sat>
      </trkpt>
      <trkpt lat="32.754240" lon="-16.801420">
        <ele>550.1</ele>
        <time>2025-02-15T19:30:20.000Z</time>
        <sat>6</sat>
      </trkpt>
      <trkpt lat="32.754303" lon="-16.801333">
        <ele>549.8</ele>
        <time>2025-02-15T19:30:26.000Z</time>
        <sat>6</sat>
      </trkpt>
      <trkpt lat="32.754380" lon="-16.801260">
        <ele>549.5</ele>
        <time>2025-02-15T19:30:32.000Z</time>
        <sat>6</sat>
      </trkpt>
      <trkpt lat="32.754448" lon="-16.801182">
        <ele>549.5</ele>
        <time>2025-02-15T19:30:40.000Z</time>
        <sat>6</sat>
      </trkpt>
      <trkpt lat="32.754530" lon="-16.801115">
        <ele>549.5</ele>
        <time>2025-02-15T19:30:46.000Z</time>
        <sat>6</sat>
      </trkpt>
      <trkpt lat="32.754603" lon="-16.801047">
        <ele>549.2</ele>
        <time>2025-02-15T19:30:55.000Z</time>
        <sat>6</sat>
      </trkpt>
      <trkpt lat="32.754680" lon="-16.800977">
        <ele>549.1</ele>
        <time>2025-02-15T19:31:05.000Z</time>
        <sat>5</sat>
      </trkpt>
      <trkpt lat="32.754595" lon="-16.800928">
        <ele>549.2</ele>
        <time>2025-02-15T19:31:23.000Z</time>
        <sat>6</sat>
      </trkpt>
      <trkpt lat="32.754565" lon="-16.800823">
        <ele>549.4</ele>
        <time>2025-02-15T19:31:32.000Z</time>
        <sat>6</sat>
      </trkpt>
      <trkpt lat="32.754498" lon="-16.800747">
        <ele>549.5</ele>
        <time>2025-02-15T19:31:40.000Z</time>
        <sat>6</sat>
      </trkpt>
      <trkpt lat="32.754428" lon="-16.800670">
        <ele>549.6</ele>
        <time>2025-02-15T19:31:45.000Z</time>
        <sat>6</sat>
      </trkpt>
      <trkpt lat="32.754342" lon="-16.800615">
        <ele>549.6</ele>
        <time>2025-02-15T19:31:49.000Z</time>
        <sat>6</sat>
      </trkpt>
      <trkpt lat="32.754287" lon="-16.800510">
        <ele>549.6</ele>
        <time>2025-02-15T19:31:53.000Z</time>
        <sat>6</sat>
      </trkpt>
      <trkpt lat="32.754242" lon="-16.800413">
        <ele>549.6</ele>
        <time>2025-02-15T19:31:57.000Z</time>
        <sat>6</sat>
      </trkpt>
      <trkpt lat="32.754242" lon="-16.800302">
        <ele>549.7</ele>
        <time>2025-02-15T19:32:02.000Z</time>
        <sat>7</sat>
      </trkpt>
      <trkpt lat="32.754300" lon="-16.800192">
        <ele>549.7</ele>
        <time>2025-02-15T19:32:06.000Z</time>
        <sat>7</sat>
      </trkpt>
      <trkpt lat="32.754363" lon="-16.800098">
        <ele>549.8</ele>
        <time>2025-02-15T19:32:13.000Z</time>
        <sat>6</sat>
      </trkpt>
      <trkpt lat="32.754442" lon="-16.800040">
        <ele>549.8</ele>
        <time>2025-02-15T19:32:20.000Z</time>
        <sat>6</sat>
      </trkpt>
      <trkpt lat="32.754537" lon="-16.799995">
        <ele>549.7</ele>
        <time>2025-02-15T19:32:24.000Z</time>
        <sat>6</sat>
      </trkpt>
      <trkpt lat="32.754622" lon="-16.799960">
        <ele>549.8</ele>
        <time>2025-02-15T19:32:28.000Z</time>
        <sat>6</sat>
      </trkpt>
      <trkpt lat="32.754717" lon="-16.799948">
        <ele>549.8</ele>
        <time>2025-02-15T19:32:32.000Z</time>
        <sat>6</sat>
      </trkpt>
      <trkpt lat="32.754808" lon="-16.799902">
        <ele>549.9</ele>
        <time>2025-02-15T19:32:36.000Z</time>
        <sat>6</sat>
      </trkpt>
      <trkpt lat="32.754898" lon="-16.799885">
        <ele>549.9</ele>
        <time>2025-02-15T19:32:41.000Z</time>
        <sat>6</sat>
      </trkpt>
      <trkpt lat="32.754988" lon="-16.799838">
        <ele>550.0</ele>
        <time>2025-02-15T19:32:48.000Z</time>
        <sat>6</sat>
      </trkpt>
      <trkpt lat="32.755088" lon="-16.799842">
        <ele>550.3</ele>
        <time>2025-02-15T19:32:55.000Z</time>
        <sat>6</sat>
      </trkpt>
      <trkpt lat="32.755188" lon="-16.799868">
        <ele>551.9</ele>
        <time>2025-02-15T19:33:02.000Z</time>
        <sat>6</sat>
      </trkpt>
      <trkpt lat="32.755280" lon="-16.799833">
        <ele>553.3</ele>
        <time>2025-02-15T19:33:07.000Z</time>
        <sat>6</sat>
      </trkpt>
      <trkpt lat="32.755353" lon="-16.799733">
        <ele>553.5</ele>
        <time>2025-02-15T19:33:12.000Z</time>
        <sat>6</sat>
      </trkpt>
      <trkpt lat="32.755378" lon="-16.799620">
        <ele>553.5</ele>
        <time>2025-02-15T19:33:17.000Z</time>
        <sat>6</sat>
      </trkpt>
      <trkpt lat="32.755380" lon="-16.799492">
        <ele>553.3</ele>
        <time>2025-02-15T19:33:22.000Z</time>
        <sat>6</sat>
      </trkpt>
      <trkpt lat="32.755378" lon="-16.799380">
        <ele>553.0</ele>
        <time>2025-02-15T19:33:27.000Z</time>
        <sat>6</sat>
      </trkpt>
      <trkpt lat="32.755375" lon="-16.799250">
        <ele>552.5</ele>
        <time>2025-02-15T19:33:32.000Z</time>
        <sat>5</sat>
      </trkpt>
      <trkpt lat="32.755420" lon="-16.799147">
        <ele>552.0</ele>
        <time>2025-02-15T19:33:36.000Z</time>
        <sat>5</sat>
      </trkpt>
      <trkpt lat="32.755503" lon="-16.799065">
        <ele>551.0</ele>
        <time>2025-02-15T19:33:41.000Z</time>
        <sat>5</sat>
      </trkpt>
      <trkpt lat="32.755572" lon="-16.798967">
        <ele>549.7</ele>
        <time>2025-02-15T19:33:46.000Z</time>
        <sat>5</sat>
      </trkpt>
      <trkpt lat="32.755643" lon="-16.798902">
        <ele>547.0</ele>
        <time>2025-02-15T19:33:56.000Z</time>
        <sat>5</sat>
      </trkpt>
      <trkpt lat="32.755702" lon="-16.798847">
        <ele>546.6</ele>
        <time>2025-02-15T19:34:16.000Z</time>
        <sat>6</sat>
      </trkpt>
      <trkpt lat="32.755700" lon="-16.798843">
        <ele>546.6</ele>
        <time>2025-02-15T19:34:17.000Z</time>
        <sat>6</sat>
      </trkpt>
      <trkpt lat="32.755755" lon="-16.798928">
        <ele>547.2</ele>
        <time>2025-02-15T19:34:37.000Z</time>
        <sat>5</sat>
      </trkpt>
      <trkpt lat="32.755843" lon="-16.798972">
        <ele>550.5</ele>
        <time>2025-02-15T19:34:55.000Z</time>
        <sat>6</sat>
      </trkpt>
      <trkpt lat="32.755935" lon="-16.798950">
        <ele>554.4</ele>
        <time>2025-02-15T19:35:11.000Z</time>
        <sat>6</sat>
      </trkpt>
      <trkpt lat="32.755965" lon="-16.798967">
        <ele>556.0</ele>
        <time>2025-02-15T19:35:17.000Z</time>
        <sat>7</sat>
      </trkpt>
      <trkpt lat="32.755963" lon="-16.798968">
        <ele>556.4</ele>
        <time>2025-02-15T19:35:18.000Z</time>
        <sat>7</sat>
      </trkpt>
      <trkpt lat="32.755963" lon="-16.798970">
        <ele>556.9</ele>
        <time>2025-02-15T19:35:20.000Z</time>
        <sat>7</sat>
      </trkpt>
      <trkpt lat="32.755965" lon="-16.798970">
        <ele>557.2</ele>
        <time>2025-02-15T19:35:21.000Z</time>
        <sat>7</sat>
      </trkpt>
      <trkpt lat="32.755987" lon="-16.798982">
        <ele>558.4</ele>
        <time>2025-02-15T19:35:30.000Z</time>
        <sat>7</sat>
      </trkpt>
      <trkpt lat="32.755992" lon="-16.798975">
        <ele>558.5</ele>
        <time>2025-02-15T19:35:31.000Z</time>
        <sat>7</sat>
      </trkpt>
      <trkpt lat="32.756088" lon="-16.798972">
        <ele>560.0</ele>
        <time>2025-02-15T19:35:45.000Z</time>
        <sat>7</sat>
      </trkpt>
      <trkpt lat="32.756188" lon="-16.798952">
        <ele>563.3</ele>
        <time>2025-02-15T19:36:02.000Z</time>
        <sat>7</sat>
      </trkpt>
      <trkpt lat="32.756278" lon="-16.798998">
        <ele>563.4</ele>
        <time>2025-02-15T19:36:09.000Z</time>
        <sat>7</sat>
      </trkpt>
      <trkpt lat="32.756365" lon="-16.799028">
        <ele>563.8</ele>
        <time>2025-02-15T19:36:17.000Z</time>
        <sat>7</sat>
      </trkpt>
      <trkpt lat="32.756457" lon="-16.799057">
        <ele>564.3</ele>
        <time>2025-02-15T19:36:24.000Z</time>
        <sat>7</sat>
      </trkpt>
      <trkpt lat="32.756545" lon="-16.799090">
        <ele>564.1</ele>
        <time>2025-02-15T19:36:30.000Z</time>
        <sat>7</sat>
      </trkpt>
      <trkpt lat="32.756620" lon="-16.799155">
        <ele>563.2</ele>
        <time>2025-02-15T19:36:38.000Z</time>
        <sat>7</sat>
      </trkpt>
      <trkpt lat="32.756702" lon="-16.799210">
        <ele>557.2</ele>
        <time>2025-02-15T19:36:58.000Z</time>
        <sat>8</sat>
      </trkpt>
      <trkpt lat="32.756787" lon="-16.799270">
        <ele>554.9</ele>
        <time>2025-02-15T19:37:08.000Z</time>
        <sat>8</sat>
      </trkpt>
      <trkpt lat="32.756862" lon="-16.799345">
        <ele>550.6</ele>
        <time>2025-02-15T19:37:19.000Z</time>
        <sat>8</sat>
      </trkpt>
      <trkpt lat="32.756943" lon="-16.799410">
        <ele>546.5</ele>
        <time>2025-02-15T19:37:31.000Z</time>
        <sat>8</sat>
      </trkpt>
      <trkpt lat="32.757037" lon="-16.799450">
        <ele>544.7</ele>
        <time>2025-02-15T19:37:37.000Z</time>
        <sat>7</sat>
      </trkpt>
      <trkpt lat="32.757118" lon="-16.799507">
        <ele>539.8</ele>
        <time>2025-02-15T19:37:50.000Z</time>
        <sat>7</sat>
      </trkpt>
      <trkpt lat="32.757190" lon="-16.799572">
        <ele>537.1</ele>
        <time>2025-02-15T19:38:01.000Z</time>
        <sat>6</sat>
      </trkpt>
      <trkpt lat="32.757255" lon="-16.799648">
        <ele>535.0</ele>
        <time>2025-02-15T19:38:07.000Z</time>
        <sat>7</sat>
      </trkpt>
      <trkpt lat="32.757293" lon="-16.799752">
        <ele>533.8</ele>
        <time>2025-02-15T19:38:12.000Z</time>
        <sat>7</sat>
      </trkpt>
      <trkpt lat="32.757355" lon="-16.799830">
        <ele>532.8</ele>
        <time>2025-02-15T19:38:19.000Z</time>
        <sat>6</sat>
      </trkpt>
      <trkpt lat="32.757438" lon="-16.799883">
        <ele>531.7</ele>
        <time>2025-02-15T19:38:25.000Z</time>
        <sat>6</sat>
      </trkpt>
      <trkpt lat="32.757525" lon="-16.799918">
        <ele>531.1</ele>
        <time>2025-02-15T19:38:31.000Z</time>
        <sat>5</sat>
      </trkpt>
      <trkpt lat="32.757607" lon="-16.799980">
        <ele>530.3</ele>
        <time>2025-02-15T19:38:38.000Z</time>
        <sat>5</sat>
      </trkpt>
      <trkpt lat="32.757695" lon="-16.800017">
        <ele>529.0</ele>
        <time>2025-02-15T19:38:48.000Z</time>
        <sat>7</sat>
      </trkpt>
      <trkpt lat="32.757780" lon="-16.800075">
        <ele>526.9</ele>
        <time>2025-02-15T19:39:00.000Z</time>
        <sat>6</sat>
      </trkpt>
      <trkpt lat="32.757867" lon="-16.800130">
        <ele>523.7</ele>
        <time>2025-02-15T19:39:14.000Z</time>
        <sat>7</sat>
      </trkpt>
      <trkpt lat="32.757953" lon="-16.800188">
        <ele>519.9</ele>
        <time>2025-02-15T19:39:29.000Z</time>
        <sat>7</sat>
      </trkpt>
      <trkpt lat="32.758037" lon="-16.800247">
        <ele>516.6</ele>
        <time>2025-02-15T19:39:40.000Z</time>
        <sat>8</sat>
      </trkpt>
      <trkpt lat="32.758122" lon="-16.800303">
        <ele>513.6</ele>
        <time>2025-02-15T19:39:50.000Z</time>
        <sat>8</sat>
      </trkpt>
      <trkpt lat="32.758193" lon="-16.800370">
        <ele>510.8</ele>
        <time>2025-02-15T19:39:59.000Z</time>
        <sat>8</sat>
      </trkpt>
      <trkpt lat="32.758240" lon="-16.800462">
        <ele>504.8</ele>
        <time>2025-02-15T19:40:19.000Z</time>
        <sat>8</sat>
      </trkpt>
      <trkpt lat="32.758320" lon="-16.800515">
        <ele>499.6</ele>
        <time>2025-02-15T19:40:38.000Z</time>
        <sat>8</sat>
      </trkpt>
      <trkpt lat="32.758380" lon="-16.800595">
        <ele>493.3</ele>
        <time>2025-02-15T19:40:59.000Z</time>
        <sat>8</sat>
      </trkpt>
      <trkpt lat="32.758382" lon="-16.800592">
        <ele>492.1</ele>
        <time>2025-02-15T19:41:03.000Z</time>
        <sat>8</sat>
      </trkpt>
      <trkpt lat="32.758378" lon="-16.800595">
        <ele>491.7</ele>
        <time>2025-02-15T19:41:04.000Z</time>
        <sat>8</sat>
      </trkpt>
      <trkpt lat="32.758375" lon="-16.800597">
        <ele>490.5</ele>
        <time>2025-02-15T19:41:08.000Z</time>
        <sat>8</sat>
      </trkpt>
      <trkpt lat="32.758377" lon="-16.800595">
        <ele>490.2</ele>
        <time>2025-02-15T19:41:09.000Z</time>
        <sat>8</sat>
      </trkpt>
      <trkpt lat="32.758378" lon="-16.800595">
        <ele>489.9</ele>
        <time>2025-02-15T19:41:11.000Z</time>
        <sat>8</sat>
      </trkpt>
      <trkpt lat="32.758375" lon="-16.800595">
        <ele>489.7</ele>
        <time>2025-02-15T19:41:12.000Z</time>
        <sat>8</sat>
      </trkpt>
      <trkpt lat="32.758373" lon="-16.800597">
        <ele>488.2</ele>
        <time>2025-02-15T19:41:20.000Z</time>
        <sat>8</sat>
      </trkpt>
      <trkpt lat="32.758378" lon="-16.800593">
        <ele>487.9</ele>
        <time>2025-02-15T19:41:21.000Z</time>
        <sat>8</sat>
      </trkpt>
      <trkpt lat="32.758445" lon="-16.800560">
        <ele>481.9</ele>
        <time>2025-02-15T19:41:46.000Z</time>
        <sat>8</sat>
      </trkpt>
      <trkpt lat="32.758447" lon="-16.800558">
        <ele>481.7</ele>
        <time>2025-02-15T19:41:47.000Z</time>
        <sat>8</sat>
      </trkpt>
      <trkpt lat="32.758468" lon="-16.800565">
        <ele>479.8</ele>
        <time>2025-02-15T19:41:54.000Z</time>
        <sat>8</sat>
      </trkpt>
      <trkpt lat="32.758467" lon="-16.800567">
        <ele>479.5</ele>
        <time>2025-02-15T19:41:55.000Z</time>
        <sat>8</sat>
      </trkpt>
      <trkpt lat="32.758508" lon="-16.800632">
        <ele>473.7</ele>
        <time>2025-02-15T19:42:16.000Z</time>
        <sat>8</sat>
      </trkpt>
      <trkpt lat="32.758508" lon="-16.800633">
        <ele>473.6</ele>
        <time>2025-02-15T19:42:17.000Z</time>
        <sat>8</sat>
      </trkpt>
      <trkpt lat="32.758548" lon="-16.800732">
        <ele>467.4</ele>
        <time>2025-02-15T19:42:41.000Z</time>
        <sat>8</sat>
      </trkpt>
      <trkpt lat="32.758603" lon="-16.800820">
        <ele>463.6</ele>
        <time>2025-02-15T19:42:58.000Z</time>
        <sat>7</sat>
      </trkpt>
      <trkpt lat="32.758682" lon="-16.800878">
        <ele>460.3</ele>
        <time>2025-02-15T19:43:10.000Z</time>
        <sat>7</sat>
      </trkpt>
      <trkpt lat="32.758752" lon="-16.800953">
        <ele>455.8</ele>
        <time>2025-02-15T19:43:27.000Z</time>
        <sat>7</sat>
      </trkpt>
      <trkpt lat="32.758842" lon="-16.800990">
        <ele>451.2</ele>
        <time>2025-02-15T19:43:42.000Z</time>
        <sat>7</sat>
      </trkpt>
      <trkpt lat="32.758917" lon="-16.801050">
        <ele>446.4</ele>
        <time>2025-02-15T19:43:59.000Z</time>
        <sat>7</sat>
      </trkpt>
      <trkpt lat="32.758995" lon="-16.801103">
        <ele>442.8</ele>
        <time>2025-02-15T19:44:12.000Z</time>
        <sat>8</sat>
      </trkpt>
      <trkpt lat="32.759077" lon="-16.801157">
        <ele>440.1</ele>
        <time>2025-02-15T19:44:21.000Z</time>
        <sat>8</sat>
      </trkpt>
      <trkpt lat="32.759113" lon="-16.801265">
        <ele>437.0</ele>
        <time>2025-02-15T19:44:31.000Z</time>
        <sat>8</sat>
      </trkpt>
      <trkpt lat="32.759172" lon="-16.801353">
        <ele>433.1</ele>
        <time>2025-02-15T19:44:41.000Z</time>
        <sat>7</sat>
      </trkpt>
      <trkpt lat="32.759255" lon="-16.801400">
        <ele>424.6</ele>
        <time>2025-02-15T19:45:04.000Z</time>
        <sat>7</sat>
      </trkpt>
      <trkpt lat="32.759283" lon="-16.801292">
        <ele>417.9</ele>
        <time>2025-02-15T19:45:24.000Z</time>
        <sat>7</sat>
      </trkpt>
      <trkpt lat="32.759278" lon="-16.801177">
        <ele>414.3</ele>
        <time>2025-02-15T19:45:34.000Z</time>
        <sat>7</sat>
      </trkpt>
      <trkpt lat="32.759350" lon="-16.801112">
        <ele>406.7</ele>
        <time>2025-02-15T19:45:57.000Z</time>
        <sat>7</sat>
      </trkpt>
      <trkpt lat="32.759427" lon="-16.801098">
        <ele>403.0</ele>
        <time>2025-02-15T19:46:12.000Z</time>
        <sat>7</sat>
      </trkpt>
      <trkpt lat="32.759427" lon="-16.801100">
        <ele>402.8</ele>
        <time>2025-02-15T19:46:13.000Z</time>
        <sat>7</sat>
      </trkpt>
      <trkpt lat="32.759503" lon="-16.801157">
        <ele>398.3</ele>
        <time>2025-02-15T19:46:33.000Z</time>
        <sat>7</sat>
      </trkpt>
      <trkpt lat="32.759585" lon="-16.801217">
        <ele>394.6</ele>
        <time>2025-02-15T19:46:45.000Z</time>
        <sat>7</sat>
      </trkpt>
      <trkpt lat="32.759653" lon="-16.801288">
        <ele>389.5</ele>
        <time>2025-02-15T19:47:00.000Z</time>
        <sat>7</sat>
      </trkpt>
      <trkpt lat="32.759738" lon="-16.801332">
        <ele>383.6</ele>
        <time>2025-02-15T19:47:24.000Z</time>
        <sat>7</sat>
      </trkpt>
      <trkpt lat="32.759832" lon="-16.801345">
        <ele>373.1</ele>
        <time>2025-02-15T19:47:59.000Z</time>
        <sat>7</sat>
      </trkpt>
      <trkpt lat="32.759872" lon="-16.801247">
        <ele>366.8</ele>
        <time>2025-02-15T19:48:21.000Z</time>
        <sat>7</sat>
      </trkpt>
      <trkpt lat="32.759963" lon="-16.801228">
        <ele>363.0</ele>
        <time>2025-02-15T19:48:34.000Z</time>
        <sat>7</sat>
      </trkpt>
      <trkpt lat="32.760053" lon="-16.801228">
        <ele>360.5</ele>
        <time>2025-02-15T19:48:42.000Z</time>
        <sat>7</sat>
      </trkpt>
      <trkpt lat="32.760147" lon="-16.801230">
        <ele>355.8</ele>
        <time>2025-02-15T19:48:57.000Z</time>
        <sat>7</sat>
      </trkpt>
      <trkpt lat="32.760228" lon="-16.801283">
        <ele>352.8</ele>
        <time>2025-02-15T19:49:08.000Z</time>
        <sat>7</sat>
      </trkpt>
      <trkpt lat="32.760245" lon="-16.801295">
        <ele>351.2</ele>
        <time>2025-02-15T19:49:13.000Z</time>
        <sat>7</sat>
      </trkpt>
      <trkpt lat="32.760248" lon="-16.801298">
        <ele>350.9</ele>
        <time>2025-02-15T19:49:14.000Z</time>
        <sat>7</sat>
      </trkpt>
      <trkpt lat="32.760330" lon="-16.801350">
        <ele>347.7</ele>
        <time>2025-02-15T19:49:27.000Z</time>
        <sat>7</sat>
      </trkpt>
      <trkpt lat="32.760382" lon="-16.801440">
        <ele>343.5</ele>
        <time>2025-02-15T19:49:49.000Z</time>
        <sat>7</sat>
      </trkpt>
      <trkpt lat="32.760462" lon="-16.801492">
        <ele>340.0</ele>
        <time>2025-02-15T19:50:01.000Z</time>
        <sat>7</sat>
      </trkpt>
      <trkpt lat="32.760522" lon="-16.801590">
        <ele>337.6</ele>
        <time>2025-02-15T19:50:08.000Z</time>
        <sat>7</sat>
      </trkpt>
      <trkpt lat="32.760560" lon="-16.801702">
        <ele>335.5</ele>
        <time>2025-02-15T19:50:14.000Z</time>
        <sat>7</sat>
      </trkpt>
      <trkpt lat="32.760535" lon="-16.801813">
        <ele>332.4</ele>
        <time>2025-02-15T19:50:22.000Z</time>
        <sat>7</sat>
      </trkpt>
      <trkpt lat="32.760557" lon="-16.801923">
        <ele>330.3</ele>
        <time>2025-02-15T19:50:27.000Z</time>
        <sat>7</sat>
      </trkpt>
      <trkpt lat="32.760582" lon="-16.802032">
        <ele>328.9</ele>
        <time>2025-02-15T19:50:31.000Z</time>
        <sat>7</sat>
      </trkpt>
      <trkpt lat="32.760653" lon="-16.802097">
        <ele>327.3</ele>
        <time>2025-02-15T19:50:36.000Z</time>
        <sat>7</sat>
      </trkpt>
      <trkpt lat="32.760752" lon="-16.802138">
        <ele>325.3</ele>
        <time>2025-02-15T19:50:42.000Z</time>
        <sat>7</sat>
      </trkpt>
      <trkpt lat="32.760850" lon="-16.802150">
        <ele>321.9</ele>
        <time>2025-02-15T19:50:52.000Z</time>
        <sat>7</sat>
      </trkpt>
      <trkpt lat="32.760940" lon="-16.802107">
        <ele>316.5</ele>
        <time>2025-02-15T19:51:11.000Z</time>
        <sat>7</sat>
      </trkpt>
      <trkpt lat="32.761033" lon="-16.802117">
        <ele>311.9</ele>
        <time>2025-02-15T19:51:24.000Z</time>
        <sat>7</sat>
      </trkpt>
      <trkpt lat="32.761132" lon="-16.802155">
        <ele>309.3</ele>
        <time>2025-02-15T19:51:32.000Z</time>
        <sat>7</sat>
      </trkpt>
      <trkpt lat="32.761193" lon="-16.802238">
        <ele>306.8</ele>
        <time>2025-02-15T19:51:40.000Z</time>
        <sat>7</sat>
      </trkpt>
      <trkpt lat="32.761208" lon="-16.802348">
        <ele>304.9</ele>
        <time>2025-02-15T19:51:46.000Z</time>
        <sat>7</sat>
      </trkpt>
      <trkpt lat="32.761175" lon="-16.802457">
        <ele>303.1</ele>
        <time>2025-02-15T19:51:51.000Z</time>
        <sat>7</sat>
      </trkpt>
      <trkpt lat="32.761188" lon="-16.802570">
        <ele>300.6</ele>
        <time>2025-02-15T19:51:59.000Z</time>
        <sat>7</sat>
      </trkpt>
      <trkpt lat="32.761258" lon="-16.802658">
        <ele>299.3</ele>
        <time>2025-02-15T19:52:03.000Z</time>
        <sat>7</sat>
      </trkpt>
      <trkpt lat="32.761328" lon="-16.802773">
        <ele>298.0</ele>
        <time>2025-02-15T19:52:07.000Z</time>
        <sat>7</sat>
      </trkpt>
      <trkpt lat="32.761402" lon="-16.802860">
        <ele>296.8</ele>
        <time>2025-02-15T19:52:11.000Z</time>
        <sat>6</sat>
      </trkpt>
      <trkpt lat="32.761468" lon="-16.802950">
        <ele>295.5</ele>
        <time>2025-02-15T19:52:15.000Z</time>
        <sat>6</sat>
      </trkpt>
      <trkpt lat="32.761512" lon="-16.803065">
        <ele>294.1</ele>
        <time>2025-02-15T19:52:19.000Z</time>
        <sat>6</sat>
      </trkpt>
      <trkpt lat="32.761530" lon="-16.803175">
        <ele>293.1</ele>
        <time>2025-02-15T19:52:22.000Z</time>
        <sat>6</sat>
      </trkpt>
      <trkpt lat="32.761547" lon="-16.803310">
        <ele>291.8</ele>
        <time>2025-02-15T19:52:26.000Z</time>
        <sat>7</sat>
      </trkpt>
      <trkpt lat="32.761533" lon="-16.803428">
        <ele>290.5</ele>
        <time>2025-02-15T19:52:30.000Z</time>
        <sat>7</sat>
      </trkpt>
      <trkpt lat="32.761523" lon="-16.803562">
        <ele>289.0</ele>
        <time>2025-02-15T19:52:35.000Z</time>
        <sat>7</sat>
      </trkpt>
      <trkpt lat="32.761538" lon="-16.803685">
        <ele>287.9</ele>
        <time>2025-02-15T19:52:39.000Z</time>
        <sat>7</sat>
      </trkpt>
      <trkpt lat="32.761550" lon="-16.803795">
        <ele>286.8</ele>
        <time>2025-02-15T19:52:43.000Z</time>
        <sat>7</sat>
      </trkpt>
      <trkpt lat="32.761540" lon="-16.803907">
        <ele>285.4</ele>
        <time>2025-02-15T19:52:49.000Z</time>
        <sat>7</sat>
      </trkpt>
      <trkpt lat="32.761532" lon="-16.804015">
        <ele>283.5</ele>
        <time>2025-02-15T19:52:56.000Z</time>
        <sat>7</sat>
      </trkpt>
      <trkpt lat="32.761532" lon="-16.804135">
        <ele>280.7</ele>
        <time>2025-02-15T19:53:04.000Z</time>
        <sat>7</sat>
      </trkpt>
      <trkpt lat="32.761532" lon="-16.804243">
        <ele>277.3</ele>
        <time>2025-02-15T19:53:12.000Z</time>
        <sat>7</sat>
      </trkpt>
      <trkpt lat="32.761605" lon="-16.804163">
        <ele>270.5</ele>
        <time>2025-02-15T19:53:36.000Z</time>
        <sat>7</sat>
      </trkpt>
      <trkpt lat="32.761618" lon="-16.804043">
        <ele>270.2</ele>
        <time>2025-02-15T19:53:43.000Z</time>
        <sat>7</sat>
      </trkpt>
      <trkpt lat="32.761627" lon="-16.803932">
        <ele>269.7</ele>
        <time>2025-02-15T19:53:50.000Z</time>
        <sat>7</sat>
      </trkpt>
      <trkpt lat="32.761623" lon="-16.803823">
        <ele>269.9</ele>
        <time>2025-02-15T19:54:02.000Z</time>
        <sat>7</sat>
      </trkpt>
      <trkpt lat="32.761623" lon="-16.803820">
        <ele>269.8</ele>
        <time>2025-02-15T19:54:05.000Z</time>
        <sat>7</sat>
      </trkpt>
      <trkpt lat="32.761625" lon="-16.803820">
        <ele>269.7</ele>
        <time>2025-02-15T19:54:07.000Z</time>
        <sat>7</sat>
      </trkpt>
      <trkpt lat="32.761625" lon="-16.803820">
        <ele>269.7</ele>
        <time>2025-02-15T19:54:08.000Z</time>
        <sat>7</sat>
      </trkpt>
      <trkpt lat="32.761625" lon="-16.803818">
        <ele>269.7</ele>
        <time>2025-02-15T19:54:09.000Z</time>
        <sat>7</sat>
      </trkpt>
      <trkpt lat="32.761627" lon="-16.803817">
        <ele>269.7</ele>
        <time>2025-02-15T19:54:12.000Z</time>
        <sat>7</sat>
      </trkpt>
      <trkpt lat="32.761628" lon="-16.803815">
        <ele>269.7</ele>
        <time>2025-02-15T19:54:14.000Z</time>
        <sat>7</sat>
      </trkpt>
      <trkpt lat="32.761628" lon="-16.803815">
        <ele>269.7</ele>
        <time>2025-02-15T19:54:15.000Z</time>
        <sat>7</sat>
      </trkpt>
      <trkpt lat="32.761628" lon="-16.803813">
        <ele>269.7</ele>
        <time>2025-02-15T19:54:17.000Z</time>
        <sat>7</sat>
      </trkpt>
      <trkpt lat="32.761628" lon="-16.803813">
        <ele>269.6</ele>
        <time>2025-02-15T19:54:18.000Z</time>
        <sat>7</sat>
      </trkpt>
      <trkpt lat="32.761628" lon="-16.803812">
        <ele>269.6</ele>
        <time>2025-02-15T19:54:19.000Z</time>
        <sat>7</sat>
      </trkpt>
      <trkpt lat="32.761623" lon="-16.803703">
        <ele>269.6</ele>
        <time>2025-02-15T19:54:28.000Z</time>
        <sat>7</sat>
      </trkpt>
      <trkpt lat="32.761638" lon="-16.803588">
        <ele>269.6</ele>
        <time>2025-02-15T19:54:36.000Z</time>
        <sat>7</sat>
      </trkpt>
      <trkpt lat="32.761680" lon="-16.803488">
        <ele>269.5</ele>
        <time>2025-02-15T19:54:44.000Z</time>
        <sat>7</sat>
      </trkpt>
      <trkpt lat="32.761713" lon="-16.803388">
        <ele>269.5</ele>
        <time>2025-02-15T19:54:51.000Z</time>
        <sat>7</sat>
      </trkpt>
      <trkpt lat="32.761747" lon="-16.803285">
        <ele>269.4</ele>
        <time>2025-02-15T19:54:58.000Z</time>
        <sat>7</sat>
      </trkpt>
      <trkpt lat="32.761783" lon="-16.803178">
        <ele>269.4</ele>
        <time>2025-02-15T19:55:05.000Z</time>
        <sat>7</sat>
      </trkpt>
      <trkpt lat="32.761827" lon="-16.803068">
        <ele>269.4</ele>
        <time>2025-02-15T19:55:13.000Z</time>
        <sat>7</sat>
      </trkpt>
      <trkpt lat="32.761860" lon="-16.802962">
        <ele>269.6</ele>
        <time>2025-02-15T19:55:21.000Z</time>
        <sat>7</sat>
      </trkpt>
      <trkpt lat="32.761890" lon="-16.802860">
        <ele>269.8</ele>
        <time>2025-02-15T19:55:29.000Z</time>
        <sat>7</sat>
      </trkpt>
      <trkpt lat="32.761897" lon="-16.802748">
        <ele>270.2</ele>
        <time>2025-02-15T19:55:36.000Z</time>
        <sat>7</sat>
      </trkpt>
      <trkpt lat="32.761860" lon="-16.802650">
        <ele>270.9</ele>
        <time>2025-02-15T19:55:42.000Z</time>
        <sat>7</sat>
      </trkpt>
      <trkpt lat="32.761812" lon="-16.802552">
        <ele>272.0</ele>
        <time>2025-02-15T19:55:48.000Z</time>
        <sat>7</sat>
      </trkpt>
      <trkpt lat="32.761752" lon="-16.802448">
        <ele>272.9</ele>
        <time>2025-02-15T19:55:53.000Z</time>
        <sat>7</sat>
      </trkpt>
      <trkpt lat="32.761705" lon="-16.802355">
        <ele>273.4</ele>
        <time>2025-02-15T19:55:57.000Z</time>
        <sat>7</sat>
      </trkpt>
      <trkpt lat="32.761638" lon="-16.802258">
        <ele>273.8</ele>
        <time>2025-02-15T19:56:01.000Z</time>
        <sat>7</sat>
      </trkpt>
      <trkpt lat="32.761545" lon="-16.802175">
        <ele>274.2</ele>
        <time>2025-02-15T19:56:05.000Z</time>
        <sat>7</sat>
      </trkpt>
      <trkpt lat="32.761473" lon="-16.802102">
        <ele>274.5</ele>
        <time>2025-02-15T19:56:09.000Z</time>
        <sat>7</sat>
      </trkpt>
      <trkpt lat="32.761390" lon="-16.802015">
        <ele>274.7</ele>
        <time>2025-02-15T19:56:13.000Z</time>
        <sat>7</sat>
      </trkpt>
      <trkpt lat="32.761323" lon="-16.801927">
        <ele>275.0</ele>
        <time>2025-02-15T19:56:18.000Z</time>
        <sat>7</sat>
      </trkpt>
      <trkpt lat="32.761243" lon="-16.801843">
        <ele>275.3</ele>
        <time>2025-02-15T19:56:24.000Z</time>
        <sat>7</sat>
      </trkpt>
      <trkpt lat="32.761142" lon="-16.801798">
        <ele>275.4</ele>
        <time>2025-02-15T19:56:28.000Z</time>
        <sat>7</sat>
      </trkpt>
      <trkpt lat="32.761063" lon="-16.801725">
        <ele>275.5</ele>
        <time>2025-02-15T19:56:32.000Z</time>
        <sat>7</sat>
      </trkpt>
      <trkpt lat="32.760995" lon="-16.801635">
        <ele>275.5</ele>
        <time>2025-02-15T19:56:37.000Z</time>
        <sat>7</sat>
      </trkpt>
      <trkpt lat="32.760962" lon="-16.801533">
        <ele>275.6</ele>
        <time>2025-02-15T19:56:41.000Z</time>
        <sat>7</sat>
      </trkpt>
      <trkpt lat="32.760925" lon="-16.801428">
        <ele>275.6</ele>
        <time>2025-02-15T19:56:45.000Z</time>
        <sat>7</sat>
      </trkpt>
      <trkpt lat="32.760900" lon="-16.801312">
        <ele>275.6</ele>
        <time>2025-02-15T19:56:49.000Z</time>
        <sat>7</sat>
      </trkpt>
      <trkpt lat="32.760893" lon="-16.801188">
        <ele>275.5</ele>
        <time>2025-02-15T19:56:54.000Z</time>
        <sat>7</sat>
      </trkpt>
      <trkpt lat="32.760850" lon="-16.801078">
        <ele>275.5</ele>
        <time>2025-02-15T19:57:02.000Z</time>
        <sat>7</sat>
      </trkpt>
      <trkpt lat="32.760825" lon="-16.800968">
        <ele>275.5</ele>
        <time>2025-02-15T19:57:07.000Z</time>
        <sat>7</sat>
      </trkpt>
      <trkpt lat="32.760785" lon="-16.800862">
        <ele>275.5</ele>
        <time>2025-02-15T19:57:11.000Z</time>
        <sat>7</sat>
      </trkpt>
      <trkpt lat="32.760733" lon="-16.800757">
        <ele>275.4</ele>
        <time>2025-02-15T19:57:15.000Z</time>
        <sat>7</sat>
      </trkpt>
      <trkpt lat="32.760682" lon="-16.800662">
        <ele>275.4</ele>
        <time>2025-02-15T19:57:20.000Z</time>
        <sat>7</sat>
      </trkpt>
      <trkpt lat="32.760628" lon="-16.800573">
        <ele>275.3</ele>
        <time>2025-02-15T19:57:26.000Z</time>
        <sat>7</sat>
      </trkpt>
      <trkpt lat="32.760543" lon="-16.800505">
        <ele>275.3</ele>
        <time>2025-02-15T19:57:33.000Z</time>
        <sat>7</sat>
      </trkpt>
      <trkpt lat="32.760453" lon="-16.800482">
        <ele>275.3</ele>
        <time>2025-02-15T19:57:39.000Z</time>
        <sat>7</sat>
      </trkpt>
      <trkpt lat="32.760360" lon="-16.800457">
        <ele>275.3</ele>
        <time>2025-02-15T19:57:43.000Z</time>
        <sat>7</sat>
      </trkpt>
      <trkpt lat="32.760282" lon="-16.800403">
        <ele>275.3</ele>
        <time>2025-02-15T19:57:54.000Z</time>
        <sat>7</sat>
      </trkpt>
      <trkpt lat="32.760233" lon="-16.800297">
        <ele>275.4</ele>
        <time>2025-02-15T19:57:58.000Z</time>
        <sat>7</sat>
      </trkpt>
      <trkpt lat="32.760155" lon="-16.800228">
        <ele>275.4</ele>
        <time>2025-02-15T19:58:02.000Z</time>
        <sat>7</sat>
      </trkpt>
      <trkpt lat="32.760097" lon="-16.800123">
        <ele>275.5</ele>
        <time>2025-02-15T19:58:06.000Z</time>
        <sat>7</sat>
      </trkpt>
      <trkpt lat="32.760042" lon="-16.800037">
        <ele>275.5</ele>
        <time>2025-02-15T19:58:10.000Z</time>
        <sat>7</sat>
      </trkpt>
      <trkpt lat="32.760003" lon="-16.799932">
        <ele>275.6</ele>
        <time>2025-02-15T19:58:14.000Z</time>
        <sat>7</sat>
      </trkpt>
      <trkpt lat="32.759997" lon="-16.799812">
        <ele>275.7</ele>
        <time>2025-02-15T19:58:18.000Z</time>
        <sat>7</sat>
      </trkpt>
      <trkpt lat="32.759922" lon="-16.799742">
        <ele>276.2</ele>
        <time>2025-02-15T19:58:29.000Z</time>
        <sat>7</sat>
      </trkpt>
      <trkpt lat="32.759855" lon="-16.799668">
        <ele>278.3</ele>
        <time>2025-02-15T19:58:38.000Z</time>
        <sat>7</sat>
      </trkpt>
      <trkpt lat="32.759827" lon="-16.799558">
        <ele>279.7</ele>
        <time>2025-02-15T19:58:45.000Z</time>
        <sat>7</sat>
      </trkpt>
      <trkpt lat="32.759780" lon="-16.799458">
        <ele>280.9</ele>
        <time>2025-02-15T19:58:51.000Z</time>
        <sat>7</sat>
      </trkpt>
      <trkpt lat="32.759732" lon="-16.799367">
        <ele>281.8</ele>
        <time>2025-02-15T19:58:57.000Z</time>
        <sat>7</sat>
      </trkpt>
      <trkpt lat="32.759677" lon="-16.799263">
        <ele>282.5</ele>
        <time>2025-02-15T19:59:04.000Z</time>
        <sat>7</sat>
      </trkpt>
      <trkpt lat="32.759585" lon="-16.799227">
        <ele>282.7</ele>
        <time>2025-02-15T19:59:09.000Z</time>
        <sat>7</sat>
      </trkpt>
      <trkpt lat="32.759508" lon="-16.799158">
        <ele>283.0</ele>
        <time>2025-02-15T19:59:15.000Z</time>
        <sat>7</sat>
      </trkpt>
      <trkpt lat="32.759415" lon="-16.799103">
        <ele>283.2</ele>
        <time>2025-02-15T19:59:20.000Z</time>
        <sat>7</sat>
      </trkpt>
      <trkpt lat="32.759362" lon="-16.799017">
        <ele>283.8</ele>
        <time>2025-02-15T19:59:27.000Z</time>
        <sat>7</sat>
      </trkpt>
      <trkpt lat="32.759338" lon="-16.798908">
        <ele>284.1</ele>
        <time>2025-02-15T19:59:31.000Z</time>
        <sat>7</sat>
      </trkpt>
      <trkpt lat="32.759348" lon="-16.798797">
        <ele>284.4</ele>
        <time>2025-02-15T19:59:35.000Z</time>
        <sat>7</sat>
      </trkpt>
      <trkpt lat="32.759345" lon="-16.798688">
        <ele>284.7</ele>
        <time>2025-02-15T19:59:39.000Z</time>
        <sat>7</sat>
      </trkpt>
      <trkpt lat="32.759303" lon="-16.798593">
        <ele>285.0</ele>
        <time>2025-02-15T19:59:43.000Z</time>
        <sat>7</sat>
      </trkpt>
      <trkpt lat="32.759218" lon="-16.798525">
        <ele>285.2</ele>
        <time>2025-02-15T19:59:48.000Z</time>
        <sat>7</sat>
      </trkpt>
      <trkpt lat="32.759148" lon="-16.798435">
        <ele>285.3</ele>
        <time>2025-02-15T19:59:53.000Z</time>
        <sat>7</sat>
      </trkpt>
      <trkpt lat="32.759093" lon="-16.798348">
        <ele>285.2</ele>
        <time>2025-02-15T19:59:59.000Z</time>
        <sat>7</sat>
      </trkpt>
      <trkpt lat="32.759165" lon="-16.798263">
        <ele>285.2</ele>
        <time>2025-02-15T20:00:09.000Z</time>
        <sat>7</sat>
      </trkpt>
      <trkpt lat="32.759253" lon="-16.798242">
        <ele>285.1</ele>
        <time>2025-02-15T20:00:13.000Z</time>
        <sat>7</sat>
      </trkpt>
      <trkpt lat="32.759327" lon="-16.798178">
        <ele>285.1</ele>
        <time>2025-02-15T20:00:17.000Z</time>
        <sat>7</sat>
      </trkpt>
      <trkpt lat="32.759383" lon="-16.798095">
        <ele>284.9</ele>
        <time>2025-02-15T20:00:22.000Z</time>
        <sat>7</sat>
      </trkpt>
      <trkpt lat="32.759463" lon="-16.798043">
        <ele>284.9</ele>
        <time>2025-02-15T20:00:26.000Z</time>
        <sat>7</sat>
      </trkpt>
      <trkpt lat="32.759550" lon="-16.798013">
        <ele>284.8</ele>
        <time>2025-02-15T20:00:30.000Z</time>
        <sat>7</sat>
      </trkpt>
      <trkpt lat="32.759630" lon="-16.797955">
        <ele>284.7</ele>
        <time>2025-02-15T20:00:34.000Z</time>
        <sat>7</sat>
      </trkpt>
      <trkpt lat="32.759678" lon="-16.797837">
        <ele>284.5</ele>
        <time>2025-02-15T20:00:39.000Z</time>
        <sat>7</sat>
      </trkpt>
      <trkpt lat="32.759717" lon="-16.797712">
        <ele>284.3</ele>
        <time>2025-02-15T20:00:44.000Z</time>
        <sat>7</sat>
      </trkpt>
      <trkpt lat="32.759768" lon="-16.797617">
        <ele>284.3</ele>
        <time>2025-02-15T20:00:48.000Z</time>
        <sat>7</sat>
      </trkpt>
      <trkpt lat="32.759843" lon="-16.797550">
        <ele>284.4</ele>
        <time>2025-02-15T20:00:52.000Z</time>
        <sat>7</sat>
      </trkpt>
      <trkpt lat="32.759893" lon="-16.797455">
        <ele>284.5</ele>
        <time>2025-02-15T20:00:58.000Z</time>
        <sat>7</sat>
      </trkpt>
      <trkpt lat="32.759953" lon="-16.797360">
        <ele>284.7</ele>
        <time>2025-02-15T20:01:06.000Z</time>
        <sat>7</sat>
      </trkpt>
      <trkpt lat="32.760028" lon="-16.797290">
        <ele>284.9</ele>
        <time>2025-02-15T20:01:14.000Z</time>
        <sat>7</sat>
      </trkpt>
      <trkpt lat="32.760100" lon="-16.797222">
        <ele>284.9</ele>
        <time>2025-02-15T20:01:19.000Z</time>
        <sat>7</sat>
      </trkpt>
      <trkpt lat="32.760153" lon="-16.797110">
        <ele>285.0</ele>
        <time>2025-02-15T20:01:24.000Z</time>
        <sat>7</sat>
      </trkpt>
      <trkpt lat="32.760230" lon="-16.797020">
        <ele>285.1</ele>
        <time>2025-02-15T20:01:29.000Z</time>
        <sat>7</sat>
      </trkpt>
      <trkpt lat="32.760302" lon="-16.796945">
        <ele>285.1</ele>
        <time>2025-02-15T20:01:33.000Z</time>
        <sat>7</sat>
      </trkpt>
      <trkpt lat="32.760332" lon="-16.796832">
        <ele>285.1</ele>
        <time>2025-02-15T20:01:37.000Z</time>
        <sat>7</sat>
      </trkpt>
      <trkpt lat="32.760267" lon="-16.796737">
        <ele>285.2</ele>
        <time>2025-02-15T20:01:41.000Z</time>
        <sat>7</sat>
      </trkpt>
      <trkpt lat="32.760185" lon="-16.796655">
        <ele>285.2</ele>
        <time>2025-02-15T20:01:46.000Z</time>
        <sat>7</sat>
      </trkpt>
      <trkpt lat="32.760098" lon="-16.796605">
        <ele>285.2</ele>
        <time>2025-02-15T20:01:50.000Z</time>
        <sat>7</sat>
      </trkpt>
      <trkpt lat="32.759998" lon="-16.796560">
        <ele>285.2</ele>
        <time>2025-02-15T20:01:54.000Z</time>
        <sat>7</sat>
      </trkpt>
      <trkpt lat="32.759908" lon="-16.796532">
        <ele>285.3</ele>
        <time>2025-02-15T20:02:00.000Z</time>
        <sat>7</sat>
      </trkpt>
      <trkpt lat="32.759845" lon="-16.796442">
        <ele>285.2</ele>
        <time>2025-02-15T20:02:10.000Z</time>
        <sat>6</sat>
      </trkpt>
      <trkpt lat="32.759930" lon="-16.796392">
        <ele>284.7</ele>
        <time>2025-02-15T20:02:37.000Z</time>
        <sat>7</sat>
      </trkpt>
      <trkpt lat="32.760008" lon="-16.796333">
        <ele>284.7</ele>
        <time>2025-02-15T20:02:44.000Z</time>
        <sat>6</sat>
      </trkpt>
      <trkpt lat="32.760093" lon="-16.796297">
        <ele>284.8</ele>
        <time>2025-02-15T20:02:52.000Z</time>
        <sat>6</sat>
      </trkpt>
      <trkpt lat="32.760180" lon="-16.796267">
        <ele>285.0</ele>
        <time>2025-02-15T20:02:58.000Z</time>
        <sat>6</sat>
      </trkpt>
      <trkpt lat="32.760287" lon="-16.796248">
        <ele>285.1</ele>
        <time>2025-02-15T20:03:06.000Z</time>
        <sat>6</sat>
      </trkpt>
      <trkpt lat="32.760392" lon="-16.796190">
        <ele>285.3</ele>
        <time>2025-02-15T20:03:11.000Z</time>
        <sat>6</sat>
      </trkpt>
      <trkpt lat="32.760455" lon="-16.796113">
        <ele>285.4</ele>
        <time>2025-02-15T20:03:15.000Z</time>
        <sat>6</sat>
      </trkpt>
      <trkpt lat="32.760482" lon="-16.796003">
        <ele>285.7</ele>
        <time>2025-02-15T20:03:21.000Z</time>
        <sat>6</sat>
      </trkpt>
      <trkpt lat="32.760565" lon="-16.795922">
        <ele>286.0</ele>
        <time>2025-02-15T20:03:28.000Z</time>
        <sat>6</sat>
      </trkpt>
      <trkpt lat="32.760657" lon="-16.795883">
        <ele>286.2</ele>
        <time>2025-02-15T20:03:33.000Z</time>
        <sat>6</sat>
      </trkpt>
      <trkpt lat="32.760762" lon="-16.795903">
        <ele>286.4</ele>
        <time>2025-02-15T20:03:39.000Z</time>
        <sat>6</sat>
      </trkpt>
      <trkpt lat="32.760865" lon="-16.795885">
        <ele>286.6</ele>
        <time>2025-02-15T20:03:44.000Z</time>
        <sat>6</sat>
      </trkpt>
      <trkpt lat="32.760943" lon="-16.795813">
        <ele>286.7</ele>
        <time>2025-02-15T20:03:49.000Z</time>
        <sat>6</sat>
      </trkpt>
      <trkpt lat="32.761028" lon="-16.795727">
        <ele>286.8</ele>
        <time>2025-02-15T20:03:54.000Z</time>
        <sat>6</sat>
      </trkpt>
      <trkpt lat="32.761113" lon="-16.795647">
        <ele>287.0</ele>
        <time>2025-02-15T20:03:59.000Z</time>
        <sat>6</sat>
      </trkpt>
      <trkpt lat="32.761207" lon="-16.795602">
        <ele>287.1</ele>
        <time>2025-02-15T20:04:04.000Z</time>
        <sat>6</sat>
      </trkpt>
      <trkpt lat="32.761290" lon="-16.795560">
        <ele>287.2</ele>
        <time>2025-02-15T20:04:08.000Z</time>
        <sat>6</sat>
      </trkpt>
      <trkpt lat="32.761397" lon="-16.795535">
        <ele>287.4</ele>
        <time>2025-02-15T20:04:14.000Z</time>
        <sat>6</sat>
      </trkpt>
      <trkpt lat="32.761463" lon="-16.795458">
        <ele>287.4</ele>
        <time>2025-02-15T20:04:18.000Z</time>
        <sat>7</sat>
      </trkpt>
      <trkpt lat="32.761497" lon="-16.795352">
        <ele>287.5</ele>
        <time>2025-02-15T20:04:22.000Z</time>
        <sat>7</sat>
      </trkpt>
      <trkpt lat="32.761507" lon="-16.795235">
        <ele>287.5</ele>
        <time>2025-02-15T20:04:26.000Z</time>
        <sat>7</sat>
      </trkpt>
      <trkpt lat="32.761525" lon="-16.795120">
        <ele>287.4</ele>
        <time>2025-02-15T20:04:31.000Z</time>
        <sat>7</sat>
      </trkpt>
      <trkpt lat="32.761533" lon="-16.795010">
        <ele>287.4</ele>
        <time>2025-02-15T20:04:36.000Z</time>
        <sat>7</sat>
      </trkpt>
      <trkpt lat="32.761540" lon="-16.794897">
        <ele>287.4</ele>
        <time>2025-02-15T20:04:41.000Z</time>
        <sat>7</sat>
      </trkpt>
      <trkpt lat="32.761500" lon="-16.794790">
        <ele>287.4</ele>
        <time>2025-02-15T20:04:47.000Z</time>
        <sat>7</sat>
      </trkpt>
      <trkpt lat="32.761433" lon="-16.794685">
        <ele>287.4</ele>
        <time>2025-02-15T20:04:52.000Z</time>
        <sat>7</sat>
      </trkpt>
      <trkpt lat="32.761368" lon="-16.794610">
        <ele>287.4</ele>
        <time>2025-02-15T20:04:57.000Z</time>
        <sat>7</sat>
      </trkpt>
      <trkpt lat="32.761317" lon="-16.794518">
        <ele>287.4</ele>
        <time>2025-02-15T20:05:05.000Z</time>
        <sat>7</sat>
      </trkpt>
      <trkpt lat="32.761292" lon="-16.794398">
        <ele>287.4</ele>
        <time>2025-02-15T20:05:11.000Z</time>
        <sat>7</sat>
      </trkpt>
      <trkpt lat="32.761278" lon="-16.794292">
        <ele>287.4</ele>
        <time>2025-02-15T20:05:16.000Z</time>
        <sat>7</sat>
      </trkpt>
      <trkpt lat="32.761250" lon="-16.794185">
        <ele>287.5</ele>
        <time>2025-02-15T20:05:21.000Z</time>
        <sat>7</sat>
      </trkpt>
      <trkpt lat="32.761240" lon="-16.794072">
        <ele>287.6</ele>
        <time>2025-02-15T20:05:26.000Z</time>
        <sat>7</sat>
      </trkpt>
      <trkpt lat="32.761255" lon="-16.793950">
        <ele>287.7</ele>
        <time>2025-02-15T20:05:33.000Z</time>
        <sat>7</sat>
      </trkpt>
      <trkpt lat="32.761242" lon="-16.793828">
        <ele>287.8</ele>
        <time>2025-02-15T20:05:38.000Z</time>
        <sat>7</sat>
      </trkpt>
      <trkpt lat="32.761212" lon="-16.793727">
        <ele>287.9</ele>
        <time>2025-02-15T20:05:44.000Z</time>
        <sat>7</sat>
      </trkpt>
      <trkpt lat="32.761188" lon="-16.793620">
        <ele>288.0</ele>
        <time>2025-02-15T20:05:49.000Z</time>
        <sat>7</sat>
      </trkpt>
      <trkpt lat="32.761157" lon="-16.793503">
        <ele>288.1</ele>
        <time>2025-02-15T20:05:55.000Z</time>
        <sat>7</sat>
      </trkpt>
      <trkpt lat="32.761113" lon="-16.793405">
        <ele>288.1</ele>
        <time>2025-02-15T20:06:02.000Z</time>
        <sat>7</sat>
      </trkpt>
      <trkpt lat="32.761082" lon="-16.793290">
        <ele>288.2</ele>
        <time>2025-02-15T20:06:09.000Z</time>
        <sat>7</sat>
      </trkpt>
      <trkpt lat="32.761022" lon="-16.793200">
        <ele>288.2</ele>
        <time>2025-02-15T20:06:16.000Z</time>
        <sat>7</sat>
      </trkpt>
      <trkpt lat="32.760957" lon="-16.793120">
        <ele>287.0</ele>
        <time>2025-02-15T20:06:31.000Z</time>
        <sat>7</sat>
      </trkpt>
      <trkpt lat="32.760878" lon="-16.793065">
        <ele>282.3</ele>
        <time>2025-02-15T20:06:53.000Z</time>
        <sat>7</sat>
      </trkpt>
      <trkpt lat="32.760917" lon="-16.792968">
        <ele>280.4</ele>
        <time>2025-02-15T20:07:23.000Z</time>
        <sat>7</sat>
      </trkpt>
      <trkpt lat="32.761003" lon="-16.792930">
        <ele>281.5</ele>
        <time>2025-02-15T20:07:31.000Z</time>
        <sat>7</sat>
      </trkpt>
      <trkpt lat="32.761082" lon="-16.792867">
        <ele>282.6</ele>
        <time>2025-02-15T20:07:38.000Z</time>
        <sat>7</sat>
      </trkpt>
      <trkpt lat="32.761148" lon="-16.792793">
        <ele>284.1</ele>
        <time>2025-02-15T20:07:48.000Z</time>
        <sat>7</sat>
      </trkpt>
      <trkpt lat="32.761163" lon="-16.792682">
        <ele>285.5</ele>
        <time>2025-02-15T20:07:56.000Z</time>
        <sat>7</sat>
      </trkpt>
      <trkpt lat="32.761127" lon="-16.792567">
        <ele>286.7</ele>
        <time>2025-02-15T20:08:04.000Z</time>
        <sat>7</sat>
      </trkpt>
      <trkpt lat="32.761180" lon="-16.792480">
        <ele>288.0</ele>
        <time>2025-02-15T20:08:17.000Z</time>
        <sat>7</sat>
      </trkpt>
      <trkpt lat="32.761268" lon="-16.792420">
        <ele>288.6</ele>
        <time>2025-02-15T20:08:24.000Z</time>
        <sat>7</sat>
      </trkpt>
      <trkpt lat="32.761335" lon="-16.792330">
        <ele>288.8</ele>
        <time>2025-02-15T20:08:30.000Z</time>
        <sat>7</sat>
      </trkpt>
      <trkpt lat="32.761365" lon="-16.792220">
        <ele>288.9</ele>
        <time>2025-02-15T20:08:36.000Z</time>
        <sat>6</sat>
      </trkpt>
      <trkpt lat="32.761372" lon="-16.792108">
        <ele>289.2</ele>
        <time>2025-02-15T20:08:43.000Z</time>
        <sat>6</sat>
      </trkpt>
      <trkpt lat="32.761370" lon="-16.791982">
        <ele>289.3</ele>
        <time>2025-02-15T20:08:49.000Z</time>
        <sat>5</sat>
      </trkpt>
      <trkpt lat="32.761418" lon="-16.791885">
        <ele>289.5</ele>
        <time>2025-02-15T20:08:57.000Z</time>
        <sat>5</sat>
      </trkpt>
      <trkpt lat="32.761505" lon="-16.791830">
        <ele>289.7</ele>
        <time>2025-02-15T20:09:05.000Z</time>
        <sat>5</sat>
      </trkpt>
      <trkpt lat="32.761570" lon="-16.791753">
        <ele>290.3</ele>
        <time>2025-02-15T20:09:13.000Z</time>
        <sat>6</sat>
      </trkpt>
      <trkpt lat="32.761607" lon="-16.791647">
        <ele>291.8</ele>
        <time>2025-02-15T20:09:23.000Z</time>
        <sat>5</sat>
      </trkpt>
      <trkpt lat="32.761698" lon="-16.791627">
        <ele>293.4</ele>
        <time>2025-02-15T20:09:37.000Z</time>
        <sat>5</sat>
      </trkpt>
      <trkpt lat="32.761793" lon="-16.791600">
        <ele>293.4</ele>
        <time>2025-02-15T20:09:42.000Z</time>
        <sat>5</sat>
      </trkpt>
      <trkpt lat="32.761872" lon="-16.791545">
        <ele>293.2</ele>
        <time>2025-02-15T20:09:46.000Z</time>
        <sat>5</sat>
      </trkpt>
      <trkpt lat="32.761973" lon="-16.791502">
        <ele>292.9</ele>
        <time>2025-02-15T20:09:52.000Z</time>
        <sat>5</sat>
      </trkpt>
      <trkpt lat="32.762053" lon="-16.791433">
        <ele>292.8</ele>
        <time>2025-02-15T20:09:58.000Z</time>
        <sat>5</sat>
      </trkpt>
      <trkpt lat="32.762155" lon="-16.791425">
        <ele>292.7</ele>
        <time>2025-02-15T20:10:03.000Z</time>
        <sat>6</sat>
      </trkpt>
      <trkpt lat="32.762243" lon="-16.791377">
        <ele>292.4</ele>
        <time>2025-02-15T20:10:08.000Z</time>
        <sat>6</sat>
      </trkpt>
      <trkpt lat="32.762315" lon="-16.791312">
        <ele>292.3</ele>
        <time>2025-02-15T20:10:13.000Z</time>
        <sat>6</sat>
      </trkpt>
      <trkpt lat="32.762317" lon="-16.791312">
        <ele>291.5</ele>
        <time>2025-02-15T20:10:16.000Z</time>
        <sat>6</sat>
      </trkpt>
      <trkpt lat="32.762317" lon="-16.791310">
        <ele>289.7</ele>
        <time>2025-02-15T20:10:35.000Z</time>
        <sat>6</sat>
      </trkpt>
      <trkpt lat="32.762407" lon="-16.791255">
        <ele>294.0</ele>
        <time>2025-02-15T20:10:44.000Z</time>
        <sat>6</sat>
      </trkpt>
      <trkpt lat="32.762502" lon="-16.791212">
        <ele>293.8</ele>
        <time>2025-02-15T20:10:50.000Z</time>
        <sat>6</sat>
      </trkpt>
      <trkpt lat="32.762578" lon="-16.791137">
        <ele>293.5</ele>
        <time>2025-02-15T20:10:55.000Z</time>
        <sat>6</sat>
      </trkpt>
      <trkpt lat="32.762650" lon="-16.791058">
        <ele>293.2</ele>
        <time>2025-02-15T20:11:00.000Z</time>
        <sat>6</sat>
      </trkpt>
      <trkpt lat="32.762738" lon="-16.791023">
        <ele>292.7</ele>
        <time>2025-02-15T20:11:06.000Z</time>
        <sat>6</sat>
      </trkpt>
      <trkpt lat="32.762835" lon="-16.790983">
        <ele>292.5</ele>
        <time>2025-02-15T20:11:12.000Z</time>
        <sat>6</sat>
      </trkpt>
      <trkpt lat="32.762925" lon="-16.790952">
        <ele>292.0</ele>
        <time>2025-02-15T20:11:17.000Z</time>
        <sat>6</sat>
      </trkpt>
      <trkpt lat="32.763032" lon="-16.790920">
        <ele>291.7</ele>
        <time>2025-02-15T20:11:22.000Z</time>
        <sat>6</sat>
      </trkpt>
      <trkpt lat="32.763133" lon="-16.790890">
        <ele>291.4</ele>
        <time>2025-02-15T20:11:27.000Z</time>
        <sat>6</sat>
      </trkpt>
      <trkpt lat="32.763233" lon="-16.790843">
        <ele>291.3</ele>
        <time>2025-02-15T20:11:33.000Z</time>
        <sat>6</sat>
      </trkpt>
      <trkpt lat="32.763307" lon="-16.790780">
        <ele>291.3</ele>
        <time>2025-02-15T20:11:37.000Z</time>
        <sat>7</sat>
      </trkpt>
      <trkpt lat="32.763377" lon="-16.790698">
        <ele>291.3</ele>
        <time>2025-02-15T20:11:41.000Z</time>
        <sat>7</sat>
      </trkpt>
      <trkpt lat="32.763418" lon="-16.790597">
        <ele>291.5</ele>
        <time>2025-02-15T20:11:45.000Z</time>
        <sat>6</sat>
      </trkpt>
      <trkpt lat="32.763470" lon="-16.790495">
        <ele>291.8</ele>
        <time>2025-02-15T20:11:50.000Z</time>
        <sat>6</sat>
      </trkpt>
      <trkpt lat="32.763500" lon="-16.790383">
        <ele>293.0</ele>
        <time>2025-02-15T20:11:58.000Z</time>
        <sat>7</sat>
      </trkpt>
      <trkpt lat="32.763522" lon="-16.790278">
        <ele>294.5</ele>
        <time>2025-02-15T20:12:05.000Z</time>
        <sat>7</sat>
      </trkpt>
      <trkpt lat="32.763498" lon="-16.790170">
        <ele>296.2</ele>
        <time>2025-02-15T20:12:13.000Z</time>
        <sat>7</sat>
      </trkpt>
      <trkpt lat="32.763498" lon="-16.790053">
        <ele>298.6</ele>
        <time>2025-02-15T20:12:21.000Z</time>
        <sat>7</sat>
      </trkpt>
      <trkpt lat="32.763515" lon="-16.789940">
        <ele>300.1</ele>
        <time>2025-02-15T20:12:29.000Z</time>
        <sat>7</sat>
      </trkpt>
      <trkpt lat="32.763517" lon="-16.789828">
        <ele>300.8</ele>
        <time>2025-02-15T20:12:35.000Z</time>
        <sat>7</sat>
      </trkpt>
      <trkpt lat="32.763458" lon="-16.789743">
        <ele>301.4</ele>
        <time>2025-02-15T20:12:40.000Z</time>
        <sat>7</sat>
      </trkpt>
      <trkpt lat="32.763398" lon="-16.789633">
        <ele>301.8</ele>
        <time>2025-02-15T20:12:45.000Z</time>
        <sat>7</sat>
      </trkpt>
      <trkpt lat="32.763342" lon="-16.789528">
        <ele>302.1</ele>
        <time>2025-02-15T20:12:50.000Z</time>
        <sat>7</sat>
      </trkpt>
      <trkpt lat="32.763320" lon="-16.789417">
        <ele>302.2</ele>
        <time>2025-02-15T20:12:56.000Z</time>
        <sat>7</sat>
      </trkpt>
      <trkpt lat="32.763288" lon="-16.789310">
        <ele>302.2</ele>
        <time>2025-02-15T20:13:00.000Z</time>
        <sat>7</sat>
      </trkpt>
      <trkpt lat="32.763242" lon="-16.789190">
        <ele>302.0</ele>
        <time>2025-02-15T20:13:05.000Z</time>
        <sat>7</sat>
      </trkpt>
      <trkpt lat="32.763182" lon="-16.789108">
        <ele>301.9</ele>
        <time>2025-02-15T20:13:09.000Z</time>
        <sat>7</sat>
      </trkpt>
      <trkpt lat="32.763107" lon="-16.789017">
        <ele>301.6</ele>
        <time>2025-02-15T20:13:15.000Z</time>
        <sat>8</sat>
      </trkpt>
      <trkpt lat="32.763012" lon="-16.788982">
        <ele>301.2</ele>
        <time>2025-02-15T20:13:20.000Z</time>
        <sat>6</sat>
      </trkpt>
      <trkpt lat="32.762932" lon="-16.788928">
        <ele>300.8</ele>
        <time>2025-02-15T20:13:25.000Z</time>
        <sat>7</sat>
      </trkpt>
      <trkpt lat="32.762857" lon="-16.788992">
        <ele>300.0</ele>
        <time>2025-02-15T20:13:32.000Z</time>
        <sat>6</sat>
      </trkpt>
      <trkpt lat="32.762800" lon="-16.789095">
        <ele>299.4</ele>
        <time>2025-02-15T20:13:37.000Z</time>
        <sat>6</sat>
      </trkpt>
      <trkpt lat="32.762750" lon="-16.789195">
        <ele>299.1</ele>
        <time>2025-02-15T20:13:42.000Z</time>
        <sat>6</sat>
      </trkpt>
      <trkpt lat="32.762667" lon="-16.789253">
        <ele>298.8</ele>
        <time>2025-02-15T20:13:50.000Z</time>
        <sat>6</sat>
      </trkpt>
      <trkpt lat="32.762580" lon="-16.789300">
        <ele>298.6</ele>
        <time>2025-02-15T20:13:56.000Z</time>
        <sat>6</sat>
      </trkpt>
      <trkpt lat="32.762482" lon="-16.789303">
        <ele>298.2</ele>
        <time>2025-02-15T20:14:03.000Z</time>
        <sat>6</sat>
      </trkpt>
      <trkpt lat="32.762393" lon="-16.789352">
        <ele>298.0</ele>
        <time>2025-02-15T20:14:07.000Z</time>
        <sat>6</sat>
      </trkpt>
      <trkpt lat="32.762303" lon="-16.789377">
        <ele>297.8</ele>
        <time>2025-02-15T20:14:11.000Z</time>
        <sat>6</sat>
      </trkpt>
      <trkpt lat="32.762212" lon="-16.789378">
        <ele>297.5</ele>
        <time>2025-02-15T20:14:15.000Z</time>
        <sat>6</sat>
      </trkpt>
      <trkpt lat="32.762127" lon="-16.789322">
        <ele>297.1</ele>
        <time>2025-02-15T20:14:20.000Z</time>
        <sat>6</sat>
      </trkpt>
      <trkpt lat="32.762025" lon="-16.789347">
        <ele>296.5</ele>
        <time>2025-02-15T20:14:25.000Z</time>
        <sat>6</sat>
      </trkpt>
      <trkpt lat="32.761940" lon="-16.789402">
        <ele>295.9</ele>
        <time>2025-02-15T20:14:30.000Z</time>
        <sat>6</sat>
      </trkpt>
      <trkpt lat="32.761893" lon="-16.789497">
        <ele>295.4</ele>
        <time>2025-02-15T20:14:35.000Z</time>
        <sat>6</sat>
      </trkpt>
      <trkpt lat="32.761870" lon="-16.789630">
        <ele>294.9</ele>
        <time>2025-02-15T20:14:40.000Z</time>
        <sat>6</sat>
      </trkpt>
      <trkpt lat="32.761823" lon="-16.789725">
        <ele>294.3</ele>
        <time>2025-02-15T20:14:44.000Z</time>
        <sat>6</sat>
      </trkpt>
      <trkpt lat="32.761730" lon="-16.789743">
        <ele>294.0</ele>
        <time>2025-02-15T20:14:49.000Z</time>
        <sat>6</sat>
      </trkpt>
      <trkpt lat="32.761645" lon="-16.789673">
        <ele>293.7</ele>
        <time>2025-02-15T20:14:54.000Z</time>
        <sat>6</sat>
      </trkpt>
      <trkpt lat="32.761543" lon="-16.789682">
        <ele>293.3</ele>
        <time>2025-02-15T20:14:58.000Z</time>
        <sat>6</sat>
      </trkpt>
      <trkpt lat="32.761457" lon="-16.789637">
        <ele>292.8</ele>
        <time>2025-02-15T20:15:05.000Z</time>
        <sat>6</sat>
      </trkpt>
      <trkpt lat="32.761353" lon="-16.789603">
        <ele>292.8</ele>
        <time>2025-02-15T20:15:12.000Z</time>
        <sat>6</sat>
      </trkpt>
      <trkpt lat="32.761265" lon="-16.789530">
        <ele>292.9</ele>
        <time>2025-02-15T20:15:18.000Z</time>
        <sat>6</sat>
      </trkpt>
      <trkpt lat="32.761168" lon="-16.789468">
        <ele>293.1</ele>
        <time>2025-02-15T20:15:23.000Z</time>
        <sat>6</sat>
      </trkpt>
      <trkpt lat="32.761068" lon="-16.789432">
        <ele>293.4</ele>
        <time>2025-02-15T20:15:29.000Z</time>
        <sat>6</sat>
      </trkpt>
      <trkpt lat="32.760993" lon="-16.789347">
        <ele>293.7</ele>
        <time>2025-02-15T20:15:35.000Z</time>
        <sat>6</sat>
      </trkpt>
      <trkpt lat="32.760903" lon="-16.789280">
        <ele>294.0</ele>
        <time>2025-02-15T20:15:40.000Z</time>
        <sat>6</sat>
      </trkpt>
      <trkpt lat="32.760805" lon="-16.789260">
        <ele>294.1</ele>
        <time>2025-02-15T20:15:46.000Z</time>
        <sat>6</sat>
      </trkpt>
      <trkpt lat="32.760725" lon="-16.789195">
        <ele>294.9</ele>
        <time>2025-02-15T20:15:56.000Z</time>
        <sat>6</sat>
      </trkpt>
      <trkpt lat="32.760695" lon="-16.789085">
        <ele>295.5</ele>
        <time>2025-02-15T20:16:01.000Z</time>
        <sat>6</sat>
      </trkpt>
      <trkpt lat="32.760613" lon="-16.789000">
        <ele>296.0</ele>
        <time>2025-02-15T20:16:07.000Z</time>
        <sat>6</sat>
      </trkpt>
      <trkpt lat="32.760520" lon="-16.789025">
        <ele>296.7</ele>
        <time>2025-02-15T20:16:16.000Z</time>
        <sat>6</sat>
      </trkpt>
      <trkpt lat="32.760427" lon="-16.789072">
        <ele>297.6</ele>
        <time>2025-02-15T20:16:24.000Z</time>
        <sat>6</sat>
      </trkpt>
      <trkpt lat="32.760327" lon="-16.789122">
        <ele>297.7</ele>
        <time>2025-02-15T20:16:29.000Z</time>
        <sat>6</sat>
      </trkpt>
      <trkpt lat="32.760252" lon="-16.789207">
        <ele>297.7</ele>
        <time>2025-02-15T20:16:34.000Z</time>
        <sat>6</sat>
      </trkpt>
      <trkpt lat="32.760162" lon="-16.789200">
        <ele>297.2</ele>
        <time>2025-02-15T20:16:45.000Z</time>
        <sat>6</sat>
      </trkpt>
      <trkpt lat="32.760172" lon="-16.789088">
        <ele>296.1</ele>
        <time>2025-02-15T20:16:55.000Z</time>
        <sat>5</sat>
      </trkpt>
      <trkpt lat="32.760117" lon="-16.788958">
        <ele>295.5</ele>
        <time>2025-02-15T20:16:59.000Z</time>
        <sat>5</sat>
      </trkpt>
      <trkpt lat="32.760062" lon="-16.788872">
        <ele>295.2</ele>
        <time>2025-02-15T20:17:02.000Z</time>
        <sat>6</sat>
      </trkpt>
      <trkpt lat="32.760010" lon="-16.788738">
        <ele>294.9</ele>
        <time>2025-02-15T20:17:06.000Z</time>
        <sat>6</sat>
      </trkpt>
      <trkpt lat="32.759942" lon="-16.788657">
        <ele>294.7</ele>
        <time>2025-02-15T20:17:10.000Z</time>
        <sat>6</sat>
      </trkpt>
      <trkpt lat="32.759855" lon="-16.788610">
        <ele>294.7</ele>
        <time>2025-02-15T20:17:16.000Z</time>
        <sat>6</sat>
      </trkpt>
      <trkpt lat="32.759765" lon="-16.788618">
        <ele>294.9</ele>
        <time>2025-02-15T20:17:25.000Z</time>
        <sat>6</sat>
      </trkpt>
      <trkpt lat="32.759663" lon="-16.788657">
        <ele>295.1</ele>
        <time>2025-02-15T20:17:30.000Z</time>
        <sat>6</sat>
      </trkpt>
      <trkpt lat="32.759580" lon="-16.788590">
        <ele>295.1</ele>
        <time>2025-02-15T20:17:37.000Z</time>
        <sat>5</sat>
      </trkpt>
      <trkpt lat="32.759558" lon="-16.788485">
        <ele>295.0</ele>
        <time>2025-02-15T20:17:45.000Z</time>
        <sat>6</sat>
      </trkpt>
      <trkpt lat="32.759525" lon="-16.788345">
        <ele>294.8</ele>
        <time>2025-02-15T20:17:57.000Z</time>
        <sat>5</sat>
      </trkpt>
      <trkpt lat="32.759483" lon="-16.788210">
        <ele>294.6</ele>
        <time>2025-02-15T20:18:00.000Z</time>
        <sat>5</sat>
      </trkpt>
      <trkpt lat="32.759437" lon="-16.788072">
        <ele>294.0</ele>
        <time>2025-02-15T20:18:05.000Z</time>
        <sat>5</sat>
      </trkpt>
      <trkpt lat="32.759357" lon="-16.788007">
        <ele>293.7</ele>
        <time>2025-02-15T20:18:07.000Z</time>
        <sat>5</sat>
      </trkpt>
      <trkpt lat="32.759277" lon="-16.787948">
        <ele>293.5</ele>
        <time>2025-02-15T20:18:09.000Z</time>
        <sat>5</sat>
      </trkpt>
      <trkpt lat="32.759185" lon="-16.787948">
        <ele>293.3</ele>
        <time>2025-02-15T20:18:12.000Z</time>
        <sat>6</sat>
      </trkpt>
      <trkpt lat="32.759105" lon="-16.787897">
        <ele>293.0</ele>
        <time>2025-02-15T20:18:16.000Z</time>
        <sat>5</sat>
      </trkpt>
      <trkpt lat="32.759027" lon="-16.787833">
        <ele>293.0</ele>
        <time>2025-02-15T20:18:20.000Z</time>
        <sat>5</sat>
      </trkpt>
      <trkpt lat="32.758963" lon="-16.787732">
        <ele>292.9</ele>
        <time>2025-02-15T20:18:36.000Z</time>
        <sat>5</sat>
      </trkpt>
      <trkpt lat="32.758898" lon="-16.787655">
        <ele>292.9</ele>
        <time>2025-02-15T20:18:40.000Z</time>
        <sat>6</sat>
      </trkpt>
      <trkpt lat="32.758838" lon="-16.787567">
        <ele>292.9</ele>
        <time>2025-02-15T20:18:42.000Z</time>
        <sat>6</sat>
      </trkpt>
      <trkpt lat="32.758735" lon="-16.787513">
        <ele>292.9</ele>
        <time>2025-02-15T20:18:46.000Z</time>
        <sat>6</sat>
      </trkpt>
      <trkpt lat="32.758640" lon="-16.787462">
        <ele>292.9</ele>
        <time>2025-02-15T20:18:50.000Z</time>
        <sat>6</sat>
      </trkpt>
      <trkpt lat="32.758560" lon="-16.787408">
        <ele>292.9</ele>
        <time>2025-02-15T20:18:57.000Z</time>
        <sat>6</sat>
      </trkpt>
      <trkpt lat="32.758527" lon="-16.787282">
        <ele>293.0</ele>
        <time>2025-02-15T20:19:02.000Z</time>
        <sat>7</sat>
      </trkpt>
      <trkpt lat="32.758473" lon="-16.787172">
        <ele>293.0</ele>
        <time>2025-02-15T20:19:05.000Z</time>
        <sat>7</sat>
      </trkpt>
      <trkpt lat="32.758375" lon="-16.787145">
        <ele>293.2</ele>
        <time>2025-02-15T20:19:13.000Z</time>
        <sat>7</sat>
      </trkpt>
      <trkpt lat="32.758295" lon="-16.787070">
        <ele>293.7</ele>
        <time>2025-02-15T20:19:20.000Z</time>
        <sat>7</sat>
      </trkpt>
      <trkpt lat="32.758233" lon="-16.786970">
        <ele>293.9</ele>
        <time>2025-02-15T20:19:24.000Z</time>
        <sat>7</sat>
      </trkpt>
      <trkpt lat="32.758158" lon="-16.786902">
        <ele>294.0</ele>
        <time>2025-02-15T20:19:29.000Z</time>
        <sat>6</sat>
      </trkpt>
      <trkpt lat="32.758087" lon="-16.786835">
        <ele>294.6</ele>
        <time>2025-02-15T20:19:37.000Z</time>
        <sat>6</sat>
      </trkpt>
      <trkpt lat="32.758097" lon="-16.786720">
        <ele>296.2</ele>
        <time>2025-02-15T20:19:46.000Z</time>
        <sat>6</sat>
      </trkpt>
      <trkpt lat="32.758087" lon="-16.786592">
        <ele>296.5</ele>
        <time>2025-02-15T20:19:51.000Z</time>
        <sat>6</sat>
      </trkpt>
      <trkpt lat="32.758083" lon="-16.786478">
        <ele>296.5</ele>
        <time>2025-02-15T20:19:56.000Z</time>
        <sat>7</sat>
      </trkpt>
      <trkpt lat="32.758067" lon="-16.786368">
        <ele>296.3</ele>
        <time>2025-02-15T20:20:00.000Z</time>
        <sat>7</sat>
      </trkpt>
      <trkpt lat="32.758073" lon="-16.786248">
        <ele>296.0</ele>
        <time>2025-02-15T20:20:05.000Z</time>
        <sat>7</sat>
      </trkpt>
      <trkpt lat="32.758070" lon="-16.786140">
        <ele>295.6</ele>
        <time>2025-02-15T20:20:11.000Z</time>
        <sat>7</sat>
      </trkpt>
      <trkpt lat="32.758085" lon="-16.786022">
        <ele>295.7</ele>
        <time>2025-02-15T20:20:18.000Z</time>
        <sat>7</sat>
      </trkpt>
      <trkpt lat="32.758100" lon="-16.785913">
        <ele>296.2</ele>
        <time>2025-02-15T20:20:26.000Z</time>
        <sat>7</sat>
      </trkpt>
      <trkpt lat="32.758083" lon="-16.785797">
        <ele>297.6</ele>
        <time>2025-02-15T20:20:35.000Z</time>
        <sat>7</sat>
      </trkpt>
      <trkpt lat="32.757985" lon="-16.785762">
        <ele>297.8</ele>
        <time>2025-02-15T20:20:40.000Z</time>
        <sat>7</sat>
      </trkpt>
      <trkpt lat="32.757917" lon="-16.785678">
        <ele>298.1</ele>
        <time>2025-02-15T20:20:46.000Z</time>
        <sat>7</sat>
      </trkpt>
      <trkpt lat="32.757885" lon="-16.785558">
        <ele>298.1</ele>
        <time>2025-02-15T20:20:52.000Z</time>
        <sat>7</sat>
      </trkpt>
      <trkpt lat="32.757895" lon="-16.785448">
        <ele>298.0</ele>
        <time>2025-02-15T20:20:57.000Z</time>
        <sat>7</sat>
      </trkpt>
      <trkpt lat="32.757915" lon="-16.785337">
        <ele>297.9</ele>
        <time>2025-02-15T20:21:01.000Z</time>
        <sat>7</sat>
      </trkpt>
      <trkpt lat="32.757882" lon="-16.785227">
        <ele>297.7</ele>
        <time>2025-02-15T20:21:05.000Z</time>
        <sat>7</sat>
      </trkpt>
      <trkpt lat="32.757797" lon="-16.785150">
        <ele>297.4</ele>
        <time>2025-02-15T20:21:11.000Z</time>
        <sat>7</sat>
      </trkpt>
      <trkpt lat="32.757710" lon="-16.785093">
        <ele>297.2</ele>
        <time>2025-02-15T20:21:16.000Z</time>
        <sat>7</sat>
      </trkpt>
      <trkpt lat="32.757625" lon="-16.785033">
        <ele>297.0</ele>
        <time>2025-02-15T20:21:21.000Z</time>
        <sat>7</sat>
      </trkpt>
      <trkpt lat="32.757532" lon="-16.784988">
        <ele>296.8</ele>
        <time>2025-02-15T20:21:26.000Z</time>
        <sat>7</sat>
      </trkpt>
      <trkpt lat="32.757443" lon="-16.784957">
        <ele>296.8</ele>
        <time>2025-02-15T20:21:34.000Z</time>
        <sat>7</sat>
      </trkpt>
      <trkpt lat="32.757380" lon="-16.784870">
        <ele>296.8</ele>
        <time>2025-02-15T20:21:41.000Z</time>
        <sat>7</sat>
      </trkpt>
      <trkpt lat="32.757307" lon="-16.784802">
        <ele>296.8</ele>
        <time>2025-02-15T20:21:48.000Z</time>
        <sat>7</sat>
      </trkpt>
      <trkpt lat="32.757237" lon="-16.784730">
        <ele>296.8</ele>
        <time>2025-02-15T20:21:55.000Z</time>
        <sat>7</sat>
      </trkpt>
      <trkpt lat="32.757180" lon="-16.784627">
        <ele>296.8</ele>
        <time>2025-02-15T20:22:00.000Z</time>
        <sat>7</sat>
      </trkpt>
      <trkpt lat="32.757125" lon="-16.784522">
        <ele>296.8</ele>
        <time>2025-02-15T20:22:05.000Z</time>
        <sat>7</sat>
      </trkpt>
      <trkpt lat="32.757063" lon="-16.784437">
        <ele>296.9</ele>
        <time>2025-02-15T20:22:11.000Z</time>
        <sat>7</sat>
      </trkpt>
      <trkpt lat="32.756978" lon="-16.784397">
        <ele>297.2</ele>
        <time>2025-02-15T20:22:17.000Z</time>
        <sat>7</sat>
      </trkpt>
      <trkpt lat="32.756918" lon="-16.784317">
        <ele>297.6</ele>
        <time>2025-02-15T20:22:26.000Z</time>
        <sat>6</sat>
      </trkpt>
      <trkpt lat="32.756890" lon="-16.784197">
        <ele>298.3</ele>
        <time>2025-02-15T20:22:31.000Z</time>
        <sat>7</sat>
      </trkpt>
      <trkpt lat="32.756900" lon="-16.784078">
        <ele>299.2</ele>
        <time>2025-02-15T20:22:39.000Z</time>
        <sat>7</sat>
      </trkpt>
      <trkpt lat="32.756880" lon="-16.783963">
        <ele>299.7</ele>
        <time>2025-02-15T20:22:45.000Z</time>
        <sat>7</sat>
      </trkpt>
      <trkpt lat="32.756798" lon="-16.783908">
        <ele>299.8</ele>
        <time>2025-02-15T20:22:51.000Z</time>
        <sat>7</sat>
      </trkpt>
      <trkpt lat="32.756787" lon="-16.783793">
        <ele>300.2</ele>
        <time>2025-02-15T20:22:58.000Z</time>
        <sat>7</sat>
      </trkpt>
      <trkpt lat="32.756757" lon="-16.783678">
        <ele>300.7</ele>
        <time>2025-02-15T20:23:03.000Z</time>
        <sat>7</sat>
      </trkpt>
      <trkpt lat="32.756713" lon="-16.783572">
        <ele>300.9</ele>
        <time>2025-02-15T20:23:07.000Z</time>
        <sat>7</sat>
      </trkpt>
      <trkpt lat="32.756648" lon="-16.783483">
        <ele>301.0</ele>
        <time>2025-02-15T20:23:11.000Z</time>
        <sat>7</sat>
      </trkpt>
      <trkpt lat="32.756565" lon="-16.783422">
        <ele>301.4</ele>
        <time>2025-02-15T20:23:20.000Z</time>
        <sat>7</sat>
      </trkpt>
      <trkpt lat="32.756497" lon="-16.783350">
        <ele>302.0</ele>
        <time>2025-02-15T20:23:30.000Z</time>
        <sat>7</sat>
      </trkpt>
      <trkpt lat="32.756538" lon="-16.783240">
        <ele>302.1</ele>
        <time>2025-02-15T20:23:37.000Z</time>
        <sat>7</sat>
      </trkpt>
      <trkpt lat="32.756543" lon="-16.783132">
        <ele>302.1</ele>
        <time>2025-02-15T20:23:43.000Z</time>
        <sat>7</sat>
      </trkpt>
      <trkpt lat="32.756510" lon="-16.783027">
        <ele>302.2</ele>
        <time>2025-02-15T20:23:49.000Z</time>
        <sat>7</sat>
      </trkpt>
      <trkpt lat="32.756477" lon="-16.782917">
        <ele>302.4</ele>
        <time>2025-02-15T20:23:56.000Z</time>
        <sat>7</sat>
      </trkpt>
      <trkpt lat="32.756403" lon="-16.782828">
        <ele>302.4</ele>
        <time>2025-02-15T20:24:02.000Z</time>
        <sat>7</sat>
      </trkpt>
      <trkpt lat="32.756320" lon="-16.782783">
        <ele>302.4</ele>
        <time>2025-02-15T20:24:07.000Z</time>
        <sat>6</sat>
      </trkpt>
      <trkpt lat="32.756223" lon="-16.782735">
        <ele>302.5</ele>
        <time>2025-02-15T20:24:13.000Z</time>
        <sat>6</sat>
      </trkpt>
      <trkpt lat="32.756125" lon="-16.782705">
        <ele>302.6</ele>
        <time>2025-02-15T20:24:20.000Z</time>
        <sat>6</sat>
      </trkpt>
      <trkpt lat="32.756037" lon="-16.782677">
        <ele>302.7</ele>
        <time>2025-02-15T20:24:25.000Z</time>
        <sat>6</sat>
      </trkpt>
      <trkpt lat="32.755947" lon="-16.782647">
        <ele>302.9</ele>
        <time>2025-02-15T20:24:31.000Z</time>
        <sat>6</sat>
      </trkpt>
      <trkpt lat="32.755872" lon="-16.782567">
        <ele>303.2</ele>
        <time>2025-02-15T20:24:43.000Z</time>
        <sat>5</sat>
      </trkpt>
      <trkpt lat="32.755802" lon="-16.782475">
        <ele>303.2</ele>
        <time>2025-02-15T20:24:50.000Z</time>
        <sat>6</sat>
      </trkpt>
      <trkpt lat="32.755752" lon="-16.782365">
        <ele>303.2</ele>
        <time>2025-02-15T20:24:54.000Z</time>
        <sat>6</sat>
      </trkpt>
      <trkpt lat="32.755708" lon="-16.782268">
        <ele>303.3</ele>
        <time>2025-02-15T20:24:59.000Z</time>
        <sat>6</sat>
      </trkpt>
      <trkpt lat="32.755655" lon="-16.782180">
        <ele>303.5</ele>
        <time>2025-02-15T20:25:06.000Z</time>
        <sat>7</sat>
      </trkpt>
      <trkpt lat="32.755595" lon="-16.782078">
        <ele>303.8</ele>
        <time>2025-02-15T20:25:15.000Z</time>
        <sat>7</sat>
      </trkpt>
      <trkpt lat="32.755535" lon="-16.781975">
        <ele>303.9</ele>
        <time>2025-02-15T20:25:24.000Z</time>
        <sat>7</sat>
      </trkpt>
      <trkpt lat="32.755485" lon="-16.781868">
        <ele>303.9</ele>
        <time>2025-02-15T20:25:30.000Z</time>
        <sat>7</sat>
      </trkpt>
      <trkpt lat="32.755427" lon="-16.781775">
        <ele>303.9</ele>
        <time>2025-02-15T20:25:37.000Z</time>
        <sat>6</sat>
      </trkpt>
      <trkpt lat="32.755337" lon="-16.781703">
        <ele>303.9</ele>
        <time>2025-02-15T20:25:45.000Z</time>
        <sat>6</sat>
      </trkpt>
      <trkpt lat="32.755335" lon="-16.781590">
        <ele>304.0</ele>
        <time>2025-02-15T20:25:56.000Z</time>
        <sat>6</sat>
      </trkpt>
      <trkpt lat="32.755418" lon="-16.781497">
        <ele>303.8</ele>
        <time>2025-02-15T20:26:04.000Z</time>
        <sat>7</sat>
      </trkpt>
      <trkpt lat="32.755450" lon="-16.781380">
        <ele>303.7</ele>
        <time>2025-02-15T20:26:08.000Z</time>
        <sat>7</sat>
      </trkpt>
      <trkpt lat="32.755462" lon="-16.781258">
        <ele>303.7</ele>
        <time>2025-02-15T20:26:12.000Z</time>
        <sat>7</sat>
      </trkpt>
      <trkpt lat="32.755502" lon="-16.781143">
        <ele>303.6</ele>
        <time>2025-02-15T20:26:16.000Z</time>
        <sat>7</sat>
      </trkpt>
      <trkpt lat="32.755525" lon="-16.781038">
        <ele>303.6</ele>
        <time>2025-02-15T20:26:20.000Z</time>
        <sat>6</sat>
      </trkpt>
      <trkpt lat="32.755568" lon="-16.780942">
        <ele>303.5</ele>
        <time>2025-02-15T20:26:24.000Z</time>
        <sat>6</sat>
      </trkpt>
      <trkpt lat="32.755607" lon="-16.780830">
        <ele>303.4</ele>
        <time>2025-02-15T20:26:29.000Z</time>
        <sat>6</sat>
      </trkpt>
      <trkpt lat="32.755608" lon="-16.780722">
        <ele>303.2</ele>
        <time>2025-02-15T20:26:33.000Z</time>
        <sat>7</sat>
      </trkpt>
      <trkpt lat="32.755543" lon="-16.780605">
        <ele>303.0</ele>
        <time>2025-02-15T20:26:38.000Z</time>
        <sat>7</sat>
      </trkpt>
      <trkpt lat="32.755505" lon="-16.780482">
        <ele>302.7</ele>
        <time>2025-02-15T20:26:43.000Z</time>
        <sat>7</sat>
      </trkpt>
      <trkpt lat="32.755503" lon="-16.780357">
        <ele>302.3</ele>
        <time>2025-02-15T20:26:48.000Z</time>
        <sat>7</sat>
      </trkpt>
      <trkpt lat="32.755490" lon="-16.780232">
        <ele>302.1</ele>
        <time>2025-02-15T20:26:53.000Z</time>
        <sat>7</sat>
      </trkpt>
      <trkpt lat="32.755437" lon="-16.780133">
        <ele>302.0</ele>
        <time>2025-02-15T20:26:58.000Z</time>
        <sat>7</sat>
      </trkpt>
      <trkpt lat="32.755353" lon="-16.780067">
        <ele>302.2</ele>
        <time>2025-02-15T20:27:07.000Z</time>
        <sat>7</sat>
      </trkpt>
      <trkpt lat="32.755253" lon="-16.780080">
        <ele>302.6</ele>
        <time>2025-02-15T20:27:16.000Z</time>
        <sat>6</sat>
      </trkpt>
      <trkpt lat="32.755162" lon="-16.780037">
        <ele>303.2</ele>
        <time>2025-02-15T20:27:25.000Z</time>
        <sat>6</sat>
      </trkpt>
      <trkpt lat="32.755068" lon="-16.780040">
        <ele>304.6</ele>
        <time>2025-02-15T20:27:36.000Z</time>
        <sat>6</sat>
      </trkpt>
      <trkpt lat="32.754982" lon="-16.779995">
        <ele>305.7</ele>
        <time>2025-02-15T20:27:43.000Z</time>
        <sat>6</sat>
      </trkpt>
      <trkpt lat="32.754910" lon="-16.779885">
        <ele>306.2</ele>
        <time>2025-02-15T20:27:49.000Z</time>
        <sat>6</sat>
      </trkpt>
      <trkpt lat="32.754865" lon="-16.779787">
        <ele>306.5</ele>
        <time>2025-02-15T20:27:52.000Z</time>
        <sat>6</sat>
      </trkpt>
      <trkpt lat="32.754830" lon="-16.779687">
        <ele>306.8</ele>
        <time>2025-02-15T20:27:57.000Z</time>
        <sat>6</sat>
      </trkpt>
      <trkpt lat="32.754845" lon="-16.779580">
        <ele>307.8</ele>
        <time>2025-02-15T20:28:06.000Z</time>
        <sat>6</sat>
      </trkpt>
      <trkpt lat="32.754870" lon="-16.779465">
        <ele>309.0</ele>
        <time>2025-02-15T20:28:14.000Z</time>
        <sat>6</sat>
      </trkpt>
      <trkpt lat="32.754927" lon="-16.779382">
        <ele>309.1</ele>
        <time>2025-02-15T20:28:22.000Z</time>
        <sat>6</sat>
      </trkpt>
      <trkpt lat="32.754970" lon="-16.779267">
        <ele>309.1</ele>
        <time>2025-02-15T20:28:27.000Z</time>
        <sat>6</sat>
      </trkpt>
      <trkpt lat="32.754965" lon="-16.779158">
        <ele>309.1</ele>
        <time>2025-02-15T20:28:31.000Z</time>
        <sat>6</sat>
      </trkpt>
      <trkpt lat="32.755005" lon="-16.779058">
        <ele>309.1</ele>
        <time>2025-02-15T20:28:38.000Z</time>
        <sat>6</sat>
      </trkpt>
      <trkpt lat="32.755017" lon="-16.778942">
        <ele>309.1</ele>
        <time>2025-02-15T20:28:41.000Z</time>
        <sat>6</sat>
      </trkpt>
      <trkpt lat="32.755030" lon="-16.778807">
        <ele>309.0</ele>
        <time>2025-02-15T20:28:45.000Z</time>
        <sat>7</sat>
      </trkpt>
      <trkpt lat="32.754983" lon="-16.778693">
        <ele>308.8</ele>
        <time>2025-02-15T20:28:50.000Z</time>
        <sat>7</sat>
      </trkpt>
      <trkpt lat="32.754922" lon="-16.778600">
        <ele>308.6</ele>
        <time>2025-02-15T20:28:56.000Z</time>
        <sat>6</sat>
      </trkpt>
      <trkpt lat="32.754935" lon="-16.778493">
        <ele>308.1</ele>
        <time>2025-02-15T20:29:04.000Z</time>
        <sat>6</sat>
      </trkpt>
      <trkpt lat="32.754955" lon="-16.778370">
        <ele>307.6</ele>
        <time>2025-02-15T20:29:10.000Z</time>
        <sat>6</sat>
      </trkpt>
      <trkpt lat="32.755003" lon="-16.778253">
        <ele>306.9</ele>
        <time>2025-02-15T20:29:15.000Z</time>
        <sat>6</sat>
      </trkpt>
      <trkpt lat="32.755052" lon="-16.778133">
        <ele>306.0</ele>
        <time>2025-02-15T20:29:20.000Z</time>
        <sat>6</sat>
      </trkpt>
      <trkpt lat="32.755070" lon="-16.778002">
        <ele>305.4</ele>
        <time>2025-02-15T20:29:24.000Z</time>
        <sat>6</sat>
      </trkpt>
      <trkpt lat="32.755027" lon="-16.777883">
        <ele>305.1</ele>
        <time>2025-02-15T20:29:28.000Z</time>
        <sat>6</sat>
      </trkpt>
      <trkpt lat="32.754945" lon="-16.777800">
        <ele>304.8</ele>
        <time>2025-02-15T20:29:33.000Z</time>
        <sat>6</sat>
      </trkpt>
      <trkpt lat="32.754857" lon="-16.777720">
        <ele>304.8</ele>
        <time>2025-02-15T20:29:38.000Z</time>
        <sat>6</sat>
      </trkpt>
      <trkpt lat="32.754825" lon="-16.777592">
        <ele>304.7</ele>
        <time>2025-02-15T20:29:43.000Z</time>
        <sat>6</sat>
      </trkpt>
      <trkpt lat="32.754867" lon="-16.777477">
        <ele>304.7</ele>
        <time>2025-02-15T20:29:48.000Z</time>
        <sat>6</sat>
      </trkpt>
      <trkpt lat="32.754912" lon="-16.777383">
        <ele>304.5</ele>
        <time>2025-02-15T20:29:53.000Z</time>
        <sat>6</sat>
      </trkpt>
      <trkpt lat="32.754978" lon="-16.777298">
        <ele>304.4</ele>
        <time>2025-02-15T20:30:01.000Z</time>
        <sat>6</sat>
      </trkpt>
      <trkpt lat="32.755040" lon="-16.777212">
        <ele>304.5</ele>
        <time>2025-02-15T20:30:08.000Z</time>
        <sat>6</sat>
      </trkpt>
      <trkpt lat="32.755087" lon="-16.777115">
        <ele>304.6</ele>
        <time>2025-02-15T20:30:14.000Z</time>
        <sat>6</sat>
      </trkpt>
      <trkpt lat="32.755122" lon="-16.776995">
        <ele>304.6</ele>
        <time>2025-02-15T20:30:19.000Z</time>
        <sat>6</sat>
      </trkpt>
      <trkpt lat="32.755177" lon="-16.776892">
        <ele>304.5</ele>
        <time>2025-02-15T20:30:23.000Z</time>
        <sat>6</sat>
      </trkpt>
      <trkpt lat="32.755228" lon="-16.776793">
        <ele>304.5</ele>
        <time>2025-02-15T20:30:27.000Z</time>
        <sat>6</sat>
      </trkpt>
      <trkpt lat="32.755287" lon="-16.776702">
        <ele>304.3</ele>
        <time>2025-02-15T20:30:31.000Z</time>
        <sat>6</sat>
      </trkpt>
      <trkpt lat="32.755327" lon="-16.776600">
        <ele>304.1</ele>
        <time>2025-02-15T20:30:35.000Z</time>
        <sat>6</sat>
      </trkpt>
      <trkpt lat="32.755382" lon="-16.776513">
        <ele>303.9</ele>
        <time>2025-02-15T20:30:39.000Z</time>
        <sat>6</sat>
      </trkpt>
      <trkpt lat="32.755453" lon="-16.776418">
        <ele>303.6</ele>
        <time>2025-02-15T20:30:44.000Z</time>
        <sat>6</sat>
      </trkpt>
      <trkpt lat="32.755523" lon="-16.776343">
        <ele>303.6</ele>
        <time>2025-02-15T20:30:48.000Z</time>
        <sat>6</sat>
      </trkpt>
      <trkpt lat="32.755537" lon="-16.776220">
        <ele>303.5</ele>
        <time>2025-02-15T20:30:52.000Z</time>
        <sat>6</sat>
      </trkpt>
      <trkpt lat="32.755507" lon="-16.776115">
        <ele>303.4</ele>
        <time>2025-02-15T20:30:59.000Z</time>
        <sat>6</sat>
      </trkpt>
      <trkpt lat="32.755468" lon="-16.776008">
        <ele>303.3</ele>
        <time>2025-02-15T20:31:06.000Z</time>
        <sat>6</sat>
      </trkpt>
      <trkpt lat="32.755455" lon="-16.775888">
        <ele>303.0</ele>
        <time>2025-02-15T20:31:13.000Z</time>
        <sat>6</sat>
      </trkpt>
      <trkpt lat="32.755488" lon="-16.775783">
        <ele>302.6</ele>
        <time>2025-02-15T20:31:21.000Z</time>
        <sat>6</sat>
      </trkpt>
      <trkpt lat="32.755557" lon="-16.775707">
        <ele>302.2</ele>
        <time>2025-02-15T20:31:30.000Z</time>
        <sat>6</sat>
      </trkpt>
      <trkpt lat="32.755622" lon="-16.775630">
        <ele>301.8</ele>
        <time>2025-02-15T20:31:36.000Z</time>
        <sat>6</sat>
      </trkpt>
      <trkpt lat="32.755645" lon="-16.775508">
        <ele>301.6</ele>
        <time>2025-02-15T20:31:41.000Z</time>
        <sat>6</sat>
      </trkpt>
      <trkpt lat="32.755655" lon="-16.775382">
        <ele>301.5</ele>
        <time>2025-02-15T20:31:46.000Z</time>
        <sat>6</sat>
      </trkpt>
      <trkpt lat="32.755672" lon="-16.775267">
        <ele>301.5</ele>
        <time>2025-02-15T20:31:50.000Z</time>
        <sat>6</sat>
      </trkpt>
      <trkpt lat="32.755670" lon="-16.775153">
        <ele>301.5</ele>
        <time>2025-02-15T20:31:54.000Z</time>
        <sat>6</sat>
      </trkpt>
      <trkpt lat="32.755662" lon="-16.775033">
        <ele>301.5</ele>
        <time>2025-02-15T20:31:58.000Z</time>
        <sat>6</sat>
      </trkpt>
      <trkpt lat="32.755657" lon="-16.774923">
        <ele>301.6</ele>
        <time>2025-02-15T20:32:02.000Z</time>
        <sat>7</sat>
      </trkpt>
      <trkpt lat="32.755657" lon="-16.774808">
        <ele>301.6</ele>
        <time>2025-02-15T20:32:06.000Z</time>
        <sat>7</sat>
      </trkpt>
      <trkpt lat="32.755677" lon="-16.774697">
        <ele>301.6</ele>
        <time>2025-02-15T20:32:09.000Z</time>
        <sat>7</sat>
      </trkpt>
      <trkpt lat="32.755693" lon="-16.774590">
        <ele>301.7</ele>
        <time>2025-02-15T20:32:12.000Z</time>
        <sat>6</sat>
      </trkpt>
      <trkpt lat="32.755718" lon="-16.774478">
        <ele>301.7</ele>
        <time>2025-02-15T20:32:16.000Z</time>
        <sat>6</sat>
      </trkpt>
      <trkpt lat="32.755757" lon="-16.774378">
        <ele>301.8</ele>
        <time>2025-02-15T20:32:20.000Z</time>
        <sat>6</sat>
      </trkpt>
      <trkpt lat="32.755762" lon="-16.774258">
        <ele>302.0</ele>
        <time>2025-02-15T20:32:27.000Z</time>
        <sat>6</sat>
      </trkpt>
      <trkpt lat="32.755760" lon="-16.774143">
        <ele>302.3</ele>
        <time>2025-02-15T20:32:34.000Z</time>
        <sat>6</sat>
      </trkpt>
      <trkpt lat="32.755780" lon="-16.774058">
        <ele>302.6</ele>
        <time>2025-02-15T20:32:42.000Z</time>
        <sat>7</sat>
      </trkpt>
      <trkpt lat="32.755778" lon="-16.774052">
        <ele>302.6</ele>
        <time>2025-02-15T20:32:43.000Z</time>
        <sat>7</sat>
      </trkpt>
      <trkpt lat="32.755773" lon="-16.773938">
        <ele>303.0</ele>
        <time>2025-02-15T20:32:55.000Z</time>
        <sat>7</sat>
      </trkpt>
      <trkpt lat="32.755778" lon="-16.773828">
        <ele>303.2</ele>
        <time>2025-02-15T20:33:03.000Z</time>
        <sat>7</sat>
      </trkpt>
      <trkpt lat="32.755782" lon="-16.773717">
        <ele>303.4</ele>
        <time>2025-02-15T20:33:11.000Z</time>
        <sat>7</sat>
      </trkpt>
      <trkpt lat="32.755808" lon="-16.773607">
        <ele>303.7</ele>
        <time>2025-02-15T20:33:17.000Z</time>
        <sat>7</sat>
      </trkpt>
      <trkpt lat="32.755835" lon="-16.773492">
        <ele>304.1</ele>
        <time>2025-02-15T20:33:23.000Z</time>
        <sat>7</sat>
      </trkpt>
      <trkpt lat="32.755833" lon="-16.773367">
        <ele>304.5</ele>
        <time>2025-02-15T20:33:29.000Z</time>
        <sat>7</sat>
      </trkpt>
      <trkpt lat="32.755827" lon="-16.773242">
        <ele>304.7</ele>
        <time>2025-02-15T20:33:35.000Z</time>
        <sat>7</sat>
      </trkpt>
      <trkpt lat="32.755833" lon="-16.773115">
        <ele>304.9</ele>
        <time>2025-02-15T20:33:41.000Z</time>
        <sat>7</sat>
      </trkpt>
      <trkpt lat="32.755790" lon="-16.773018">
        <ele>305.3</ele>
        <time>2025-02-15T20:33:47.000Z</time>
        <sat>7</sat>
      </trkpt>
      <trkpt lat="32.755755" lon="-16.772908">
        <ele>305.6</ele>
        <time>2025-02-15T20:33:53.000Z</time>
        <sat>7</sat>
      </trkpt>
      <trkpt lat="32.755712" lon="-16.772802">
        <ele>306.1</ele>
        <time>2025-02-15T20:34:00.000Z</time>
        <sat>7</sat>
      </trkpt>
      <trkpt lat="32.755668" lon="-16.772707">
        <ele>306.6</ele>
        <time>2025-02-15T20:34:06.000Z</time>
        <sat>7</sat>
      </trkpt>
      <trkpt lat="32.755620" lon="-16.772598">
        <ele>307.5</ele>
        <time>2025-02-15T20:34:13.000Z</time>
        <sat>7</sat>
      </trkpt>
      <trkpt lat="32.755585" lon="-16.772525">
        <ele>308.8</ele>
        <time>2025-02-15T20:34:23.000Z</time>
        <sat>7</sat>
      </trkpt>
      <trkpt lat="32.755585" lon="-16.772522">
        <ele>309.0</ele>
        <time>2025-02-15T20:34:25.000Z</time>
        <sat>8</sat>
      </trkpt>
      <trkpt lat="32.755510" lon="-16.772448">
        <ele>310.3</ele>
        <time>2025-02-15T20:34:32.000Z</time>
        <sat>8</sat>
      </trkpt>
      <trkpt lat="32.755413" lon="-16.772417">
        <ele>311.2</ele>
        <time>2025-02-15T20:34:40.000Z</time>
        <sat>8</sat>
      </trkpt>
      <trkpt lat="32.755325" lon="-16.772370">
        <ele>311.1</ele>
        <time>2025-02-15T20:34:49.000Z</time>
        <sat>8</sat>
      </trkpt>
      <trkpt lat="32.755240" lon="-16.772305">
        <ele>310.5</ele>
        <time>2025-02-15T20:34:56.000Z</time>
        <sat>8</sat>
      </trkpt>
      <trkpt lat="32.755140" lon="-16.772275">
        <ele>309.5</ele>
        <time>2025-02-15T20:35:04.000Z</time>
        <sat>8</sat>
      </trkpt>
      <trkpt lat="32.755050" lon="-16.772220">
        <ele>307.9</ele>
        <time>2025-02-15T20:35:13.000Z</time>
        <sat>7</sat>
      </trkpt>
      <trkpt lat="32.754968" lon="-16.772148">
        <ele>306.4</ele>
        <time>2025-02-15T20:35:21.000Z</time>
        <sat>8</sat>
      </trkpt>
      <trkpt lat="32.754900" lon="-16.772077">
        <ele>304.6</ele>
        <time>2025-02-15T20:35:30.000Z</time>
        <sat>7</sat>
      </trkpt>
      <trkpt lat="32.754833" lon="-16.771995">
        <ele>303.1</ele>
        <time>2025-02-15T20:35:39.000Z</time>
        <sat>7</sat>
      </trkpt>
      <trkpt lat="32.754760" lon="-16.771927">
        <ele>301.3</ele>
        <time>2025-02-15T20:35:48.000Z</time>
        <sat>7</sat>
      </trkpt>
      <trkpt lat="32.754682" lon="-16.771858">
        <ele>299.7</ele>
        <time>2025-02-15T20:35:57.000Z</time>
        <sat>7</sat>
      </trkpt>
      <trkpt lat="32.754613" lon="-16.771788">
        <ele>298.2</ele>
        <time>2025-02-15T20:36:04.000Z</time>
        <sat>7</sat>
      </trkpt>
      <trkpt lat="32.754532" lon="-16.771733">
        <ele>296.3</ele>
        <time>2025-02-15T20:36:13.000Z</time>
        <sat>7</sat>
      </trkpt>
      <trkpt lat="32.754455" lon="-16.771673">
        <ele>294.6</ele>
        <time>2025-02-15T20:36:23.000Z</time>
        <sat>7</sat>
      </trkpt>
      <trkpt lat="32.754368" lon="-16.771630">
        <ele>293.4</ele>
        <time>2025-02-15T20:36:33.000Z</time>
        <sat>7</sat>
      </trkpt>
      <trkpt lat="32.754298" lon="-16.771553">
        <ele>292.6</ele>
        <time>2025-02-15T20:36:41.000Z</time>
        <sat>7</sat>
      </trkpt>
      <trkpt lat="32.754227" lon="-16.771478">
        <ele>291.4</ele>
        <time>2025-02-15T20:36:50.000Z</time>
        <sat>7</sat>
      </trkpt>
      <trkpt lat="32.754160" lon="-16.771385">
        <ele>290.4</ele>
        <time>2025-02-15T20:36:57.000Z</time>
        <sat>7</sat>
      </trkpt>
      <trkpt lat="32.754113" lon="-16.771283">
        <ele>289.5</ele>
        <time>2025-02-15T20:37:02.000Z</time>
        <sat>7</sat>
      </trkpt>
      <trkpt lat="32.754047" lon="-16.771192">
        <ele>288.4</ele>
        <time>2025-02-15T20:37:08.000Z</time>
        <sat>7</sat>
      </trkpt>
      <trkpt lat="32.754028" lon="-16.771080">
        <ele>286.7</ele>
        <time>2025-02-15T20:37:16.000Z</time>
        <sat>7</sat>
      </trkpt>
      <trkpt lat="32.754075" lon="-16.770973">
        <ele>284.7</ele>
        <time>2025-02-15T20:37:25.000Z</time>
        <sat>7</sat>
      </trkpt>
      <trkpt lat="32.754128" lon="-16.770867">
        <ele>283.1</ele>
        <time>2025-02-15T20:37:31.000Z</time>
        <sat>7</sat>
      </trkpt>
      <trkpt lat="32.754193" lon="-16.770772">
        <ele>281.6</ele>
        <time>2025-02-15T20:37:37.000Z</time>
        <sat>7</sat>
      </trkpt>
      <trkpt lat="32.754230" lon="-16.770665">
        <ele>280.2</ele>
        <time>2025-02-15T20:37:44.000Z</time>
        <sat>7</sat>
      </trkpt>
      <trkpt lat="32.754247" lon="-16.770558">
        <ele>279.3</ele>
        <time>2025-02-15T20:37:50.000Z</time>
        <sat>7</sat>
      </trkpt>
      <trkpt lat="32.754152" lon="-16.770520">
        <ele>277.8</ele>
        <time>2025-02-15T20:38:00.000Z</time>
        <sat>7</sat>
      </trkpt>
      <trkpt lat="32.754047" lon="-16.770512">
        <ele>276.5</ele>
        <time>2025-02-15T20:38:07.000Z</time>
        <sat>7</sat>
      </trkpt>
      <trkpt lat="32.753952" lon="-16.770467">
        <ele>275.5</ele>
        <time>2025-02-15T20:38:13.000Z</time>
        <sat>7</sat>
      </trkpt>
      <trkpt lat="32.753875" lon="-16.770392">
        <ele>273.8</ele>
        <time>2025-02-15T20:38:21.000Z</time>
        <sat>7</sat>
      </trkpt>
      <trkpt lat="32.753805" lon="-16.770313">
        <ele>272.6</ele>
        <time>2025-02-15T20:38:28.000Z</time>
        <sat>7</sat>
      </trkpt>
      <trkpt lat="32.753755" lon="-16.770217">
        <ele>271.0</ele>
        <time>2025-02-15T20:38:37.000Z</time>
        <sat>7</sat>
      </trkpt>
      <trkpt lat="32.753657" lon="-16.770202">
        <ele>269.3</ele>
        <time>2025-02-15T20:38:45.000Z</time>
        <sat>7</sat>
      </trkpt>
      <trkpt lat="32.753563" lon="-16.770240">
        <ele>268.8</ele>
        <time>2025-02-15T20:38:49.000Z</time>
        <sat>6</sat>
      </trkpt>
      <trkpt lat="32.753483" lon="-16.770297">
        <ele>268.1</ele>
        <time>2025-02-15T20:38:54.000Z</time>
        <sat>6</sat>
      </trkpt>
      <trkpt lat="32.753390" lon="-16.770352">
        <ele>267.2</ele>
        <time>2025-02-15T20:39:02.000Z</time>
        <sat>7</sat>
      </trkpt>
      <trkpt lat="32.753297" lon="-16.770392">
        <ele>266.4</ele>
        <time>2025-02-15T20:39:08.000Z</time>
        <sat>7</sat>
      </trkpt>
      <trkpt lat="32.753190" lon="-16.770405">
        <ele>265.6</ele>
        <time>2025-02-15T20:39:13.000Z</time>
        <sat>7</sat>
      </trkpt>
      <trkpt lat="32.753092" lon="-16.770427">
        <ele>264.6</ele>
        <time>2025-02-15T20:39:18.000Z</time>
        <sat>7</sat>
      </trkpt>
      <trkpt lat="32.752993" lon="-16.770458">
        <ele>264.0</ele>
        <time>2025-02-15T20:39:21.000Z</time>
        <sat>7</sat>
      </trkpt>
      <trkpt lat="32.752895" lon="-16.770452">
        <ele>263.3</ele>
        <time>2025-02-15T20:39:25.000Z</time>
        <sat>7</sat>
      </trkpt>
      <trkpt lat="32.752833" lon="-16.770363">
        <ele>262.1</ele>
        <time>2025-02-15T20:39:32.000Z</time>
        <sat>7</sat>
      </trkpt>
      <trkpt lat="32.752793" lon="-16.770250">
        <ele>260.2</ele>
        <time>2025-02-15T20:39:39.000Z</time>
        <sat>7</sat>
      </trkpt>
      <trkpt lat="32.752740" lon="-16.770153">
        <ele>258.6</ele>
        <time>2025-02-15T20:39:44.000Z</time>
        <sat>7</sat>
      </trkpt>
      <trkpt lat="32.752708" lon="-16.770043">
        <ele>256.9</ele>
        <time>2025-02-15T20:39:49.000Z</time>
        <sat>6</sat>
      </trkpt>
      <trkpt lat="32.752672" lon="-16.769937">
        <ele>255.1</ele>
        <time>2025-02-15T20:39:55.000Z</time>
        <sat>6</sat>
      </trkpt>
      <trkpt lat="32.752612" lon="-16.769840">
        <ele>253.5</ele>
        <time>2025-02-15T20:40:02.000Z</time>
        <sat>6</sat>
      </trkpt>
      <trkpt lat="32.752528" lon="-16.769893">
        <ele>251.3</ele>
        <time>2025-02-15T20:40:13.000Z</time>
        <sat>6</sat>
      </trkpt>
      <trkpt lat="32.752475" lon="-16.770000">
        <ele>250.5</ele>
        <time>2025-02-15T20:40:18.000Z</time>
        <sat>6</sat>
      </trkpt>
      <trkpt lat="32.752437" lon="-16.770120">
        <ele>249.6</ele>
        <time>2025-02-15T20:40:23.000Z</time>
        <sat>6</sat>
      </trkpt>
      <trkpt lat="32.752415" lon="-16.770230">
        <ele>248.9</ele>
        <time>2025-02-15T20:40:28.000Z</time>
        <sat>6</sat>
      </trkpt>
      <trkpt lat="32.752377" lon="-16.770340">
        <ele>248.6</ele>
        <time>2025-02-15T20:40:33.000Z</time>
        <sat>6</sat>
      </trkpt>
      <trkpt lat="32.752323" lon="-16.770442">
        <ele>248.3</ele>
        <time>2025-02-15T20:40:38.000Z</time>
        <sat>6</sat>
      </trkpt>
      <trkpt lat="32.752272" lon="-16.770558">
        <ele>247.9</ele>
        <time>2025-02-15T20:40:43.000Z</time>
        <sat>6</sat>
      </trkpt>
      <trkpt lat="32.752228" lon="-16.770667">
        <ele>247.6</ele>
        <time>2025-02-15T20:40:47.000Z</time>
        <sat>6</sat>
      </trkpt>
      <trkpt lat="32.752183" lon="-16.770783">
        <ele>247.2</ele>
        <time>2025-02-15T20:40:51.000Z</time>
        <sat>6</sat>
      </trkpt>
      <trkpt lat="32.752128" lon="-16.770878">
        <ele>246.5</ele>
        <time>2025-02-15T20:40:55.000Z</time>
        <sat>6</sat>
      </trkpt>
      <trkpt lat="32.752077" lon="-16.770987">
        <ele>246.0</ele>
        <time>2025-02-15T20:40:59.000Z</time>
        <sat>6</sat>
      </trkpt>
      <trkpt lat="32.752013" lon="-16.771070">
        <ele>245.5</ele>
        <time>2025-02-15T20:41:03.000Z</time>
        <sat>5</sat>
      </trkpt>
      <trkpt lat="32.751938" lon="-16.771155">
        <ele>245.0</ele>
        <time>2025-02-15T20:41:08.000Z</time>
        <sat>6</sat>
      </trkpt>
      <trkpt lat="32.751855" lon="-16.771202">
        <ele>244.7</ele>
        <time>2025-02-15T20:41:12.000Z</time>
        <sat>6</sat>
      </trkpt>
      <trkpt lat="32.751760" lon="-16.771185">
        <ele>244.4</ele>
        <time>2025-02-15T20:41:16.000Z</time>
        <sat>6</sat>
      </trkpt>
      <trkpt lat="32.751668" lon="-16.771132">
        <ele>244.2</ele>
        <time>2025-02-15T20:41:19.000Z</time>
        <sat>6</sat>
      </trkpt>
      <trkpt lat="32.751577" lon="-16.771075">
        <ele>244.0</ele>
        <time>2025-02-15T20:41:22.000Z</time>
        <sat>6</sat>
      </trkpt>
      <trkpt lat="32.751502" lon="-16.771010">
        <ele>243.8</ele>
        <time>2025-02-15T20:41:26.000Z</time>
        <sat>6</sat>
      </trkpt>
      <trkpt lat="32.751420" lon="-16.770962">
        <ele>243.2</ele>
        <time>2025-02-15T20:41:31.000Z</time>
        <sat>6</sat>
      </trkpt>
      <trkpt lat="32.751320" lon="-16.771007">
        <ele>242.2</ele>
        <time>2025-02-15T20:41:37.000Z</time>
        <sat>6</sat>
      </trkpt>
      <trkpt lat="32.751218" lon="-16.771047">
        <ele>241.7</ele>
        <time>2025-02-15T20:41:42.000Z</time>
        <sat>6</sat>
      </trkpt>
      <trkpt lat="32.751108" lon="-16.771057">
        <ele>241.1</ele>
        <time>2025-02-15T20:41:48.000Z</time>
        <sat>6</sat>
      </trkpt>
      <trkpt lat="32.751017" lon="-16.771027">
        <ele>240.8</ele>
        <time>2025-02-15T20:41:52.000Z</time>
        <sat>6</sat>
      </trkpt>
      <trkpt lat="32.750918" lon="-16.770990">
        <ele>240.5</ele>
        <time>2025-02-15T20:41:58.000Z</time>
        <sat>6</sat>
      </trkpt>
      <trkpt lat="32.750843" lon="-16.770923">
        <ele>240.4</ele>
        <time>2025-02-15T20:42:05.000Z</time>
        <sat>6</sat>
      </trkpt>
      <trkpt lat="32.750768" lon="-16.770857">
        <ele>240.1</ele>
        <time>2025-02-15T20:42:13.000Z</time>
        <sat>6</sat>
      </trkpt>
      <trkpt lat="32.750683" lon="-16.770795">
        <ele>239.7</ele>
        <time>2025-02-15T20:42:19.000Z</time>
        <sat>6</sat>
      </trkpt>
      <trkpt lat="32.750598" lon="-16.770755">
        <ele>239.3</ele>
        <time>2025-02-15T20:42:26.000Z</time>
        <sat>6</sat>
      </trkpt>
      <trkpt lat="32.750520" lon="-16.770700">
        <ele>238.8</ele>
        <time>2025-02-15T20:42:35.000Z</time>
        <sat>6</sat>
      </trkpt>
      <trkpt lat="32.750438" lon="-16.770617">
        <ele>237.9</ele>
        <time>2025-02-15T20:42:43.000Z</time>
        <sat>6</sat>
      </trkpt>
      <trkpt lat="32.750358" lon="-16.770552">
        <ele>237.4</ele>
        <time>2025-02-15T20:42:47.000Z</time>
        <sat>6</sat>
      </trkpt>
      <trkpt lat="32.750280" lon="-16.770480">
        <ele>236.7</ele>
        <time>2025-02-15T20:42:51.000Z</time>
        <sat>6</sat>
      </trkpt>
      <trkpt lat="32.750237" lon="-16.770582">
        <ele>234.3</ele>
        <time>2025-02-15T20:43:04.000Z</time>
        <sat>6</sat>
      </trkpt>
      <trkpt lat="32.750273" lon="-16.770695">
        <ele>233.5</ele>
        <time>2025-02-15T20:43:09.000Z</time>
        <sat>6</sat>
      </trkpt>
      <trkpt lat="32.750292" lon="-16.770812">
        <ele>232.7</ele>
        <time>2025-02-15T20:43:16.000Z</time>
        <sat>6</sat>
      </trkpt>
      <trkpt lat="32.750283" lon="-16.770922">
        <ele>232.3</ele>
        <time>2025-02-15T20:43:21.000Z</time>
        <sat>6</sat>
      </trkpt>
      <trkpt lat="32.750308" lon="-16.771038">
        <ele>231.8</ele>
        <time>2025-02-15T20:43:28.000Z</time>
        <sat>6</sat>
      </trkpt>
      <trkpt lat="32.750312" lon="-16.771167">
        <ele>231.6</ele>
        <time>2025-02-15T20:43:35.000Z</time>
        <sat>6</sat>
      </trkpt>
      <trkpt lat="32.750317" lon="-16.771295">
        <ele>231.4</ele>
        <time>2025-02-15T20:43:41.000Z</time>
        <sat>6</sat>
      </trkpt>
      <trkpt lat="32.750303" lon="-16.771415">
        <ele>231.2</ele>
        <time>2025-02-15T20:43:45.000Z</time>
        <sat>6</sat>
      </trkpt>
      <trkpt lat="32.750275" lon="-16.771547">
        <ele>231.1</ele>
        <time>2025-02-15T20:43:49.000Z</time>
        <sat>6</sat>
      </trkpt>
      <trkpt lat="32.750210" lon="-16.771648">
        <ele>230.9</ele>
        <time>2025-02-15T20:43:55.000Z</time>
        <sat>6</sat>
      </trkpt>
      <trkpt lat="32.750153" lon="-16.771732">
        <ele>230.6</ele>
        <time>2025-02-15T20:44:02.000Z</time>
        <sat>5</sat>
      </trkpt>
      <trkpt lat="32.750082" lon="-16.771817">
        <ele>230.3</ele>
        <time>2025-02-15T20:44:08.000Z</time>
        <sat>5</sat>
      </trkpt>
      <trkpt lat="32.749998" lon="-16.771895">
        <ele>230.0</ele>
        <time>2025-02-15T20:44:12.000Z</time>
        <sat>5</sat>
      </trkpt>
      <trkpt lat="32.749940" lon="-16.772000">
        <ele>229.5</ele>
        <time>2025-02-15T20:44:17.000Z</time>
        <sat>5</sat>
      </trkpt>
      <trkpt lat="32.749880" lon="-16.772087">
        <ele>228.8</ele>
        <time>2025-02-15T20:44:22.000Z</time>
        <sat>5</sat>
      </trkpt>
      <trkpt lat="32.749790" lon="-16.772148">
        <ele>228.2</ele>
        <time>2025-02-15T20:44:26.000Z</time>
        <sat>6</sat>
      </trkpt>
      <trkpt lat="32.749710" lon="-16.772235">
        <ele>227.3</ele>
        <time>2025-02-15T20:44:30.000Z</time>
        <sat>6</sat>
      </trkpt>
      <trkpt lat="32.749632" lon="-16.772298">
        <ele>226.5</ele>
        <time>2025-02-15T20:44:34.000Z</time>
        <sat>6</sat>
      </trkpt>
      <trkpt lat="32.749552" lon="-16.772362">
        <ele>225.9</ele>
        <time>2025-02-15T20:44:38.000Z</time>
        <sat>6</sat>
      </trkpt>
      <trkpt lat="32.749487" lon="-16.772443">
        <ele>225.3</ele>
        <time>2025-02-15T20:44:42.000Z</time>
        <sat>6</sat>
      </trkpt>
      <trkpt lat="32.749408" lon="-16.772515">
        <ele>224.8</ele>
        <time>2025-02-15T20:44:46.000Z</time>
        <sat>6</sat>
      </trkpt>
      <trkpt lat="32.749320" lon="-16.772588">
        <ele>224.1</ele>
        <time>2025-02-15T20:44:51.000Z</time>
        <sat>6</sat>
      </trkpt>
      <trkpt lat="32.749223" lon="-16.772588">
        <ele>223.4</ele>
        <time>2025-02-15T20:44:56.000Z</time>
        <sat>6</sat>
      </trkpt>
      <trkpt lat="32.749135" lon="-16.772547">
        <ele>222.8</ele>
        <time>2025-02-15T20:45:00.000Z</time>
        <sat>6</sat>
      </trkpt>
      <trkpt lat="32.749038" lon="-16.772488">
        <ele>222.1</ele>
        <time>2025-02-15T20:45:05.000Z</time>
        <sat>6</sat>
      </trkpt>
      <trkpt lat="32.748947" lon="-16.772483">
        <ele>221.4</ele>
        <time>2025-02-15T20:45:10.000Z</time>
        <sat>6</sat>
      </trkpt>
      <trkpt lat="32.748853" lon="-16.772507">
        <ele>220.6</ele>
        <time>2025-02-15T20:45:16.000Z</time>
        <sat>6</sat>
      </trkpt>
      <trkpt lat="32.748770" lon="-16.772557">
        <ele>219.6</ele>
        <time>2025-02-15T20:45:23.000Z</time>
        <sat>6</sat>
      </trkpt>
      <trkpt lat="32.748728" lon="-16.772662">
        <ele>218.1</ele>
        <time>2025-02-15T20:45:34.000Z</time>
        <sat>5</sat>
      </trkpt>
      <trkpt lat="32.748702" lon="-16.772792">
        <ele>217.3</ele>
        <time>2025-02-15T20:45:41.000Z</time>
        <sat>6</sat>
      </trkpt>
      <trkpt lat="32.748660" lon="-16.772905">
        <ele>216.8</ele>
        <time>2025-02-15T20:45:45.000Z</time>
        <sat>5</sat>
      </trkpt>
      <trkpt lat="32.748603" lon="-16.773013">
        <ele>216.3</ele>
        <time>2025-02-15T20:45:50.000Z</time>
        <sat>5</sat>
      </trkpt>
      <trkpt lat="32.748517" lon="-16.773058">
        <ele>216.0</ele>
        <time>2025-02-15T20:45:54.000Z</time>
        <sat>5</sat>
      </trkpt>
      <trkpt lat="32.748418" lon="-16.773093">
        <ele>215.7</ele>
        <time>2025-02-15T20:45:59.000Z</time>
        <sat>6</sat>
      </trkpt>
      <trkpt lat="32.748343" lon="-16.773158">
        <ele>215.3</ele>
        <time>2025-02-15T20:46:05.000Z</time>
        <sat>7</sat>
      </trkpt>
      <trkpt lat="32.748237" lon="-16.773158">
        <ele>215.1</ele>
        <time>2025-02-15T20:46:09.000Z</time>
        <sat>7</sat>
      </trkpt>
      <trkpt lat="32.748143" lon="-16.773158">
        <ele>214.9</ele>
        <time>2025-02-15T20:46:15.000Z</time>
        <sat>7</sat>
      </trkpt>
      <trkpt lat="32.748048" lon="-16.773178">
        <ele>214.2</ele>
        <time>2025-02-15T20:46:25.000Z</time>
        <sat>7</sat>
      </trkpt>
      <trkpt lat="32.747958" lon="-16.773193">
        <ele>213.2</ele>
        <time>2025-02-15T20:46:32.000Z</time>
        <sat>7</sat>
      </trkpt>
      <trkpt lat="32.747868" lon="-16.773217">
        <ele>212.1</ele>
        <time>2025-02-15T20:46:38.000Z</time>
        <sat>7</sat>
      </trkpt>
      <trkpt lat="32.747770" lon="-16.773218">
        <ele>210.7</ele>
        <time>2025-02-15T20:46:47.000Z</time>
        <sat>7</sat>
      </trkpt>
      <trkpt lat="32.747673" lon="-16.773230">
        <ele>209.0</ele>
        <time>2025-02-15T20:46:55.000Z</time>
        <sat>7</sat>
      </trkpt>
      <trkpt lat="32.747583" lon="-16.773223">
        <ele>207.4</ele>
        <time>2025-02-15T20:47:02.000Z</time>
        <sat>7</sat>
      </trkpt>
      <trkpt lat="32.747492" lon="-16.773242">
        <ele>204.4</ele>
        <time>2025-02-15T20:47:14.000Z</time>
        <sat>7</sat>
      </trkpt>
      <trkpt lat="32.747398" lon="-16.773253">
        <ele>201.6</ele>
        <time>2025-02-15T20:47:24.000Z</time>
        <sat>7</sat>
      </trkpt>
      <trkpt lat="32.747307" lon="-16.773268">
        <ele>199.2</ele>
        <time>2025-02-15T20:47:33.000Z</time>
        <sat>7</sat>
      </trkpt>
      <trkpt lat="32.747198" lon="-16.773287">
        <ele>197.9</ele>
        <time>2025-02-15T20:47:38.000Z</time>
        <sat>7</sat>
      </trkpt>
      <trkpt lat="32.747107" lon="-16.773312">
        <ele>196.9</ele>
        <time>2025-02-15T20:47:42.000Z</time>
        <sat>8</sat>
      </trkpt>
      <trkpt lat="32.747005" lon="-16.773338">
        <ele>195.5</ele>
        <time>2025-02-15T20:47:49.000Z</time>
        <sat>8</sat>
      </trkpt>
      <trkpt lat="32.746913" lon="-16.773382">
        <ele>194.5</ele>
        <time>2025-02-15T20:47:56.000Z</time>
        <sat>8</sat>
      </trkpt>
      <trkpt lat="32.746818" lon="-16.773372">
        <ele>193.3</ele>
        <time>2025-02-15T20:48:03.000Z</time>
        <sat>7</sat>
      </trkpt>
      <trkpt lat="32.746715" lon="-16.773387">
        <ele>191.8</ele>
        <time>2025-02-15T20:48:11.000Z</time>
        <sat>8</sat>
      </trkpt>
      <trkpt lat="32.746627" lon="-16.773413">
        <ele>190.0</ele>
        <time>2025-02-15T20:48:19.000Z</time>
        <sat>8</sat>
      </trkpt>
      <trkpt lat="32.746537" lon="-16.773423">
        <ele>188.3</ele>
        <time>2025-02-15T20:48:30.000Z</time>
        <sat>8</sat>
      </trkpt>
      <trkpt lat="32.746443" lon="-16.773435">
        <ele>185.7</ele>
        <time>2025-02-15T20:48:42.000Z</time>
        <sat>8</sat>
      </trkpt>
      <trkpt lat="32.746352" lon="-16.773435">
        <ele>183.4</ele>
        <time>2025-02-15T20:48:52.000Z</time>
        <sat>8</sat>
      </trkpt>
      <trkpt lat="32.746260" lon="-16.773420">
        <ele>181.2</ele>
        <time>2025-02-15T20:49:02.000Z</time>
        <sat>8</sat>
      </trkpt>
      <trkpt lat="32.746170" lon="-16.773387">
        <ele>179.6</ele>
        <time>2025-02-15T20:49:10.000Z</time>
        <sat>8</sat>
      </trkpt>
      <trkpt lat="32.746075" lon="-16.773370">
        <ele>179.1</ele>
        <time>2025-02-15T20:49:17.000Z</time>
        <sat>8</sat>
      </trkpt>
      <trkpt lat="32.745970" lon="-16.773353">
        <ele>178.7</ele>
        <time>2025-02-15T20:49:23.000Z</time>
        <sat>7</sat>
      </trkpt>
      <trkpt lat="32.745872" lon="-16.773350">
        <ele>178.3</ele>
        <time>2025-02-15T20:49:28.000Z</time>
        <sat>7</sat>
      </trkpt>
      <trkpt lat="32.745772" lon="-16.773327">
        <ele>178.1</ele>
        <time>2025-02-15T20:49:32.000Z</time>
        <sat>7</sat>
      </trkpt>
      <trkpt lat="32.745675" lon="-16.773308">
        <ele>177.8</ele>
        <time>2025-02-15T20:49:36.000Z</time>
        <sat>7</sat>
      </trkpt>
      <trkpt lat="32.745575" lon="-16.773267">
        <ele>177.5</ele>
        <time>2025-02-15T20:49:40.000Z</time>
        <sat>7</sat>
      </trkpt>
      <trkpt lat="32.745465" lon="-16.773237">
        <ele>177.3</ele>
        <time>2025-02-15T20:49:45.000Z</time>
        <sat>7</sat>
      </trkpt>
      <trkpt lat="32.745368" lon="-16.773238">
        <ele>177.2</ele>
        <time>2025-02-15T20:49:49.000Z</time>
        <sat>6</sat>
      </trkpt>
      <trkpt lat="32.745278" lon="-16.773233">
        <ele>177.0</ele>
        <time>2025-02-15T20:49:53.000Z</time>
        <sat>6</sat>
      </trkpt>
      <trkpt lat="32.745167" lon="-16.773223">
        <ele>176.8</ele>
        <time>2025-02-15T20:49:58.000Z</time>
        <sat>6</sat>
      </trkpt>
      <trkpt lat="32.745060" lon="-16.773213">
        <ele>176.7</ele>
        <time>2025-02-15T20:50:03.000Z</time>
        <sat>5</sat>
      </trkpt>
      <trkpt lat="32.744967" lon="-16.773230">
        <ele>176.6</ele>
        <time>2025-02-15T20:50:07.000Z</time>
        <sat>5</sat>
      </trkpt>
      <trkpt lat="32.744872" lon="-16.773253">
        <ele>176.5</ele>
        <time>2025-02-15T20:50:11.000Z</time>
        <sat>5</sat>
      </trkpt>
      <trkpt lat="32.744782" lon="-16.773320">
        <ele>176.5</ele>
        <time>2025-02-15T20:50:16.000Z</time>
        <sat>5</sat>
      </trkpt>
      <trkpt lat="32.744678" lon="-16.773365">
        <ele>176.4</ele>
        <time>2025-02-15T20:50:21.000Z</time>
        <sat>6</sat>
      </trkpt>
      <trkpt lat="32.744570" lon="-16.773363">
        <ele>176.3</ele>
        <time>2025-02-15T20:50:26.000Z</time>
        <sat>6</sat>
      </trkpt>
      <trkpt lat="32.744472" lon="-16.773347">
        <ele>176.3</ele>
        <time>2025-02-15T20:50:30.000Z</time>
        <sat>6</sat>
      </trkpt>
      <trkpt lat="32.744372" lon="-16.773317">
        <ele>176.2</ele>
        <time>2025-02-15T20:50:34.000Z</time>
        <sat>6</sat>
      </trkpt>
      <trkpt lat="32.744282" lon="-16.773312">
        <ele>176.2</ele>
        <time>2025-02-15T20:50:38.000Z</time>
        <sat>6</sat>
      </trkpt>
      <trkpt lat="32.744190" lon="-16.773297">
        <ele>176.1</ele>
        <time>2025-02-15T20:50:42.000Z</time>
        <sat>6</sat>
      </trkpt>
      <trkpt lat="32.744082" lon="-16.773295">
        <ele>176.1</ele>
        <time>2025-02-15T20:50:47.000Z</time>
        <sat>6</sat>
      </trkpt>
      <trkpt lat="32.743983" lon="-16.773305">
        <ele>176.1</ele>
        <time>2025-02-15T20:50:52.000Z</time>
        <sat>5</sat>
      </trkpt>
      <trkpt lat="32.743883" lon="-16.773320">
        <ele>176.1</ele>
        <time>2025-02-15T20:50:58.000Z</time>
        <sat>5</sat>
      </trkpt>
      <trkpt lat="32.743790" lon="-16.773338">
        <ele>176.1</ele>
        <time>2025-02-15T20:51:04.000Z</time>
        <sat>5</sat>
      </trkpt>
      <trkpt lat="32.743692" lon="-16.773340">
        <ele>176.1</ele>
        <time>2025-02-15T20:51:10.000Z</time>
        <sat>5</sat>
      </trkpt>
      <trkpt lat="32.743598" lon="-16.773372">
        <ele>176.1</ele>
        <time>2025-02-15T20:51:16.000Z</time>
        <sat>5</sat>
      </trkpt>
      <trkpt lat="32.743488" lon="-16.773398">
        <ele>176.0</ele>
        <time>2025-02-15T20:51:21.000Z</time>
        <sat>5</sat>
      </trkpt>
      <trkpt lat="32.743393" lon="-16.773420">
        <ele>176.0</ele>
        <time>2025-02-15T20:51:25.000Z</time>
        <sat>5</sat>
      </trkpt>
      <trkpt lat="32.743308" lon="-16.773465">
        <ele>176.0</ele>
        <time>2025-02-15T20:51:29.000Z</time>
        <sat>5</sat>
      </trkpt>
      <trkpt lat="32.743223" lon="-16.773512">
        <ele>176.0</ele>
        <time>2025-02-15T20:51:33.000Z</time>
        <sat>5</sat>
      </trkpt>
      <trkpt lat="32.743130" lon="-16.773560">
        <ele>176.0</ele>
        <time>2025-02-15T20:51:38.000Z</time>
        <sat>5</sat>
      </trkpt>
      <trkpt lat="32.743088" lon="-16.773565">
        <ele>175.9</ele>
        <time>2025-02-15T20:51:54.000Z</time>
        <sat>7</sat>
      </trkpt>
      <trkpt lat="32.743092" lon="-16.773563">
        <ele>176.0</ele>
        <time>2025-02-15T20:51:56.000Z</time>
        <sat>6</sat>
      </trkpt>
      <trkpt lat="32.743092" lon="-16.773563">
        <ele>176.0</ele>
        <time>2025-02-15T20:51:57.000Z</time>
        <sat>6</sat>
      </trkpt>
      <trkpt lat="32.743090" lon="-16.773562">
        <ele>176.2</ele>
        <time>2025-02-15T20:52:03.000Z</time>
        <sat>6</sat>
      </trkpt>
      <trkpt lat="32.743080" lon="-16.773552">
        <ele>176.2</ele>
        <time>2025-02-15T20:52:08.000Z</time>
        <sat>7</sat>
      </trkpt>
      <trkpt lat="32.743083" lon="-16.773553">
        <ele>176.2</ele>
        <time>2025-02-15T20:52:15.000Z</time>
        <sat>7</sat>
      </trkpt>
      <trkpt lat="32.743083" lon="-16.773553">
        <ele>176.2</ele>
        <time>2025-02-15T20:52:16.000Z</time>
        <sat>8</sat>
      </trkpt>
      <trkpt lat="32.743087" lon="-16.773553">
        <ele>176.2</ele>
        <time>2025-02-15T20:52:20.000Z</time>
        <sat>8</sat>
      </trkpt>
      <trkpt lat="32.743102" lon="-16.773555">
        <ele>176.2</ele>
        <time>2025-02-15T20:52:28.000Z</time>
        <sat>8</sat>
      </trkpt>
      <trkpt lat="32.743103" lon="-16.773555">
        <ele>176.2</ele>
        <time>2025-02-15T20:52:29.000Z</time>
        <sat>8</sat>
      </trkpt>
      <trkpt lat="32.743107" lon="-16.773553">
        <ele>176.2</ele>
        <time>2025-02-15T20:52:32.000Z</time>
        <sat>8</sat>
      </trkpt>
      <trkpt lat="32.743108" lon="-16.773553">
        <ele>176.2</ele>
        <time>2025-02-15T20:52:34.000Z</time>
        <sat>7</sat>
      </trkpt>
      <trkpt lat="32.743108" lon="-16.773553">
        <ele>176.2</ele>
        <time>2025-02-15T20:52:35.000Z</time>
        <sat>5</sat>
      </trkpt>
      <trkpt lat="32.743107" lon="-16.773552">
        <ele>176.2</ele>
        <time>2025-02-15T20:52:37.000Z</time>
        <sat>5</sat>
      </trkpt>
      <trkpt lat="32.743107" lon="-16.773552">
        <ele>176.2</ele>
        <time>2025-02-15T20:52:38.000Z</time>
        <sat>5</sat>
      </trkpt>
      <trkpt lat="32.743105" lon="-16.773552">
        <ele>176.2</ele>
        <time>2025-02-15T20:52:39.000Z</time>
        <sat>5</sat>
      </trkpt>
      <trkpt lat="32.743105" lon="-16.773552">
        <ele>176.1</ele>
        <time>2025-02-15T20:52:42.000Z</time>
        <sat>7</sat>
      </trkpt>
      <trkpt lat="32.743105" lon="-16.773550">
        <ele>176.1</ele>
        <time>2025-02-15T20:52:47.000Z</time>
        <sat>6</sat>
      </trkpt>
      <trkpt lat="32.743103" lon="-16.773545">
        <ele>176.0</ele>
        <time>2025-02-15T20:52:51.000Z</time>
        <sat>7</sat>
      </trkpt>
      <trkpt lat="32.743105" lon="-16.773545">
        <ele>176.0</ele>
        <time>2025-02-15T20:52:53.000Z</time>
        <sat>7</sat>
      </trkpt>
      <trkpt lat="32.743103" lon="-16.773545">
        <ele>175.9</ele>
        <time>2025-02-15T20:52:55.000Z</time>
        <sat>8</sat>
      </trkpt>
      <trkpt lat="32.743105" lon="-16.773545">
        <ele>175.7</ele>
        <time>2025-02-15T20:53:02.000Z</time>
        <sat>7</sat>
      </trkpt>
      <trkpt lat="32.743105" lon="-16.773545">
        <ele>175.7</ele>
        <time>2025-02-15T20:53:03.000Z</time>
        <sat>8</sat>
      </trkpt>
      <trkpt lat="32.743103" lon="-16.773547">
        <ele>175.4</ele>
        <time>2025-02-15T20:53:06.000Z</time>
        <sat>8</sat>
      </trkpt>
      <trkpt lat="32.743010" lon="-16.773555">
        <ele>175.5</ele>
        <time>2025-02-15T20:53:15.000Z</time>
        <sat>6</sat>
      </trkpt>
      <trkpt lat="32.742913" lon="-16.773593">
        <ele>175.5</ele>
        <time>2025-02-15T20:53:24.000Z</time>
        <sat>8</sat>
      </trkpt>
      <trkpt lat="32.742815" lon="-16.773630">
        <ele>175.4</ele>
        <time>2025-02-15T20:53:31.000Z</time>
        <sat>7</sat>
      </trkpt>
      <trkpt lat="32.742713" lon="-16.773678">
        <ele>175.4</ele>
        <time>2025-02-15T20:53:37.000Z</time>
        <sat>8</sat>
      </trkpt>
      <trkpt lat="32.742613" lon="-16.773708">
        <ele>175.3</ele>
        <time>2025-02-15T20:53:43.000Z</time>
        <sat>8</sat>
      </trkpt>
      <trkpt lat="32.742515" lon="-16.773703">
        <ele>175.2</ele>
        <time>2025-02-15T20:53:48.000Z</time>
        <sat>8</sat>
      </trkpt>
      <trkpt lat="32.742438" lon="-16.773640">
        <ele>175.2</ele>
        <time>2025-02-15T20:53:52.000Z</time>
        <sat>8</sat>
      </trkpt>
      <trkpt lat="32.742470" lon="-16.773533">
        <ele>175.1</ele>
        <time>2025-02-15T20:53:58.000Z</time>
        <sat>8</sat>
      </trkpt>
      <trkpt lat="32.742540" lon="-16.773447">
        <ele>175.0</ele>
        <time>2025-02-15T20:54:04.000Z</time>
        <sat>8</sat>
      </trkpt>
      <trkpt lat="32.742580" lon="-16.773335">
        <ele>175.0</ele>
        <time>2025-02-15T20:54:09.000Z</time>
        <sat>8</sat>
      </trkpt>
      <trkpt lat="32.742613" lon="-16.773223">
        <ele>174.9</ele>
        <time>2025-02-15T20:54:14.000Z</time>
        <sat>8</sat>
      </trkpt>
      <trkpt lat="32.742650" lon="-16.773123">
        <ele>174.9</ele>
        <time>2025-02-15T20:54:18.000Z</time>
        <sat>8</sat>
      </trkpt>
      <trkpt lat="32.742688" lon="-16.773015">
        <ele>175.0</ele>
        <time>2025-02-15T20:54:23.000Z</time>
        <sat>8</sat>
      </trkpt>
      <trkpt lat="32.742707" lon="-16.772890">
        <ele>175.0</ele>
        <time>2025-02-15T20:54:28.000Z</time>
        <sat>8</sat>
      </trkpt>
      <trkpt lat="32.742732" lon="-16.772785">
        <ele>175.0</ele>
        <time>2025-02-15T20:54:32.000Z</time>
        <sat>8</sat>
      </trkpt>
      <trkpt lat="32.742770" lon="-16.772670">
        <ele>175.0</ele>
        <time>2025-02-15T20:54:37.000Z</time>
        <sat>8</sat>
      </trkpt>
      <trkpt lat="32.742813" lon="-16.772557">
        <ele>175.1</ele>
        <time>2025-02-15T20:54:42.000Z</time>
        <sat>8</sat>
      </trkpt>
      <trkpt lat="32.742868" lon="-16.772460">
        <ele>175.1</ele>
        <time>2025-02-15T20:54:46.000Z</time>
        <sat>8</sat>
      </trkpt>
      <trkpt lat="32.742938" lon="-16.772370">
        <ele>175.1</ele>
        <time>2025-02-15T20:54:51.000Z</time>
        <sat>8</sat>
      </trkpt>
      <trkpt lat="32.742997" lon="-16.772258">
        <ele>175.1</ele>
        <time>2025-02-15T20:54:56.000Z</time>
        <sat>7</sat>
      </trkpt>
      <trkpt lat="32.743023" lon="-16.772152">
        <ele>175.0</ele>
        <time>2025-02-15T20:55:01.000Z</time>
        <sat>6</sat>
      </trkpt>
      <trkpt lat="32.743057" lon="-16.772042">
        <ele>175.0</ele>
        <time>2025-02-15T20:55:06.000Z</time>
        <sat>7</sat>
      </trkpt>
      <trkpt lat="32.743095" lon="-16.771927">
        <ele>174.9</ele>
        <time>2025-02-15T20:55:13.000Z</time>
        <sat>7</sat>
      </trkpt>
      <trkpt lat="32.743120" lon="-16.771897">
        <ele>174.9</ele>
        <time>2025-02-15T20:55:18.000Z</time>
        <sat>7</sat>
      </trkpt>
      <trkpt lat="32.743123" lon="-16.771895">
        <ele>174.9</ele>
        <time>2025-02-15T20:55:19.000Z</time>
        <sat>6</sat>
      </trkpt>
      <trkpt lat="32.743125" lon="-16.771892">
        <ele>174.9</ele>
        <time>2025-02-15T20:55:21.000Z</time>
        <sat>7</sat>
      </trkpt>
      <trkpt lat="32.743123" lon="-16.771885">
        <ele>174.9</ele>
        <time>2025-02-15T20:55:22.000Z</time>
        <sat>7</sat>
      </trkpt>
      <trkpt lat="32.743122" lon="-16.771883">
        <ele>175.0</ele>
        <time>2025-02-15T20:55:24.000Z</time>
        <sat>7</sat>
      </trkpt>
      <trkpt lat="32.743120" lon="-16.771885">
        <ele>175.0</ele>
        <time>2025-02-15T20:55:25.000Z</time>
        <sat>7</sat>
      </trkpt>
      <trkpt lat="32.743120" lon="-16.771885">
        <ele>175.0</ele>
        <time>2025-02-15T20:55:28.000Z</time>
        <sat>7</sat>
      </trkpt>
      <trkpt lat="32.743120" lon="-16.771883">
        <ele>175.0</ele>
        <time>2025-02-15T20:55:29.000Z</time>
        <sat>7</sat>
      </trkpt>
      <trkpt lat="32.743120" lon="-16.771883">
        <ele>175.0</ele>
        <time>2025-02-15T20:55:30.000Z</time>
        <sat>6</sat>
      </trkpt>
      <trkpt lat="32.743120" lon="-16.771880">
        <ele>175.0</ele>
        <time>2025-02-15T20:55:35.000Z</time>
        <sat>5</sat>
      </trkpt>
      <trkpt lat="32.743118" lon="-16.771880">
        <ele>175.0</ele>
        <time>2025-02-15T20:55:37.000Z</time>
        <sat>5</sat>
      </trkpt>
      <trkpt lat="32.743110" lon="-16.771865">
        <ele>175.0</ele>
        <time>2025-02-15T20:55:40.000Z</time>
        <sat>6</sat>
      </trkpt>
      <trkpt lat="32.743122" lon="-16.771852">
        <ele>175.0</ele>
        <time>2025-02-15T20:55:45.000Z</time>
        <sat>6</sat>
      </trkpt>
      <trkpt lat="32.743122" lon="-16.771847">
        <ele>175.0</ele>
        <time>2025-02-15T20:55:47.000Z</time>
        <sat>6</sat>
      </trkpt>
      <trkpt lat="32.743033" lon="-16.771897">
        <ele>174.8</ele>
        <time>2025-02-15T20:55:57.000Z</time>
        <sat>6</sat>
      </trkpt>
      <trkpt lat="32.742933" lon="-16.771953">
        <ele>174.6</ele>
        <time>2025-02-15T20:56:02.000Z</time>
        <sat>6</sat>
      </trkpt>
      <trkpt lat="32.742840" lon="-16.771963">
        <ele>174.5</ele>
        <time>2025-02-15T20:56:06.000Z</time>
        <sat>6</sat>
      </trkpt>
      <trkpt lat="32.742745" lon="-16.771973">
        <ele>174.3</ele>
        <time>2025-02-15T20:56:10.000Z</time>
        <sat>6</sat>
      </trkpt>
      <trkpt lat="32.742638" lon="-16.772007">
        <ele>174.2</ele>
        <time>2025-02-15T20:56:14.000Z</time>
        <sat>6</sat>
      </trkpt>
      <trkpt lat="32.742547" lon="-16.772052">
        <ele>174.1</ele>
        <time>2025-02-15T20:56:18.000Z</time>
        <sat>6</sat>
      </trkpt>
      <trkpt lat="32.742465" lon="-16.772118">
        <ele>174.0</ele>
        <time>2025-02-15T20:56:24.000Z</time>
        <sat>5</sat>
      </trkpt>
      <trkpt lat="32.742395" lon="-16.772190">
        <ele>173.9</ele>
        <time>2025-02-15T20:56:29.000Z</time>
        <sat>5</sat>
      </trkpt>
      <trkpt lat="32.742313" lon="-16.772262">
        <ele>173.8</ele>
        <time>2025-02-15T20:56:34.000Z</time>
        <sat>5</sat>
      </trkpt>
      <trkpt lat="32.742237" lon="-16.772320">
        <ele>173.8</ele>
        <time>2025-02-15T20:56:38.000Z</time>
        <sat>5</sat>
      </trkpt>
      <trkpt lat="32.742160" lon="-16.772408">
        <ele>173.7</ele>
        <time>2025-02-15T20:56:43.000Z</time>
        <sat>7</sat>
      </trkpt>
      <trkpt lat="32.742125" lon="-16.772522">
        <ele>173.8</ele>
        <time>2025-02-15T20:56:48.000Z</time>
        <sat>5</sat>
      </trkpt>
      <trkpt lat="32.742070" lon="-16.772618">
        <ele>173.8</ele>
        <time>2025-02-15T20:56:53.000Z</time>
        <sat>5</sat>
      </trkpt>
      <trkpt lat="32.741982" lon="-16.772708">
        <ele>173.8</ele>
        <time>2025-02-15T20:56:58.000Z</time>
        <sat>5</sat>
      </trkpt>
      <trkpt lat="32.741892" lon="-16.772770">
        <ele>173.8</ele>
        <time>2025-02-15T20:57:02.000Z</time>
        <sat>5</sat>
      </trkpt>
      <trkpt lat="32.741812" lon="-16.772823">
        <ele>173.8</ele>
        <time>2025-02-15T20:57:06.000Z</time>
        <sat>5</sat>
      </trkpt>
      <trkpt lat="32.741720" lon="-16.772867">
        <ele>173.8</ele>
        <time>2025-02-15T20:57:10.000Z</time>
        <sat>5</sat>
      </trkpt>
      <trkpt lat="32.741625" lon="-16.772890">
        <ele>173.9</ele>
        <time>2025-02-15T20:57:14.000Z</time>
        <sat>5</sat>
      </trkpt>
      <trkpt lat="32.741522" lon="-16.772923">
        <ele>173.9</ele>
        <time>2025-02-15T20:57:19.000Z</time>
        <sat>6</sat>
      </trkpt>
      <trkpt lat="32.741413" lon="-16.772948">
        <ele>173.9</ele>
        <time>2025-02-15T20:57:24.000Z</time>
        <sat>5</sat>
      </trkpt>
      <trkpt lat="32.741327" lon="-16.772980">
        <ele>174.0</ele>
        <time>2025-02-15T20:57:28.000Z</time>
        <sat>5</sat>
      </trkpt>
      <trkpt lat="32.741240" lon="-16.773018">
        <ele>174.0</ele>
        <time>2025-02-15T20:57:32.000Z</time>
        <sat>6</sat>
      </trkpt>
      <trkpt lat="32.741138" lon="-16.773045">
        <ele>174.0</ele>
        <time>2025-02-15T20:57:37.000Z</time>
        <sat>6</sat>
      </trkpt>
      <trkpt lat="32.741040" lon="-16.772997">
        <ele>174.1</ele>
        <time>2025-02-15T20:57:42.000Z</time>
        <sat>7</sat>
      </trkpt>
      <trkpt lat="32.740992" lon="-16.772895">
        <ele>174.1</ele>
        <time>2025-02-15T20:57:48.000Z</time>
        <sat>8</sat>
      </trkpt>
      <trkpt lat="32.740967" lon="-16.772782">
        <ele>174.1</ele>
        <time>2025-02-15T20:57:54.000Z</time>
        <sat>8</sat>
      </trkpt>
      <trkpt lat="32.740933" lon="-16.772667">
        <ele>174.1</ele>
        <time>2025-02-15T20:58:00.000Z</time>
        <sat>8</sat>
      </trkpt>
      <trkpt lat="32.740922" lon="-16.772557">
        <ele>174.0</ele>
        <time>2025-02-15T20:58:05.000Z</time>
        <sat>7</sat>
      </trkpt>
      <trkpt lat="32.740850" lon="-16.772462">
        <ele>174.1</ele>
        <time>2025-02-15T20:58:09.000Z</time>
        <sat>8</sat>
      </trkpt>
      <trkpt lat="32.740775" lon="-16.772368">
        <ele>174.1</ele>
        <time>2025-02-15T20:58:14.000Z</time>
        <sat>8</sat>
      </trkpt>
      <trkpt lat="32.740705" lon="-16.772277">
        <ele>174.1</ele>
        <time>2025-02-15T20:58:19.000Z</time>
        <sat>8</sat>
      </trkpt>
      <trkpt lat="32.740612" lon="-16.772303">
        <ele>174.1</ele>
        <time>2025-02-15T20:58:27.000Z</time>
        <sat>7</sat>
      </trkpt>
      <trkpt lat="32.740528" lon="-16.772372">
        <ele>174.2</ele>
        <time>2025-02-15T20:58:36.000Z</time>
        <sat>7</sat>
      </trkpt>
      <trkpt lat="32.740455" lon="-16.772455">
        <ele>174.2</ele>
        <time>2025-02-15T20:58:43.000Z</time>
        <sat>7</sat>
      </trkpt>
      <trkpt lat="32.740397" lon="-16.772547">
        <ele>174.2</ele>
        <time>2025-02-15T20:58:48.000Z</time>
        <sat>7</sat>
      </trkpt>
      <trkpt lat="32.740332" lon="-16.772630">
        <ele>174.2</ele>
        <time>2025-02-15T20:58:52.000Z</time>
        <sat>7</sat>
      </trkpt>
      <trkpt lat="32.740240" lon="-16.772697">
        <ele>174.1</ele>
        <time>2025-02-15T20:58:57.000Z</time>
        <sat>7</sat>
      </trkpt>
      <trkpt lat="32.740135" lon="-16.772662">
        <ele>174.1</ele>
        <time>2025-02-15T20:59:02.000Z</time>
        <sat>7</sat>
      </trkpt>
      <trkpt lat="32.740075" lon="-16.772560">
        <ele>174.1</ele>
        <time>2025-02-15T20:59:07.000Z</time>
        <sat>7</sat>
      </trkpt>
      <trkpt lat="32.740028" lon="-16.772460">
        <ele>174.1</ele>
        <time>2025-02-15T20:59:12.000Z</time>
        <sat>7</sat>
      </trkpt>
      <trkpt lat="32.739970" lon="-16.772362">
        <ele>174.1</ele>
        <time>2025-02-15T20:59:18.000Z</time>
        <sat>7</sat>
      </trkpt>
      <trkpt lat="32.739935" lon="-16.772247">
        <ele>173.9</ele>
        <time>2025-02-15T20:59:25.000Z</time>
        <sat>7</sat>
      </trkpt>
      <trkpt lat="32.739860" lon="-16.772168">
        <ele>174.0</ele>
        <time>2025-02-15T20:59:30.000Z</time>
        <sat>7</sat>
      </trkpt>
      <trkpt lat="32.739763" lon="-16.772140">
        <ele>173.9</ele>
        <time>2025-02-15T20:59:35.000Z</time>
        <sat>7</sat>
      </trkpt>
      <trkpt lat="32.739672" lon="-16.772177">
        <ele>173.8</ele>
        <time>2025-02-15T20:59:43.000Z</time>
        <sat>6</sat>
      </trkpt>
      <trkpt lat="32.739645" lon="-16.772297">
        <ele>173.7</ele>
        <time>2025-02-15T20:59:50.000Z</time>
        <sat>6</sat>
      </trkpt>
      <trkpt lat="32.739612" lon="-16.772407">
        <ele>173.5</ele>
        <time>2025-02-15T20:59:56.000Z</time>
        <sat>6</sat>
      </trkpt>
      <trkpt lat="32.739568" lon="-16.772518">
        <ele>173.4</ele>
        <time>2025-02-15T21:00:01.000Z</time>
        <sat>6</sat>
      </trkpt>
      <trkpt lat="32.739518" lon="-16.772612">
        <ele>173.3</ele>
        <time>2025-02-15T21:00:05.000Z</time>
        <sat>6</sat>
      </trkpt>
      <trkpt lat="32.739475" lon="-16.772720">
        <ele>173.2</ele>
        <time>2025-02-15T21:00:10.000Z</time>
        <sat>5</sat>
      </trkpt>
      <trkpt lat="32.739438" lon="-16.772837">
        <ele>173.1</ele>
        <time>2025-02-15T21:00:15.000Z</time>
        <sat>5</sat>
      </trkpt>
      <trkpt lat="32.739392" lon="-16.772930">
        <ele>172.6</ele>
        <time>2025-02-15T21:00:23.000Z</time>
        <sat>6</sat>
      </trkpt>
      <trkpt lat="32.739357" lon="-16.773040">
        <ele>173.0</ele>
        <time>2025-02-15T21:00:30.000Z</time>
        <sat>6</sat>
      </trkpt>
      <trkpt lat="32.739312" lon="-16.773150">
        <ele>173.1</ele>
        <time>2025-02-15T21:00:36.000Z</time>
        <sat>7</sat>
      </trkpt>
      <trkpt lat="32.739322" lon="-16.773275">
        <ele>173.1</ele>
        <time>2025-02-15T21:00:41.000Z</time>
        <sat>7</sat>
      </trkpt>
      <trkpt lat="32.739297" lon="-16.773387">
        <ele>173.1</ele>
        <time>2025-02-15T21:00:46.000Z</time>
        <sat>7</sat>
      </trkpt>
      <trkpt lat="32.739275" lon="-16.773403">
        <ele>173.2</ele>
        <time>2025-02-15T21:00:54.000Z</time>
        <sat>8</sat>
      </trkpt>
      <trkpt lat="32.739272" lon="-16.773407">
        <ele>173.1</ele>
        <time>2025-02-15T21:00:56.000Z</time>
        <sat>8</sat>
      </trkpt>
      <trkpt lat="32.739272" lon="-16.773407">
        <ele>173.2</ele>
        <time>2025-02-15T21:00:57.000Z</time>
        <sat>7</sat>
      </trkpt>
      <trkpt lat="32.739267" lon="-16.773405">
        <ele>173.2</ele>
        <time>2025-02-15T21:01:00.000Z</time>
        <sat>8</sat>
      </trkpt>
      <trkpt lat="32.739168" lon="-16.773435">
        <ele>173.2</ele>
        <time>2025-02-15T21:01:09.000Z</time>
        <sat>8</sat>
      </trkpt>
      <trkpt lat="32.739062" lon="-16.773420">
        <ele>173.2</ele>
        <time>2025-02-15T21:01:15.000Z</time>
        <sat>9</sat>
      </trkpt>
      <trkpt lat="32.738968" lon="-16.773400">
        <ele>173.2</ele>
        <time>2025-02-15T21:01:21.000Z</time>
        <sat>9</sat>
      </trkpt>
      <trkpt lat="32.738878" lon="-16.773368">
        <ele>173.1</ele>
        <time>2025-02-15T21:01:29.000Z</time>
        <sat>9</sat>
      </trkpt>
      <trkpt lat="32.738787" lon="-16.773303">
        <ele>173.1</ele>
        <time>2025-02-15T21:01:35.000Z</time>
        <sat>9</sat>
      </trkpt>
      <trkpt lat="32.738708" lon="-16.773233">
        <ele>173.1</ele>
        <time>2025-02-15T21:01:41.000Z</time>
        <sat>9</sat>
      </trkpt>
      <trkpt lat="32.738640" lon="-16.773163">
        <ele>173.1</ele>
        <time>2025-02-15T21:01:47.000Z</time>
        <sat>9</sat>
      </trkpt>
      <trkpt lat="32.738558" lon="-16.773085">
        <ele>173.0</ele>
        <time>2025-02-15T21:01:54.000Z</time>
        <sat>8</sat>
      </trkpt>
      <trkpt lat="32.738477" lon="-16.773018">
        <ele>173.0</ele>
        <time>2025-02-15T21:02:00.000Z</time>
        <sat>8</sat>
      </trkpt>
      <trkpt lat="32.738397" lon="-16.772955">
        <ele>172.9</ele>
        <time>2025-02-15T21:02:06.000Z</time>
        <sat>8</sat>
      </trkpt>
      <trkpt lat="32.738317" lon="-16.772890">
        <ele>172.9</ele>
        <time>2025-02-15T21:02:12.000Z</time>
        <sat>8</sat>
      </trkpt>
      <trkpt lat="32.738223" lon="-16.772855">
        <ele>172.9</ele>
        <time>2025-02-15T21:02:18.000Z</time>
        <sat>7</sat>
      </trkpt>
      <trkpt lat="32.738135" lon="-16.772825">
        <ele>173.0</ele>
        <time>2025-02-15T21:02:26.000Z</time>
        <sat>7</sat>
      </trkpt>
      <trkpt lat="32.738060" lon="-16.772890">
        <ele>173.2</ele>
        <time>2025-02-15T21:02:34.000Z</time>
        <sat>7</sat>
      </trkpt>
      <trkpt lat="32.738028" lon="-16.772998">
        <ele>173.2</ele>
        <time>2025-02-15T21:02:42.000Z</time>
        <sat>7</sat>
      </trkpt>
      <trkpt lat="32.737982" lon="-16.773103">
        <ele>173.2</ele>
        <time>2025-02-15T21:02:50.000Z</time>
        <sat>7</sat>
      </trkpt>
      <trkpt lat="32.737952" lon="-16.773213">
        <ele>173.1</ele>
        <time>2025-02-15T21:02:57.000Z</time>
        <sat>7</sat>
      </trkpt>
      <trkpt lat="32.737923" lon="-16.773327">
        <ele>172.9</ele>
        <time>2025-02-15T21:03:05.000Z</time>
        <sat>7</sat>
      </trkpt>
      <trkpt lat="32.737898" lon="-16.773438">
        <ele>172.9</ele>
        <time>2025-02-15T21:03:17.000Z</time>
        <sat>6</sat>
      </trkpt>
      <trkpt lat="32.737892" lon="-16.773562">
        <ele>172.8</ele>
        <time>2025-02-15T21:03:22.000Z</time>
        <sat>7</sat>
      </trkpt>
      <trkpt lat="32.737867" lon="-16.773668">
        <ele>172.7</ele>
        <time>2025-02-15T21:03:27.000Z</time>
        <sat>8</sat>
      </trkpt>
      <trkpt lat="32.737828" lon="-16.773773">
        <ele>172.7</ele>
        <time>2025-02-15T21:03:33.000Z</time>
        <sat>7</sat>
      </trkpt>
      <trkpt lat="32.737767" lon="-16.773867">
        <ele>172.7</ele>
        <time>2025-02-15T21:03:38.000Z</time>
        <sat>8</sat>
      </trkpt>
      <trkpt lat="32.737673" lon="-16.773837">
        <ele>172.7</ele>
        <time>2025-02-15T21:03:46.000Z</time>
        <sat>9</sat>
      </trkpt>
      <trkpt lat="32.737627" lon="-16.773735">
        <ele>172.7</ele>
        <time>2025-02-15T21:03:53.000Z</time>
        <sat>9</sat>
      </trkpt>
      <trkpt lat="32.737540" lon="-16.773673">
        <ele>172.6</ele>
        <time>2025-02-15T21:04:01.000Z</time>
        <sat>9</sat>
      </trkpt>
      <trkpt lat="32.737440" lon="-16.773630">
        <ele>172.6</ele>
        <time>2025-02-15T21:04:05.000Z</time>
        <sat>9</sat>
      </trkpt>
      <trkpt lat="32.737337" lon="-16.773587">
        <ele>172.5</ele>
        <time>2025-02-15T21:04:10.000Z</time>
        <sat>7</sat>
      </trkpt>
      <trkpt lat="32.737228" lon="-16.773597">
        <ele>172.5</ele>
        <time>2025-02-15T21:04:15.000Z</time>
        <sat>7</sat>
      </trkpt>
      <trkpt lat="32.737122" lon="-16.773625">
        <ele>172.4</ele>
        <time>2025-02-15T21:04:19.000Z</time>
        <sat>7</sat>
      </trkpt>
      <trkpt lat="32.737015" lon="-16.773658">
        <ele>172.4</ele>
        <time>2025-02-15T21:04:23.000Z</time>
        <sat>7</sat>
      </trkpt>
      <trkpt lat="32.736922" lon="-16.773682">
        <ele>172.4</ele>
        <time>2025-02-15T21:04:27.000Z</time>
        <sat>8</sat>
      </trkpt>
      <trkpt lat="32.736825" lon="-16.773678">
        <ele>172.3</ele>
        <time>2025-02-15T21:04:31.000Z</time>
        <sat>8</sat>
      </trkpt>
      <trkpt lat="32.736713" lon="-16.773652">
        <ele>172.3</ele>
        <time>2025-02-15T21:04:35.000Z</time>
        <sat>8</sat>
      </trkpt>
      <trkpt lat="32.736612" lon="-16.773638">
        <ele>172.3</ele>
        <time>2025-02-15T21:04:39.000Z</time>
        <sat>8</sat>
      </trkpt>
      <trkpt lat="32.736507" lon="-16.773623">
        <ele>172.3</ele>
        <time>2025-02-15T21:04:43.000Z</time>
        <sat>8</sat>
      </trkpt>
      <trkpt lat="32.736413" lon="-16.773612">
        <ele>172.2</ele>
        <time>2025-02-15T21:04:47.000Z</time>
        <sat>7</sat>
      </trkpt>
      <trkpt lat="32.736315" lon="-16.773608">
        <ele>172.2</ele>
        <time>2025-02-15T21:04:52.000Z</time>
        <sat>7</sat>
      </trkpt>
      <trkpt lat="32.736215" lon="-16.773613">
        <ele>172.3</ele>
        <time>2025-02-15T21:04:56.000Z</time>
        <sat>7</sat>
      </trkpt>
      <trkpt lat="32.736125" lon="-16.773617">
        <ele>172.3</ele>
        <time>2025-02-15T21:05:00.000Z</time>
        <sat>7</sat>
      </trkpt>
      <trkpt lat="32.736025" lon="-16.773593">
        <ele>172.3</ele>
        <time>2025-02-15T21:05:05.000Z</time>
        <sat>9</sat>
      </trkpt>
      <trkpt lat="32.735917" lon="-16.773597">
        <ele>172.3</ele>
        <time>2025-02-15T21:05:10.000Z</time>
        <sat>9</sat>
      </trkpt>
      <trkpt lat="32.735822" lon="-16.773555">
        <ele>172.3</ele>
        <time>2025-02-15T21:05:14.000Z</time>
        <sat>9</sat>
      </trkpt>
      <trkpt lat="32.735742" lon="-16.773490">
        <ele>172.3</ele>
        <time>2025-02-15T21:05:19.000Z</time>
        <sat>9</sat>
      </trkpt>
      <trkpt lat="32.735667" lon="-16.773428">
        <ele>172.4</ele>
        <time>2025-02-15T21:05:24.000Z</time>
        <sat>9</sat>
      </trkpt>
      <trkpt lat="32.735578" lon="-16.773340">
        <ele>172.3</ele>
        <time>2025-02-15T21:05:29.000Z</time>
        <sat>9</sat>
      </trkpt>
      <trkpt lat="32.735488" lon="-16.773275">
        <ele>172.3</ele>
        <time>2025-02-15T21:05:33.000Z</time>
        <sat>9</sat>
      </trkpt>
      <trkpt lat="32.735385" lon="-16.773228">
        <ele>172.4</ele>
        <time>2025-02-15T21:05:37.000Z</time>
        <sat>9</sat>
      </trkpt>
      <trkpt lat="32.735280" lon="-16.773175">
        <ele>172.4</ele>
        <time>2025-02-15T21:05:41.000Z</time>
        <sat>9</sat>
      </trkpt>
      <trkpt lat="32.735190" lon="-16.773123">
        <ele>172.4</ele>
        <time>2025-02-15T21:05:45.000Z</time>
        <sat>9</sat>
      </trkpt>
      <trkpt lat="32.735147" lon="-16.773013">
        <ele>172.4</ele>
        <time>2025-02-15T21:05:51.000Z</time>
        <sat>7</sat>
      </trkpt>
      <trkpt lat="32.735135" lon="-16.772887">
        <ele>172.5</ele>
        <time>2025-02-15T21:05:56.000Z</time>
        <sat>9</sat>
      </trkpt>
      <trkpt lat="32.735125" lon="-16.772755">
        <ele>172.5</ele>
        <time>2025-02-15T21:06:01.000Z</time>
        <sat>9</sat>
      </trkpt>
      <trkpt lat="32.735138" lon="-16.772642">
        <ele>172.5</ele>
        <time>2025-02-15T21:06:04.000Z</time>
        <sat>9</sat>
      </trkpt>
      <trkpt lat="32.735153" lon="-16.772517">
        <ele>172.5</ele>
        <time>2025-02-15T21:06:08.000Z</time>
        <sat>8</sat>
      </trkpt>
      <trkpt lat="32.735177" lon="-16.772400">
        <ele>172.5</ele>
        <time>2025-02-15T21:06:12.000Z</time>
        <sat>8</sat>
      </trkpt>
      <trkpt lat="32.735200" lon="-16.772280">
        <ele>172.5</ele>
        <time>2025-02-15T21:06:16.000Z</time>
        <sat>8</sat>
      </trkpt>
      <trkpt lat="32.735228" lon="-16.772170">
        <ele>172.5</ele>
        <time>2025-02-15T21:06:20.000Z</time>
        <sat>9</sat>
      </trkpt>
      <trkpt lat="32.735245" lon="-16.772060">
        <ele>172.6</ele>
        <time>2025-02-15T21:06:24.000Z</time>
        <sat>8</sat>
      </trkpt>
      <trkpt lat="32.735255" lon="-16.771947">
        <ele>172.6</ele>
        <time>2025-02-15T21:06:28.000Z</time>
        <sat>8</sat>
      </trkpt>
      <trkpt lat="32.735260" lon="-16.771833">
        <ele>172.6</ele>
        <time>2025-02-15T21:06:32.000Z</time>
        <sat>8</sat>
      </trkpt>
      <trkpt lat="32.735263" lon="-16.771710">
        <ele>172.7</ele>
        <time>2025-02-15T21:06:37.000Z</time>
        <sat>8</sat>
      </trkpt>
      <trkpt lat="32.735267" lon="-16.771590">
        <ele>172.8</ele>
        <time>2025-02-15T21:06:43.000Z</time>
        <sat>8</sat>
      </trkpt>
      <trkpt lat="32.735257" lon="-16.771465">
        <ele>173.0</ele>
        <time>2025-02-15T21:06:49.000Z</time>
        <sat>8</sat>
      </trkpt>
      <trkpt lat="32.735230" lon="-16.771360">
        <ele>173.2</ele>
        <time>2025-02-15T21:06:55.000Z</time>
        <sat>8</sat>
      </trkpt>
      <trkpt lat="32.735210" lon="-16.771253">
        <ele>173.3</ele>
        <time>2025-02-15T21:07:01.000Z</time>
        <sat>8</sat>
      </trkpt>
      <trkpt lat="32.735193" lon="-16.771137">
        <ele>173.4</ele>
        <time>2025-02-15T21:07:08.000Z</time>
        <sat>8</sat>
      </trkpt>
      <trkpt lat="32.735182" lon="-16.771022">
        <ele>173.5</ele>
        <time>2025-02-15T21:07:15.000Z</time>
        <sat>8</sat>
      </trkpt>
      <trkpt lat="32.735170" lon="-16.770903">
        <ele>173.5</ele>
        <time>2025-02-15T21:07:22.000Z</time>
        <sat>8</sat>
      </trkpt>
      <trkpt lat="32.735152" lon="-16.770780">
        <ele>173.5</ele>
        <time>2025-02-15T21:07:29.000Z</time>
        <sat>9</sat>
      </trkpt>
      <trkpt lat="32.735148" lon="-16.770668">
        <ele>173.4</ele>
        <time>2025-02-15T21:07:34.000Z</time>
        <sat>9</sat>
      </trkpt>
      <trkpt lat="32.735158" lon="-16.770558">
        <ele>173.2</ele>
        <time>2025-02-15T21:07:40.000Z</time>
        <sat>9</sat>
      </trkpt>
      <trkpt lat="32.735173" lon="-16.770448">
        <ele>173.1</ele>
        <time>2025-02-15T21:07:47.000Z</time>
        <sat>9</sat>
      </trkpt>
      <trkpt lat="32.735182" lon="-16.770330">
        <ele>172.8</ele>
        <time>2025-02-15T21:07:53.000Z</time>
        <sat>9</sat>
      </trkpt>
      <trkpt lat="32.735178" lon="-16.770222">
        <ele>172.8</ele>
        <time>2025-02-15T21:07:57.000Z</time>
        <sat>9</sat>
      </trkpt>
      <trkpt lat="32.735172" lon="-16.770108">
        <ele>172.8</ele>
        <time>2025-02-15T21:08:02.000Z</time>
        <sat>9</sat>
      </trkpt>
      <trkpt lat="32.735167" lon="-16.769992">
        <ele>172.8</ele>
        <time>2025-02-15T21:08:08.000Z</time>
        <sat>9</sat>
      </trkpt>
      <trkpt lat="32.735180" lon="-16.769880">
        <ele>172.8</ele>
        <time>2025-02-15T21:08:14.000Z</time>
        <sat>9</sat>
      </trkpt>
      <trkpt lat="32.735200" lon="-16.769760">
        <ele>172.8</ele>
        <time>2025-02-15T21:08:20.000Z</time>
        <sat>9</sat>
      </trkpt>
      <trkpt lat="32.735222" lon="-16.769650">
        <ele>172.8</ele>
        <time>2025-02-15T21:08:25.000Z</time>
        <sat>9</sat>
      </trkpt>
      <trkpt lat="32.735268" lon="-16.769538">
        <ele>172.8</ele>
        <time>2025-02-15T21:08:30.000Z</time>
        <sat>9</sat>
      </trkpt>
      <trkpt lat="32.735312" lon="-16.769443">
        <ele>172.8</ele>
        <time>2025-02-15T21:08:34.000Z</time>
        <sat>9</sat>
      </trkpt>
      <trkpt lat="32.735345" lon="-16.769332">
        <ele>172.8</ele>
        <time>2025-02-15T21:08:38.000Z</time>
        <sat>9</sat>
      </trkpt>
      <trkpt lat="32.735385" lon="-16.769228">
        <ele>172.8</ele>
        <time>2025-02-15T21:08:42.000Z</time>
        <sat>8</sat>
      </trkpt>
      <trkpt lat="32.735420" lon="-16.769125">
        <ele>172.8</ele>
        <time>2025-02-15T21:08:46.000Z</time>
        <sat>9</sat>
      </trkpt>
      <trkpt lat="32.735400" lon="-16.769013">
        <ele>172.8</ele>
        <time>2025-02-15T21:08:51.000Z</time>
        <sat>9</sat>
      </trkpt>
      <trkpt lat="32.735367" lon="-16.768900">
        <ele>172.8</ele>
        <time>2025-02-15T21:08:58.000Z</time>
        <sat>9</sat>
      </trkpt>
      <trkpt lat="32.735343" lon="-16.768793">
        <ele>172.7</ele>
        <time>2025-02-15T21:09:04.000Z</time>
        <sat>9</sat>
      </trkpt>
      <trkpt lat="32.735283" lon="-16.768710">
        <ele>172.5</ele>
        <time>2025-02-15T21:09:10.000Z</time>
        <sat>9</sat>
      </trkpt>
      <trkpt lat="32.735232" lon="-16.768612">
        <ele>172.2</ele>
        <time>2025-02-15T21:09:16.000Z</time>
        <sat>9</sat>
      </trkpt>
      <trkpt lat="32.735208" lon="-16.768508">
        <ele>171.9</ele>
        <time>2025-02-15T21:09:22.000Z</time>
        <sat>9</sat>
      </trkpt>
      <trkpt lat="32.735228" lon="-16.768397">
        <ele>171.6</ele>
        <time>2025-02-15T21:09:29.000Z</time>
        <sat>9</sat>
      </trkpt>
      <trkpt lat="32.735215" lon="-16.768280">
        <ele>171.4</ele>
        <time>2025-02-15T21:09:38.000Z</time>
        <sat>9</sat>
      </trkpt>
      <trkpt lat="32.735208" lon="-16.768160">
        <ele>171.3</ele>
        <time>2025-02-15T21:09:45.000Z</time>
        <sat>9</sat>
      </trkpt>
      <trkpt lat="32.735182" lon="-16.768052">
        <ele>171.2</ele>
        <time>2025-02-15T21:09:53.000Z</time>
        <sat>9</sat>
      </trkpt>
      <trkpt lat="32.735103" lon="-16.767977">
        <ele>171.2</ele>
        <time>2025-02-15T21:09:58.000Z</time>
        <sat>8</sat>
      </trkpt>
      <trkpt lat="32.735007" lon="-16.767927">
        <ele>171.2</ele>
        <time>2025-02-15T21:10:03.000Z</time>
        <sat>8</sat>
      </trkpt>
      <trkpt lat="32.734920" lon="-16.767855">
        <ele>171.2</ele>
        <time>2025-02-15T21:10:09.000Z</time>
        <sat>8</sat>
      </trkpt>
      <trkpt lat="32.734830" lon="-16.767810">
        <ele>171.2</ele>
        <time>2025-02-15T21:10:20.000Z</time>
        <sat>7</sat>
      </trkpt>
      <trkpt lat="32.734740" lon="-16.767842">
        <ele>171.1</ele>
        <time>2025-02-15T21:10:26.000Z</time>
        <sat>7</sat>
      </trkpt>
      <trkpt lat="32.734640" lon="-16.767885">
        <ele>171.1</ele>
        <time>2025-02-15T21:10:32.000Z</time>
        <sat>7</sat>
      </trkpt>
      <trkpt lat="32.734542" lon="-16.767923">
        <ele>171.1</ele>
        <time>2025-02-15T21:10:36.000Z</time>
        <sat>7</sat>
      </trkpt>
      <trkpt lat="32.734453" lon="-16.767953">
        <ele>171.1</ele>
        <time>2025-02-15T21:10:40.000Z</time>
        <sat>8</sat>
      </trkpt>
      <trkpt lat="32.734363" lon="-16.767995">
        <ele>171.1</ele>
        <time>2025-02-15T21:10:44.000Z</time>
        <sat>8</sat>
      </trkpt>
      <trkpt lat="32.734278" lon="-16.768030">
        <ele>171.1</ele>
        <time>2025-02-15T21:10:48.000Z</time>
        <sat>8</sat>
      </trkpt>
      <trkpt lat="32.734183" lon="-16.768078">
        <ele>171.1</ele>
        <time>2025-02-15T21:10:53.000Z</time>
        <sat>8</sat>
      </trkpt>
      <trkpt lat="32.734087" lon="-16.768123">
        <ele>171.1</ele>
        <time>2025-02-15T21:10:57.000Z</time>
        <sat>8</sat>
      </trkpt>
      <trkpt lat="32.733992" lon="-16.768163">
        <ele>171.1</ele>
        <time>2025-02-15T21:11:02.000Z</time>
        <sat>8</sat>
      </trkpt>
      <trkpt lat="32.733900" lon="-16.768222">
        <ele>171.1</ele>
        <time>2025-02-15T21:11:07.000Z</time>
        <sat>8</sat>
      </trkpt>
      <trkpt lat="32.733827" lon="-16.768310">
        <ele>171.1</ele>
        <time>2025-02-15T21:11:12.000Z</time>
        <sat>8</sat>
      </trkpt>
      <trkpt lat="32.733770" lon="-16.768400">
        <ele>171.1</ele>
        <time>2025-02-15T21:11:19.000Z</time>
        <sat>8</sat>
      </trkpt>
      <trkpt lat="32.733727" lon="-16.768495">
        <ele>171.1</ele>
        <time>2025-02-15T21:11:26.000Z</time>
        <sat>8</sat>
      </trkpt>
      <trkpt lat="32.733668" lon="-16.768580">
        <ele>171.1</ele>
        <time>2025-02-15T21:11:31.000Z</time>
        <sat>8</sat>
      </trkpt>
      <trkpt lat="32.733585" lon="-16.768657">
        <ele>171.0</ele>
        <time>2025-02-15T21:11:37.000Z</time>
        <sat>9</sat>
      </trkpt>
      <trkpt lat="32.733483" lon="-16.768688">
        <ele>171.0</ele>
        <time>2025-02-15T21:11:42.000Z</time>
        <sat>10</sat>
      </trkpt>
      <trkpt lat="32.733397" lon="-16.768648">
        <ele>170.9</ele>
        <time>2025-02-15T21:11:47.000Z</time>
        <sat>10</sat>
      </trkpt>
      <trkpt lat="32.733350" lon="-16.768557">
        <ele>170.9</ele>
        <time>2025-02-15T21:11:52.000Z</time>
        <sat>10</sat>
      </trkpt>
      <trkpt lat="32.733317" lon="-16.768445">
        <ele>170.8</ele>
        <time>2025-02-15T21:11:57.000Z</time>
        <sat>10</sat>
      </trkpt>
      <trkpt lat="32.733253" lon="-16.768343">
        <ele>170.7</ele>
        <time>2025-02-15T21:12:02.000Z</time>
        <sat>10</sat>
      </trkpt>
      <trkpt lat="32.733158" lon="-16.768272">
        <ele>170.6</ele>
        <time>2025-02-15T21:12:07.000Z</time>
        <sat>10</sat>
      </trkpt>
      <trkpt lat="32.733063" lon="-16.768235">
        <ele>170.6</ele>
        <time>2025-02-15T21:12:11.000Z</time>
        <sat>10</sat>
      </trkpt>
      <trkpt lat="32.732945" lon="-16.768228">
        <ele>170.5</ele>
        <time>2025-02-15T21:12:16.000Z</time>
        <sat>10</sat>
      </trkpt>
      <trkpt lat="32.732848" lon="-16.768237">
        <ele>170.4</ele>
        <time>2025-02-15T21:12:20.000Z</time>
        <sat>10</sat>
      </trkpt>
      <trkpt lat="32.732752" lon="-16.768233">
        <ele>170.4</ele>
        <time>2025-02-15T21:12:25.000Z</time>
        <sat>10</sat>
      </trkpt>
      <trkpt lat="32.732662" lon="-16.768248">
        <ele>170.3</ele>
        <time>2025-02-15T21:12:30.000Z</time>
        <sat>10</sat>
      </trkpt>
      <trkpt lat="32.732575" lon="-16.768208">
        <ele>170.3</ele>
        <time>2025-02-15T21:12:37.000Z</time>
        <sat>10</sat>
      </trkpt>
      <trkpt lat="32.732513" lon="-16.768122">
        <ele>170.4</ele>
        <time>2025-02-15T21:12:43.000Z</time>
        <sat>10</sat>
      </trkpt>
      <trkpt lat="32.732473" lon="-16.768018">
        <ele>170.4</ele>
        <time>2025-02-15T21:12:50.000Z</time>
        <sat>10</sat>
      </trkpt>
      <trkpt lat="32.732548" lon="-16.767927">
        <ele>170.4</ele>
        <time>2025-02-15T21:12:55.000Z</time>
        <sat>10</sat>
      </trkpt>
      <trkpt lat="32.732615" lon="-16.767833">
        <ele>170.3</ele>
        <time>2025-02-15T21:13:00.000Z</time>
        <sat>9</sat>
      </trkpt>
      <trkpt lat="32.732670" lon="-16.767735">
        <ele>170.4</ele>
        <time>2025-02-15T21:13:06.000Z</time>
        <sat>9</sat>
      </trkpt>
      <trkpt lat="32.732700" lon="-16.767618">
        <ele>170.4</ele>
        <time>2025-02-15T21:13:13.000Z</time>
        <sat>9</sat>
      </trkpt>
      <trkpt lat="32.732703" lon="-16.767502">
        <ele>170.5</ele>
        <time>2025-02-15T21:13:20.000Z</time>
        <sat>9</sat>
      </trkpt>
      <trkpt lat="32.732738" lon="-16.767393">
        <ele>170.5</ele>
        <time>2025-02-15T21:13:28.000Z</time>
        <sat>9</sat>
      </trkpt>
      <trkpt lat="32.732838" lon="-16.767340">
        <ele>170.5</ele>
        <time>2025-02-15T21:13:33.000Z</time>
        <sat>9</sat>
      </trkpt>
      <trkpt lat="32.732935" lon="-16.767285">
        <ele>170.5</ele>
        <time>2025-02-15T21:13:38.000Z</time>
        <sat>9</sat>
      </trkpt>
      <trkpt lat="32.733030" lon="-16.767217">
        <ele>170.5</ele>
        <time>2025-02-15T21:13:43.000Z</time>
        <sat>9</sat>
      </trkpt>
      <trkpt lat="32.733118" lon="-16.767138">
        <ele>170.5</ele>
        <time>2025-02-15T21:13:48.000Z</time>
        <sat>9</sat>
      </trkpt>
      <trkpt lat="32.733192" lon="-16.767057">
        <ele>170.5</ele>
        <time>2025-02-15T21:13:52.000Z</time>
        <sat>9</sat>
      </trkpt>
      <trkpt lat="32.733263" lon="-16.766988">
        <ele>170.5</ele>
        <time>2025-02-15T21:13:56.000Z</time>
        <sat>8</sat>
      </trkpt>
      <trkpt lat="32.733340" lon="-16.766918">
        <ele>170.5</ele>
        <time>2025-02-15T21:14:00.000Z</time>
        <sat>8</sat>
      </trkpt>
      <trkpt lat="32.733427" lon="-16.766858">
        <ele>170.5</ele>
        <time>2025-02-15T21:14:04.000Z</time>
        <sat>8</sat>
      </trkpt>
      <trkpt lat="32.733512" lon="-16.766802">
        <ele>170.5</ele>
        <time>2025-02-15T21:14:08.000Z</time>
        <sat>8</sat>
      </trkpt>
      <trkpt lat="32.733592" lon="-16.766733">
        <ele>170.5</ele>
        <time>2025-02-15T21:14:12.000Z</time>
        <sat>8</sat>
      </trkpt>
      <trkpt lat="32.733658" lon="-16.766658">
        <ele>170.5</ele>
        <time>2025-02-15T21:14:16.000Z</time>
        <sat>8</sat>
      </trkpt>
      <trkpt lat="32.733733" lon="-16.766563">
        <ele>170.6</ele>
        <time>2025-02-15T21:14:21.000Z</time>
        <sat>8</sat>
      </trkpt>
      <trkpt lat="32.733787" lon="-16.766477">
        <ele>170.6</ele>
        <time>2025-02-15T21:14:26.000Z</time>
        <sat>8</sat>
      </trkpt>
      <trkpt lat="32.733830" lon="-16.766380">
        <ele>170.6</ele>
        <time>2025-02-15T21:14:31.000Z</time>
        <sat>8</sat>
      </trkpt>
      <trkpt lat="32.733872" lon="-16.766280">
        <ele>170.5</ele>
        <time>2025-02-15T21:14:36.000Z</time>
        <sat>9</sat>
      </trkpt>
      <trkpt lat="32.733898" lon="-16.766162">
        <ele>170.6</ele>
        <time>2025-02-15T21:14:41.000Z</time>
        <sat>8</sat>
      </trkpt>
      <trkpt lat="32.733887" lon="-16.766053">
        <ele>170.6</ele>
        <time>2025-02-15T21:14:45.000Z</time>
        <sat>8</sat>
      </trkpt>
      <trkpt lat="32.733882" lon="-16.765945">
        <ele>170.6</ele>
        <time>2025-02-15T21:14:49.000Z</time>
        <sat>9</sat>
      </trkpt>
      <trkpt lat="32.733837" lon="-16.765837">
        <ele>170.6</ele>
        <time>2025-02-15T21:14:56.000Z</time>
        <sat>9</sat>
      </trkpt>
      <trkpt lat="32.733790" lon="-16.765738">
        <ele>170.7</ele>
        <time>2025-02-15T21:15:03.000Z</time>
        <sat>9</sat>
      </trkpt>
      <trkpt lat="32.733697" lon="-16.765678">
        <ele>170.8</ele>
        <time>2025-02-15T21:15:09.000Z</time>
        <sat>9</sat>
      </trkpt>
      <trkpt lat="32.733623" lon="-16.765605">
        <ele>170.8</ele>
        <time>2025-02-15T21:15:19.000Z</time>
        <sat>9</sat>
      </trkpt>
      <trkpt lat="32.733542" lon="-16.765542">
        <ele>170.8</ele>
        <time>2025-02-15T21:15:25.000Z</time>
        <sat>9</sat>
      </trkpt>
      <trkpt lat="32.733472" lon="-16.765463">
        <ele>170.7</ele>
        <time>2025-02-15T21:15:30.000Z</time>
        <sat>9</sat>
      </trkpt>
      <trkpt lat="32.733405" lon="-16.765378">
        <ele>170.8</ele>
        <time>2025-02-15T21:15:36.000Z</time>
        <sat>9</sat>
      </trkpt>
      <trkpt lat="32.733332" lon="-16.765293">
        <ele>170.8</ele>
        <time>2025-02-15T21:15:43.000Z</time>
        <sat>9</sat>
      </trkpt>
      <trkpt lat="32.733250" lon="-16.765227">
        <ele>170.8</ele>
        <time>2025-02-15T21:15:49.000Z</time>
        <sat>10</sat>
      </trkpt>
      <trkpt lat="32.733193" lon="-16.765118">
        <ele>170.8</ele>
        <time>2025-02-15T21:15:56.000Z</time>
        <sat>10</sat>
      </trkpt>
      <trkpt lat="32.733135" lon="-16.765017">
        <ele>170.7</ele>
        <time>2025-02-15T21:16:01.000Z</time>
        <sat>10</sat>
      </trkpt>
      <trkpt lat="32.733102" lon="-16.764902">
        <ele>170.7</ele>
        <time>2025-02-15T21:16:06.000Z</time>
        <sat>10</sat>
      </trkpt>
      <trkpt lat="32.733090" lon="-16.764770">
        <ele>170.7</ele>
        <time>2025-02-15T21:16:11.000Z</time>
        <sat>10</sat>
      </trkpt>
      <trkpt lat="32.733102" lon="-16.764663">
        <ele>170.6</ele>
        <time>2025-02-15T21:16:15.000Z</time>
        <sat>10</sat>
      </trkpt>
      <trkpt lat="32.733093" lon="-16.764538">
        <ele>170.6</ele>
        <time>2025-02-15T21:16:19.000Z</time>
        <sat>10</sat>
      </trkpt>
      <trkpt lat="32.733060" lon="-16.764428">
        <ele>170.6</ele>
        <time>2025-02-15T21:16:23.000Z</time>
        <sat>10</sat>
      </trkpt>
      <trkpt lat="32.733005" lon="-16.764335">
        <ele>170.5</ele>
        <time>2025-02-15T21:16:29.000Z</time>
        <sat>10</sat>
      </trkpt>
      <trkpt lat="32.732948" lon="-16.764233">
        <ele>170.4</ele>
        <time>2025-02-15T21:16:36.000Z</time>
        <sat>10</sat>
      </trkpt>
      <trkpt lat="32.732895" lon="-16.764137">
        <ele>170.4</ele>
        <time>2025-02-15T21:16:42.000Z</time>
        <sat>10</sat>
      </trkpt>
      <trkpt lat="32.732810" lon="-16.764058">
        <ele>170.4</ele>
        <time>2025-02-15T21:16:48.000Z</time>
        <sat>10</sat>
      </trkpt>
      <trkpt lat="32.732735" lon="-16.763992">
        <ele>170.4</ele>
        <time>2025-02-15T21:16:53.000Z</time>
        <sat>10</sat>
      </trkpt>
      <trkpt lat="32.732657" lon="-16.763930">
        <ele>170.4</ele>
        <time>2025-02-15T21:16:58.000Z</time>
        <sat>10</sat>
      </trkpt>
      <trkpt lat="32.732580" lon="-16.763858">
        <ele>170.5</ele>
        <time>2025-02-15T21:17:04.000Z</time>
        <sat>10</sat>
      </trkpt>
      <trkpt lat="32.732503" lon="-16.763785">
        <ele>170.8</ele>
        <time>2025-02-15T21:17:11.000Z</time>
        <sat>10</sat>
      </trkpt>
      <trkpt lat="32.732423" lon="-16.763712">
        <ele>171.3</ele>
        <time>2025-02-15T21:17:18.000Z</time>
        <sat>10</sat>
      </trkpt>
      <trkpt lat="32.732348" lon="-16.763643">
        <ele>172.3</ele>
        <time>2025-02-15T21:17:25.000Z</time>
        <sat>10</sat>
      </trkpt>
      <trkpt lat="32.732290" lon="-16.763547">
        <ele>173.4</ele>
        <time>2025-02-15T21:17:33.000Z</time>
        <sat>10</sat>
      </trkpt>
      <trkpt lat="32.732238" lon="-16.763450">
        <ele>174.3</ele>
        <time>2025-02-15T21:17:40.000Z</time>
        <sat>9</sat>
      </trkpt>
      <trkpt lat="32.732190" lon="-16.763357">
        <ele>175.0</ele>
        <time>2025-02-15T21:17:47.000Z</time>
        <sat>10</sat>
      </trkpt>
      <trkpt lat="32.732132" lon="-16.763260">
        <ele>175.7</ele>
        <time>2025-02-15T21:17:55.000Z</time>
        <sat>10</sat>
      </trkpt>
      <trkpt lat="32.732078" lon="-16.763167">
        <ele>176.6</ele>
        <time>2025-02-15T21:18:03.000Z</time>
        <sat>10</sat>
      </trkpt>
      <trkpt lat="32.731993" lon="-16.763113">
        <ele>177.6</ele>
        <time>2025-02-15T21:18:11.000Z</time>
        <sat>9</sat>
      </trkpt>
      <trkpt lat="32.731947" lon="-16.763207">
        <ele>177.6</ele>
        <time>2025-02-15T21:18:28.000Z</time>
        <sat>9</sat>
      </trkpt>
      <trkpt lat="32.731925" lon="-16.763313">
        <ele>175.6</ele>
        <time>2025-02-15T21:18:38.000Z</time>
        <sat>8</sat>
      </trkpt>
      <trkpt lat="32.731877" lon="-16.763418">
        <ele>172.9</ele>
        <time>2025-02-15T21:18:47.000Z</time>
        <sat>9</sat>
      </trkpt>
      <trkpt lat="32.731785" lon="-16.763420">
        <ele>170.6</ele>
        <time>2025-02-15T21:18:54.000Z</time>
        <sat>9</sat>
      </trkpt>
      <trkpt lat="32.731685" lon="-16.763360">
        <ele>169.8</ele>
        <time>2025-02-15T21:18:59.000Z</time>
        <sat>9</sat>
      </trkpt>
      <trkpt lat="32.731585" lon="-16.763320">
        <ele>169.2</ele>
        <time>2025-02-15T21:19:03.000Z</time>
        <sat>9</sat>
      </trkpt>
      <trkpt lat="32.731487" lon="-16.763325">
        <ele>168.6</ele>
        <time>2025-02-15T21:19:09.000Z</time>
        <sat>8</sat>
      </trkpt>
      <trkpt lat="32.731412" lon="-16.763387">
        <ele>168.4</ele>
        <time>2025-02-15T21:19:16.000Z</time>
        <sat>8</sat>
      </trkpt>
      <trkpt lat="32.731308" lon="-16.763422">
        <ele>168.1</ele>
        <time>2025-02-15T21:19:21.000Z</time>
        <sat>8</sat>
      </trkpt>
      <trkpt lat="32.731220" lon="-16.763467">
        <ele>167.8</ele>
        <time>2025-02-15T21:19:28.000Z</time>
        <sat>9</sat>
      </trkpt>
      <trkpt lat="32.731202" lon="-16.763475">
        <ele>167.2</ele>
        <time>2025-02-15T21:19:31.000Z</time>
        <sat>9</sat>
      </trkpt>
      <trkpt lat="32.731200" lon="-16.763477">
        <ele>166.9</ele>
        <time>2025-02-15T21:19:32.000Z</time>
        <sat>9</sat>
      </trkpt>
      <trkpt lat="32.731157" lon="-16.763497">
        <ele>166.8</ele>
        <time>2025-02-15T21:19:50.000Z</time>
        <sat>8</sat>
      </trkpt>
      <trkpt lat="32.731153" lon="-16.763497">
        <ele>166.6</ele>
        <time>2025-02-15T21:19:51.000Z</time>
        <sat>8</sat>
      </trkpt>
      <trkpt lat="32.731070" lon="-16.763553">
        <ele>167.1</ele>
        <time>2025-02-15T21:20:05.000Z</time>
        <sat>9</sat>
      </trkpt>
      <trkpt lat="32.730980" lon="-16.763612">
        <ele>166.9</ele>
        <time>2025-02-15T21:20:12.000Z</time>
        <sat>9</sat>
      </trkpt>
      <trkpt lat="32.730878" lon="-16.763635">
        <ele>166.6</ele>
        <time>2025-02-15T21:20:17.000Z</time>
        <sat>9</sat>
      </trkpt>
      <trkpt lat="32.730785" lon="-16.763623">
        <ele>166.5</ele>
        <time>2025-02-15T21:20:20.000Z</time>
        <sat>8</sat>
      </trkpt>
      <trkpt lat="32.730685" lon="-16.763623">
        <ele>166.3</ele>
        <time>2025-02-15T21:20:24.000Z</time>
        <sat>8</sat>
      </trkpt>
      <trkpt lat="32.730580" lon="-16.763608">
        <ele>166.1</ele>
        <time>2025-02-15T21:20:28.000Z</time>
        <sat>8</sat>
      </trkpt>
      <trkpt lat="32.730490" lon="-16.763630">
        <ele>165.9</ele>
        <time>2025-02-15T21:20:32.000Z</time>
        <sat>8</sat>
      </trkpt>
      <trkpt lat="32.730388" lon="-16.763675">
        <ele>165.8</ele>
        <time>2025-02-15T21:20:36.000Z</time>
        <sat>8</sat>
      </trkpt>
      <trkpt lat="32.730290" lon="-16.763713">
        <ele>165.8</ele>
        <time>2025-02-15T21:20:40.000Z</time>
        <sat>8</sat>
      </trkpt>
      <trkpt lat="32.730208" lon="-16.763787">
        <ele>165.6</ele>
        <time>2025-02-15T21:20:44.000Z</time>
        <sat>8</sat>
      </trkpt>
      <trkpt lat="32.730155" lon="-16.763875">
        <ele>165.5</ele>
        <time>2025-02-15T21:20:48.000Z</time>
        <sat>7</sat>
      </trkpt>
      <trkpt lat="32.730113" lon="-16.763992">
        <ele>165.3</ele>
        <time>2025-02-15T21:20:53.000Z</time>
        <sat>8</sat>
      </trkpt>
      <trkpt lat="32.730070" lon="-16.764090">
        <ele>165.2</ele>
        <time>2025-02-15T21:20:57.000Z</time>
        <sat>8</sat>
      </trkpt>
      <trkpt lat="32.730018" lon="-16.764200">
        <ele>165.1</ele>
        <time>2025-02-15T21:21:02.000Z</time>
        <sat>8</sat>
      </trkpt>
      <trkpt lat="32.729965" lon="-16.764303">
        <ele>164.9</ele>
        <time>2025-02-15T21:21:07.000Z</time>
        <sat>8</sat>
      </trkpt>
      <trkpt lat="32.729888" lon="-16.764402">
        <ele>164.8</ele>
        <time>2025-02-15T21:21:12.000Z</time>
        <sat>8</sat>
      </trkpt>
      <trkpt lat="32.729813" lon="-16.764482">
        <ele>164.7</ele>
        <time>2025-02-15T21:21:16.000Z</time>
        <sat>8</sat>
      </trkpt>
      <trkpt lat="32.729728" lon="-16.764542">
        <ele>164.6</ele>
        <time>2025-02-15T21:21:21.000Z</time>
        <sat>9</sat>
      </trkpt>
      <trkpt lat="32.729635" lon="-16.764577">
        <ele>164.5</ele>
        <time>2025-02-15T21:21:26.000Z</time>
        <sat>9</sat>
      </trkpt>
      <trkpt lat="32.729555" lon="-16.764640">
        <ele>164.4</ele>
        <time>2025-02-15T21:21:32.000Z</time>
        <sat>9</sat>
      </trkpt>
      <trkpt lat="32.729462" lon="-16.764678">
        <ele>164.2</ele>
        <time>2025-02-15T21:21:38.000Z</time>
        <sat>9</sat>
      </trkpt>
      <trkpt lat="32.729360" lon="-16.764657">
        <ele>164.1</ele>
        <time>2025-02-15T21:21:43.000Z</time>
        <sat>10</sat>
      </trkpt>
      <trkpt lat="32.729270" lon="-16.764593">
        <ele>164.0</ele>
        <time>2025-02-15T21:21:47.000Z</time>
        <sat>10</sat>
      </trkpt>
      <trkpt lat="32.729182" lon="-16.764530">
        <ele>163.9</ele>
        <time>2025-02-15T21:21:51.000Z</time>
        <sat>10</sat>
      </trkpt>
      <trkpt lat="32.729098" lon="-16.764463">
        <ele>163.8</ele>
        <time>2025-02-15T21:21:55.000Z</time>
        <sat>10</sat>
      </trkpt>
      <trkpt lat="32.729022" lon="-16.764397">
        <ele>163.7</ele>
        <time>2025-02-15T21:21:59.000Z</time>
        <sat>9</sat>
      </trkpt>
      <trkpt lat="32.728940" lon="-16.764323">
        <ele>163.5</ele>
        <time>2025-02-15T21:22:03.000Z</time>
        <sat>9</sat>
      </trkpt>
      <trkpt lat="32.728837" lon="-16.764302">
        <ele>163.1</ele>
        <time>2025-02-15T21:22:09.000Z</time>
        <sat>9</sat>
      </trkpt>
      <trkpt lat="32.728743" lon="-16.764320">
        <ele>162.7</ele>
        <time>2025-02-15T21:22:14.000Z</time>
        <sat>9</sat>
      </trkpt>
      <trkpt lat="32.728652" lon="-16.764347">
        <ele>162.3</ele>
        <time>2025-02-15T21:22:18.000Z</time>
        <sat>9</sat>
      </trkpt>
      <trkpt lat="32.728555" lon="-16.764363">
        <ele>161.9</ele>
        <time>2025-02-15T21:22:22.000Z</time>
        <sat>9</sat>
      </trkpt>
      <trkpt lat="32.728453" lon="-16.764367">
        <ele>161.4</ele>
        <time>2025-02-15T21:22:26.000Z</time>
        <sat>9</sat>
      </trkpt>
      <trkpt lat="32.728355" lon="-16.764383">
        <ele>160.9</ele>
        <time>2025-02-15T21:22:30.000Z</time>
        <sat>9</sat>
      </trkpt>
      <trkpt lat="32.728250" lon="-16.764412">
        <ele>160.0</ele>
        <time>2025-02-15T21:22:35.000Z</time>
        <sat>9</sat>
      </trkpt>
      <trkpt lat="32.728175" lon="-16.764488">
        <ele>159.3</ele>
        <time>2025-02-15T21:22:41.000Z</time>
        <sat>9</sat>
      </trkpt>
      <trkpt lat="32.728103" lon="-16.764567">
        <ele>158.8</ele>
        <time>2025-02-15T21:22:46.000Z</time>
        <sat>9</sat>
      </trkpt>
      <trkpt lat="32.728033" lon="-16.764638">
        <ele>158.4</ele>
        <time>2025-02-15T21:22:51.000Z</time>
        <sat>9</sat>
      </trkpt>
      <trkpt lat="32.727972" lon="-16.764717">
        <ele>158.2</ele>
        <time>2025-02-15T21:22:56.000Z</time>
        <sat>9</sat>
      </trkpt>
      <trkpt lat="32.727892" lon="-16.764788">
        <ele>158.0</ele>
        <time>2025-02-15T21:23:01.000Z</time>
        <sat>9</sat>
      </trkpt>
      <trkpt lat="32.727798" lon="-16.764815">
        <ele>157.9</ele>
        <time>2025-02-15T21:23:05.000Z</time>
        <sat>10</sat>
      </trkpt>
      <trkpt lat="32.727707" lon="-16.764777">
        <ele>157.8</ele>
        <time>2025-02-15T21:23:09.000Z</time>
        <sat>10</sat>
      </trkpt>
      <trkpt lat="32.727767" lon="-16.764692">
        <ele>157.6</ele>
        <time>2025-02-15T21:23:15.000Z</time>
        <sat>10</sat>
      </trkpt>
      <trkpt lat="32.727807" lon="-16.764587">
        <ele>157.5</ele>
        <time>2025-02-15T21:23:21.000Z</time>
        <sat>10</sat>
      </trkpt>
      <trkpt lat="32.727848" lon="-16.764475">
        <ele>157.4</ele>
        <time>2025-02-15T21:23:26.000Z</time>
        <sat>10</sat>
      </trkpt>
      <trkpt lat="32.727907" lon="-16.764378">
        <ele>157.2</ele>
        <time>2025-02-15T21:23:31.000Z</time>
        <sat>10</sat>
      </trkpt>
      <trkpt lat="32.727970" lon="-16.764290">
        <ele>157.1</ele>
        <time>2025-02-15T21:23:35.000Z</time>
        <sat>10</sat>
      </trkpt>
      <trkpt lat="32.728035" lon="-16.764213">
        <ele>156.9</ele>
        <time>2025-02-15T21:23:40.000Z</time>
        <sat>9</sat>
      </trkpt>
      <trkpt lat="32.728073" lon="-16.764092">
        <ele>156.7</ele>
        <time>2025-02-15T21:23:45.000Z</time>
        <sat>9</sat>
      </trkpt>
      <trkpt lat="32.728128" lon="-16.763997">
        <ele>156.6</ele>
        <time>2025-02-15T21:23:49.000Z</time>
        <sat>9</sat>
      </trkpt>
      <trkpt lat="32.728187" lon="-16.763900">
        <ele>156.4</ele>
        <time>2025-02-15T21:23:53.000Z</time>
        <sat>9</sat>
      </trkpt>
      <trkpt lat="32.728232" lon="-16.763802">
        <ele>156.3</ele>
        <time>2025-02-15T21:23:57.000Z</time>
        <sat>9</sat>
      </trkpt>
      <trkpt lat="32.728225" lon="-16.763673">
        <ele>156.0</ele>
        <time>2025-02-15T21:24:01.000Z</time>
        <sat>9</sat>
      </trkpt>
      <trkpt lat="32.728203" lon="-16.763568">
        <ele>155.7</ele>
        <time>2025-02-15T21:24:05.000Z</time>
        <sat>10</sat>
      </trkpt>
      <trkpt lat="32.728158" lon="-16.763472">
        <ele>155.3</ele>
        <time>2025-02-15T21:24:11.000Z</time>
        <sat>10</sat>
      </trkpt>
      <trkpt lat="32.728070" lon="-16.763430">
        <ele>154.3</ele>
        <time>2025-02-15T21:24:23.000Z</time>
        <sat>10</sat>
      </trkpt>
      <trkpt lat="32.727980" lon="-16.763465">
        <ele>152.4</ele>
        <time>2025-02-15T21:24:33.000Z</time>
        <sat>10</sat>
      </trkpt>
      <trkpt lat="32.727888" lon="-16.763487">
        <ele>149.7</ele>
        <time>2025-02-15T21:24:45.000Z</time>
        <sat>10</sat>
      </trkpt>
      <trkpt lat="32.727788" lon="-16.763508">
        <ele>147.2</ele>
        <time>2025-02-15T21:24:54.000Z</time>
        <sat>10</sat>
      </trkpt>
      <trkpt lat="32.727692" lon="-16.763523">
        <ele>145.0</ele>
        <time>2025-02-15T21:25:01.000Z</time>
        <sat>10</sat>
      </trkpt>
      <trkpt lat="32.727603" lon="-16.763562">
        <ele>142.3</ele>
        <time>2025-02-15T21:25:09.000Z</time>
        <sat>10</sat>
      </trkpt>
      <trkpt lat="32.727505" lon="-16.763577">
        <ele>139.3</ele>
        <time>2025-02-15T21:25:18.000Z</time>
        <sat>10</sat>
      </trkpt>
      <trkpt lat="32.727412" lon="-16.763602">
        <ele>137.5</ele>
        <time>2025-02-15T21:25:25.000Z</time>
        <sat>10</sat>
      </trkpt>
      <trkpt lat="32.727313" lon="-16.763625">
        <ele>134.9</ele>
        <time>2025-02-15T21:25:33.000Z</time>
        <sat>10</sat>
      </trkpt>
      <trkpt lat="32.727208" lon="-16.763635">
        <ele>132.3</ele>
        <time>2025-02-15T21:25:41.000Z</time>
        <sat>10</sat>
      </trkpt>
      <trkpt lat="32.727117" lon="-16.763657">
        <ele>129.9</ele>
        <time>2025-02-15T21:25:48.000Z</time>
        <sat>10</sat>
      </trkpt>
      <trkpt lat="32.727023" lon="-16.763698">
        <ele>126.7</ele>
        <time>2025-02-15T21:25:58.000Z</time>
        <sat>10</sat>
      </trkpt>
      <trkpt lat="32.726940" lon="-16.763745">
        <ele>124.1</ele>
        <time>2025-02-15T21:26:05.000Z</time>
        <sat>10</sat>
      </trkpt>
      <trkpt lat="32.726858" lon="-16.763795">
        <ele>121.6</ele>
        <time>2025-02-15T21:26:12.000Z</time>
        <sat>10</sat>
      </trkpt>
      <trkpt lat="32.726772" lon="-16.763827">
        <ele>118.1</ele>
        <time>2025-02-15T21:26:22.000Z</time>
        <sat>10</sat>
      </trkpt>
      <trkpt lat="32.726743" lon="-16.763820">
        <ele>116.7</ele>
        <time>2025-02-15T21:26:27.000Z</time>
        <sat>10</sat>
      </trkpt>
      <trkpt lat="32.726742" lon="-16.763820">
        <ele>114.8</ele>
        <time>2025-02-15T21:26:42.000Z</time>
        <sat>10</sat>
      </trkpt>
      <trkpt lat="32.726742" lon="-16.763820">
        <ele>114.7</ele>
        <time>2025-02-15T21:26:43.000Z</time>
        <sat>10</sat>
      </trkpt>
      <trkpt lat="32.726737" lon="-16.763823">
        <ele>114.4</ele>
        <time>2025-02-15T21:26:49.000Z</time>
        <sat>10</sat>
      </trkpt>
      <trkpt lat="32.726652" lon="-16.763892">
        <ele>113.6</ele>
        <time>2025-02-15T21:27:02.000Z</time>
        <sat>10</sat>
      </trkpt>
      <trkpt lat="32.726560" lon="-16.763927">
        <ele>112.1</ele>
        <time>2025-02-15T21:27:09.000Z</time>
        <sat>10</sat>
      </trkpt>
      <trkpt lat="32.726473" lon="-16.763982">
        <ele>109.7</ele>
        <time>2025-02-15T21:27:16.000Z</time>
        <sat>10</sat>
      </trkpt>
      <trkpt lat="32.726383" lon="-16.764042">
        <ele>106.9</ele>
        <time>2025-02-15T21:27:23.000Z</time>
        <sat>10</sat>
      </trkpt>
      <trkpt lat="32.726303" lon="-16.764102">
        <ele>104.1</ele>
        <time>2025-02-15T21:27:29.000Z</time>
        <sat>10</sat>
      </trkpt>
      <trkpt lat="32.726210" lon="-16.764138">
        <ele>101.5</ele>
        <time>2025-02-15T21:27:35.000Z</time>
        <sat>10</sat>
      </trkpt>
      <trkpt lat="32.726112" lon="-16.764165">
        <ele>99.2</ele>
        <time>2025-02-15T21:27:41.000Z</time>
        <sat>10</sat>
      </trkpt>
      <trkpt lat="32.726018" lon="-16.764213">
        <ele>95.9</ele>
        <time>2025-02-15T21:27:48.000Z</time>
        <sat>10</sat>
      </trkpt>
      <trkpt lat="32.725935" lon="-16.764260">
        <ele>93.1</ele>
        <time>2025-02-15T21:27:54.000Z</time>
        <sat>10</sat>
      </trkpt>
      <trkpt lat="32.725843" lon="-16.764285">
        <ele>89.9</ele>
        <time>2025-02-15T21:28:01.000Z</time>
        <sat>10</sat>
      </trkpt>
      <trkpt lat="32.725750" lon="-16.764323">
        <ele>86.8</ele>
        <time>2025-02-15T21:28:08.000Z</time>
        <sat>10</sat>
      </trkpt>
      <trkpt lat="32.725652" lon="-16.764345">
        <ele>82.9</ele>
        <time>2025-02-15T21:28:17.000Z</time>
        <sat>10</sat>
      </trkpt>
      <trkpt lat="32.725567" lon="-16.764382">
        <ele>79.9</ele>
        <time>2025-02-15T21:28:26.000Z</time>
        <sat>10</sat>
      </trkpt>
      <trkpt lat="32.725482" lon="-16.764423">
        <ele>77.2</ele>
        <time>2025-02-15T21:28:35.000Z</time>
        <sat>10</sat>
      </trkpt>
      <trkpt lat="32.725407" lon="-16.764503">
        <ele>74.5</ele>
        <time>2025-02-15T21:28:43.000Z</time>
        <sat>10</sat>
      </trkpt>
      <trkpt lat="32.725338" lon="-16.764585">
        <ele>72.4</ele>
        <time>2025-02-15T21:28:50.000Z</time>
        <sat>10</sat>
      </trkpt>
      <trkpt lat="32.725263" lon="-16.764662">
        <ele>70.5</ele>
        <time>2025-02-15T21:28:56.000Z</time>
        <sat>10</sat>
      </trkpt>
      <trkpt lat="32.725188" lon="-16.764740">
        <ele>68.7</ele>
        <time>2025-02-15T21:29:02.000Z</time>
        <sat>10</sat>
      </trkpt>
      <trkpt lat="32.725122" lon="-16.764820">
        <ele>66.6</ele>
        <time>2025-02-15T21:29:09.000Z</time>
        <sat>10</sat>
      </trkpt>
      <trkpt lat="32.725060" lon="-16.764902">
        <ele>64.5</ele>
        <time>2025-02-15T21:29:16.000Z</time>
        <sat>10</sat>
      </trkpt>
      <trkpt lat="32.724997" lon="-16.764990">
        <ele>61.9</ele>
        <time>2025-02-15T21:29:24.000Z</time>
        <sat>10</sat>
      </trkpt>
      <trkpt lat="32.724908" lon="-16.765012">
        <ele>60.6</ele>
        <time>2025-02-15T21:29:28.000Z</time>
        <sat>10</sat>
      </trkpt>
      <trkpt lat="32.724802" lon="-16.764988">
        <ele>59.3</ele>
        <time>2025-02-15T21:29:32.000Z</time>
        <sat>10</sat>
      </trkpt>
      <trkpt lat="32.724703" lon="-16.764945">
        <ele>58.3</ele>
        <time>2025-02-15T21:29:36.000Z</time>
        <sat>10</sat>
      </trkpt>
      <trkpt lat="32.724612" lon="-16.764902">
        <ele>57.6</ele>
        <time>2025-02-15T21:29:41.000Z</time>
        <sat>10</sat>
      </trkpt>
      <trkpt lat="32.724525" lon="-16.764868">
        <ele>56.8</ele>
        <time>2025-02-15T21:29:47.000Z</time>
        <sat>10</sat>
      </trkpt>
      <trkpt lat="32.724438" lon="-16.764830">
        <ele>56.0</ele>
        <time>2025-02-15T21:29:51.000Z</time>
        <sat>10</sat>
      </trkpt>
      <trkpt lat="32.724353" lon="-16.764783">
        <ele>55.2</ele>
        <time>2025-02-15T21:29:55.000Z</time>
        <sat>10</sat>
      </trkpt>
      <trkpt lat="32.724265" lon="-16.764745">
        <ele>54.2</ele>
        <time>2025-02-15T21:29:59.000Z</time>
        <sat>10</sat>
      </trkpt>
      <trkpt lat="32.724173" lon="-16.764708">
        <ele>53.3</ele>
        <time>2025-02-15T21:30:03.000Z</time>
        <sat>10</sat>
      </trkpt>
      <trkpt lat="32.724088" lon="-16.764637">
        <ele>52.2</ele>
        <time>2025-02-15T21:30:08.000Z</time>
        <sat>10</sat>
      </trkpt>
      <trkpt lat="32.724022" lon="-16.764555">
        <ele>51.1</ele>
        <time>2025-02-15T21:30:12.000Z</time>
        <sat>10</sat>
      </trkpt>
      <trkpt lat="32.723970" lon="-16.764462">
        <ele>50.0</ele>
        <time>2025-02-15T21:30:16.000Z</time>
        <sat>10</sat>
      </trkpt>
      <trkpt lat="32.723903" lon="-16.764375">
        <ele>48.9</ele>
        <time>2025-02-15T21:30:20.000Z</time>
        <sat>10</sat>
      </trkpt>
      <trkpt lat="32.723817" lon="-16.764288">
        <ele>47.9</ele>
        <time>2025-02-15T21:30:24.000Z</time>
        <sat>10</sat>
      </trkpt>
      <trkpt lat="32.723737" lon="-16.764210">
        <ele>47.0</ele>
        <time>2025-02-15T21:30:28.000Z</time>
        <sat>10</sat>
      </trkpt>
      <trkpt lat="32.723672" lon="-16.764113">
        <ele>46.4</ele>
        <time>2025-02-15T21:30:32.000Z</time>
        <sat>10</sat>
      </trkpt>
      <trkpt lat="32.723613" lon="-16.764007">
        <ele>45.6</ele>
        <time>2025-02-15T21:30:37.000Z</time>
        <sat>10</sat>
      </trkpt>
      <trkpt lat="32.723553" lon="-16.763915">
        <ele>45.2</ele>
        <time>2025-02-15T21:30:43.000Z</time>
        <sat>10</sat>
      </trkpt>
      <trkpt lat="32.723518" lon="-16.763810">
        <ele>45.1</ele>
        <time>2025-02-15T21:30:50.000Z</time>
        <sat>10</sat>
      </trkpt>
      <trkpt lat="32.723468" lon="-16.763718">
        <ele>45.0</ele>
        <time>2025-02-15T21:30:57.000Z</time>
        <sat>10</sat>
      </trkpt>
      <trkpt lat="32.723405" lon="-16.763622">
        <ele>45.0</ele>
        <time>2025-02-15T21:31:04.000Z</time>
        <sat>10</sat>
      </trkpt>
      <trkpt lat="32.723350" lon="-16.763527">
        <ele>45.1</ele>
        <time>2025-02-15T21:31:11.000Z</time>
        <sat>10</sat>
      </trkpt>
      <trkpt lat="32.723282" lon="-16.763433">
        <ele>45.1</ele>
        <time>2025-02-15T21:31:18.000Z</time>
        <sat>10</sat>
      </trkpt>
      <trkpt lat="32.723213" lon="-16.763360">
        <ele>45.1</ele>
        <time>2025-02-15T21:31:24.000Z</time>
        <sat>10</sat>
      </trkpt>
      <trkpt lat="32.723130" lon="-16.763287">
        <ele>45.0</ele>
        <time>2025-02-15T21:31:30.000Z</time>
        <sat>10</sat>
      </trkpt>
      <trkpt lat="32.723037" lon="-16.763217">
        <ele>44.8</ele>
        <time>2025-02-15T21:31:35.000Z</time>
        <sat>10</sat>
      </trkpt>
      <trkpt lat="32.722953" lon="-16.763165">
        <ele>44.5</ele>
        <time>2025-02-15T21:31:40.000Z</time>
        <sat>10</sat>
      </trkpt>
      <trkpt lat="32.722878" lon="-16.763102">
        <ele>44.0</ele>
        <time>2025-02-15T21:31:45.000Z</time>
        <sat>9</sat>
      </trkpt>
      <trkpt lat="32.722792" lon="-16.763062">
        <ele>43.3</ele>
        <time>2025-02-15T21:31:49.000Z</time>
        <sat>10</sat>
      </trkpt>
      <trkpt lat="32.722702" lon="-16.763027">
        <ele>42.6</ele>
        <time>2025-02-15T21:31:53.000Z</time>
        <sat>10</sat>
      </trkpt>
      <trkpt lat="32.722618" lon="-16.762983">
        <ele>41.6</ele>
        <time>2025-02-15T21:31:57.000Z</time>
        <sat>10</sat>
      </trkpt>
      <trkpt lat="32.722533" lon="-16.762948">
        <ele>40.7</ele>
        <time>2025-02-15T21:32:01.000Z</time>
        <sat>10</sat>
      </trkpt>
      <trkpt lat="32.722428" lon="-16.762932">
        <ele>39.8</ele>
        <time>2025-02-15T21:32:05.000Z</time>
        <sat>9</sat>
      </trkpt>
      <trkpt lat="32.722328" lon="-16.762933">
        <ele>38.8</ele>
        <time>2025-02-15T21:32:09.000Z</time>
        <sat>9</sat>
      </trkpt>
      <trkpt lat="32.722235" lon="-16.762948">
        <ele>37.7</ele>
        <time>2025-02-15T21:32:13.000Z</time>
        <sat>9</sat>
      </trkpt>
      <trkpt lat="32.722138" lon="-16.762967">
        <ele>35.3</ele>
        <time>2025-02-15T21:32:23.000Z</time>
        <sat>9</sat>
      </trkpt>
      <trkpt lat="32.722040" lon="-16.763005">
        <ele>33.9</ele>
        <time>2025-02-15T21:32:29.000Z</time>
        <sat>9</sat>
      </trkpt>
      <trkpt lat="32.721950" lon="-16.763037">
        <ele>33.1</ele>
        <time>2025-02-15T21:32:33.000Z</time>
        <sat>9</sat>
      </trkpt>
      <trkpt lat="32.721847" lon="-16.763082">
        <ele>32.0</ele>
        <time>2025-02-15T21:32:38.000Z</time>
        <sat>9</sat>
      </trkpt>
      <trkpt lat="32.721750" lon="-16.763117">
        <ele>31.1</ele>
        <time>2025-02-15T21:32:42.000Z</time>
        <sat>9</sat>
      </trkpt>
      <trkpt lat="32.721650" lon="-16.763137">
        <ele>30.3</ele>
        <time>2025-02-15T21:32:46.000Z</time>
        <sat>10</sat>
      </trkpt>
      <trkpt lat="32.721535" lon="-16.763117">
        <ele>29.5</ele>
        <time>2025-02-15T21:32:50.000Z</time>
        <sat>11</sat>
      </trkpt>
      <trkpt lat="32.721453" lon="-16.763052">
        <ele>28.7</ele>
        <time>2025-02-15T21:32:54.000Z</time>
        <sat>11</sat>
      </trkpt>
      <trkpt lat="32.721403" lon="-16.762955">
        <ele>27.8</ele>
        <time>2025-02-15T21:32:58.000Z</time>
        <sat>11</sat>
      </trkpt>
      <trkpt lat="32.721352" lon="-16.762848">
        <ele>27.0</ele>
        <time>2025-02-15T21:33:03.000Z</time>
        <sat>11</sat>
      </trkpt>
      <trkpt lat="32.721308" lon="-16.762740">
        <ele>25.8</ele>
        <time>2025-02-15T21:33:08.000Z</time>
        <sat>11</sat>
      </trkpt>
      <trkpt lat="32.721275" lon="-16.762637">
        <ele>24.8</ele>
        <time>2025-02-15T21:33:13.000Z</time>
        <sat>11</sat>
      </trkpt>
      <trkpt lat="32.721218" lon="-16.762532">
        <ele>23.4</ele>
        <time>2025-02-15T21:33:18.000Z</time>
        <sat>11</sat>
      </trkpt>
      <trkpt lat="32.721150" lon="-16.762437">
        <ele>21.9</ele>
        <time>2025-02-15T21:33:23.000Z</time>
        <sat>11</sat>
      </trkpt>
      <trkpt lat="32.721075" lon="-16.762342">
        <ele>20.2</ele>
        <time>2025-02-15T21:33:28.000Z</time>
        <sat>11</sat>
      </trkpt>
      <trkpt lat="32.721012" lon="-16.762253">
        <ele>18.5</ele>
        <time>2025-02-15T21:33:33.000Z</time>
        <sat>10</sat>
      </trkpt>
      <trkpt lat="32.720938" lon="-16.762170">
        <ele>16.8</ele>
        <time>2025-02-15T21:33:38.000Z</time>
        <sat>10</sat>
      </trkpt>
      <trkpt lat="32.720858" lon="-16.762087">
        <ele>14.9</ele>
        <time>2025-02-15T21:33:43.000Z</time>
        <sat>11</sat>
      </trkpt>
      <trkpt lat="32.720780" lon="-16.762003">
        <ele>13.0</ele>
        <time>2025-02-15T21:33:48.000Z</time>
        <sat>11</sat>
      </trkpt>
      <trkpt lat="32.720712" lon="-16.761915">
        <ele>11.4</ele>
        <time>2025-02-15T21:33:53.000Z</time>
        <sat>11</sat>
      </trkpt>
      <trkpt lat="32.720637" lon="-16.761837">
        <ele>9.6</ele>
        <time>2025-02-15T21:33:59.000Z</time>
        <sat>11</sat>
      </trkpt>
      <trkpt lat="32.720565" lon="-16.761912">
        <ele>5.9</ele>
        <time>2025-02-15T21:34:13.000Z</time>
        <sat>11</sat>
      </trkpt>
      <trkpt lat="32.720513" lon="-16.762003">
        <ele>3.1</ele>
        <time>2025-02-15T21:34:21.000Z</time>
        <sat>11</sat>
      </trkpt>
      <trkpt lat="32.720432" lon="-16.762048">
        <ele>0.5</ele>
        <time>2025-02-15T21:34:26.000Z</time>
        <sat>11</sat>
      </trkpt>
      <trkpt lat="32.720335" lon="-16.762077">
        <ele>-2.0</ele>
        <time>2025-02-15T21:34:31.000Z</time>
        <sat>10</sat>
      </trkpt>
      <trkpt lat="32.720233" lon="-16.762097">
        <ele>-4.3</ele>
        <time>2025-02-15T21:34:36.000Z</time>
        <sat>10</sat>
      </trkpt>
      <trkpt lat="32.720138" lon="-16.762127">
        <ele>-6.8</ele>
        <time>2025-02-15T21:34:41.000Z</time>
        <sat>11</sat>
      </trkpt>
      <trkpt lat="32.720050" lon="-16.762153">
        <ele>-9.0</ele>
        <time>2025-02-15T21:34:46.000Z</time>
        <sat>10</sat>
      </trkpt>
      <trkpt lat="32.719953" lon="-16.762173">
        <ele>-11.9</ele>
        <time>2025-02-15T21:34:52.000Z</time>
        <sat>10</sat>
      </trkpt>
      <trkpt lat="32.719863" lon="-16.762182">
        <ele>-13.9</ele>
        <time>2025-02-15T21:34:56.000Z</time>
        <sat>10</sat>
      </trkpt>
      <trkpt lat="32.719755" lon="-16.762188">
        <ele>-15.6</ele>
        <time>2025-02-15T21:35:00.000Z</time>
        <sat>10</sat>
      </trkpt>
      <trkpt lat="32.719653" lon="-16.762167">
        <ele>-17.5</ele>
        <time>2025-02-15T21:35:04.000Z</time>
        <sat>10</sat>
      </trkpt>
      <trkpt lat="32.719555" lon="-16.762148">
        <ele>-19.0</ele>
        <time>2025-02-15T21:35:08.000Z</time>
        <sat>10</sat>
      </trkpt>
      <trkpt lat="32.719453" lon="-16.762132">
        <ele>-20.7</ele>
        <time>2025-02-15T21:35:12.000Z</time>
        <sat>10</sat>
      </trkpt>
      <trkpt lat="32.719355" lon="-16.762103">
        <ele>-22.7</ele>
        <time>2025-02-15T21:35:17.000Z</time>
        <sat>10</sat>
      </trkpt>
      <trkpt lat="32.719258" lon="-16.762072">
        <ele>-25.5</ele>
        <time>2025-02-15T21:35:24.000Z</time>
        <sat>10</sat>
      </trkpt>
      <trkpt lat="32.719178" lon="-16.762130">
        <ele>-29.4</ele>
        <time>2025-02-15T21:35:34.000Z</time>
        <sat>10</sat>
      </trkpt>
      <trkpt lat="32.719087" lon="-16.762145">
        <ele>-37.0</ele>
        <time>2025-02-15T21:35:55.000Z</time>
        <sat>10</sat>
      </trkpt>
      <trkpt lat="32.718998" lon="-16.762220">
        <ele>-38.1</ele>
        <time>2025-02-15T21:36:01.000Z</time>
        <sat>10</sat>
      </trkpt>
      <trkpt lat="32.718933" lon="-16.762303">
        <ele>-38.7</ele>
        <time>2025-02-15T21:36:05.000Z</time>
        <sat>10</sat>
      </trkpt>
      <trkpt lat="32.718868" lon="-16.762383">
        <ele>-39.5</ele>
        <time>2025-02-15T21:36:10.000Z</time>
        <sat>10</sat>
      </trkpt>
      <trkpt lat="32.718810" lon="-16.762473">
        <ele>-40.1</ele>
        <time>2025-02-15T21:36:17.000Z</time>
        <sat>10</sat>
      </trkpt>
      <trkpt lat="32.718760" lon="-16.762567">
        <ele>-40.6</ele>
        <time>2025-02-15T21:36:24.000Z</time>
        <sat>10</sat>
      </trkpt>
      <trkpt lat="32.718698" lon="-16.762658">
        <ele>-40.9</ele>
        <time>2025-02-15T21:36:31.000Z</time>
        <sat>10</sat>
      </trkpt>
      <trkpt lat="32.718632" lon="-16.762753">
        <ele>-41.1</ele>
        <time>2025-02-15T21:36:38.000Z</time>
        <sat>10</sat>
      </trkpt>
      <trkpt lat="32.718578" lon="-16.762842">
        <ele>-41.2</ele>
        <time>2025-02-15T21:36:44.000Z</time>
        <sat>10</sat>
      </trkpt>
      <trkpt lat="32.718527" lon="-16.762948">
        <ele>-41.3</ele>
        <time>2025-02-15T21:36:51.000Z</time>
        <sat>10</sat>
      </trkpt>
      <trkpt lat="32.718495" lon="-16.763058">
        <ele>-41.6</ele>
        <time>2025-02-15T21:36:58.000Z</time>
        <sat>10</sat>
      </trkpt>
      <trkpt lat="32.718452" lon="-16.763158">
        <ele>-41.6</ele>
        <time>2025-02-15T21:37:05.000Z</time>
        <sat>10</sat>
      </trkpt>
      <trkpt lat="32.718392" lon="-16.763240">
        <ele>-41.3</ele>
        <time>2025-02-15T21:37:12.000Z</time>
        <sat>10</sat>
      </trkpt>
      <trkpt lat="32.718308" lon="-16.763303">
        <ele>-40.8</ele>
        <time>2025-02-15T21:37:19.000Z</time>
        <sat>10</sat>
      </trkpt>
      <trkpt lat="32.718210" lon="-16.763357">
        <ele>-40.7</ele>
        <time>2025-02-15T21:37:25.000Z</time>
        <sat>10</sat>
      </trkpt>
      <trkpt lat="32.718128" lon="-16.763432">
        <ele>-40.6</ele>
        <time>2025-02-15T21:37:29.000Z</time>
        <sat>10</sat>
      </trkpt>
      <trkpt lat="32.718063" lon="-16.763535">
        <ele>-40.7</ele>
        <time>2025-02-15T21:37:33.000Z</time>
        <sat>10</sat>
      </trkpt>
      <trkpt lat="32.718007" lon="-16.763650">
        <ele>-40.8</ele>
        <time>2025-02-15T21:37:37.000Z</time>
        <sat>10</sat>
      </trkpt>
      <trkpt lat="32.717928" lon="-16.763725">
        <ele>-40.9</ele>
        <time>2025-02-15T21:37:41.000Z</time>
        <sat>10</sat>
      </trkpt>
      <trkpt lat="32.717840" lon="-16.763783">
        <ele>-41.1</ele>
        <time>2025-02-15T21:37:45.000Z</time>
        <sat>10</sat>
      </trkpt>
      <trkpt lat="32.717753" lon="-16.763843">
        <ele>-41.2</ele>
        <time>2025-02-15T21:37:49.000Z</time>
        <sat>10</sat>
      </trkpt>
      <trkpt lat="32.717672" lon="-16.763900">
        <ele>-41.4</ele>
        <time>2025-02-15T21:37:53.000Z</time>
        <sat>10</sat>
      </trkpt>
      <trkpt lat="32.717578" lon="-16.763968">
        <ele>-41.5</ele>
        <time>2025-02-15T21:37:58.000Z</time>
        <sat>10</sat>
      </trkpt>
      <trkpt lat="32.717513" lon="-16.764055">
        <ele>-41.7</ele>
        <time>2025-02-15T21:38:02.000Z</time>
        <sat>10</sat>
      </trkpt>
      <trkpt lat="32.717430" lon="-16.764147">
        <ele>-41.8</ele>
        <time>2025-02-15T21:38:07.000Z</time>
        <sat>10</sat>
      </trkpt>
      <trkpt lat="32.717370" lon="-16.764228">
        <ele>-42.0</ele>
        <time>2025-02-15T21:38:11.000Z</time>
        <sat>10</sat>
      </trkpt>
      <trkpt lat="32.717302" lon="-16.764317">
        <ele>-42.1</ele>
        <time>2025-02-15T21:38:15.000Z</time>
        <sat>10</sat>
      </trkpt>
      <trkpt lat="32.717233" lon="-16.764402">
        <ele>-42.1</ele>
        <time>2025-02-15T21:38:19.000Z</time>
        <sat>10</sat>
      </trkpt>
      <trkpt lat="32.717158" lon="-16.764485">
        <ele>-42.2</ele>
        <time>2025-02-15T21:38:23.000Z</time>
        <sat>10</sat>
      </trkpt>
      <trkpt lat="32.717067" lon="-16.764558">
        <ele>-42.2</ele>
        <time>2025-02-15T21:38:28.000Z</time>
        <sat>10</sat>
      </trkpt>
      <trkpt lat="32.716987" lon="-16.764623">
        <ele>-42.2</ele>
        <time>2025-02-15T21:38:32.000Z</time>
        <sat>10</sat>
      </trkpt>
      <trkpt lat="32.716910" lon="-16.764683">
        <ele>-42.1</ele>
        <time>2025-02-15T21:38:38.000Z</time>
        <sat>10</sat>
      </trkpt>
      <trkpt lat="32.716840" lon="-16.764755">
        <ele>-42.1</ele>
        <time>2025-02-15T21:38:45.000Z</time>
        <sat>10</sat>
      </trkpt>
      <trkpt lat="32.716808" lon="-16.764788">
        <ele>-42.0</ele>
        <time>2025-02-15T21:38:51.000Z</time>
        <sat>10</sat>
      </trkpt>
    </trkseg>
  </trk>
</gpx>
