<?xml version="1.0" encoding="UTF-8" standalone="no" ?>
<gpx creator="CompeGPS" version="1.1" xsi:schemaLocation="http://www.topografix.com/GPX/1/1 http://www.topografix.com/GPX/1/1/gpx.xsd http://www.garmin.com/xmlschemas/WaypointExtension/v1 http://www8.garmin.com/xmlschemas/WaypointExtensionv1.xsd http://www.garmin.com/xmlschemas/TrackPointExtension/v1 http://www.garmin.com/xmlschemas/TrackPointExtensionv1.xsd http://www.garmin.com/xmlschemas/GpxExtensions/v3 http://www8.garmin.com/xmlschemas/GpxExtensionsv3.xsd http://www.garmin.com/xmlschemas/ActivityExtension/v1 http://www8.garmin.com/xmlschemas/ActivityExtensionv1.xsd http://www.garmin.com/xmlschemas/AdventuresExtensions/v1 http://www8.garmin.com/xmlschemas/AdventuresExtensionv1.xsd http://www.garmin.com/xmlschemas/PressureExtension/v1 http://www.garmin.com/xmlschemas/PressureExtensionv1.xsd http://www.garmin.com/xmlschemas/TripExtensions/v1 http://www.garmin.com/xmlschemas/TripExtensionsv1.xsd http://www.garmin.com/xmlschemas/TripMetaDataExtensions/v1 http://www.garmin.com/xmlschemas/TripMetaDataExtensionsv1.xsd http://www.garmin.com/xmlschemas/ViaPointTransportationModeExtensions/v1 http://www.garmin.com/xmlschemas/ViaPointTransportationModeExtensionsv1.xsd http://www.garmin.com/xmlschemas/CreationTimeExtension/v1 http://www.garmin.com/xmlschemas/CreationTimeExtensionsv1.xsd http://www.garmin.com/xmlschemas/AccelerationExtension/v1 http://www.garmin.com/xmlschemas/AccelerationExtensionv1.xsd http://www.garmin.com/xmlschemas/PowerExtension/v1 http://www.garmin.com/xmlschemas/PowerExtensionv1.xsd http://www.garmin.com/xmlschemas/VideoExtension/v1 http://www.garmin.com/xmlschemas/VideoExtensionv1.xsd" xmlns="http://www.topografix.com/GPX/1/1" xmlns:xsi="http://www.w3.org/2001/XMLSchema-instance" xmlns:wptx1="http://www.garmin.com/xmlschemas/WaypointExtension/v1" xmlns:gpxtrx="http://www.garmin.com/xmlschemas/GpxExtensions/v3" xmlns:gpxtpx="http://www.garmin.com/xmlschemas/TrackPointExtension/v1" xmlns:gpxx="http://www.garmin.com/xmlschemas/GpxExtensions/v3" xmlns:trp="http://www.garmin.com/xmlschemas/TripExtensions/v1" xmlns:adv="http://www.garmin.com/xmlschemas/AdventuresExtensions/v1" xmlns:prs="http://www.garmin.com/xmlschemas/PressureExtension/v1" xmlns:tmd="http://www.garmin.com/xmlschemas/TripMetaDataExtensions/v1" xmlns:vptm="http://www.garmin.com/xmlschemas/ViaPointTransportationModeExtensions/v1" xmlns:ctx="http://www.garmin.com/xmlschemas/CreationTimeExtension/v1" xmlns:gpxacc="http://www.garmin.com/xmlschemas/AccelerationExtension/v1" xmlns:gpxpx="http://www.garmin.com/xmlschemas/PowerExtension/v1" xmlns:vidx1="http://www.garmin.com/xmlschemas/VideoExtension/v1" xmlns:twonav="http://twonav.com/twonav">
  <metadata>
    <author>
      <email id="" domain=""/>
    </author>
    <copyright author="">
      <license></license>
    </copyright>
    <link href="http://www.compegps.com">
      <text>CompeGPS TEAM, SL</text>
    </link>
    <time>2025-02-15T21:38:51.000Z</time>
    <bounds maxlat="32.763522" maxlon="-16.761837" minlat="32.676651" minlon="-16.919469"/>
  </metadata>
  <trk>
    <name>MIUT2025_42</name>
    <extensions>
      <line xmlns="http://www.topografix.com/GPX/gpx_style/0/2">
        <width>4</width>
      </line>
      <gpxx:TrackExtension>
        <gpxx:DisplayColor>Blue</gpxx:DisplayColor>
      </gpxx:TrackExtension>
      <twonav:TwoNavExtension>
        <twonav:activity>4</twonav:activity>
        <twonav:terrain>0</twonav:terrain>
      </twonav:TwoNavExtension>
    </extensions>
    <trkseg>
      <trkpt lat="32.676651" lon="-16.903075">
        <ele>599.3</ele>
        <time>2024-03-16T11:00:00.001Z</time>
        <extensions>
          <gpxtpx:TrackPointExtension>
            <gpxtpx:hr>158</gpxtpx:hr>
            <gpxtpx:cad>26</gpxtpx:cad>
          </gpxtpx:TrackPointExtension>
        </extensions>
      </trkpt>
      <trkpt lat="32.676675" lon="-16.903323">
        <ele>597.3</ele>
        <time>2024-03-16T11:03:05.144Z</time>
        <extensions>
          <gpxtpx:TrackPointExtension>
            <gpxtpx:hr>142</gpxtpx:hr>
            <gpxtpx:cad>26</gpxtpx:cad>
          </gpxtpx:TrackPointExtension>
        </extensions>
      </trkpt>
      <trkpt lat="32.677738" lon="-16.902993">
        <ele>628.9</ele>
        <time>2024-03-16T11:04:23.929Z</time>
        <extensions>
          <gpxtpx:TrackPointExtension>
            <gpxtpx:hr>270</gpxtpx:hr>
            <gpxtpx:cad>26</gpxtpx:cad>
          </gpxtpx:TrackPointExtension>
        </extensions>
      </trkpt>
      <trkpt lat="32.678365" lon="-16.902551">
        <ele>630.0</ele>
        <time>2024-03-16T11:05:35.826Z</time>
        <extensions>
          <gpxtpx:TrackPointExtension>
            <gpxtpx:hr>174</gpxtpx:hr>
            <gpxtpx:cad>26</gpxtpx:cad>
          </gpxtpx:TrackPointExtension>
        </extensions>
      </trkpt>
      <trkpt lat="32.678646" lon="-16.902436">
        <ele>653.1</ele>
        <time>2024-03-16T11:06:11.571Z</time>
      </trkpt>
      <trkpt lat="32.678894" lon="-16.902422">
        <ele>661.4</ele>
        <time>2024-03-16T11:06:37.125Z</time>
      </trkpt>
      <trkpt lat="32.679136" lon="-16.902436">
        <ele>668.6</ele>
        <time>2024-03-16T11:07:01.847Z</time>
      </trkpt>
      <trkpt lat="32.679281" lon="-16.902536">
        <ele>672.0</ele>
        <time>2024-03-16T11:07:18.672Z</time>
      </trkpt>
      <trkpt lat="32.679426" lon="-16.902673">
        <ele>678.2</ele>
        <time>2024-03-16T11:07:37.714Z</time>
      </trkpt>
      <trkpt lat="32.679474" lon="-16.902623">
        <ele>679.1</ele>
        <time>2024-03-16T11:07:44.110Z</time>
      </trkpt>
      <trkpt lat="32.679504" lon="-16.902486">
        <ele>678.9</ele>
        <time>2024-03-16T11:07:55.819Z</time>
      </trkpt>
      <trkpt lat="32.679456" lon="-16.902350">
        <ele>680.3</ele>
        <time>2024-03-16T11:08:08.170Z</time>
      </trkpt>
      <trkpt lat="32.679305" lon="-16.902170">
        <ele>680.0</ele>
        <time>2024-03-16T11:08:29.243Z</time>
      </trkpt>
      <trkpt lat="32.679195" lon="-16.902078">
        <ele>697.0</ele>
        <time>2024-03-16T11:08:49.319Z</time>
      </trkpt>
      <trkpt lat="32.679027" lon="-16.901919">
        <ele>678.1</ele>
        <time>2024-03-16T11:09:16.340Z</time>
      </trkpt>
      <trkpt lat="32.678930" lon="-16.901790">
        <ele>679.2</ele>
        <time>2024-03-16T11:09:30.725Z</time>
      </trkpt>
      <trkpt lat="32.678847" lon="-16.901664">
        <ele>680.7</ele>
        <time>2024-03-16T11:09:44.053Z</time>
        <extensions>
          <gpxtpx:TrackPointExtension>
            <gpxtpx:hr>126</gpxtpx:hr>
            <gpxtpx:cad>27</gpxtpx:cad>
          </gpxtpx:TrackPointExtension>
        </extensions>
      </trkpt>
      <trkpt lat="32.679427" lon="-16.901819">
        <ele>691.6</ele>
        <time>2024-03-16T11:10:43.469Z</time>
        <extensions>
          <gpxtpx:TrackPointExtension>
            <gpxtpx:hr>78</gpxtpx:hr>
            <gpxtpx:cad>27</gpxtpx:cad>
          </gpxtpx:TrackPointExtension>
        </extensions>
      </trkpt>
      <trkpt lat="32.679723" lon="-16.901755">
        <ele>701.4</ele>
        <time>2024-03-16T11:11:14.387Z</time>
        <extensions>
          <gpxtpx:TrackPointExtension>
            <gpxtpx:hr>142</gpxtpx:hr>
            <gpxtpx:cad>27</gpxtpx:cad>
          </gpxtpx:TrackPointExtension>
        </extensions>
      </trkpt>
      <trkpt lat="32.679918" lon="-16.901889">
        <ele>704.2</ele>
        <time>2024-03-16T11:11:36.729Z</time>
        <extensions>
          <gpxtpx:TrackPointExtension>
            <gpxtpx:hr>206</gpxtpx:hr>
            <gpxtpx:cad>26</gpxtpx:cad>
          </gpxtpx:TrackPointExtension>
        </extensions>
      </trkpt>
      <trkpt lat="32.679883" lon="-16.901559">
        <ele>711.0</ele>
        <time>2024-03-16T11:12:04.980Z</time>
        <extensions>
          <gpxtpx:TrackPointExtension>
            <gpxtpx:hr>110</gpxtpx:hr>
            <gpxtpx:cad>27</gpxtpx:cad>
          </gpxtpx:TrackPointExtension>
        </extensions>
      </trkpt>
      <trkpt lat="32.679066" lon="-16.901045">
        <ele>715.0</ele>
        <time>2024-03-16T11:13:36.205Z</time>
        <extensions>
          <gpxtpx:TrackPointExtension>
            <gpxtpx:hr>62</gpxtpx:hr>
            <gpxtpx:cad>27</gpxtpx:cad>
          </gpxtpx:TrackPointExtension>
        </extensions>
      </trkpt>
      <trkpt lat="32.679081" lon="-16.900816">
        <ele>718.0</ele>
        <time>2024-03-16T11:13:55.451Z</time>
        <extensions>
          <gpxtpx:TrackPointExtension>
            <gpxtpx:hr>238</gpxtpx:hr>
            <gpxtpx:cad>26</gpxtpx:cad>
          </gpxtpx:TrackPointExtension>
        </extensions>
      </trkpt>
      <trkpt lat="32.679112" lon="-16.900791">
        <ele>722.0</ele>
        <time>2024-03-16T11:14:00.573Z</time>
        <extensions>
          <gpxtpx:TrackPointExtension>
            <gpxtpx:hr>78</gpxtpx:hr>
            <gpxtpx:cad>26</gpxtpx:cad>
          </gpxtpx:TrackPointExtension>
        </extensions>
      </trkpt>
      <trkpt lat="32.679142" lon="-16.900780">
        <ele>726.0</ele>
        <time>2024-03-16T11:14:05.276Z</time>
        <extensions>
          <gpxtpx:TrackPointExtension>
            <gpxtpx:hr>94</gpxtpx:hr>
            <gpxtpx:cad>26</gpxtpx:cad>
          </gpxtpx:TrackPointExtension>
        </extensions>
      </trkpt>
      <trkpt lat="32.679659" lon="-16.900690">
        <ele>730.0</ele>
        <time>2024-03-16T11:14:56.923Z</time>
        <extensions>
          <gpxtpx:TrackPointExtension>
            <gpxtpx:hr>206</gpxtpx:hr>
            <gpxtpx:cad>27</gpxtpx:cad>
          </gpxtpx:TrackPointExtension>
        </extensions>
      </trkpt>
      <trkpt lat="32.679757" lon="-16.900737">
        <ele>734.0</ele>
        <time>2024-03-16T11:15:07.934Z</time>
        <extensions>
          <gpxtpx:TrackPointExtension>
            <gpxtpx:hr>158</gpxtpx:hr>
            <gpxtpx:cad>27</gpxtpx:cad>
          </gpxtpx:TrackPointExtension>
        </extensions>
      </trkpt>
      <trkpt lat="32.679911" lon="-16.900838">
        <ele>739.0</ele>
        <time>2024-03-16T11:15:25.833Z</time>
        <extensions>
          <gpxtpx:TrackPointExtension>
            <gpxtpx:hr>126</gpxtpx:hr>
            <gpxtpx:cad>26</gpxtpx:cad>
          </gpxtpx:TrackPointExtension>
        </extensions>
      </trkpt>
      <trkpt lat="32.680003" lon="-16.900846">
        <ele>746.0</ele>
        <time>2024-03-16T11:15:36.847Z</time>
        <extensions>
          <gpxtpx:TrackPointExtension>
            <gpxtpx:hr>190</gpxtpx:hr>
            <gpxtpx:cad>27</gpxtpx:cad>
          </gpxtpx:TrackPointExtension>
        </extensions>
      </trkpt>
      <trkpt lat="32.680346" lon="-16.900838">
        <ele>749.6</ele>
        <time>2024-03-16T11:16:10.824Z</time>
        <extensions>
          <gpxtpx:TrackPointExtension>
            <gpxtpx:hr>222</gpxtpx:hr>
            <gpxtpx:cad>27</gpxtpx:cad>
          </gpxtpx:TrackPointExtension>
        </extensions>
      </trkpt>
      <trkpt lat="32.680430" lon="-16.900846">
        <ele>752.6</ele>
        <time>2024-03-16T11:16:19.545Z</time>
        <extensions>
          <gpxtpx:TrackPointExtension>
            <gpxtpx:hr>30</gpxtpx:hr>
            <gpxtpx:cad>27</gpxtpx:cad>
          </gpxtpx:TrackPointExtension>
        </extensions>
      </trkpt>
      <trkpt lat="32.680528" lon="-16.900885">
        <ele>754.4</ele>
        <time>2024-03-16T11:16:29.868Z</time>
        <extensions>
          <gpxtpx:TrackPointExtension>
            <gpxtpx:hr>238</gpxtpx:hr>
            <gpxtpx:cad>27</gpxtpx:cad>
          </gpxtpx:TrackPointExtension>
        </extensions>
      </trkpt>
      <trkpt lat="32.680598" lon="-16.900956">
        <ele>753.6</ele>
        <time>2024-03-16T11:16:38.979Z</time>
        <extensions>
          <gpxtpx:TrackPointExtension>
            <gpxtpx:hr>254</gpxtpx:hr>
            <gpxtpx:cad>27</gpxtpx:cad>
          </gpxtpx:TrackPointExtension>
        </extensions>
      </trkpt>
      <trkpt lat="32.680781" lon="-16.901112">
        <ele>753.0</ele>
        <time>2024-03-16T11:17:01.182Z</time>
        <extensions>
          <gpxtpx:TrackPointExtension>
            <gpxtpx:hr>270</gpxtpx:hr>
            <gpxtpx:cad>27</gpxtpx:cad>
          </gpxtpx:TrackPointExtension>
        </extensions>
      </trkpt>
      <trkpt lat="32.680858" lon="-16.901135">
        <ele>754.0</ele>
        <time>2024-03-16T11:17:09.071Z</time>
        <extensions>
          <gpxtpx:TrackPointExtension>
            <gpxtpx:hr>30</gpxtpx:hr>
            <gpxtpx:cad>28</gpxtpx:cad>
          </gpxtpx:TrackPointExtension>
        </extensions>
      </trkpt>
      <trkpt lat="32.681089" lon="-16.901269">
        <ele>752.9</ele>
        <time>2024-03-16T11:17:34.442Z</time>
        <extensions>
          <gpxtpx:TrackPointExtension>
            <gpxtpx:hr>46</gpxtpx:hr>
            <gpxtpx:cad>28</gpxtpx:cad>
          </gpxtpx:TrackPointExtension>
        </extensions>
      </trkpt>
      <trkpt lat="32.681131" lon="-16.901300">
        <ele>752.7</ele>
        <time>2024-03-16T11:17:39.312Z</time>
        <extensions>
          <gpxtpx:TrackPointExtension>
            <gpxtpx:hr>62</gpxtpx:hr>
            <gpxtpx:cad>28</gpxtpx:cad>
          </gpxtpx:TrackPointExtension>
        </extensions>
      </trkpt>
      <trkpt lat="32.681194" lon="-16.901300">
        <ele>754.0</ele>
        <time>2024-03-16T11:17:45.631Z</time>
        <extensions>
          <gpxtpx:TrackPointExtension>
            <gpxtpx:hr>78</gpxtpx:hr>
            <gpxtpx:cad>28</gpxtpx:cad>
          </gpxtpx:TrackPointExtension>
        </extensions>
      </trkpt>
      <trkpt lat="32.681243" lon="-16.901276">
        <ele>755.9</ele>
        <time>2024-03-16T11:17:51.124Z</time>
        <extensions>
          <gpxtpx:TrackPointExtension>
            <gpxtpx:hr>94</gpxtpx:hr>
            <gpxtpx:cad>28</gpxtpx:cad>
          </gpxtpx:TrackPointExtension>
        </extensions>
      </trkpt>
      <trkpt lat="32.681398" lon="-16.901151">
        <ele>763.1</ele>
        <time>2024-03-16T11:18:10.668Z</time>
        <extensions>
          <gpxtpx:TrackPointExtension>
            <gpxtpx:hr>110</gpxtpx:hr>
            <gpxtpx:cad>28</gpxtpx:cad>
          </gpxtpx:TrackPointExtension>
        </extensions>
      </trkpt>
      <trkpt lat="32.681580" lon="-16.901081">
        <ele>768.9</ele>
        <time>2024-03-16T11:18:30.211Z</time>
        <extensions>
          <gpxtpx:TrackPointExtension>
            <gpxtpx:hr>126</gpxtpx:hr>
            <gpxtpx:cad>28</gpxtpx:cad>
          </gpxtpx:TrackPointExtension>
        </extensions>
      </trkpt>
      <trkpt lat="32.681692" lon="-16.901081">
        <ele>770.8</ele>
        <time>2024-03-16T11:18:41.395Z</time>
        <extensions>
          <gpxtpx:TrackPointExtension>
            <gpxtpx:hr>142</gpxtpx:hr>
            <gpxtpx:cad>28</gpxtpx:cad>
          </gpxtpx:TrackPointExtension>
        </extensions>
      </trkpt>
      <trkpt lat="32.681748" lon="-16.901065">
        <ele>772.2</ele>
        <time>2024-03-16T11:18:47.208Z</time>
        <extensions>
          <gpxtpx:TrackPointExtension>
            <gpxtpx:hr>158</gpxtpx:hr>
            <gpxtpx:cad>28</gpxtpx:cad>
          </gpxtpx:TrackPointExtension>
        </extensions>
      </trkpt>
      <trkpt lat="32.681804" lon="-16.901010">
        <ele>774.8</ele>
        <time>2024-03-16T11:18:54.729Z</time>
        <extensions>
          <gpxtpx:TrackPointExtension>
            <gpxtpx:hr>174</gpxtpx:hr>
            <gpxtpx:cad>28</gpxtpx:cad>
          </gpxtpx:TrackPointExtension>
        </extensions>
      </trkpt>
      <trkpt lat="32.682211" lon="-16.900564">
        <ele>796.0</ele>
        <time>2024-03-16T11:19:52.479Z</time>
        <extensions>
          <gpxtpx:TrackPointExtension>
            <gpxtpx:hr>190</gpxtpx:hr>
            <gpxtpx:cad>28</gpxtpx:cad>
          </gpxtpx:TrackPointExtension>
        </extensions>
      </trkpt>
      <trkpt lat="32.682295" lon="-16.900518">
        <ele>799.3</ele>
        <time>2024-03-16T11:20:02.055Z</time>
        <extensions>
          <gpxtpx:TrackPointExtension>
            <gpxtpx:hr>206</gpxtpx:hr>
            <gpxtpx:cad>28</gpxtpx:cad>
          </gpxtpx:TrackPointExtension>
        </extensions>
      </trkpt>
      <trkpt lat="32.682449" lon="-16.900494">
        <ele>803.0</ele>
        <time>2024-03-16T11:20:17.707Z</time>
        <extensions>
          <gpxtpx:TrackPointExtension>
            <gpxtpx:hr>222</gpxtpx:hr>
            <gpxtpx:cad>28</gpxtpx:cad>
          </gpxtpx:TrackPointExtension>
        </extensions>
      </trkpt>
      <trkpt lat="32.682456" lon="-16.900486">
        <ele>803.1</ele>
        <time>2024-03-16T11:20:18.673Z</time>
        <extensions>
          <gpxtpx:TrackPointExtension>
            <gpxtpx:hr>238</gpxtpx:hr>
            <gpxtpx:cad>28</gpxtpx:cad>
          </gpxtpx:TrackPointExtension>
        </extensions>
      </trkpt>
      <trkpt lat="32.682449" lon="-16.900463">
        <ele>804.0</ele>
        <time>2024-03-16T11:20:20.853Z</time>
        <extensions>
          <gpxtpx:TrackPointExtension>
            <gpxtpx:hr>254</gpxtpx:hr>
            <gpxtpx:cad>28</gpxtpx:cad>
          </gpxtpx:TrackPointExtension>
        </extensions>
      </trkpt>
      <trkpt lat="32.682442" lon="-16.900455">
        <ele>804.5</ele>
        <time>2024-03-16T11:20:21.913Z</time>
        <extensions>
          <gpxtpx:TrackPointExtension>
            <gpxtpx:hr>270</gpxtpx:hr>
            <gpxtpx:cad>28</gpxtpx:cad>
          </gpxtpx:TrackPointExtension>
        </extensions>
      </trkpt>
      <trkpt lat="32.682407" lon="-16.900432">
        <ele>804.9</ele>
        <time>2024-03-16T11:20:25.860Z</time>
        <extensions>
          <gpxtpx:TrackPointExtension>
            <gpxtpx:hr>30</gpxtpx:hr>
            <gpxtpx:cad>29</gpxtpx:cad>
          </gpxtpx:TrackPointExtension>
        </extensions>
      </trkpt>
      <trkpt lat="32.682127" lon="-16.900306">
        <ele>804.5</ele>
        <time>2024-03-16T11:20:55.395Z</time>
        <extensions>
          <gpxtpx:TrackPointExtension>
            <gpxtpx:hr>46</gpxtpx:hr>
            <gpxtpx:cad>29</gpxtpx:cad>
          </gpxtpx:TrackPointExtension>
        </extensions>
      </trkpt>
      <trkpt lat="32.682105" lon="-16.900275">
        <ele>805.6</ele>
        <time>2024-03-16T11:20:58.900Z</time>
        <extensions>
          <gpxtpx:TrackPointExtension>
            <gpxtpx:hr>62</gpxtpx:hr>
            <gpxtpx:cad>29</gpxtpx:cad>
          </gpxtpx:TrackPointExtension>
        </extensions>
      </trkpt>
      <trkpt lat="32.682105" lon="-16.900244">
        <ele>806.6</ele>
        <time>2024-03-16T11:21:01.621Z</time>
        <extensions>
          <gpxtpx:TrackPointExtension>
            <gpxtpx:hr>78</gpxtpx:hr>
            <gpxtpx:cad>29</gpxtpx:cad>
          </gpxtpx:TrackPointExtension>
        </extensions>
      </trkpt>
      <trkpt lat="32.682162" lon="-16.900197">
        <ele>809.6</ele>
        <time>2024-03-16T11:21:08.958Z</time>
        <extensions>
          <gpxtpx:TrackPointExtension>
            <gpxtpx:hr>94</gpxtpx:hr>
            <gpxtpx:cad>29</gpxtpx:cad>
          </gpxtpx:TrackPointExtension>
        </extensions>
      </trkpt>
      <trkpt lat="32.682554" lon="-16.900087">
        <ele>821.7</ele>
        <time>2024-03-16T11:21:50.109Z</time>
        <extensions>
          <gpxtpx:TrackPointExtension>
            <gpxtpx:hr>110</gpxtpx:hr>
            <gpxtpx:cad>29</gpxtpx:cad>
          </gpxtpx:TrackPointExtension>
        </extensions>
      </trkpt>
      <trkpt lat="32.682680" lon="-16.900033">
        <ele>826.7</ele>
        <time>2024-03-16T11:22:04.031Z</time>
        <extensions>
          <gpxtpx:TrackPointExtension>
            <gpxtpx:hr>126</gpxtpx:hr>
            <gpxtpx:cad>29</gpxtpx:cad>
          </gpxtpx:TrackPointExtension>
        </extensions>
      </trkpt>
      <trkpt lat="32.683143" lon="-16.899454">
        <ele>851.4</ele>
        <time>2024-03-16T11:23:13.842Z</time>
        <extensions>
          <gpxtpx:TrackPointExtension>
            <gpxtpx:hr>142</gpxtpx:hr>
            <gpxtpx:cad>29</gpxtpx:cad>
          </gpxtpx:TrackPointExtension>
        </extensions>
      </trkpt>
      <trkpt lat="32.683227" lon="-16.899407">
        <ele>854.4</ele>
        <time>2024-03-16T11:23:23.378Z</time>
        <extensions>
          <gpxtpx:TrackPointExtension>
            <gpxtpx:hr>158</gpxtpx:hr>
            <gpxtpx:cad>29</gpxtpx:cad>
          </gpxtpx:TrackPointExtension>
        </extensions>
      </trkpt>
      <trkpt lat="32.683409" lon="-16.899414">
        <ele>860.0</ele>
        <time>2024-03-16T11:23:42.013Z</time>
        <extensions>
          <gpxtpx:TrackPointExtension>
            <gpxtpx:hr>174</gpxtpx:hr>
            <gpxtpx:cad>29</gpxtpx:cad>
          </gpxtpx:TrackPointExtension>
        </extensions>
      </trkpt>
      <trkpt lat="32.684019" lon="-16.899469">
        <ele>882.1</ele>
        <time>2024-03-16T11:24:45.442Z</time>
        <extensions>
          <gpxtpx:TrackPointExtension>
            <gpxtpx:hr>190</gpxtpx:hr>
            <gpxtpx:cad>29</gpxtpx:cad>
          </gpxtpx:TrackPointExtension>
        </extensions>
      </trkpt>
      <trkpt lat="32.684145" lon="-16.899516">
        <ele>882.0</ele>
        <time>2024-03-16T11:24:58.457Z</time>
        <extensions>
          <gpxtpx:TrackPointExtension>
            <gpxtpx:hr>206</gpxtpx:hr>
            <gpxtpx:cad>29</gpxtpx:cad>
          </gpxtpx:TrackPointExtension>
        </extensions>
      </trkpt>
      <trkpt lat="32.684187" lon="-16.899587">
        <ele>884.0</ele>
        <time>2024-03-16T11:25:05.872Z</time>
        <extensions>
          <gpxtpx:TrackPointExtension>
            <gpxtpx:hr>222</gpxtpx:hr>
            <gpxtpx:cad>29</gpxtpx:cad>
          </gpxtpx:TrackPointExtension>
        </extensions>
      </trkpt>
      <trkpt lat="32.684222" lon="-16.899806">
        <ele>884.0</ele>
        <time>2024-03-16T11:25:24.381Z</time>
        <extensions>
          <gpxtpx:TrackPointExtension>
            <gpxtpx:hr>238</gpxtpx:hr>
            <gpxtpx:cad>29</gpxtpx:cad>
          </gpxtpx:TrackPointExtension>
        </extensions>
      </trkpt>
      <trkpt lat="32.684257" lon="-16.899954">
        <ele>883.7</ele>
        <time>2024-03-16T11:25:37.125Z</time>
        <extensions>
          <gpxtpx:TrackPointExtension>
            <gpxtpx:hr>254</gpxtpx:hr>
            <gpxtpx:cad>29</gpxtpx:cad>
          </gpxtpx:TrackPointExtension>
        </extensions>
      </trkpt>
      <trkpt lat="32.684314" lon="-16.900040">
        <ele>884.8</ele>
        <time>2024-03-16T11:25:46.262Z</time>
        <extensions>
          <gpxtpx:TrackPointExtension>
            <gpxtpx:hr>270</gpxtpx:hr>
            <gpxtpx:cad>29</gpxtpx:cad>
          </gpxtpx:TrackPointExtension>
        </extensions>
      </trkpt>
      <trkpt lat="32.684524" lon="-16.900150">
        <ele>885.0</ele>
        <time>2024-03-16T11:26:08.902Z</time>
        <extensions>
          <gpxtpx:TrackPointExtension>
            <gpxtpx:hr>30</gpxtpx:hr>
            <gpxtpx:cad>30</gpxtpx:cad>
          </gpxtpx:TrackPointExtension>
        </extensions>
      </trkpt>
      <trkpt lat="32.684930" lon="-16.900181">
        <ele>888.0</ele>
        <time>2024-03-16T11:26:49.108Z</time>
        <extensions>
          <gpxtpx:TrackPointExtension>
            <gpxtpx:hr>46</gpxtpx:hr>
            <gpxtpx:cad>30</gpxtpx:cad>
          </gpxtpx:TrackPointExtension>
        </extensions>
      </trkpt>
      <trkpt lat="32.685029" lon="-16.900275">
        <ele>890.0</ele>
        <time>2024-03-16T11:27:01.728Z</time>
        <extensions>
          <gpxtpx:TrackPointExtension>
            <gpxtpx:hr>62</gpxtpx:hr>
            <gpxtpx:cad>30</gpxtpx:cad>
          </gpxtpx:TrackPointExtension>
        </extensions>
      </trkpt>
      <trkpt lat="32.685064" lon="-16.900369">
        <ele>890.0</ele>
        <time>2024-03-16T11:27:10.255Z</time>
        <extensions>
          <gpxtpx:TrackPointExtension>
            <gpxtpx:hr>78</gpxtpx:hr>
            <gpxtpx:cad>30</gpxtpx:cad>
          </gpxtpx:TrackPointExtension>
        </extensions>
      </trkpt>
      <trkpt lat="32.685113" lon="-16.900611">
        <ele>890.0</ele>
        <time>2024-03-16T11:27:30.920Z</time>
        <extensions>
          <gpxtpx:TrackPointExtension>
            <gpxtpx:hr>94</gpxtpx:hr>
            <gpxtpx:cad>30</gpxtpx:cad>
          </gpxtpx:TrackPointExtension>
        </extensions>
      </trkpt>
      <trkpt lat="32.685150" lon="-16.900675">
        <ele>890.0</ele>
        <time>2024-03-16T11:27:37.347Z</time>
        <extensions>
          <gpxtpx:TrackPointExtension>
            <gpxtpx:hr>110</gpxtpx:hr>
            <gpxtpx:cad>30</gpxtpx:cad>
          </gpxtpx:TrackPointExtension>
        </extensions>
      </trkpt>
      <trkpt lat="32.685287" lon="-16.900881">
        <ele>889.6</ele>
        <time>2024-03-16T11:27:59.151Z</time>
        <extensions>
          <gpxtpx:TrackPointExtension>
            <gpxtpx:hr>126</gpxtpx:hr>
            <gpxtpx:cad>30</gpxtpx:cad>
          </gpxtpx:TrackPointExtension>
        </extensions>
      </trkpt>
      <trkpt lat="32.685281" lon="-16.900823">
        <ele>892.0</ele>
        <time>2024-03-16T11:28:04.447Z</time>
        <extensions>
          <gpxtpx:TrackPointExtension>
            <gpxtpx:hr>142</gpxtpx:hr>
            <gpxtpx:cad>30</gpxtpx:cad>
          </gpxtpx:TrackPointExtension>
        </extensions>
      </trkpt>
      <trkpt lat="32.685288" lon="-16.900760">
        <ele>894.4</ele>
        <time>2024-03-16T11:28:10.137Z</time>
        <extensions>
          <gpxtpx:TrackPointExtension>
            <gpxtpx:hr>158</gpxtpx:hr>
            <gpxtpx:cad>30</gpxtpx:cad>
          </gpxtpx:TrackPointExtension>
        </extensions>
      </trkpt>
      <trkpt lat="32.685310" lon="-16.900713">
        <ele>897.2</ele>
        <time>2024-03-16T11:28:15.237Z</time>
        <extensions>
          <gpxtpx:TrackPointExtension>
            <gpxtpx:hr>174</gpxtpx:hr>
            <gpxtpx:cad>30</gpxtpx:cad>
          </gpxtpx:TrackPointExtension>
        </extensions>
      </trkpt>
      <trkpt lat="32.685351" lon="-16.900697">
        <ele>898.7</ele>
        <time>2024-03-16T11:28:19.684Z</time>
        <extensions>
          <gpxtpx:TrackPointExtension>
            <gpxtpx:hr>190</gpxtpx:hr>
            <gpxtpx:cad>30</gpxtpx:cad>
          </gpxtpx:TrackPointExtension>
        </extensions>
      </trkpt>
      <trkpt lat="32.685414" lon="-16.900697">
        <ele>900.4</ele>
        <time>2024-03-16T11:28:26.079Z</time>
        <extensions>
          <gpxtpx:TrackPointExtension>
            <gpxtpx:hr>206</gpxtpx:hr>
            <gpxtpx:cad>30</gpxtpx:cad>
          </gpxtpx:TrackPointExtension>
        </extensions>
      </trkpt>
      <trkpt lat="32.685509" lon="-16.900728">
        <ele>901.5</ele>
        <time>2024-03-16T11:28:35.840Z</time>
        <extensions>
          <gpxtpx:TrackPointExtension>
            <gpxtpx:hr>222</gpxtpx:hr>
            <gpxtpx:cad>30</gpxtpx:cad>
          </gpxtpx:TrackPointExtension>
        </extensions>
      </trkpt>
      <trkpt lat="32.685919" lon="-16.900510">
        <ele>922.1</ele>
        <time>2024-03-16T11:29:23.753Z</time>
        <extensions>
          <gpxtpx:TrackPointExtension>
            <gpxtpx:hr>238</gpxtpx:hr>
            <gpxtpx:cad>30</gpxtpx:cad>
          </gpxtpx:TrackPointExtension>
        </extensions>
      </trkpt>
      <trkpt lat="32.686339" lon="-16.900604">
        <ele>921.8</ele>
        <time>2024-03-16T11:30:05.892Z</time>
        <extensions>
          <gpxtpx:TrackPointExtension>
            <gpxtpx:hr>254</gpxtpx:hr>
            <gpxtpx:cad>30</gpxtpx:cad>
          </gpxtpx:TrackPointExtension>
        </extensions>
      </trkpt>
      <trkpt lat="32.687012" lon="-16.900134">
        <ele>953.5</ele>
        <time>2024-03-16T11:31:27.847Z</time>
        <extensions>
          <gpxtpx:TrackPointExtension>
            <gpxtpx:hr>270</gpxtpx:hr>
            <gpxtpx:cad>30</gpxtpx:cad>
          </gpxtpx:TrackPointExtension>
        </extensions>
      </trkpt>
      <trkpt lat="32.688330" lon="-16.899829">
        <ele>964.0</ele>
        <time>2024-03-16T11:33:40.576Z</time>
        <extensions>
          <gpxtpx:TrackPointExtension>
            <gpxtpx:hr>30</gpxtpx:hr>
            <gpxtpx:cad>31</gpxtpx:cad>
          </gpxtpx:TrackPointExtension>
        </extensions>
      </trkpt>
      <trkpt lat="32.688379" lon="-16.899579">
        <ele>977.3</ele>
        <time>2024-03-16T11:34:04.933Z</time>
        <extensions>
          <gpxtpx:TrackPointExtension>
            <gpxtpx:hr>46</gpxtpx:hr>
            <gpxtpx:cad>31</gpxtpx:cad>
          </gpxtpx:TrackPointExtension>
        </extensions>
      </trkpt>
      <trkpt lat="32.688708" lon="-16.899461">
        <ele>983.5</ele>
        <time>2024-03-16T11:34:39.263Z</time>
        <extensions>
          <gpxtpx:TrackPointExtension>
            <gpxtpx:hr>62</gpxtpx:hr>
            <gpxtpx:cad>31</gpxtpx:cad>
          </gpxtpx:TrackPointExtension>
        </extensions>
      </trkpt>
      <trkpt lat="32.688933" lon="-16.899454">
        <ele>989.5</ele>
        <time>2024-03-16T11:35:02.085Z</time>
        <extensions>
          <gpxtpx:TrackPointExtension>
            <gpxtpx:hr>78</gpxtpx:hr>
            <gpxtpx:cad>31</gpxtpx:cad>
          </gpxtpx:TrackPointExtension>
        </extensions>
      </trkpt>
      <trkpt lat="32.689121" lon="-16.899540">
        <ele>997.9</ele>
        <time>2024-03-16T11:35:23.291Z</time>
        <extensions>
          <gpxtpx:TrackPointExtension>
            <gpxtpx:hr>94</gpxtpx:hr>
            <gpxtpx:cad>31</gpxtpx:cad>
          </gpxtpx:TrackPointExtension>
        </extensions>
      </trkpt>
      <trkpt lat="32.689110" lon="-16.899546">
        <ele>997.6</ele>
        <time>2024-03-16T11:35:24.506Z</time>
        <extensions>
          <gpxtpx:TrackPointExtension>
            <gpxtpx:hr>110</gpxtpx:hr>
            <gpxtpx:cad>31</gpxtpx:cad>
          </gpxtpx:TrackPointExtension>
        </extensions>
      </trkpt>
      <trkpt lat="32.689080" lon="-16.899610">
        <ele>998.8</ele>
        <time>2024-03-16T11:35:30.670Z</time>
        <extensions>
          <gpxtpx:TrackPointExtension>
            <gpxtpx:hr>126</gpxtpx:hr>
            <gpxtpx:cad>31</gpxtpx:cad>
          </gpxtpx:TrackPointExtension>
        </extensions>
      </trkpt>
      <trkpt lat="32.689094" lon="-16.899806">
        <ele>1005.5</ele>
        <time>2024-03-16T11:35:48.048Z</time>
        <extensions>
          <gpxtpx:TrackPointExtension>
            <gpxtpx:hr>142</gpxtpx:hr>
            <gpxtpx:cad>31</gpxtpx:cad>
          </gpxtpx:TrackPointExtension>
        </extensions>
      </trkpt>
      <trkpt lat="32.689136" lon="-16.899915">
        <ele>1010.6</ele>
        <time>2024-03-16T11:35:58.978Z</time>
        <extensions>
          <gpxtpx:TrackPointExtension>
            <gpxtpx:hr>158</gpxtpx:hr>
            <gpxtpx:cad>31</gpxtpx:cad>
          </gpxtpx:TrackPointExtension>
        </extensions>
      </trkpt>
      <trkpt lat="32.689304" lon="-16.900064">
        <ele>1018.4</ele>
        <time>2024-03-16T11:36:20.774Z</time>
        <extensions>
          <gpxtpx:TrackPointExtension>
            <gpxtpx:hr>174</gpxtpx:hr>
            <gpxtpx:cad>31</gpxtpx:cad>
          </gpxtpx:TrackPointExtension>
        </extensions>
      </trkpt>
      <trkpt lat="32.689416" lon="-16.900126">
        <ele>1021.9</ele>
        <time>2024-03-16T11:36:33.340Z</time>
        <extensions>
          <gpxtpx:TrackPointExtension>
            <gpxtpx:hr>190</gpxtpx:hr>
            <gpxtpx:cad>31</gpxtpx:cad>
          </gpxtpx:TrackPointExtension>
        </extensions>
      </trkpt>
      <trkpt lat="32.689641" lon="-16.900072">
        <ele>1029.0</ele>
        <time>2024-03-16T11:36:56.832Z</time>
        <extensions>
          <gpxtpx:TrackPointExtension>
            <gpxtpx:hr>206</gpxtpx:hr>
            <gpxtpx:cad>31</gpxtpx:cad>
          </gpxtpx:TrackPointExtension>
        </extensions>
      </trkpt>
      <trkpt lat="32.689760" lon="-16.900033">
        <ele>1032.7</ele>
        <time>2024-03-16T11:37:09.437Z</time>
        <extensions>
          <gpxtpx:TrackPointExtension>
            <gpxtpx:hr>222</gpxtpx:hr>
            <gpxtpx:cad>31</gpxtpx:cad>
          </gpxtpx:TrackPointExtension>
        </extensions>
      </trkpt>
      <trkpt lat="32.689879" lon="-16.899915">
        <ele>1034.4</ele>
        <time>2024-03-16T11:37:24.798Z</time>
        <extensions>
          <gpxtpx:TrackPointExtension>
            <gpxtpx:hr>238</gpxtpx:hr>
            <gpxtpx:cad>31</gpxtpx:cad>
          </gpxtpx:TrackPointExtension>
        </extensions>
      </trkpt>
      <trkpt lat="32.690040" lon="-16.899813">
        <ele>1036.2</ele>
        <time>2024-03-16T11:37:42.854Z</time>
        <extensions>
          <gpxtpx:TrackPointExtension>
            <gpxtpx:hr>254</gpxtpx:hr>
            <gpxtpx:cad>31</gpxtpx:cad>
          </gpxtpx:TrackPointExtension>
        </extensions>
      </trkpt>
      <trkpt lat="32.690986" lon="-16.899829">
        <ele>1040.4</ele>
        <time>2024-03-16T11:39:16.218Z</time>
        <extensions>
          <gpxtpx:TrackPointExtension>
            <gpxtpx:hr>30</gpxtpx:hr>
            <gpxtpx:cad>32</gpxtpx:cad>
          </gpxtpx:TrackPointExtension>
        </extensions>
      </trkpt>
      <trkpt lat="32.691386" lon="-16.899931">
        <ele>1039.4</ele>
        <time>2024-03-16T11:39:56.582Z</time>
        <extensions>
          <gpxtpx:TrackPointExtension>
            <gpxtpx:hr>46</gpxtpx:hr>
            <gpxtpx:cad>32</gpxtpx:cad>
          </gpxtpx:TrackPointExtension>
        </extensions>
      </trkpt>
      <trkpt lat="32.691715" lon="-16.899868">
        <ele>1031.5</ele>
        <time>2024-03-16T11:40:30.172Z</time>
        <extensions>
          <gpxtpx:TrackPointExtension>
            <gpxtpx:hr>62</gpxtpx:hr>
            <gpxtpx:cad>32</gpxtpx:cad>
          </gpxtpx:TrackPointExtension>
        </extensions>
      </trkpt>
      <trkpt lat="32.691863" lon="-16.900025">
        <ele>1034.7</ele>
        <time>2024-03-16T11:40:49.944Z</time>
        <extensions>
          <gpxtpx:TrackPointExtension>
            <gpxtpx:hr>78</gpxtpx:hr>
            <gpxtpx:cad>32</gpxtpx:cad>
          </gpxtpx:TrackPointExtension>
        </extensions>
      </trkpt>
      <trkpt lat="32.692073" lon="-16.900510">
        <ele>1045.1</ele>
        <time>2024-03-16T11:41:36.138Z</time>
        <extensions>
          <gpxtpx:TrackPointExtension>
            <gpxtpx:hr>94</gpxtpx:hr>
            <gpxtpx:cad>32</gpxtpx:cad>
          </gpxtpx:TrackPointExtension>
        </extensions>
      </trkpt>
      <trkpt lat="32.692683" lon="-16.901323">
        <ele>1059.8</ele>
        <time>2024-03-16T11:43:07.453Z</time>
        <extensions>
          <gpxtpx:TrackPointExtension>
            <gpxtpx:hr>110</gpxtpx:hr>
            <gpxtpx:cad>32</gpxtpx:cad>
          </gpxtpx:TrackPointExtension>
        </extensions>
      </trkpt>
      <trkpt lat="32.693040" lon="-16.901988">
        <ele>1075.6</ele>
        <time>2024-03-16T11:44:14.399Z</time>
        <extensions>
          <gpxtpx:TrackPointExtension>
            <gpxtpx:hr>126</gpxtpx:hr>
            <gpxtpx:cad>32</gpxtpx:cad>
          </gpxtpx:TrackPointExtension>
        </extensions>
      </trkpt>
      <trkpt lat="32.693419" lon="-16.902473">
        <ele>1082.1</ele>
        <time>2024-03-16T11:45:09.623Z</time>
        <extensions>
          <gpxtpx:TrackPointExtension>
            <gpxtpx:hr>142</gpxtpx:hr>
            <gpxtpx:cad>32</gpxtpx:cad>
          </gpxtpx:TrackPointExtension>
        </extensions>
      </trkpt>
      <trkpt lat="32.693584" lon="-16.903016">
        <ele>1099.2</ele>
        <time>2024-03-16T11:45:59.868Z</time>
        <extensions>
          <gpxtpx:TrackPointExtension>
            <gpxtpx:hr>158</gpxtpx:hr>
            <gpxtpx:cad>32</gpxtpx:cad>
          </gpxtpx:TrackPointExtension>
        </extensions>
      </trkpt>
      <trkpt lat="32.693421" lon="-16.902930">
        <ele>1098.5</ele>
        <time>2024-03-16T11:46:17.461Z</time>
        <extensions>
          <gpxtpx:TrackPointExtension>
            <gpxtpx:hr>174</gpxtpx:hr>
            <gpxtpx:cad>32</gpxtpx:cad>
          </gpxtpx:TrackPointExtension>
        </extensions>
      </trkpt>
      <trkpt lat="32.693482" lon="-16.903128">
        <ele>1105.1</ele>
        <time>2024-03-16T11:46:35.909Z</time>
        <extensions>
          <gpxtpx:TrackPointExtension>
            <gpxtpx:hr>190</gpxtpx:hr>
            <gpxtpx:cad>32</gpxtpx:cad>
          </gpxtpx:TrackPointExtension>
        </extensions>
      </trkpt>
      <trkpt lat="32.693092" lon="-16.902876">
        <ele>1103.3</ele>
        <time>2024-03-16T11:47:19.718Z</time>
        <extensions>
          <gpxtpx:TrackPointExtension>
            <gpxtpx:hr>206</gpxtpx:hr>
            <gpxtpx:cad>32</gpxtpx:cad>
          </gpxtpx:TrackPointExtension>
        </extensions>
      </trkpt>
      <trkpt lat="32.692971" lon="-16.902746">
        <ele>1102.7</ele>
        <time>2024-03-16T11:47:35.819Z</time>
        <extensions>
          <gpxtpx:TrackPointExtension>
            <gpxtpx:hr>222</gpxtpx:hr>
            <gpxtpx:cad>32</gpxtpx:cad>
          </gpxtpx:TrackPointExtension>
        </extensions>
      </trkpt>
      <trkpt lat="32.692899" lon="-16.902845">
        <ele>1106.9</ele>
        <time>2024-03-16T11:47:47.298Z</time>
        <extensions>
          <gpxtpx:TrackPointExtension>
            <gpxtpx:hr>238</gpxtpx:hr>
            <gpxtpx:cad>32</gpxtpx:cad>
          </gpxtpx:TrackPointExtension>
        </extensions>
      </trkpt>
      <trkpt lat="32.693402" lon="-16.903605">
        <ele>1115.1</ele>
        <time>2024-03-16T11:49:07.848Z</time>
        <extensions>
          <gpxtpx:TrackPointExtension>
            <gpxtpx:hr>254</gpxtpx:hr>
            <gpxtpx:cad>32</gpxtpx:cad>
          </gpxtpx:TrackPointExtension>
        </extensions>
      </trkpt>
      <trkpt lat="32.694246" lon="-16.903920">
        <ele>1114.5</ele>
        <time>2024-03-16T11:50:35.094Z</time>
        <extensions>
          <gpxtpx:TrackPointExtension>
            <gpxtpx:hr>270</gpxtpx:hr>
            <gpxtpx:cad>32</gpxtpx:cad>
          </gpxtpx:TrackPointExtension>
        </extensions>
      </trkpt>
      <trkpt lat="32.694527" lon="-16.904055">
        <ele>1115.6</ele>
        <time>2024-03-16T11:51:04.992Z</time>
        <extensions>
          <gpxtpx:TrackPointExtension>
            <gpxtpx:hr>30</gpxtpx:hr>
            <gpxtpx:cad>33</gpxtpx:cad>
          </gpxtpx:TrackPointExtension>
        </extensions>
      </trkpt>
      <trkpt lat="32.694803" lon="-16.904135">
        <ele>1116.2</ele>
        <time>2024-03-16T11:51:33.019Z</time>
        <extensions>
          <gpxtpx:TrackPointExtension>
            <gpxtpx:hr>46</gpxtpx:hr>
            <gpxtpx:cad>33</gpxtpx:cad>
          </gpxtpx:TrackPointExtension>
        </extensions>
      </trkpt>
      <trkpt lat="32.694966" lon="-16.904194">
        <ele>1115.8</ele>
        <time>2024-03-16T11:51:49.819Z</time>
        <extensions>
          <gpxtpx:TrackPointExtension>
            <gpxtpx:hr>62</gpxtpx:hr>
            <gpxtpx:cad>33</gpxtpx:cad>
          </gpxtpx:TrackPointExtension>
        </extensions>
      </trkpt>
      <trkpt lat="32.695102" lon="-16.904230">
        <ele>1115.2</ele>
        <time>2024-03-16T11:52:03.562Z</time>
        <extensions>
          <gpxtpx:TrackPointExtension>
            <gpxtpx:hr>78</gpxtpx:hr>
            <gpxtpx:cad>33</gpxtpx:cad>
          </gpxtpx:TrackPointExtension>
        </extensions>
      </trkpt>
      <trkpt lat="32.695213" lon="-16.904251">
        <ele>1115.0</ele>
        <time>2024-03-16T11:52:14.645Z</time>
        <extensions>
          <gpxtpx:TrackPointExtension>
            <gpxtpx:hr>94</gpxtpx:hr>
            <gpxtpx:cad>33</gpxtpx:cad>
          </gpxtpx:TrackPointExtension>
        </extensions>
      </trkpt>
      <trkpt lat="32.695824" lon="-16.904437">
        <ele>1115.0</ele>
        <time>2024-03-16T11:53:16.843Z</time>
        <extensions>
          <gpxtpx:TrackPointExtension>
            <gpxtpx:hr>110</gpxtpx:hr>
            <gpxtpx:cad>33</gpxtpx:cad>
          </gpxtpx:TrackPointExtension>
        </extensions>
      </trkpt>
      <trkpt lat="32.697909" lon="-16.904437">
        <ele>1147.1</ele>
        <time>2024-03-16T11:56:44.407Z</time>
        <extensions>
          <gpxtpx:TrackPointExtension>
            <gpxtpx:hr>126</gpxtpx:hr>
            <gpxtpx:cad>33</gpxtpx:cad>
          </gpxtpx:TrackPointExtension>
        </extensions>
      </trkpt>
      <trkpt lat="32.698285" lon="-16.904679">
        <ele>1157.4</ele>
        <time>2024-03-16T11:57:27.547Z</time>
        <extensions>
          <gpxtpx:TrackPointExtension>
            <gpxtpx:hr>142</gpxtpx:hr>
            <gpxtpx:cad>33</gpxtpx:cad>
          </gpxtpx:TrackPointExtension>
        </extensions>
      </trkpt>
      <trkpt lat="32.698724" lon="-16.904773">
        <ele>1158.7</ele>
        <time>2024-03-16T11:58:11.536Z</time>
        <extensions>
          <gpxtpx:TrackPointExtension>
            <gpxtpx:hr>158</gpxtpx:hr>
            <gpxtpx:cad>33</gpxtpx:cad>
          </gpxtpx:TrackPointExtension>
        </extensions>
      </trkpt>
      <trkpt lat="32.699538" lon="-16.904773">
        <ele>1158.1</ele>
        <time>2024-03-16T11:59:31.808Z</time>
        <extensions>
          <gpxtpx:TrackPointExtension>
            <gpxtpx:hr>174</gpxtpx:hr>
            <gpxtpx:cad>33</gpxtpx:cad>
          </gpxtpx:TrackPointExtension>
        </extensions>
      </trkpt>
      <trkpt lat="32.699962" lon="-16.905257">
        <ele>1168.5</ele>
        <time>2024-03-16T12:00:30.506Z</time>
        <extensions>
          <gpxtpx:TrackPointExtension>
            <gpxtpx:hr>190</gpxtpx:hr>
            <gpxtpx:cad>33</gpxtpx:cad>
          </gpxtpx:TrackPointExtension>
        </extensions>
      </trkpt>
      <trkpt lat="32.700071" lon="-16.905592">
        <ele>1178.5</ele>
        <time>2024-03-16T12:01:01.600Z</time>
        <extensions>
          <gpxtpx:TrackPointExtension>
            <gpxtpx:hr>206</gpxtpx:hr>
            <gpxtpx:cad>33</gpxtpx:cad>
          </gpxtpx:TrackPointExtension>
        </extensions>
      </trkpt>
      <trkpt lat="32.700103" lon="-16.905834">
        <ele>1184.9</ele>
        <time>2024-03-16T12:01:22.707Z</time>
        <extensions>
          <gpxtpx:TrackPointExtension>
            <gpxtpx:hr>222</gpxtpx:hr>
            <gpxtpx:cad>33</gpxtpx:cad>
          </gpxtpx:TrackPointExtension>
        </extensions>
      </trkpt>
      <trkpt lat="32.699982" lon="-16.905886">
        <ele>1181.2</ele>
        <time>2024-03-16T12:01:35.798Z</time>
        <extensions>
          <gpxtpx:TrackPointExtension>
            <gpxtpx:hr>254</gpxtpx:hr>
            <gpxtpx:cad>33</gpxtpx:cad>
          </gpxtpx:TrackPointExtension>
        </extensions>
      </trkpt>
      <trkpt lat="32.700343" lon="-16.906111">
        <ele>1196.5</ele>
        <time>2024-03-16T12:02:18.214Z</time>
        <extensions>
          <gpxtpx:TrackPointExtension>
            <gpxtpx:hr>270</gpxtpx:hr>
            <gpxtpx:cad>33</gpxtpx:cad>
          </gpxtpx:TrackPointExtension>
        </extensions>
      </trkpt>
      <trkpt lat="32.700364" lon="-16.906118">
        <ele>1197.3</ele>
        <time>2024-03-16T12:02:20.475Z</time>
        <extensions>
          <gpxtpx:TrackPointExtension>
            <gpxtpx:hr>30</gpxtpx:hr>
            <gpxtpx:cad>34</gpxtpx:cad>
          </gpxtpx:TrackPointExtension>
        </extensions>
      </trkpt>
      <trkpt lat="32.700392" lon="-16.906111">
        <ele>1198.4</ele>
        <time>2024-03-16T12:02:23.458Z</time>
        <extensions>
          <gpxtpx:TrackPointExtension>
            <gpxtpx:hr>46</gpxtpx:hr>
            <gpxtpx:cad>34</gpxtpx:cad>
          </gpxtpx:TrackPointExtension>
        </extensions>
      </trkpt>
      <trkpt lat="32.700399" lon="-16.906142">
        <ele>1198.9</ele>
        <time>2024-03-16T12:02:26.159Z</time>
        <extensions>
          <gpxtpx:TrackPointExtension>
            <gpxtpx:hr>62</gpxtpx:hr>
            <gpxtpx:cad>34</gpxtpx:cad>
          </gpxtpx:TrackPointExtension>
        </extensions>
      </trkpt>
      <trkpt lat="32.700420" lon="-16.906158">
        <ele>1199.7</ele>
        <time>2024-03-16T12:02:28.721Z</time>
        <extensions>
          <gpxtpx:TrackPointExtension>
            <gpxtpx:hr>78</gpxtpx:hr>
            <gpxtpx:cad>34</gpxtpx:cad>
          </gpxtpx:TrackPointExtension>
        </extensions>
      </trkpt>
      <trkpt lat="32.700434" lon="-16.906181">
        <ele>1200.6</ele>
        <time>2024-03-16T12:02:31.208Z</time>
        <extensions>
          <gpxtpx:TrackPointExtension>
            <gpxtpx:hr>94</gpxtpx:hr>
            <gpxtpx:cad>34</gpxtpx:cad>
          </gpxtpx:TrackPointExtension>
        </extensions>
      </trkpt>
      <trkpt lat="32.700483" lon="-16.906205">
        <ele>1202.7</ele>
        <time>2024-03-16T12:02:36.750Z</time>
        <extensions>
          <gpxtpx:TrackPointExtension>
            <gpxtpx:hr>110</gpxtpx:hr>
            <gpxtpx:cad>34</gpxtpx:cad>
          </gpxtpx:TrackPointExtension>
        </extensions>
      </trkpt>
      <trkpt lat="32.700504" lon="-16.906197">
        <ele>1203.4</ele>
        <time>2024-03-16T12:02:39.020Z</time>
        <extensions>
          <gpxtpx:TrackPointExtension>
            <gpxtpx:hr>126</gpxtpx:hr>
            <gpxtpx:cad>34</gpxtpx:cad>
          </gpxtpx:TrackPointExtension>
        </extensions>
      </trkpt>
      <trkpt lat="32.700609" lon="-16.906291">
        <ele>1208.4</ele>
        <time>2024-03-16T12:02:52.721Z</time>
        <extensions>
          <gpxtpx:TrackPointExtension>
            <gpxtpx:hr>142</gpxtpx:hr>
            <gpxtpx:cad>34</gpxtpx:cad>
          </gpxtpx:TrackPointExtension>
        </extensions>
      </trkpt>
      <trkpt lat="32.700672" lon="-16.906400">
        <ele>1212.0</ele>
        <time>2024-03-16T12:03:04.144Z</time>
        <extensions>
          <gpxtpx:TrackPointExtension>
            <gpxtpx:hr>158</gpxtpx:hr>
            <gpxtpx:cad>34</gpxtpx:cad>
          </gpxtpx:TrackPointExtension>
        </extensions>
      </trkpt>
      <trkpt lat="32.700893" lon="-16.906434">
        <ele>1221.2</ele>
        <time>2024-03-16T12:03:27.597Z</time>
      </trkpt>
      <trkpt lat="32.701031" lon="-16.906372">
        <ele>1226.6</ele>
        <time>2024-03-16T12:03:42.844Z</time>
        <extensions>
          <gpxtpx:TrackPointExtension>
            <gpxtpx:hr>174</gpxtpx:hr>
            <gpxtpx:cad>34</gpxtpx:cad>
          </gpxtpx:TrackPointExtension>
        </extensions>
      </trkpt>
      <trkpt lat="32.701076" lon="-16.906332">
        <ele>1228.1</ele>
        <time>2024-03-16T12:03:48.583Z</time>
      </trkpt>
      <trkpt lat="32.701082" lon="-16.906451">
        <ele>1179.2</ele>
        <time>2024-03-16T12:04:33.103Z</time>
      </trkpt>
      <trkpt lat="32.701033" lon="-16.906535">
        <ele>1181.0</ele>
        <time>2024-03-16T12:04:41.719Z</time>
      </trkpt>
      <trkpt lat="32.701014" lon="-16.906663">
        <ele>1182.9</ele>
        <time>2024-03-16T12:04:52.645Z</time>
      </trkpt>
      <trkpt lat="32.700990" lon="-16.906694">
        <ele>1184.7</ele>
        <time>2024-03-16T12:04:56.483Z</time>
      </trkpt>
      <trkpt lat="32.700983" lon="-16.906835">
        <ele>1186.6</ele>
        <time>2024-03-16T12:05:08.303Z</time>
      </trkpt>
      <trkpt lat="32.701021" lon="-16.907001">
        <ele>1188.6</ele>
        <time>2024-03-16T12:05:22.684Z</time>
      </trkpt>
      <trkpt lat="32.701066" lon="-16.907097">
        <ele>1190.6</ele>
        <time>2024-03-16T12:05:31.982Z</time>
      </trkpt>
      <trkpt lat="32.701105" lon="-16.907149">
        <ele>1192.6</ele>
        <time>2024-03-16T12:05:37.990Z</time>
      </trkpt>
      <trkpt lat="32.701308" lon="-16.907313">
        <ele>1194.8</ele>
        <time>2024-03-16T12:06:02.285Z</time>
      </trkpt>
      <trkpt lat="32.701465" lon="-16.907329">
        <ele>1196.9</ele>
        <time>2024-03-16T12:06:17.929Z</time>
      </trkpt>
      <trkpt lat="32.701438" lon="-16.907356">
        <ele>1198.9</ele>
        <time>2024-03-16T12:06:21.826Z</time>
      </trkpt>
      <trkpt lat="32.701437" lon="-16.907335">
        <ele>1201.0</ele>
        <time>2024-03-16T12:06:24.408Z</time>
      </trkpt>
      <trkpt lat="32.701518" lon="-16.907349">
        <ele>1203.2</ele>
        <time>2024-03-16T12:06:32.707Z</time>
      </trkpt>
      <trkpt lat="32.701739" lon="-16.907413">
        <ele>1205.6</ele>
        <time>2024-03-16T12:06:55.215Z</time>
      </trkpt>
      <trkpt lat="32.701947" lon="-16.907377">
        <ele>1208.1</ele>
        <time>2024-03-16T12:07:16.027Z</time>
      </trkpt>
      <trkpt lat="32.701991" lon="-16.907417">
        <ele>1210.3</ele>
        <time>2024-03-16T12:07:21.784Z</time>
      </trkpt>
      <trkpt lat="32.702121" lon="-16.907433">
        <ele>1212.7</ele>
        <time>2024-03-16T12:07:34.861Z</time>
      </trkpt>
      <trkpt lat="32.702144" lon="-16.907465">
        <ele>1214.8</ele>
        <time>2024-03-16T12:07:38.826Z</time>
      </trkpt>
      <trkpt lat="32.702222" lon="-16.907513">
        <ele>1217.0</ele>
        <time>2024-03-16T12:07:47.734Z</time>
      </trkpt>
      <trkpt lat="32.702284" lon="-16.907514">
        <ele>1219.2</ele>
        <time>2024-03-16T12:07:54.076Z</time>
      </trkpt>
      <trkpt lat="32.702310" lon="-16.907530">
        <ele>1221.3</ele>
        <time>2024-03-16T12:07:57.573Z</time>
      </trkpt>
      <trkpt lat="32.702356" lon="-16.907644">
        <ele>1223.3</ele>
        <time>2024-03-16T12:08:08.189Z</time>
      </trkpt>
      <trkpt lat="32.702406" lon="-16.907685">
        <ele>1225.5</ele>
        <time>2024-03-16T12:08:14.446Z</time>
      </trkpt>
      <trkpt lat="32.702413" lon="-16.907760">
        <ele>1227.4</ele>
        <time>2024-03-16T12:08:20.923Z</time>
      </trkpt>
      <trkpt lat="32.702472" lon="-16.907748">
        <ele>1229.7</ele>
        <time>2024-03-16T12:08:27.135Z</time>
      </trkpt>
      <trkpt lat="32.702493" lon="-16.907782">
        <ele>1231.8</ele>
        <time>2024-03-16T12:08:31.107Z</time>
      </trkpt>
      <trkpt lat="32.702553" lon="-16.907778">
        <ele>1234.2</ele>
        <time>2024-03-16T12:08:37.409Z</time>
      </trkpt>
      <trkpt lat="32.702682" lon="-16.907813">
        <ele>1236.4</ele>
        <time>2024-03-16T12:08:50.603Z</time>
      </trkpt>
      <trkpt lat="32.702713" lon="-16.907832">
        <ele>1238.6</ele>
        <time>2024-03-16T12:08:54.566Z</time>
      </trkpt>
      <trkpt lat="32.702774" lon="-16.907919">
        <ele>1240.8</ele>
        <time>2024-03-16T12:09:04.177Z</time>
      </trkpt>
      <trkpt lat="32.702839" lon="-16.907919">
        <ele>1243.2</ele>
        <time>2024-03-16T12:09:10.852Z</time>
      </trkpt>
      <trkpt lat="32.702872" lon="-16.907944">
        <ele>1245.5</ele>
        <time>2024-03-16T12:09:15.244Z</time>
      </trkpt>
      <trkpt lat="32.702949" lon="-16.907901">
        <ele>1248.0</ele>
        <time>2024-03-16T12:09:23.937Z</time>
      </trkpt>
      <trkpt lat="32.703038" lon="-16.907930">
        <ele>1250.4</ele>
        <time>2024-03-16T12:09:33.298Z</time>
      </trkpt>
      <trkpt lat="32.703142" lon="-16.907914">
        <ele>1253.0</ele>
        <time>2024-03-16T12:09:43.909Z</time>
      </trkpt>
      <trkpt lat="32.703236" lon="-16.907935">
        <ele>1255.6</ele>
        <time>2024-03-16T12:09:53.671Z</time>
      </trkpt>
      <trkpt lat="32.703345" lon="-16.908078">
        <ele>1258.0</ele>
        <time>2024-03-16T12:10:09.769Z</time>
      </trkpt>
      <trkpt lat="32.703541" lon="-16.908174">
        <ele>1260.8</ele>
        <time>2024-03-16T12:10:30.784Z</time>
      </trkpt>
      <trkpt lat="32.703641" lon="-16.908259">
        <ele>1263.3</ele>
        <time>2024-03-16T12:10:43.192Z</time>
      </trkpt>
      <trkpt lat="32.703860" lon="-16.908364">
        <ele>1266.1</ele>
        <time>2024-03-16T12:11:06.592Z</time>
      </trkpt>
      <trkpt lat="32.703930" lon="-16.908476">
        <ele>1268.6</ele>
        <time>2024-03-16T12:11:18.385Z</time>
      </trkpt>
      <trkpt lat="32.704013" lon="-16.908570">
        <ele>1271.0</ele>
        <time>2024-03-16T12:11:29.857Z</time>
      </trkpt>
      <trkpt lat="32.704091" lon="-16.908575">
        <ele>1273.4</ele>
        <time>2024-03-16T12:11:37.888Z</time>
      </trkpt>
      <trkpt lat="32.704122" lon="-16.908595">
        <ele>1275.7</ele>
        <time>2024-03-16T12:11:41.922Z</time>
      </trkpt>
      <trkpt lat="32.704195" lon="-16.908554">
        <ele>1278.1</ele>
        <time>2024-03-16T12:11:50.166Z</time>
      </trkpt>
      <trkpt lat="32.704276" lon="-16.908588">
        <ele>1280.4</ele>
        <time>2024-03-16T12:11:58.837Z</time>
      </trkpt>
      <trkpt lat="32.704416" lon="-16.908586">
        <ele>1282.7</ele>
        <time>2024-03-16T12:12:12.829Z</time>
      </trkpt>
      <trkpt lat="32.704439" lon="-16.908602">
        <ele>1284.6</ele>
        <time>2024-03-16T12:12:15.958Z</time>
      </trkpt>
      <trkpt lat="32.704531" lon="-16.908565">
        <ele>1286.7</ele>
        <time>2024-03-16T12:12:25.684Z</time>
      </trkpt>
      <trkpt lat="32.704528" lon="-16.908504">
        <ele>1288.4</ele>
        <time>2024-03-16T12:12:31.041Z</time>
      </trkpt>
      <trkpt lat="32.704497" lon="-16.908445">
        <ele>1290.1</ele>
        <time>2024-03-16T12:12:36.985Z</time>
      </trkpt>
      <trkpt lat="32.704751" lon="-16.908526">
        <ele>1291.6</ele>
        <time>2024-03-16T12:13:02.976Z</time>
      </trkpt>
      <trkpt lat="32.704793" lon="-16.908573">
        <ele>1292.8</ele>
        <time>2024-03-16T12:13:08.805Z</time>
      </trkpt>
      <trkpt lat="32.704828" lon="-16.908669">
        <ele>1293.9</ele>
        <time>2024-03-16T12:13:17.538Z</time>
      </trkpt>
      <trkpt lat="32.704846" lon="-16.908814">
        <ele>1294.8</ele>
        <time>2024-03-16T12:13:29.697Z</time>
      </trkpt>
      <trkpt lat="32.704902" lon="-16.908941">
        <ele>1295.7</ele>
        <time>2024-03-16T12:13:41.623Z</time>
      </trkpt>
      <trkpt lat="32.704928" lon="-16.909081">
        <ele>1296.4</ele>
        <time>2024-03-16T12:13:53.534Z</time>
      </trkpt>
      <trkpt lat="32.704909" lon="-16.909258">
        <ele>1296.8</ele>
        <time>2024-03-16T12:14:08.371Z</time>
      </trkpt>
      <trkpt lat="32.704773" lon="-16.909396">
        <ele>1296.8</ele>
        <time>2024-03-16T12:14:26.034Z</time>
      </trkpt>
      <trkpt lat="32.704751" lon="-16.909456">
        <ele>1297.1</ele>
        <time>2024-03-16T12:14:31.475Z</time>
      </trkpt>
      <trkpt lat="32.704777" lon="-16.909756">
        <ele>1297.5</ele>
        <time>2024-03-16T12:14:56.463Z</time>
      </trkpt>
      <trkpt lat="32.704765" lon="-16.909834">
        <ele>1297.6</ele>
        <time>2024-03-16T12:15:03.045Z</time>
      </trkpt>
      <trkpt lat="32.704802" lon="-16.909961">
        <ele>1297.8</ele>
        <time>2024-03-16T12:15:14.149Z</time>
      </trkpt>
      <trkpt lat="32.704824" lon="-16.909941">
        <ele>1297.6</ele>
        <time>2024-03-16T12:15:16.920Z</time>
      </trkpt>
      <trkpt lat="32.704841" lon="-16.909962">
        <ele>1297.4</ele>
        <time>2024-03-16T12:15:19.291Z</time>
      </trkpt>
      <trkpt lat="32.704800" lon="-16.909985">
        <ele>1296.9</ele>
        <time>2024-03-16T12:15:23.763Z</time>
      </trkpt>
      <trkpt lat="32.704793" lon="-16.910136">
        <ele>1296.5</ele>
        <time>2024-03-16T12:15:36.333Z</time>
      </trkpt>
      <trkpt lat="32.704824" lon="-16.910117">
        <ele>1296.0</ele>
        <time>2024-03-16T12:15:39.881Z</time>
      </trkpt>
      <trkpt lat="32.704808" lon="-16.910119">
        <ele>1295.2</ele>
        <time>2024-03-16T12:15:41.701Z</time>
      </trkpt>
      <trkpt lat="32.704784" lon="-16.910190">
        <ele>1294.3</ele>
        <time>2024-03-16T12:15:48.041Z</time>
      </trkpt>
      <trkpt lat="32.704761" lon="-16.910371">
        <ele>1293.4</ele>
        <time>2024-03-16T12:16:03.305Z</time>
      </trkpt>
      <trkpt lat="32.704669" lon="-16.910602">
        <ele>1292.3</ele>
        <time>2024-03-16T12:16:24.486Z</time>
      </trkpt>
      <trkpt lat="32.704566" lon="-16.910700">
        <ele>1291.0</ele>
        <time>2024-03-16T12:16:37.604Z</time>
      </trkpt>
      <trkpt lat="32.704500" lon="-16.910791">
        <ele>1289.8</ele>
        <time>2024-03-16T12:16:47.562Z</time>
      </trkpt>
      <trkpt lat="32.704451" lon="-16.910817">
        <ele>1288.5</ele>
        <time>2024-03-16T12:16:52.993Z</time>
      </trkpt>
      <trkpt lat="32.704190" lon="-16.910862">
        <ele>1287.0</ele>
        <time>2024-03-16T12:17:19.065Z</time>
      </trkpt>
      <trkpt lat="32.703707" lon="-16.911009">
        <ele>1285.5</ele>
        <time>2024-03-16T12:18:08.203Z</time>
      </trkpt>
      <trkpt lat="32.703624" lon="-16.911134">
        <ele>1284.0</ele>
        <time>2024-03-16T12:18:21.523Z</time>
      </trkpt>
      <trkpt lat="32.703588" lon="-16.911286">
        <ele>1282.5</ele>
        <time>2024-03-16T12:18:34.694Z</time>
      </trkpt>
      <trkpt lat="32.703584" lon="-16.911439">
        <ele>1280.9</ele>
        <time>2024-03-16T12:18:47.409Z</time>
      </trkpt>
      <trkpt lat="32.703626" lon="-16.911602">
        <ele>1279.4</ele>
        <time>2024-03-16T12:19:01.664Z</time>
      </trkpt>
      <trkpt lat="32.703745" lon="-16.911784">
        <ele>1278.0</ele>
        <time>2024-03-16T12:19:20.822Z</time>
      </trkpt>
      <trkpt lat="32.703787" lon="-16.911930">
        <ele>1276.7</ele>
        <time>2024-03-16T12:19:33.700Z</time>
      </trkpt>
      <trkpt lat="32.703755" lon="-16.911966">
        <ele>1275.3</ele>
        <time>2024-03-16T12:19:38.207Z</time>
      </trkpt>
      <trkpt lat="32.703521" lon="-16.912046">
        <ele>1273.8</ele>
        <time>2024-03-16T12:20:02.299Z</time>
      </trkpt>
      <trkpt lat="32.703402" lon="-16.912133">
        <ele>1272.4</ele>
        <time>2024-03-16T12:20:16.082Z</time>
      </trkpt>
      <trkpt lat="32.703366" lon="-16.912140">
        <ele>1271.0</ele>
        <time>2024-03-16T12:20:19.885Z</time>
      </trkpt>
      <trkpt lat="32.703368" lon="-16.912019">
        <ele>1269.5</ele>
        <time>2024-03-16T12:20:30.044Z</time>
      </trkpt>
      <trkpt lat="32.703339" lon="-16.911982">
        <ele>1268.1</ele>
        <time>2024-03-16T12:20:34.401Z</time>
      </trkpt>
      <trkpt lat="32.703315" lon="-16.911984">
        <ele>1266.7</ele>
        <time>2024-03-16T12:20:37.054Z</time>
      </trkpt>
      <trkpt lat="32.703220" lon="-16.912120">
        <ele>1265.4</ele>
        <time>2024-03-16T12:20:51.840Z</time>
      </trkpt>
      <trkpt lat="32.703093" lon="-16.912192">
        <ele>1264.0</ele>
        <time>2024-03-16T12:21:05.697Z</time>
      </trkpt>
      <trkpt lat="32.702944" lon="-16.912371">
        <ele>1262.6</ele>
        <time>2024-03-16T12:21:26.669Z</time>
      </trkpt>
      <trkpt lat="32.702873" lon="-16.912634">
        <ele>1261.4</ele>
        <time>2024-03-16T12:21:49.597Z</time>
      </trkpt>
      <trkpt lat="32.702797" lon="-16.912796">
        <ele>1260.1</ele>
        <time>2024-03-16T12:22:04.977Z</time>
      </trkpt>
      <trkpt lat="32.702783" lon="-16.912915">
        <ele>1258.7</ele>
        <time>2024-03-16T12:22:15.093Z</time>
      </trkpt>
      <trkpt lat="32.702838" lon="-16.913070">
        <ele>1257.3</ele>
        <time>2024-03-16T12:22:29.134Z</time>
      </trkpt>
      <trkpt lat="32.702823" lon="-16.913127">
        <ele>1255.9</ele>
        <time>2024-03-16T12:22:34.192Z</time>
      </trkpt>
      <trkpt lat="32.702778" lon="-16.913187">
        <ele>1254.5</ele>
        <time>2024-03-16T12:22:41.018Z</time>
      </trkpt>
      <trkpt lat="32.702760" lon="-16.913342">
        <ele>1252.9</ele>
        <time>2024-03-16T12:22:54.060Z</time>
      </trkpt>
      <trkpt lat="32.702776" lon="-16.913499">
        <ele>1251.4</ele>
        <time>2024-03-16T12:23:07.203Z</time>
      </trkpt>
      <trkpt lat="32.702709" lon="-16.913684">
        <ele>1250.0</ele>
        <time>2024-03-16T12:23:24.000Z</time>
      </trkpt>
      <trkpt lat="32.702711" lon="-16.913806">
        <ele>1248.8</ele>
        <time>2024-03-16T12:23:34.222Z</time>
      </trkpt>
      <trkpt lat="32.702679" lon="-16.913925">
        <ele>1247.7</ele>
        <time>2024-03-16T12:23:44.645Z</time>
      </trkpt>
      <trkpt lat="32.702629" lon="-16.914021">
        <ele>1246.5</ele>
        <time>2024-03-16T12:23:54.020Z</time>
      </trkpt>
      <trkpt lat="32.702631" lon="-16.914198">
        <ele>1245.4</ele>
        <time>2024-03-16T12:24:08.729Z</time>
      </trkpt>
      <trkpt lat="32.702584" lon="-16.914401">
        <ele>1244.2</ele>
        <time>2024-03-16T12:24:26.215Z</time>
      </trkpt>
      <trkpt lat="32.702625" lon="-16.914478">
        <ele>1243.4</ele>
        <time>2024-03-16T12:24:33.812Z</time>
      </trkpt>
      <trkpt lat="32.702669" lon="-16.914512">
        <ele>1242.6</ele>
        <time>2024-03-16T12:24:39.034Z</time>
      </trkpt>
      <trkpt lat="32.702699" lon="-16.914494">
        <ele>1241.7</ele>
        <time>2024-03-16T12:24:42.458Z</time>
      </trkpt>
      <trkpt lat="32.702790" lon="-16.914567">
        <ele>1241.1</ele>
        <time>2024-03-16T12:24:53.263Z</time>
      </trkpt>
      <trkpt lat="32.702834" lon="-16.914644">
        <ele>1240.3</ele>
        <time>2024-03-16T12:25:01.016Z</time>
      </trkpt>
      <trkpt lat="32.702840" lon="-16.914705">
        <ele>1239.4</ele>
        <time>2024-03-16T12:25:06.196Z</time>
      </trkpt>
      <trkpt lat="32.702813" lon="-16.914733">
        <ele>1238.4</ele>
        <time>2024-03-16T12:25:09.826Z</time>
      </trkpt>
      <trkpt lat="32.702700" lon="-16.914760">
        <ele>1237.2</ele>
        <time>2024-03-16T12:25:21.277Z</time>
      </trkpt>
      <trkpt lat="32.702609" lon="-16.914739">
        <ele>1235.9</ele>
        <time>2024-03-16T12:25:30.450Z</time>
      </trkpt>
      <trkpt lat="32.702522" lon="-16.914759">
        <ele>1234.8</ele>
        <time>2024-03-16T12:25:39.229Z</time>
      </trkpt>
      <trkpt lat="32.702452" lon="-16.914818">
        <ele>1233.7</ele>
        <time>2024-03-16T12:25:47.720Z</time>
      </trkpt>
      <trkpt lat="32.702455" lon="-16.914833">
        <ele>1232.8</ele>
        <time>2024-03-16T12:25:49.291Z</time>
      </trkpt>
      <trkpt lat="32.702485" lon="-16.914827">
        <ele>1231.8</ele>
        <time>2024-03-16T12:25:52.458Z</time>
      </trkpt>
      <trkpt lat="32.702497" lon="-16.914856">
        <ele>1230.9</ele>
        <time>2024-03-16T12:25:55.236Z</time>
      </trkpt>
      <trkpt lat="32.702483" lon="-16.914858">
        <ele>1229.9</ele>
        <time>2024-03-16T12:25:56.866Z</time>
      </trkpt>
      <trkpt lat="32.702513" lon="-16.914827">
        <ele>1228.9</ele>
        <time>2024-03-16T12:26:00.875Z</time>
      </trkpt>
      <trkpt lat="32.702389" lon="-16.914876">
        <ele>1227.7</ele>
        <time>2024-03-16T12:26:13.750Z</time>
      </trkpt>
      <trkpt lat="32.702273" lon="-16.914892">
        <ele>1226.6</ele>
        <time>2024-03-16T12:26:25.357Z</time>
      </trkpt>
      <trkpt lat="32.702111" lon="-16.915000">
        <ele>1225.5</ele>
        <time>2024-03-16T12:26:43.678Z</time>
      </trkpt>
      <trkpt lat="32.702061" lon="-16.915100">
        <ele>1224.6</ele>
        <time>2024-03-16T12:26:53.423Z</time>
      </trkpt>
      <trkpt lat="32.702086" lon="-16.915122">
        <ele>1237.0</ele>
        <time>2024-03-16T12:27:04.855Z</time>
      </trkpt>
      <trkpt lat="32.702113" lon="-16.915175">
        <ele>1236.0</ele>
        <time>2024-03-16T12:27:10.102Z</time>
      </trkpt>
      <trkpt lat="32.702146" lon="-16.915231">
        <ele>1236.0</ele>
        <time>2024-03-16T12:27:15.720Z</time>
      </trkpt>
      <trkpt lat="32.702170" lon="-16.915288">
        <ele>1236.0</ele>
        <time>2024-03-16T12:27:21.038Z</time>
      </trkpt>
      <trkpt lat="32.702179" lon="-16.915355">
        <ele>1236.0</ele>
        <time>2024-03-16T12:27:26.704Z</time>
      </trkpt>
      <trkpt lat="32.702183" lon="-16.915435">
        <ele>1236.0</ele>
        <time>2024-03-16T12:27:33.367Z</time>
      </trkpt>
      <trkpt lat="32.702196" lon="-16.915519">
        <ele>1235.0</ele>
        <time>2024-03-16T12:27:40.451Z</time>
      </trkpt>
      <trkpt lat="32.702221" lon="-16.915598">
        <ele>1235.0</ele>
        <time>2024-03-16T12:27:47.469Z</time>
      </trkpt>
      <trkpt lat="32.702256" lon="-16.915668">
        <ele>1235.0</ele>
        <time>2024-03-16T12:27:54.261Z</time>
      </trkpt>
      <trkpt lat="32.702297" lon="-16.915731">
        <ele>1234.0</ele>
        <time>2024-03-16T12:28:00.901Z</time>
      </trkpt>
      <trkpt lat="32.702341" lon="-16.915789">
        <ele>1233.0</ele>
        <time>2024-03-16T12:28:07.421Z</time>
      </trkpt>
      <trkpt lat="32.702383" lon="-16.915848">
        <ele>1232.0</ele>
        <time>2024-03-16T12:28:13.934Z</time>
      </trkpt>
      <trkpt lat="32.702421" lon="-16.915910">
        <ele>1232.0</ele>
        <time>2024-03-16T12:28:20.315Z</time>
      </trkpt>
      <trkpt lat="32.702452" lon="-16.915979">
        <ele>1232.0</ele>
        <time>2024-03-16T12:28:26.750Z</time>
      </trkpt>
      <trkpt lat="32.702470" lon="-16.916056">
        <ele>1231.0</ele>
        <time>2024-03-16T12:28:33.472Z</time>
      </trkpt>
      <trkpt lat="32.702471" lon="-16.916138">
        <ele>1230.0</ele>
        <time>2024-03-16T12:28:40.291Z</time>
      </trkpt>
      <trkpt lat="32.702453" lon="-16.916217">
        <ele>1229.0</ele>
        <time>2024-03-16T12:28:47.171Z</time>
      </trkpt>
      <trkpt lat="32.702419" lon="-16.916291">
        <ele>1228.0</ele>
        <time>2024-03-16T12:28:54.222Z</time>
      </trkpt>
      <trkpt lat="32.702378" lon="-16.916361">
        <ele>1227.0</ele>
        <time>2024-03-16T12:29:01.375Z</time>
      </trkpt>
      <trkpt lat="32.702337" lon="-16.916430">
        <ele>1225.0</ele>
        <time>2024-03-16T12:29:08.611Z</time>
      </trkpt>
      <trkpt lat="32.702299" lon="-16.916499">
        <ele>1224.0</ele>
        <time>2024-03-16T12:29:15.496Z</time>
      </trkpt>
      <trkpt lat="32.702266" lon="-16.916569">
        <ele>1223.0</ele>
        <time>2024-03-16T12:29:22.256Z</time>
      </trkpt>
      <trkpt lat="32.702241" lon="-16.916644">
        <ele>1221.0</ele>
        <time>2024-03-16T12:29:29.145Z</time>
      </trkpt>
      <trkpt lat="32.702237" lon="-16.916718">
        <ele>1220.0</ele>
        <time>2024-03-16T12:29:35.354Z</time>
      </trkpt>
      <trkpt lat="32.702262" lon="-16.916778">
        <ele>1218.0</ele>
        <time>2024-03-16T12:29:41.201Z</time>
      </trkpt>
      <trkpt lat="32.702313" lon="-16.916814">
        <ele>1216.0</ele>
        <time>2024-03-16T12:29:47.298Z</time>
      </trkpt>
      <trkpt lat="32.702376" lon="-16.916826">
        <ele>1215.0</ele>
        <time>2024-03-16T12:29:53.729Z</time>
      </trkpt>
      <trkpt lat="32.702442" lon="-16.916821">
        <ele>1214.0</ele>
        <time>2024-03-16T12:30:00.230Z</time>
      </trkpt>
      <trkpt lat="32.702502" lon="-16.916810">
        <ele>1214.0</ele>
        <time>2024-03-16T12:30:06.296Z</time>
      </trkpt>
      <trkpt lat="32.702559" lon="-16.916802">
        <ele>1214.0</ele>
        <time>2024-03-16T12:30:11.892Z</time>
      </trkpt>
      <trkpt lat="32.702612" lon="-16.916798">
        <ele>1214.0</ele>
        <time>2024-03-16T12:30:17.142Z</time>
      </trkpt>
      <trkpt lat="32.702664" lon="-16.916798">
        <ele>1214.0</ele>
        <time>2024-03-16T12:30:22.250Z</time>
      </trkpt>
      <trkpt lat="32.702716" lon="-16.916800">
        <ele>1214.0</ele>
        <time>2024-03-16T12:30:27.427Z</time>
      </trkpt>
      <trkpt lat="32.702768" lon="-16.916802">
        <ele>1215.0</ele>
        <time>2024-03-16T12:30:32.581Z</time>
      </trkpt>
      <trkpt lat="32.702816" lon="-16.916803">
        <ele>1215.0</ele>
        <time>2024-03-16T12:30:37.393Z</time>
      </trkpt>
      <trkpt lat="32.702863" lon="-16.916810">
        <ele>1215.0</ele>
        <time>2024-03-16T12:30:41.972Z</time>
      </trkpt>
      <trkpt lat="32.702910" lon="-16.916828">
        <ele>1216.0</ele>
        <time>2024-03-16T12:30:46.895Z</time>
      </trkpt>
      <trkpt lat="32.702959" lon="-16.916850">
        <ele>1216.0</ele>
        <time>2024-03-16T12:30:52.123Z</time>
      </trkpt>
      <trkpt lat="32.703001" lon="-16.916863">
        <ele>1217.0</ele>
        <time>2024-03-16T12:30:56.455Z</time>
      </trkpt>
      <trkpt lat="32.703011" lon="-16.916880">
        <ele>1217.0</ele>
        <time>2024-03-16T12:30:58.180Z</time>
      </trkpt>
      <trkpt lat="32.702987" lon="-16.916909">
        <ele>1217.0</ele>
        <time>2024-03-16T12:31:01.531Z</time>
      </trkpt>
      <trkpt lat="32.702958" lon="-16.916945">
        <ele>1216.0</ele>
        <time>2024-03-16T12:31:05.788Z</time>
      </trkpt>
      <trkpt lat="32.702951" lon="-16.916981">
        <ele>1215.0</ele>
        <time>2024-03-16T12:31:09.034Z</time>
      </trkpt>
      <trkpt lat="32.702964" lon="-16.917014">
        <ele>1215.0</ele>
        <time>2024-03-16T12:31:12.005Z</time>
      </trkpt>
      <trkpt lat="32.702972" lon="-16.917046">
        <ele>1213.0</ele>
        <time>2024-03-16T12:31:15.314Z</time>
      </trkpt>
      <trkpt lat="32.702968" lon="-16.917079">
        <ele>1212.0</ele>
        <time>2024-03-16T12:31:18.201Z</time>
      </trkpt>
      <trkpt lat="32.702975" lon="-16.917104">
        <ele>1211.0</ele>
        <time>2024-03-16T12:31:20.576Z</time>
      </trkpt>
      <trkpt lat="32.703001" lon="-16.917114">
        <ele>1210.0</ele>
        <time>2024-03-16T12:31:23.391Z</time>
      </trkpt>
      <trkpt lat="32.703035" lon="-16.917102">
        <ele>1209.0</ele>
        <time>2024-03-16T12:31:27.038Z</time>
      </trkpt>
      <trkpt lat="32.703069" lon="-16.917071">
        <ele>1208.0</ele>
        <time>2024-03-16T12:31:31.363Z</time>
      </trkpt>
      <trkpt lat="32.703086" lon="-16.917052">
        <ele>1207.0</ele>
        <time>2024-03-16T12:31:33.812Z</time>
      </trkpt>
      <trkpt lat="32.703119" lon="-16.917012">
        <ele>1207.0</ele>
        <time>2024-03-16T12:31:38.458Z</time>
      </trkpt>
      <trkpt lat="32.703136" lon="-16.916992">
        <ele>1207.0</ele>
        <time>2024-03-16T12:31:40.818Z</time>
      </trkpt>
      <trkpt lat="32.703175" lon="-16.916954">
        <ele>1207.0</ele>
        <time>2024-03-16T12:31:45.798Z</time>
      </trkpt>
      <trkpt lat="32.703221" lon="-16.916927">
        <ele>1207.0</ele>
        <time>2024-03-16T12:31:50.868Z</time>
      </trkpt>
      <trkpt lat="32.703268" lon="-16.916904">
        <ele>1207.0</ele>
        <time>2024-03-16T12:31:55.805Z</time>
      </trkpt>
      <trkpt lat="32.703303" lon="-16.916876">
        <ele>1207.0</ele>
        <time>2024-03-16T12:31:59.997Z</time>
      </trkpt>
      <trkpt lat="32.703322" lon="-16.916836">
        <ele>1207.0</ele>
        <time>2024-03-16T12:32:03.828Z</time>
      </trkpt>
      <trkpt lat="32.703330" lon="-16.916788">
        <ele>1207.0</ele>
        <time>2024-03-16T12:32:07.914Z</time>
      </trkpt>
      <trkpt lat="32.703334" lon="-16.916736">
        <ele>1208.0</ele>
        <time>2024-03-16T12:32:12.326Z</time>
      </trkpt>
      <trkpt lat="32.703341" lon="-16.916684">
        <ele>1208.0</ele>
        <time>2024-03-16T12:32:16.722Z</time>
      </trkpt>
      <trkpt lat="32.703355" lon="-16.916636">
        <ele>1208.0</ele>
        <time>2024-03-16T12:32:20.854Z</time>
      </trkpt>
      <trkpt lat="32.703372" lon="-16.916595">
        <ele>1209.0</ele>
        <time>2024-03-16T12:32:24.815Z</time>
      </trkpt>
      <trkpt lat="32.703394" lon="-16.916561">
        <ele>1209.0</ele>
        <time>2024-03-16T12:32:28.381Z</time>
      </trkpt>
      <trkpt lat="32.703422" lon="-16.916536">
        <ele>1210.0</ele>
        <time>2024-03-16T12:32:31.947Z</time>
      </trkpt>
      <trkpt lat="32.703452" lon="-16.916511">
        <ele>1210.0</ele>
        <time>2024-03-16T12:32:35.513Z</time>
      </trkpt>
      <trkpt lat="32.703482" lon="-16.916486">
        <ele>1211.0</ele>
        <time>2024-03-16T12:32:39.242Z</time>
      </trkpt>
      <trkpt lat="32.703510" lon="-16.916460">
        <ele>1212.0</ele>
        <time>2024-03-16T12:32:42.838Z</time>
      </trkpt>
      <trkpt lat="32.703535" lon="-16.916437">
        <ele>1212.0</ele>
        <time>2024-03-16T12:32:45.986Z</time>
      </trkpt>
      <trkpt lat="32.703554" lon="-16.916416">
        <ele>1213.0</ele>
        <time>2024-03-16T12:32:48.673Z</time>
      </trkpt>
      <trkpt lat="32.703561" lon="-16.916405">
        <ele>1213.0</ele>
        <time>2024-03-16T12:32:49.823Z</time>
      </trkpt>
      <trkpt lat="32.703569" lon="-16.916394">
        <ele>1213.0</ele>
        <time>2024-03-16T12:32:50.983Z</time>
      </trkpt>
      <trkpt lat="32.703578" lon="-16.916383">
        <ele>1213.0</ele>
        <time>2024-03-16T12:32:52.250Z</time>
      </trkpt>
      <trkpt lat="32.703587" lon="-16.916372">
        <ele>1213.0</ele>
        <time>2024-03-16T12:32:53.533Z</time>
      </trkpt>
      <trkpt lat="32.703612" lon="-16.916352">
        <ele>1214.0</ele>
        <time>2024-03-16T12:32:56.643Z</time>
      </trkpt>
      <trkpt lat="32.703642" lon="-16.916340">
        <ele>1215.0</ele>
        <time>2024-03-16T12:32:59.909Z</time>
      </trkpt>
      <trkpt lat="32.703671" lon="-16.916339">
        <ele>1216.0</ele>
        <time>2024-03-16T12:33:02.907Z</time>
      </trkpt>
      <trkpt lat="32.703696" lon="-16.916345">
        <ele>1216.0</ele>
        <time>2024-03-16T12:33:05.419Z</time>
      </trkpt>
      <trkpt lat="32.703717" lon="-16.916355">
        <ele>1216.0</ele>
        <time>2024-03-16T12:33:07.616Z</time>
      </trkpt>
      <trkpt lat="32.703732" lon="-16.916369">
        <ele>1217.0</ele>
        <time>2024-03-16T12:33:09.701Z</time>
      </trkpt>
      <trkpt lat="32.703743" lon="-16.916392">
        <ele>1218.0</ele>
        <time>2024-03-16T12:33:12.102Z</time>
      </trkpt>
      <trkpt lat="32.703760" lon="-16.916420">
        <ele>1219.0</ele>
        <time>2024-03-16T12:33:15.069Z</time>
      </trkpt>
      <trkpt lat="32.703783" lon="-16.916444">
        <ele>1220.0</ele>
        <time>2024-03-16T12:33:18.235Z</time>
      </trkpt>
      <trkpt lat="32.703808" lon="-16.916466">
        <ele>1221.0</ele>
        <time>2024-03-16T12:33:21.408Z</time>
      </trkpt>
      <trkpt lat="32.703832" lon="-16.916489">
        <ele>1222.0</ele>
        <time>2024-03-16T12:33:24.554Z</time>
      </trkpt>
      <trkpt lat="32.703854" lon="-16.916510">
        <ele>1222.0</ele>
        <time>2024-03-16T12:33:27.374Z</time>
      </trkpt>
      <trkpt lat="32.703876" lon="-16.916530">
        <ele>1223.0</ele>
        <time>2024-03-16T12:33:30.215Z</time>
      </trkpt>
      <trkpt lat="32.703900" lon="-16.916547">
        <ele>1223.0</ele>
        <time>2024-03-16T12:33:33.020Z</time>
      </trkpt>
      <trkpt lat="32.703927" lon="-16.916560">
        <ele>1223.0</ele>
        <time>2024-03-16T12:33:35.888Z</time>
      </trkpt>
      <trkpt lat="32.703955" lon="-16.916567">
        <ele>1224.0</ele>
        <time>2024-03-16T12:33:38.763Z</time>
      </trkpt>
      <trkpt lat="32.703978" lon="-16.916571">
        <ele>1224.0</ele>
        <time>2024-03-16T12:33:41.097Z</time>
      </trkpt>
      <trkpt lat="32.704000" lon="-16.916576">
        <ele>1225.0</ele>
        <time>2024-03-16T12:33:43.465Z</time>
      </trkpt>
      <trkpt lat="32.704022" lon="-16.916582">
        <ele>1225.0</ele>
        <time>2024-03-16T12:33:45.671Z</time>
      </trkpt>
      <trkpt lat="32.704044" lon="-16.916589">
        <ele>1225.0</ele>
        <time>2024-03-16T12:33:47.942Z</time>
      </trkpt>
      <trkpt lat="32.704068" lon="-16.916596">
        <ele>1226.0</ele>
        <time>2024-03-16T12:33:50.561Z</time>
      </trkpt>
      <trkpt lat="32.704081" lon="-16.916602">
        <ele>1226.0</ele>
        <time>2024-03-16T12:33:51.902Z</time>
      </trkpt>
      <trkpt lat="32.704106" lon="-16.916612">
        <ele>1227.0</ele>
        <time>2024-03-16T12:33:54.708Z</time>
      </trkpt>
      <trkpt lat="32.704119" lon="-16.916617">
        <ele>1228.0</ele>
        <time>2024-03-16T12:33:56.296Z</time>
      </trkpt>
      <trkpt lat="32.704135" lon="-16.916623">
        <ele>1228.0</ele>
        <time>2024-03-16T12:33:57.895Z</time>
      </trkpt>
      <trkpt lat="32.704142" lon="-16.916626">
        <ele>1228.0</ele>
        <time>2024-03-16T12:33:58.701Z</time>
      </trkpt>
      <trkpt lat="32.704163" lon="-16.916628">
        <ele>1229.0</ele>
        <time>2024-03-16T12:34:00.898Z</time>
      </trkpt>
      <trkpt lat="32.704181" lon="-16.916628">
        <ele>1229.0</ele>
        <time>2024-03-16T12:34:02.664Z</time>
      </trkpt>
      <trkpt lat="32.704197" lon="-16.916626">
        <ele>1229.0</ele>
        <time>2024-03-16T12:34:04.307Z</time>
      </trkpt>
      <trkpt lat="32.704214" lon="-16.916626">
        <ele>1229.0</ele>
        <time>2024-03-16T12:34:05.960Z</time>
      </trkpt>
      <trkpt lat="32.704232" lon="-16.916628">
        <ele>1230.0</ele>
        <time>2024-03-16T12:34:07.914Z</time>
      </trkpt>
      <trkpt lat="32.704250" lon="-16.916630">
        <ele>1231.0</ele>
        <time>2024-03-16T12:34:09.946Z</time>
      </trkpt>
      <trkpt lat="32.704271" lon="-16.916631">
        <ele>1231.0</ele>
        <time>2024-03-16T12:34:12.015Z</time>
      </trkpt>
      <trkpt lat="32.704292" lon="-16.916632">
        <ele>1231.0</ele>
        <time>2024-03-16T12:34:14.083Z</time>
      </trkpt>
      <trkpt lat="32.704313" lon="-16.916632">
        <ele>1232.0</ele>
        <time>2024-03-16T12:34:16.378Z</time>
      </trkpt>
      <trkpt lat="32.704334" lon="-16.916629">
        <ele>1233.0</ele>
        <time>2024-03-16T12:34:18.620Z</time>
      </trkpt>
      <trkpt lat="32.704355" lon="-16.916628">
        <ele>1234.0</ele>
        <time>2024-03-16T12:34:20.840Z</time>
      </trkpt>
      <trkpt lat="32.704376" lon="-16.916627">
        <ele>1234.0</ele>
        <time>2024-03-16T12:34:22.940Z</time>
      </trkpt>
      <trkpt lat="32.704398" lon="-16.916626">
        <ele>1234.0</ele>
        <time>2024-03-16T12:34:25.107Z</time>
      </trkpt>
      <trkpt lat="32.704409" lon="-16.916625">
        <ele>1235.0</ele>
        <time>2024-03-16T12:34:26.500Z</time>
      </trkpt>
      <trkpt lat="32.704432" lon="-16.916624">
        <ele>1235.0</ele>
        <time>2024-03-16T12:34:28.736Z</time>
      </trkpt>
      <trkpt lat="32.704443" lon="-16.916623">
        <ele>1236.0</ele>
        <time>2024-03-16T12:34:30.180Z</time>
      </trkpt>
      <trkpt lat="32.704466" lon="-16.916620">
        <ele>1237.0</ele>
        <time>2024-03-16T12:34:32.638Z</time>
      </trkpt>
      <trkpt lat="32.704490" lon="-16.916616">
        <ele>1237.0</ele>
        <time>2024-03-16T12:34:34.962Z</time>
      </trkpt>
      <trkpt lat="32.704513" lon="-16.916613">
        <ele>1238.0</ele>
        <time>2024-03-16T12:34:37.437Z</time>
      </trkpt>
      <trkpt lat="32.704537" lon="-16.916610">
        <ele>1239.0</ele>
        <time>2024-03-16T12:34:40.020Z</time>
      </trkpt>
      <trkpt lat="32.704561" lon="-16.916608">
        <ele>1239.0</ele>
        <time>2024-03-16T12:34:42.388Z</time>
      </trkpt>
      <trkpt lat="32.704585" lon="-16.916606">
        <ele>1240.0</ele>
        <time>2024-03-16T12:34:44.874Z</time>
      </trkpt>
      <trkpt lat="32.704609" lon="-16.916605">
        <ele>1240.0</ele>
        <time>2024-03-16T12:34:47.284Z</time>
      </trkpt>
      <trkpt lat="32.704635" lon="-16.916608">
        <ele>1240.0</ele>
        <time>2024-03-16T12:34:49.854Z</time>
      </trkpt>
      <trkpt lat="32.704663" lon="-16.916608">
        <ele>1241.0</ele>
        <time>2024-03-16T12:34:52.736Z</time>
      </trkpt>
      <trkpt lat="32.704692" lon="-16.916604">
        <ele>1241.0</ele>
        <time>2024-03-16T12:34:55.631Z</time>
      </trkpt>
      <trkpt lat="32.704721" lon="-16.916598">
        <ele>1242.0</ele>
        <time>2024-03-16T12:34:58.651Z</time>
      </trkpt>
      <trkpt lat="32.704750" lon="-16.916598">
        <ele>1242.0</ele>
        <time>2024-03-16T12:35:01.493Z</time>
      </trkpt>
      <trkpt lat="32.704778" lon="-16.916604">
        <ele>1242.0</ele>
        <time>2024-03-16T12:35:04.339Z</time>
      </trkpt>
      <trkpt lat="32.704805" lon="-16.916613">
        <ele>1243.0</ele>
        <time>2024-03-16T12:35:07.228Z</time>
      </trkpt>
      <trkpt lat="32.704831" lon="-16.916623">
        <ele>1243.0</ele>
        <time>2024-03-16T12:35:09.918Z</time>
      </trkpt>
      <trkpt lat="32.704857" lon="-16.916633">
        <ele>1244.0</ele>
        <time>2024-03-16T12:35:12.739Z</time>
      </trkpt>
      <trkpt lat="32.704881" lon="-16.916642">
        <ele>1244.0</ele>
        <time>2024-03-16T12:35:15.255Z</time>
      </trkpt>
      <trkpt lat="32.704905" lon="-16.916649">
        <ele>1245.0</ele>
        <time>2024-03-16T12:35:17.784Z</time>
      </trkpt>
      <trkpt lat="32.704926" lon="-16.916657">
        <ele>1246.0</ele>
        <time>2024-03-16T12:35:20.173Z</time>
      </trkpt>
      <trkpt lat="32.704943" lon="-16.916674">
        <ele>1246.0</ele>
        <time>2024-03-16T12:35:22.312Z</time>
      </trkpt>
      <trkpt lat="32.704955" lon="-16.916698">
        <ele>1247.0</ele>
        <time>2024-03-16T12:35:24.788Z</time>
      </trkpt>
      <trkpt lat="32.704964" lon="-16.916723">
        <ele>1247.0</ele>
        <time>2024-03-16T12:35:27.076Z</time>
      </trkpt>
      <trkpt lat="32.704970" lon="-16.916749">
        <ele>1247.0</ele>
        <time>2024-03-16T12:35:29.281Z</time>
      </trkpt>
      <trkpt lat="32.704977" lon="-16.916774">
        <ele>1248.0</ele>
        <time>2024-03-16T12:35:31.621Z</time>
      </trkpt>
      <trkpt lat="32.704986" lon="-16.916796">
        <ele>1248.0</ele>
        <time>2024-03-16T12:35:33.729Z</time>
      </trkpt>
      <trkpt lat="32.704998" lon="-16.916816">
        <ele>1249.0</ele>
        <time>2024-03-16T12:35:35.916Z</time>
      </trkpt>
      <trkpt lat="32.705011" lon="-16.916835">
        <ele>1249.0</ele>
        <time>2024-03-16T12:35:37.972Z</time>
      </trkpt>
      <trkpt lat="32.705027" lon="-16.916856">
        <ele>1250.0</ele>
        <time>2024-03-16T12:35:40.479Z</time>
      </trkpt>
      <trkpt lat="32.705045" lon="-16.916878">
        <ele>1251.0</ele>
        <time>2024-03-16T12:35:43.199Z</time>
      </trkpt>
      <trkpt lat="32.705060" lon="-16.916903">
        <ele>1251.0</ele>
        <time>2024-03-16T12:35:45.694Z</time>
      </trkpt>
      <trkpt lat="32.705071" lon="-16.916930">
        <ele>1252.0</ele>
        <time>2024-03-16T12:35:48.358Z</time>
      </trkpt>
      <trkpt lat="32.705081" lon="-16.916957">
        <ele>1252.0</ele>
        <time>2024-03-16T12:35:50.832Z</time>
      </trkpt>
      <trkpt lat="32.705092" lon="-16.916982">
        <ele>1252.0</ele>
        <time>2024-03-16T12:35:53.159Z</time>
      </trkpt>
      <trkpt lat="32.705107" lon="-16.917002">
        <ele>1253.0</ele>
        <time>2024-03-16T12:35:55.562Z</time>
      </trkpt>
      <trkpt lat="32.705127" lon="-16.917018">
        <ele>1253.0</ele>
        <time>2024-03-16T12:35:57.916Z</time>
      </trkpt>
      <trkpt lat="32.705152" lon="-16.917028">
        <ele>1254.0</ele>
        <time>2024-03-16T12:36:00.642Z</time>
      </trkpt>
      <trkpt lat="32.705181" lon="-16.917031">
        <ele>1254.0</ele>
        <time>2024-03-16T12:36:03.513Z</time>
      </trkpt>
      <trkpt lat="32.705211" lon="-16.917028">
        <ele>1254.0</ele>
        <time>2024-03-16T12:36:06.497Z</time>
      </trkpt>
      <trkpt lat="32.705239" lon="-16.917021">
        <ele>1255.0</ele>
        <time>2024-03-16T12:36:09.465Z</time>
      </trkpt>
      <trkpt lat="32.705267" lon="-16.917008">
        <ele>1256.0</ele>
        <time>2024-03-16T12:36:12.493Z</time>
      </trkpt>
      <trkpt lat="32.705298" lon="-16.916994">
        <ele>1257.0</ele>
        <time>2024-03-16T12:36:15.944Z</time>
      </trkpt>
      <trkpt lat="32.705337" lon="-16.916980">
        <ele>1257.0</ele>
        <time>2024-03-16T12:36:19.979Z</time>
      </trkpt>
      <trkpt lat="32.705381" lon="-16.916968">
        <ele>1257.0</ele>
        <time>2024-03-16T12:36:24.444Z</time>
      </trkpt>
      <trkpt lat="32.705428" lon="-16.916954">
        <ele>1257.0</ele>
        <time>2024-03-16T12:36:29.177Z</time>
      </trkpt>
      <trkpt lat="32.705477" lon="-16.916939">
        <ele>1257.0</ele>
        <time>2024-03-16T12:36:34.187Z</time>
      </trkpt>
      <trkpt lat="32.705527" lon="-16.916930">
        <ele>1258.0</ele>
        <time>2024-03-16T12:36:39.205Z</time>
      </trkpt>
      <trkpt lat="32.705575" lon="-16.916928">
        <ele>1258.0</ele>
        <time>2024-03-16T12:36:44.018Z</time>
      </trkpt>
      <trkpt lat="32.705622" lon="-16.916926">
        <ele>1258.0</ele>
        <time>2024-03-16T12:36:48.618Z</time>
      </trkpt>
      <trkpt lat="32.705665" lon="-16.916916">
        <ele>1259.0</ele>
        <time>2024-03-16T12:36:53.019Z</time>
      </trkpt>
      <trkpt lat="32.705704" lon="-16.916897">
        <ele>1259.0</ele>
        <time>2024-03-16T12:36:57.138Z</time>
      </trkpt>
      <trkpt lat="32.705743" lon="-16.916881">
        <ele>1260.0</ele>
        <time>2024-03-16T12:37:01.330Z</time>
      </trkpt>
      <trkpt lat="32.705784" lon="-16.916880">
        <ele>1260.0</ele>
        <time>2024-03-16T12:37:05.347Z</time>
      </trkpt>
      <trkpt lat="32.705825" lon="-16.916902">
        <ele>1260.0</ele>
        <time>2024-03-16T12:37:09.788Z</time>
      </trkpt>
      <trkpt lat="32.705864" lon="-16.916939">
        <ele>1260.0</ele>
        <time>2024-03-16T12:37:14.781Z</time>
      </trkpt>
      <trkpt lat="32.705902" lon="-16.916983">
        <ele>1260.0</ele>
        <time>2024-03-16T12:37:19.975Z</time>
      </trkpt>
      <trkpt lat="32.705936" lon="-16.917028">
        <ele>1261.0</ele>
        <time>2024-03-16T12:37:24.996Z</time>
      </trkpt>
      <trkpt lat="32.705962" lon="-16.917073">
        <ele>1261.0</ele>
        <time>2024-03-16T12:37:29.576Z</time>
      </trkpt>
      <trkpt lat="32.705987" lon="-16.917119">
        <ele>1261.0</ele>
        <time>2024-03-16T12:37:34.115Z</time>
      </trkpt>
      <trkpt lat="32.706013" lon="-16.917166">
        <ele>1261.0</ele>
        <time>2024-03-16T12:37:38.798Z</time>
      </trkpt>
      <trkpt lat="32.706044" lon="-16.917211">
        <ele>1261.0</ele>
        <time>2024-03-16T12:37:43.618Z</time>
      </trkpt>
      <trkpt lat="32.706083" lon="-16.917247">
        <ele>1262.0</ele>
        <time>2024-03-16T12:37:48.520Z</time>
      </trkpt>
      <trkpt lat="32.706126" lon="-16.917274">
        <ele>1262.0</ele>
        <time>2024-03-16T12:37:53.347Z</time>
      </trkpt>
      <trkpt lat="32.706170" lon="-16.917298">
        <ele>1262.0</ele>
        <time>2024-03-16T12:37:58.186Z</time>
      </trkpt>
      <trkpt lat="32.706216" lon="-16.917320">
        <ele>1262.0</ele>
        <time>2024-03-16T12:38:03.032Z</time>
      </trkpt>
      <trkpt lat="32.706257" lon="-16.917340">
        <ele>1262.0</ele>
        <time>2024-03-16T12:38:07.360Z</time>
      </trkpt>
      <trkpt lat="32.706261" lon="-16.917342">
        <ele>1262.0</ele>
        <time>2024-03-16T12:38:07.879Z</time>
      </trkpt>
      <trkpt lat="32.706271" lon="-16.917348">
        <ele>1262.0</ele>
        <time>2024-03-16T12:38:08.911Z</time>
      </trkpt>
      <trkpt lat="32.706276" lon="-16.917354">
        <ele>1262.0</ele>
        <time>2024-03-16T12:38:09.635Z</time>
      </trkpt>
      <trkpt lat="32.706264" lon="-16.917352">
        <ele>1262.0</ele>
        <time>2024-03-16T12:38:10.819Z</time>
      </trkpt>
      <trkpt lat="32.706254" lon="-16.917348">
        <ele>1262.0</ele>
        <time>2024-03-16T12:38:11.835Z</time>
      </trkpt>
      <trkpt lat="32.706237" lon="-16.917340">
        <ele>1262.0</ele>
        <time>2024-03-16T12:38:13.647Z</time>
      </trkpt>
      <trkpt lat="32.706233" lon="-16.917339">
        <ele>1262.0</ele>
        <time>2024-03-16T12:38:14.036Z</time>
      </trkpt>
      <trkpt lat="32.706231" lon="-16.917338">
        <ele>1262.0</ele>
        <time>2024-03-16T12:38:14.246Z</time>
      </trkpt>
      <trkpt lat="32.706230" lon="-16.917337">
        <ele>1262.0</ele>
        <time>2024-03-16T12:38:14.425Z</time>
      </trkpt>
      <trkpt lat="32.706234" lon="-16.917337">
        <ele>1262.0</ele>
        <time>2024-03-16T12:38:14.871Z</time>
      </trkpt>
      <trkpt lat="32.706240" lon="-16.917338">
        <ele>1262.0</ele>
        <time>2024-03-16T12:38:15.454Z</time>
      </trkpt>
      <trkpt lat="32.706247" lon="-16.917342">
        <ele>1262.0</ele>
        <time>2024-03-16T12:38:16.250Z</time>
      </trkpt>
      <trkpt lat="32.706249" lon="-16.917344">
        <ele>1262.0</ele>
        <time>2024-03-16T12:38:16.479Z</time>
      </trkpt>
      <trkpt lat="32.706251" lon="-16.917346">
        <ele>1262.0</ele>
        <time>2024-03-16T12:38:16.725Z</time>
      </trkpt>
      <trkpt lat="32.706232" lon="-16.917340">
        <ele>1262.0</ele>
        <time>2024-03-16T12:38:18.618Z</time>
      </trkpt>
      <trkpt lat="32.706223" lon="-16.917338">
        <ele>1262.0</ele>
        <time>2024-03-16T12:38:19.555Z</time>
      </trkpt>
      <trkpt lat="32.706343" lon="-16.917366">
        <ele>1262.0</ele>
        <time>2024-03-16T12:38:31.590Z</time>
      </trkpt>
      <trkpt lat="32.706354" lon="-16.917364">
        <ele>1262.0</ele>
        <time>2024-03-16T12:38:32.761Z</time>
      </trkpt>
      <trkpt lat="32.706378" lon="-16.917357">
        <ele>1262.0</ele>
        <time>2024-03-16T12:38:35.109Z</time>
      </trkpt>
      <trkpt lat="32.706414" lon="-16.917350">
        <ele>1262.0</ele>
        <time>2024-03-16T12:38:38.784Z</time>
      </trkpt>
      <trkpt lat="32.706458" lon="-16.917348">
        <ele>1262.0</ele>
        <time>2024-03-16T12:38:43.083Z</time>
      </trkpt>
      <trkpt lat="32.706496" lon="-16.917351">
        <ele>1262.0</ele>
        <time>2024-03-16T12:38:46.826Z</time>
      </trkpt>
      <trkpt lat="32.706522" lon="-16.917358">
        <ele>1262.0</ele>
        <time>2024-03-16T12:38:49.526Z</time>
      </trkpt>
      <trkpt lat="32.706539" lon="-16.917369">
        <ele>1262.0</ele>
        <time>2024-03-16T12:38:51.423Z</time>
      </trkpt>
      <trkpt lat="32.706552" lon="-16.917385">
        <ele>1262.0</ele>
        <time>2024-03-16T12:38:53.298Z</time>
      </trkpt>
      <trkpt lat="32.706563" lon="-16.917405">
        <ele>1262.0</ele>
        <time>2024-03-16T12:38:55.222Z</time>
      </trkpt>
      <trkpt lat="32.706568" lon="-16.917415">
        <ele>1262.0</ele>
        <time>2024-03-16T12:38:56.205Z</time>
      </trkpt>
      <trkpt lat="32.706579" lon="-16.917435">
        <ele>1262.0</ele>
        <time>2024-03-16T12:38:58.179Z</time>
      </trkpt>
      <trkpt lat="32.706584" lon="-16.917446">
        <ele>1262.0</ele>
        <time>2024-03-16T12:38:59.185Z</time>
      </trkpt>
      <trkpt lat="32.706592" lon="-16.917467">
        <ele>1263.0</ele>
        <time>2024-03-16T12:39:01.327Z</time>
      </trkpt>
      <trkpt lat="32.706599" lon="-16.917486">
        <ele>1263.0</ele>
        <time>2024-03-16T12:39:03.055Z</time>
      </trkpt>
      <trkpt lat="32.706604" lon="-16.917504">
        <ele>1264.0</ele>
        <time>2024-03-16T12:39:04.873Z</time>
      </trkpt>
      <trkpt lat="32.706611" lon="-16.917519">
        <ele>1265.0</ele>
        <time>2024-03-16T12:39:06.486Z</time>
      </trkpt>
      <trkpt lat="32.706618" lon="-16.917531">
        <ele>1266.0</ele>
        <time>2024-03-16T12:39:08.062Z</time>
      </trkpt>
      <trkpt lat="32.706629" lon="-16.917542">
        <ele>1268.0</ele>
        <time>2024-03-16T12:39:10.288Z</time>
      </trkpt>
      <trkpt lat="32.706642" lon="-16.917552">
        <ele>1268.0</ele>
        <time>2024-03-16T12:39:11.871Z</time>
      </trkpt>
      <trkpt lat="32.706655" lon="-16.917564">
        <ele>1269.0</ele>
        <time>2024-03-16T12:39:13.718Z</time>
      </trkpt>
      <trkpt lat="32.706667" lon="-16.917579">
        <ele>1270.0</ele>
        <time>2024-03-16T12:39:15.619Z</time>
      </trkpt>
      <trkpt lat="32.706672" lon="-16.917586">
        <ele>1270.0</ele>
        <time>2024-03-16T12:39:16.419Z</time>
      </trkpt>
      <trkpt lat="32.706684" lon="-16.917599">
        <ele>1271.0</ele>
        <time>2024-03-16T12:39:18.215Z</time>
      </trkpt>
      <trkpt lat="32.706694" lon="-16.917611">
        <ele>1272.0</ele>
        <time>2024-03-16T12:39:19.888Z</time>
      </trkpt>
      <trkpt lat="32.706699" lon="-16.917617">
        <ele>1272.0</ele>
        <time>2024-03-16T12:39:20.575Z</time>
      </trkpt>
      <trkpt lat="32.706709" lon="-16.917629">
        <ele>1272.0</ele>
        <time>2024-03-16T12:39:22.006Z</time>
      </trkpt>
      <trkpt lat="32.706721" lon="-16.917644">
        <ele>1273.0</ele>
        <time>2024-03-16T12:39:23.888Z</time>
      </trkpt>
      <trkpt lat="32.706728" lon="-16.917651">
        <ele>1274.0</ele>
        <time>2024-03-16T12:39:25.180Z</time>
      </trkpt>
      <trkpt lat="32.706735" lon="-16.917659">
        <ele>1274.0</ele>
        <time>2024-03-16T12:39:26.121Z</time>
      </trkpt>
      <trkpt lat="32.706751" lon="-16.917676">
        <ele>1276.0</ele>
        <time>2024-03-16T12:39:28.868Z</time>
      </trkpt>
      <trkpt lat="32.706767" lon="-16.917694">
        <ele>1276.0</ele>
        <time>2024-03-16T12:39:31.047Z</time>
      </trkpt>
      <trkpt lat="32.706774" lon="-16.917705">
        <ele>1276.0</ele>
        <time>2024-03-16T12:39:32.215Z</time>
      </trkpt>
      <trkpt lat="32.706781" lon="-16.917716">
        <ele>1276.0</ele>
        <time>2024-03-16T12:39:33.395Z</time>
      </trkpt>
      <trkpt lat="32.706796" lon="-16.917740">
        <ele>1277.0</ele>
        <time>2024-03-16T12:39:35.965Z</time>
      </trkpt>
      <trkpt lat="32.706810" lon="-16.917763">
        <ele>1278.0</ele>
        <time>2024-03-16T12:39:38.526Z</time>
      </trkpt>
      <trkpt lat="32.706826" lon="-16.917784">
        <ele>1279.0</ele>
        <time>2024-03-16T12:39:40.979Z</time>
      </trkpt>
      <trkpt lat="32.706842" lon="-16.917799">
        <ele>1279.0</ele>
        <time>2024-03-16T12:39:43.006Z</time>
      </trkpt>
      <trkpt lat="32.706858" lon="-16.917813">
        <ele>1279.0</ele>
        <time>2024-03-16T12:39:44.984Z</time>
      </trkpt>
      <trkpt lat="32.706873" lon="-16.917828">
        <ele>1280.0</ele>
        <time>2024-03-16T12:39:47.090Z</time>
      </trkpt>
      <trkpt lat="32.706888" lon="-16.917839">
        <ele>1280.0</ele>
        <time>2024-03-16T12:39:48.861Z</time>
      </trkpt>
      <trkpt lat="32.706906" lon="-16.917846">
        <ele>1281.0</ele>
        <time>2024-03-16T12:39:50.951Z</time>
      </trkpt>
      <trkpt lat="32.706927" lon="-16.917852">
        <ele>1281.0</ele>
        <time>2024-03-16T12:39:53.053Z</time>
      </trkpt>
      <trkpt lat="32.706947" lon="-16.917855">
        <ele>1281.0</ele>
        <time>2024-03-16T12:39:54.990Z</time>
      </trkpt>
      <trkpt lat="32.706965" lon="-16.917854">
        <ele>1282.0</ele>
        <time>2024-03-16T12:39:57.013Z</time>
      </trkpt>
      <trkpt lat="32.706985" lon="-16.917851">
        <ele>1283.0</ele>
        <time>2024-03-16T12:39:59.192Z</time>
      </trkpt>
      <trkpt lat="32.707007" lon="-16.917847">
        <ele>1284.0</ele>
        <time>2024-03-16T12:40:01.547Z</time>
      </trkpt>
      <trkpt lat="32.707032" lon="-16.917845">
        <ele>1284.0</ele>
        <time>2024-03-16T12:40:03.983Z</time>
      </trkpt>
      <trkpt lat="32.707059" lon="-16.917844">
        <ele>1284.0</ele>
        <time>2024-03-16T12:40:06.695Z</time>
      </trkpt>
      <trkpt lat="32.707086" lon="-16.917842">
        <ele>1285.0</ele>
        <time>2024-03-16T12:40:09.522Z</time>
      </trkpt>
      <trkpt lat="32.707116" lon="-16.917839">
        <ele>1285.0</ele>
        <time>2024-03-16T12:40:12.439Z</time>
      </trkpt>
      <trkpt lat="32.707152" lon="-16.917836">
        <ele>1286.0</ele>
        <time>2024-03-16T12:40:16.110Z</time>
      </trkpt>
      <trkpt lat="32.707191" lon="-16.917838">
        <ele>1286.0</ele>
        <time>2024-03-16T12:40:19.996Z</time>
      </trkpt>
      <trkpt lat="32.707231" lon="-16.917842">
        <ele>1286.0</ele>
        <time>2024-03-16T12:40:23.961Z</time>
      </trkpt>
      <trkpt lat="32.707272" lon="-16.917844">
        <ele>1287.0</ele>
        <time>2024-03-16T12:40:28.047Z</time>
      </trkpt>
      <trkpt lat="32.707312" lon="-16.917844">
        <ele>1287.0</ele>
        <time>2024-03-16T12:40:31.981Z</time>
      </trkpt>
      <trkpt lat="32.707351" lon="-16.917842">
        <ele>1288.0</ele>
        <time>2024-03-16T12:40:35.951Z</time>
      </trkpt>
      <trkpt lat="32.707390" lon="-16.917835">
        <ele>1288.0</ele>
        <time>2024-03-16T12:40:39.831Z</time>
      </trkpt>
      <trkpt lat="32.707424" lon="-16.917820">
        <ele>1288.0</ele>
        <time>2024-03-16T12:40:43.469Z</time>
      </trkpt>
      <trkpt lat="32.707455" lon="-16.917802">
        <ele>1289.0</ele>
        <time>2024-03-16T12:40:46.965Z</time>
      </trkpt>
      <trkpt lat="32.707483" lon="-16.917785">
        <ele>1290.0</ele>
        <time>2024-03-16T12:40:50.166Z</time>
      </trkpt>
      <trkpt lat="32.707508" lon="-16.917766">
        <ele>1292.0</ele>
        <time>2024-03-16T12:40:53.608Z</time>
      </trkpt>
      <trkpt lat="32.707532" lon="-16.917744">
        <ele>1292.0</ele>
        <time>2024-03-16T12:40:56.588Z</time>
      </trkpt>
      <trkpt lat="32.707557" lon="-16.917723">
        <ele>1292.0</ele>
        <time>2024-03-16T12:40:59.581Z</time>
      </trkpt>
      <trkpt lat="32.707584" lon="-16.917705">
        <ele>1293.0</ele>
        <time>2024-03-16T12:41:02.756Z</time>
      </trkpt>
      <trkpt lat="32.707614" lon="-16.917691">
        <ele>1294.0</ele>
        <time>2024-03-16T12:41:06.064Z</time>
      </trkpt>
      <trkpt lat="32.707645" lon="-16.917680">
        <ele>1295.0</ele>
        <time>2024-03-16T12:41:09.404Z</time>
      </trkpt>
      <trkpt lat="32.707676" lon="-16.917672">
        <ele>1295.0</ele>
        <time>2024-03-16T12:41:12.524Z</time>
      </trkpt>
      <trkpt lat="32.707701" lon="-16.917666">
        <ele>1295.0</ele>
        <time>2024-03-16T12:41:15.005Z</time>
      </trkpt>
      <trkpt lat="32.707718" lon="-16.917662">
        <ele>1296.0</ele>
        <time>2024-03-16T12:41:16.930Z</time>
      </trkpt>
      <trkpt lat="32.707732" lon="-16.917663">
        <ele>1296.0</ele>
        <time>2024-03-16T12:41:18.319Z</time>
      </trkpt>
      <trkpt lat="32.707746" lon="-16.917665">
        <ele>1297.0</ele>
        <time>2024-03-16T12:41:19.947Z</time>
      </trkpt>
      <trkpt lat="32.707752" lon="-16.917667">
        <ele>1297.0</ele>
        <time>2024-03-16T12:41:20.641Z</time>
      </trkpt>
      <trkpt lat="32.707760" lon="-16.917668">
        <ele>1297.0</ele>
        <time>2024-03-16T12:41:21.364Z</time>
      </trkpt>
      <trkpt lat="32.707772" lon="-16.917672">
        <ele>1297.0</ele>
        <time>2024-03-16T12:41:22.649Z</time>
      </trkpt>
      <trkpt lat="32.707784" lon="-16.917674">
        <ele>1298.0</ele>
        <time>2024-03-16T12:41:24.138Z</time>
      </trkpt>
      <trkpt lat="32.707798" lon="-16.917678">
        <ele>1298.0</ele>
        <time>2024-03-16T12:41:25.489Z</time>
      </trkpt>
      <trkpt lat="32.707814" lon="-16.917680">
        <ele>1299.0</ele>
        <time>2024-03-16T12:41:27.378Z</time>
      </trkpt>
      <trkpt lat="32.707835" lon="-16.917681">
        <ele>1299.0</ele>
        <time>2024-03-16T12:41:29.429Z</time>
      </trkpt>
      <trkpt lat="32.707859" lon="-16.917681">
        <ele>1299.0</ele>
        <time>2024-03-16T12:41:31.774Z</time>
      </trkpt>
      <trkpt lat="32.707884" lon="-16.917679">
        <ele>1300.0</ele>
        <time>2024-03-16T12:41:34.416Z</time>
      </trkpt>
      <trkpt lat="32.707910" lon="-16.917675">
        <ele>1300.0</ele>
        <time>2024-03-16T12:41:37.013Z</time>
      </trkpt>
      <trkpt lat="32.707937" lon="-16.917672">
        <ele>1301.0</ele>
        <time>2024-03-16T12:41:39.840Z</time>
      </trkpt>
      <trkpt lat="32.707967" lon="-16.917672">
        <ele>1301.0</ele>
        <time>2024-03-16T12:41:42.784Z</time>
      </trkpt>
      <trkpt lat="32.708003" lon="-16.917674">
        <ele>1301.0</ele>
        <time>2024-03-16T12:41:46.289Z</time>
      </trkpt>
      <trkpt lat="32.708044" lon="-16.917673">
        <ele>1302.0</ele>
        <time>2024-03-16T12:41:50.416Z</time>
      </trkpt>
      <trkpt lat="32.708087" lon="-16.917672">
        <ele>1302.0</ele>
        <time>2024-03-16T12:41:54.666Z</time>
      </trkpt>
      <trkpt lat="32.708128" lon="-16.917671">
        <ele>1303.0</ele>
        <time>2024-03-16T12:41:58.861Z</time>
      </trkpt>
      <trkpt lat="32.708167" lon="-16.917671">
        <ele>1303.0</ele>
        <time>2024-03-16T12:42:02.680Z</time>
      </trkpt>
      <trkpt lat="32.708205" lon="-16.917674">
        <ele>1304.0</ele>
        <time>2024-03-16T12:42:06.477Z</time>
      </trkpt>
      <trkpt lat="32.708244" lon="-16.917679">
        <ele>1305.0</ele>
        <time>2024-03-16T12:42:10.491Z</time>
      </trkpt>
      <trkpt lat="32.708286" lon="-16.917688">
        <ele>1305.0</ele>
        <time>2024-03-16T12:42:14.659Z</time>
      </trkpt>
      <trkpt lat="32.708327" lon="-16.917693">
        <ele>1305.0</ele>
        <time>2024-03-16T12:42:18.753Z</time>
      </trkpt>
      <trkpt lat="32.708368" lon="-16.917699">
        <ele>1305.0</ele>
        <time>2024-03-16T12:42:22.850Z</time>
      </trkpt>
      <trkpt lat="32.708410" lon="-16.917707">
        <ele>1305.0</ele>
        <time>2024-03-16T12:42:27.065Z</time>
      </trkpt>
      <trkpt lat="32.708453" lon="-16.917716">
        <ele>1306.0</ele>
        <time>2024-03-16T12:42:31.465Z</time>
      </trkpt>
      <trkpt lat="32.708496" lon="-16.917727">
        <ele>1306.0</ele>
        <time>2024-03-16T12:42:35.742Z</time>
      </trkpt>
      <trkpt lat="32.708538" lon="-16.917735">
        <ele>1307.0</ele>
        <time>2024-03-16T12:42:40.048Z</time>
      </trkpt>
      <trkpt lat="32.708582" lon="-16.917738">
        <ele>1307.0</ele>
        <time>2024-03-16T12:42:44.354Z</time>
      </trkpt>
      <trkpt lat="32.708626" lon="-16.917741">
        <ele>1307.0</ele>
        <time>2024-03-16T12:42:48.691Z</time>
      </trkpt>
      <trkpt lat="32.708671" lon="-16.917744">
        <ele>1308.0</ele>
        <time>2024-03-16T12:42:53.233Z</time>
      </trkpt>
      <trkpt lat="32.708716" lon="-16.917748">
        <ele>1308.0</ele>
        <time>2024-03-16T12:42:57.736Z</time>
      </trkpt>
      <trkpt lat="32.708759" lon="-16.917742">
        <ele>1308.0</ele>
        <time>2024-03-16T12:43:01.996Z</time>
      </trkpt>
      <trkpt lat="32.708797" lon="-16.917720">
        <ele>1308.0</ele>
        <time>2024-03-16T12:43:06.131Z</time>
      </trkpt>
      <trkpt lat="32.708827" lon="-16.917681">
        <ele>1308.0</ele>
        <time>2024-03-16T12:43:10.477Z</time>
      </trkpt>
      <trkpt lat="32.708847" lon="-16.917630">
        <ele>1308.0</ele>
        <time>2024-03-16T12:43:15.180Z</time>
      </trkpt>
      <trkpt lat="32.708862" lon="-16.917576">
        <ele>1308.0</ele>
        <time>2024-03-16T12:43:19.864Z</time>
      </trkpt>
      <trkpt lat="32.708880" lon="-16.917529">
        <ele>1308.0</ele>
        <time>2024-03-16T12:43:24.232Z</time>
      </trkpt>
      <trkpt lat="32.708908" lon="-16.917488">
        <ele>1308.0</ele>
        <time>2024-03-16T12:43:28.565Z</time>
      </trkpt>
      <trkpt lat="32.708940" lon="-16.917450">
        <ele>1308.0</ele>
        <time>2024-03-16T12:43:33.066Z</time>
      </trkpt>
      <trkpt lat="32.708972" lon="-16.917414">
        <ele>1308.0</ele>
        <time>2024-03-16T12:43:37.402Z</time>
      </trkpt>
      <trkpt lat="32.709004" lon="-16.917384">
        <ele>1309.0</ele>
        <time>2024-03-16T12:43:41.464Z</time>
      </trkpt>
      <trkpt lat="32.709036" lon="-16.917360">
        <ele>1310.0</ele>
        <time>2024-03-16T12:43:45.291Z</time>
      </trkpt>
      <trkpt lat="32.709067" lon="-16.917339">
        <ele>1310.0</ele>
        <time>2024-03-16T12:43:48.830Z</time>
      </trkpt>
      <trkpt lat="32.709099" lon="-16.917318">
        <ele>1310.0</ele>
        <time>2024-03-16T12:43:52.416Z</time>
      </trkpt>
      <trkpt lat="32.709129" lon="-16.917292">
        <ele>1310.0</ele>
        <time>2024-03-16T12:43:56.122Z</time>
      </trkpt>
      <trkpt lat="32.709156" lon="-16.917263">
        <ele>1310.0</ele>
        <time>2024-03-16T12:43:59.701Z</time>
      </trkpt>
      <trkpt lat="32.709185" lon="-16.917239">
        <ele>1311.0</ele>
        <time>2024-03-16T12:44:03.289Z</time>
      </trkpt>
      <trkpt lat="32.709215" lon="-16.917217">
        <ele>1311.0</ele>
        <time>2024-03-16T12:44:06.782Z</time>
      </trkpt>
      <trkpt lat="32.709231" lon="-16.917205">
        <ele>1311.0</ele>
        <time>2024-03-16T12:44:08.633Z</time>
      </trkpt>
      <trkpt lat="32.709263" lon="-16.917180">
        <ele>1312.0</ele>
        <time>2024-03-16T12:44:12.517Z</time>
      </trkpt>
      <trkpt lat="32.709280" lon="-16.917168">
        <ele>1312.0</ele>
        <time>2024-03-16T12:44:14.449Z</time>
      </trkpt>
      <trkpt lat="32.709315" lon="-16.917150">
        <ele>1312.0</ele>
        <time>2024-03-16T12:44:18.180Z</time>
      </trkpt>
      <trkpt lat="32.709350" lon="-16.917148">
        <ele>1313.0</ele>
        <time>2024-03-16T12:44:21.736Z</time>
      </trkpt>
      <trkpt lat="32.709386" lon="-16.917158">
        <ele>1313.0</ele>
        <time>2024-03-16T12:44:25.447Z</time>
      </trkpt>
      <trkpt lat="32.709425" lon="-16.917173">
        <ele>1313.0</ele>
        <time>2024-03-16T12:44:29.465Z</time>
      </trkpt>
      <trkpt lat="32.709465" lon="-16.917190">
        <ele>1314.0</ele>
        <time>2024-03-16T12:44:33.798Z</time>
      </trkpt>
      <trkpt lat="32.709506" lon="-16.917206">
        <ele>1314.0</ele>
        <time>2024-03-16T12:44:38.041Z</time>
      </trkpt>
      <trkpt lat="32.709547" lon="-16.917216">
        <ele>1315.0</ele>
        <time>2024-03-16T12:44:42.201Z</time>
      </trkpt>
      <trkpt lat="32.709587" lon="-16.917223">
        <ele>1315.0</ele>
        <time>2024-03-16T12:44:46.208Z</time>
      </trkpt>
      <trkpt lat="32.709625" lon="-16.917220">
        <ele>1315.0</ele>
        <time>2024-03-16T12:44:50.020Z</time>
      </trkpt>
      <trkpt lat="32.709666" lon="-16.917209">
        <ele>1316.0</ele>
        <time>2024-03-16T12:44:54.171Z</time>
      </trkpt>
      <trkpt lat="32.709709" lon="-16.917204">
        <ele>1316.0</ele>
        <time>2024-03-16T12:44:58.471Z</time>
      </trkpt>
      <trkpt lat="32.709752" lon="-16.917217">
        <ele>1316.0</ele>
        <time>2024-03-16T12:45:02.832Z</time>
      </trkpt>
      <trkpt lat="32.709792" lon="-16.917242">
        <ele>1316.0</ele>
        <time>2024-03-16T12:45:07.327Z</time>
      </trkpt>
      <trkpt lat="32.709829" lon="-16.917270">
        <ele>1316.0</ele>
        <time>2024-03-16T12:45:11.675Z</time>
      </trkpt>
      <trkpt lat="32.709863" lon="-16.917280">
        <ele>1316.0</ele>
        <time>2024-03-16T12:45:15.142Z</time>
      </trkpt>
      <trkpt lat="32.709891" lon="-16.917266">
        <ele>1316.0</ele>
        <time>2024-03-16T12:45:18.117Z</time>
      </trkpt>
      <trkpt lat="32.709911" lon="-16.917234">
        <ele>1317.0</ele>
        <time>2024-03-16T12:45:21.540Z</time>
      </trkpt>
      <trkpt lat="32.709924" lon="-16.917197">
        <ele>1317.0</ele>
        <time>2024-03-16T12:45:24.822Z</time>
      </trkpt>
      <trkpt lat="32.709939" lon="-16.917172">
        <ele>1317.0</ele>
        <time>2024-03-16T12:45:27.368Z</time>
      </trkpt>
      <trkpt lat="32.709962" lon="-16.917166">
        <ele>1318.0</ele>
        <time>2024-03-16T12:45:29.867Z</time>
      </trkpt>
      <trkpt lat="32.709992" lon="-16.917173">
        <ele>1319.0</ele>
        <time>2024-03-16T12:45:33.034Z</time>
      </trkpt>
      <trkpt lat="32.710025" lon="-16.917188">
        <ele>1320.0</ele>
        <time>2024-03-16T12:45:36.610Z</time>
      </trkpt>
      <trkpt lat="32.710054" lon="-16.917205">
        <ele>1320.0</ele>
        <time>2024-03-16T12:45:39.852Z</time>
      </trkpt>
      <trkpt lat="32.710079" lon="-16.917217">
        <ele>1320.0</ele>
        <time>2024-03-16T12:45:42.458Z</time>
      </trkpt>
      <trkpt lat="32.710098" lon="-16.917224">
        <ele>1321.0</ele>
        <time>2024-03-16T12:45:44.618Z</time>
      </trkpt>
      <trkpt lat="32.710115" lon="-16.917232">
        <ele>1321.0</ele>
        <time>2024-03-16T12:45:46.457Z</time>
      </trkpt>
      <trkpt lat="32.710131" lon="-16.917244">
        <ele>1322.0</ele>
        <time>2024-03-16T12:45:48.519Z</time>
      </trkpt>
      <trkpt lat="32.710151" lon="-16.917258">
        <ele>1322.0</ele>
        <time>2024-03-16T12:45:50.756Z</time>
      </trkpt>
      <trkpt lat="32.710174" lon="-16.917272">
        <ele>1323.0</ele>
        <time>2024-03-16T12:45:53.465Z</time>
      </trkpt>
      <trkpt lat="32.710198" lon="-16.917285">
        <ele>1324.0</ele>
        <time>2024-03-16T12:45:56.256Z</time>
      </trkpt>
      <trkpt lat="32.710222" lon="-16.917293">
        <ele>1324.0</ele>
        <time>2024-03-16T12:45:58.673Z</time>
      </trkpt>
      <trkpt lat="32.710232" lon="-16.917296">
        <ele>1324.0</ele>
        <time>2024-03-16T12:45:59.769Z</time>
      </trkpt>
      <trkpt lat="32.710255" lon="-16.917304">
        <ele>1325.0</ele>
        <time>2024-03-16T12:46:02.246Z</time>
      </trkpt>
      <trkpt lat="32.710267" lon="-16.917308">
        <ele>1325.0</ele>
        <time>2024-03-16T12:46:03.450Z</time>
      </trkpt>
      <trkpt lat="32.710293" lon="-16.917315">
        <ele>1325.0</ele>
        <time>2024-03-16T12:46:06.065Z</time>
      </trkpt>
      <trkpt lat="32.710319" lon="-16.917323">
        <ele>1326.0</ele>
        <time>2024-03-16T12:46:08.927Z</time>
      </trkpt>
      <trkpt lat="32.710345" lon="-16.917333">
        <ele>1327.0</ele>
        <time>2024-03-16T12:46:11.753Z</time>
      </trkpt>
      <trkpt lat="32.710358" lon="-16.917338">
        <ele>1327.0</ele>
        <time>2024-03-16T12:46:13.048Z</time>
      </trkpt>
      <trkpt lat="32.710382" lon="-16.917349">
        <ele>1328.0</ele>
        <time>2024-03-16T12:46:15.765Z</time>
      </trkpt>
      <trkpt lat="32.710394" lon="-16.917354">
        <ele>1328.0</ele>
        <time>2024-03-16T12:46:17.041Z</time>
      </trkpt>
      <trkpt lat="32.710419" lon="-16.917363">
        <ele>1328.0</ele>
        <time>2024-03-16T12:46:19.631Z</time>
      </trkpt>
      <trkpt lat="32.710447" lon="-16.917370">
        <ele>1328.0</ele>
        <time>2024-03-16T12:46:22.367Z</time>
      </trkpt>
      <trkpt lat="32.710476" lon="-16.917376">
        <ele>1328.0</ele>
        <time>2024-03-16T12:46:25.263Z</time>
      </trkpt>
      <trkpt lat="32.710506" lon="-16.917379">
        <ele>1329.0</ele>
        <time>2024-03-16T12:46:28.364Z</time>
      </trkpt>
      <trkpt lat="32.710535" lon="-16.917379">
        <ele>1329.0</ele>
        <time>2024-03-16T12:46:31.305Z</time>
      </trkpt>
      <trkpt lat="32.710565" lon="-16.917382">
        <ele>1329.0</ele>
        <time>2024-03-16T12:46:34.240Z</time>
      </trkpt>
      <trkpt lat="32.710591" lon="-16.917394">
        <ele>1329.0</ele>
        <time>2024-03-16T12:46:37.020Z</time>
      </trkpt>
      <trkpt lat="32.710609" lon="-16.917420">
        <ele>1329.0</ele>
        <time>2024-03-16T12:46:39.861Z</time>
      </trkpt>
      <trkpt lat="32.710626" lon="-16.917457">
        <ele>1330.0</ele>
        <time>2024-03-16T12:46:43.388Z</time>
      </trkpt>
      <trkpt lat="32.710650" lon="-16.917488">
        <ele>1330.0</ele>
        <time>2024-03-16T12:46:46.874Z</time>
      </trkpt>
      <trkpt lat="32.710681" lon="-16.917506">
        <ele>1330.0</ele>
        <time>2024-03-16T12:46:50.277Z</time>
      </trkpt>
      <trkpt lat="32.710716" lon="-16.917520">
        <ele>1330.0</ele>
        <time>2024-03-16T12:46:53.977Z</time>
      </trkpt>
      <trkpt lat="32.710750" lon="-16.917540">
        <ele>1331.0</ele>
        <time>2024-03-16T12:46:57.840Z</time>
      </trkpt>
      <trkpt lat="32.710778" lon="-16.917571">
        <ele>1332.0</ele>
        <time>2024-03-16T12:47:01.695Z</time>
      </trkpt>
      <trkpt lat="32.710805" lon="-16.917610">
        <ele>1332.0</ele>
        <time>2024-03-16T12:47:05.867Z</time>
      </trkpt>
      <trkpt lat="32.710836" lon="-16.917646">
        <ele>1332.0</ele>
        <time>2024-03-16T12:47:10.210Z</time>
      </trkpt>
      <trkpt lat="32.710868" lon="-16.917680">
        <ele>1333.0</ele>
        <time>2024-03-16T12:47:14.543Z</time>
      </trkpt>
      <trkpt lat="32.710894" lon="-16.917721">
        <ele>1333.0</ele>
        <time>2024-03-16T12:47:18.697Z</time>
      </trkpt>
      <trkpt lat="32.710914" lon="-16.917763">
        <ele>1334.0</ele>
        <time>2024-03-16T12:47:22.833Z</time>
      </trkpt>
      <trkpt lat="32.710934" lon="-16.917804">
        <ele>1334.0</ele>
        <time>2024-03-16T12:47:26.773Z</time>
      </trkpt>
      <trkpt lat="32.710961" lon="-16.917837">
        <ele>1334.0</ele>
        <time>2024-03-16T12:47:30.624Z</time>
      </trkpt>
      <trkpt lat="32.710999" lon="-16.917855">
        <ele>1335.0</ele>
        <time>2024-03-16T12:47:34.741Z</time>
      </trkpt>
      <trkpt lat="32.711045" lon="-16.917854">
        <ele>1335.0</ele>
        <time>2024-03-16T12:47:39.236Z</time>
      </trkpt>
      <trkpt lat="32.711092" lon="-16.917840">
        <ele>1336.0</ele>
        <time>2024-03-16T12:47:44.111Z</time>
      </trkpt>
      <trkpt lat="32.711135" lon="-16.917813">
        <ele>1336.0</ele>
        <time>2024-03-16T12:47:48.921Z</time>
      </trkpt>
      <trkpt lat="32.711168" lon="-16.917777">
        <ele>1336.0</ele>
        <time>2024-03-16T12:47:53.368Z</time>
      </trkpt>
      <trkpt lat="32.711185" lon="-16.917729">
        <ele>1336.0</ele>
        <time>2024-03-16T12:47:57.659Z</time>
      </trkpt>
      <trkpt lat="32.711194" lon="-16.917678">
        <ele>1336.0</ele>
        <time>2024-03-16T12:48:02.016Z</time>
      </trkpt>
      <trkpt lat="32.711208" lon="-16.917633">
        <ele>1336.0</ele>
        <time>2024-03-16T12:48:05.973Z</time>
      </trkpt>
      <trkpt lat="32.711233" lon="-16.917598">
        <ele>1336.0</ele>
        <time>2024-03-16T12:48:09.751Z</time>
      </trkpt>
      <trkpt lat="32.711265" lon="-16.917571">
        <ele>1336.0</ele>
        <time>2024-03-16T12:48:13.713Z</time>
      </trkpt>
      <trkpt lat="32.711305" lon="-16.917550">
        <ele>1337.0</ele>
        <time>2024-03-16T12:48:18.110Z</time>
      </trkpt>
      <trkpt lat="32.711326" lon="-16.917540">
        <ele>1337.0</ele>
        <time>2024-03-16T12:48:20.297Z</time>
      </trkpt>
      <trkpt lat="32.711368" lon="-16.917521">
        <ele>1337.0</ele>
        <time>2024-03-16T12:48:24.732Z</time>
      </trkpt>
      <trkpt lat="32.711390" lon="-16.917512">
        <ele>1337.0</ele>
        <time>2024-03-16T12:48:27.003Z</time>
      </trkpt>
      <trkpt lat="32.711439" lon="-16.917499">
        <ele>1337.0</ele>
        <time>2024-03-16T12:48:32.013Z</time>
      </trkpt>
      <trkpt lat="32.711490" lon="-16.917499">
        <ele>1337.0</ele>
        <time>2024-03-16T12:48:37.005Z</time>
      </trkpt>
      <trkpt lat="32.711536" lon="-16.917519">
        <ele>1337.0</ele>
        <time>2024-03-16T12:48:41.847Z</time>
      </trkpt>
      <trkpt lat="32.711581" lon="-16.917549">
        <ele>1337.0</ele>
        <time>2024-03-16T12:48:46.915Z</time>
      </trkpt>
      <trkpt lat="32.711628" lon="-16.917565">
        <ele>1338.0</ele>
        <time>2024-03-16T12:48:51.881Z</time>
      </trkpt>
      <trkpt lat="32.711677" lon="-16.917556">
        <ele>1338.0</ele>
        <time>2024-03-16T12:48:56.750Z</time>
      </trkpt>
      <trkpt lat="32.711720" lon="-16.917523">
        <ele>1338.0</ele>
        <time>2024-03-16T12:49:01.756Z</time>
      </trkpt>
      <trkpt lat="32.711754" lon="-16.917476">
        <ele>1338.0</ele>
        <time>2024-03-16T12:49:06.927Z</time>
      </trkpt>
      <trkpt lat="32.711776" lon="-16.917419">
        <ele>1338.0</ele>
        <time>2024-03-16T12:49:12.125Z</time>
      </trkpt>
      <trkpt lat="32.711790" lon="-16.917358">
        <ele>1338.0</ele>
        <time>2024-03-16T12:49:17.319Z</time>
      </trkpt>
      <trkpt lat="32.711800" lon="-16.917297">
        <ele>1338.0</ele>
        <time>2024-03-16T12:49:22.472Z</time>
      </trkpt>
      <trkpt lat="32.711805" lon="-16.917236">
        <ele>1338.0</ele>
        <time>2024-03-16T12:49:27.599Z</time>
      </trkpt>
      <trkpt lat="32.711806" lon="-16.917174">
        <ele>1338.0</ele>
        <time>2024-03-16T12:49:32.770Z</time>
      </trkpt>
      <trkpt lat="32.711807" lon="-16.917113">
        <ele>1338.0</ele>
        <time>2024-03-16T12:49:37.833Z</time>
      </trkpt>
      <trkpt lat="32.711813" lon="-16.917054">
        <ele>1338.0</ele>
        <time>2024-03-16T12:49:42.699Z</time>
      </trkpt>
      <trkpt lat="32.711825" lon="-16.916999">
        <ele>1338.0</ele>
        <time>2024-03-16T12:49:47.479Z</time>
      </trkpt>
      <trkpt lat="32.711842" lon="-16.916944">
        <ele>1338.0</ele>
        <time>2024-03-16T12:49:52.337Z</time>
      </trkpt>
      <trkpt lat="32.711858" lon="-16.916888">
        <ele>1339.0</ele>
        <time>2024-03-16T12:49:57.284Z</time>
      </trkpt>
      <trkpt lat="32.711869" lon="-16.916831">
        <ele>1339.0</ele>
        <time>2024-03-16T12:50:02.174Z</time>
      </trkpt>
      <trkpt lat="32.711873" lon="-16.916802">
        <ele>1339.0</ele>
        <time>2024-03-16T12:50:04.559Z</time>
      </trkpt>
      <trkpt lat="32.711882" lon="-16.916747">
        <ele>1339.0</ele>
        <time>2024-03-16T12:50:09.255Z</time>
      </trkpt>
      <trkpt lat="32.711886" lon="-16.916719">
        <ele>1339.0</ele>
        <time>2024-03-16T12:50:11.567Z</time>
      </trkpt>
      <trkpt lat="32.711896" lon="-16.916665">
        <ele>1339.0</ele>
        <time>2024-03-16T12:50:16.173Z</time>
      </trkpt>
      <trkpt lat="32.711903" lon="-16.916611">
        <ele>1339.0</ele>
        <time>2024-03-16T12:50:20.711Z</time>
      </trkpt>
      <trkpt lat="32.711911" lon="-16.916556">
        <ele>1339.0</ele>
        <time>2024-03-16T12:50:25.315Z</time>
      </trkpt>
      <trkpt lat="32.711925" lon="-16.916502">
        <ele>1339.0</ele>
        <time>2024-03-16T12:50:29.986Z</time>
      </trkpt>
      <trkpt lat="32.711949" lon="-16.916460">
        <ele>1339.0</ele>
        <time>2024-03-16T12:50:34.220Z</time>
      </trkpt>
      <trkpt lat="32.711987" lon="-16.916437">
        <ele>1339.0</ele>
        <time>2024-03-16T12:50:38.428Z</time>
      </trkpt>
      <trkpt lat="32.712034" lon="-16.916431">
        <ele>1339.0</ele>
        <time>2024-03-16T12:50:43.103Z</time>
      </trkpt>
      <trkpt lat="32.712084" lon="-16.916434">
        <ele>1339.0</ele>
        <time>2024-03-16T12:50:48.054Z</time>
      </trkpt>
      <trkpt lat="32.712134" lon="-16.916441">
        <ele>1340.0</ele>
        <time>2024-03-16T12:50:53.053Z</time>
      </trkpt>
      <trkpt lat="32.712182" lon="-16.916444">
        <ele>1340.0</ele>
        <time>2024-03-16T12:50:57.784Z</time>
      </trkpt>
      <trkpt lat="32.712203" lon="-16.916443">
        <ele>1340.0</ele>
        <time>2024-03-16T12:50:59.902Z</time>
      </trkpt>
      <trkpt lat="32.712241" lon="-16.916441">
        <ele>1340.0</ele>
        <time>2024-03-16T12:51:03.608Z</time>
      </trkpt>
      <trkpt lat="32.712257" lon="-16.916440">
        <ele>1340.0</ele>
        <time>2024-03-16T12:51:05.230Z</time>
      </trkpt>
      <trkpt lat="32.712281" lon="-16.916436">
        <ele>1340.0</ele>
        <time>2024-03-16T12:51:07.617Z</time>
      </trkpt>
      <trkpt lat="32.712310" lon="-16.916432">
        <ele>1340.0</ele>
        <time>2024-03-16T12:51:10.461Z</time>
      </trkpt>
      <trkpt lat="32.712348" lon="-16.916430">
        <ele>1340.0</ele>
        <time>2024-03-16T12:51:14.250Z</time>
      </trkpt>
      <trkpt lat="32.712394" lon="-16.916427">
        <ele>1340.0</ele>
        <time>2024-03-16T12:51:18.756Z</time>
      </trkpt>
      <trkpt lat="32.712438" lon="-16.916415">
        <ele>1340.0</ele>
        <time>2024-03-16T12:51:23.156Z</time>
      </trkpt>
      <trkpt lat="32.712476" lon="-16.916392">
        <ele>1340.0</ele>
        <time>2024-03-16T12:51:27.423Z</time>
      </trkpt>
      <trkpt lat="32.712513" lon="-16.916358">
        <ele>1340.0</ele>
        <time>2024-03-16T12:51:32.055Z</time>
      </trkpt>
      <trkpt lat="32.712547" lon="-16.916314">
        <ele>1340.0</ele>
        <time>2024-03-16T12:51:36.972Z</time>
      </trkpt>
      <trkpt lat="32.712574" lon="-16.916262">
        <ele>1340.0</ele>
        <time>2024-03-16T12:51:42.055Z</time>
      </trkpt>
      <trkpt lat="32.712596" lon="-16.916205">
        <ele>1340.0</ele>
        <time>2024-03-16T12:51:47.219Z</time>
      </trkpt>
      <trkpt lat="32.712617" lon="-16.916145">
        <ele>1340.0</ele>
        <time>2024-03-16T12:51:52.616Z</time>
      </trkpt>
      <trkpt lat="32.712636" lon="-16.916082">
        <ele>1340.0</ele>
        <time>2024-03-16T12:51:58.145Z</time>
      </trkpt>
      <trkpt lat="32.712653" lon="-16.916023">
        <ele>1340.0</ele>
        <time>2024-03-16T12:52:03.355Z</time>
      </trkpt>
      <trkpt lat="32.712677" lon="-16.915983">
        <ele>1340.0</ele>
        <time>2024-03-16T12:52:07.452Z</time>
      </trkpt>
      <trkpt lat="32.712718" lon="-16.915977">
        <ele>1341.0</ele>
        <time>2024-03-16T12:52:11.576Z</time>
      </trkpt>
      <trkpt lat="32.712769" lon="-16.915995">
        <ele>1341.0</ele>
        <time>2024-03-16T12:52:16.856Z</time>
      </trkpt>
      <trkpt lat="32.712822" lon="-16.916018">
        <ele>1341.0</ele>
        <time>2024-03-16T12:52:22.409Z</time>
      </trkpt>
      <trkpt lat="32.712871" lon="-16.916020">
        <ele>1341.0</ele>
        <time>2024-03-16T12:52:27.208Z</time>
      </trkpt>
      <trkpt lat="32.712915" lon="-16.916001">
        <ele>1341.0</ele>
        <time>2024-03-16T12:52:31.829Z</time>
      </trkpt>
      <trkpt lat="32.712959" lon="-16.915977">
        <ele>1342.0</ele>
        <time>2024-03-16T12:52:36.699Z</time>
      </trkpt>
      <trkpt lat="32.713006" lon="-16.915965">
        <ele>1342.0</ele>
        <time>2024-03-16T12:52:41.421Z</time>
      </trkpt>
      <trkpt lat="32.713052" lon="-16.915970">
        <ele>1342.0</ele>
        <time>2024-03-16T12:52:46.006Z</time>
      </trkpt>
      <trkpt lat="32.713099" lon="-16.915968">
        <ele>1342.0</ele>
        <time>2024-03-16T12:52:50.590Z</time>
      </trkpt>
      <trkpt lat="32.713141" lon="-16.915945">
        <ele>1342.0</ele>
        <time>2024-03-16T12:52:55.187Z</time>
      </trkpt>
      <trkpt lat="32.713183" lon="-16.915909">
        <ele>1342.0</ele>
        <time>2024-03-16T12:53:00.328Z</time>
      </trkpt>
      <trkpt lat="32.713228" lon="-16.915878">
        <ele>1342.0</ele>
        <time>2024-03-16T12:53:05.473Z</time>
      </trkpt>
      <trkpt lat="32.713275" lon="-16.915860">
        <ele>1343.0</ele>
        <time>2024-03-16T12:53:10.347Z</time>
      </trkpt>
      <trkpt lat="32.713318" lon="-16.915854">
        <ele>1343.0</ele>
        <time>2024-03-16T12:53:14.663Z</time>
      </trkpt>
      <trkpt lat="32.713364" lon="-16.915851">
        <ele>1343.0</ele>
        <time>2024-03-16T12:53:19.214Z</time>
      </trkpt>
      <trkpt lat="32.713414" lon="-16.915842">
        <ele>1343.0</ele>
        <time>2024-03-16T12:53:24.152Z</time>
      </trkpt>
      <trkpt lat="32.713461" lon="-16.915818">
        <ele>1343.0</ele>
        <time>2024-03-16T12:53:29.256Z</time>
      </trkpt>
      <trkpt lat="32.713504" lon="-16.915787">
        <ele>1343.0</ele>
        <time>2024-03-16T12:53:34.180Z</time>
      </trkpt>
      <trkpt lat="32.713550" lon="-16.915769">
        <ele>1343.0</ele>
        <time>2024-03-16T12:53:38.950Z</time>
      </trkpt>
      <trkpt lat="32.713601" lon="-16.915773">
        <ele>1343.0</ele>
        <time>2024-03-16T12:53:43.986Z</time>
      </trkpt>
      <trkpt lat="32.713656" lon="-16.915786">
        <ele>1343.0</ele>
        <time>2024-03-16T12:53:49.486Z</time>
      </trkpt>
      <trkpt lat="32.713713" lon="-16.915791">
        <ele>1344.0</ele>
        <time>2024-03-16T12:53:55.187Z</time>
      </trkpt>
      <trkpt lat="32.713770" lon="-16.915781">
        <ele>1345.0</ele>
        <time>2024-03-16T12:54:00.962Z</time>
      </trkpt>
      <trkpt lat="32.713828" lon="-16.915766">
        <ele>1344.0</ele>
        <time>2024-03-16T12:54:06.946Z</time>
      </trkpt>
      <trkpt lat="32.713885" lon="-16.915752">
        <ele>1343.0</ele>
        <time>2024-03-16T12:54:12.711Z</time>
      </trkpt>
      <trkpt lat="32.713941" lon="-16.915747">
        <ele>1343.0</ele>
        <time>2024-03-16T12:54:18.263Z</time>
      </trkpt>
      <trkpt lat="32.713996" lon="-16.915749">
        <ele>1344.0</ele>
        <time>2024-03-16T12:54:23.745Z</time>
      </trkpt>
      <trkpt lat="32.714045" lon="-16.915754">
        <ele>1345.0</ele>
        <time>2024-03-16T12:54:28.649Z</time>
      </trkpt>
      <trkpt lat="32.714088" lon="-16.915753">
        <ele>1345.0</ele>
        <time>2024-03-16T12:54:32.916Z</time>
      </trkpt>
      <trkpt lat="32.714135" lon="-16.915749">
        <ele>1345.0</ele>
        <time>2024-03-16T12:54:37.540Z</time>
      </trkpt>
      <trkpt lat="32.714187" lon="-16.915741">
        <ele>1344.0</ele>
        <time>2024-03-16T12:54:42.777Z</time>
      </trkpt>
      <trkpt lat="32.714239" lon="-16.915719">
        <ele>1343.0</ele>
        <time>2024-03-16T12:54:48.312Z</time>
      </trkpt>
      <trkpt lat="32.714288" lon="-16.915681">
        <ele>1343.0</ele>
        <time>2024-03-16T12:54:54.123Z</time>
      </trkpt>
      <trkpt lat="32.714334" lon="-16.915635">
        <ele>1343.0</ele>
        <time>2024-03-16T12:55:00.043Z</time>
      </trkpt>
      <trkpt lat="32.714377" lon="-16.915585">
        <ele>1344.0</ele>
        <time>2024-03-16T12:55:06.065Z</time>
      </trkpt>
      <trkpt lat="32.714421" lon="-16.915537">
        <ele>1345.0</ele>
        <time>2024-03-16T12:55:11.925Z</time>
      </trkpt>
      <trkpt lat="32.714464" lon="-16.915498">
        <ele>1345.0</ele>
        <time>2024-03-16T12:55:17.357Z</time>
      </trkpt>
      <trkpt lat="32.714505" lon="-16.915475">
        <ele>1345.0</ele>
        <time>2024-03-16T12:55:21.777Z</time>
      </trkpt>
      <trkpt lat="32.714539" lon="-16.915475">
        <ele>1345.0</ele>
        <time>2024-03-16T12:55:25.166Z</time>
      </trkpt>
      <trkpt lat="32.714548" lon="-16.915479">
        <ele>1345.0</ele>
        <time>2024-03-16T12:55:26.118Z</time>
      </trkpt>
      <trkpt lat="32.714553" lon="-16.915481">
        <ele>1345.0</ele>
        <time>2024-03-16T12:55:26.593Z</time>
      </trkpt>
      <trkpt lat="32.714566" lon="-16.915501">
        <ele>1345.0</ele>
        <time>2024-03-16T12:55:28.694Z</time>
      </trkpt>
      <trkpt lat="32.714569" lon="-16.915547">
        <ele>1345.0</ele>
        <time>2024-03-16T12:55:32.477Z</time>
      </trkpt>
      <trkpt lat="32.714566" lon="-16.915621">
        <ele>1345.0</ele>
        <time>2024-03-16T12:55:38.652Z</time>
      </trkpt>
      <trkpt lat="32.714562" lon="-16.915705">
        <ele>1345.0</ele>
        <time>2024-03-16T12:55:45.594Z</time>
      </trkpt>
      <trkpt lat="32.714569" lon="-16.915782">
        <ele>1346.0</ele>
        <time>2024-03-16T12:55:52.104Z</time>
      </trkpt>
      <trkpt lat="32.714591" lon="-16.915847">
        <ele>1346.0</ele>
        <time>2024-03-16T12:55:57.909Z</time>
      </trkpt>
      <trkpt lat="32.714619" lon="-16.915902">
        <ele>1346.0</ele>
        <time>2024-03-16T12:56:03.279Z</time>
      </trkpt>
      <trkpt lat="32.714651" lon="-16.915950">
        <ele>1347.0</ele>
        <time>2024-03-16T12:56:08.413Z</time>
      </trkpt>
      <trkpt lat="32.714693" lon="-16.915985">
        <ele>1347.0</ele>
        <time>2024-03-16T12:56:13.439Z</time>
      </trkpt>
      <trkpt lat="32.714744" lon="-16.916003">
        <ele>1348.0</ele>
        <time>2024-03-16T12:56:18.795Z</time>
      </trkpt>
      <trkpt lat="32.714802" lon="-16.916011">
        <ele>1348.0</ele>
        <time>2024-03-16T12:56:24.552Z</time>
      </trkpt>
      <trkpt lat="32.714861" lon="-16.916014">
        <ele>1348.0</ele>
        <time>2024-03-16T12:56:30.409Z</time>
      </trkpt>
      <trkpt lat="32.714921" lon="-16.916012">
        <ele>1349.0</ele>
        <time>2024-03-16T12:56:36.345Z</time>
      </trkpt>
      <trkpt lat="32.714980" lon="-16.916014">
        <ele>1349.0</ele>
        <time>2024-03-16T12:56:42.180Z</time>
      </trkpt>
      <trkpt lat="32.715038" lon="-16.916025">
        <ele>1349.0</ele>
        <time>2024-03-16T12:56:47.951Z</time>
      </trkpt>
      <trkpt lat="32.715090" lon="-16.916043">
        <ele>1349.0</ele>
        <time>2024-03-16T12:56:53.319Z</time>
      </trkpt>
      <trkpt lat="32.715141" lon="-16.916059">
        <ele>1349.0</ele>
        <time>2024-03-16T12:56:58.479Z</time>
      </trkpt>
      <trkpt lat="32.715194" lon="-16.916068">
        <ele>1349.0</ele>
        <time>2024-03-16T12:57:03.769Z</time>
      </trkpt>
      <trkpt lat="32.715247" lon="-16.916073">
        <ele>1349.0</ele>
        <time>2024-03-16T12:57:09.045Z</time>
      </trkpt>
      <trkpt lat="32.715296" lon="-16.916082">
        <ele>1349.0</ele>
        <time>2024-03-16T12:57:13.944Z</time>
      </trkpt>
      <trkpt lat="32.715330" lon="-16.916104">
        <ele>1349.0</ele>
        <time>2024-03-16T12:57:17.739Z</time>
      </trkpt>
      <trkpt lat="32.715335" lon="-16.916144">
        <ele>1349.0</ele>
        <time>2024-03-16T12:57:21.048Z</time>
      </trkpt>
      <trkpt lat="32.715313" lon="-16.916191">
        <ele>1349.0</ele>
        <time>2024-03-16T12:57:25.548Z</time>
      </trkpt>
      <trkpt lat="32.715274" lon="-16.916239">
        <ele>1349.0</ele>
        <time>2024-03-16T12:57:31.069Z</time>
      </trkpt>
      <trkpt lat="32.715229" lon="-16.916288">
        <ele>1349.0</ele>
        <time>2024-03-16T12:57:37.076Z</time>
      </trkpt>
      <trkpt lat="32.715185" lon="-16.916337">
        <ele>1349.0</ele>
        <time>2024-03-16T12:57:43.020Z</time>
      </trkpt>
      <trkpt lat="32.715154" lon="-16.916386">
        <ele>1349.0</ele>
        <time>2024-03-16T12:57:48.166Z</time>
      </trkpt>
      <trkpt lat="32.715148" lon="-16.916438">
        <ele>1350.0</ele>
        <time>2024-03-16T12:57:52.618Z</time>
      </trkpt>
      <trkpt lat="32.715167" lon="-16.916491">
        <ele>1350.0</ele>
        <time>2024-03-16T12:57:57.374Z</time>
      </trkpt>
      <trkpt lat="32.715194" lon="-16.916546">
        <ele>1350.0</ele>
        <time>2024-03-16T12:58:02.654Z</time>
      </trkpt>
      <trkpt lat="32.715220" lon="-16.916601">
        <ele>1350.0</ele>
        <time>2024-03-16T12:58:07.859Z</time>
      </trkpt>
      <trkpt lat="32.715239" lon="-16.916659">
        <ele>1350.0</ele>
        <time>2024-03-16T12:58:13.038Z</time>
      </trkpt>
      <trkpt lat="32.715257" lon="-16.916717">
        <ele>1351.0</ele>
        <time>2024-03-16T12:58:18.211Z</time>
      </trkpt>
      <trkpt lat="32.715278" lon="-16.916771">
        <ele>1351.0</ele>
        <time>2024-03-16T12:58:23.193Z</time>
      </trkpt>
      <trkpt lat="32.715307" lon="-16.916817">
        <ele>1352.0</ele>
        <time>2024-03-16T12:58:28.061Z</time>
      </trkpt>
      <trkpt lat="32.715344" lon="-16.916853">
        <ele>1352.0</ele>
        <time>2024-03-16T12:58:32.715Z</time>
      </trkpt>
      <trkpt lat="32.715384" lon="-16.916878">
        <ele>1352.0</ele>
        <time>2024-03-16T12:58:37.178Z</time>
      </trkpt>
      <trkpt lat="32.715420" lon="-16.916885">
        <ele>1352.0</ele>
        <time>2024-03-16T12:58:40.798Z</time>
      </trkpt>
      <trkpt lat="32.715448" lon="-16.916880">
        <ele>1352.0</ele>
        <time>2024-03-16T12:58:43.645Z</time>
      </trkpt>
      <trkpt lat="32.715472" lon="-16.916872">
        <ele>1352.0</ele>
        <time>2024-03-16T12:58:46.067Z</time>
      </trkpt>
      <trkpt lat="32.715493" lon="-16.916869">
        <ele>1352.0</ele>
        <time>2024-03-16T12:58:48.194Z</time>
      </trkpt>
      <trkpt lat="32.715503" lon="-16.916871">
        <ele>1352.0</ele>
        <time>2024-03-16T12:58:49.150Z</time>
      </trkpt>
      <trkpt lat="32.715513" lon="-16.916873">
        <ele>1352.0</ele>
        <time>2024-03-16T12:58:50.125Z</time>
      </trkpt>
      <trkpt lat="32.715532" lon="-16.916882">
        <ele>1353.0</ele>
        <time>2024-03-16T12:58:52.365Z</time>
      </trkpt>
      <trkpt lat="32.715554" lon="-16.916893">
        <ele>1353.0</ele>
        <time>2024-03-16T12:58:54.712Z</time>
      </trkpt>
      <trkpt lat="32.715576" lon="-16.916908">
        <ele>1354.0</ele>
        <time>2024-03-16T12:58:57.325Z</time>
      </trkpt>
      <trkpt lat="32.715595" lon="-16.916924">
        <ele>1354.0</ele>
        <time>2024-03-16T12:58:59.650Z</time>
      </trkpt>
      <trkpt lat="32.715615" lon="-16.916935">
        <ele>1354.0</ele>
        <time>2024-03-16T12:59:01.789Z</time>
      </trkpt>
      <trkpt lat="32.715634" lon="-16.916941">
        <ele>1355.0</ele>
        <time>2024-03-16T12:59:03.907Z</time>
      </trkpt>
      <trkpt lat="32.715653" lon="-16.916944">
        <ele>1356.0</ele>
        <time>2024-03-16T12:59:06.032Z</time>
      </trkpt>
      <trkpt lat="32.715673" lon="-16.916946">
        <ele>1357.0</ele>
        <time>2024-03-16T12:59:08.215Z</time>
      </trkpt>
      <trkpt lat="32.715692" lon="-16.916949">
        <ele>1357.0</ele>
        <time>2024-03-16T12:59:10.102Z</time>
      </trkpt>
      <trkpt lat="32.715701" lon="-16.916953">
        <ele>1357.0</ele>
        <time>2024-03-16T12:59:10.972Z</time>
      </trkpt>
      <trkpt lat="32.715709" lon="-16.916956">
        <ele>1357.0</ele>
        <time>2024-03-16T12:59:11.873Z</time>
      </trkpt>
      <trkpt lat="32.715726" lon="-16.916972">
        <ele>1358.0</ele>
        <time>2024-03-16T12:59:14.151Z</time>
      </trkpt>
      <trkpt lat="32.715741" lon="-16.916994">
        <ele>1359.0</ele>
        <time>2024-03-16T12:59:16.665Z</time>
      </trkpt>
      <trkpt lat="32.715753" lon="-16.917019">
        <ele>1360.0</ele>
        <time>2024-03-16T12:59:19.208Z</time>
      </trkpt>
      <trkpt lat="32.715769" lon="-16.917044">
        <ele>1360.0</ele>
        <time>2024-03-16T12:59:21.777Z</time>
      </trkpt>
      <trkpt lat="32.715787" lon="-16.917074">
        <ele>1360.0</ele>
        <time>2024-03-16T12:59:24.850Z</time>
      </trkpt>
      <trkpt lat="32.715809" lon="-16.917109">
        <ele>1361.0</ele>
        <time>2024-03-16T12:59:28.565Z</time>
      </trkpt>
      <trkpt lat="32.715821" lon="-16.917127">
        <ele>1362.0</ele>
        <time>2024-03-16T12:59:30.676Z</time>
      </trkpt>
      <trkpt lat="32.715844" lon="-16.917163">
        <ele>1363.0</ele>
        <time>2024-03-16T12:59:34.506Z</time>
      </trkpt>
      <trkpt lat="32.715855" lon="-16.917180">
        <ele>1364.0</ele>
        <time>2024-03-16T12:59:36.520Z</time>
      </trkpt>
      <trkpt lat="32.715877" lon="-16.917208">
        <ele>1364.0</ele>
        <time>2024-03-16T12:59:39.729Z</time>
      </trkpt>
      <trkpt lat="32.715900" lon="-16.917231">
        <ele>1364.0</ele>
        <time>2024-03-16T12:59:42.651Z</time>
      </trkpt>
      <trkpt lat="32.715909" lon="-16.917240">
        <ele>1365.0</ele>
        <time>2024-03-16T12:59:44.165Z</time>
      </trkpt>
      <trkpt lat="32.715927" lon="-16.917258">
        <ele>1365.0</ele>
        <time>2024-03-16T12:59:46.471Z</time>
      </trkpt>
      <trkpt lat="32.715936" lon="-16.917266">
        <ele>1366.0</ele>
        <time>2024-03-16T12:59:47.874Z</time>
      </trkpt>
      <trkpt lat="32.715953" lon="-16.917281">
        <ele>1367.0</ele>
        <time>2024-03-16T12:59:50.150Z</time>
      </trkpt>
      <trkpt lat="32.715972" lon="-16.917298">
        <ele>1367.0</ele>
        <time>2024-03-16T12:59:52.479Z</time>
      </trkpt>
      <trkpt lat="32.715981" lon="-16.917309">
        <ele>1367.0</ele>
        <time>2024-03-16T12:59:53.741Z</time>
      </trkpt>
      <trkpt lat="32.715999" lon="-16.917329">
        <ele>1367.0</ele>
        <time>2024-03-16T12:59:56.166Z</time>
      </trkpt>
      <trkpt lat="32.716007" lon="-16.917339">
        <ele>1367.0</ele>
        <time>2024-03-16T12:59:57.333Z</time>
      </trkpt>
      <trkpt lat="32.716021" lon="-16.917357">
        <ele>1368.0</ele>
        <time>2024-03-16T12:59:59.534Z</time>
      </trkpt>
      <trkpt lat="32.716035" lon="-16.917372">
        <ele>1369.0</ele>
        <time>2024-03-16T13:00:01.621Z</time>
      </trkpt>
      <trkpt lat="32.716051" lon="-16.917385">
        <ele>1369.0</ele>
        <time>2024-03-16T13:00:03.467Z</time>
      </trkpt>
      <trkpt lat="32.716065" lon="-16.917400">
        <ele>1369.0</ele>
        <time>2024-03-16T13:00:05.367Z</time>
      </trkpt>
      <trkpt lat="32.716081" lon="-16.917416">
        <ele>1370.0</ele>
        <time>2024-03-16T13:00:07.635Z</time>
      </trkpt>
      <trkpt lat="32.716098" lon="-16.917436">
        <ele>1371.0</ele>
        <time>2024-03-16T13:00:10.130Z</time>
      </trkpt>
      <trkpt lat="32.716116" lon="-16.917459">
        <ele>1372.0</ele>
        <time>2024-03-16T13:00:12.869Z</time>
      </trkpt>
      <trkpt lat="32.716135" lon="-16.917482">
        <ele>1372.0</ele>
        <time>2024-03-16T13:00:15.543Z</time>
      </trkpt>
      <trkpt lat="32.716155" lon="-16.917504">
        <ele>1372.0</ele>
        <time>2024-03-16T13:00:18.236Z</time>
      </trkpt>
      <trkpt lat="32.716174" lon="-16.917524">
        <ele>1373.0</ele>
        <time>2024-03-16T13:00:20.888Z</time>
      </trkpt>
      <trkpt lat="32.716193" lon="-16.917536">
        <ele>1373.0</ele>
        <time>2024-03-16T13:00:22.965Z</time>
      </trkpt>
      <trkpt lat="32.716211" lon="-16.917542">
        <ele>1374.0</ele>
        <time>2024-03-16T13:00:25.030Z</time>
      </trkpt>
      <trkpt lat="32.716230" lon="-16.917552">
        <ele>1374.0</ele>
        <time>2024-03-16T13:00:27.076Z</time>
      </trkpt>
      <trkpt lat="32.716251" lon="-16.917564">
        <ele>1374.0</ele>
        <time>2024-03-16T13:00:29.416Z</time>
      </trkpt>
      <trkpt lat="32.716272" lon="-16.917579">
        <ele>1375.0</ele>
        <time>2024-03-16T13:00:31.982Z</time>
      </trkpt>
      <trkpt lat="32.716293" lon="-16.917597">
        <ele>1375.0</ele>
        <time>2024-03-16T13:00:34.486Z</time>
      </trkpt>
      <trkpt lat="32.716311" lon="-16.917620">
        <ele>1376.0</ele>
        <time>2024-03-16T13:00:37.222Z</time>
      </trkpt>
      <trkpt lat="32.716329" lon="-16.917645">
        <ele>1376.0</ele>
        <time>2024-03-16T13:00:39.990Z</time>
      </trkpt>
      <trkpt lat="32.716351" lon="-16.917668">
        <ele>1377.0</ele>
        <time>2024-03-16T13:00:42.992Z</time>
      </trkpt>
      <trkpt lat="32.716374" lon="-16.917688">
        <ele>1378.0</ele>
        <time>2024-03-16T13:00:45.930Z</time>
      </trkpt>
      <trkpt lat="32.716396" lon="-16.917704">
        <ele>1378.0</ele>
        <time>2024-03-16T13:00:48.500Z</time>
      </trkpt>
      <trkpt lat="32.716417" lon="-16.917715">
        <ele>1378.0</ele>
        <time>2024-03-16T13:00:50.729Z</time>
      </trkpt>
      <trkpt lat="32.716436" lon="-16.917722">
        <ele>1379.0</ele>
        <time>2024-03-16T13:00:52.881Z</time>
      </trkpt>
      <trkpt lat="32.716454" lon="-16.917724">
        <ele>1380.0</ele>
        <time>2024-03-16T13:00:54.923Z</time>
      </trkpt>
      <trkpt lat="32.716473" lon="-16.917722">
        <ele>1381.0</ele>
        <time>2024-03-16T13:00:56.965Z</time>
      </trkpt>
      <trkpt lat="32.716492" lon="-16.917719">
        <ele>1382.0</ele>
        <time>2024-03-16T13:00:59.020Z</time>
      </trkpt>
      <trkpt lat="32.716510" lon="-16.917717">
        <ele>1383.0</ele>
        <time>2024-03-16T13:01:01.047Z</time>
      </trkpt>
      <trkpt lat="32.716529" lon="-16.917722">
        <ele>1383.0</ele>
        <time>2024-03-16T13:01:02.947Z</time>
      </trkpt>
      <trkpt lat="32.716547" lon="-16.917729">
        <ele>1384.0</ele>
        <time>2024-03-16T13:01:05.059Z</time>
      </trkpt>
      <trkpt lat="32.716565" lon="-16.917734">
        <ele>1385.0</ele>
        <time>2024-03-16T13:01:07.065Z</time>
      </trkpt>
      <trkpt lat="32.716582" lon="-16.917735">
        <ele>1386.0</ele>
        <time>2024-03-16T13:01:08.960Z</time>
      </trkpt>
      <trkpt lat="32.716589" lon="-16.917735">
        <ele>1386.0</ele>
        <time>2024-03-16T13:01:09.654Z</time>
      </trkpt>
      <trkpt lat="32.716603" lon="-16.917735">
        <ele>1387.0</ele>
        <time>2024-03-16T13:01:11.258Z</time>
      </trkpt>
      <trkpt lat="32.716609" lon="-16.917735">
        <ele>1387.0</ele>
        <time>2024-03-16T13:01:11.902Z</time>
      </trkpt>
      <trkpt lat="32.716622" lon="-16.917731">
        <ele>1387.0</ele>
        <time>2024-03-16T13:01:13.194Z</time>
      </trkpt>
      <trkpt lat="32.716630" lon="-16.917728">
        <ele>1388.0</ele>
        <time>2024-03-16T13:01:14.399Z</time>
      </trkpt>
      <trkpt lat="32.716645" lon="-16.917725">
        <ele>1389.0</ele>
        <time>2024-03-16T13:01:16.131Z</time>
      </trkpt>
      <trkpt lat="32.716660" lon="-16.917730">
        <ele>1390.0</ele>
        <time>2024-03-16T13:01:17.944Z</time>
      </trkpt>
      <trkpt lat="32.716678" lon="-16.917742">
        <ele>1390.0</ele>
        <time>2024-03-16T13:01:19.978Z</time>
      </trkpt>
      <trkpt lat="32.716696" lon="-16.917755">
        <ele>1391.0</ele>
        <time>2024-03-16T13:01:22.194Z</time>
      </trkpt>
      <trkpt lat="32.716710" lon="-16.917770">
        <ele>1392.0</ele>
        <time>2024-03-16T13:01:24.246Z</time>
      </trkpt>
      <trkpt lat="32.716724" lon="-16.917787">
        <ele>1393.0</ele>
        <time>2024-03-16T13:01:26.391Z</time>
      </trkpt>
      <trkpt lat="32.716739" lon="-16.917804">
        <ele>1394.0</ele>
        <time>2024-03-16T13:01:28.683Z</time>
      </trkpt>
      <trkpt lat="32.716757" lon="-16.917819">
        <ele>1394.0</ele>
        <time>2024-03-16T13:01:30.836Z</time>
      </trkpt>
      <trkpt lat="32.716776" lon="-16.917833">
        <ele>1394.0</ele>
        <time>2024-03-16T13:01:33.006Z</time>
      </trkpt>
      <trkpt lat="32.716796" lon="-16.917847">
        <ele>1394.0</ele>
        <time>2024-03-16T13:01:35.275Z</time>
      </trkpt>
      <trkpt lat="32.716819" lon="-16.917860">
        <ele>1394.0</ele>
        <time>2024-03-16T13:01:37.784Z</time>
      </trkpt>
      <trkpt lat="32.716843" lon="-16.917872">
        <ele>1394.0</ele>
        <time>2024-03-16T13:01:40.368Z</time>
      </trkpt>
      <trkpt lat="32.716866" lon="-16.917886">
        <ele>1394.0</ele>
        <time>2024-03-16T13:01:42.908Z</time>
      </trkpt>
      <trkpt lat="32.716887" lon="-16.917902">
        <ele>1395.0</ele>
        <time>2024-03-16T13:01:45.527Z</time>
      </trkpt>
      <trkpt lat="32.716907" lon="-16.917917">
        <ele>1396.0</ele>
        <time>2024-03-16T13:01:48.069Z</time>
      </trkpt>
      <trkpt lat="32.716925" lon="-16.917932">
        <ele>1396.0</ele>
        <time>2024-03-16T13:01:50.212Z</time>
      </trkpt>
      <trkpt lat="32.716943" lon="-16.917947">
        <ele>1396.0</ele>
        <time>2024-03-16T13:01:52.359Z</time>
      </trkpt>
      <trkpt lat="32.716963" lon="-16.917964">
        <ele>1396.0</ele>
        <time>2024-03-16T13:01:54.805Z</time>
      </trkpt>
      <trkpt lat="32.716989" lon="-16.917981">
        <ele>1397.0</ele>
        <time>2024-03-16T13:01:57.805Z</time>
      </trkpt>
      <trkpt lat="32.717017" lon="-16.917997">
        <ele>1398.0</ele>
        <time>2024-03-16T13:02:01.016Z</time>
      </trkpt>
      <trkpt lat="32.717046" lon="-16.918014">
        <ele>1398.0</ele>
        <time>2024-03-16T13:02:04.209Z</time>
      </trkpt>
      <trkpt lat="32.717077" lon="-16.918033">
        <ele>1399.0</ele>
        <time>2024-03-16T13:02:07.835Z</time>
      </trkpt>
      <trkpt lat="32.717094" lon="-16.918043">
        <ele>1399.0</ele>
        <time>2024-03-16T13:02:09.694Z</time>
      </trkpt>
      <trkpt lat="32.717129" lon="-16.918063">
        <ele>1399.0</ele>
        <time>2024-03-16T13:02:13.456Z</time>
      </trkpt>
      <trkpt lat="32.717146" lon="-16.918074">
        <ele>1399.0</ele>
        <time>2024-03-16T13:02:15.343Z</time>
      </trkpt>
      <trkpt lat="32.717176" lon="-16.918094">
        <ele>1399.0</ele>
        <time>2024-03-16T13:02:18.739Z</time>
      </trkpt>
      <trkpt lat="32.717201" lon="-16.918113">
        <ele>1400.0</ele>
        <time>2024-03-16T13:02:21.847Z</time>
      </trkpt>
      <trkpt lat="32.717226" lon="-16.918132">
        <ele>1401.0</ele>
        <time>2024-03-16T13:02:24.881Z</time>
      </trkpt>
      <trkpt lat="32.717251" lon="-16.918151">
        <ele>1401.0</ele>
        <time>2024-03-16T13:02:27.795Z</time>
      </trkpt>
      <trkpt lat="32.717277" lon="-16.918169">
        <ele>1402.0</ele>
        <time>2024-03-16T13:02:30.922Z</time>
      </trkpt>
      <trkpt lat="32.717303" lon="-16.918189">
        <ele>1403.0</ele>
        <time>2024-03-16T13:02:34.096Z</time>
      </trkpt>
      <trkpt lat="32.717328" lon="-16.918207">
        <ele>1403.0</ele>
        <time>2024-03-16T13:02:36.958Z</time>
      </trkpt>
      <trkpt lat="32.717349" lon="-16.918224">
        <ele>1404.0</ele>
        <time>2024-03-16T13:02:39.604Z</time>
      </trkpt>
      <trkpt lat="32.717367" lon="-16.918240">
        <ele>1404.0</ele>
        <time>2024-03-16T13:02:41.881Z</time>
      </trkpt>
      <trkpt lat="32.717386" lon="-16.918254">
        <ele>1405.0</ele>
        <time>2024-03-16T13:02:44.198Z</time>
      </trkpt>
      <trkpt lat="32.717394" lon="-16.918261">
        <ele>1406.0</ele>
        <time>2024-03-16T13:02:45.541Z</time>
      </trkpt>
      <trkpt lat="32.717412" lon="-16.918273">
        <ele>1406.0</ele>
        <time>2024-03-16T13:02:47.541Z</time>
      </trkpt>
      <trkpt lat="32.717420" lon="-16.918279">
        <ele>1406.0</ele>
        <time>2024-03-16T13:02:48.527Z</time>
      </trkpt>
      <trkpt lat="32.717438" lon="-16.918293">
        <ele>1407.0</ele>
        <time>2024-03-16T13:02:50.833Z</time>
      </trkpt>
      <trkpt lat="32.717458" lon="-16.918308">
        <ele>1407.0</ele>
        <time>2024-03-16T13:02:53.137Z</time>
      </trkpt>
      <trkpt lat="32.717478" lon="-16.918324">
        <ele>1407.0</ele>
        <time>2024-03-16T13:02:55.527Z</time>
      </trkpt>
      <trkpt lat="32.717499" lon="-16.918340">
        <ele>1408.0</ele>
        <time>2024-03-16T13:02:58.131Z</time>
      </trkpt>
      <trkpt lat="32.717520" lon="-16.918357">
        <ele>1408.0</ele>
        <time>2024-03-16T13:03:00.619Z</time>
      </trkpt>
      <trkpt lat="32.717530" lon="-16.918366">
        <ele>1408.0</ele>
        <time>2024-03-16T13:03:01.904Z</time>
      </trkpt>
      <trkpt lat="32.717552" lon="-16.918386">
        <ele>1409.0</ele>
        <time>2024-03-16T13:03:04.703Z</time>
      </trkpt>
      <trkpt lat="32.717575" lon="-16.918407">
        <ele>1410.0</ele>
        <time>2024-03-16T13:03:07.696Z</time>
      </trkpt>
      <trkpt lat="32.717600" lon="-16.918428">
        <ele>1411.0</ele>
        <time>2024-03-16T13:03:10.847Z</time>
      </trkpt>
      <trkpt lat="32.717612" lon="-16.918439">
        <ele>1411.0</ele>
        <time>2024-03-16T13:03:12.387Z</time>
      </trkpt>
      <trkpt lat="32.717636" lon="-16.918460">
        <ele>1411.0</ele>
        <time>2024-03-16T13:03:15.354Z</time>
      </trkpt>
      <trkpt lat="32.717659" lon="-16.918479">
        <ele>1411.0</ele>
        <time>2024-03-16T13:03:18.111Z</time>
      </trkpt>
      <trkpt lat="32.717665" lon="-16.918482">
        <ele>1411.0</ele>
        <time>2024-03-16T13:03:18.659Z</time>
      </trkpt>
      <trkpt lat="32.717675" lon="-16.918486">
        <ele>1411.0</ele>
        <time>2024-03-16T13:03:19.784Z</time>
      </trkpt>
      <trkpt lat="32.717681" lon="-16.918489">
        <ele>1411.0</ele>
        <time>2024-03-16T13:03:20.354Z</time>
      </trkpt>
      <trkpt lat="32.717694" lon="-16.918492">
        <ele>1412.0</ele>
        <time>2024-03-16T13:03:21.930Z</time>
      </trkpt>
      <trkpt lat="32.717709" lon="-16.918503">
        <ele>1412.0</ele>
        <time>2024-03-16T13:03:23.656Z</time>
      </trkpt>
      <trkpt lat="32.717732" lon="-16.918520">
        <ele>1412.0</ele>
        <time>2024-03-16T13:03:26.413Z</time>
      </trkpt>
      <trkpt lat="32.717763" lon="-16.918541">
        <ele>1412.0</ele>
        <time>2024-03-16T13:03:29.850Z</time>
      </trkpt>
      <trkpt lat="32.717795" lon="-16.918563">
        <ele>1412.0</ele>
        <time>2024-03-16T13:03:33.554Z</time>
      </trkpt>
      <trkpt lat="32.717811" lon="-16.918574">
        <ele>1413.0</ele>
        <time>2024-03-16T13:03:35.513Z</time>
      </trkpt>
      <trkpt lat="32.717841" lon="-16.918594">
        <ele>1413.0</ele>
        <time>2024-03-16T13:03:38.951Z</time>
      </trkpt>
      <trkpt lat="32.717855" lon="-16.918605">
        <ele>1413.0</ele>
        <time>2024-03-16T13:03:40.638Z</time>
      </trkpt>
      <trkpt lat="32.717884" lon="-16.918623">
        <ele>1414.0</ele>
        <time>2024-03-16T13:03:43.948Z</time>
      </trkpt>
      <trkpt lat="32.717906" lon="-16.918641">
        <ele>1415.0</ele>
        <time>2024-03-16T13:03:46.770Z</time>
      </trkpt>
      <trkpt lat="32.717923" lon="-16.918663">
        <ele>1416.0</ele>
        <time>2024-03-16T13:03:49.317Z</time>
      </trkpt>
      <trkpt lat="32.717936" lon="-16.918685">
        <ele>1417.0</ele>
        <time>2024-03-16T13:03:51.789Z</time>
      </trkpt>
      <trkpt lat="32.717948" lon="-16.918707">
        <ele>1417.0</ele>
        <time>2024-03-16T13:03:53.937Z</time>
      </trkpt>
      <trkpt lat="32.717954" lon="-16.918718">
        <ele>1417.0</ele>
        <time>2024-03-16T13:03:55.000Z</time>
      </trkpt>
      <trkpt lat="32.717965" lon="-16.918740">
        <ele>1418.0</ele>
        <time>2024-03-16T13:03:57.298Z</time>
      </trkpt>
      <trkpt lat="32.717971" lon="-16.918750">
        <ele>1418.0</ele>
        <time>2024-03-16T13:03:58.353Z</time>
      </trkpt>
      <trkpt lat="32.717984" lon="-16.918769">
        <ele>1419.0</ele>
        <time>2024-03-16T13:04:00.587Z</time>
      </trkpt>
      <trkpt lat="32.718000" lon="-16.918781">
        <ele>1420.0</ele>
        <time>2024-03-16T13:04:02.644Z</time>
      </trkpt>
      <trkpt lat="32.718017" lon="-16.918785">
        <ele>1420.0</ele>
        <time>2024-03-16T13:04:04.346Z</time>
      </trkpt>
      <trkpt lat="32.718032" lon="-16.918787">
        <ele>1421.0</ele>
        <time>2024-03-16T13:04:06.117Z</time>
      </trkpt>
      <trkpt lat="32.718047" lon="-16.918791">
        <ele>1421.0</ele>
        <time>2024-03-16T13:04:07.585Z</time>
      </trkpt>
      <trkpt lat="32.718063" lon="-16.918797">
        <ele>1421.0</ele>
        <time>2024-03-16T13:04:09.215Z</time>
      </trkpt>
      <trkpt lat="32.718080" lon="-16.918807">
        <ele>1422.0</ele>
        <time>2024-03-16T13:04:11.288Z</time>
      </trkpt>
      <trkpt lat="32.718100" lon="-16.918820">
        <ele>1423.0</ele>
        <time>2024-03-16T13:04:13.704Z</time>
      </trkpt>
      <trkpt lat="32.718123" lon="-16.918834">
        <ele>1424.0</ele>
        <time>2024-03-16T13:04:16.381Z</time>
      </trkpt>
      <trkpt lat="32.718145" lon="-16.918850">
        <ele>1424.0</ele>
        <time>2024-03-16T13:04:18.947Z</time>
      </trkpt>
      <trkpt lat="32.718165" lon="-16.918869">
        <ele>1425.0</ele>
        <time>2024-03-16T13:04:21.645Z</time>
      </trkpt>
      <trkpt lat="32.718185" lon="-16.918888">
        <ele>1426.0</ele>
        <time>2024-03-16T13:04:24.253Z</time>
      </trkpt>
      <trkpt lat="32.718203" lon="-16.918904">
        <ele>1427.0</ele>
        <time>2024-03-16T13:04:26.704Z</time>
      </trkpt>
      <trkpt lat="32.718222" lon="-16.918921">
        <ele>1428.0</ele>
        <time>2024-03-16T13:04:29.184Z</time>
      </trkpt>
      <trkpt lat="32.718241" lon="-16.918942">
        <ele>1428.0</ele>
        <time>2024-03-16T13:04:31.714Z</time>
      </trkpt>
      <trkpt lat="32.718260" lon="-16.918964">
        <ele>1428.0</ele>
        <time>2024-03-16T13:04:34.381Z</time>
      </trkpt>
      <trkpt lat="32.718278" lon="-16.918988">
        <ele>1429.0</ele>
        <time>2024-03-16T13:04:37.200Z</time>
      </trkpt>
      <trkpt lat="32.718297" lon="-16.919011">
        <ele>1430.0</ele>
        <time>2024-03-16T13:04:39.937Z</time>
      </trkpt>
      <trkpt lat="32.718317" lon="-16.919029">
        <ele>1431.0</ele>
        <time>2024-03-16T13:04:42.631Z</time>
      </trkpt>
      <trkpt lat="32.718339" lon="-16.919045">
        <ele>1431.0</ele>
        <time>2024-03-16T13:04:45.125Z</time>
      </trkpt>
      <trkpt lat="32.718361" lon="-16.919057">
        <ele>1432.0</ele>
        <time>2024-03-16T13:04:47.685Z</time>
      </trkpt>
      <trkpt lat="32.718382" lon="-16.919068">
        <ele>1433.0</ele>
        <time>2024-03-16T13:04:50.117Z</time>
      </trkpt>
      <trkpt lat="32.718403" lon="-16.919077">
        <ele>1433.0</ele>
        <time>2024-03-16T13:04:52.361Z</time>
      </trkpt>
      <trkpt lat="32.718426" lon="-16.919084">
        <ele>1434.0</ele>
        <time>2024-03-16T13:04:54.831Z</time>
      </trkpt>
      <trkpt lat="32.718448" lon="-16.919091">
        <ele>1434.0</ele>
        <time>2024-03-16T13:04:57.073Z</time>
      </trkpt>
      <trkpt lat="32.718468" lon="-16.919101">
        <ele>1434.0</ele>
        <time>2024-03-16T13:04:59.229Z</time>
      </trkpt>
      <trkpt lat="32.718486" lon="-16.919114">
        <ele>1435.0</ele>
        <time>2024-03-16T13:05:01.485Z</time>
      </trkpt>
      <trkpt lat="32.718502" lon="-16.919131">
        <ele>1435.0</ele>
        <time>2024-03-16T13:05:03.641Z</time>
      </trkpt>
      <trkpt lat="32.718518" lon="-16.919152">
        <ele>1436.0</ele>
        <time>2024-03-16T13:05:06.105Z</time>
      </trkpt>
      <trkpt lat="32.718532" lon="-16.919173">
        <ele>1436.0</ele>
        <time>2024-03-16T13:05:08.371Z</time>
      </trkpt>
      <trkpt lat="32.718548" lon="-16.919193">
        <ele>1436.0</ele>
        <time>2024-03-16T13:05:10.619Z</time>
      </trkpt>
      <trkpt lat="32.718564" lon="-16.919212">
        <ele>1437.0</ele>
        <time>2024-03-16T13:05:13.029Z</time>
      </trkpt>
      <trkpt lat="32.718581" lon="-16.919235">
        <ele>1437.0</ele>
        <time>2024-03-16T13:05:15.541Z</time>
      </trkpt>
      <trkpt lat="32.718599" lon="-16.919259">
        <ele>1438.0</ele>
        <time>2024-03-16T13:05:18.375Z</time>
      </trkpt>
      <trkpt lat="32.718615" lon="-16.919286">
        <ele>1438.0</ele>
        <time>2024-03-16T13:05:21.086Z</time>
      </trkpt>
      <trkpt lat="32.718632" lon="-16.919312">
        <ele>1439.0</ele>
        <time>2024-03-16T13:05:23.993Z</time>
      </trkpt>
      <trkpt lat="32.718652" lon="-16.919333">
        <ele>1440.0</ele>
        <time>2024-03-16T13:05:26.790Z</time>
      </trkpt>
      <trkpt lat="32.718674" lon="-16.919348">
        <ele>1440.0</ele>
        <time>2024-03-16T13:05:29.256Z</time>
      </trkpt>
      <trkpt lat="32.718696" lon="-16.919358">
        <ele>1441.0</ele>
        <time>2024-03-16T13:05:31.693Z</time>
      </trkpt>
      <trkpt lat="32.718715" lon="-16.919370">
        <ele>1441.0</ele>
        <time>2024-03-16T13:05:33.909Z</time>
      </trkpt>
      <trkpt lat="32.718735" lon="-16.919389">
        <ele>1442.0</ele>
        <time>2024-03-16T13:05:36.548Z</time>
      </trkpt>
      <trkpt lat="32.718756" lon="-16.919410">
        <ele>1443.0</ele>
        <time>2024-03-16T13:05:39.421Z</time>
      </trkpt>
      <trkpt lat="32.718777" lon="-16.919434">
        <ele>1444.0</ele>
        <time>2024-03-16T13:05:42.415Z</time>
      </trkpt>
      <trkpt lat="32.718798" lon="-16.919458">
        <ele>1445.0</ele>
        <time>2024-03-16T13:05:45.423Z</time>
      </trkpt>
      <trkpt lat="32.718808" lon="-16.919469">
        <ele>1444.0</ele>
        <time>2024-03-16T13:05:47.027Z</time>
      </trkpt>
      <trkpt lat="32.718819" lon="-16.919429">
        <ele>1446.0</ele>
        <time>2024-03-16T13:05:50.937Z</time>
      </trkpt>
      <trkpt lat="32.718827" lon="-16.919364">
        <ele>1448.0</ele>
        <time>2024-03-16T13:05:56.672Z</time>
      </trkpt>
      <trkpt lat="32.718832" lon="-16.919310">
        <ele>1450.0</ele>
        <time>2024-03-16T13:06:01.526Z</time>
      </trkpt>
      <trkpt lat="32.718829" lon="-16.919254">
        <ele>1451.0</ele>
        <time>2024-03-16T13:06:06.236Z</time>
      </trkpt>
      <trkpt lat="32.718816" lon="-16.919230">
        <ele>1451.0</ele>
        <time>2024-03-16T13:06:08.637Z</time>
      </trkpt>
      <trkpt lat="32.718799" lon="-16.919180">
        <ele>1451.0</ele>
        <time>2024-03-16T13:06:13.118Z</time>
      </trkpt>
      <trkpt lat="32.718793" lon="-16.919154">
        <ele>1451.0</ele>
        <time>2024-03-16T13:06:15.402Z</time>
      </trkpt>
      <trkpt lat="32.718780" lon="-16.919100">
        <ele>1450.0</ele>
        <time>2024-03-16T13:06:20.100Z</time>
      </trkpt>
      <trkpt lat="32.718773" lon="-16.919073">
        <ele>1449.0</ele>
        <time>2024-03-16T13:06:22.611Z</time>
      </trkpt>
      <trkpt lat="32.718757" lon="-16.919020">
        <ele>1449.0</ele>
        <time>2024-03-16T13:06:27.266Z</time>
      </trkpt>
      <trkpt lat="32.718742" lon="-16.918969">
        <ele>1449.0</ele>
        <time>2024-03-16T13:06:31.795Z</time>
      </trkpt>
      <trkpt lat="32.718727" lon="-16.918922">
        <ele>1450.0</ele>
        <time>2024-03-16T13:06:36.032Z</time>
      </trkpt>
      <trkpt lat="32.718712" lon="-16.918879">
        <ele>1451.0</ele>
        <time>2024-03-16T13:06:39.999Z</time>
      </trkpt>
      <trkpt lat="32.718699" lon="-16.918836">
        <ele>1451.0</ele>
        <time>2024-03-16T13:06:43.805Z</time>
      </trkpt>
      <trkpt lat="32.718685" lon="-16.918795">
        <ele>1452.0</ele>
        <time>2024-03-16T13:06:47.548Z</time>
      </trkpt>
      <trkpt lat="32.718671" lon="-16.918756">
        <ele>1452.0</ele>
        <time>2024-03-16T13:06:51.080Z</time>
      </trkpt>
      <trkpt lat="32.718657" lon="-16.918715">
        <ele>1452.0</ele>
        <time>2024-03-16T13:06:54.743Z</time>
      </trkpt>
      <trkpt lat="32.718642" lon="-16.918672">
        <ele>1453.0</ele>
        <time>2024-03-16T13:06:58.673Z</time>
      </trkpt>
      <trkpt lat="32.718629" lon="-16.918628">
        <ele>1453.0</ele>
        <time>2024-03-16T13:07:02.592Z</time>
      </trkpt>
      <trkpt lat="32.718622" lon="-16.918582">
        <ele>1454.0</ele>
        <time>2024-03-16T13:07:06.519Z</time>
      </trkpt>
      <trkpt lat="32.718619" lon="-16.918538">
        <ele>1454.0</ele>
        <time>2024-03-16T13:07:10.215Z</time>
      </trkpt>
      <trkpt lat="32.718616" lon="-16.918495">
        <ele>1454.0</ele>
        <time>2024-03-16T13:07:13.788Z</time>
      </trkpt>
      <trkpt lat="32.718604" lon="-16.918455">
        <ele>1454.0</ele>
        <time>2024-03-16T13:07:17.274Z</time>
      </trkpt>
      <trkpt lat="32.718584" lon="-16.918419">
        <ele>1454.0</ele>
        <time>2024-03-16T13:07:20.874Z</time>
      </trkpt>
      <trkpt lat="32.718558" lon="-16.918385">
        <ele>1455.0</ele>
        <time>2024-03-16T13:07:24.819Z</time>
      </trkpt>
      <trkpt lat="32.718528" lon="-16.918356">
        <ele>1455.0</ele>
        <time>2024-03-16T13:07:28.631Z</time>
      </trkpt>
      <trkpt lat="32.718500" lon="-16.918330">
        <ele>1455.0</ele>
        <time>2024-03-16T13:07:32.111Z</time>
      </trkpt>
      <trkpt lat="32.718474" lon="-16.918310">
        <ele>1456.0</ele>
        <time>2024-03-16T13:07:35.263Z</time>
      </trkpt>
      <trkpt lat="32.718452" lon="-16.918291">
        <ele>1456.0</ele>
        <time>2024-03-16T13:07:38.013Z</time>
      </trkpt>
      <trkpt lat="32.718430" lon="-16.918269">
        <ele>1457.0</ele>
        <time>2024-03-16T13:07:40.909Z</time>
      </trkpt>
      <trkpt lat="32.718411" lon="-16.918245">
        <ele>1457.0</ele>
        <time>2024-03-16T13:07:43.638Z</time>
      </trkpt>
      <trkpt lat="32.718403" lon="-16.918233">
        <ele>1457.0</ele>
        <time>2024-03-16T13:07:44.958Z</time>
      </trkpt>
      <trkpt lat="32.718387" lon="-16.918209">
        <ele>1458.0</ele>
        <time>2024-03-16T13:07:47.643Z</time>
      </trkpt>
      <trkpt lat="32.718379" lon="-16.918197">
        <ele>1458.0</ele>
        <time>2024-03-16T13:07:48.875Z</time>
      </trkpt>
      <trkpt lat="32.718364" lon="-16.918177">
        <ele>1458.0</ele>
        <time>2024-03-16T13:07:51.131Z</time>
      </trkpt>
      <trkpt lat="32.718351" lon="-16.918156">
        <ele>1458.0</ele>
        <time>2024-03-16T13:07:53.282Z</time>
      </trkpt>
      <trkpt lat="32.718338" lon="-16.918134">
        <ele>1458.0</ele>
        <time>2024-03-16T13:07:55.527Z</time>
      </trkpt>
      <trkpt lat="32.718326" lon="-16.918109">
        <ele>1458.0</ele>
        <time>2024-03-16T13:07:57.916Z</time>
      </trkpt>
      <trkpt lat="32.718312" lon="-16.918082">
        <ele>1458.0</ele>
        <time>2024-03-16T13:08:00.568Z</time>
      </trkpt>
      <trkpt lat="32.718297" lon="-16.918052">
        <ele>1458.0</ele>
        <time>2024-03-16T13:08:03.414Z</time>
      </trkpt>
      <trkpt lat="32.718283" lon="-16.918023">
        <ele>1459.0</ele>
        <time>2024-03-16T13:08:06.315Z</time>
      </trkpt>
      <trkpt lat="32.718272" lon="-16.917994">
        <ele>1459.0</ele>
        <time>2024-03-16T13:08:08.954Z</time>
      </trkpt>
      <trkpt lat="32.718266" lon="-16.917963">
        <ele>1459.0</ele>
        <time>2024-03-16T13:08:11.623Z</time>
      </trkpt>
      <trkpt lat="32.718262" lon="-16.917930">
        <ele>1460.0</ele>
        <time>2024-03-16T13:08:14.501Z</time>
      </trkpt>
      <trkpt lat="32.718255" lon="-16.917895">
        <ele>1460.0</ele>
        <time>2024-03-16T13:08:17.503Z</time>
      </trkpt>
      <trkpt lat="32.718247" lon="-16.917852">
        <ele>1460.0</ele>
        <time>2024-03-16T13:08:21.152Z</time>
      </trkpt>
      <trkpt lat="32.718232" lon="-16.917805">
        <ele>1460.0</ele>
        <time>2024-03-16T13:08:25.357Z</time>
      </trkpt>
      <trkpt lat="32.718207" lon="-16.917761">
        <ele>1460.0</ele>
        <time>2024-03-16T13:08:29.708Z</time>
      </trkpt>
      <trkpt lat="32.718170" lon="-16.917727">
        <ele>1460.0</ele>
        <time>2024-03-16T13:08:34.347Z</time>
      </trkpt>
      <trkpt lat="32.718123" lon="-16.917702">
        <ele>1460.0</ele>
        <time>2024-03-16T13:08:39.395Z</time>
      </trkpt>
      <trkpt lat="32.718071" lon="-16.917686">
        <ele>1461.0</ele>
        <time>2024-03-16T13:08:44.797Z</time>
      </trkpt>
      <trkpt lat="32.718019" lon="-16.917674">
        <ele>1460.0</ele>
        <time>2024-03-16T13:08:50.143Z</time>
      </trkpt>
      <trkpt lat="32.717968" lon="-16.917658">
        <ele>1460.0</ele>
        <time>2024-03-16T13:08:55.337Z</time>
      </trkpt>
      <trkpt lat="32.717921" lon="-16.917635">
        <ele>1459.0</ele>
        <time>2024-03-16T13:09:00.358Z</time>
      </trkpt>
      <trkpt lat="32.717884" lon="-16.917607">
        <ele>1459.0</ele>
        <time>2024-03-16T13:09:04.756Z</time>
      </trkpt>
      <trkpt lat="32.717848" lon="-16.917575">
        <ele>1459.0</ele>
        <time>2024-03-16T13:09:09.102Z</time>
      </trkpt>
      <trkpt lat="32.717814" lon="-16.917537">
        <ele>1458.0</ele>
        <time>2024-03-16T13:09:13.795Z</time>
      </trkpt>
      <trkpt lat="32.717782" lon="-16.917493">
        <ele>1458.0</ele>
        <time>2024-03-16T13:09:18.659Z</time>
      </trkpt>
      <trkpt lat="32.717750" lon="-16.917449">
        <ele>1458.0</ele>
        <time>2024-03-16T13:09:23.533Z</time>
      </trkpt>
      <trkpt lat="32.717716" lon="-16.917410">
        <ele>1458.0</ele>
        <time>2024-03-16T13:09:28.121Z</time>
      </trkpt>
      <trkpt lat="32.717680" lon="-16.917377">
        <ele>1458.0</ele>
        <time>2024-03-16T13:09:32.597Z</time>
      </trkpt>
      <trkpt lat="32.717643" lon="-16.917346">
        <ele>1458.0</ele>
        <time>2024-03-16T13:09:37.076Z</time>
      </trkpt>
      <trkpt lat="32.717605" lon="-16.917316">
        <ele>1458.0</ele>
        <time>2024-03-16T13:09:41.602Z</time>
      </trkpt>
      <trkpt lat="32.717565" lon="-16.917286">
        <ele>1459.0</ele>
        <time>2024-03-16T13:09:46.326Z</time>
      </trkpt>
      <trkpt lat="32.717522" lon="-16.917255">
        <ele>1459.0</ele>
        <time>2024-03-16T13:09:51.284Z</time>
      </trkpt>
      <trkpt lat="32.717477" lon="-16.917222">
        <ele>1460.0</ele>
        <time>2024-03-16T13:09:56.590Z</time>
      </trkpt>
      <trkpt lat="32.717431" lon="-16.917186">
        <ele>1460.0</ele>
        <time>2024-03-16T13:10:01.985Z</time>
      </trkpt>
      <trkpt lat="32.717385" lon="-16.917149">
        <ele>1460.0</ele>
        <time>2024-03-16T13:10:07.511Z</time>
      </trkpt>
      <trkpt lat="32.717337" lon="-16.917113">
        <ele>1459.0</ele>
        <time>2024-03-16T13:10:13.116Z</time>
      </trkpt>
      <trkpt lat="32.717289" lon="-16.917081">
        <ele>1459.0</ele>
        <time>2024-03-16T13:10:18.625Z</time>
      </trkpt>
      <trkpt lat="32.717240" lon="-16.917048">
        <ele>1459.0</ele>
        <time>2024-03-16T13:10:24.125Z</time>
      </trkpt>
      <trkpt lat="32.717197" lon="-16.917004">
        <ele>1458.0</ele>
        <time>2024-03-16T13:10:29.802Z</time>
      </trkpt>
      <trkpt lat="32.717159" lon="-16.916949">
        <ele>1458.0</ele>
        <time>2024-03-16T13:10:35.729Z</time>
      </trkpt>
      <trkpt lat="32.717127" lon="-16.916888">
        <ele>1458.0</ele>
        <time>2024-03-16T13:10:41.687Z</time>
      </trkpt>
      <trkpt lat="32.717104" lon="-16.916824">
        <ele>1458.0</ele>
        <time>2024-03-16T13:10:47.449Z</time>
      </trkpt>
      <trkpt lat="32.717086" lon="-16.916759">
        <ele>1458.0</ele>
        <time>2024-03-16T13:10:53.094Z</time>
      </trkpt>
      <trkpt lat="32.717067" lon="-16.916697">
        <ele>1457.0</ele>
        <time>2024-03-16T13:10:58.671Z</time>
      </trkpt>
      <trkpt lat="32.717038" lon="-16.916642">
        <ele>1456.0</ele>
        <time>2024-03-16T13:11:04.151Z</time>
      </trkpt>
      <trkpt lat="32.716998" lon="-16.916596">
        <ele>1455.0</ele>
        <time>2024-03-16T13:11:09.666Z</time>
      </trkpt>
      <trkpt lat="32.716956" lon="-16.916554">
        <ele>1455.0</ele>
        <time>2024-03-16T13:11:15.038Z</time>
      </trkpt>
      <trkpt lat="32.716915" lon="-16.916514">
        <ele>1455.0</ele>
        <time>2024-03-16T13:11:20.368Z</time>
      </trkpt>
      <trkpt lat="32.716871" lon="-16.916476">
        <ele>1454.0</ele>
        <time>2024-03-16T13:11:25.736Z</time>
      </trkpt>
      <trkpt lat="32.716829" lon="-16.916439">
        <ele>1454.0</ele>
        <time>2024-03-16T13:11:30.958Z</time>
      </trkpt>
      <trkpt lat="32.716789" lon="-16.916396">
        <ele>1454.0</ele>
        <time>2024-03-16T13:11:36.215Z</time>
      </trkpt>
      <trkpt lat="32.716754" lon="-16.916350">
        <ele>1454.0</ele>
        <time>2024-03-16T13:11:41.381Z</time>
      </trkpt>
      <trkpt lat="32.716727" lon="-16.916301">
        <ele>1454.0</ele>
        <time>2024-03-16T13:11:46.207Z</time>
      </trkpt>
      <trkpt lat="32.716715" lon="-16.916250">
        <ele>1454.0</ele>
        <time>2024-03-16T13:11:50.643Z</time>
      </trkpt>
      <trkpt lat="32.716719" lon="-16.916201">
        <ele>1454.0</ele>
        <time>2024-03-16T13:11:54.727Z</time>
      </trkpt>
      <trkpt lat="32.716735" lon="-16.916155">
        <ele>1455.0</ele>
        <time>2024-03-16T13:11:58.902Z</time>
      </trkpt>
      <trkpt lat="32.716756" lon="-16.916116">
        <ele>1455.0</ele>
        <time>2024-03-16T13:12:02.749Z</time>
      </trkpt>
      <trkpt lat="32.716778" lon="-16.916090">
        <ele>1455.0</ele>
        <time>2024-03-16T13:12:05.815Z</time>
      </trkpt>
      <trkpt lat="32.716802" lon="-16.916073">
        <ele>1455.0</ele>
        <time>2024-03-16T13:12:08.536Z</time>
      </trkpt>
      <trkpt lat="32.716822" lon="-16.916055">
        <ele>1455.0</ele>
        <time>2024-03-16T13:12:11.015Z</time>
      </trkpt>
      <trkpt lat="32.716840" lon="-16.916035">
        <ele>1456.0</ele>
        <time>2024-03-16T13:12:13.604Z</time>
      </trkpt>
      <trkpt lat="32.716859" lon="-16.916015">
        <ele>1457.0</ele>
        <time>2024-03-16T13:12:16.229Z</time>
      </trkpt>
      <trkpt lat="32.716879" lon="-16.915997">
        <ele>1458.0</ele>
        <time>2024-03-16T13:12:18.888Z</time>
      </trkpt>
      <trkpt lat="32.716903" lon="-16.915976">
        <ele>1457.0</ele>
        <time>2024-03-16T13:12:21.981Z</time>
      </trkpt>
      <trkpt lat="32.716931" lon="-16.915953">
        <ele>1457.0</ele>
        <time>2024-03-16T13:12:25.333Z</time>
      </trkpt>
      <trkpt lat="32.716960" lon="-16.915929">
        <ele>1457.0</ele>
        <time>2024-03-16T13:12:28.818Z</time>
      </trkpt>
      <trkpt lat="32.716987" lon="-16.915902">
        <ele>1457.0</ele>
        <time>2024-03-16T13:12:32.319Z</time>
      </trkpt>
      <trkpt lat="32.717010" lon="-16.915875">
        <ele>1458.0</ele>
        <time>2024-03-16T13:12:35.590Z</time>
      </trkpt>
      <trkpt lat="32.717028" lon="-16.915848">
        <ele>1458.0</ele>
        <time>2024-03-16T13:12:38.443Z</time>
      </trkpt>
      <trkpt lat="32.717046" lon="-16.915824">
        <ele>1459.0</ele>
        <time>2024-03-16T13:12:41.263Z</time>
      </trkpt>
      <trkpt lat="32.717055" lon="-16.915814">
        <ele>1460.0</ele>
        <time>2024-03-16T13:12:42.763Z</time>
      </trkpt>
      <trkpt lat="32.717073" lon="-16.915794">
        <ele>1460.0</ele>
        <time>2024-03-16T13:12:45.131Z</time>
      </trkpt>
      <trkpt lat="32.717081" lon="-16.915785">
        <ele>1460.0</ele>
        <time>2024-03-16T13:12:46.291Z</time>
      </trkpt>
      <trkpt lat="32.717099" lon="-16.915765">
        <ele>1461.0</ele>
        <time>2024-03-16T13:12:48.826Z</time>
      </trkpt>
      <trkpt lat="32.717117" lon="-16.915745">
        <ele>1461.0</ele>
        <time>2024-03-16T13:12:51.290Z</time>
      </trkpt>
      <trkpt lat="32.717138" lon="-16.915725">
        <ele>1461.0</ele>
        <time>2024-03-16T13:12:53.951Z</time>
      </trkpt>
      <trkpt lat="32.717160" lon="-16.915705">
        <ele>1462.0</ele>
        <time>2024-03-16T13:12:56.812Z</time>
      </trkpt>
      <trkpt lat="32.717182" lon="-16.915686">
        <ele>1462.0</ele>
        <time>2024-03-16T13:12:59.493Z</time>
      </trkpt>
      <trkpt lat="32.717202" lon="-16.915666">
        <ele>1462.0</ele>
        <time>2024-03-16T13:13:02.075Z</time>
      </trkpt>
      <trkpt lat="32.717220" lon="-16.915644">
        <ele>1462.0</ele>
        <time>2024-03-16T13:13:04.625Z</time>
      </trkpt>
      <trkpt lat="32.717229" lon="-16.915632">
        <ele>1462.0</ele>
        <time>2024-03-16T13:13:05.945Z</time>
      </trkpt>
      <trkpt lat="32.717247" lon="-16.915608">
        <ele>1463.0</ele>
        <time>2024-03-16T13:13:08.769Z</time>
      </trkpt>
      <trkpt lat="32.717256" lon="-16.915595">
        <ele>1463.0</ele>
        <time>2024-03-16T13:13:10.142Z</time>
      </trkpt>
      <trkpt lat="32.717273" lon="-16.915570">
        <ele>1464.0</ele>
        <time>2024-03-16T13:13:12.979Z</time>
      </trkpt>
      <trkpt lat="32.717288" lon="-16.915542">
        <ele>1465.0</ele>
        <time>2024-03-16T13:13:15.842Z</time>
      </trkpt>
      <trkpt lat="32.717304" lon="-16.915514">
        <ele>1465.0</ele>
        <time>2024-03-16T13:13:18.621Z</time>
      </trkpt>
      <trkpt lat="32.717321" lon="-16.915487">
        <ele>1465.0</ele>
        <time>2024-03-16T13:13:21.465Z</time>
      </trkpt>
      <trkpt lat="32.717340" lon="-16.915462">
        <ele>1465.0</ele>
        <time>2024-03-16T13:13:24.253Z</time>
      </trkpt>
      <trkpt lat="32.717358" lon="-16.915440">
        <ele>1465.0</ele>
        <time>2024-03-16T13:13:26.763Z</time>
      </trkpt>
      <trkpt lat="32.717376" lon="-16.915421">
        <ele>1466.0</ele>
        <time>2024-03-16T13:13:29.322Z</time>
      </trkpt>
      <trkpt lat="32.717394" lon="-16.915404">
        <ele>1466.0</ele>
        <time>2024-03-16T13:13:31.583Z</time>
      </trkpt>
      <trkpt lat="32.717412" lon="-16.915388">
        <ele>1466.0</ele>
        <time>2024-03-16T13:13:33.790Z</time>
      </trkpt>
      <trkpt lat="32.717430" lon="-16.915372">
        <ele>1467.0</ele>
        <time>2024-03-16T13:13:36.229Z</time>
      </trkpt>
      <trkpt lat="32.717440" lon="-16.915364">
        <ele>1468.0</ele>
        <time>2024-03-16T13:13:37.687Z</time>
      </trkpt>
      <trkpt lat="32.717450" lon="-16.915357">
        <ele>1468.0</ele>
        <time>2024-03-16T13:13:38.868Z</time>
      </trkpt>
      <trkpt lat="32.717471" lon="-16.915343">
        <ele>1470.0</ele>
        <time>2024-03-16T13:13:41.831Z</time>
      </trkpt>
      <trkpt lat="32.717494" lon="-16.915328">
        <ele>1470.0</ele>
        <time>2024-03-16T13:13:44.326Z</time>
      </trkpt>
      <trkpt lat="32.717514" lon="-16.915313">
        <ele>1470.0</ele>
        <time>2024-03-16T13:13:46.742Z</time>
      </trkpt>
      <trkpt lat="32.717534" lon="-16.915297">
        <ele>1470.0</ele>
        <time>2024-03-16T13:13:49.104Z</time>
      </trkpt>
      <trkpt lat="32.717556" lon="-16.915281">
        <ele>1470.0</ele>
        <time>2024-03-16T13:13:51.629Z</time>
      </trkpt>
      <trkpt lat="32.717578" lon="-16.915261">
        <ele>1471.0</ele>
        <time>2024-03-16T13:13:54.506Z</time>
      </trkpt>
      <trkpt lat="32.717598" lon="-16.915238">
        <ele>1471.0</ele>
        <time>2024-03-16T13:13:57.241Z</time>
      </trkpt>
      <trkpt lat="32.717615" lon="-16.915213">
        <ele>1471.0</ele>
        <time>2024-03-16T13:13:59.930Z</time>
      </trkpt>
      <trkpt lat="32.717633" lon="-16.915188">
        <ele>1472.0</ele>
        <time>2024-03-16T13:14:02.796Z</time>
      </trkpt>
      <trkpt lat="32.717652" lon="-16.915164">
        <ele>1472.0</ele>
        <time>2024-03-16T13:14:05.526Z</time>
      </trkpt>
      <trkpt lat="32.717668" lon="-16.915139">
        <ele>1473.0</ele>
        <time>2024-03-16T13:14:08.243Z</time>
      </trkpt>
      <trkpt lat="32.717679" lon="-16.915113">
        <ele>1473.0</ele>
        <time>2024-03-16T13:14:10.696Z</time>
      </trkpt>
      <trkpt lat="32.717683" lon="-16.915099">
        <ele>1473.0</ele>
        <time>2024-03-16T13:14:11.894Z</time>
      </trkpt>
      <trkpt lat="32.717692" lon="-16.915073">
        <ele>1474.0</ele>
        <time>2024-03-16T13:14:14.413Z</time>
      </trkpt>
      <trkpt lat="32.717696" lon="-16.915060">
        <ele>1474.0</ele>
        <time>2024-03-16T13:14:15.586Z</time>
      </trkpt>
      <trkpt lat="32.717704" lon="-16.915032">
        <ele>1474.0</ele>
        <time>2024-03-16T13:14:17.968Z</time>
      </trkpt>
      <trkpt lat="32.717711" lon="-16.915002">
        <ele>1475.0</ele>
        <time>2024-03-16T13:14:20.732Z</time>
      </trkpt>
      <trkpt lat="32.717713" lon="-16.914969">
        <ele>1475.0</ele>
        <time>2024-03-16T13:14:23.451Z</time>
      </trkpt>
      <trkpt lat="32.717710" lon="-16.914936">
        <ele>1475.0</ele>
        <time>2024-03-16T13:14:26.201Z</time>
      </trkpt>
      <trkpt lat="32.717705" lon="-16.914904">
        <ele>1476.0</ele>
        <time>2024-03-16T13:14:29.041Z</time>
      </trkpt>
      <trkpt lat="32.717696" lon="-16.914875">
        <ele>1476.0</ele>
        <time>2024-03-16T13:14:31.617Z</time>
      </trkpt>
      <trkpt lat="32.717683" lon="-16.914849">
        <ele>1476.0</ele>
        <time>2024-03-16T13:14:34.180Z</time>
      </trkpt>
      <trkpt lat="32.717666" lon="-16.914824">
        <ele>1476.0</ele>
        <time>2024-03-16T13:14:36.851Z</time>
      </trkpt>
      <trkpt lat="32.717646" lon="-16.914798">
        <ele>1477.0</ele>
        <time>2024-03-16T13:14:39.839Z</time>
      </trkpt>
      <trkpt lat="32.717623" lon="-16.914769">
        <ele>1478.0</ele>
        <time>2024-03-16T13:14:43.236Z</time>
      </trkpt>
      <trkpt lat="32.717611" lon="-16.914753">
        <ele>1478.0</ele>
        <time>2024-03-16T13:14:45.131Z</time>
      </trkpt>
      <trkpt lat="32.717584" lon="-16.914718">
        <ele>1478.0</ele>
        <time>2024-03-16T13:14:48.986Z</time>
      </trkpt>
      <trkpt lat="32.717570" lon="-16.914701">
        <ele>1479.0</ele>
        <time>2024-03-16T13:14:51.138Z</time>
      </trkpt>
      <trkpt lat="32.717542" lon="-16.914666">
        <ele>1479.0</ele>
        <time>2024-03-16T13:14:55.222Z</time>
      </trkpt>
      <trkpt lat="32.717514" lon="-16.914636">
        <ele>1479.0</ele>
        <time>2024-03-16T13:14:58.873Z</time>
      </trkpt>
      <trkpt lat="32.717489" lon="-16.914612">
        <ele>1479.0</ele>
        <time>2024-03-16T13:15:02.051Z</time>
      </trkpt>
      <trkpt lat="32.717445" lon="-16.914621">
        <ele>1483.0</ele>
        <time>2024-03-16T13:15:07.735Z</time>
      </trkpt>
      <trkpt lat="32.717451" lon="-16.914634">
        <ele>1483.0</ele>
        <time>2024-03-16T13:15:09.020Z</time>
      </trkpt>
      <trkpt lat="32.717431" lon="-16.914641">
        <ele>1482.0</ele>
        <time>2024-03-16T13:15:11.295Z</time>
      </trkpt>
      <trkpt lat="32.717384" lon="-16.914631">
        <ele>1482.0</ele>
        <time>2024-03-16T13:15:15.987Z</time>
      </trkpt>
      <trkpt lat="32.717326" lon="-16.914617">
        <ele>1482.0</ele>
        <time>2024-03-16T13:15:21.787Z</time>
      </trkpt>
      <trkpt lat="32.717269" lon="-16.914599">
        <ele>1481.0</ele>
        <time>2024-03-16T13:15:27.680Z</time>
      </trkpt>
      <trkpt lat="32.717214" lon="-16.914581">
        <ele>1481.0</ele>
        <time>2024-03-16T13:15:33.291Z</time>
      </trkpt>
      <trkpt lat="32.717162" lon="-16.914557">
        <ele>1480.0</ele>
        <time>2024-03-16T13:15:38.909Z</time>
      </trkpt>
      <trkpt lat="32.717113" lon="-16.914523">
        <ele>1479.0</ele>
        <time>2024-03-16T13:15:44.566Z</time>
      </trkpt>
      <trkpt lat="32.717069" lon="-16.914482">
        <ele>1479.0</ele>
        <time>2024-03-16T13:15:50.055Z</time>
      </trkpt>
      <trkpt lat="32.717027" lon="-16.914444">
        <ele>1478.0</ele>
        <time>2024-03-16T13:15:55.340Z</time>
      </trkpt>
      <trkpt lat="32.716978" lon="-16.914423">
        <ele>1478.0</ele>
        <time>2024-03-16T13:16:00.476Z</time>
      </trkpt>
      <trkpt lat="32.716922" lon="-16.914418">
        <ele>1477.0</ele>
        <time>2024-03-16T13:16:06.118Z</time>
      </trkpt>
      <trkpt lat="32.716862" lon="-16.914421">
        <ele>1477.0</ele>
        <time>2024-03-16T13:16:11.961Z</time>
      </trkpt>
      <trkpt lat="32.716804" lon="-16.914424">
        <ele>1477.0</ele>
        <time>2024-03-16T13:16:17.767Z</time>
      </trkpt>
      <trkpt lat="32.716749" lon="-16.914421">
        <ele>1476.0</ele>
        <time>2024-03-16T13:16:23.232Z</time>
      </trkpt>
      <trkpt lat="32.716693" lon="-16.914415">
        <ele>1476.0</ele>
        <time>2024-03-16T13:16:28.746Z</time>
      </trkpt>
      <trkpt lat="32.716633" lon="-16.914411">
        <ele>1476.0</ele>
        <time>2024-03-16T13:16:34.652Z</time>
      </trkpt>
      <trkpt lat="32.716572" lon="-16.914406">
        <ele>1476.0</ele>
        <time>2024-03-16T13:16:40.721Z</time>
      </trkpt>
      <trkpt lat="32.716515" lon="-16.914389">
        <ele>1476.0</ele>
        <time>2024-03-16T13:16:46.520Z</time>
      </trkpt>
      <trkpt lat="32.716464" lon="-16.914361">
        <ele>1476.0</ele>
        <time>2024-03-16T13:16:52.020Z</time>
      </trkpt>
      <trkpt lat="32.716418" lon="-16.914327">
        <ele>1476.0</ele>
        <time>2024-03-16T13:16:57.388Z</time>
      </trkpt>
      <trkpt lat="32.716372" lon="-16.914291">
        <ele>1475.0</ele>
        <time>2024-03-16T13:17:02.845Z</time>
      </trkpt>
      <trkpt lat="32.716327" lon="-16.914258">
        <ele>1475.0</ele>
        <time>2024-03-16T13:17:08.104Z</time>
      </trkpt>
      <trkpt lat="32.716304" lon="-16.914244">
        <ele>1475.0</ele>
        <time>2024-03-16T13:17:10.642Z</time>
      </trkpt>
      <trkpt lat="32.716259" lon="-16.914215">
        <ele>1475.0</ele>
        <time>2024-03-16T13:17:15.713Z</time>
      </trkpt>
      <trkpt lat="32.716236" lon="-16.914200">
        <ele>1475.0</ele>
        <time>2024-03-16T13:17:18.245Z</time>
      </trkpt>
      <trkpt lat="32.716214" lon="-16.914185">
        <ele>1475.0</ele>
        <time>2024-03-16T13:17:20.774Z</time>
      </trkpt>
      <trkpt lat="32.716170" lon="-16.914154">
        <ele>1475.0</ele>
        <time>2024-03-16T13:17:25.861Z</time>
      </trkpt>
      <trkpt lat="32.716147" lon="-16.914139">
        <ele>1475.0</ele>
        <time>2024-03-16T13:17:28.395Z</time>
      </trkpt>
      <trkpt lat="32.716102" lon="-16.914110">
        <ele>1475.0</ele>
        <time>2024-03-16T13:17:33.423Z</time>
      </trkpt>
      <trkpt lat="32.716057" lon="-16.914083">
        <ele>1476.0</ele>
        <time>2024-03-16T13:17:38.472Z</time>
      </trkpt>
      <trkpt lat="32.716013" lon="-16.914056">
        <ele>1476.0</ele>
        <time>2024-03-16T13:17:43.423Z</time>
      </trkpt>
      <trkpt lat="32.715971" lon="-16.914025">
        <ele>1476.0</ele>
        <time>2024-03-16T13:17:48.291Z</time>
      </trkpt>
      <trkpt lat="32.715936" lon="-16.913988">
        <ele>1477.0</ele>
        <time>2024-03-16T13:17:52.978Z</time>
      </trkpt>
      <trkpt lat="32.715912" lon="-16.913940">
        <ele>1477.0</ele>
        <time>2024-03-16T13:17:57.637Z</time>
      </trkpt>
      <trkpt lat="32.715898" lon="-16.913880">
        <ele>1477.0</ele>
        <time>2024-03-16T13:18:02.753Z</time>
      </trkpt>
      <trkpt lat="32.715891" lon="-16.913813">
        <ele>1477.0</ele>
        <time>2024-03-16T13:18:08.439Z</time>
      </trkpt>
      <trkpt lat="32.715883" lon="-16.913739">
        <ele>1477.0</ele>
        <time>2024-03-16T13:18:14.553Z</time>
      </trkpt>
      <trkpt lat="32.715870" lon="-16.913664">
        <ele>1476.0</ele>
        <time>2024-03-16T13:18:20.968Z</time>
      </trkpt>
      <trkpt lat="32.715853" lon="-16.913591">
        <ele>1475.0</ele>
        <time>2024-03-16T13:18:27.354Z</time>
      </trkpt>
      <trkpt lat="32.715832" lon="-16.913519">
        <ele>1474.0</ele>
        <time>2024-03-16T13:18:33.708Z</time>
      </trkpt>
      <trkpt lat="32.715806" lon="-16.913450">
        <ele>1472.0</ele>
        <time>2024-03-16T13:18:40.229Z</time>
      </trkpt>
      <trkpt lat="32.715776" lon="-16.913384">
        <ele>1471.0</ele>
        <time>2024-03-16T13:18:46.520Z</time>
      </trkpt>
      <trkpt lat="32.715743" lon="-16.913323">
        <ele>1470.0</ele>
        <time>2024-03-16T13:18:52.583Z</time>
      </trkpt>
      <trkpt lat="32.715708" lon="-16.913268">
        <ele>1469.0</ele>
        <time>2024-03-16T13:18:58.428Z</time>
      </trkpt>
      <trkpt lat="32.715669" lon="-16.913214">
        <ele>1469.0</ele>
        <time>2024-03-16T13:19:04.281Z</time>
      </trkpt>
      <trkpt lat="32.715628" lon="-16.913161">
        <ele>1468.0</ele>
        <time>2024-03-16T13:19:10.336Z</time>
      </trkpt>
      <trkpt lat="32.715584" lon="-16.913108">
        <ele>1467.0</ele>
        <time>2024-03-16T13:19:16.552Z</time>
      </trkpt>
      <trkpt lat="32.715543" lon="-16.913054">
        <ele>1466.0</ele>
        <time>2024-03-16T13:19:22.687Z</time>
      </trkpt>
      <trkpt lat="32.715505" lon="-16.913002">
        <ele>1466.0</ele>
        <time>2024-03-16T13:19:28.434Z</time>
      </trkpt>
      <trkpt lat="32.715469" lon="-16.912951">
        <ele>1466.0</ele>
        <time>2024-03-16T13:19:33.872Z</time>
      </trkpt>
      <trkpt lat="32.715436" lon="-16.912898">
        <ele>1465.0</ele>
        <time>2024-03-16T13:19:39.464Z</time>
      </trkpt>
      <trkpt lat="32.715404" lon="-16.912841">
        <ele>1465.0</ele>
        <time>2024-03-16T13:19:45.075Z</time>
      </trkpt>
      <trkpt lat="32.715376" lon="-16.912783">
        <ele>1465.0</ele>
        <time>2024-03-16T13:19:50.652Z</time>
      </trkpt>
      <trkpt lat="32.715349" lon="-16.912726">
        <ele>1465.0</ele>
        <time>2024-03-16T13:19:56.125Z</time>
      </trkpt>
      <trkpt lat="32.715321" lon="-16.912669">
        <ele>1465.0</ele>
        <time>2024-03-16T13:20:01.562Z</time>
      </trkpt>
      <trkpt lat="32.715292" lon="-16.912617">
        <ele>1464.0</ele>
        <time>2024-03-16T13:20:06.848Z</time>
      </trkpt>
      <trkpt lat="32.715261" lon="-16.912569">
        <ele>1464.0</ele>
        <time>2024-03-16T13:20:11.847Z</time>
      </trkpt>
      <trkpt lat="32.715227" lon="-16.912528">
        <ele>1464.0</ele>
        <time>2024-03-16T13:20:16.634Z</time>
      </trkpt>
      <trkpt lat="32.715192" lon="-16.912494">
        <ele>1464.0</ele>
        <time>2024-03-16T13:20:21.113Z</time>
      </trkpt>
      <trkpt lat="32.715156" lon="-16.912464">
        <ele>1465.0</ele>
        <time>2024-03-16T13:20:25.472Z</time>
      </trkpt>
      <trkpt lat="32.715121" lon="-16.912435">
        <ele>1465.0</ele>
        <time>2024-03-16T13:20:29.677Z</time>
      </trkpt>
      <trkpt lat="32.715087" lon="-16.912406">
        <ele>1466.0</ele>
        <time>2024-03-16T13:20:33.972Z</time>
      </trkpt>
      <trkpt lat="32.715053" lon="-16.912377">
        <ele>1467.0</ele>
        <time>2024-03-16T13:20:38.213Z</time>
      </trkpt>
      <trkpt lat="32.715019" lon="-16.912352">
        <ele>1468.0</ele>
        <time>2024-03-16T13:20:42.255Z</time>
      </trkpt>
      <trkpt lat="32.714983" lon="-16.912335">
        <ele>1469.0</ele>
        <time>2024-03-16T13:20:46.123Z</time>
      </trkpt>
      <trkpt lat="32.714945" lon="-16.912327">
        <ele>1469.0</ele>
        <time>2024-03-16T13:20:49.964Z</time>
      </trkpt>
      <trkpt lat="32.714905" lon="-16.912327">
        <ele>1469.0</ele>
        <time>2024-03-16T13:20:53.881Z</time>
      </trkpt>
      <trkpt lat="32.714866" lon="-16.912332">
        <ele>1470.0</ele>
        <time>2024-03-16T13:20:57.888Z</time>
      </trkpt>
      <trkpt lat="32.714827" lon="-16.912340">
        <ele>1470.0</ele>
        <time>2024-03-16T13:21:01.723Z</time>
      </trkpt>
      <trkpt lat="32.714789" lon="-16.912349">
        <ele>1471.0</ele>
        <time>2024-03-16T13:21:05.664Z</time>
      </trkpt>
      <trkpt lat="32.714751" lon="-16.912356">
        <ele>1471.0</ele>
        <time>2024-03-16T13:21:09.467Z</time>
      </trkpt>
      <trkpt lat="32.714712" lon="-16.912361">
        <ele>1471.0</ele>
        <time>2024-03-16T13:21:13.319Z</time>
      </trkpt>
      <trkpt lat="32.714673" lon="-16.912362">
        <ele>1472.0</ele>
        <time>2024-03-16T13:21:17.239Z</time>
      </trkpt>
      <trkpt lat="32.714636" lon="-16.912359">
        <ele>1472.0</ele>
        <time>2024-03-16T13:21:20.934Z</time>
      </trkpt>
      <trkpt lat="32.714600" lon="-16.912354">
        <ele>1473.0</ele>
        <time>2024-03-16T13:21:24.652Z</time>
      </trkpt>
      <trkpt lat="32.714562" lon="-16.912347">
        <ele>1473.0</ele>
        <time>2024-03-16T13:21:28.409Z</time>
      </trkpt>
      <trkpt lat="32.714522" lon="-16.912340">
        <ele>1473.0</ele>
        <time>2024-03-16T13:21:32.354Z</time>
      </trkpt>
      <trkpt lat="32.714482" lon="-16.912335">
        <ele>1474.0</ele>
        <time>2024-03-16T13:21:36.486Z</time>
      </trkpt>
      <trkpt lat="32.714440" lon="-16.912333">
        <ele>1474.0</ele>
        <time>2024-03-16T13:21:40.555Z</time>
      </trkpt>
      <trkpt lat="32.714399" lon="-16.912335">
        <ele>1475.0</ele>
        <time>2024-03-16T13:21:44.701Z</time>
      </trkpt>
      <trkpt lat="32.714356" lon="-16.912341">
        <ele>1475.0</ele>
        <time>2024-03-16T13:21:49.013Z</time>
      </trkpt>
      <trkpt lat="32.714309" lon="-16.912350">
        <ele>1475.0</ele>
        <time>2024-03-16T13:21:53.726Z</time>
      </trkpt>
      <trkpt lat="32.714258" lon="-16.912359">
        <ele>1475.0</ele>
        <time>2024-03-16T13:21:58.812Z</time>
      </trkpt>
      <trkpt lat="32.714207" lon="-16.912371">
        <ele>1475.0</ele>
        <time>2024-03-16T13:22:03.910Z</time>
      </trkpt>
      <trkpt lat="32.714159" lon="-16.912380">
        <ele>1475.0</ele>
        <time>2024-03-16T13:22:08.701Z</time>
      </trkpt>
      <trkpt lat="32.714114" lon="-16.912387">
        <ele>1474.0</ele>
        <time>2024-03-16T13:22:13.251Z</time>
      </trkpt>
      <trkpt lat="32.714071" lon="-16.912392">
        <ele>1473.0</ele>
        <time>2024-03-16T13:22:17.648Z</time>
      </trkpt>
      <trkpt lat="32.714049" lon="-16.912395">
        <ele>1473.0</ele>
        <time>2024-03-16T13:22:19.759Z</time>
      </trkpt>
      <trkpt lat="32.714007" lon="-16.912401">
        <ele>1473.0</ele>
        <time>2024-03-16T13:22:23.965Z</time>
      </trkpt>
      <trkpt lat="32.713964" lon="-16.912407">
        <ele>1473.0</ele>
        <time>2024-03-16T13:22:28.229Z</time>
      </trkpt>
      <trkpt lat="32.713942" lon="-16.912410">
        <ele>1473.0</ele>
        <time>2024-03-16T13:22:30.375Z</time>
      </trkpt>
      <trkpt lat="32.713899" lon="-16.912415">
        <ele>1473.0</ele>
        <time>2024-03-16T13:22:34.624Z</time>
      </trkpt>
      <trkpt lat="32.713858" lon="-16.912417">
        <ele>1473.0</ele>
        <time>2024-03-16T13:22:38.743Z</time>
      </trkpt>
      <trkpt lat="32.713817" lon="-16.912419">
        <ele>1473.0</ele>
        <time>2024-03-16T13:22:42.729Z</time>
      </trkpt>
      <trkpt lat="32.713778" lon="-16.912423">
        <ele>1473.0</ele>
        <time>2024-03-16T13:22:46.631Z</time>
      </trkpt>
      <trkpt lat="32.713739" lon="-16.912429">
        <ele>1474.0</ele>
        <time>2024-03-16T13:22:50.561Z</time>
      </trkpt>
      <trkpt lat="32.713701" lon="-16.912435">
        <ele>1474.0</ele>
        <time>2024-03-16T13:22:54.354Z</time>
      </trkpt>
      <trkpt lat="32.713663" lon="-16.912443">
        <ele>1474.0</ele>
        <time>2024-03-16T13:22:58.201Z</time>
      </trkpt>
      <trkpt lat="32.713623" lon="-16.912451">
        <ele>1474.0</ele>
        <time>2024-03-16T13:23:02.176Z</time>
      </trkpt>
      <trkpt lat="32.713584" lon="-16.912461">
        <ele>1474.0</ele>
        <time>2024-03-16T13:23:06.144Z</time>
      </trkpt>
      <trkpt lat="32.713545" lon="-16.912468">
        <ele>1475.0</ele>
        <time>2024-03-16T13:23:10.048Z</time>
      </trkpt>
      <trkpt lat="32.713509" lon="-16.912471">
        <ele>1475.0</ele>
        <time>2024-03-16T13:23:13.696Z</time>
      </trkpt>
      <trkpt lat="32.713473" lon="-16.912473">
        <ele>1475.0</ele>
        <time>2024-03-16T13:23:17.235Z</time>
      </trkpt>
      <trkpt lat="32.713437" lon="-16.912471">
        <ele>1476.0</ele>
        <time>2024-03-16T13:23:20.881Z</time>
      </trkpt>
      <trkpt lat="32.713401" lon="-16.912472">
        <ele>1476.0</ele>
        <time>2024-03-16T13:23:24.454Z</time>
      </trkpt>
      <trkpt lat="32.713366" lon="-16.912475">
        <ele>1477.0</ele>
        <time>2024-03-16T13:23:28.010Z</time>
      </trkpt>
      <trkpt lat="32.713332" lon="-16.912477">
        <ele>1477.0</ele>
        <time>2024-03-16T13:23:31.385Z</time>
      </trkpt>
      <trkpt lat="32.713297" lon="-16.912477">
        <ele>1478.0</ele>
        <time>2024-03-16T13:23:34.937Z</time>
      </trkpt>
      <trkpt lat="32.713262" lon="-16.912473">
        <ele>1479.0</ele>
        <time>2024-03-16T13:23:38.472Z</time>
      </trkpt>
      <trkpt lat="32.713228" lon="-16.912463">
        <ele>1479.0</ele>
        <time>2024-03-16T13:23:41.930Z</time>
      </trkpt>
      <trkpt lat="32.713196" lon="-16.912444">
        <ele>1480.0</ele>
        <time>2024-03-16T13:23:45.603Z</time>
      </trkpt>
      <trkpt lat="32.713166" lon="-16.912414">
        <ele>1480.0</ele>
        <time>2024-03-16T13:23:49.437Z</time>
      </trkpt>
      <trkpt lat="32.713142" lon="-16.912376">
        <ele>1480.0</ele>
        <time>2024-03-16T13:23:53.437Z</time>
      </trkpt>
      <trkpt lat="32.713123" lon="-16.912334">
        <ele>1480.0</ele>
        <time>2024-03-16T13:23:57.354Z</time>
      </trkpt>
      <trkpt lat="32.713115" lon="-16.912313">
        <ele>1480.0</ele>
        <time>2024-03-16T13:23:59.270Z</time>
      </trkpt>
      <trkpt lat="32.713099" lon="-16.912271">
        <ele>1481.0</ele>
        <time>2024-03-16T13:24:03.207Z</time>
      </trkpt>
      <trkpt lat="32.713091" lon="-16.912250">
        <ele>1482.0</ele>
        <time>2024-03-16T13:24:05.322Z</time>
      </trkpt>
      <trkpt lat="32.713074" lon="-16.912207">
        <ele>1482.0</ele>
        <time>2024-03-16T13:24:09.213Z</time>
      </trkpt>
      <trkpt lat="32.713056" lon="-16.912165">
        <ele>1482.0</ele>
        <time>2024-03-16T13:24:13.163Z</time>
      </trkpt>
      <trkpt lat="32.713036" lon="-16.912121">
        <ele>1483.0</ele>
        <time>2024-03-16T13:24:17.364Z</time>
      </trkpt>
      <trkpt lat="32.713014" lon="-16.912078">
        <ele>1483.0</ele>
        <time>2024-03-16T13:24:21.517Z</time>
      </trkpt>
      <trkpt lat="32.712992" lon="-16.912037">
        <ele>1483.0</ele>
        <time>2024-03-16T13:24:25.593Z</time>
      </trkpt>
      <trkpt lat="32.712968" lon="-16.911998">
        <ele>1483.0</ele>
        <time>2024-03-16T13:24:29.621Z</time>
      </trkpt>
      <trkpt lat="32.712941" lon="-16.911962">
        <ele>1483.0</ele>
        <time>2024-03-16T13:24:33.623Z</time>
      </trkpt>
      <trkpt lat="32.712911" lon="-16.911929">
        <ele>1484.0</ele>
        <time>2024-03-16T13:24:37.694Z</time>
      </trkpt>
      <trkpt lat="32.712880" lon="-16.911899">
        <ele>1484.0</ele>
        <time>2024-03-16T13:24:41.659Z</time>
      </trkpt>
      <trkpt lat="32.712848" lon="-16.911868">
        <ele>1484.0</ele>
        <time>2024-03-16T13:24:45.726Z</time>
      </trkpt>
      <trkpt lat="32.712815" lon="-16.911834">
        <ele>1484.0</ele>
        <time>2024-03-16T13:24:50.026Z</time>
      </trkpt>
      <trkpt lat="32.712784" lon="-16.911797">
        <ele>1485.0</ele>
        <time>2024-03-16T13:24:54.430Z</time>
      </trkpt>
      <trkpt lat="32.712757" lon="-16.911759">
        <ele>1486.0</ele>
        <time>2024-03-16T13:24:58.666Z</time>
      </trkpt>
      <trkpt lat="32.712735" lon="-16.911719">
        <ele>1486.0</ele>
        <time>2024-03-16T13:25:02.628Z</time>
      </trkpt>
      <trkpt lat="32.712715" lon="-16.911677">
        <ele>1486.0</ele>
        <time>2024-03-16T13:25:06.651Z</time>
      </trkpt>
      <trkpt lat="32.712696" lon="-16.911634">
        <ele>1486.0</ele>
        <time>2024-03-16T13:25:10.680Z</time>
      </trkpt>
      <trkpt lat="32.712679" lon="-16.911591">
        <ele>1486.0</ele>
        <time>2024-03-16T13:25:14.619Z</time>
      </trkpt>
      <trkpt lat="32.712665" lon="-16.911547">
        <ele>1486.0</ele>
        <time>2024-03-16T13:25:18.479Z</time>
      </trkpt>
      <trkpt lat="32.712656" lon="-16.911504">
        <ele>1486.0</ele>
        <time>2024-03-16T13:25:22.215Z</time>
      </trkpt>
      <trkpt lat="32.712649" lon="-16.911462">
        <ele>1487.0</ele>
        <time>2024-03-16T13:25:25.864Z</time>
      </trkpt>
      <trkpt lat="32.712643" lon="-16.911421">
        <ele>1487.0</ele>
        <time>2024-03-16T13:25:29.329Z</time>
      </trkpt>
      <trkpt lat="32.712637" lon="-16.911385">
        <ele>1487.0</ele>
        <time>2024-03-16T13:25:32.312Z</time>
      </trkpt>
      <trkpt lat="32.712629" lon="-16.911376">
        <ele>1487.0</ele>
        <time>2024-03-16T13:25:33.458Z</time>
      </trkpt>
      <trkpt lat="32.712613" lon="-16.911399">
        <ele>1487.0</ele>
        <time>2024-03-16T13:25:35.895Z</time>
      </trkpt>
      <trkpt lat="32.712587" lon="-16.911431">
        <ele>1488.0</ele>
        <time>2024-03-16T13:25:39.750Z</time>
      </trkpt>
      <trkpt lat="32.712558" lon="-16.911440">
        <ele>1488.0</ele>
        <time>2024-03-16T13:25:42.685Z</time>
      </trkpt>
      <trkpt lat="32.712535" lon="-16.911417">
        <ele>1488.0</ele>
        <time>2024-03-16T13:25:45.618Z</time>
      </trkpt>
      <trkpt lat="32.712521" lon="-16.911375">
        <ele>1488.0</ele>
        <time>2024-03-16T13:25:49.407Z</time>
      </trkpt>
      <trkpt lat="32.712519" lon="-16.911326">
        <ele>1488.0</ele>
        <time>2024-03-16T13:25:53.455Z</time>
      </trkpt>
      <trkpt lat="32.712534" lon="-16.911278">
        <ele>1488.0</ele>
        <time>2024-03-16T13:25:57.736Z</time>
      </trkpt>
      <trkpt lat="32.712553" lon="-16.911225">
        <ele>1488.0</ele>
        <time>2024-03-16T13:26:02.525Z</time>
      </trkpt>
      <trkpt lat="32.712571" lon="-16.911167">
        <ele>1488.0</ele>
        <time>2024-03-16T13:26:07.638Z</time>
      </trkpt>
      <trkpt lat="32.712586" lon="-16.911107">
        <ele>1488.0</ele>
        <time>2024-03-16T13:26:12.819Z</time>
      </trkpt>
      <trkpt lat="32.712600" lon="-16.911048">
        <ele>1488.0</ele>
        <time>2024-03-16T13:26:17.902Z</time>
      </trkpt>
      <trkpt lat="32.712615" lon="-16.910991">
        <ele>1488.0</ele>
        <time>2024-03-16T13:26:22.854Z</time>
      </trkpt>
      <trkpt lat="32.712633" lon="-16.910938">
        <ele>1488.0</ele>
        <time>2024-03-16T13:26:27.565Z</time>
      </trkpt>
      <trkpt lat="32.712642" lon="-16.910914">
        <ele>1488.0</ele>
        <time>2024-03-16T13:26:29.798Z</time>
      </trkpt>
      <trkpt lat="32.712662" lon="-16.910866">
        <ele>1488.0</ele>
        <time>2024-03-16T13:26:34.187Z</time>
      </trkpt>
      <trkpt lat="32.712681" lon="-16.910820">
        <ele>1488.0</ele>
        <time>2024-03-16T13:26:38.435Z</time>
      </trkpt>
      <trkpt lat="32.712691" lon="-16.910798">
        <ele>1488.0</ele>
        <time>2024-03-16T13:26:40.541Z</time>
      </trkpt>
      <trkpt lat="32.712711" lon="-16.910754">
        <ele>1488.0</ele>
        <time>2024-03-16T13:26:44.638Z</time>
      </trkpt>
      <trkpt lat="32.712729" lon="-16.910711">
        <ele>1488.0</ele>
        <time>2024-03-16T13:26:48.659Z</time>
      </trkpt>
      <trkpt lat="32.712748" lon="-16.910667">
        <ele>1488.0</ele>
        <time>2024-03-16T13:26:52.729Z</time>
      </trkpt>
      <trkpt lat="32.712767" lon="-16.910625">
        <ele>1489.0</ele>
        <time>2024-03-16T13:26:56.833Z</time>
      </trkpt>
      <trkpt lat="32.712789" lon="-16.910586">
        <ele>1489.0</ele>
        <time>2024-03-16T13:27:00.753Z</time>
      </trkpt>
      <trkpt lat="32.712813" lon="-16.910547">
        <ele>1490.0</ele>
        <time>2024-03-16T13:27:04.767Z</time>
      </trkpt>
      <trkpt lat="32.712834" lon="-16.910508">
        <ele>1490.0</ele>
        <time>2024-03-16T13:27:08.668Z</time>
      </trkpt>
      <trkpt lat="32.712851" lon="-16.910465">
        <ele>1490.0</ele>
        <time>2024-03-16T13:27:12.581Z</time>
      </trkpt>
      <trkpt lat="32.712866" lon="-16.910422">
        <ele>1491.0</ele>
        <time>2024-03-16T13:27:16.534Z</time>
      </trkpt>
      <trkpt lat="32.712883" lon="-16.910383">
        <ele>1491.0</ele>
        <time>2024-03-16T13:27:20.232Z</time>
      </trkpt>
      <trkpt lat="32.712903" lon="-16.910344">
        <ele>1492.0</ele>
        <time>2024-03-16T13:27:24.069Z</time>
      </trkpt>
      <trkpt lat="32.712925" lon="-16.910305">
        <ele>1492.0</ele>
        <time>2024-03-16T13:27:27.950Z</time>
      </trkpt>
      <trkpt lat="32.712935" lon="-16.910285">
        <ele>1492.0</ele>
        <time>2024-03-16T13:27:29.940Z</time>
      </trkpt>
      <trkpt lat="32.712957" lon="-16.910242">
        <ele>1492.0</ele>
        <time>2024-03-16T13:27:34.075Z</time>
      </trkpt>
      <trkpt lat="32.712969" lon="-16.910220">
        <ele>1492.0</ele>
        <time>2024-03-16T13:27:36.236Z</time>
      </trkpt>
      <trkpt lat="32.712996" lon="-16.910174">
        <ele>1492.0</ele>
        <time>2024-03-16T13:27:40.914Z</time>
      </trkpt>
      <trkpt lat="32.713024" lon="-16.910129">
        <ele>1493.0</ele>
        <time>2024-03-16T13:27:45.659Z</time>
      </trkpt>
      <trkpt lat="32.713050" lon="-16.910083">
        <ele>1493.0</ele>
        <time>2024-03-16T13:27:50.233Z</time>
      </trkpt>
      <trkpt lat="32.713076" lon="-16.910039">
        <ele>1493.0</ele>
        <time>2024-03-16T13:27:54.743Z</time>
      </trkpt>
      <trkpt lat="32.713100" lon="-16.909995">
        <ele>1493.0</ele>
        <time>2024-03-16T13:27:59.041Z</time>
      </trkpt>
      <trkpt lat="32.713120" lon="-16.909950">
        <ele>1493.0</ele>
        <time>2024-03-16T13:28:03.255Z</time>
      </trkpt>
      <trkpt lat="32.713139" lon="-16.909903">
        <ele>1494.0</ele>
        <time>2024-03-16T13:28:07.671Z</time>
      </trkpt>
      <trkpt lat="32.713160" lon="-16.909854">
        <ele>1494.0</ele>
        <time>2024-03-16T13:28:12.255Z</time>
      </trkpt>
      <trkpt lat="32.713181" lon="-16.909801">
        <ele>1494.0</ele>
        <time>2024-03-16T13:28:17.068Z</time>
      </trkpt>
      <trkpt lat="32.713204" lon="-16.909748">
        <ele>1495.0</ele>
        <time>2024-03-16T13:28:22.135Z</time>
      </trkpt>
      <trkpt lat="32.713229" lon="-16.909694">
        <ele>1495.0</ele>
        <time>2024-03-16T13:28:27.218Z</time>
      </trkpt>
      <trkpt lat="32.713254" lon="-16.909639">
        <ele>1495.0</ele>
        <time>2024-03-16T13:28:32.395Z</time>
      </trkpt>
      <trkpt lat="32.713277" lon="-16.909583">
        <ele>1495.0</ele>
        <time>2024-03-16T13:28:37.576Z</time>
      </trkpt>
      <trkpt lat="32.713300" lon="-16.909527">
        <ele>1495.0</ele>
        <time>2024-03-16T13:28:42.784Z</time>
      </trkpt>
      <trkpt lat="32.713323" lon="-16.909470">
        <ele>1495.0</ele>
        <time>2024-03-16T13:28:48.055Z</time>
      </trkpt>
      <trkpt lat="32.713348" lon="-16.909415">
        <ele>1495.0</ele>
        <time>2024-03-16T13:28:53.205Z</time>
      </trkpt>
      <trkpt lat="32.713373" lon="-16.909364">
        <ele>1495.0</ele>
        <time>2024-03-16T13:28:58.097Z</time>
      </trkpt>
      <trkpt lat="32.713399" lon="-16.909318">
        <ele>1495.0</ele>
        <time>2024-03-16T13:29:02.746Z</time>
      </trkpt>
      <trkpt lat="32.713427" lon="-16.909272">
        <ele>1495.0</ele>
        <time>2024-03-16T13:29:07.375Z</time>
      </trkpt>
      <trkpt lat="32.713455" lon="-16.909229">
        <ele>1495.0</ele>
        <time>2024-03-16T13:29:11.944Z</time>
      </trkpt>
      <trkpt lat="32.713486" lon="-16.909186">
        <ele>1495.0</ele>
        <time>2024-03-16T13:29:16.583Z</time>
      </trkpt>
      <trkpt lat="32.713517" lon="-16.909143">
        <ele>1495.0</ele>
        <time>2024-03-16T13:29:21.277Z</time>
      </trkpt>
      <trkpt lat="32.713550" lon="-16.909100">
        <ele>1495.0</ele>
        <time>2024-03-16T13:29:26.079Z</time>
      </trkpt>
      <trkpt lat="32.713582" lon="-16.909056">
        <ele>1495.0</ele>
        <time>2024-03-16T13:29:30.954Z</time>
      </trkpt>
      <trkpt lat="32.713610" lon="-16.909007">
        <ele>1494.0</ele>
        <time>2024-03-16T13:29:35.978Z</time>
      </trkpt>
      <trkpt lat="32.713632" lon="-16.908951">
        <ele>1494.0</ele>
        <time>2024-03-16T13:29:41.116Z</time>
      </trkpt>
      <trkpt lat="32.713648" lon="-16.908891">
        <ele>1494.0</ele>
        <time>2024-03-16T13:29:46.331Z</time>
      </trkpt>
      <trkpt lat="32.713657" lon="-16.908829">
        <ele>1493.0</ele>
        <time>2024-03-16T13:29:51.604Z</time>
      </trkpt>
      <trkpt lat="32.713665" lon="-16.908767">
        <ele>1493.0</ele>
        <time>2024-03-16T13:29:56.784Z</time>
      </trkpt>
      <trkpt lat="32.713679" lon="-16.908706">
        <ele>1493.0</ele>
        <time>2024-03-16T13:30:02.042Z</time>
      </trkpt>
      <trkpt lat="32.713696" lon="-16.908645">
        <ele>1493.0</ele>
        <time>2024-03-16T13:30:07.355Z</time>
      </trkpt>
      <trkpt lat="32.713714" lon="-16.908587">
        <ele>1493.0</ele>
        <time>2024-03-16T13:30:12.484Z</time>
      </trkpt>
      <trkpt lat="32.713735" lon="-16.908530">
        <ele>1492.0</ele>
        <time>2024-03-16T13:30:17.687Z</time>
      </trkpt>
      <trkpt lat="32.713760" lon="-16.908476">
        <ele>1492.0</ele>
        <time>2024-03-16T13:30:22.822Z</time>
      </trkpt>
      <trkpt lat="32.713791" lon="-16.908428">
        <ele>1491.0</ele>
        <time>2024-03-16T13:30:27.937Z</time>
      </trkpt>
      <trkpt lat="32.713826" lon="-16.908385">
        <ele>1491.0</ele>
        <time>2024-03-16T13:30:32.923Z</time>
      </trkpt>
      <trkpt lat="32.713855" lon="-16.908334">
        <ele>1491.0</ele>
        <time>2024-03-16T13:30:37.997Z</time>
      </trkpt>
      <trkpt lat="32.713875" lon="-16.908273">
        <ele>1491.0</ele>
        <time>2024-03-16T13:30:43.423Z</time>
      </trkpt>
      <trkpt lat="32.713890" lon="-16.908207">
        <ele>1491.0</ele>
        <time>2024-03-16T13:30:49.094Z</time>
      </trkpt>
      <trkpt lat="32.713902" lon="-16.908141">
        <ele>1490.0</ele>
        <time>2024-03-16T13:30:54.826Z</time>
      </trkpt>
      <trkpt lat="32.713915" lon="-16.908075">
        <ele>1490.0</ele>
        <time>2024-03-16T13:31:00.435Z</time>
      </trkpt>
      <trkpt lat="32.713926" lon="-16.908008">
        <ele>1490.0</ele>
        <time>2024-03-16T13:31:06.046Z</time>
      </trkpt>
      <trkpt lat="32.713931" lon="-16.907939">
        <ele>1490.0</ele>
        <time>2024-03-16T13:31:11.810Z</time>
      </trkpt>
      <trkpt lat="32.713928" lon="-16.907868">
        <ele>1490.0</ele>
        <time>2024-03-16T13:31:17.670Z</time>
      </trkpt>
      <trkpt lat="32.713917" lon="-16.907785">
        <ele>1481.6</ele>
        <time>2024-03-16T13:31:27.902Z</time>
      </trkpt>
      <trkpt lat="32.713917" lon="-16.907772">
        <ele>1481.6</ele>
        <time>2024-03-16T13:31:28.974Z</time>
      </trkpt>
      <trkpt lat="32.713890" lon="-16.907665">
        <ele>1480.6</ele>
        <time>2024-03-16T13:31:38.291Z</time>
      </trkpt>
      <trkpt lat="32.713890" lon="-16.907648">
        <ele>1480.6</ele>
        <time>2024-03-16T13:31:39.694Z</time>
      </trkpt>
      <trkpt lat="32.713837" lon="-16.907535">
        <ele>1478.2</ele>
        <time>2024-03-16T13:31:50.636Z</time>
      </trkpt>
      <trkpt lat="32.713837" lon="-16.907518">
        <ele>1478.2</ele>
        <time>2024-03-16T13:31:52.054Z</time>
      </trkpt>
      <trkpt lat="32.713813" lon="-16.907387">
        <ele>1477.6</ele>
        <time>2024-03-16T13:32:03.183Z</time>
      </trkpt>
      <trkpt lat="32.713802" lon="-16.907243">
        <ele>1474.2</ele>
        <time>2024-03-16T13:32:15.567Z</time>
      </trkpt>
      <trkpt lat="32.713796" lon="-16.907205">
        <ele>1474.0</ele>
        <time>2024-03-16T13:32:18.732Z</time>
      </trkpt>
      <trkpt lat="32.713785" lon="-16.907063">
        <ele>1473.0</ele>
        <time>2024-03-16T13:32:30.586Z</time>
      </trkpt>
      <trkpt lat="32.713768" lon="-16.906879">
        <ele>1471.8</ele>
        <time>2024-03-16T13:32:46.032Z</time>
      </trkpt>
      <trkpt lat="32.713755" lon="-16.906845">
        <ele>1471.2</ele>
        <time>2024-03-16T13:32:49.180Z</time>
      </trkpt>
      <trkpt lat="32.713753" lon="-16.906852">
        <ele>1471.2</ele>
        <time>2024-03-16T13:32:49.769Z</time>
      </trkpt>
      <trkpt lat="32.713752" lon="-16.906862">
        <ele>1470.8</ele>
        <time>2024-03-16T13:32:50.700Z</time>
      </trkpt>
      <trkpt lat="32.713754" lon="-16.906834">
        <ele>1470.6</ele>
        <time>2024-03-16T13:32:53.027Z</time>
      </trkpt>
      <trkpt lat="32.713723" lon="-16.906711">
        <ele>1470.0</ele>
        <time>2024-03-16T13:33:03.753Z</time>
      </trkpt>
      <trkpt lat="32.713683" lon="-16.906590">
        <ele>1469.6</ele>
        <time>2024-03-16T13:33:14.503Z</time>
      </trkpt>
      <trkpt lat="32.713661" lon="-16.906440">
        <ele>1469.4</ele>
        <time>2024-03-16T13:33:27.180Z</time>
      </trkpt>
      <trkpt lat="32.713679" lon="-16.906340">
        <ele>1468.6</ele>
        <time>2024-03-16T13:33:35.687Z</time>
      </trkpt>
      <trkpt lat="32.713682" lon="-16.906221">
        <ele>1468.4</ele>
        <time>2024-03-16T13:33:45.548Z</time>
      </trkpt>
      <trkpt lat="32.713699" lon="-16.906129">
        <ele>1468.4</ele>
        <time>2024-03-16T13:33:53.340Z</time>
      </trkpt>
      <trkpt lat="32.713713" lon="-16.906078">
        <ele>1468.4</ele>
        <time>2024-03-16T13:33:57.805Z</time>
      </trkpt>
      <trkpt lat="32.713707" lon="-16.905990">
        <ele>1468.6</ele>
        <time>2024-03-16T13:34:05.117Z</time>
      </trkpt>
      <trkpt lat="32.713689" lon="-16.905924">
        <ele>1468.4</ele>
        <time>2024-03-16T13:34:10.857Z</time>
      </trkpt>
      <trkpt lat="32.713674" lon="-16.905828">
        <ele>1467.6</ele>
        <time>2024-03-16T13:34:18.988Z</time>
      </trkpt>
      <trkpt lat="32.713672" lon="-16.905770">
        <ele>1467.2</ele>
        <time>2024-03-16T13:34:23.885Z</time>
      </trkpt>
      <trkpt lat="32.713675" lon="-16.905740">
        <ele>1467.2</ele>
        <time>2024-03-16T13:34:26.368Z</time>
      </trkpt>
      <trkpt lat="32.713680" lon="-16.905677">
        <ele>1466.4</ele>
        <time>2024-03-16T13:34:31.628Z</time>
      </trkpt>
      <trkpt lat="32.713721" lon="-16.905559">
        <ele>1465.4</ele>
        <time>2024-03-16T13:34:42.275Z</time>
      </trkpt>
      <trkpt lat="32.713756" lon="-16.905508">
        <ele>1464.8</ele>
        <time>2024-03-16T13:34:47.770Z</time>
      </trkpt>
      <trkpt lat="32.713828" lon="-16.905412">
        <ele>1462.4</ele>
        <time>2024-03-16T13:34:58.617Z</time>
      </trkpt>
      <trkpt lat="32.713861" lon="-16.905366">
        <ele>1461.2</ele>
        <time>2024-03-16T13:35:03.792Z</time>
      </trkpt>
      <trkpt lat="32.713873" lon="-16.905345">
        <ele>1461.0</ele>
        <time>2024-03-16T13:35:05.842Z</time>
      </trkpt>
      <trkpt lat="32.713902" lon="-16.905281">
        <ele>1459.8</ele>
        <time>2024-03-16T13:35:11.982Z</time>
      </trkpt>
      <trkpt lat="32.713952" lon="-16.905215">
        <ele>1458.8</ele>
        <time>2024-03-16T13:35:19.392Z</time>
      </trkpt>
      <trkpt lat="32.713969" lon="-16.905189">
        <ele>1458.2</ele>
        <time>2024-03-16T13:35:22.211Z</time>
      </trkpt>
      <trkpt lat="32.714002" lon="-16.905117">
        <ele>1457.2</ele>
        <time>2024-03-16T13:35:29.048Z</time>
      </trkpt>
      <trkpt lat="32.714009" lon="-16.905093">
        <ele>1457.0</ele>
        <time>2024-03-16T13:35:31.184Z</time>
      </trkpt>
      <trkpt lat="32.714031" lon="-16.905043">
        <ele>1456.2</ele>
        <time>2024-03-16T13:35:35.902Z</time>
      </trkpt>
      <trkpt lat="32.714043" lon="-16.905021">
        <ele>1456.0</ele>
        <time>2024-03-16T13:35:38.055Z</time>
      </trkpt>
      <trkpt lat="32.714124" lon="-16.904877">
        <ele>1454.2</ele>
        <time>2024-03-16T13:35:52.555Z</time>
      </trkpt>
      <trkpt lat="32.714159" lon="-16.904794">
        <ele>1453.8</ele>
        <time>2024-03-16T13:36:00.270Z</time>
      </trkpt>
      <trkpt lat="32.714173" lon="-16.904785">
        <ele>1453.4</ele>
        <time>2024-03-16T13:36:01.866Z</time>
      </trkpt>
      <trkpt lat="32.714270" lon="-16.904749">
        <ele>1452.8</ele>
        <time>2024-03-16T13:36:11.935Z</time>
      </trkpt>
      <trkpt lat="32.714292" lon="-16.904743">
        <ele>1452.8</ele>
        <time>2024-03-16T13:36:14.123Z</time>
      </trkpt>
      <trkpt lat="32.714315" lon="-16.904743">
        <ele>1453.0</ele>
        <time>2024-03-16T13:36:16.378Z</time>
      </trkpt>
      <trkpt lat="32.714378" lon="-16.904757">
        <ele>1453.4</ele>
        <time>2024-03-16T13:36:22.746Z</time>
      </trkpt>
      <trkpt lat="32.714561" lon="-16.904843">
        <ele>1453.2</ele>
        <time>2024-03-16T13:36:42.090Z</time>
      </trkpt>
      <trkpt lat="32.714589" lon="-16.904852">
        <ele>1453.2</ele>
        <time>2024-03-16T13:36:45.013Z</time>
      </trkpt>
      <trkpt lat="32.714670" lon="-16.904895">
        <ele>1452.6</ele>
        <time>2024-03-16T13:36:53.714Z</time>
      </trkpt>
      <trkpt lat="32.714756" lon="-16.904936">
        <ele>1451.4</ele>
        <time>2024-03-16T13:37:02.970Z</time>
      </trkpt>
      <trkpt lat="32.714784" lon="-16.904953">
        <ele>1451.0</ele>
        <time>2024-03-16T13:37:06.046Z</time>
      </trkpt>
      <trkpt lat="32.714923" lon="-16.905003">
        <ele>1450.2</ele>
        <time>2024-03-16T13:37:20.409Z</time>
      </trkpt>
      <trkpt lat="32.714998" lon="-16.905026">
        <ele>1449.6</ele>
        <time>2024-03-16T13:37:28.106Z</time>
      </trkpt>
      <trkpt lat="32.715018" lon="-16.905041">
        <ele>1449.0</ele>
        <time>2024-03-16T13:37:30.444Z</time>
      </trkpt>
      <trkpt lat="32.715118" lon="-16.905133">
        <ele>1449.2</ele>
        <time>2024-03-16T13:37:42.916Z</time>
      </trkpt>
      <trkpt lat="32.715246" lon="-16.905277">
        <ele>1449.4</ele>
        <time>2024-03-16T13:38:00.326Z</time>
      </trkpt>
      <trkpt lat="32.715256" lon="-16.905302">
        <ele>1449.4</ele>
        <time>2024-03-16T13:38:02.572Z</time>
      </trkpt>
      <trkpt lat="32.715312" lon="-16.905411">
        <ele>1450.2</ele>
        <time>2024-03-16T13:38:13.229Z</time>
      </trkpt>
      <trkpt lat="32.715406" lon="-16.905493">
        <ele>1451.4</ele>
        <time>2024-03-16T13:38:24.743Z</time>
      </trkpt>
      <trkpt lat="32.715417" lon="-16.905507">
        <ele>1451.6</ele>
        <time>2024-03-16T13:38:26.329Z</time>
      </trkpt>
      <trkpt lat="32.715506" lon="-16.905572">
        <ele>1451.8</ele>
        <time>2024-03-16T13:38:36.618Z</time>
      </trkpt>
      <trkpt lat="32.715663" lon="-16.905642">
        <ele>1451.8</ele>
        <time>2024-03-16T13:38:53.219Z</time>
      </trkpt>
      <trkpt lat="32.715764" lon="-16.905673">
        <ele>1451.0</ele>
        <time>2024-03-16T13:39:03.450Z</time>
      </trkpt>
      <trkpt lat="32.715817" lon="-16.905695">
        <ele>1450.2</ele>
        <time>2024-03-16T13:39:09.079Z</time>
      </trkpt>
      <trkpt lat="32.715869" lon="-16.905721">
        <ele>1449.0</ele>
        <time>2024-03-16T13:39:14.727Z</time>
      </trkpt>
      <trkpt lat="32.715873" lon="-16.905734">
        <ele>1448.6</ele>
        <time>2024-03-16T13:39:16.009Z</time>
      </trkpt>
      <trkpt lat="32.715880" lon="-16.905766">
        <ele>1448.4</ele>
        <time>2024-03-16T13:39:18.672Z</time>
      </trkpt>
      <trkpt lat="32.715881" lon="-16.905776">
        <ele>1448.4</ele>
        <time>2024-03-16T13:39:19.559Z</time>
      </trkpt>
      <trkpt lat="32.715896" lon="-16.905808">
        <ele>1449.2</ele>
        <time>2024-03-16T13:39:22.645Z</time>
      </trkpt>
      <trkpt lat="32.715907" lon="-16.905822">
        <ele>1449.6</ele>
        <time>2024-03-16T13:39:24.312Z</time>
      </trkpt>
      <trkpt lat="32.715924" lon="-16.905855">
        <ele>1450.4</ele>
        <time>2024-03-16T13:39:27.614Z</time>
      </trkpt>
      <trkpt lat="32.715940" lon="-16.905907">
        <ele>1451.4</ele>
        <time>2024-03-16T13:39:32.226Z</time>
      </trkpt>
      <trkpt lat="32.715955" lon="-16.905988">
        <ele>1452.4</ele>
        <time>2024-03-16T13:39:39.173Z</time>
      </trkpt>
      <trkpt lat="32.715954" lon="-16.906003">
        <ele>1452.4</ele>
        <time>2024-03-16T13:39:40.395Z</time>
      </trkpt>
      <trkpt lat="32.715951" lon="-16.906061">
        <ele>1453.4</ele>
        <time>2024-03-16T13:39:45.312Z</time>
      </trkpt>
      <trkpt lat="32.715965" lon="-16.906111">
        <ele>1453.8</ele>
        <time>2024-03-16T13:39:49.659Z</time>
      </trkpt>
      <trkpt lat="32.716022" lon="-16.906182">
        <ele>1453.8</ele>
        <time>2024-03-16T13:39:57.839Z</time>
      </trkpt>
      <trkpt lat="32.716034" lon="-16.906172">
        <ele>1453.4</ele>
        <time>2024-03-16T13:39:59.395Z</time>
      </trkpt>
      <trkpt lat="32.716047" lon="-16.906140">
        <ele>1452.2</ele>
        <time>2024-03-16T13:40:02.551Z</time>
      </trkpt>
      <trkpt lat="32.716069" lon="-16.906066">
        <ele>1450.2</ele>
        <time>2024-03-16T13:40:09.246Z</time>
      </trkpt>
      <trkpt lat="32.716071" lon="-16.906065">
        <ele>1449.6</ele>
        <time>2024-03-16T13:40:09.840Z</time>
      </trkpt>
      <trkpt lat="32.716081" lon="-16.906066">
        <ele>1448.6</ele>
        <time>2024-03-16T13:40:11.203Z</time>
      </trkpt>
      <trkpt lat="32.716084" lon="-16.906066">
        <ele>1447.8</ele>
        <time>2024-03-16T13:40:11.949Z</time>
      </trkpt>
      <trkpt lat="32.716086" lon="-16.906068">
        <ele>1447.4</ele>
        <time>2024-03-16T13:40:12.373Z</time>
      </trkpt>
      <trkpt lat="32.716086" lon="-16.906077">
        <ele>1446.6</ele>
        <time>2024-03-16T13:40:13.418Z</time>
      </trkpt>
      <trkpt lat="32.716087" lon="-16.906079">
        <ele>1444.4</ele>
        <time>2024-03-16T13:40:15.378Z</time>
      </trkpt>
      <trkpt lat="32.716093" lon="-16.906078">
        <ele>1441.2</ele>
        <time>2024-03-16T13:40:18.284Z</time>
      </trkpt>
      <trkpt lat="32.716090" lon="-16.906070">
        <ele>1439.8</ele>
        <time>2024-03-16T13:40:19.739Z</time>
      </trkpt>
      <trkpt lat="32.716083" lon="-16.906073">
        <ele>1439.6</ele>
        <time>2024-03-16T13:40:20.562Z</time>
      </trkpt>
      <trkpt lat="32.716081" lon="-16.906079">
        <ele>1439.6</ele>
        <time>2024-03-16T13:40:21.100Z</time>
      </trkpt>
      <trkpt lat="32.716084" lon="-16.906082">
        <ele>1445.4</ele>
        <time>2024-03-16T13:40:26.263Z</time>
      </trkpt>
      <trkpt lat="32.716083" lon="-16.906084">
        <ele>1446.4</ele>
        <time>2024-03-16T13:40:27.166Z</time>
      </trkpt>
      <trkpt lat="32.716081" lon="-16.906100">
        <ele>1447.6</ele>
        <time>2024-03-16T13:40:28.868Z</time>
      </trkpt>
      <trkpt lat="32.716116" lon="-16.906063">
        <ele>1448.8</ele>
        <time>2024-03-16T13:40:33.623Z</time>
      </trkpt>
      <trkpt lat="32.716127" lon="-16.906021">
        <ele>1450.0</ele>
        <time>2024-03-16T13:40:37.414Z</time>
      </trkpt>
      <trkpt lat="32.716129" lon="-16.906012">
        <ele>1450.2</ele>
        <time>2024-03-16T13:40:38.194Z</time>
      </trkpt>
      <trkpt lat="32.716142" lon="-16.905984">
        <ele>1451.2</ele>
        <time>2024-03-16T13:40:41.046Z</time>
      </trkpt>
      <trkpt lat="32.716158" lon="-16.905993">
        <ele>1452.2</ele>
        <time>2024-03-16T13:40:42.976Z</time>
      </trkpt>
      <trkpt lat="32.716167" lon="-16.905994">
        <ele>1453.4</ele>
        <time>2024-03-16T13:40:44.354Z</time>
      </trkpt>
      <trkpt lat="32.716178" lon="-16.905974">
        <ele>1453.8</ele>
        <time>2024-03-16T13:40:46.367Z</time>
      </trkpt>
      <trkpt lat="32.716196" lon="-16.905960">
        <ele>1454.6</ele>
        <time>2024-03-16T13:40:48.611Z</time>
      </trkpt>
      <trkpt lat="32.716210" lon="-16.905937">
        <ele>1455.4</ele>
        <time>2024-03-16T13:40:51.111Z</time>
      </trkpt>
      <trkpt lat="32.716215" lon="-16.905913">
        <ele>1455.6</ele>
        <time>2024-03-16T13:40:53.118Z</time>
      </trkpt>
      <trkpt lat="32.716238" lon="-16.905867">
        <ele>1457.4</ele>
        <time>2024-03-16T13:40:57.839Z</time>
      </trkpt>
      <trkpt lat="32.716246" lon="-16.905850">
        <ele>1458.0</ele>
        <time>2024-03-16T13:40:59.513Z</time>
      </trkpt>
      <trkpt lat="32.716283" lon="-16.905804">
        <ele>1458.2</ele>
        <time>2024-03-16T13:41:04.815Z</time>
      </trkpt>
      <trkpt lat="32.716315" lon="-16.905769">
        <ele>1459.0</ele>
        <time>2024-03-16T13:41:09.204Z</time>
      </trkpt>
      <trkpt lat="32.716338" lon="-16.905719">
        <ele>1460.0</ele>
        <time>2024-03-16T13:41:13.993Z</time>
      </trkpt>
      <trkpt lat="32.716339" lon="-16.905699">
        <ele>1460.2</ele>
        <time>2024-03-16T13:41:15.644Z</time>
      </trkpt>
      <trkpt lat="32.716336" lon="-16.905663">
        <ele>1459.4</ele>
        <time>2024-03-16T13:41:18.791Z</time>
      </trkpt>
      <trkpt lat="32.716338" lon="-16.905645">
        <ele>1459.0</ele>
        <time>2024-03-16T13:41:20.263Z</time>
      </trkpt>
      <trkpt lat="32.716370" lon="-16.905578">
        <ele>1460.6</ele>
        <time>2024-03-16T13:41:26.784Z</time>
      </trkpt>
      <trkpt lat="32.716375" lon="-16.905563">
        <ele>1461.2</ele>
        <time>2024-03-16T13:41:28.267Z</time>
      </trkpt>
      <trkpt lat="32.716376" lon="-16.905536">
        <ele>1462.0</ele>
        <time>2024-03-16T13:41:30.579Z</time>
      </trkpt>
      <trkpt lat="32.716392" lon="-16.905482">
        <ele>1463.4</ele>
        <time>2024-03-16T13:41:35.527Z</time>
      </trkpt>
      <trkpt lat="32.716388" lon="-16.905458">
        <ele>1463.8</ele>
        <time>2024-03-16T13:41:37.576Z</time>
      </trkpt>
      <trkpt lat="32.716383" lon="-16.905433">
        <ele>1464.4</ele>
        <time>2024-03-16T13:41:39.833Z</time>
      </trkpt>
      <trkpt lat="32.716378" lon="-16.905412">
        <ele>1465.0</ele>
        <time>2024-03-16T13:41:41.713Z</time>
      </trkpt>
      <trkpt lat="32.716380" lon="-16.905400">
        <ele>1465.8</ele>
        <time>2024-03-16T13:41:42.888Z</time>
      </trkpt>
      <trkpt lat="32.716382" lon="-16.905404">
        <ele>1466.0</ele>
        <time>2024-03-16T13:41:43.240Z</time>
      </trkpt>
      <trkpt lat="32.716412" lon="-16.905438">
        <ele>1467.0</ele>
        <time>2024-03-16T13:41:47.497Z</time>
      </trkpt>
      <trkpt lat="32.716419" lon="-16.905443">
        <ele>1467.2</ele>
        <time>2024-03-16T13:41:48.318Z</time>
      </trkpt>
      <trkpt lat="32.716448" lon="-16.905469">
        <ele>1468.2</ele>
        <time>2024-03-16T13:41:51.993Z</time>
      </trkpt>
      <trkpt lat="32.716486" lon="-16.905493">
        <ele>1469.4</ele>
        <time>2024-03-16T13:41:56.381Z</time>
      </trkpt>
      <trkpt lat="32.716525" lon="-16.905515">
        <ele>1470.6</ele>
        <time>2024-03-16T13:42:00.791Z</time>
      </trkpt>
      <trkpt lat="32.716556" lon="-16.905536">
        <ele>1471.2</ele>
        <time>2024-03-16T13:42:04.328Z</time>
      </trkpt>
      <trkpt lat="32.716574" lon="-16.905543">
        <ele>1471.6</ele>
        <time>2024-03-16T13:42:06.170Z</time>
      </trkpt>
      <trkpt lat="32.716586" lon="-16.905541">
        <ele>1471.8</ele>
        <time>2024-03-16T13:42:07.375Z</time>
      </trkpt>
      <trkpt lat="32.716641" lon="-16.905531">
        <ele>1472.8</ele>
        <time>2024-03-16T13:42:12.925Z</time>
      </trkpt>
      <trkpt lat="32.716662" lon="-16.905529">
        <ele>1473.0</ele>
        <time>2024-03-16T13:42:15.053Z</time>
      </trkpt>
      <trkpt lat="32.716708" lon="-16.905548">
        <ele>1473.6</ele>
        <time>2024-03-16T13:42:19.888Z</time>
      </trkpt>
      <trkpt lat="32.716825" lon="-16.905573">
        <ele>1475.2</ele>
        <time>2024-03-16T13:42:31.652Z</time>
      </trkpt>
      <trkpt lat="32.716835" lon="-16.905578">
        <ele>1475.2</ele>
        <time>2024-03-16T13:42:32.707Z</time>
      </trkpt>
      <trkpt lat="32.716898" lon="-16.905593">
        <ele>1476.2</ele>
        <time>2024-03-16T13:42:39.131Z</time>
      </trkpt>
      <trkpt lat="32.716976" lon="-16.905619">
        <ele>1477.8</ele>
        <time>2024-03-16T13:42:47.191Z</time>
      </trkpt>
      <trkpt lat="32.717012" lon="-16.905641">
        <ele>1478.6</ele>
        <time>2024-03-16T13:42:51.256Z</time>
      </trkpt>
      <trkpt lat="32.717028" lon="-16.905642">
        <ele>1478.8</ele>
        <time>2024-03-16T13:42:52.873Z</time>
      </trkpt>
      <trkpt lat="32.717058" lon="-16.905638">
        <ele>1479.6</ele>
        <time>2024-03-16T13:42:55.962Z</time>
      </trkpt>
      <trkpt lat="32.717070" lon="-16.905636">
        <ele>1479.8</ele>
        <time>2024-03-16T13:42:57.138Z</time>
      </trkpt>
      <trkpt lat="32.717081" lon="-16.905625">
        <ele>1480.0</ele>
        <time>2024-03-16T13:42:58.569Z</time>
      </trkpt>
      <trkpt lat="32.717129" lon="-16.905597">
        <ele>1480.6</ele>
        <time>2024-03-16T13:43:03.815Z</time>
      </trkpt>
      <trkpt lat="32.717157" lon="-16.905613">
        <ele>1480.8</ele>
        <time>2024-03-16T13:43:06.934Z</time>
      </trkpt>
      <trkpt lat="32.717238" lon="-16.905645">
        <ele>1482.0</ele>
        <time>2024-03-16T13:43:15.390Z</time>
      </trkpt>
      <trkpt lat="32.717334" lon="-16.905657">
        <ele>1483.0</ele>
        <time>2024-03-16T13:43:24.954Z</time>
      </trkpt>
      <trkpt lat="32.717348" lon="-16.905648">
        <ele>1483.4</ele>
        <time>2024-03-16T13:43:26.583Z</time>
      </trkpt>
      <trkpt lat="32.717419" lon="-16.905611">
        <ele>1484.2</ele>
        <time>2024-03-16T13:43:34.289Z</time>
      </trkpt>
      <trkpt lat="32.717438" lon="-16.905614">
        <ele>1484.2</ele>
        <time>2024-03-16T13:43:36.118Z</time>
      </trkpt>
      <trkpt lat="32.717490" lon="-16.905614">
        <ele>1484.6</ele>
        <time>2024-03-16T13:43:41.236Z</time>
      </trkpt>
      <trkpt lat="32.717515" lon="-16.905567">
        <ele>1485.0</ele>
        <time>2024-03-16T13:43:45.909Z</time>
      </trkpt>
      <trkpt lat="32.717525" lon="-16.905557">
        <ele>1485.4</ele>
        <time>2024-03-16T13:43:47.256Z</time>
      </trkpt>
      <trkpt lat="32.717538" lon="-16.905552">
        <ele>1485.8</ele>
        <time>2024-03-16T13:43:48.645Z</time>
      </trkpt>
      <trkpt lat="32.717586" lon="-16.905557">
        <ele>1486.2</ele>
        <time>2024-03-16T13:43:53.325Z</time>
      </trkpt>
      <trkpt lat="32.717621" lon="-16.905551">
        <ele>1486.4</ele>
        <time>2024-03-16T13:43:56.909Z</time>
      </trkpt>
      <trkpt lat="32.717708" lon="-16.905539">
        <ele>1486.8</ele>
        <time>2024-03-16T13:44:05.480Z</time>
      </trkpt>
      <trkpt lat="32.717731" lon="-16.905537">
        <ele>1486.8</ele>
        <time>2024-03-16T13:44:07.734Z</time>
      </trkpt>
      <trkpt lat="32.717749" lon="-16.905529">
        <ele>1487.0</ele>
        <time>2024-03-16T13:44:09.704Z</time>
      </trkpt>
      <trkpt lat="32.717780" lon="-16.905457">
        <ele>1486.8</ele>
        <time>2024-03-16T13:44:16.447Z</time>
      </trkpt>
      <trkpt lat="32.717859" lon="-16.905385">
        <ele>1486.2</ele>
        <time>2024-03-16T13:44:26.288Z</time>
      </trkpt>
      <trkpt lat="32.717876" lon="-16.905387">
        <ele>1485.8</ele>
        <time>2024-03-16T13:44:27.975Z</time>
      </trkpt>
      <trkpt lat="32.717949" lon="-16.905387">
        <ele>1485.4</ele>
        <time>2024-03-16T13:44:35.187Z</time>
      </trkpt>
      <trkpt lat="32.718048" lon="-16.905412">
        <ele>1484.4</ele>
        <time>2024-03-16T13:44:45.173Z</time>
      </trkpt>
      <trkpt lat="32.718101" lon="-16.905405">
        <ele>1484.0</ele>
        <time>2024-03-16T13:44:50.472Z</time>
      </trkpt>
      <trkpt lat="32.718180" lon="-16.905418">
        <ele>1483.4</ele>
        <time>2024-03-16T13:44:58.318Z</time>
      </trkpt>
      <trkpt lat="32.718203" lon="-16.905410">
        <ele>1483.2</ele>
        <time>2024-03-16T13:45:00.726Z</time>
      </trkpt>
      <trkpt lat="32.718269" lon="-16.905334">
        <ele>1481.8</ele>
        <time>2024-03-16T13:45:09.873Z</time>
      </trkpt>
      <trkpt lat="32.718296" lon="-16.905260">
        <ele>1481.0</ele>
        <time>2024-03-16T13:45:16.569Z</time>
      </trkpt>
      <trkpt lat="32.718317" lon="-16.905144">
        <ele>1479.6</ele>
        <time>2024-03-16T13:45:26.513Z</time>
      </trkpt>
      <trkpt lat="32.718321" lon="-16.905110">
        <ele>1479.2</ele>
        <time>2024-03-16T13:45:29.364Z</time>
      </trkpt>
      <trkpt lat="32.718317" lon="-16.905075">
        <ele>1478.4</ele>
        <time>2024-03-16T13:45:32.423Z</time>
      </trkpt>
      <trkpt lat="32.718321" lon="-16.904949">
        <ele>1477.0</ele>
        <time>2024-03-16T13:45:42.977Z</time>
      </trkpt>
      <trkpt lat="32.718308" lon="-16.904856">
        <ele>1476.2</ele>
        <time>2024-03-16T13:45:50.791Z</time>
      </trkpt>
      <trkpt lat="32.718308" lon="-16.904816">
        <ele>1475.8</ele>
        <time>2024-03-16T13:45:54.090Z</time>
      </trkpt>
      <trkpt lat="32.718305" lon="-16.904710">
        <ele>1474.4</ele>
        <time>2024-03-16T13:46:03.042Z</time>
      </trkpt>
      <trkpt lat="32.718297" lon="-16.904637">
        <ele>1473.6</ele>
        <time>2024-03-16T13:46:09.156Z</time>
      </trkpt>
      <trkpt lat="32.718294" lon="-16.904601">
        <ele>1473.2</ele>
        <time>2024-03-16T13:46:12.222Z</time>
      </trkpt>
      <trkpt lat="32.718275" lon="-16.904491">
        <ele>1472.0</ele>
        <time>2024-03-16T13:46:21.545Z</time>
      </trkpt>
      <trkpt lat="32.718256" lon="-16.904419">
        <ele>1470.8</ele>
        <time>2024-03-16T13:46:27.906Z</time>
      </trkpt>
      <trkpt lat="32.718244" lon="-16.904383">
        <ele>1470.2</ele>
        <time>2024-03-16T13:46:31.193Z</time>
      </trkpt>
      <trkpt lat="32.718228" lon="-16.904321">
        <ele>1469.4</ele>
        <time>2024-03-16T13:46:36.618Z</time>
      </trkpt>
      <trkpt lat="32.718205" lon="-16.904230">
        <ele>1468.2</ele>
        <time>2024-03-16T13:46:44.576Z</time>
      </trkpt>
      <trkpt lat="32.718186" lon="-16.904191">
        <ele>1467.6</ele>
        <time>2024-03-16T13:46:48.298Z</time>
      </trkpt>
      <trkpt lat="32.718174" lon="-16.904122">
        <ele>1467.0</ele>
        <time>2024-03-16T13:46:54.240Z</time>
      </trkpt>
      <trkpt lat="32.718161" lon="-16.904086">
        <ele>1466.4</ele>
        <time>2024-03-16T13:46:57.479Z</time>
      </trkpt>
      <trkpt lat="32.718157" lon="-16.904072">
        <ele>1465.8</ele>
        <time>2024-03-16T13:46:58.833Z</time>
      </trkpt>
      <trkpt lat="32.718131" lon="-16.904012">
        <ele>1464.6</ele>
        <time>2024-03-16T13:47:04.480Z</time>
      </trkpt>
      <trkpt lat="32.718120" lon="-16.903979">
        <ele>1463.4</ele>
        <time>2024-03-16T13:47:07.638Z</time>
      </trkpt>
      <trkpt lat="32.718117" lon="-16.903955">
        <ele>1462.6</ele>
        <time>2024-03-16T13:47:09.743Z</time>
      </trkpt>
      <trkpt lat="32.718116" lon="-16.903940">
        <ele>1462.0</ele>
        <time>2024-03-16T13:47:11.119Z</time>
      </trkpt>
      <trkpt lat="32.718108" lon="-16.903918">
        <ele>1461.6</ele>
        <time>2024-03-16T13:47:13.156Z</time>
      </trkpt>
      <trkpt lat="32.718101" lon="-16.903904">
        <ele>1460.8</ele>
        <time>2024-03-16T13:47:14.661Z</time>
      </trkpt>
      <trkpt lat="32.718101" lon="-16.903877">
        <ele>1460.4</ele>
        <time>2024-03-16T13:47:16.996Z</time>
      </trkpt>
      <trkpt lat="32.718088" lon="-16.903808">
        <ele>1459.8</ele>
        <time>2024-03-16T13:47:22.805Z</time>
      </trkpt>
      <trkpt lat="32.718079" lon="-16.903748">
        <ele>1458.6</ele>
        <time>2024-03-16T13:47:28.031Z</time>
      </trkpt>
      <trkpt lat="32.718074" lon="-16.903681">
        <ele>1456.4</ele>
        <time>2024-03-16T13:47:33.944Z</time>
      </trkpt>
      <trkpt lat="32.718069" lon="-16.903618">
        <ele>1455.0</ele>
        <time>2024-03-16T13:47:39.319Z</time>
      </trkpt>
      <trkpt lat="32.718070" lon="-16.903554">
        <ele>1453.6</ele>
        <time>2024-03-16T13:47:44.775Z</time>
      </trkpt>
      <trkpt lat="32.718072" lon="-16.903522">
        <ele>1452.8</ele>
        <time>2024-03-16T13:47:47.500Z</time>
      </trkpt>
      <trkpt lat="32.718084" lon="-16.903427">
        <ele>1450.8</ele>
        <time>2024-03-16T13:47:55.705Z</time>
      </trkpt>
      <trkpt lat="32.718082" lon="-16.903352">
        <ele>1448.8</ele>
        <time>2024-03-16T13:48:02.131Z</time>
      </trkpt>
      <trkpt lat="32.718079" lon="-16.903285">
        <ele>1447.4</ele>
        <time>2024-03-16T13:48:07.894Z</time>
      </trkpt>
      <trkpt lat="32.718080" lon="-16.903208">
        <ele>1444.8</ele>
        <time>2024-03-16T13:48:14.633Z</time>
      </trkpt>
      <trkpt lat="32.718095" lon="-16.903077">
        <ele>1442.4</ele>
        <time>2024-03-16T13:48:25.843Z</time>
      </trkpt>
      <trkpt lat="32.718099" lon="-16.902958">
        <ele>1440.8</ele>
        <time>2024-03-16T13:48:35.854Z</time>
      </trkpt>
      <trkpt lat="32.718098" lon="-16.902923">
        <ele>1440.4</ele>
        <time>2024-03-16T13:48:38.714Z</time>
      </trkpt>
      <trkpt lat="32.718078" lon="-16.902616">
        <ele>1435.6</ele>
        <time>2024-03-16T13:49:04.657Z</time>
      </trkpt>
      <trkpt lat="32.718064" lon="-16.902546">
        <ele>1433.8</ele>
        <time>2024-03-16T13:49:10.805Z</time>
      </trkpt>
      <trkpt lat="32.718052" lon="-16.902511">
        <ele>1432.4</ele>
        <time>2024-03-16T13:49:14.213Z</time>
      </trkpt>
      <trkpt lat="32.718037" lon="-16.902440">
        <ele>1430.6</ele>
        <time>2024-03-16T13:49:20.486Z</time>
      </trkpt>
      <trkpt lat="32.718030" lon="-16.902386">
        <ele>1428.8</ele>
        <time>2024-03-16T13:49:25.245Z</time>
      </trkpt>
      <trkpt lat="32.718040" lon="-16.902342">
        <ele>1427.8</ele>
        <time>2024-03-16T13:49:29.176Z</time>
      </trkpt>
      <trkpt lat="32.718061" lon="-16.902291">
        <ele>1426.4</ele>
        <time>2024-03-16T13:49:33.999Z</time>
      </trkpt>
      <trkpt lat="32.718064" lon="-16.902254">
        <ele>1425.2</ele>
        <time>2024-03-16T13:49:37.289Z</time>
      </trkpt>
      <trkpt lat="32.718053" lon="-16.902240">
        <ele>1424.2</ele>
        <time>2024-03-16T13:49:39.115Z</time>
      </trkpt>
      <trkpt lat="32.718023" lon="-16.902211">
        <ele>1422.8</ele>
        <time>2024-03-16T13:49:43.069Z</time>
      </trkpt>
      <trkpt lat="32.718003" lon="-16.902199">
        <ele>1422.0</ele>
        <time>2024-03-16T13:49:45.456Z</time>
      </trkpt>
      <trkpt lat="32.717984" lon="-16.902184">
        <ele>1421.4</ele>
        <time>2024-03-16T13:49:47.750Z</time>
      </trkpt>
      <trkpt lat="32.717908" lon="-16.902121">
        <ele>1420.0</ele>
        <time>2024-03-16T13:49:56.991Z</time>
      </trkpt>
      <trkpt lat="32.717847" lon="-16.902054">
        <ele>1418.8</ele>
        <time>2024-03-16T13:50:05.197Z</time>
      </trkpt>
      <trkpt lat="32.717752" lon="-16.901875">
        <ele>1418.4</ele>
        <time>2024-03-16T13:50:22.760Z</time>
      </trkpt>
      <trkpt lat="32.717644" lon="-16.901664">
        <ele>1418.2</ele>
        <time>2024-03-16T13:50:43.263Z</time>
      </trkpt>
      <trkpt lat="32.717540" lon="-16.901587">
        <ele>1417.8</ele>
        <time>2024-03-16T13:50:55.400Z</time>
      </trkpt>
      <trkpt lat="32.717509" lon="-16.901569">
        <ele>1417.8</ele>
        <time>2024-03-16T13:50:58.741Z</time>
      </trkpt>
      <trkpt lat="32.717409" lon="-16.901509">
        <ele>1417.6</ele>
        <time>2024-03-16T13:51:09.836Z</time>
      </trkpt>
      <trkpt lat="32.717360" lon="-16.901471">
        <ele>1417.6</ele>
        <time>2024-03-16T13:51:15.616Z</time>
      </trkpt>
      <trkpt lat="32.717219" lon="-16.901321">
        <ele>1417.0</ele>
        <time>2024-03-16T13:51:34.256Z</time>
      </trkpt>
      <trkpt lat="32.717193" lon="-16.901295">
        <ele>1417.0</ele>
        <time>2024-03-16T13:51:37.533Z</time>
      </trkpt>
      <trkpt lat="32.717101" lon="-16.901247">
        <ele>1417.0</ele>
        <time>2024-03-16T13:51:47.479Z</time>
      </trkpt>
      <trkpt lat="32.717069" lon="-16.901245">
        <ele>1416.8</ele>
        <time>2024-03-16T13:51:50.679Z</time>
      </trkpt>
      <trkpt lat="32.717038" lon="-16.901246">
        <ele>1416.8</ele>
        <time>2024-03-16T13:51:53.687Z</time>
      </trkpt>
      <trkpt lat="32.717012" lon="-16.901238">
        <ele>1416.8</ele>
        <time>2024-03-16T13:51:56.361Z</time>
      </trkpt>
      <trkpt lat="32.716962" lon="-16.901197">
        <ele>1416.8</ele>
        <time>2024-03-16T13:52:02.368Z</time>
      </trkpt>
      <trkpt lat="32.716860" lon="-16.901020">
        <ele>1416.6</ele>
        <time>2024-03-16T13:52:20.232Z</time>
      </trkpt>
      <trkpt lat="32.716829" lon="-16.900930">
        <ele>1416.2</ele>
        <time>2024-03-16T13:52:28.291Z</time>
      </trkpt>
      <trkpt lat="32.716800" lon="-16.900870">
        <ele>1416.2</ele>
        <time>2024-03-16T13:52:33.985Z</time>
      </trkpt>
      <trkpt lat="32.716694" lon="-16.900689">
        <ele>1416.0</ele>
        <time>2024-03-16T13:52:52.263Z</time>
      </trkpt>
      <trkpt lat="32.716579" lon="-16.900533">
        <ele>1415.4</ele>
        <time>2024-03-16T13:53:09.527Z</time>
      </trkpt>
      <trkpt lat="32.716553" lon="-16.900438">
        <ele>1415.0</ele>
        <time>2024-03-16T13:53:17.777Z</time>
      </trkpt>
      <trkpt lat="32.716531" lon="-16.900291">
        <ele>1414.8</ele>
        <time>2024-03-16T13:53:30.200Z</time>
      </trkpt>
      <trkpt lat="32.716449" lon="-16.900178">
        <ele>1414.6</ele>
        <time>2024-03-16T13:53:42.568Z</time>
      </trkpt>
      <trkpt lat="32.716389" lon="-16.900082">
        <ele>1414.8</ele>
        <time>2024-03-16T13:53:52.464Z</time>
      </trkpt>
      <trkpt lat="32.716337" lon="-16.899991">
        <ele>1414.4</ele>
        <time>2024-03-16T13:54:01.649Z</time>
      </trkpt>
      <trkpt lat="32.716245" lon="-16.899854">
        <ele>1414.2</ele>
        <time>2024-03-16T13:54:16.159Z</time>
      </trkpt>
      <trkpt lat="32.716114" lon="-16.899731">
        <ele>1413.6</ele>
        <time>2024-03-16T13:54:32.652Z</time>
      </trkpt>
      <trkpt lat="32.715950" lon="-16.899639">
        <ele>1413.6</ele>
        <time>2024-03-16T13:54:50.520Z</time>
      </trkpt>
      <trkpt lat="32.715917" lon="-16.899632">
        <ele>1413.8</ele>
        <time>2024-03-16T13:54:53.791Z</time>
      </trkpt>
      <trkpt lat="32.715760" lon="-16.899552">
        <ele>1413.8</ele>
        <time>2024-03-16T13:55:10.626Z</time>
      </trkpt>
      <trkpt lat="32.715659" lon="-16.899470">
        <ele>1413.4</ele>
        <time>2024-03-16T13:55:22.739Z</time>
      </trkpt>
      <trkpt lat="32.715607" lon="-16.899393">
        <ele>1413.2</ele>
        <time>2024-03-16T13:55:30.929Z</time>
      </trkpt>
      <trkpt lat="32.715493" lon="-16.899241">
        <ele>1412.8</ele>
        <time>2024-03-16T13:55:47.784Z</time>
      </trkpt>
      <trkpt lat="32.715443" lon="-16.899190">
        <ele>1412.8</ele>
        <time>2024-03-16T13:55:54.305Z</time>
      </trkpt>
      <trkpt lat="32.715395" lon="-16.899156">
        <ele>1412.6</ele>
        <time>2024-03-16T13:55:59.823Z</time>
      </trkpt>
      <trkpt lat="32.715272" lon="-16.899088">
        <ele>1412.6</ele>
        <time>2024-03-16T13:56:13.166Z</time>
      </trkpt>
      <trkpt lat="32.715124" lon="-16.899087">
        <ele>1412.4</ele>
        <time>2024-03-16T13:56:27.763Z</time>
      </trkpt>
      <trkpt lat="32.715092" lon="-16.899083">
        <ele>1412.2</ele>
        <time>2024-03-16T13:56:30.923Z</time>
      </trkpt>
      <trkpt lat="32.714948" lon="-16.899047">
        <ele>1412.0</ele>
        <time>2024-03-16T13:56:45.430Z</time>
      </trkpt>
      <trkpt lat="32.714618" lon="-16.898846">
        <ele>1411.2</ele>
        <time>2024-03-16T13:57:22.044Z</time>
      </trkpt>
      <trkpt lat="32.714567" lon="-16.898726">
        <ele>1411.2</ele>
        <time>2024-03-16T13:57:33.173Z</time>
      </trkpt>
      <trkpt lat="32.714444" lon="-16.898484">
        <ele>1410.8</ele>
        <time>2024-03-16T13:57:56.595Z</time>
      </trkpt>
      <trkpt lat="32.714336" lon="-16.898284">
        <ele>1410.4</ele>
        <time>2024-03-16T13:58:16.298Z</time>
      </trkpt>
      <trkpt lat="32.714228" lon="-16.898170">
        <ele>1410.0</ele>
        <time>2024-03-16T13:58:30.628Z</time>
      </trkpt>
      <trkpt lat="32.714185" lon="-16.898131">
        <ele>1410.0</ele>
        <time>2024-03-16T13:58:35.928Z</time>
      </trkpt>
      <trkpt lat="32.714036" lon="-16.898015">
        <ele>1409.8</ele>
        <time>2024-03-16T13:58:53.430Z</time>
      </trkpt>
      <trkpt lat="32.713843" lon="-16.897933">
        <ele>1409.0</ele>
        <time>2024-03-16T13:59:13.699Z</time>
      </trkpt>
      <trkpt lat="32.713671" lon="-16.897905">
        <ele>1408.4</ele>
        <time>2024-03-16T13:59:30.856Z</time>
      </trkpt>
      <trkpt lat="32.713480" lon="-16.897904">
        <ele>1409.0</ele>
        <time>2024-03-16T13:59:49.708Z</time>
      </trkpt>
      <trkpt lat="32.713156" lon="-16.897904">
        <ele>1408.0</ele>
        <time>2024-03-16T14:00:21.607Z</time>
      </trkpt>
      <trkpt lat="32.713100" lon="-16.897898">
        <ele>1408.0</ele>
        <time>2024-03-16T14:00:27.180Z</time>
      </trkpt>
      <trkpt lat="32.712938" lon="-16.897872">
        <ele>1408.2</ele>
        <time>2024-03-16T14:00:43.303Z</time>
      </trkpt>
      <trkpt lat="32.712792" lon="-16.897863">
        <ele>1408.2</ele>
        <time>2024-03-16T14:00:57.736Z</time>
      </trkpt>
      <trkpt lat="32.712711" lon="-16.897709">
        <ele>1407.6</ele>
        <time>2024-03-16T14:01:12.779Z</time>
      </trkpt>
      <trkpt lat="32.712691" lon="-16.897690">
        <ele>1407.6</ele>
        <time>2024-03-16T14:01:15.279Z</time>
      </trkpt>
      <trkpt lat="32.712645" lon="-16.897645">
        <ele>1407.6</ele>
        <time>2024-03-16T14:01:21.170Z</time>
      </trkpt>
      <trkpt lat="32.712491" lon="-16.897526">
        <ele>1407.2</ele>
        <time>2024-03-16T14:01:39.344Z</time>
      </trkpt>
      <trkpt lat="32.712436" lon="-16.897493">
        <ele>1407.0</ele>
        <time>2024-03-16T14:01:45.388Z</time>
      </trkpt>
      <trkpt lat="32.712289" lon="-16.897417">
        <ele>1407.0</ele>
        <time>2024-03-16T14:02:01.223Z</time>
      </trkpt>
      <trkpt lat="32.712239" lon="-16.897386">
        <ele>1406.8</ele>
        <time>2024-03-16T14:02:06.690Z</time>
      </trkpt>
      <trkpt lat="32.711928" lon="-16.897265">
        <ele>1406.2</ele>
        <time>2024-03-16T14:02:39.039Z</time>
      </trkpt>
      <trkpt lat="32.711867" lon="-16.897253">
        <ele>1406.4</ele>
        <time>2024-03-16T14:02:45.097Z</time>
      </trkpt>
      <trkpt lat="32.711740" lon="-16.897211">
        <ele>1406.4</ele>
        <time>2024-03-16T14:02:58.082Z</time>
      </trkpt>
      <trkpt lat="32.711591" lon="-16.897170">
        <ele>1406.2</ele>
        <time>2024-03-16T14:03:13.175Z</time>
      </trkpt>
      <trkpt lat="32.711564" lon="-16.897166">
        <ele>1406.0</ele>
        <time>2024-03-16T14:03:15.868Z</time>
      </trkpt>
      <trkpt lat="32.711451" lon="-16.897125">
        <ele>1405.6</ele>
        <time>2024-03-16T14:03:27.503Z</time>
      </trkpt>
      <trkpt lat="32.711323" lon="-16.897045">
        <ele>1405.2</ele>
        <time>2024-03-16T14:03:41.770Z</time>
      </trkpt>
      <trkpt lat="32.711315" lon="-16.897018">
        <ele>1405.2</ele>
        <time>2024-03-16T14:03:44.118Z</time>
      </trkpt>
      <trkpt lat="32.711305" lon="-16.896920">
        <ele>1405.2</ele>
        <time>2024-03-16T14:03:52.354Z</time>
      </trkpt>
      <trkpt lat="32.711244" lon="-16.896773">
        <ele>1404.8</ele>
        <time>2024-03-16T14:04:05.921Z</time>
      </trkpt>
      <trkpt lat="32.711173" lon="-16.896632">
        <ele>1403.8</ele>
        <time>2024-03-16T14:04:19.586Z</time>
      </trkpt>
      <trkpt lat="32.711152" lon="-16.896531">
        <ele>1403.6</ele>
        <time>2024-03-16T14:04:28.297Z</time>
      </trkpt>
      <trkpt lat="32.711151" lon="-16.896455">
        <ele>1403.6</ele>
        <time>2024-03-16T14:04:34.527Z</time>
      </trkpt>
      <trkpt lat="32.711160" lon="-16.896386">
        <ele>1402.6</ele>
        <time>2024-03-16T14:04:40.423Z</time>
      </trkpt>
      <trkpt lat="32.711209" lon="-16.896305">
        <ele>1401.8</ele>
        <time>2024-03-16T14:04:48.726Z</time>
      </trkpt>
      <trkpt lat="32.711235" lon="-16.896282">
        <ele>1401.0</ele>
        <time>2024-03-16T14:04:51.997Z</time>
      </trkpt>
      <trkpt lat="32.711257" lon="-16.896265">
        <ele>1400.6</ele>
        <time>2024-03-16T14:04:54.562Z</time>
      </trkpt>
      <trkpt lat="32.711274" lon="-16.896249">
        <ele>1400.4</ele>
        <time>2024-03-16T14:04:56.687Z</time>
      </trkpt>
      <trkpt lat="32.711320" lon="-16.896182">
        <ele>1400.2</ele>
        <time>2024-03-16T14:05:03.917Z</time>
      </trkpt>
      <trkpt lat="32.711398" lon="-16.896089">
        <ele>1400.0</ele>
        <time>2024-03-16T14:05:14.781Z</time>
      </trkpt>
      <trkpt lat="32.711471" lon="-16.896038">
        <ele>1399.4</ele>
        <time>2024-03-16T14:05:23.145Z</time>
      </trkpt>
      <trkpt lat="32.711586" lon="-16.895951">
        <ele>1399.0</ele>
        <time>2024-03-16T14:05:36.609Z</time>
      </trkpt>
      <trkpt lat="32.711612" lon="-16.895919">
        <ele>1398.4</ele>
        <time>2024-03-16T14:05:40.354Z</time>
      </trkpt>
      <trkpt lat="32.711722" lon="-16.895765">
        <ele>1398.2</ele>
        <time>2024-03-16T14:05:57.138Z</time>
      </trkpt>
      <trkpt lat="32.711799" lon="-16.895684">
        <ele>1397.8</ele>
        <time>2024-03-16T14:06:07.236Z</time>
      </trkpt>
      <trkpt lat="32.711828" lon="-16.895629">
        <ele>1397.6</ele>
        <time>2024-03-16T14:06:12.583Z</time>
      </trkpt>
      <trkpt lat="32.711861" lon="-16.895502">
        <ele>1397.4</ele>
        <time>2024-03-16T14:06:23.628Z</time>
      </trkpt>
      <trkpt lat="32.711889" lon="-16.895360">
        <ele>1397.4</ele>
        <time>2024-03-16T14:06:35.762Z</time>
      </trkpt>
      <trkpt lat="32.711916" lon="-16.895291">
        <ele>1396.8</ele>
        <time>2024-03-16T14:06:42.034Z</time>
      </trkpt>
      <trkpt lat="32.711969" lon="-16.895179">
        <ele>1395.8</ele>
        <time>2024-03-16T14:06:52.784Z</time>
      </trkpt>
      <trkpt lat="32.711984" lon="-16.895151">
        <ele>1395.4</ele>
        <time>2024-03-16T14:06:55.548Z</time>
      </trkpt>
      <trkpt lat="32.712030" lon="-16.895034">
        <ele>1394.8</ele>
        <time>2024-03-16T14:07:06.269Z</time>
      </trkpt>
      <trkpt lat="32.712103" lon="-16.894899">
        <ele>1394.6</ele>
        <time>2024-03-16T14:07:19.583Z</time>
      </trkpt>
      <trkpt lat="32.712136" lon="-16.894859">
        <ele>1394.2</ele>
        <time>2024-03-16T14:07:24.246Z</time>
      </trkpt>
      <trkpt lat="32.712162" lon="-16.894849">
        <ele>1393.8</ele>
        <time>2024-03-16T14:07:27.048Z</time>
      </trkpt>
      <trkpt lat="32.712191" lon="-16.894842">
        <ele>1392.8</ele>
        <time>2024-03-16T14:07:30.075Z</time>
      </trkpt>
      <trkpt lat="32.712231" lon="-16.894798">
        <ele>1391.8</ele>
        <time>2024-03-16T14:07:35.484Z</time>
      </trkpt>
      <trkpt lat="32.712240" lon="-16.894772">
        <ele>1391.6</ele>
        <time>2024-03-16T14:07:37.847Z</time>
      </trkpt>
      <trkpt lat="32.712254" lon="-16.894721">
        <ele>1391.4</ele>
        <time>2024-03-16T14:07:42.345Z</time>
      </trkpt>
      <trkpt lat="32.712286" lon="-16.894630">
        <ele>1391.4</ele>
        <time>2024-03-16T14:07:50.458Z</time>
      </trkpt>
      <trkpt lat="32.712306" lon="-16.894611">
        <ele>1391.4</ele>
        <time>2024-03-16T14:07:53.006Z</time>
      </trkpt>
      <trkpt lat="32.712382" lon="-16.894467">
        <ele>1391.2</ele>
        <time>2024-03-16T14:08:07.177Z</time>
      </trkpt>
      <trkpt lat="32.712392" lon="-16.894397">
        <ele>1391.8</ele>
        <time>2024-03-16T14:08:13.038Z</time>
      </trkpt>
      <trkpt lat="32.712410" lon="-16.894372">
        <ele>1391.2</ele>
        <time>2024-03-16T14:08:15.836Z</time>
      </trkpt>
      <trkpt lat="32.712435" lon="-16.894329">
        <ele>1390.6</ele>
        <time>2024-03-16T14:08:20.211Z</time>
      </trkpt>
      <trkpt lat="32.712451" lon="-16.894278">
        <ele>1390.4</ele>
        <time>2024-03-16T14:08:24.722Z</time>
      </trkpt>
      <trkpt lat="32.712456" lon="-16.894257">
        <ele>1390.2</ele>
        <time>2024-03-16T14:08:26.489Z</time>
      </trkpt>
      <trkpt lat="32.712542" lon="-16.894163">
        <ele>1390.2</ele>
        <time>2024-03-16T14:08:37.999Z</time>
      </trkpt>
      <trkpt lat="32.712555" lon="-16.894151">
        <ele>1390.2</ele>
        <time>2024-03-16T14:08:39.659Z</time>
      </trkpt>
      <trkpt lat="32.712619" lon="-16.894078">
        <ele>1390.4</ele>
        <time>2024-03-16T14:08:48.409Z</time>
      </trkpt>
      <trkpt lat="32.712633" lon="-16.894052">
        <ele>1390.8</ele>
        <time>2024-03-16T14:08:51.006Z</time>
      </trkpt>
      <trkpt lat="32.712670" lon="-16.894002">
        <ele>1390.8</ele>
        <time>2024-03-16T14:08:56.532Z</time>
      </trkpt>
      <trkpt lat="32.712717" lon="-16.893956">
        <ele>1390.8</ele>
        <time>2024-03-16T14:09:02.483Z</time>
      </trkpt>
      <trkpt lat="32.712746" lon="-16.893923">
        <ele>1390.6</ele>
        <time>2024-03-16T14:09:06.506Z</time>
      </trkpt>
      <trkpt lat="32.712765" lon="-16.893881">
        <ele>1390.6</ele>
        <time>2024-03-16T14:09:10.461Z</time>
      </trkpt>
      <trkpt lat="32.712785" lon="-16.893794">
        <ele>1390.8</ele>
        <time>2024-03-16T14:09:17.922Z</time>
      </trkpt>
      <trkpt lat="32.712781" lon="-16.893736">
        <ele>1391.2</ele>
        <time>2024-03-16T14:09:22.805Z</time>
      </trkpt>
      <trkpt lat="32.712776" lon="-16.893717">
        <ele>1391.6</ele>
        <time>2024-03-16T14:09:24.451Z</time>
      </trkpt>
      <trkpt lat="32.712767" lon="-16.893708">
        <ele>1391.8</ele>
        <time>2024-03-16T14:09:25.614Z</time>
      </trkpt>
      <trkpt lat="32.712754" lon="-16.893630">
        <ele>1392.6</ele>
        <time>2024-03-16T14:09:32.222Z</time>
      </trkpt>
      <trkpt lat="32.712747" lon="-16.893502">
        <ele>1392.8</ele>
        <time>2024-03-16T14:09:42.847Z</time>
      </trkpt>
      <trkpt lat="32.712723" lon="-16.893416">
        <ele>1393.2</ele>
        <time>2024-03-16T14:09:50.444Z</time>
      </trkpt>
      <trkpt lat="32.712706" lon="-16.893383">
        <ele>1393.8</ele>
        <time>2024-03-16T14:09:53.659Z</time>
      </trkpt>
      <trkpt lat="32.712688" lon="-16.893323">
        <ele>1394.6</ele>
        <time>2024-03-16T14:09:59.013Z</time>
      </trkpt>
      <trkpt lat="32.712676" lon="-16.893297">
        <ele>1395.0</ele>
        <time>2024-03-16T14:10:01.483Z</time>
      </trkpt>
      <trkpt lat="32.712670" lon="-16.893282">
        <ele>1395.2</ele>
        <time>2024-03-16T14:10:02.884Z</time>
      </trkpt>
      <trkpt lat="32.712658" lon="-16.893214">
        <ele>1396.0</ele>
        <time>2024-03-16T14:10:08.699Z</time>
      </trkpt>
      <trkpt lat="32.712657" lon="-16.893191">
        <ele>1396.0</ele>
        <time>2024-03-16T14:10:10.579Z</time>
      </trkpt>
      <trkpt lat="32.712658" lon="-16.893124">
        <ele>1396.8</ele>
        <time>2024-03-16T14:10:16.187Z</time>
      </trkpt>
      <trkpt lat="32.712663" lon="-16.893026">
        <ele>1395.2</ele>
        <time>2024-03-16T14:10:24.409Z</time>
      </trkpt>
      <trkpt lat="32.712653" lon="-16.892986">
        <ele>1395.4</ele>
        <time>2024-03-16T14:10:27.958Z</time>
      </trkpt>
      <trkpt lat="32.712661" lon="-16.892914">
        <ele>1395.4</ele>
        <time>2024-03-16T14:10:33.909Z</time>
      </trkpt>
      <trkpt lat="32.712650" lon="-16.892828">
        <ele>1395.8</ele>
        <time>2024-03-16T14:10:41.145Z</time>
      </trkpt>
      <trkpt lat="32.712658" lon="-16.892788">
        <ele>1395.8</ele>
        <time>2024-03-16T14:10:44.581Z</time>
      </trkpt>
      <trkpt lat="32.712655" lon="-16.892770">
        <ele>1395.8</ele>
        <time>2024-03-16T14:10:46.090Z</time>
      </trkpt>
      <trkpt lat="32.712660" lon="-16.892748">
        <ele>1395.4</ele>
        <time>2024-03-16T14:10:48.013Z</time>
      </trkpt>
      <trkpt lat="32.712670" lon="-16.892727">
        <ele>1395.2</ele>
        <time>2024-03-16T14:10:50.011Z</time>
      </trkpt>
      <trkpt lat="32.712677" lon="-16.892710">
        <ele>1394.8</ele>
        <time>2024-03-16T14:10:51.652Z</time>
      </trkpt>
      <trkpt lat="32.712694" lon="-16.892648">
        <ele>1394.4</ele>
        <time>2024-03-16T14:10:57.066Z</time>
      </trkpt>
      <trkpt lat="32.712692" lon="-16.892607">
        <ele>1394.2</ele>
        <time>2024-03-16T14:11:00.483Z</time>
      </trkpt>
      <trkpt lat="32.712709" lon="-16.892537">
        <ele>1394.8</ele>
        <time>2024-03-16T14:11:06.532Z</time>
      </trkpt>
      <trkpt lat="32.712712" lon="-16.892520">
        <ele>1395.0</ele>
        <time>2024-03-16T14:11:08.027Z</time>
      </trkpt>
      <trkpt lat="32.712718" lon="-16.892499">
        <ele>1395.0</ele>
        <time>2024-03-16T14:11:09.895Z</time>
      </trkpt>
      <trkpt lat="32.712726" lon="-16.892479">
        <ele>1394.8</ele>
        <time>2024-03-16T14:11:11.722Z</time>
      </trkpt>
      <trkpt lat="32.712748" lon="-16.892444">
        <ele>1394.6</ele>
        <time>2024-03-16T14:11:15.335Z</time>
      </trkpt>
      <trkpt lat="32.712774" lon="-16.892438">
        <ele>1394.0</ele>
        <time>2024-03-16T14:11:18.024Z</time>
      </trkpt>
      <trkpt lat="32.712781" lon="-16.892427">
        <ele>1393.6</ele>
        <time>2024-03-16T14:11:19.187Z</time>
      </trkpt>
      <trkpt lat="32.712799" lon="-16.892367">
        <ele>1392.6</ele>
        <time>2024-03-16T14:11:24.593Z</time>
      </trkpt>
      <trkpt lat="32.712812" lon="-16.892351">
        <ele>1392.6</ele>
        <time>2024-03-16T14:11:26.388Z</time>
      </trkpt>
      <trkpt lat="32.712820" lon="-16.892346">
        <ele>1392.4</ele>
        <time>2024-03-16T14:11:27.336Z</time>
      </trkpt>
      <trkpt lat="32.712830" lon="-16.892335">
        <ele>1392.4</ele>
        <time>2024-03-16T14:11:28.614Z</time>
      </trkpt>
      <trkpt lat="32.712851" lon="-16.892293">
        <ele>1392.0</ele>
        <time>2024-03-16T14:11:32.729Z</time>
      </trkpt>
      <trkpt lat="32.712853" lon="-16.892180">
        <ele>1392.0</ele>
        <time>2024-03-16T14:11:42.067Z</time>
      </trkpt>
      <trkpt lat="32.712844" lon="-16.892053">
        <ele>1393.6</ele>
        <time>2024-03-16T14:11:52.770Z</time>
      </trkpt>
      <trkpt lat="32.712843" lon="-16.892023">
        <ele>1393.8</ele>
        <time>2024-03-16T14:11:55.199Z</time>
      </trkpt>
      <trkpt lat="32.712838" lon="-16.891999">
        <ele>1394.2</ele>
        <time>2024-03-16T14:11:57.296Z</time>
      </trkpt>
      <trkpt lat="32.712805" lon="-16.891923">
        <ele>1395.6</ele>
        <time>2024-03-16T14:12:04.537Z</time>
      </trkpt>
      <trkpt lat="32.712798" lon="-16.891905">
        <ele>1395.8</ele>
        <time>2024-03-16T14:12:06.215Z</time>
      </trkpt>
      <trkpt lat="32.712782" lon="-16.891766">
        <ele>1396.4</ele>
        <time>2024-03-16T14:12:17.809Z</time>
      </trkpt>
      <trkpt lat="32.712786" lon="-16.891743">
        <ele>1396.6</ele>
        <time>2024-03-16T14:12:19.826Z</time>
      </trkpt>
      <trkpt lat="32.712766" lon="-16.891606">
        <ele>1397.2</ele>
        <time>2024-03-16T14:12:31.395Z</time>
      </trkpt>
      <trkpt lat="32.712813" lon="-16.891438">
        <ele>1396.8</ele>
        <time>2024-03-16T14:12:46.054Z</time>
      </trkpt>
      <trkpt lat="32.712870" lon="-16.891346">
        <ele>1395.6</ele>
        <time>2024-03-16T14:12:55.623Z</time>
      </trkpt>
      <trkpt lat="32.712904" lon="-16.891237">
        <ele>1395.2</ele>
        <time>2024-03-16T14:13:05.302Z</time>
      </trkpt>
      <trkpt lat="32.712902" lon="-16.891203">
        <ele>1395.0</ele>
        <time>2024-03-16T14:13:08.112Z</time>
      </trkpt>
      <trkpt lat="32.712902" lon="-16.891105">
        <ele>1395.2</ele>
        <time>2024-03-16T14:13:16.208Z</time>
      </trkpt>
      <trkpt lat="32.712864" lon="-16.891006">
        <ele>1396.6</ele>
        <time>2024-03-16T14:13:25.340Z</time>
      </trkpt>
      <trkpt lat="32.712853" lon="-16.890999">
        <ele>1396.8</ele>
        <time>2024-03-16T14:13:26.604Z</time>
      </trkpt>
      <trkpt lat="32.712836" lon="-16.890978">
        <ele>1397.0</ele>
        <time>2024-03-16T14:13:28.968Z</time>
      </trkpt>
      <trkpt lat="32.712815" lon="-16.890942">
        <ele>1397.8</ele>
        <time>2024-03-16T14:13:32.692Z</time>
      </trkpt>
      <trkpt lat="32.712808" lon="-16.890921">
        <ele>1398.0</ele>
        <time>2024-03-16T14:13:34.560Z</time>
      </trkpt>
      <trkpt lat="32.712787" lon="-16.890847">
        <ele>1398.8</ele>
        <time>2024-03-16T14:13:41.047Z</time>
      </trkpt>
      <trkpt lat="32.712779" lon="-16.890826">
        <ele>1399.2</ele>
        <time>2024-03-16T14:13:43.034Z</time>
      </trkpt>
      <trkpt lat="32.712794" lon="-16.890729">
        <ele>1400.2</ele>
        <time>2024-03-16T14:13:51.241Z</time>
      </trkpt>
      <trkpt lat="32.712810" lon="-16.890702">
        <ele>1400.2</ele>
        <time>2024-03-16T14:13:53.955Z</time>
      </trkpt>
      <trkpt lat="32.712825" lon="-16.890616">
        <ele>1400.6</ele>
        <time>2024-03-16T14:14:01.304Z</time>
      </trkpt>
      <trkpt lat="32.712902" lon="-16.890433">
        <ele>1400.4</ele>
        <time>2024-03-16T14:14:18.218Z</time>
      </trkpt>
      <trkpt lat="32.712915" lon="-16.890372">
        <ele>1400.4</ele>
        <time>2024-03-16T14:14:23.520Z</time>
      </trkpt>
      <trkpt lat="32.712925" lon="-16.890355">
        <ele>1400.4</ele>
        <time>2024-03-16T14:14:25.166Z</time>
      </trkpt>
      <trkpt lat="32.712956" lon="-16.890338">
        <ele>1400.4</ele>
        <time>2024-03-16T14:14:28.531Z</time>
      </trkpt>
      <trkpt lat="32.713003" lon="-16.890278">
        <ele>1400.4</ele>
        <time>2024-03-16T14:14:35.298Z</time>
      </trkpt>
      <trkpt lat="32.713018" lon="-16.890234">
        <ele>1400.4</ele>
        <time>2024-03-16T14:14:39.268Z</time>
      </trkpt>
      <trkpt lat="32.713047" lon="-16.890191">
        <ele>1400.6</ele>
        <time>2024-03-16T14:14:43.839Z</time>
      </trkpt>
      <trkpt lat="32.713111" lon="-16.890069">
        <ele>1401.2</ele>
        <time>2024-03-16T14:14:55.763Z</time>
      </trkpt>
      <trkpt lat="32.713119" lon="-16.890034">
        <ele>1401.6</ele>
        <time>2024-03-16T14:14:58.791Z</time>
      </trkpt>
      <trkpt lat="32.713121" lon="-16.889933">
        <ele>1402.2</ele>
        <time>2024-03-16T14:15:07.197Z</time>
      </trkpt>
      <trkpt lat="32.713126" lon="-16.889906">
        <ele>1402.4</ele>
        <time>2024-03-16T14:15:09.479Z</time>
      </trkpt>
      <trkpt lat="32.713152" lon="-16.889842">
        <ele>1403.2</ele>
        <time>2024-03-16T14:15:15.486Z</time>
      </trkpt>
      <trkpt lat="32.713175" lon="-16.889765">
        <ele>1403.6</ele>
        <time>2024-03-16T14:15:22.274Z</time>
      </trkpt>
      <trkpt lat="32.713192" lon="-16.889744">
        <ele>1404.0</ele>
        <time>2024-03-16T14:15:24.722Z</time>
      </trkpt>
      <trkpt lat="32.713227" lon="-16.889693">
        <ele>1404.4</ele>
        <time>2024-03-16T14:15:30.138Z</time>
      </trkpt>
      <trkpt lat="32.713293" lon="-16.889567">
        <ele>1404.0</ele>
        <time>2024-03-16T14:15:42.479Z</time>
      </trkpt>
      <trkpt lat="32.713381" lon="-16.889506">
        <ele>1404.0</ele>
        <time>2024-03-16T14:15:52.562Z</time>
      </trkpt>
      <trkpt lat="32.713390" lon="-16.889487">
        <ele>1404.2</ele>
        <time>2024-03-16T14:15:54.326Z</time>
      </trkpt>
      <trkpt lat="32.713439" lon="-16.889406">
        <ele>1404.8</ele>
        <time>2024-03-16T14:16:02.625Z</time>
      </trkpt>
      <trkpt lat="32.713452" lon="-16.889395">
        <ele>1405.4</ele>
        <time>2024-03-16T14:16:04.243Z</time>
      </trkpt>
      <trkpt lat="32.713476" lon="-16.889385">
        <ele>1405.6</ele>
        <time>2024-03-16T14:16:06.802Z</time>
      </trkpt>
      <trkpt lat="32.713564" lon="-16.889373">
        <ele>1405.8</ele>
        <time>2024-03-16T14:16:15.548Z</time>
      </trkpt>
      <trkpt lat="32.713655" lon="-16.889316">
        <ele>1405.2</ele>
        <time>2024-03-16T14:16:25.749Z</time>
      </trkpt>
      <trkpt lat="32.713703" lon="-16.889261">
        <ele>1404.2</ele>
        <time>2024-03-16T14:16:32.340Z</time>
      </trkpt>
      <trkpt lat="32.713724" lon="-16.889233">
        <ele>1403.8</ele>
        <time>2024-03-16T14:16:35.408Z</time>
      </trkpt>
      <trkpt lat="32.713776" lon="-16.889160">
        <ele>1402.6</ele>
        <time>2024-03-16T14:16:43.471Z</time>
      </trkpt>
      <trkpt lat="32.713809" lon="-16.889079">
        <ele>1401.4</ele>
        <time>2024-03-16T14:16:50.992Z</time>
      </trkpt>
      <trkpt lat="32.713824" lon="-16.888975">
        <ele>1400.2</ele>
        <time>2024-03-16T14:16:59.791Z</time>
      </trkpt>
      <trkpt lat="32.713811" lon="-16.888828">
        <ele>1399.2</ele>
        <time>2024-03-16T14:17:12.119Z</time>
      </trkpt>
      <trkpt lat="32.713794" lon="-16.888758">
        <ele>1397.6</ele>
        <time>2024-03-16T14:17:18.340Z</time>
      </trkpt>
      <trkpt lat="32.713781" lon="-16.888733">
        <ele>1397.2</ele>
        <time>2024-03-16T14:17:20.732Z</time>
      </trkpt>
      <trkpt lat="32.713771" lon="-16.888705">
        <ele>1396.2</ele>
        <time>2024-03-16T14:17:23.451Z</time>
      </trkpt>
      <trkpt lat="32.713725" lon="-16.888538">
        <ele>1393.6</ele>
        <time>2024-03-16T14:17:38.180Z</time>
      </trkpt>
      <trkpt lat="32.713728" lon="-16.888442">
        <ele>1392.2</ele>
        <time>2024-03-16T14:17:46.319Z</time>
      </trkpt>
      <trkpt lat="32.713744" lon="-16.888364">
        <ele>1391.0</ele>
        <time>2024-03-16T14:17:53.048Z</time>
      </trkpt>
      <trkpt lat="32.713748" lon="-16.888316">
        <ele>1390.2</ele>
        <time>2024-03-16T14:17:57.090Z</time>
      </trkpt>
      <trkpt lat="32.713753" lon="-16.888284">
        <ele>1389.8</ele>
        <time>2024-03-16T14:17:59.825Z</time>
      </trkpt>
      <trkpt lat="32.713737" lon="-16.888193">
        <ele>1389.0</ele>
        <time>2024-03-16T14:18:07.550Z</time>
      </trkpt>
      <trkpt lat="32.713715" lon="-16.888128">
        <ele>1388.8</ele>
        <time>2024-03-16T14:18:13.359Z</time>
      </trkpt>
      <trkpt lat="32.713706" lon="-16.888099">
        <ele>1388.2</ele>
        <time>2024-03-16T14:18:15.963Z</time>
      </trkpt>
      <trkpt lat="32.713714" lon="-16.888054">
        <ele>1387.6</ele>
        <time>2024-03-16T14:18:19.808Z</time>
      </trkpt>
      <trkpt lat="32.713744" lon="-16.887926">
        <ele>1386.6</ele>
        <time>2024-03-16T14:18:30.899Z</time>
      </trkpt>
      <trkpt lat="32.713784" lon="-16.887780">
        <ele>1385.4</ele>
        <time>2024-03-16T14:18:43.708Z</time>
      </trkpt>
      <trkpt lat="32.713780" lon="-16.887719">
        <ele>1384.8</ele>
        <time>2024-03-16T14:18:48.791Z</time>
      </trkpt>
      <trkpt lat="32.713782" lon="-16.887707">
        <ele>1384.6</ele>
        <time>2024-03-16T14:18:49.812Z</time>
      </trkpt>
      <trkpt lat="32.713793" lon="-16.887676">
        <ele>1384.2</ele>
        <time>2024-03-16T14:18:52.707Z</time>
      </trkpt>
      <trkpt lat="32.713828" lon="-16.887602">
        <ele>1383.6</ele>
        <time>2024-03-16T14:18:59.678Z</time>
      </trkpt>
      <trkpt lat="32.713845" lon="-16.887562">
        <ele>1383.4</ele>
        <time>2024-03-16T14:19:03.466Z</time>
      </trkpt>
      <trkpt lat="32.713860" lon="-16.887531">
        <ele>1383.0</ele>
        <time>2024-03-16T14:19:06.451Z</time>
      </trkpt>
      <trkpt lat="32.713881" lon="-16.887741">
        <ele>1358.4</ele>
        <time>2024-03-16T14:19:06.451Z</time>
      </trkpt>
      <trkpt lat="32.713952" lon="-16.887791">
        <ele>1355.8</ele>
        <time>2024-03-16T14:19:06.451Z</time>
      </trkpt>
      <trkpt lat="32.714039" lon="-16.887623">
        <ele>1353.0</ele>
        <time>2024-03-16T14:19:06.451Z</time>
      </trkpt>
      <trkpt lat="32.714293" lon="-16.887486">
        <ele>1345.0</ele>
        <time>2024-03-16T14:19:06.451Z</time>
      </trkpt>
      <trkpt lat="32.714467" lon="-16.887355">
        <ele>1342.8</ele>
        <time>2024-03-16T14:19:06.451Z</time>
      </trkpt>
      <trkpt lat="32.714570" lon="-16.887279">
        <ele>1341.5</ele>
        <time>2024-03-16T14:19:06.451Z</time>
      </trkpt>
      <trkpt lat="32.714695" lon="-16.887215">
        <ele>1338.7</ele>
        <time>2024-03-16T14:19:06.451Z</time>
      </trkpt>
      <trkpt lat="32.714895" lon="-16.887034">
        <ele>1336.4</ele>
        <time>2024-03-16T14:19:06.451Z</time>
      </trkpt>
      <trkpt lat="32.715170" lon="-16.886818">
        <ele>1334.7</ele>
        <time>2024-03-16T14:19:06.451Z</time>
      </trkpt>
      <trkpt lat="32.715358" lon="-16.886682">
        <ele>1335.2</ele>
        <time>2024-03-16T14:19:06.451Z</time>
      </trkpt>
      <trkpt lat="32.715501" lon="-16.886673">
        <ele>1332.6</ele>
        <time>2024-03-16T14:19:06.451Z</time>
      </trkpt>
      <trkpt lat="32.715753" lon="-16.886707">
        <ele>1327.3</ele>
        <time>2024-03-16T14:19:06.451Z</time>
      </trkpt>
      <trkpt lat="32.715967" lon="-16.886721">
        <ele>1322.6</ele>
        <time>2024-03-16T14:19:06.451Z</time>
      </trkpt>
      <trkpt lat="32.716314" lon="-16.886711">
        <ele>1315.1</ele>
        <time>2024-03-16T14:19:06.451Z</time>
      </trkpt>
      <trkpt lat="32.716543" lon="-16.886628">
        <ele>1312.8</ele>
        <time>2024-03-16T14:19:06.451Z</time>
      </trkpt>
      <trkpt lat="32.716634" lon="-16.886574">
        <ele>1312.4</ele>
        <time>2024-03-16T14:19:06.451Z</time>
      </trkpt>
      <trkpt lat="32.716755" lon="-16.886354">
        <ele>1315.8</ele>
        <time>2024-03-16T14:19:06.451Z</time>
      </trkpt>
      <trkpt lat="32.716887" lon="-16.886280">
        <ele>1313.7</ele>
        <time>2024-03-16T14:19:06.451Z</time>
      </trkpt>
      <trkpt lat="32.717077" lon="-16.886248">
        <ele>1309.2</ele>
        <time>2024-03-16T14:19:06.451Z</time>
      </trkpt>
      <trkpt lat="32.717374" lon="-16.886261">
        <ele>1299.9</ele>
        <time>2024-03-16T14:19:06.451Z</time>
      </trkpt>
      <trkpt lat="32.717613" lon="-16.886176">
        <ele>1295.7</ele>
        <time>2024-03-16T14:19:06.451Z</time>
      </trkpt>
      <trkpt lat="32.717882" lon="-16.885962">
        <ele>1295.4</ele>
        <time>2024-03-16T14:19:06.451Z</time>
      </trkpt>
      <trkpt lat="32.718069" lon="-16.885824">
        <ele>1294.7</ele>
        <time>2024-03-16T14:19:06.451Z</time>
      </trkpt>
      <trkpt lat="32.718127" lon="-16.885663">
        <ele>1297.3</ele>
        <time>2024-03-16T14:19:06.451Z</time>
      </trkpt>
      <trkpt lat="32.718191" lon="-16.885538">
        <ele>1298.8</ele>
        <time>2024-03-16T14:19:06.451Z</time>
      </trkpt>
      <trkpt lat="32.718364" lon="-16.885428">
        <ele>1298.7</ele>
        <time>2024-03-16T14:19:06.451Z</time>
      </trkpt>
      <trkpt lat="32.718511" lon="-16.885362">
        <ele>1297.9</ele>
        <time>2024-03-16T14:19:06.451Z</time>
      </trkpt>
      <trkpt lat="32.718703" lon="-16.885414">
        <ele>1293.7</ele>
        <time>2024-03-16T14:19:06.451Z</time>
      </trkpt>
      <trkpt lat="32.718988" lon="-16.885594">
        <ele>1286.0</ele>
        <time>2024-03-16T14:19:06.451Z</time>
      </trkpt>
      <trkpt lat="32.719276" lon="-16.885761">
        <ele>1278.3</ele>
        <time>2024-03-16T14:19:06.451Z</time>
      </trkpt>
      <trkpt lat="32.719541" lon="-16.885807">
        <ele>1271.4</ele>
        <time>2024-03-16T14:19:06.451Z</time>
      </trkpt>
      <trkpt lat="32.719697" lon="-16.885727">
        <ele>1268.7</ele>
        <time>2024-03-16T14:19:06.451Z</time>
      </trkpt>
      <trkpt lat="32.719785" lon="-16.885728">
        <ele>1266.6</ele>
        <time>2024-03-16T14:19:06.451Z</time>
      </trkpt>
      <trkpt lat="32.720210" lon="-16.885822">
        <ele>1256.6</ele>
        <time>2024-03-16T14:19:06.451Z</time>
      </trkpt>
      <trkpt lat="32.720700" lon="-16.885960">
        <ele>1248.1</ele>
        <time>2024-03-16T14:19:06.451Z</time>
      </trkpt>
      <trkpt lat="32.721176" lon="-16.886093">
        <ele>1243.8</ele>
        <time>2024-03-16T14:19:06.451Z</time>
      </trkpt>
      <trkpt lat="32.721666" lon="-16.886170">
        <ele>1240.8</ele>
        <time>2024-03-16T14:19:06.451Z</time>
      </trkpt>
      <trkpt lat="32.722140" lon="-16.886250">
        <ele>1239.0</ele>
        <time>2024-03-16T14:19:06.451Z</time>
      </trkpt>
      <trkpt lat="32.722216" lon="-16.886244">
        <ele>1238.7</ele>
        <time>2024-03-16T14:19:06.451Z</time>
      </trkpt>
      <trkpt lat="32.722243" lon="-16.886217">
        <ele>1238.5</ele>
        <time>2024-03-16T14:19:06.451Z</time>
      </trkpt>
      <trkpt lat="32.722232" lon="-16.886162">
        <ele>1212.5</ele>
        <time>2025-02-15T17:47:23.000Z</time>
        <sat>8</sat>
      </trkpt>
      <trkpt lat="32.722212" lon="-16.886033">
        <ele>1212.8</ele>
        <time>2025-02-15T17:47:30.000Z</time>
        <sat>8</sat>
      </trkpt>
      <trkpt lat="32.722187" lon="-16.885907">
        <ele>1213.1</ele>
        <time>2025-02-15T17:47:34.000Z</time>
        <sat>8</sat>
      </trkpt>
      <trkpt lat="32.722150" lon="-16.885802">
        <ele>1213.2</ele>
        <time>2025-02-15T17:47:38.000Z</time>
        <sat>8</sat>
      </trkpt>
      <trkpt lat="32.722107" lon="-16.885688">
        <ele>1213.3</ele>
        <time>2025-02-15T17:47:42.000Z</time>
        <sat>8</sat>
      </trkpt>
      <trkpt lat="32.722077" lon="-16.885585">
        <ele>1213.3</ele>
        <time>2025-02-15T17:47:46.000Z</time>
        <sat>8</sat>
      </trkpt>
      <trkpt lat="32.722067" lon="-16.885475">
        <ele>1213.3</ele>
        <time>2025-02-15T17:47:50.000Z</time>
        <sat>8</sat>
      </trkpt>
      <trkpt lat="32.722045" lon="-16.885357">
        <ele>1213.0</ele>
        <time>2025-02-15T17:47:55.000Z</time>
        <sat>8</sat>
      </trkpt>
      <trkpt lat="32.721973" lon="-16.885275">
        <ele>1212.4</ele>
        <time>2025-02-15T17:48:02.000Z</time>
        <sat>8</sat>
      </trkpt>
      <trkpt lat="32.721890" lon="-16.885208">
        <ele>1212.1</ele>
        <time>2025-02-15T17:48:07.000Z</time>
        <sat>8</sat>
      </trkpt>
      <trkpt lat="32.721813" lon="-16.885145">
        <ele>1212.0</ele>
        <time>2025-02-15T17:48:11.000Z</time>
        <sat>8</sat>
      </trkpt>
      <trkpt lat="32.721732" lon="-16.885065">
        <ele>1211.7</ele>
        <time>2025-02-15T17:48:16.000Z</time>
        <sat>8</sat>
      </trkpt>
      <trkpt lat="32.721697" lon="-16.884957">
        <ele>1211.4</ele>
        <time>2025-02-15T17:48:23.000Z</time>
        <sat>8</sat>
      </trkpt>
      <trkpt lat="32.721698" lon="-16.884833">
        <ele>1211.3</ele>
        <time>2025-02-15T17:48:31.000Z</time>
        <sat>8</sat>
      </trkpt>
      <trkpt lat="32.721717" lon="-16.884720">
        <ele>1211.3</ele>
        <time>2025-02-15T17:48:37.000Z</time>
        <sat>8</sat>
      </trkpt>
      <trkpt lat="32.721755" lon="-16.884612">
        <ele>1211.2</ele>
        <time>2025-02-15T17:48:42.000Z</time>
        <sat>8</sat>
      </trkpt>
      <trkpt lat="32.721802" lon="-16.884512">
        <ele>1211.5</ele>
        <time>2025-02-15T17:48:48.000Z</time>
        <sat>8</sat>
      </trkpt>
      <trkpt lat="32.721830" lon="-16.884397">
        <ele>1212.8</ele>
        <time>2025-02-15T17:48:58.000Z</time>
        <sat>8</sat>
      </trkpt>
      <trkpt lat="32.721822" lon="-16.884275">
        <ele>1214.8</ele>
        <time>2025-02-15T17:49:06.000Z</time>
        <sat>8</sat>
      </trkpt>
      <trkpt lat="32.721807" lon="-16.884165">
        <ele>1216.4</ele>
        <time>2025-02-15T17:49:12.000Z</time>
        <sat>8</sat>
      </trkpt>
      <trkpt lat="32.721812" lon="-16.884047">
        <ele>1218.2</ele>
        <time>2025-02-15T17:49:20.000Z</time>
        <sat>8</sat>
      </trkpt>
      <trkpt lat="32.721757" lon="-16.883955">
        <ele>1219.6</ele>
        <time>2025-02-15T17:49:28.000Z</time>
        <sat>8</sat>
      </trkpt>
      <trkpt lat="32.721720" lon="-16.883845">
        <ele>1221.8</ele>
        <time>2025-02-15T17:49:39.000Z</time>
        <sat>8</sat>
      </trkpt>
      <trkpt lat="32.721698" lon="-16.883740">
        <ele>1222.8</ele>
        <time>2025-02-15T17:49:45.000Z</time>
        <sat>8</sat>
      </trkpt>
      <trkpt lat="32.721713" lon="-16.883623">
        <ele>1223.5</ele>
        <time>2025-02-15T17:49:50.000Z</time>
        <sat>8</sat>
      </trkpt>
      <trkpt lat="32.721708" lon="-16.883515">
        <ele>1225.2</ele>
        <time>2025-02-15T17:49:57.000Z</time>
        <sat>8</sat>
      </trkpt>
      <trkpt lat="32.721672" lon="-16.883403">
        <ele>1227.5</ele>
        <time>2025-02-15T17:50:06.000Z</time>
        <sat>8</sat>
      </trkpt>
      <trkpt lat="32.721593" lon="-16.883340">
        <ele>1229.8</ele>
        <time>2025-02-15T17:50:19.000Z</time>
        <sat>8</sat>
      </trkpt>
      <trkpt lat="32.721487" lon="-16.883315">
        <ele>1231.2</ele>
        <time>2025-02-15T17:50:28.000Z</time>
        <sat>8</sat>
      </trkpt>
      <trkpt lat="32.721393" lon="-16.883278">
        <ele>1232.2</ele>
        <time>2025-02-15T17:50:36.000Z</time>
        <sat>8</sat>
      </trkpt>
      <trkpt lat="32.721313" lon="-16.883223">
        <ele>1233.1</ele>
        <time>2025-02-15T17:50:43.000Z</time>
        <sat>8</sat>
      </trkpt>
      <trkpt lat="32.721227" lon="-16.883173">
        <ele>1233.9</ele>
        <time>2025-02-15T17:50:49.000Z</time>
        <sat>7</sat>
      </trkpt>
      <trkpt lat="32.721137" lon="-16.883103">
        <ele>1235.2</ele>
        <time>2025-02-15T17:50:57.000Z</time>
        <sat>8</sat>
      </trkpt>
      <trkpt lat="32.721050" lon="-16.883057">
        <ele>1236.2</ele>
        <time>2025-02-15T17:51:03.000Z</time>
        <sat>8</sat>
      </trkpt>
      <trkpt lat="32.720960" lon="-16.883007">
        <ele>1237.1</ele>
        <time>2025-02-15T17:51:08.000Z</time>
        <sat>8</sat>
      </trkpt>
      <trkpt lat="32.720913" lon="-16.882907">
        <ele>1239.0</ele>
        <time>2025-02-15T17:51:18.000Z</time>
        <sat>8</sat>
      </trkpt>
      <trkpt lat="32.720865" lon="-16.882815">
        <ele>1240.5</ele>
        <time>2025-02-15T17:51:26.000Z</time>
        <sat>8</sat>
      </trkpt>
      <trkpt lat="32.720787" lon="-16.882720">
        <ele>1241.2</ele>
        <time>2025-02-15T17:51:30.000Z</time>
        <sat>8</sat>
      </trkpt>
      <trkpt lat="32.720717" lon="-16.882652">
        <ele>1241.4</ele>
        <time>2025-02-15T17:51:33.000Z</time>
        <sat>8</sat>
      </trkpt>
      <trkpt lat="32.720640" lon="-16.882563">
        <ele>1241.8</ele>
        <time>2025-02-15T17:51:37.000Z</time>
        <sat>7</sat>
      </trkpt>
      <trkpt lat="32.720553" lon="-16.882475">
        <ele>1242.2</ele>
        <time>2025-02-15T17:51:41.000Z</time>
        <sat>7</sat>
      </trkpt>
      <trkpt lat="32.720475" lon="-16.882408">
        <ele>1242.4</ele>
        <time>2025-02-15T17:51:44.000Z</time>
        <sat>7</sat>
      </trkpt>
      <trkpt lat="32.720390" lon="-16.882355">
        <ele>1242.7</ele>
        <time>2025-02-15T17:51:48.000Z</time>
        <sat>6</sat>
      </trkpt>
      <trkpt lat="32.720307" lon="-16.882277">
        <ele>1243.0</ele>
        <time>2025-02-15T17:51:53.000Z</time>
        <sat>6</sat>
      </trkpt>
      <trkpt lat="32.720225" lon="-16.882190">
        <ele>1243.3</ele>
        <time>2025-02-15T17:51:58.000Z</time>
        <sat>7</sat>
      </trkpt>
      <trkpt lat="32.720165" lon="-16.882103">
        <ele>1243.8</ele>
        <time>2025-02-15T17:52:03.000Z</time>
        <sat>7</sat>
      </trkpt>
      <trkpt lat="32.720093" lon="-16.882015">
        <ele>1244.6</ele>
        <time>2025-02-15T17:52:08.000Z</time>
        <sat>7</sat>
      </trkpt>
      <trkpt lat="32.720042" lon="-16.881908">
        <ele>1246.0</ele>
        <time>2025-02-15T17:52:15.000Z</time>
        <sat>8</sat>
      </trkpt>
      <trkpt lat="32.720013" lon="-16.881790">
        <ele>1247.0</ele>
        <time>2025-02-15T17:52:21.000Z</time>
        <sat>8</sat>
      </trkpt>
      <trkpt lat="32.719985" lon="-16.881673">
        <ele>1248.1</ele>
        <time>2025-02-15T17:52:28.000Z</time>
        <sat>8</sat>
      </trkpt>
      <trkpt lat="32.719950" lon="-16.881572">
        <ele>1249.1</ele>
        <time>2025-02-15T17:52:34.000Z</time>
        <sat>8</sat>
      </trkpt>
      <trkpt lat="32.719908" lon="-16.881473">
        <ele>1249.8</ele>
        <time>2025-02-15T17:52:41.000Z</time>
        <sat>8</sat>
      </trkpt>
      <trkpt lat="32.719847" lon="-16.881380">
        <ele>1250.6</ele>
        <time>2025-02-15T17:52:49.000Z</time>
        <sat>8</sat>
      </trkpt>
      <trkpt lat="32.719792" lon="-16.881280">
        <ele>1251.7</ele>
        <time>2025-02-15T17:52:58.000Z</time>
        <sat>8</sat>
      </trkpt>
      <trkpt lat="32.719748" lon="-16.881172">
        <ele>1253.2</ele>
        <time>2025-02-15T17:53:07.000Z</time>
        <sat>8</sat>
      </trkpt>
      <trkpt lat="32.719708" lon="-16.881060">
        <ele>1254.9</ele>
        <time>2025-02-15T17:53:15.000Z</time>
        <sat>8</sat>
      </trkpt>
      <trkpt lat="32.719652" lon="-16.880962">
        <ele>1256.8</ele>
        <time>2025-02-15T17:53:24.000Z</time>
        <sat>8</sat>
      </trkpt>
      <trkpt lat="32.719598" lon="-16.880868">
        <ele>1258.2</ele>
        <time>2025-02-15T17:53:31.000Z</time>
        <sat>8</sat>
      </trkpt>
      <trkpt lat="32.719558" lon="-16.880762">
        <ele>1259.9</ele>
        <time>2025-02-15T17:53:41.000Z</time>
        <sat>8</sat>
      </trkpt>
      <trkpt lat="32.719487" lon="-16.880678">
        <ele>1261.4</ele>
        <time>2025-02-15T17:53:50.000Z</time>
        <sat>8</sat>
      </trkpt>
      <trkpt lat="32.719425" lon="-16.880587">
        <ele>1263.0</ele>
        <time>2025-02-15T17:53:58.000Z</time>
        <sat>8</sat>
      </trkpt>
      <trkpt lat="32.719385" lon="-16.880475">
        <ele>1265.0</ele>
        <time>2025-02-15T17:54:07.000Z</time>
        <sat>8</sat>
      </trkpt>
      <trkpt lat="32.719413" lon="-16.880373">
        <ele>1267.0</ele>
        <time>2025-02-15T17:54:19.000Z</time>
        <sat>8</sat>
      </trkpt>
      <trkpt lat="32.719488" lon="-16.880307">
        <ele>1269.1</ele>
        <time>2025-02-15T17:54:33.000Z</time>
        <sat>7</sat>
      </trkpt>
      <trkpt lat="32.719568" lon="-16.880238">
        <ele>1271.3</ele>
        <time>2025-02-15T17:54:44.000Z</time>
        <sat>7</sat>
      </trkpt>
      <trkpt lat="32.719628" lon="-16.880143">
        <ele>1273.1</ele>
        <time>2025-02-15T17:54:52.000Z</time>
        <sat>7</sat>
      </trkpt>
      <trkpt lat="32.719670" lon="-16.880045">
        <ele>1274.5</ele>
        <time>2025-02-15T17:54:59.000Z</time>
        <sat>7</sat>
      </trkpt>
      <trkpt lat="32.719715" lon="-16.879943">
        <ele>1276.4</ele>
        <time>2025-02-15T17:55:09.000Z</time>
        <sat>7</sat>
      </trkpt>
      <trkpt lat="32.719757" lon="-16.879848">
        <ele>1277.9</ele>
        <time>2025-02-15T17:55:18.000Z</time>
        <sat>7</sat>
      </trkpt>
      <trkpt lat="32.719775" lon="-16.879742">
        <ele>1280.0</ele>
        <time>2025-02-15T17:55:27.000Z</time>
        <sat>7</sat>
      </trkpt>
      <trkpt lat="32.719787" lon="-16.879633">
        <ele>1281.5</ele>
        <time>2025-02-15T17:55:34.000Z</time>
        <sat>7</sat>
      </trkpt>
      <trkpt lat="32.719803" lon="-16.879527">
        <ele>1284.2</ele>
        <time>2025-02-15T17:55:45.000Z</time>
        <sat>7</sat>
      </trkpt>
      <trkpt lat="32.719843" lon="-16.879430">
        <ele>1286.9</ele>
        <time>2025-02-15T17:55:56.000Z</time>
        <sat>7</sat>
      </trkpt>
      <trkpt lat="32.719872" lon="-16.879325">
        <ele>1289.1</ele>
        <time>2025-02-15T17:56:06.000Z</time>
        <sat>7</sat>
      </trkpt>
      <trkpt lat="32.719893" lon="-16.879218">
        <ele>1290.5</ele>
        <time>2025-02-15T17:56:13.000Z</time>
        <sat>7</sat>
      </trkpt>
      <trkpt lat="32.719878" lon="-16.879108">
        <ele>1292.6</ele>
        <time>2025-02-15T17:56:23.000Z</time>
        <sat>7</sat>
      </trkpt>
      <trkpt lat="32.719865" lon="-16.879000">
        <ele>1294.8</ele>
        <time>2025-02-15T17:56:33.000Z</time>
        <sat>7</sat>
      </trkpt>
      <trkpt lat="32.719840" lon="-16.878893">
        <ele>1298.0</ele>
        <time>2025-02-15T17:56:46.000Z</time>
        <sat>7</sat>
      </trkpt>
      <trkpt lat="32.719858" lon="-16.878775">
        <ele>1300.1</ele>
        <time>2025-02-15T17:56:55.000Z</time>
        <sat>7</sat>
      </trkpt>
      <trkpt lat="32.719823" lon="-16.878665">
        <ele>1303.5</ele>
        <time>2025-02-15T17:57:11.000Z</time>
        <sat>7</sat>
      </trkpt>
      <trkpt lat="32.719758" lon="-16.878580">
        <ele>1305.3</ele>
        <time>2025-02-15T17:57:19.000Z</time>
        <sat>7</sat>
      </trkpt>
      <trkpt lat="32.719690" lon="-16.878507">
        <ele>1306.8</ele>
        <time>2025-02-15T17:57:26.000Z</time>
        <sat>7</sat>
      </trkpt>
      <trkpt lat="32.719610" lon="-16.878438">
        <ele>1309.0</ele>
        <time>2025-02-15T17:57:35.000Z</time>
        <sat>7</sat>
      </trkpt>
      <trkpt lat="32.719552" lon="-16.878348">
        <ele>1311.1</ele>
        <time>2025-02-15T17:57:43.000Z</time>
        <sat>7</sat>
      </trkpt>
      <trkpt lat="32.719510" lon="-16.878242">
        <ele>1313.3</ele>
        <time>2025-02-15T17:57:53.000Z</time>
        <sat>7</sat>
      </trkpt>
      <trkpt lat="32.719430" lon="-16.878182">
        <ele>1314.9</ele>
        <time>2025-02-15T17:58:01.000Z</time>
        <sat>7</sat>
      </trkpt>
      <trkpt lat="32.719350" lon="-16.878115">
        <ele>1316.6</ele>
        <time>2025-02-15T17:58:10.000Z</time>
        <sat>7</sat>
      </trkpt>
      <trkpt lat="32.719277" lon="-16.878052">
        <ele>1318.6</ele>
        <time>2025-02-15T17:58:19.000Z</time>
        <sat>7</sat>
      </trkpt>
      <trkpt lat="32.719197" lon="-16.877980">
        <ele>1320.3</ele>
        <time>2025-02-15T17:58:28.000Z</time>
        <sat>7</sat>
      </trkpt>
      <trkpt lat="32.719117" lon="-16.877912">
        <ele>1322.1</ele>
        <time>2025-02-15T17:58:37.000Z</time>
        <sat>7</sat>
      </trkpt>
      <trkpt lat="32.719040" lon="-16.877833">
        <ele>1323.9</ele>
        <time>2025-02-15T17:58:45.000Z</time>
        <sat>7</sat>
      </trkpt>
      <trkpt lat="32.718963" lon="-16.877760">
        <ele>1325.2</ele>
        <time>2025-02-15T17:58:51.000Z</time>
        <sat>7</sat>
      </trkpt>
      <trkpt lat="32.718917" lon="-16.877663">
        <ele>1326.4</ele>
        <time>2025-02-15T17:58:57.000Z</time>
        <sat>7</sat>
      </trkpt>
      <trkpt lat="32.718882" lon="-16.877545">
        <ele>1327.6</ele>
        <time>2025-02-15T17:59:04.000Z</time>
        <sat>7</sat>
      </trkpt>
      <trkpt lat="32.718870" lon="-16.877422">
        <ele>1328.6</ele>
        <time>2025-02-15T17:59:09.000Z</time>
        <sat>7</sat>
      </trkpt>
      <trkpt lat="32.718847" lon="-16.877298">
        <ele>1329.1</ele>
        <time>2025-02-15T17:59:14.000Z</time>
        <sat>7</sat>
      </trkpt>
      <trkpt lat="32.718853" lon="-16.877168">
        <ele>1329.4</ele>
        <time>2025-02-15T17:59:19.000Z</time>
        <sat>7</sat>
      </trkpt>
      <trkpt lat="32.718877" lon="-16.877055">
        <ele>1329.8</ele>
        <time>2025-02-15T17:59:24.000Z</time>
        <sat>7</sat>
      </trkpt>
      <trkpt lat="32.718918" lon="-16.876940">
        <ele>1330.4</ele>
        <time>2025-02-15T17:59:29.000Z</time>
        <sat>7</sat>
      </trkpt>
      <trkpt lat="32.718918" lon="-16.876813">
        <ele>1330.7</ele>
        <time>2025-02-15T17:59:34.000Z</time>
        <sat>8</sat>
      </trkpt>
      <trkpt lat="32.718963" lon="-16.876683">
        <ele>1365.1</ele>
        <time>2025-02-15T17:59:41.000Z</time>
        <sat>9</sat>
      </trkpt>
      <trkpt lat="32.719052" lon="-16.876437">
        <ele>1364.3</ele>
        <time>2025-02-15T17:59:59.903Z</time>
      </trkpt>
      <trkpt lat="32.719111" lon="-16.876312">
        <ele>1363.4</ele>
        <time>2025-02-15T18:00:10.048Z</time>
      </trkpt>
      <trkpt lat="32.719167" lon="-16.876148">
        <ele>1362.0</ele>
        <time>2025-02-15T18:00:22.589Z</time>
      </trkpt>
      <trkpt lat="32.719210" lon="-16.876019">
        <ele>1359.9</ele>
        <time>2025-02-15T18:00:32.495Z</time>
      </trkpt>
      <trkpt lat="32.719249" lon="-16.875891">
        <ele>1357.5</ele>
        <time>2025-02-15T18:00:42.345Z</time>
      </trkpt>
      <trkpt lat="32.719315" lon="-16.875723">
        <ele>1353.0</ele>
        <time>2025-02-15T18:00:55.849Z</time>
      </trkpt>
      <trkpt lat="32.719374" lon="-16.875606">
        <ele>1348.9</ele>
        <time>2025-02-15T18:01:05.959Z</time>
      </trkpt>
      <trkpt lat="32.719433" lon="-16.875520">
        <ele>1345.2</ele>
        <time>2025-02-15T18:01:14.289Z</time>
      </trkpt>
      <trkpt lat="32.719463" lon="-16.875410">
        <ele>1332.3</ele>
        <time>2025-02-15T18:01:27.000Z</time>
        <sat>9</sat>
      </trkpt>
      <trkpt lat="32.719483" lon="-16.875290">
        <ele>1332.1</ele>
        <time>2025-02-15T18:01:33.000Z</time>
        <sat>8</sat>
      </trkpt>
      <trkpt lat="32.719475" lon="-16.875177">
        <ele>1331.8</ele>
        <time>2025-02-15T18:01:40.000Z</time>
        <sat>9</sat>
      </trkpt>
      <trkpt lat="32.719515" lon="-16.875063">
        <ele>1331.2</ele>
        <time>2025-02-15T18:01:46.000Z</time>
        <sat>9</sat>
      </trkpt>
      <trkpt lat="32.719572" lon="-16.874967">
        <ele>1330.7</ele>
        <time>2025-02-15T18:01:50.000Z</time>
        <sat>9</sat>
      </trkpt>
      <trkpt lat="32.719622" lon="-16.874865">
        <ele>1330.1</ele>
        <time>2025-02-15T18:01:54.000Z</time>
        <sat>9</sat>
      </trkpt>
      <trkpt lat="32.719663" lon="-16.874762">
        <ele>1329.3</ele>
        <time>2025-02-15T18:01:58.000Z</time>
        <sat>9</sat>
      </trkpt>
      <trkpt lat="32.719693" lon="-16.874658">
        <ele>1328.7</ele>
        <time>2025-02-15T18:02:02.000Z</time>
        <sat>8</sat>
      </trkpt>
      <trkpt lat="32.719717" lon="-16.874555">
        <ele>1328.3</ele>
        <time>2025-02-15T18:02:06.000Z</time>
        <sat>8</sat>
      </trkpt>
      <trkpt lat="32.719730" lon="-16.874437">
        <ele>1327.8</ele>
        <time>2025-02-15T18:02:11.000Z</time>
        <sat>9</sat>
      </trkpt>
      <trkpt lat="32.719793" lon="-16.874350">
        <ele>1327.3</ele>
        <time>2025-02-15T18:02:17.000Z</time>
        <sat>9</sat>
      </trkpt>
      <trkpt lat="32.719875" lon="-16.874263">
        <ele>1326.4</ele>
        <time>2025-02-15T18:02:23.000Z</time>
        <sat>9</sat>
      </trkpt>
      <trkpt lat="32.719938" lon="-16.874163">
        <ele>1325.4</ele>
        <time>2025-02-15T18:02:29.000Z</time>
        <sat>8</sat>
      </trkpt>
      <trkpt lat="32.719995" lon="-16.874067">
        <ele>1323.4</ele>
        <time>2025-02-15T18:02:37.000Z</time>
        <sat>8</sat>
      </trkpt>
      <trkpt lat="32.720025" lon="-16.873960">
        <ele>1321.6</ele>
        <time>2025-02-15T18:02:45.000Z</time>
        <sat>7</sat>
      </trkpt>
      <trkpt lat="32.720068" lon="-16.873855">
        <ele>1321.2</ele>
        <time>2025-02-15T18:02:49.000Z</time>
        <sat>7</sat>
      </trkpt>
      <trkpt lat="32.720068" lon="-16.873737">
        <ele>1320.4</ele>
        <time>2025-02-15T18:02:53.000Z</time>
        <sat>7</sat>
      </trkpt>
      <trkpt lat="32.720080" lon="-16.873622">
        <ele>1319.7</ele>
        <time>2025-02-15T18:02:59.000Z</time>
        <sat>7</sat>
      </trkpt>
      <trkpt lat="32.720110" lon="-16.873508">
        <ele>1319.2</ele>
        <time>2025-02-15T18:03:05.000Z</time>
        <sat>7</sat>
      </trkpt>
      <trkpt lat="32.720148" lon="-16.873387">
        <ele>1318.6</ele>
        <time>2025-02-15T18:03:12.000Z</time>
        <sat>7</sat>
      </trkpt>
      <trkpt lat="32.720153" lon="-16.873277">
        <ele>1318.2</ele>
        <time>2025-02-15T18:03:17.000Z</time>
        <sat>8</sat>
      </trkpt>
      <trkpt lat="32.720185" lon="-16.873175">
        <ele>1318.0</ele>
        <time>2025-02-15T18:03:23.000Z</time>
        <sat>8</sat>
      </trkpt>
      <trkpt lat="32.720190" lon="-16.873050">
        <ele>1317.8</ele>
        <time>2025-02-15T18:03:28.000Z</time>
        <sat>8</sat>
      </trkpt>
      <trkpt lat="32.720233" lon="-16.872937">
        <ele>1317.5</ele>
        <time>2025-02-15T18:03:34.000Z</time>
        <sat>7</sat>
      </trkpt>
      <trkpt lat="32.720278" lon="-16.872833">
        <ele>1317.3</ele>
        <time>2025-02-15T18:03:39.000Z</time>
        <sat>7</sat>
      </trkpt>
      <trkpt lat="32.720287" lon="-16.872723">
        <ele>1316.9</ele>
        <time>2025-02-15T18:03:44.000Z</time>
        <sat>8</sat>
      </trkpt>
      <trkpt lat="32.720340" lon="-16.872632">
        <ele>1316.4</ele>
        <time>2025-02-15T18:03:49.000Z</time>
        <sat>8</sat>
      </trkpt>
      <trkpt lat="32.720357" lon="-16.872522">
        <ele>1315.8</ele>
        <time>2025-02-15T18:03:54.000Z</time>
        <sat>8</sat>
      </trkpt>
      <trkpt lat="32.720418" lon="-16.872438">
        <ele>1315.0</ele>
        <time>2025-02-15T18:03:59.000Z</time>
        <sat>9</sat>
      </trkpt>
      <trkpt lat="32.720478" lon="-16.872342">
        <ele>1313.1</ele>
        <time>2025-02-15T18:04:07.000Z</time>
        <sat>6</sat>
      </trkpt>
      <trkpt lat="32.720497" lon="-16.872215">
        <ele>1311.7</ele>
        <time>2025-02-15T18:04:13.000Z</time>
        <sat>7</sat>
      </trkpt>
      <trkpt lat="32.720510" lon="-16.872103">
        <ele>1310.6</ele>
        <time>2025-02-15T18:04:18.000Z</time>
        <sat>7</sat>
      </trkpt>
      <trkpt lat="32.720505" lon="-16.871985">
        <ele>1309.5</ele>
        <time>2025-02-15T18:04:23.000Z</time>
        <sat>6</sat>
      </trkpt>
      <trkpt lat="32.720485" lon="-16.871877">
        <ele>1308.2</ele>
        <time>2025-02-15T18:04:33.000Z</time>
        <sat>8</sat>
      </trkpt>
      <trkpt lat="32.720422" lon="-16.871792">
        <ele>1308.3</ele>
        <time>2025-02-15T18:04:40.000Z</time>
        <sat>9</sat>
      </trkpt>
      <trkpt lat="32.720418" lon="-16.871682">
        <ele>1308.4</ele>
        <time>2025-02-15T18:04:47.000Z</time>
        <sat>9</sat>
      </trkpt>
      <trkpt lat="32.720410" lon="-16.871550">
        <ele>1308.3</ele>
        <time>2025-02-15T18:04:52.000Z</time>
        <sat>8</sat>
      </trkpt>
      <trkpt lat="32.720410" lon="-16.871420">
        <ele>1308.2</ele>
        <time>2025-02-15T18:04:57.000Z</time>
        <sat>9</sat>
      </trkpt>
      <trkpt lat="32.720413" lon="-16.871293">
        <ele>1308.0</ele>
        <time>2025-02-15T18:05:01.000Z</time>
        <sat>9</sat>
      </trkpt>
      <trkpt lat="32.720387" lon="-16.871175">
        <ele>1307.8</ele>
        <time>2025-02-15T18:05:05.000Z</time>
        <sat>9</sat>
      </trkpt>
      <trkpt lat="32.720333" lon="-16.871058">
        <ele>1307.7</ele>
        <time>2025-02-15T18:05:09.000Z</time>
        <sat>9</sat>
      </trkpt>
      <trkpt lat="32.720283" lon="-16.870942">
        <ele>1307.6</ele>
        <time>2025-02-15T18:05:13.000Z</time>
        <sat>8</sat>
      </trkpt>
      <trkpt lat="32.720260" lon="-16.870822">
        <ele>1307.2</ele>
        <time>2025-02-15T18:05:18.000Z</time>
        <sat>9</sat>
      </trkpt>
      <trkpt lat="32.720275" lon="-16.870702">
        <ele>1306.7</ele>
        <time>2025-02-15T18:05:24.000Z</time>
        <sat>9</sat>
      </trkpt>
      <trkpt lat="32.720255" lon="-16.870592">
        <ele>1306.1</ele>
        <time>2025-02-15T18:05:29.000Z</time>
        <sat>9</sat>
      </trkpt>
      <trkpt lat="32.720220" lon="-16.870483">
        <ele>1304.5</ele>
        <time>2025-02-15T18:05:37.000Z</time>
        <sat>9</sat>
      </trkpt>
      <trkpt lat="32.720203" lon="-16.870372">
        <ele>1303.0</ele>
        <time>2025-02-15T18:05:43.000Z</time>
        <sat>9</sat>
      </trkpt>
      <trkpt lat="32.720187" lon="-16.870247">
        <ele>1301.4</ele>
        <time>2025-02-15T18:05:48.000Z</time>
        <sat>9</sat>
      </trkpt>
      <trkpt lat="32.720153" lon="-16.870133">
        <ele>1300.3</ele>
        <time>2025-02-15T18:05:54.000Z</time>
        <sat>8</sat>
      </trkpt>
      <trkpt lat="32.720135" lon="-16.870000">
        <ele>1298.7</ele>
        <time>2025-02-15T18:05:59.000Z</time>
        <sat>8</sat>
      </trkpt>
      <trkpt lat="32.720125" lon="-16.869878">
        <ele>1297.4</ele>
        <time>2025-02-15T18:06:04.000Z</time>
        <sat>8</sat>
      </trkpt>
      <trkpt lat="32.720135" lon="-16.869770">
        <ele>1296.2</ele>
        <time>2025-02-15T18:06:08.000Z</time>
        <sat>8</sat>
      </trkpt>
      <trkpt lat="32.720118" lon="-16.869653">
        <ele>1294.6</ele>
        <time>2025-02-15T18:06:13.000Z</time>
        <sat>8</sat>
      </trkpt>
      <trkpt lat="32.720130" lon="-16.869523">
        <ele>1293.5</ele>
        <time>2025-02-15T18:06:17.000Z</time>
        <sat>8</sat>
      </trkpt>
      <trkpt lat="32.720095" lon="-16.869405">
        <ele>1292.8</ele>
        <time>2025-02-15T18:06:20.000Z</time>
        <sat>9</sat>
      </trkpt>
      <trkpt lat="32.720135" lon="-16.869303">
        <ele>1291.6</ele>
        <time>2025-02-15T18:06:25.000Z</time>
        <sat>9</sat>
      </trkpt>
      <trkpt lat="32.720235" lon="-16.869245">
        <ele>1290.8</ele>
        <time>2025-02-15T18:06:30.000Z</time>
        <sat>9</sat>
      </trkpt>
      <trkpt lat="32.720313" lon="-16.869177">
        <ele>1290.2</ele>
        <time>2025-02-15T18:06:34.000Z</time>
        <sat>9</sat>
      </trkpt>
      <trkpt lat="32.720378" lon="-16.869098">
        <ele>1289.9</ele>
        <time>2025-02-15T18:06:39.000Z</time>
        <sat>9</sat>
      </trkpt>
      <trkpt lat="32.720470" lon="-16.869083">
        <ele>1289.7</ele>
        <time>2025-02-15T18:06:46.000Z</time>
        <sat>9</sat>
      </trkpt>
      <trkpt lat="32.720560" lon="-16.869032">
        <ele>1289.6</ele>
        <time>2025-02-15T18:06:53.000Z</time>
        <sat>9</sat>
      </trkpt>
      <trkpt lat="32.720627" lon="-16.868960">
        <ele>1289.5</ele>
        <time>2025-02-15T18:06:57.000Z</time>
        <sat>9</sat>
      </trkpt>
      <trkpt lat="32.720690" lon="-16.868867">
        <ele>1289.4</ele>
        <time>2025-02-15T18:07:01.000Z</time>
        <sat>9</sat>
      </trkpt>
      <trkpt lat="32.720757" lon="-16.868780">
        <ele>1289.2</ele>
        <time>2025-02-15T18:07:05.000Z</time>
        <sat>8</sat>
      </trkpt>
      <trkpt lat="32.720833" lon="-16.868687">
        <ele>1289.0</ele>
        <time>2025-02-15T18:07:10.000Z</time>
        <sat>8</sat>
      </trkpt>
      <trkpt lat="32.720898" lon="-16.868598">
        <ele>1288.8</ele>
        <time>2025-02-15T18:07:14.000Z</time>
        <sat>8</sat>
      </trkpt>
      <trkpt lat="32.720965" lon="-16.868523">
        <ele>1288.8</ele>
        <time>2025-02-15T18:07:18.000Z</time>
        <sat>8</sat>
      </trkpt>
      <trkpt lat="32.721027" lon="-16.868435">
        <ele>1288.7</ele>
        <time>2025-02-15T18:07:22.000Z</time>
        <sat>8</sat>
      </trkpt>
      <trkpt lat="32.721080" lon="-16.868345">
        <ele>1288.7</ele>
        <time>2025-02-15T18:07:26.000Z</time>
        <sat>8</sat>
      </trkpt>
      <trkpt lat="32.721135" lon="-16.868240">
        <ele>1288.7</ele>
        <time>2025-02-15T18:07:31.000Z</time>
        <sat>8</sat>
      </trkpt>
      <trkpt lat="32.721148" lon="-16.868110">
        <ele>1288.7</ele>
        <time>2025-02-15T18:07:36.000Z</time>
        <sat>7</sat>
      </trkpt>
      <trkpt lat="32.721122" lon="-16.867990">
        <ele>1288.7</ele>
        <time>2025-02-15T18:07:40.000Z</time>
        <sat>7</sat>
      </trkpt>
      <trkpt lat="32.721083" lon="-16.867885">
        <ele>1288.7</ele>
        <time>2025-02-15T18:07:44.000Z</time>
        <sat>7</sat>
      </trkpt>
      <trkpt lat="32.721042" lon="-16.867782">
        <ele>1288.9</ele>
        <time>2025-02-15T18:07:50.000Z</time>
        <sat>7</sat>
      </trkpt>
      <trkpt lat="32.721008" lon="-16.867673">
        <ele>1289.3</ele>
        <time>2025-02-15T18:07:56.000Z</time>
        <sat>7</sat>
      </trkpt>
      <trkpt lat="32.720982" lon="-16.867557">
        <ele>1289.9</ele>
        <time>2025-02-15T18:08:04.000Z</time>
        <sat>7</sat>
      </trkpt>
      <trkpt lat="32.720925" lon="-16.867470">
        <ele>1290.3</ele>
        <time>2025-02-15T18:08:12.000Z</time>
        <sat>7</sat>
      </trkpt>
      <trkpt lat="32.720885" lon="-16.867353">
        <ele>1290.6</ele>
        <time>2025-02-15T18:08:20.000Z</time>
        <sat>7</sat>
      </trkpt>
      <trkpt lat="32.720848" lon="-16.867250">
        <ele>1290.7</ele>
        <time>2025-02-15T18:08:28.000Z</time>
        <sat>7</sat>
      </trkpt>
      <trkpt lat="32.720820" lon="-16.867143">
        <ele>1290.5</ele>
        <time>2025-02-15T18:08:35.000Z</time>
        <sat>8</sat>
      </trkpt>
      <trkpt lat="32.720767" lon="-16.867057">
        <ele>1290.3</ele>
        <time>2025-02-15T18:08:41.000Z</time>
        <sat>8</sat>
      </trkpt>
      <trkpt lat="32.720732" lon="-16.866953">
        <ele>1289.7</ele>
        <time>2025-02-15T18:08:47.000Z</time>
        <sat>8</sat>
      </trkpt>
      <trkpt lat="32.720700" lon="-16.866847">
        <ele>1288.8</ele>
        <time>2025-02-15T18:08:53.000Z</time>
        <sat>7</sat>
      </trkpt>
      <trkpt lat="32.720663" lon="-16.866742">
        <ele>1287.3</ele>
        <time>2025-02-15T18:08:58.000Z</time>
        <sat>7</sat>
      </trkpt>
      <trkpt lat="32.720655" lon="-16.866633">
        <ele>1284.1</ele>
        <time>2025-02-15T18:09:06.000Z</time>
        <sat>7</sat>
      </trkpt>
      <trkpt lat="32.720648" lon="-16.866518">
        <ele>1281.4</ele>
        <time>2025-02-15T18:09:16.000Z</time>
        <sat>7</sat>
      </trkpt>
      <trkpt lat="32.720645" lon="-16.866408">
        <ele>1278.5</ele>
        <time>2025-02-15T18:09:26.000Z</time>
        <sat>7</sat>
      </trkpt>
      <trkpt lat="32.720632" lon="-16.866298">
        <ele>1276.1</ele>
        <time>2025-02-15T18:09:33.000Z</time>
        <sat>5</sat>
      </trkpt>
      <trkpt lat="32.720615" lon="-16.866168">
        <ele>1274.0</ele>
        <time>2025-02-15T18:09:38.000Z</time>
        <sat>6</sat>
      </trkpt>
      <trkpt lat="32.720623" lon="-16.866042">
        <ele>1272.5</ele>
        <time>2025-02-15T18:09:42.000Z</time>
        <sat>7</sat>
      </trkpt>
      <trkpt lat="32.720677" lon="-16.865930">
        <ele>1271.6</ele>
        <time>2025-02-15T18:09:47.000Z</time>
        <sat>7</sat>
      </trkpt>
      <trkpt lat="32.720717" lon="-16.865822">
        <ele>1269.9</ele>
        <time>2025-02-15T18:09:52.000Z</time>
        <sat>7</sat>
      </trkpt>
      <trkpt lat="32.720763" lon="-16.865722">
        <ele>1268.9</ele>
        <time>2025-02-15T18:09:57.000Z</time>
        <sat>7</sat>
      </trkpt>
      <trkpt lat="32.720838" lon="-16.865637">
        <ele>1268.1</ele>
        <time>2025-02-15T18:10:02.000Z</time>
        <sat>7</sat>
      </trkpt>
      <trkpt lat="32.720905" lon="-16.865557">
        <ele>1267.2</ele>
        <time>2025-02-15T18:10:06.000Z</time>
        <sat>7</sat>
      </trkpt>
      <trkpt lat="32.720967" lon="-16.865465">
        <ele>1265.5</ele>
        <time>2025-02-15T18:10:11.000Z</time>
        <sat>7</sat>
      </trkpt>
      <trkpt lat="32.721043" lon="-16.865373">
        <ele>1263.5</ele>
        <time>2025-02-15T18:10:17.000Z</time>
        <sat>7</sat>
      </trkpt>
      <trkpt lat="32.721107" lon="-16.865278">
        <ele>1263.2</ele>
        <time>2025-02-15T18:10:23.000Z</time>
        <sat>7</sat>
      </trkpt>
      <trkpt lat="32.721162" lon="-16.865172">
        <ele>1262.2</ele>
        <time>2025-02-15T18:10:30.000Z</time>
        <sat>7</sat>
      </trkpt>
      <trkpt lat="32.721207" lon="-16.865077">
        <ele>1261.1</ele>
        <time>2025-02-15T18:10:36.000Z</time>
        <sat>7</sat>
      </trkpt>
      <trkpt lat="32.721245" lon="-16.864955">
        <ele>1260.0</ele>
        <time>2025-02-15T18:10:42.000Z</time>
        <sat>7</sat>
      </trkpt>
      <trkpt lat="32.721287" lon="-16.864847">
        <ele>1259.2</ele>
        <time>2025-02-15T18:10:46.000Z</time>
        <sat>7</sat>
      </trkpt>
      <trkpt lat="32.721337" lon="-16.864732">
        <ele>1258.6</ele>
        <time>2025-02-15T18:10:51.000Z</time>
        <sat>7</sat>
      </trkpt>
      <trkpt lat="32.721380" lon="-16.864623">
        <ele>1257.9</ele>
        <time>2025-02-15T18:10:57.000Z</time>
        <sat>7</sat>
      </trkpt>
      <trkpt lat="32.721442" lon="-16.864520">
        <ele>1257.5</ele>
        <time>2025-02-15T18:11:02.000Z</time>
        <sat>7</sat>
      </trkpt>
      <trkpt lat="32.721543" lon="-16.864477">
        <ele>1257.6</ele>
        <time>2025-02-15T18:11:06.000Z</time>
        <sat>7</sat>
      </trkpt>
      <trkpt lat="32.721657" lon="-16.864450">
        <ele>1257.6</ele>
        <time>2025-02-15T18:11:10.000Z</time>
        <sat>7</sat>
      </trkpt>
      <trkpt lat="32.721750" lon="-16.864433">
        <ele>1257.5</ele>
        <time>2025-02-15T18:11:14.000Z</time>
        <sat>8</sat>
      </trkpt>
      <trkpt lat="32.721852" lon="-16.864442">
        <ele>1257.3</ele>
        <time>2025-02-15T18:11:18.000Z</time>
        <sat>8</sat>
      </trkpt>
      <trkpt lat="32.721953" lon="-16.864428">
        <ele>1257.0</ele>
        <time>2025-02-15T18:11:23.000Z</time>
        <sat>8</sat>
      </trkpt>
      <trkpt lat="32.722055" lon="-16.864422">
        <ele>1256.5</ele>
        <time>2025-02-15T18:11:29.000Z</time>
        <sat>8</sat>
      </trkpt>
      <trkpt lat="32.722147" lon="-16.864393">
        <ele>1255.2</ele>
        <time>2025-02-15T18:11:35.000Z</time>
        <sat>8</sat>
      </trkpt>
      <trkpt lat="32.722243" lon="-16.864365">
        <ele>1253.7</ele>
        <time>2025-02-15T18:11:41.000Z</time>
        <sat>8</sat>
      </trkpt>
      <trkpt lat="32.722327" lon="-16.864322">
        <ele>1253.3</ele>
        <time>2025-02-15T18:11:45.000Z</time>
        <sat>8</sat>
      </trkpt>
      <trkpt lat="32.722418" lon="-16.864270">
        <ele>1252.7</ele>
        <time>2025-02-15T18:11:51.000Z</time>
        <sat>8</sat>
      </trkpt>
      <trkpt lat="32.722507" lon="-16.864230">
        <ele>1251.3</ele>
        <time>2025-02-15T18:11:57.000Z</time>
        <sat>8</sat>
      </trkpt>
      <trkpt lat="32.722580" lon="-16.864153">
        <ele>1249.8</ele>
        <time>2025-02-15T18:12:02.000Z</time>
        <sat>8</sat>
      </trkpt>
      <trkpt lat="32.722632" lon="-16.864065">
        <ele>1248.6</ele>
        <time>2025-02-15T18:12:07.000Z</time>
        <sat>7</sat>
      </trkpt>
      <trkpt lat="32.722723" lon="-16.864050">
        <ele>1246.9</ele>
        <time>2025-02-15T18:12:14.000Z</time>
        <sat>7</sat>
      </trkpt>
      <trkpt lat="32.722755" lon="-16.864165">
        <ele>1245.2</ele>
        <time>2025-02-15T18:12:20.000Z</time>
        <sat>7</sat>
      </trkpt>
      <trkpt lat="32.722837" lon="-16.864212">
        <ele>1243.0</ele>
        <time>2025-02-15T18:12:26.000Z</time>
        <sat>7</sat>
      </trkpt>
      <trkpt lat="32.722930" lon="-16.864228">
        <ele>1241.1</ele>
        <time>2025-02-15T18:12:34.000Z</time>
        <sat>8</sat>
      </trkpt>
      <trkpt lat="32.723025" lon="-16.864203">
        <ele>1238.2</ele>
        <time>2025-02-15T18:12:43.000Z</time>
        <sat>8</sat>
      </trkpt>
      <trkpt lat="32.723118" lon="-16.864227">
        <ele>1233.7</ele>
        <time>2025-02-15T18:12:55.000Z</time>
        <sat>8</sat>
      </trkpt>
      <trkpt lat="32.723200" lon="-16.864285">
        <ele>1230.3</ele>
        <time>2025-02-15T18:13:07.000Z</time>
        <sat>8</sat>
      </trkpt>
      <trkpt lat="32.723290" lon="-16.864348">
        <ele>1226.4</ele>
        <time>2025-02-15T18:13:14.000Z</time>
        <sat>8</sat>
      </trkpt>
      <trkpt lat="32.723330" lon="-16.864458">
        <ele>1224.1</ele>
        <time>2025-02-15T18:13:20.000Z</time>
        <sat>9</sat>
      </trkpt>
      <trkpt lat="32.723423" lon="-16.864450">
        <ele>1221.6</ele>
        <time>2025-02-15T18:13:28.000Z</time>
        <sat>9</sat>
      </trkpt>
      <trkpt lat="32.723450" lon="-16.864343">
        <ele>1220.3</ele>
        <time>2025-02-15T18:13:34.000Z</time>
        <sat>8</sat>
      </trkpt>
      <trkpt lat="32.723457" lon="-16.864218">
        <ele>1217.6</ele>
        <time>2025-02-15T18:13:42.000Z</time>
        <sat>8</sat>
      </trkpt>
      <trkpt lat="32.723462" lon="-16.864098">
        <ele>1216.0</ele>
        <time>2025-02-15T18:13:47.000Z</time>
        <sat>7</sat>
      </trkpt>
      <trkpt lat="32.723452" lon="-16.863980">
        <ele>1213.7</ele>
        <time>2025-02-15T18:13:53.000Z</time>
        <sat>7</sat>
      </trkpt>
      <trkpt lat="32.723465" lon="-16.863863">
        <ele>1211.1</ele>
        <time>2025-02-15T18:14:02.000Z</time>
        <sat>8</sat>
      </trkpt>
      <trkpt lat="32.723450" lon="-16.863753">
        <ele>1208.7</ele>
        <time>2025-02-15T18:14:09.000Z</time>
        <sat>8</sat>
      </trkpt>
      <trkpt lat="32.723453" lon="-16.863645">
        <ele>1206.6</ele>
        <time>2025-02-15T18:14:14.000Z</time>
        <sat>8</sat>
      </trkpt>
      <trkpt lat="32.723467" lon="-16.863535">
        <ele>1205.0</ele>
        <time>2025-02-15T18:14:21.000Z</time>
        <sat>8</sat>
      </trkpt>
      <trkpt lat="32.723497" lon="-16.863417">
        <ele>1202.9</ele>
        <time>2025-02-15T18:14:27.000Z</time>
        <sat>8</sat>
      </trkpt>
      <trkpt lat="32.723537" lon="-16.863300">
        <ele>1201.2</ele>
        <time>2025-02-15T18:14:31.000Z</time>
        <sat>7</sat>
      </trkpt>
      <trkpt lat="32.723602" lon="-16.863210">
        <ele>1199.9</ele>
        <time>2025-02-15T18:14:34.000Z</time>
        <sat>7</sat>
      </trkpt>
      <trkpt lat="32.723680" lon="-16.863132">
        <ele>1199.3</ele>
        <time>2025-02-15T18:14:37.000Z</time>
        <sat>7</sat>
      </trkpt>
      <trkpt lat="32.723768" lon="-16.863080">
        <ele>1198.9</ele>
        <time>2025-02-15T18:14:40.000Z</time>
        <sat>8</sat>
      </trkpt>
      <trkpt lat="32.723858" lon="-16.863040">
        <ele>1198.2</ele>
        <time>2025-02-15T18:14:43.000Z</time>
        <sat>8</sat>
      </trkpt>
      <trkpt lat="32.723945" lon="-16.863007">
        <ele>1197.6</ele>
        <time>2025-02-15T18:14:46.000Z</time>
        <sat>8</sat>
      </trkpt>
      <trkpt lat="32.724022" lon="-16.862948">
        <ele>1197.1</ele>
        <time>2025-02-15T18:14:49.000Z</time>
        <sat>8</sat>
      </trkpt>
      <trkpt lat="32.724112" lon="-16.862868">
        <ele>1196.2</ele>
        <time>2025-02-15T18:14:53.000Z</time>
        <sat>8</sat>
      </trkpt>
      <trkpt lat="32.724210" lon="-16.862818">
        <ele>1195.5</ele>
        <time>2025-02-15T18:14:57.000Z</time>
        <sat>9</sat>
      </trkpt>
      <trkpt lat="32.724322" lon="-16.862788">
        <ele>1194.8</ele>
        <time>2025-02-15T18:15:01.000Z</time>
        <sat>9</sat>
      </trkpt>
      <trkpt lat="32.724435" lon="-16.862788">
        <ele>1194.1</ele>
        <time>2025-02-15T18:15:05.000Z</time>
        <sat>9</sat>
      </trkpt>
      <trkpt lat="32.724530" lon="-16.862797">
        <ele>1193.3</ele>
        <time>2025-02-15T18:15:08.000Z</time>
        <sat>9</sat>
      </trkpt>
      <trkpt lat="32.724635" lon="-16.862793">
        <ele>1192.7</ele>
        <time>2025-02-15T18:15:12.000Z</time>
        <sat>9</sat>
      </trkpt>
      <trkpt lat="32.724745" lon="-16.862792">
        <ele>1191.8</ele>
        <time>2025-02-15T18:15:16.000Z</time>
        <sat>9</sat>
      </trkpt>
      <trkpt lat="32.724855" lon="-16.862780">
        <ele>1191.2</ele>
        <time>2025-02-15T18:15:20.000Z</time>
        <sat>8</sat>
      </trkpt>
      <trkpt lat="32.724958" lon="-16.862782">
        <ele>1190.9</ele>
        <time>2025-02-15T18:15:24.000Z</time>
        <sat>8</sat>
      </trkpt>
      <trkpt lat="32.725060" lon="-16.862748">
        <ele>1189.7</ele>
        <time>2025-02-15T18:15:29.000Z</time>
        <sat>8</sat>
      </trkpt>
      <trkpt lat="32.725113" lon="-16.862638">
        <ele>1188.7</ele>
        <time>2025-02-15T18:15:34.000Z</time>
        <sat>7</sat>
      </trkpt>
      <trkpt lat="32.725162" lon="-16.862518">
        <ele>1187.7</ele>
        <time>2025-02-15T18:15:39.000Z</time>
        <sat>7</sat>
      </trkpt>
      <trkpt lat="32.725193" lon="-16.862403">
        <ele>1186.7</ele>
        <time>2025-02-15T18:15:44.000Z</time>
        <sat>7</sat>
      </trkpt>
      <trkpt lat="32.725245" lon="-16.862295">
        <ele>1185.4</ele>
        <time>2025-02-15T18:15:49.000Z</time>
        <sat>7</sat>
      </trkpt>
      <trkpt lat="32.725265" lon="-16.862190">
        <ele>1184.9</ele>
        <time>2025-02-15T18:15:52.000Z</time>
        <sat>7</sat>
      </trkpt>
      <trkpt lat="32.725278" lon="-16.862063">
        <ele>1184.0</ele>
        <time>2025-02-15T18:15:56.000Z</time>
        <sat>7</sat>
      </trkpt>
      <trkpt lat="32.725315" lon="-16.861953">
        <ele>1183.6</ele>
        <time>2025-02-15T18:16:00.000Z</time>
        <sat>7</sat>
      </trkpt>
      <trkpt lat="32.725403" lon="-16.861898">
        <ele>1183.4</ele>
        <time>2025-02-15T18:16:06.000Z</time>
        <sat>9</sat>
      </trkpt>
      <trkpt lat="32.725500" lon="-16.861877">
        <ele>1182.8</ele>
        <time>2025-02-15T18:16:10.000Z</time>
        <sat>8</sat>
      </trkpt>
      <trkpt lat="32.725588" lon="-16.861832">
        <ele>1181.4</ele>
        <time>2025-02-15T18:16:16.000Z</time>
        <sat>8</sat>
      </trkpt>
      <trkpt lat="32.725633" lon="-16.861735">
        <ele>1179.6</ele>
        <time>2025-02-15T18:16:23.000Z</time>
        <sat>8</sat>
      </trkpt>
      <trkpt lat="32.725685" lon="-16.861642">
        <ele>1176.5</ele>
        <time>2025-02-15T18:16:40.000Z</time>
        <sat>8</sat>
      </trkpt>
      <trkpt lat="32.725767" lon="-16.861590">
        <ele>1173.6</ele>
        <time>2025-02-15T18:16:49.000Z</time>
        <sat>8</sat>
      </trkpt>
      <trkpt lat="32.725847" lon="-16.861523">
        <ele>1171.2</ele>
        <time>2025-02-15T18:16:57.000Z</time>
        <sat>8</sat>
      </trkpt>
      <trkpt lat="32.725937" lon="-16.861443">
        <ele>1169.8</ele>
        <time>2025-02-15T18:17:02.000Z</time>
        <sat>9</sat>
      </trkpt>
      <trkpt lat="32.726043" lon="-16.861395">
        <ele>1168.8</ele>
        <time>2025-02-15T18:17:07.000Z</time>
        <sat>9</sat>
      </trkpt>
      <trkpt lat="32.726135" lon="-16.861435">
        <ele>1167.5</ele>
        <time>2025-02-15T18:17:13.000Z</time>
        <sat>8</sat>
      </trkpt>
      <trkpt lat="32.726237" lon="-16.861410">
        <ele>1164.6</ele>
        <time>2025-02-15T18:17:21.000Z</time>
        <sat>9</sat>
      </trkpt>
      <trkpt lat="32.726320" lon="-16.861350">
        <ele>1162.4</ele>
        <time>2025-02-15T18:17:27.000Z</time>
        <sat>8</sat>
      </trkpt>
      <trkpt lat="32.726405" lon="-16.861298">
        <ele>1159.8</ele>
        <time>2025-02-15T18:17:35.000Z</time>
        <sat>8</sat>
      </trkpt>
      <trkpt lat="32.726482" lon="-16.861218">
        <ele>1157.5</ele>
        <time>2025-02-15T18:17:43.000Z</time>
        <sat>8</sat>
      </trkpt>
      <trkpt lat="32.726535" lon="-16.861113">
        <ele>1155.6</ele>
        <time>2025-02-15T18:17:49.000Z</time>
        <sat>8</sat>
      </trkpt>
      <trkpt lat="32.726563" lon="-16.861010">
        <ele>1154.1</ele>
        <time>2025-02-15T18:17:54.000Z</time>
        <sat>8</sat>
      </trkpt>
      <trkpt lat="32.726578" lon="-16.860900">
        <ele>1152.4</ele>
        <time>2025-02-15T18:18:01.000Z</time>
        <sat>8</sat>
      </trkpt>
      <trkpt lat="32.726637" lon="-16.860808">
        <ele>1149.3</ele>
        <time>2025-02-15T18:18:11.000Z</time>
        <sat>9</sat>
      </trkpt>
      <trkpt lat="32.726675" lon="-16.860710">
        <ele>1147.4</ele>
        <time>2025-02-15T18:18:16.000Z</time>
        <sat>9</sat>
      </trkpt>
      <trkpt lat="32.726755" lon="-16.860623">
        <ele>1145.7</ele>
        <time>2025-02-15T18:18:21.000Z</time>
        <sat>9</sat>
      </trkpt>
      <trkpt lat="32.726835" lon="-16.860570">
        <ele>1144.2</ele>
        <time>2025-02-15T18:18:25.000Z</time>
        <sat>9</sat>
      </trkpt>
      <trkpt lat="32.726917" lon="-16.860508">
        <ele>1143.5</ele>
        <time>2025-02-15T18:18:29.000Z</time>
        <sat>9</sat>
      </trkpt>
      <trkpt lat="32.726975" lon="-16.860427">
        <ele>1142.6</ele>
        <time>2025-02-15T18:18:34.000Z</time>
        <sat>9</sat>
      </trkpt>
      <trkpt lat="32.727045" lon="-16.860353">
        <ele>1140.8</ele>
        <time>2025-02-15T18:18:42.000Z</time>
        <sat>9</sat>
      </trkpt>
      <trkpt lat="32.727097" lon="-16.860263">
        <ele>1140.2</ele>
        <time>2025-02-15T18:18:46.000Z</time>
        <sat>9</sat>
      </trkpt>
      <trkpt lat="32.727137" lon="-16.860167">
        <ele>1139.7</ele>
        <time>2025-02-15T18:18:49.000Z</time>
        <sat>9</sat>
      </trkpt>
      <trkpt lat="32.727195" lon="-16.860060">
        <ele>1139.3</ele>
        <time>2025-02-15T18:18:53.000Z</time>
        <sat>9</sat>
      </trkpt>
      <trkpt lat="32.727240" lon="-16.859963">
        <ele>1139.1</ele>
        <time>2025-02-15T18:18:57.000Z</time>
        <sat>9</sat>
      </trkpt>
      <trkpt lat="32.727282" lon="-16.859848">
        <ele>1138.8</ele>
        <time>2025-02-15T18:19:01.000Z</time>
        <sat>8</sat>
      </trkpt>
      <trkpt lat="32.727342" lon="-16.859737">
        <ele>1138.4</ele>
        <time>2025-02-15T18:19:05.000Z</time>
        <sat>8</sat>
      </trkpt>
      <trkpt lat="32.727435" lon="-16.859652">
        <ele>1138.2</ele>
        <time>2025-02-15T18:19:09.000Z</time>
        <sat>8</sat>
      </trkpt>
      <trkpt lat="32.727512" lon="-16.859553">
        <ele>1138.1</ele>
        <time>2025-02-15T18:19:13.000Z</time>
        <sat>9</sat>
      </trkpt>
      <trkpt lat="32.727568" lon="-16.859443">
        <ele>1137.9</ele>
        <time>2025-02-15T18:19:17.000Z</time>
        <sat>9</sat>
      </trkpt>
      <trkpt lat="32.727617" lon="-16.859332">
        <ele>1138.0</ele>
        <time>2025-02-15T18:19:21.000Z</time>
        <sat>9</sat>
      </trkpt>
      <trkpt lat="32.727630" lon="-16.859222">
        <ele>1138.0</ele>
        <time>2025-02-15T18:19:25.000Z</time>
        <sat>9</sat>
      </trkpt>
      <trkpt lat="32.727670" lon="-16.859122">
        <ele>1138.0</ele>
        <time>2025-02-15T18:19:29.000Z</time>
        <sat>8</sat>
      </trkpt>
      <trkpt lat="32.727712" lon="-16.859007">
        <ele>1137.9</ele>
        <time>2025-02-15T18:19:34.000Z</time>
        <sat>8</sat>
      </trkpt>
      <trkpt lat="32.727773" lon="-16.858925">
        <ele>1138.0</ele>
        <time>2025-02-15T18:19:40.000Z</time>
        <sat>8</sat>
      </trkpt>
      <trkpt lat="32.727850" lon="-16.858837">
        <ele>1137.9</ele>
        <time>2025-02-15T18:19:46.000Z</time>
        <sat>8</sat>
      </trkpt>
      <trkpt lat="32.727915" lon="-16.858750">
        <ele>1137.6</ele>
        <time>2025-02-15T18:19:52.000Z</time>
        <sat>8</sat>
      </trkpt>
      <trkpt lat="32.727990" lon="-16.858690">
        <ele>1136.8</ele>
        <time>2025-02-15T18:19:58.000Z</time>
        <sat>7</sat>
      </trkpt>
      <trkpt lat="32.728083" lon="-16.858638">
        <ele>1135.9</ele>
        <time>2025-02-15T18:20:03.000Z</time>
        <sat>8</sat>
      </trkpt>
      <trkpt lat="32.728180" lon="-16.858642">
        <ele>1135.2</ele>
        <time>2025-02-15T18:20:06.000Z</time>
        <sat>8</sat>
      </trkpt>
      <trkpt lat="32.728290" lon="-16.858627">
        <ele>1134.5</ele>
        <time>2025-02-15T18:20:10.000Z</time>
        <sat>9</sat>
      </trkpt>
      <trkpt lat="32.728383" lon="-16.858615">
        <ele>1133.9</ele>
        <time>2025-02-15T18:20:14.000Z</time>
        <sat>9</sat>
      </trkpt>
      <trkpt lat="32.728467" lon="-16.858567">
        <ele>1132.3</ele>
        <time>2025-02-15T18:20:20.000Z</time>
        <sat>9</sat>
      </trkpt>
      <trkpt lat="32.728557" lon="-16.858490">
        <ele>1130.5</ele>
        <time>2025-02-15T18:20:26.000Z</time>
        <sat>8</sat>
      </trkpt>
      <trkpt lat="32.728647" lon="-16.858465">
        <ele>1129.1</ele>
        <time>2025-02-15T18:20:32.000Z</time>
        <sat>9</sat>
      </trkpt>
      <trkpt lat="32.728600" lon="-16.858362">
        <ele>1125.8</ele>
        <time>2025-02-15T18:20:46.000Z</time>
        <sat>8</sat>
      </trkpt>
      <trkpt lat="32.728593" lon="-16.858243">
        <ele>1122.8</ele>
        <time>2025-02-15T18:20:57.000Z</time>
        <sat>7</sat>
      </trkpt>
      <trkpt lat="32.728518" lon="-16.858170">
        <ele>1119.0</ele>
        <time>2025-02-15T18:21:06.000Z</time>
        <sat>7</sat>
      </trkpt>
      <trkpt lat="32.728432" lon="-16.858132">
        <ele>1114.6</ele>
        <time>2025-02-15T18:21:20.000Z</time>
        <sat>7</sat>
      </trkpt>
      <trkpt lat="32.728397" lon="-16.858030">
        <ele>1110.9</ele>
        <time>2025-02-15T18:21:34.000Z</time>
        <sat>7</sat>
      </trkpt>
      <trkpt lat="32.728305" lon="-16.858000">
        <ele>1107.9</ele>
        <time>2025-02-15T18:21:42.000Z</time>
        <sat>7</sat>
      </trkpt>
      <trkpt lat="32.728365" lon="-16.857920">
        <ele>1104.7</ele>
        <time>2025-02-15T18:21:55.000Z</time>
        <sat>7</sat>
      </trkpt>
      <trkpt lat="32.728455" lon="-16.857893">
        <ele>1103.4</ele>
        <time>2025-02-15T18:22:04.000Z</time>
        <sat>7</sat>
      </trkpt>
      <trkpt lat="32.728538" lon="-16.857838">
        <ele>1102.1</ele>
        <time>2025-02-15T18:22:11.000Z</time>
        <sat>7</sat>
      </trkpt>
      <trkpt lat="32.728615" lon="-16.857772">
        <ele>1100.4</ele>
        <time>2025-02-15T18:22:16.000Z</time>
        <sat>7</sat>
      </trkpt>
      <trkpt lat="32.728698" lon="-16.857718">
        <ele>1099.2</ele>
        <time>2025-02-15T18:22:22.000Z</time>
        <sat>7</sat>
      </trkpt>
      <trkpt lat="32.728777" lon="-16.857660">
        <ele>1097.8</ele>
        <time>2025-02-15T18:22:32.000Z</time>
        <sat>7</sat>
      </trkpt>
      <trkpt lat="32.728818" lon="-16.857563">
        <ele>1097.0</ele>
        <time>2025-02-15T18:22:38.000Z</time>
        <sat>7</sat>
      </trkpt>
      <trkpt lat="32.728818" lon="-16.857432">
        <ele>1096.4</ele>
        <time>2025-02-15T18:22:42.000Z</time>
        <sat>7</sat>
      </trkpt>
      <trkpt lat="32.728832" lon="-16.857297">
        <ele>1095.7</ele>
        <time>2025-02-15T18:22:46.000Z</time>
        <sat>7</sat>
      </trkpt>
      <trkpt lat="32.728873" lon="-16.857178">
        <ele>1094.8</ele>
        <time>2025-02-15T18:22:50.000Z</time>
        <sat>8</sat>
      </trkpt>
      <trkpt lat="32.728962" lon="-16.857108">
        <ele>1094.1</ele>
        <time>2025-02-15T18:22:54.000Z</time>
        <sat>8</sat>
      </trkpt>
      <trkpt lat="32.729043" lon="-16.857023">
        <ele>1093.0</ele>
        <time>2025-02-15T18:22:58.000Z</time>
        <sat>7</sat>
      </trkpt>
      <trkpt lat="32.729117" lon="-16.856912">
        <ele>1092.1</ele>
        <time>2025-02-15T18:23:02.000Z</time>
        <sat>7</sat>
      </trkpt>
      <trkpt lat="32.729178" lon="-16.856798">
        <ele>1091.4</ele>
        <time>2025-02-15T18:23:06.000Z</time>
        <sat>7</sat>
      </trkpt>
      <trkpt lat="32.729258" lon="-16.856698">
        <ele>1090.7</ele>
        <time>2025-02-15T18:23:10.000Z</time>
        <sat>7</sat>
      </trkpt>
      <trkpt lat="32.729340" lon="-16.856648">
        <ele>1090.3</ele>
        <time>2025-02-15T18:23:13.000Z</time>
        <sat>7</sat>
      </trkpt>
      <trkpt lat="32.729432" lon="-16.856582">
        <ele>1089.3</ele>
        <time>2025-02-15T18:23:17.000Z</time>
        <sat>7</sat>
      </trkpt>
      <trkpt lat="32.729518" lon="-16.856500">
        <ele>1088.4</ele>
        <time>2025-02-15T18:23:21.000Z</time>
        <sat>7</sat>
      </trkpt>
      <trkpt lat="32.729592" lon="-16.856415">
        <ele>1087.9</ele>
        <time>2025-02-15T18:23:25.000Z</time>
        <sat>7</sat>
      </trkpt>
      <trkpt lat="32.729668" lon="-16.856320">
        <ele>1087.1</ele>
        <time>2025-02-15T18:23:29.000Z</time>
        <sat>7</sat>
      </trkpt>
      <trkpt lat="32.729747" lon="-16.856227">
        <ele>1086.5</ele>
        <time>2025-02-15T18:23:33.000Z</time>
        <sat>7</sat>
      </trkpt>
      <trkpt lat="32.729838" lon="-16.856130">
        <ele>1085.4</ele>
        <time>2025-02-15T18:23:37.000Z</time>
        <sat>7</sat>
      </trkpt>
      <trkpt lat="32.729918" lon="-16.856068">
        <ele>1084.6</ele>
        <time>2025-02-15T18:23:40.000Z</time>
        <sat>7</sat>
      </trkpt>
      <trkpt lat="32.730005" lon="-16.856033">
        <ele>1084.3</ele>
        <time>2025-02-15T18:23:43.000Z</time>
        <sat>7</sat>
      </trkpt>
      <trkpt lat="32.730113" lon="-16.855992">
        <ele>1083.9</ele>
        <time>2025-02-15T18:23:47.000Z</time>
        <sat>6</sat>
      </trkpt>
      <trkpt lat="32.730202" lon="-16.855970">
        <ele>1083.6</ele>
        <time>2025-02-15T18:23:50.000Z</time>
        <sat>6</sat>
      </trkpt>
      <trkpt lat="32.730308" lon="-16.855912">
        <ele>1083.0</ele>
        <time>2025-02-15T18:23:54.000Z</time>
        <sat>7</sat>
      </trkpt>
      <trkpt lat="32.730397" lon="-16.855833">
        <ele>1082.2</ele>
        <time>2025-02-15T18:23:58.000Z</time>
        <sat>8</sat>
      </trkpt>
      <trkpt lat="32.730475" lon="-16.855728">
        <ele>1081.3</ele>
        <time>2025-02-15T18:24:02.000Z</time>
        <sat>8</sat>
      </trkpt>
      <trkpt lat="32.730522" lon="-16.855632">
        <ele>1081.0</ele>
        <time>2025-02-15T18:24:05.000Z</time>
        <sat>8</sat>
      </trkpt>
      <trkpt lat="32.730562" lon="-16.855517">
        <ele>1080.4</ele>
        <time>2025-02-15T18:24:09.000Z</time>
        <sat>8</sat>
      </trkpt>
      <trkpt lat="32.730612" lon="-16.855398">
        <ele>1079.6</ele>
        <time>2025-02-15T18:24:14.000Z</time>
        <sat>8</sat>
      </trkpt>
      <trkpt lat="32.730640" lon="-16.855272">
        <ele>1078.6</ele>
        <time>2025-02-15T18:24:19.000Z</time>
        <sat>8</sat>
      </trkpt>
      <trkpt lat="32.730658" lon="-16.855148">
        <ele>1078.0</ele>
        <time>2025-02-15T18:24:23.000Z</time>
        <sat>8</sat>
      </trkpt>
      <trkpt lat="32.730672" lon="-16.855028">
        <ele>1077.4</ele>
        <time>2025-02-15T18:24:27.000Z</time>
        <sat>8</sat>
      </trkpt>
      <trkpt lat="32.730670" lon="-16.854920">
        <ele>1076.8</ele>
        <time>2025-02-15T18:24:31.000Z</time>
        <sat>9</sat>
      </trkpt>
      <trkpt lat="32.730693" lon="-16.854788">
        <ele>1076.1</ele>
        <time>2025-02-15T18:24:36.000Z</time>
        <sat>9</sat>
      </trkpt>
      <trkpt lat="32.730752" lon="-16.854667">
        <ele>1075.2</ele>
        <time>2025-02-15T18:24:40.000Z</time>
        <sat>9</sat>
      </trkpt>
      <trkpt lat="32.730823" lon="-16.854593">
        <ele>1074.4</ele>
        <time>2025-02-15T18:24:43.000Z</time>
        <sat>9</sat>
      </trkpt>
      <trkpt lat="32.730913" lon="-16.854542">
        <ele>1073.7</ele>
        <time>2025-02-15T18:24:46.000Z</time>
        <sat>8</sat>
      </trkpt>
      <trkpt lat="32.731018" lon="-16.854508">
        <ele>1072.7</ele>
        <time>2025-02-15T18:24:50.000Z</time>
        <sat>9</sat>
      </trkpt>
      <trkpt lat="32.731117" lon="-16.854490">
        <ele>1071.2</ele>
        <time>2025-02-15T18:24:54.000Z</time>
        <sat>8</sat>
      </trkpt>
      <trkpt lat="32.731210" lon="-16.854487">
        <ele>1070.0</ele>
        <time>2025-02-15T18:24:58.000Z</time>
        <sat>8</sat>
      </trkpt>
      <trkpt lat="32.731300" lon="-16.854480">
        <ele>1068.9</ele>
        <time>2025-02-15T18:25:02.000Z</time>
        <sat>8</sat>
      </trkpt>
      <trkpt lat="32.731390" lon="-16.854468">
        <ele>1068.2</ele>
        <time>2025-02-15T18:25:06.000Z</time>
        <sat>8</sat>
      </trkpt>
      <trkpt lat="32.731483" lon="-16.854462">
        <ele>1066.9</ele>
        <time>2025-02-15T18:25:10.000Z</time>
        <sat>8</sat>
      </trkpt>
      <trkpt lat="32.731588" lon="-16.854458">
        <ele>1065.5</ele>
        <time>2025-02-15T18:25:14.000Z</time>
        <sat>8</sat>
      </trkpt>
      <trkpt lat="32.731688" lon="-16.854458">
        <ele>1063.7</ele>
        <time>2025-02-15T18:25:19.000Z</time>
        <sat>8</sat>
      </trkpt>
      <trkpt lat="32.731777" lon="-16.854423">
        <ele>1062.0</ele>
        <time>2025-02-15T18:25:23.000Z</time>
        <sat>10</sat>
      </trkpt>
      <trkpt lat="32.731872" lon="-16.854387">
        <ele>1060.0</ele>
        <time>2025-02-15T18:25:28.000Z</time>
        <sat>10</sat>
      </trkpt>
      <trkpt lat="32.731937" lon="-16.854305">
        <ele>1058.4</ele>
        <time>2025-02-15T18:25:32.000Z</time>
        <sat>10</sat>
      </trkpt>
      <trkpt lat="32.732002" lon="-16.854210">
        <ele>1056.9</ele>
        <time>2025-02-15T18:25:36.000Z</time>
        <sat>8</sat>
      </trkpt>
      <trkpt lat="32.732058" lon="-16.854107">
        <ele>1055.4</ele>
        <time>2025-02-15T18:25:40.000Z</time>
        <sat>9</sat>
      </trkpt>
      <trkpt lat="32.732122" lon="-16.853993">
        <ele>1054.0</ele>
        <time>2025-02-15T18:25:44.000Z</time>
        <sat>9</sat>
      </trkpt>
      <trkpt lat="32.732168" lon="-16.853877">
        <ele>1051.9</ele>
        <time>2025-02-15T18:25:49.000Z</time>
        <sat>8</sat>
      </trkpt>
      <trkpt lat="32.732218" lon="-16.853760">
        <ele>1050.1</ele>
        <time>2025-02-15T18:25:53.000Z</time>
        <sat>8</sat>
      </trkpt>
      <trkpt lat="32.732280" lon="-16.853657">
        <ele>1048.5</ele>
        <time>2025-02-15T18:25:57.000Z</time>
        <sat>8</sat>
      </trkpt>
      <trkpt lat="32.732340" lon="-16.853572">
        <ele>1046.3</ele>
        <time>2025-02-15T18:26:02.000Z</time>
        <sat>8</sat>
      </trkpt>
      <trkpt lat="32.732427" lon="-16.853495">
        <ele>1044.3</ele>
        <time>2025-02-15T18:26:07.000Z</time>
        <sat>8</sat>
      </trkpt>
      <trkpt lat="32.732513" lon="-16.853445">
        <ele>1042.7</ele>
        <time>2025-02-15T18:26:11.000Z</time>
        <sat>8</sat>
      </trkpt>
      <trkpt lat="32.732590" lon="-16.853385">
        <ele>1040.9</ele>
        <time>2025-02-15T18:26:15.000Z</time>
        <sat>8</sat>
      </trkpt>
      <trkpt lat="32.732672" lon="-16.853300">
        <ele>1039.0</ele>
        <time>2025-02-15T18:26:19.000Z</time>
        <sat>8</sat>
      </trkpt>
      <trkpt lat="32.732763" lon="-16.853208">
        <ele>1037.5</ele>
        <time>2025-02-15T18:26:23.000Z</time>
        <sat>8</sat>
      </trkpt>
      <trkpt lat="32.732840" lon="-16.853143">
        <ele>1036.3</ele>
        <time>2025-02-15T18:26:26.000Z</time>
        <sat>8</sat>
      </trkpt>
      <trkpt lat="32.732923" lon="-16.853087">
        <ele>1035.3</ele>
        <time>2025-02-15T18:26:29.000Z</time>
        <sat>8</sat>
      </trkpt>
      <trkpt lat="32.733005" lon="-16.853030">
        <ele>1034.2</ele>
        <time>2025-02-15T18:26:32.000Z</time>
        <sat>8</sat>
      </trkpt>
      <trkpt lat="32.733107" lon="-16.852968">
        <ele>1033.0</ele>
        <time>2025-02-15T18:26:36.000Z</time>
        <sat>8</sat>
      </trkpt>
      <trkpt lat="32.733195" lon="-16.852902">
        <ele>1032.0</ele>
        <time>2025-02-15T18:26:40.000Z</time>
        <sat>8</sat>
      </trkpt>
      <trkpt lat="32.733262" lon="-16.852818">
        <ele>1030.7</ele>
        <time>2025-02-15T18:26:44.000Z</time>
        <sat>8</sat>
      </trkpt>
      <trkpt lat="32.733337" lon="-16.852720">
        <ele>1030.1</ele>
        <time>2025-02-15T18:26:48.000Z</time>
        <sat>8</sat>
      </trkpt>
      <trkpt lat="32.733425" lon="-16.852625">
        <ele>1029.7</ele>
        <time>2025-02-15T18:26:52.000Z</time>
        <sat>8</sat>
      </trkpt>
      <trkpt lat="32.733510" lon="-16.852573">
        <ele>1029.4</ele>
        <time>2025-02-15T18:26:55.000Z</time>
        <sat>8</sat>
      </trkpt>
      <trkpt lat="32.733605" lon="-16.852537">
        <ele>1028.9</ele>
        <time>2025-02-15T18:26:59.000Z</time>
        <sat>8</sat>
      </trkpt>
      <trkpt lat="32.733700" lon="-16.852557">
        <ele>1028.2</ele>
        <time>2025-02-15T18:27:03.000Z</time>
        <sat>9</sat>
      </trkpt>
      <trkpt lat="32.733778" lon="-16.852613">
        <ele>1027.5</ele>
        <time>2025-02-15T18:27:06.000Z</time>
        <sat>10</sat>
      </trkpt>
      <trkpt lat="32.733853" lon="-16.852708">
        <ele>1026.4</ele>
        <time>2025-02-15T18:27:10.000Z</time>
        <sat>10</sat>
      </trkpt>
      <trkpt lat="32.733902" lon="-16.852808">
        <ele>1025.3</ele>
        <time>2025-02-15T18:27:14.000Z</time>
        <sat>9</sat>
      </trkpt>
      <trkpt lat="32.733938" lon="-16.852913">
        <ele>1024.4</ele>
        <time>2025-02-15T18:27:18.000Z</time>
        <sat>8</sat>
      </trkpt>
      <trkpt lat="32.733952" lon="-16.853025">
        <ele>1023.3</ele>
        <time>2025-02-15T18:27:22.000Z</time>
        <sat>8</sat>
      </trkpt>
      <trkpt lat="32.733952" lon="-16.853153">
        <ele>1021.7</ele>
        <time>2025-02-15T18:27:27.000Z</time>
        <sat>8</sat>
      </trkpt>
      <trkpt lat="32.733962" lon="-16.853277">
        <ele>1019.8</ele>
        <time>2025-02-15T18:27:32.000Z</time>
        <sat>7</sat>
      </trkpt>
      <trkpt lat="32.734002" lon="-16.853392">
        <ele>1018.1</ele>
        <time>2025-02-15T18:27:36.000Z</time>
        <sat>7</sat>
      </trkpt>
      <trkpt lat="32.734080" lon="-16.853487">
        <ele>1016.1</ele>
        <time>2025-02-15T18:27:41.000Z</time>
        <sat>7</sat>
      </trkpt>
      <trkpt lat="32.734193" lon="-16.853510">
        <ele>1014.4</ele>
        <time>2025-02-15T18:27:46.000Z</time>
        <sat>7</sat>
      </trkpt>
      <trkpt lat="32.734298" lon="-16.853532">
        <ele>1013.0</ele>
        <time>2025-02-15T18:27:50.000Z</time>
        <sat>7</sat>
      </trkpt>
      <trkpt lat="32.734395" lon="-16.853552">
        <ele>1011.9</ele>
        <time>2025-02-15T18:27:53.000Z</time>
        <sat>7</sat>
      </trkpt>
      <trkpt lat="32.734497" lon="-16.853568">
        <ele>1010.4</ele>
        <time>2025-02-15T18:27:57.000Z</time>
        <sat>7</sat>
      </trkpt>
      <trkpt lat="32.734602" lon="-16.853585">
        <ele>1008.6</ele>
        <time>2025-02-15T18:28:02.000Z</time>
        <sat>8</sat>
      </trkpt>
      <trkpt lat="32.734683" lon="-16.853668">
        <ele>1006.9</ele>
        <time>2025-02-15T18:28:06.000Z</time>
        <sat>7</sat>
      </trkpt>
      <trkpt lat="32.734765" lon="-16.853745">
        <ele>1005.3</ele>
        <time>2025-02-15T18:28:10.000Z</time>
        <sat>7</sat>
      </trkpt>
      <trkpt lat="32.734853" lon="-16.853793">
        <ele>1003.5</ele>
        <time>2025-02-15T18:28:14.000Z</time>
        <sat>7</sat>
      </trkpt>
      <trkpt lat="32.734947" lon="-16.853863">
        <ele>1000.7</ele>
        <time>2025-02-15T18:28:20.000Z</time>
        <sat>7</sat>
      </trkpt>
      <trkpt lat="32.735040" lon="-16.853910">
        <ele>998.7</ele>
        <time>2025-02-15T18:28:26.000Z</time>
        <sat>7</sat>
      </trkpt>
      <trkpt lat="32.735123" lon="-16.853952">
        <ele>997.1</ele>
        <time>2025-02-15T18:28:32.000Z</time>
        <sat>7</sat>
      </trkpt>
      <trkpt lat="32.735202" lon="-16.854005">
        <ele>993.4</ele>
        <time>2025-02-15T18:28:41.000Z</time>
        <sat>8</sat>
      </trkpt>
      <trkpt lat="32.735297" lon="-16.854007">
        <ele>987.8</ele>
        <time>2025-02-15T18:28:48.000Z</time>
        <sat>8</sat>
      </trkpt>
      <trkpt lat="32.735402" lon="-16.853965">
        <ele>986.5</ele>
        <time>2025-02-15T18:28:53.000Z</time>
        <sat>9</sat>
      </trkpt>
      <trkpt lat="32.735497" lon="-16.853932">
        <ele>985.4</ele>
        <time>2025-02-15T18:28:58.000Z</time>
        <sat>9</sat>
      </trkpt>
      <trkpt lat="32.735592" lon="-16.853920">
        <ele>985.0</ele>
        <time>2025-02-15T18:29:04.000Z</time>
        <sat>10</sat>
      </trkpt>
      <trkpt lat="32.735683" lon="-16.853863">
        <ele>984.2</ele>
        <time>2025-02-15T18:29:09.000Z</time>
        <sat>10</sat>
      </trkpt>
      <trkpt lat="32.735777" lon="-16.853790">
        <ele>983.1</ele>
        <time>2025-02-15T18:29:15.000Z</time>
        <sat>10</sat>
      </trkpt>
      <trkpt lat="32.735863" lon="-16.853747">
        <ele>981.9</ele>
        <time>2025-02-15T18:29:19.000Z</time>
        <sat>10</sat>
      </trkpt>
      <trkpt lat="32.735962" lon="-16.853715">
        <ele>979.8</ele>
        <time>2025-02-15T18:29:24.000Z</time>
        <sat>10</sat>
      </trkpt>
      <trkpt lat="32.736055" lon="-16.853687">
        <ele>979.1</ele>
        <time>2025-02-15T18:29:28.000Z</time>
        <sat>9</sat>
      </trkpt>
      <trkpt lat="32.736148" lon="-16.853665">
        <ele>977.5</ele>
        <time>2025-02-15T18:29:33.000Z</time>
        <sat>9</sat>
      </trkpt>
      <trkpt lat="32.736240" lon="-16.853642">
        <ele>975.9</ele>
        <time>2025-02-15T18:29:37.000Z</time>
        <sat>9</sat>
      </trkpt>
      <trkpt lat="32.736328" lon="-16.853603">
        <ele>974.1</ele>
        <time>2025-02-15T18:29:41.000Z</time>
        <sat>8</sat>
      </trkpt>
      <trkpt lat="32.736408" lon="-16.853540">
        <ele>972.0</ele>
        <time>2025-02-15T18:29:45.000Z</time>
        <sat>8</sat>
      </trkpt>
      <trkpt lat="32.736495" lon="-16.853465">
        <ele>970.2</ele>
        <time>2025-02-15T18:29:49.000Z</time>
        <sat>8</sat>
      </trkpt>
      <trkpt lat="32.736588" lon="-16.853392">
        <ele>969.3</ele>
        <time>2025-02-15T18:29:53.000Z</time>
        <sat>8</sat>
      </trkpt>
      <trkpt lat="32.736667" lon="-16.853310">
        <ele>968.2</ele>
        <time>2025-02-15T18:29:57.000Z</time>
        <sat>8</sat>
      </trkpt>
      <trkpt lat="32.736737" lon="-16.853215">
        <ele>966.3</ele>
        <time>2025-02-15T18:30:02.000Z</time>
        <sat>8</sat>
      </trkpt>
      <trkpt lat="32.736802" lon="-16.853120">
        <ele>964.4</ele>
        <time>2025-02-15T18:30:07.000Z</time>
        <sat>8</sat>
      </trkpt>
      <trkpt lat="32.736862" lon="-16.853035">
        <ele>963.0</ele>
        <time>2025-02-15T18:30:11.000Z</time>
        <sat>8</sat>
      </trkpt>
      <trkpt lat="32.736947" lon="-16.852965">
        <ele>961.2</ele>
        <time>2025-02-15T18:30:16.000Z</time>
        <sat>8</sat>
      </trkpt>
      <trkpt lat="32.737015" lon="-16.852893">
        <ele>959.7</ele>
        <time>2025-02-15T18:30:20.000Z</time>
        <sat>8</sat>
      </trkpt>
      <trkpt lat="32.737067" lon="-16.852798">
        <ele>958.0</ele>
        <time>2025-02-15T18:30:24.000Z</time>
        <sat>8</sat>
      </trkpt>
      <trkpt lat="32.737127" lon="-16.852707">
        <ele>955.8</ele>
        <time>2025-02-15T18:30:28.000Z</time>
        <sat>8</sat>
      </trkpt>
      <trkpt lat="32.737183" lon="-16.852602">
        <ele>953.7</ele>
        <time>2025-02-15T18:30:33.000Z</time>
        <sat>8</sat>
      </trkpt>
      <trkpt lat="32.737253" lon="-16.852530">
        <ele>951.3</ele>
        <time>2025-02-15T18:30:40.000Z</time>
        <sat>8</sat>
      </trkpt>
      <trkpt lat="32.737333" lon="-16.852452">
        <ele>948.8</ele>
        <time>2025-02-15T18:30:47.000Z</time>
        <sat>8</sat>
      </trkpt>
      <trkpt lat="32.737395" lon="-16.852373">
        <ele>945.6</ele>
        <time>2025-02-15T18:30:55.000Z</time>
        <sat>8</sat>
      </trkpt>
      <trkpt lat="32.737470" lon="-16.852305">
        <ele>941.2</ele>
        <time>2025-02-15T18:31:10.000Z</time>
        <sat>8</sat>
      </trkpt>
      <trkpt lat="32.737530" lon="-16.852222">
        <ele>938.3</ele>
        <time>2025-02-15T18:31:19.000Z</time>
        <sat>8</sat>
      </trkpt>
      <trkpt lat="32.737607" lon="-16.852135">
        <ele>935.8</ele>
        <time>2025-02-15T18:31:25.000Z</time>
        <sat>8</sat>
      </trkpt>
      <trkpt lat="32.737692" lon="-16.852095">
        <ele>933.8</ele>
        <time>2025-02-15T18:31:31.000Z</time>
        <sat>8</sat>
      </trkpt>
      <trkpt lat="32.737785" lon="-16.852077">
        <ele>930.9</ele>
        <time>2025-02-15T18:31:37.000Z</time>
        <sat>8</sat>
      </trkpt>
      <trkpt lat="32.737883" lon="-16.852008">
        <ele>928.7</ele>
        <time>2025-02-15T18:31:42.000Z</time>
        <sat>8</sat>
      </trkpt>
      <trkpt lat="32.737962" lon="-16.851917">
        <ele>926.5</ele>
        <time>2025-02-15T18:31:47.000Z</time>
        <sat>8</sat>
      </trkpt>
      <trkpt lat="32.737990" lon="-16.851807">
        <ele>925.2</ele>
        <time>2025-02-15T18:31:51.000Z</time>
        <sat>8</sat>
      </trkpt>
      <trkpt lat="32.737975" lon="-16.851667">
        <ele>923.8</ele>
        <time>2025-02-15T18:31:55.000Z</time>
        <sat>8</sat>
      </trkpt>
      <trkpt lat="32.737998" lon="-16.851560">
        <ele>922.6</ele>
        <time>2025-02-15T18:31:58.000Z</time>
        <sat>8</sat>
      </trkpt>
      <trkpt lat="32.737947" lon="-16.851447">
        <ele>920.9</ele>
        <time>2025-02-15T18:32:02.000Z</time>
        <sat>9</sat>
      </trkpt>
      <trkpt lat="32.737897" lon="-16.851342">
        <ele>918.8</ele>
        <time>2025-02-15T18:32:07.000Z</time>
        <sat>9</sat>
      </trkpt>
      <trkpt lat="32.737842" lon="-16.851240">
        <ele>916.3</ele>
        <time>2025-02-15T18:32:13.000Z</time>
        <sat>9</sat>
      </trkpt>
      <trkpt lat="32.737813" lon="-16.851117">
        <ele>914.5</ele>
        <time>2025-02-15T18:32:18.000Z</time>
        <sat>9</sat>
      </trkpt>
      <trkpt lat="32.737778" lon="-16.850988">
        <ele>912.8</ele>
        <time>2025-02-15T18:32:22.000Z</time>
        <sat>9</sat>
      </trkpt>
      <trkpt lat="32.737765" lon="-16.850882">
        <ele>911.4</ele>
        <time>2025-02-15T18:32:25.000Z</time>
        <sat>8</sat>
      </trkpt>
      <trkpt lat="32.737777" lon="-16.850763">
        <ele>909.9</ele>
        <time>2025-02-15T18:32:29.000Z</time>
        <sat>9</sat>
      </trkpt>
      <trkpt lat="32.737810" lon="-16.850660">
        <ele>907.8</ele>
        <time>2025-02-15T18:32:34.000Z</time>
        <sat>8</sat>
      </trkpt>
      <trkpt lat="32.737787" lon="-16.850542">
        <ele>904.9</ele>
        <time>2025-02-15T18:32:41.000Z</time>
        <sat>8</sat>
      </trkpt>
      <trkpt lat="32.737770" lon="-16.850435">
        <ele>901.9</ele>
        <time>2025-02-15T18:32:48.000Z</time>
        <sat>8</sat>
      </trkpt>
      <trkpt lat="32.737748" lon="-16.850308">
        <ele>900.5</ele>
        <time>2025-02-15T18:32:53.000Z</time>
        <sat>8</sat>
      </trkpt>
      <trkpt lat="32.737750" lon="-16.850188">
        <ele>899.0</ele>
        <time>2025-02-15T18:32:57.000Z</time>
        <sat>8</sat>
      </trkpt>
      <trkpt lat="32.737825" lon="-16.850128">
        <ele>896.9</ele>
        <time>2025-02-15T18:33:01.000Z</time>
        <sat>8</sat>
      </trkpt>
      <trkpt lat="32.737922" lon="-16.850112">
        <ele>894.2</ele>
        <time>2025-02-15T18:33:07.000Z</time>
        <sat>8</sat>
      </trkpt>
      <trkpt lat="32.738017" lon="-16.850102">
        <ele>891.5</ele>
        <time>2025-02-15T18:33:14.000Z</time>
        <sat>8</sat>
      </trkpt>
      <trkpt lat="32.738092" lon="-16.850013">
        <ele>888.9</ele>
        <time>2025-02-15T18:33:20.000Z</time>
        <sat>9</sat>
      </trkpt>
      <trkpt lat="32.738115" lon="-16.849882">
        <ele>886.4</ele>
        <time>2025-02-15T18:33:25.000Z</time>
        <sat>9</sat>
      </trkpt>
      <trkpt lat="32.738150" lon="-16.849755">
        <ele>884.1</ele>
        <time>2025-02-15T18:33:30.000Z</time>
        <sat>9</sat>
      </trkpt>
      <trkpt lat="32.738183" lon="-16.849647">
        <ele>882.3</ele>
        <time>2025-02-15T18:33:34.000Z</time>
        <sat>9</sat>
      </trkpt>
      <trkpt lat="32.738233" lon="-16.849545">
        <ele>880.4</ele>
        <time>2025-02-15T18:33:40.000Z</time>
        <sat>9</sat>
      </trkpt>
      <trkpt lat="32.738258" lon="-16.849433">
        <ele>877.7</ele>
        <time>2025-02-15T18:33:46.000Z</time>
        <sat>9</sat>
      </trkpt>
      <trkpt lat="32.738167" lon="-16.849395">
        <ele>872.2</ele>
        <time>2025-02-15T18:34:01.000Z</time>
        <sat>9</sat>
      </trkpt>
      <trkpt lat="32.738090" lon="-16.849463">
        <ele>870.1</ele>
        <time>2025-02-15T18:34:07.000Z</time>
        <sat>9</sat>
      </trkpt>
      <trkpt lat="32.738038" lon="-16.849373">
        <ele>866.8</ele>
        <time>2025-02-15T18:34:16.000Z</time>
        <sat>8</sat>
      </trkpt>
      <trkpt lat="32.738050" lon="-16.849263">
        <ele>864.2</ele>
        <time>2025-02-15T18:34:22.000Z</time>
        <sat>8</sat>
      </trkpt>
      <trkpt lat="32.738002" lon="-16.849155">
        <ele>859.9</ele>
        <time>2025-02-15T18:34:31.000Z</time>
        <sat>8</sat>
      </trkpt>
      <trkpt lat="32.737982" lon="-16.849027">
        <ele>857.9</ele>
        <time>2025-02-15T18:34:37.000Z</time>
        <sat>8</sat>
      </trkpt>
      <trkpt lat="32.738038" lon="-16.848930">
        <ele>856.4</ele>
        <time>2025-02-15T18:34:41.000Z</time>
        <sat>8</sat>
      </trkpt>
      <trkpt lat="32.738107" lon="-16.848850">
        <ele>855.0</ele>
        <time>2025-02-15T18:34:45.000Z</time>
        <sat>8</sat>
      </trkpt>
      <trkpt lat="32.738178" lon="-16.848785">
        <ele>853.1</ele>
        <time>2025-02-15T18:34:49.000Z</time>
        <sat>8</sat>
      </trkpt>
      <trkpt lat="32.738258" lon="-16.848733">
        <ele>851.5</ele>
        <time>2025-02-15T18:34:54.000Z</time>
        <sat>8</sat>
      </trkpt>
      <trkpt lat="32.738357" lon="-16.848738">
        <ele>849.3</ele>
        <time>2025-02-15T18:34:59.000Z</time>
        <sat>8</sat>
      </trkpt>
      <trkpt lat="32.738450" lon="-16.848783">
        <ele>845.7</ele>
        <time>2025-02-15T18:35:08.000Z</time>
        <sat>8</sat>
      </trkpt>
      <trkpt lat="32.738543" lon="-16.848788">
        <ele>843.0</ele>
        <time>2025-02-15T18:35:18.000Z</time>
        <sat>7</sat>
      </trkpt>
      <trkpt lat="32.738647" lon="-16.848778">
        <ele>840.8</ele>
        <time>2025-02-15T18:35:24.000Z</time>
        <sat>7</sat>
      </trkpt>
      <trkpt lat="32.738748" lon="-16.848770">
        <ele>838.5</ele>
        <time>2025-02-15T18:35:31.000Z</time>
        <sat>7</sat>
      </trkpt>
      <trkpt lat="32.738823" lon="-16.848703">
        <ele>836.2</ele>
        <time>2025-02-15T18:35:39.000Z</time>
        <sat>8</sat>
      </trkpt>
      <trkpt lat="32.738848" lon="-16.848593">
        <ele>834.6</ele>
        <time>2025-02-15T18:35:48.000Z</time>
        <sat>7</sat>
      </trkpt>
      <trkpt lat="32.738852" lon="-16.848458">
        <ele>833.7</ele>
        <time>2025-02-15T18:35:53.000Z</time>
        <sat>8</sat>
      </trkpt>
      <trkpt lat="32.738860" lon="-16.848318">
        <ele>832.9</ele>
        <time>2025-02-15T18:35:57.000Z</time>
        <sat>8</sat>
      </trkpt>
      <trkpt lat="32.738860" lon="-16.848205">
        <ele>832.1</ele>
        <time>2025-02-15T18:36:01.000Z</time>
        <sat>8</sat>
      </trkpt>
      <trkpt lat="32.738888" lon="-16.848083">
        <ele>830.8</ele>
        <time>2025-02-15T18:36:06.000Z</time>
        <sat>10</sat>
      </trkpt>
      <trkpt lat="32.738945" lon="-16.847993">
        <ele>830.1</ele>
        <time>2025-02-15T18:36:10.000Z</time>
        <sat>10</sat>
      </trkpt>
      <trkpt lat="32.739008" lon="-16.847915">
        <ele>828.9</ele>
        <time>2025-02-15T18:36:15.000Z</time>
        <sat>9</sat>
      </trkpt>
      <trkpt lat="32.739098" lon="-16.847855">
        <ele>828.4</ele>
        <time>2025-02-15T18:36:20.000Z</time>
        <sat>8</sat>
      </trkpt>
      <trkpt lat="32.739193" lon="-16.847813">
        <ele>827.2</ele>
        <time>2025-02-15T18:36:28.000Z</time>
        <sat>8</sat>
      </trkpt>
      <trkpt lat="32.739247" lon="-16.847723">
        <ele>825.1</ele>
        <time>2025-02-15T18:36:38.000Z</time>
        <sat>8</sat>
      </trkpt>
      <trkpt lat="32.739282" lon="-16.847618">
        <ele>821.4</ele>
        <time>2025-02-15T18:36:50.000Z</time>
        <sat>8</sat>
      </trkpt>
      <trkpt lat="32.739312" lon="-16.847517">
        <ele>818.6</ele>
        <time>2025-02-15T18:37:00.000Z</time>
        <sat>8</sat>
      </trkpt>
      <trkpt lat="32.739335" lon="-16.847410">
        <ele>816.7</ele>
        <time>2025-02-15T18:37:06.000Z</time>
        <sat>8</sat>
      </trkpt>
      <trkpt lat="32.739367" lon="-16.847297">
        <ele>814.9</ele>
        <time>2025-02-15T18:37:12.000Z</time>
        <sat>8</sat>
      </trkpt>
      <trkpt lat="32.739407" lon="-16.847185">
        <ele>812.7</ele>
        <time>2025-02-15T18:37:18.000Z</time>
        <sat>8</sat>
      </trkpt>
      <trkpt lat="32.739452" lon="-16.847078">
        <ele>809.6</ele>
        <time>2025-02-15T18:37:27.000Z</time>
        <sat>8</sat>
      </trkpt>
      <trkpt lat="32.739473" lon="-16.846962">
        <ele>807.3</ele>
        <time>2025-02-15T18:37:35.000Z</time>
        <sat>8</sat>
      </trkpt>
      <trkpt lat="32.739510" lon="-16.846863">
        <ele>804.5</ele>
        <time>2025-02-15T18:37:41.000Z</time>
        <sat>8</sat>
      </trkpt>
      <trkpt lat="32.739550" lon="-16.846745">
        <ele>802.2</ele>
        <time>2025-02-15T18:37:47.000Z</time>
        <sat>8</sat>
      </trkpt>
      <trkpt lat="32.739587" lon="-16.846635">
        <ele>800.9</ele>
        <time>2025-02-15T18:37:51.000Z</time>
        <sat>8</sat>
      </trkpt>
      <trkpt lat="32.739623" lon="-16.846522">
        <ele>799.2</ele>
        <time>2025-02-15T18:37:56.000Z</time>
        <sat>9</sat>
      </trkpt>
      <trkpt lat="32.739673" lon="-16.846422">
        <ele>797.7</ele>
        <time>2025-02-15T18:38:02.000Z</time>
        <sat>9</sat>
      </trkpt>
      <trkpt lat="32.739728" lon="-16.846332">
        <ele>794.9</ele>
        <time>2025-02-15T18:38:08.000Z</time>
        <sat>9</sat>
      </trkpt>
      <trkpt lat="32.739768" lon="-16.846227">
        <ele>791.6</ele>
        <time>2025-02-15T18:38:16.000Z</time>
        <sat>9</sat>
      </trkpt>
      <trkpt lat="32.739818" lon="-16.846128">
        <ele>789.9</ele>
        <time>2025-02-15T18:38:23.000Z</time>
        <sat>9</sat>
      </trkpt>
      <trkpt lat="32.739858" lon="-16.846022">
        <ele>788.2</ele>
        <time>2025-02-15T18:38:29.000Z</time>
        <sat>9</sat>
      </trkpt>
      <trkpt lat="32.739898" lon="-16.845915">
        <ele>786.4</ele>
        <time>2025-02-15T18:38:35.000Z</time>
        <sat>10</sat>
      </trkpt>
      <trkpt lat="32.739940" lon="-16.845805">
        <ele>784.6</ele>
        <time>2025-02-15T18:38:42.000Z</time>
        <sat>10</sat>
      </trkpt>
      <trkpt lat="32.739995" lon="-16.845698">
        <ele>783.2</ele>
        <time>2025-02-15T18:38:49.000Z</time>
        <sat>10</sat>
      </trkpt>
      <trkpt lat="32.740062" lon="-16.845603">
        <ele>782.4</ele>
        <time>2025-02-15T18:38:55.000Z</time>
        <sat>8</sat>
      </trkpt>
      <trkpt lat="32.740113" lon="-16.845512">
        <ele>780.4</ele>
        <time>2025-02-15T18:39:03.000Z</time>
        <sat>8</sat>
      </trkpt>
      <trkpt lat="32.740113" lon="-16.845393">
        <ele>777.6</ele>
        <time>2025-02-15T18:39:14.000Z</time>
        <sat>8</sat>
      </trkpt>
      <trkpt lat="32.740143" lon="-16.845292">
        <ele>775.5</ele>
        <time>2025-02-15T18:39:23.000Z</time>
        <sat>8</sat>
      </trkpt>
      <trkpt lat="32.740212" lon="-16.845220">
        <ele>773.0</ele>
        <time>2025-02-15T18:39:34.000Z</time>
        <sat>8</sat>
      </trkpt>
      <trkpt lat="32.740290" lon="-16.845165">
        <ele>770.5</ele>
        <time>2025-02-15T18:39:44.000Z</time>
        <sat>9</sat>
      </trkpt>
      <trkpt lat="32.740343" lon="-16.845077">
        <ele>768.0</ele>
        <time>2025-02-15T18:39:54.000Z</time>
        <sat>9</sat>
      </trkpt>
      <trkpt lat="32.740417" lon="-16.844992">
        <ele>765.5</ele>
        <time>2025-02-15T18:40:04.000Z</time>
        <sat>10</sat>
      </trkpt>
      <trkpt lat="32.740493" lon="-16.844930">
        <ele>763.9</ele>
        <time>2025-02-15T18:40:11.000Z</time>
        <sat>10</sat>
      </trkpt>
      <trkpt lat="32.740573" lon="-16.844880">
        <ele>762.4</ele>
        <time>2025-02-15T18:40:16.000Z</time>
        <sat>10</sat>
      </trkpt>
      <trkpt lat="32.740658" lon="-16.844833">
        <ele>760.9</ele>
        <time>2025-02-15T18:40:22.000Z</time>
        <sat>10</sat>
      </trkpt>
      <trkpt lat="32.740740" lon="-16.844773">
        <ele>759.5</ele>
        <time>2025-02-15T18:40:29.000Z</time>
        <sat>10</sat>
      </trkpt>
      <trkpt lat="32.740820" lon="-16.844723">
        <ele>757.9</ele>
        <time>2025-02-15T18:40:37.000Z</time>
        <sat>10</sat>
      </trkpt>
      <trkpt lat="32.740920" lon="-16.844685">
        <ele>757.1</ele>
        <time>2025-02-15T18:40:41.000Z</time>
        <sat>10</sat>
      </trkpt>
      <trkpt lat="32.741048" lon="-16.844630">
        <ele>755.8</ele>
        <time>2025-02-15T18:40:45.000Z</time>
        <sat>10</sat>
      </trkpt>
      <trkpt lat="32.741158" lon="-16.844572">
        <ele>754.6</ele>
        <time>2025-02-15T18:40:48.000Z</time>
        <sat>10</sat>
      </trkpt>
      <trkpt lat="32.741243" lon="-16.844495">
        <ele>753.8</ele>
        <time>2025-02-15T18:40:52.000Z</time>
        <sat>10</sat>
      </trkpt>
      <trkpt lat="32.741308" lon="-16.844398">
        <ele>753.2</ele>
        <time>2025-02-15T18:40:56.000Z</time>
        <sat>10</sat>
      </trkpt>
      <trkpt lat="32.741362" lon="-16.844275">
        <ele>752.5</ele>
        <time>2025-02-15T18:41:00.000Z</time>
        <sat>10</sat>
      </trkpt>
      <trkpt lat="32.741402" lon="-16.844157">
        <ele>751.8</ele>
        <time>2025-02-15T18:41:04.000Z</time>
        <sat>9</sat>
      </trkpt>
      <trkpt lat="32.741442" lon="-16.844028">
        <ele>751.2</ele>
        <time>2025-02-15T18:41:08.000Z</time>
        <sat>9</sat>
      </trkpt>
      <trkpt lat="32.741488" lon="-16.843922">
        <ele>750.7</ele>
        <time>2025-02-15T18:41:12.000Z</time>
        <sat>9</sat>
      </trkpt>
      <trkpt lat="32.741528" lon="-16.843800">
        <ele>750.7</ele>
        <time>2025-02-15T18:41:16.000Z</time>
        <sat>8</sat>
      </trkpt>
      <trkpt lat="32.741555" lon="-16.843672">
        <ele>750.7</ele>
        <time>2025-02-15T18:41:20.000Z</time>
        <sat>8</sat>
      </trkpt>
      <trkpt lat="32.741578" lon="-16.843547">
        <ele>750.5</ele>
        <time>2025-02-15T18:41:24.000Z</time>
        <sat>8</sat>
      </trkpt>
      <trkpt lat="32.741622" lon="-16.843418">
        <ele>750.1</ele>
        <time>2025-02-15T18:41:28.000Z</time>
        <sat>9</sat>
      </trkpt>
      <trkpt lat="32.741697" lon="-16.843317">
        <ele>749.9</ele>
        <time>2025-02-15T18:41:32.000Z</time>
        <sat>9</sat>
      </trkpt>
      <trkpt lat="32.741765" lon="-16.843215">
        <ele>750.0</ele>
        <time>2025-02-15T18:41:36.000Z</time>
        <sat>9</sat>
      </trkpt>
      <trkpt lat="32.741838" lon="-16.843138">
        <ele>750.0</ele>
        <time>2025-02-15T18:41:39.000Z</time>
        <sat>9</sat>
      </trkpt>
      <trkpt lat="32.741915" lon="-16.843072">
        <ele>749.7</ele>
        <time>2025-02-15T18:41:42.000Z</time>
        <sat>9</sat>
      </trkpt>
      <trkpt lat="32.741995" lon="-16.843018">
        <ele>749.1</ele>
        <time>2025-02-15T18:41:45.000Z</time>
        <sat>9</sat>
      </trkpt>
      <trkpt lat="32.742077" lon="-16.842958">
        <ele>748.4</ele>
        <time>2025-02-15T18:41:48.000Z</time>
        <sat>9</sat>
      </trkpt>
      <trkpt lat="32.742172" lon="-16.842875">
        <ele>747.5</ele>
        <time>2025-02-15T18:41:52.000Z</time>
        <sat>9</sat>
      </trkpt>
      <trkpt lat="32.742243" lon="-16.842783">
        <ele>746.7</ele>
        <time>2025-02-15T18:41:56.000Z</time>
        <sat>8</sat>
      </trkpt>
      <trkpt lat="32.742290" lon="-16.842682">
        <ele>746.0</ele>
        <time>2025-02-15T18:42:00.000Z</time>
        <sat>9</sat>
      </trkpt>
      <trkpt lat="32.742317" lon="-16.842558">
        <ele>745.4</ele>
        <time>2025-02-15T18:42:04.000Z</time>
        <sat>9</sat>
      </trkpt>
      <trkpt lat="32.742358" lon="-16.842447">
        <ele>744.7</ele>
        <time>2025-02-15T18:42:08.000Z</time>
        <sat>9</sat>
      </trkpt>
      <trkpt lat="32.742367" lon="-16.842330">
        <ele>744.0</ele>
        <time>2025-02-15T18:42:12.000Z</time>
        <sat>9</sat>
      </trkpt>
      <trkpt lat="32.742400" lon="-16.842213">
        <ele>743.4</ele>
        <time>2025-02-15T18:42:16.000Z</time>
        <sat>9</sat>
      </trkpt>
      <trkpt lat="32.742440" lon="-16.842100">
        <ele>742.6</ele>
        <time>2025-02-15T18:42:20.000Z</time>
        <sat>9</sat>
      </trkpt>
      <trkpt lat="32.742508" lon="-16.841998">
        <ele>741.8</ele>
        <time>2025-02-15T18:42:24.000Z</time>
        <sat>9</sat>
      </trkpt>
      <trkpt lat="32.742568" lon="-16.841918">
        <ele>741.0</ele>
        <time>2025-02-15T18:42:28.000Z</time>
        <sat>8</sat>
      </trkpt>
      <trkpt lat="32.742672" lon="-16.841877">
        <ele>739.9</ele>
        <time>2025-02-15T18:42:32.000Z</time>
        <sat>8</sat>
      </trkpt>
      <trkpt lat="32.742778" lon="-16.841837">
        <ele>739.3</ele>
        <time>2025-02-15T18:42:36.000Z</time>
        <sat>8</sat>
      </trkpt>
      <trkpt lat="32.742878" lon="-16.841807">
        <ele>738.4</ele>
        <time>2025-02-15T18:42:40.000Z</time>
        <sat>8</sat>
      </trkpt>
      <trkpt lat="32.742978" lon="-16.841780">
        <ele>737.3</ele>
        <time>2025-02-15T18:42:44.000Z</time>
        <sat>8</sat>
      </trkpt>
      <trkpt lat="32.743090" lon="-16.841782">
        <ele>736.4</ele>
        <time>2025-02-15T18:42:48.000Z</time>
        <sat>8</sat>
      </trkpt>
      <trkpt lat="32.743198" lon="-16.841748">
        <ele>735.3</ele>
        <time>2025-02-15T18:42:52.000Z</time>
        <sat>8</sat>
      </trkpt>
      <trkpt lat="32.743287" lon="-16.841693">
        <ele>734.5</ele>
        <time>2025-02-15T18:42:56.000Z</time>
        <sat>9</sat>
      </trkpt>
      <trkpt lat="32.743375" lon="-16.841623">
        <ele>733.9</ele>
        <time>2025-02-15T18:43:00.000Z</time>
        <sat>8</sat>
      </trkpt>
      <trkpt lat="32.743458" lon="-16.841552">
        <ele>733.3</ele>
        <time>2025-02-15T18:43:04.000Z</time>
        <sat>8</sat>
      </trkpt>
      <trkpt lat="32.743537" lon="-16.841492">
        <ele>732.5</ele>
        <time>2025-02-15T18:43:08.000Z</time>
        <sat>11</sat>
      </trkpt>
      <trkpt lat="32.743605" lon="-16.841410">
        <ele>731.5</ele>
        <time>2025-02-15T18:43:12.000Z</time>
        <sat>11</sat>
      </trkpt>
      <trkpt lat="32.743648" lon="-16.841315">
        <ele>730.1</ele>
        <time>2025-02-15T18:43:17.000Z</time>
        <sat>11</sat>
      </trkpt>
      <trkpt lat="32.743667" lon="-16.841185">
        <ele>729.4</ele>
        <time>2025-02-15T18:43:21.000Z</time>
        <sat>11</sat>
      </trkpt>
      <trkpt lat="32.743687" lon="-16.841053">
        <ele>728.7</ele>
        <time>2025-02-15T18:43:25.000Z</time>
        <sat>10</sat>
      </trkpt>
      <trkpt lat="32.743697" lon="-16.840923">
        <ele>727.5</ele>
        <time>2025-02-15T18:43:29.000Z</time>
        <sat>11</sat>
      </trkpt>
      <trkpt lat="32.743693" lon="-16.840800">
        <ele>726.5</ele>
        <time>2025-02-15T18:43:33.000Z</time>
        <sat>9</sat>
      </trkpt>
      <trkpt lat="32.743702" lon="-16.840687">
        <ele>725.5</ele>
        <time>2025-02-15T18:43:37.000Z</time>
        <sat>9</sat>
      </trkpt>
      <trkpt lat="32.743708" lon="-16.840560">
        <ele>723.9</ele>
        <time>2025-02-15T18:43:42.000Z</time>
        <sat>9</sat>
      </trkpt>
      <trkpt lat="32.743733" lon="-16.840428">
        <ele>722.5</ele>
        <time>2025-02-15T18:43:47.000Z</time>
        <sat>9</sat>
      </trkpt>
      <trkpt lat="32.743762" lon="-16.840298">
        <ele>721.3</ele>
        <time>2025-02-15T18:43:52.000Z</time>
        <sat>9</sat>
      </trkpt>
      <trkpt lat="32.743795" lon="-16.840173">
        <ele>719.7</ele>
        <time>2025-02-15T18:43:57.000Z</time>
        <sat>9</sat>
      </trkpt>
      <trkpt lat="32.743807" lon="-16.840063">
        <ele>718.5</ele>
        <time>2025-02-15T18:44:01.000Z</time>
        <sat>9</sat>
      </trkpt>
      <trkpt lat="32.743822" lon="-16.839947">
        <ele>717.1</ele>
        <time>2025-02-15T18:44:05.000Z</time>
        <sat>9</sat>
      </trkpt>
      <trkpt lat="32.743807" lon="-16.839823">
        <ele>715.7</ele>
        <time>2025-02-15T18:44:09.000Z</time>
        <sat>10</sat>
      </trkpt>
      <trkpt lat="32.743795" lon="-16.839707">
        <ele>714.4</ele>
        <time>2025-02-15T18:44:13.000Z</time>
        <sat>10</sat>
      </trkpt>
      <trkpt lat="32.743793" lon="-16.839590">
        <ele>713.4</ele>
        <time>2025-02-15T18:44:17.000Z</time>
        <sat>10</sat>
      </trkpt>
      <trkpt lat="32.743818" lon="-16.839485">
        <ele>712.1</ele>
        <time>2025-02-15T18:44:21.000Z</time>
        <sat>10</sat>
      </trkpt>
      <trkpt lat="32.743923" lon="-16.839423">
        <ele>710.8</ele>
        <time>2025-02-15T18:44:26.000Z</time>
        <sat>10</sat>
      </trkpt>
      <trkpt lat="32.744028" lon="-16.839368">
        <ele>709.5</ele>
        <time>2025-02-15T18:44:30.000Z</time>
        <sat>10</sat>
      </trkpt>
      <trkpt lat="32.744133" lon="-16.839303">
        <ele>708.2</ele>
        <time>2025-02-15T18:44:34.000Z</time>
        <sat>10</sat>
      </trkpt>
      <trkpt lat="32.744235" lon="-16.839235">
        <ele>707.0</ele>
        <time>2025-02-15T18:44:38.000Z</time>
        <sat>11</sat>
      </trkpt>
      <trkpt lat="32.744332" lon="-16.839210">
        <ele>706.1</ele>
        <time>2025-02-15T18:44:41.000Z</time>
        <sat>11</sat>
      </trkpt>
      <trkpt lat="32.744413" lon="-16.839138">
        <ele>705.1</ele>
        <time>2025-02-15T18:44:45.000Z</time>
        <sat>11</sat>
      </trkpt>
      <trkpt lat="32.744483" lon="-16.839060">
        <ele>704.7</ele>
        <time>2025-02-15T18:44:49.000Z</time>
        <sat>11</sat>
      </trkpt>
      <trkpt lat="32.744545" lon="-16.838957">
        <ele>704.3</ele>
        <time>2025-02-15T18:44:54.000Z</time>
        <sat>11</sat>
      </trkpt>
      <trkpt lat="32.744568" lon="-16.838850">
        <ele>703.9</ele>
        <time>2025-02-15T18:44:58.000Z</time>
        <sat>11</sat>
      </trkpt>
      <trkpt lat="32.744578" lon="-16.838737">
        <ele>703.4</ele>
        <time>2025-02-15T18:45:02.000Z</time>
        <sat>11</sat>
      </trkpt>
      <trkpt lat="32.744598" lon="-16.838615">
        <ele>703.2</ele>
        <time>2025-02-15T18:45:06.000Z</time>
        <sat>11</sat>
      </trkpt>
      <trkpt lat="32.744618" lon="-16.838492">
        <ele>703.3</ele>
        <time>2025-02-15T18:45:10.000Z</time>
        <sat>10</sat>
      </trkpt>
      <trkpt lat="32.744648" lon="-16.838405">
        <ele>703.3</ele>
        <time>2025-02-15T18:45:15.000Z</time>
        <sat>11</sat>
      </trkpt>
      <trkpt lat="32.744648" lon="-16.838402">
        <ele>703.3</ele>
        <time>2025-02-15T18:45:16.000Z</time>
        <sat>11</sat>
      </trkpt>
      <trkpt lat="32.744657" lon="-16.838293">
        <ele>703.2</ele>
        <time>2025-02-15T18:45:26.000Z</time>
        <sat>11</sat>
      </trkpt>
      <trkpt lat="32.744673" lon="-16.838185">
        <ele>703.3</ele>
        <time>2025-02-15T18:45:33.000Z</time>
        <sat>9</sat>
      </trkpt>
      <trkpt lat="32.744715" lon="-16.838078">
        <ele>703.3</ele>
        <time>2025-02-15T18:45:41.000Z</time>
        <sat>10</sat>
      </trkpt>
      <trkpt lat="32.744738" lon="-16.837970">
        <ele>703.3</ele>
        <time>2025-02-15T18:45:47.000Z</time>
        <sat>9</sat>
      </trkpt>
      <trkpt lat="32.744772" lon="-16.837850">
        <ele>703.3</ele>
        <time>2025-02-15T18:45:52.000Z</time>
        <sat>9</sat>
      </trkpt>
      <trkpt lat="32.744805" lon="-16.837750">
        <ele>703.1</ele>
        <time>2025-02-15T18:45:57.000Z</time>
        <sat>9</sat>
      </trkpt>
      <trkpt lat="32.744837" lon="-16.837637">
        <ele>703.0</ele>
        <time>2025-02-15T18:46:08.000Z</time>
        <sat>9</sat>
      </trkpt>
      <trkpt lat="32.744885" lon="-16.837543">
        <ele>703.0</ele>
        <time>2025-02-15T18:46:15.000Z</time>
        <sat>9</sat>
      </trkpt>
      <trkpt lat="32.744942" lon="-16.837450">
        <ele>702.8</ele>
        <time>2025-02-15T18:46:24.000Z</time>
        <sat>9</sat>
      </trkpt>
      <trkpt lat="32.744987" lon="-16.837348">
        <ele>702.9</ele>
        <time>2025-02-15T18:46:29.000Z</time>
        <sat>9</sat>
      </trkpt>
      <trkpt lat="32.745040" lon="-16.837252">
        <ele>703.0</ele>
        <time>2025-02-15T18:46:33.000Z</time>
        <sat>9</sat>
      </trkpt>
      <trkpt lat="32.745097" lon="-16.837158">
        <ele>703.0</ele>
        <time>2025-02-15T18:46:37.000Z</time>
        <sat>9</sat>
      </trkpt>
      <trkpt lat="32.745158" lon="-16.837060">
        <ele>703.0</ele>
        <time>2025-02-15T18:46:42.000Z</time>
        <sat>9</sat>
      </trkpt>
      <trkpt lat="32.745255" lon="-16.837005">
        <ele>703.1</ele>
        <time>2025-02-15T18:46:48.000Z</time>
        <sat>9</sat>
      </trkpt>
      <trkpt lat="32.745347" lon="-16.836983">
        <ele>703.2</ele>
        <time>2025-02-15T18:46:51.000Z</time>
        <sat>9</sat>
      </trkpt>
      <trkpt lat="32.745450" lon="-16.836972">
        <ele>703.1</ele>
        <time>2025-02-15T18:46:53.000Z</time>
        <sat>9</sat>
      </trkpt>
      <trkpt lat="32.745542" lon="-16.836962">
        <ele>703.1</ele>
        <time>2025-02-15T18:46:56.000Z</time>
        <sat>10</sat>
      </trkpt>
      <trkpt lat="32.745655" lon="-16.836963">
        <ele>703.0</ele>
        <time>2025-02-15T18:47:00.000Z</time>
        <sat>10</sat>
      </trkpt>
      <trkpt lat="32.745753" lon="-16.836968">
        <ele>702.9</ele>
        <time>2025-02-15T18:47:04.000Z</time>
        <sat>9</sat>
      </trkpt>
      <trkpt lat="32.745862" lon="-16.836972">
        <ele>702.6</ele>
        <time>2025-02-15T18:47:09.000Z</time>
        <sat>9</sat>
      </trkpt>
      <trkpt lat="32.745965" lon="-16.836978">
        <ele>701.7</ele>
        <time>2025-02-15T18:47:14.000Z</time>
        <sat>9</sat>
      </trkpt>
      <trkpt lat="32.746073" lon="-16.837018">
        <ele>700.4</ele>
        <time>2025-02-15T18:47:19.000Z</time>
        <sat>9</sat>
      </trkpt>
      <trkpt lat="32.746185" lon="-16.837010">
        <ele>698.6</ele>
        <time>2025-02-15T18:47:24.000Z</time>
        <sat>9</sat>
      </trkpt>
      <trkpt lat="32.746235" lon="-16.836907">
        <ele>697.5</ele>
        <time>2025-02-15T18:47:29.000Z</time>
        <sat>10</sat>
      </trkpt>
      <trkpt lat="32.746272" lon="-16.836798">
        <ele>695.9</ele>
        <time>2025-02-15T18:47:35.000Z</time>
        <sat>10</sat>
      </trkpt>
      <trkpt lat="32.746263" lon="-16.836692">
        <ele>694.7</ele>
        <time>2025-02-15T18:47:42.000Z</time>
        <sat>9</sat>
      </trkpt>
      <trkpt lat="32.746255" lon="-16.836577">
        <ele>693.2</ele>
        <time>2025-02-15T18:47:50.000Z</time>
        <sat>9</sat>
      </trkpt>
      <trkpt lat="32.746257" lon="-16.836453">
        <ele>691.6</ele>
        <time>2025-02-15T18:47:56.000Z</time>
        <sat>9</sat>
      </trkpt>
      <trkpt lat="32.746262" lon="-16.836342">
        <ele>690.9</ele>
        <time>2025-02-15T18:48:03.000Z</time>
        <sat>9</sat>
      </trkpt>
      <trkpt lat="32.746258" lon="-16.836202">
        <ele>690.1</ele>
        <time>2025-02-15T18:48:08.000Z</time>
        <sat>9</sat>
      </trkpt>
      <trkpt lat="32.746232" lon="-16.836080">
        <ele>689.5</ele>
        <time>2025-02-15T18:48:13.000Z</time>
        <sat>9</sat>
      </trkpt>
      <trkpt lat="32.746188" lon="-16.835983">
        <ele>689.1</ele>
        <time>2025-02-15T18:48:18.000Z</time>
        <sat>9</sat>
      </trkpt>
      <trkpt lat="32.746133" lon="-16.835897">
        <ele>688.4</ele>
        <time>2025-02-15T18:48:24.000Z</time>
        <sat>10</sat>
      </trkpt>
      <trkpt lat="32.746092" lon="-16.835788">
        <ele>687.9</ele>
        <time>2025-02-15T18:48:32.000Z</time>
        <sat>10</sat>
      </trkpt>
      <trkpt lat="32.746083" lon="-16.835665">
        <ele>687.3</ele>
        <time>2025-02-15T18:48:38.000Z</time>
        <sat>10</sat>
      </trkpt>
      <trkpt lat="32.746007" lon="-16.835600">
        <ele>686.7</ele>
        <time>2025-02-15T18:48:43.000Z</time>
        <sat>10</sat>
      </trkpt>
      <trkpt lat="32.745907" lon="-16.835578">
        <ele>686.4</ele>
        <time>2025-02-15T18:48:50.000Z</time>
        <sat>10</sat>
      </trkpt>
      <trkpt lat="32.745820" lon="-16.835502">
        <ele>685.7</ele>
        <time>2025-02-15T18:48:59.000Z</time>
        <sat>9</sat>
      </trkpt>
      <trkpt lat="32.745733" lon="-16.835453">
        <ele>685.4</ele>
        <time>2025-02-15T18:49:03.000Z</time>
        <sat>9</sat>
      </trkpt>
      <trkpt lat="32.745628" lon="-16.835412">
        <ele>685.4</ele>
        <time>2025-02-15T18:49:07.000Z</time>
        <sat>8</sat>
      </trkpt>
      <trkpt lat="32.745547" lon="-16.835327">
        <ele>685.2</ele>
        <time>2025-02-15T18:49:12.000Z</time>
        <sat>8</sat>
      </trkpt>
      <trkpt lat="32.745497" lon="-16.835217">
        <ele>684.9</ele>
        <time>2025-02-15T18:49:17.000Z</time>
        <sat>8</sat>
      </trkpt>
      <trkpt lat="32.745432" lon="-16.835138">
        <ele>684.8</ele>
        <time>2025-02-15T18:49:22.000Z</time>
        <sat>8</sat>
      </trkpt>
      <trkpt lat="32.745418" lon="-16.835022">
        <ele>684.3</ele>
        <time>2025-02-15T18:49:28.000Z</time>
        <sat>8</sat>
      </trkpt>
      <trkpt lat="32.745413" lon="-16.834910">
        <ele>683.9</ele>
        <time>2025-02-15T18:49:33.000Z</time>
        <sat>8</sat>
      </trkpt>
      <trkpt lat="32.745373" lon="-16.834795">
        <ele>683.6</ele>
        <time>2025-02-15T18:49:39.000Z</time>
        <sat>8</sat>
      </trkpt>
      <trkpt lat="32.745315" lon="-16.834693">
        <ele>683.4</ele>
        <time>2025-02-15T18:49:44.000Z</time>
        <sat>8</sat>
      </trkpt>
      <trkpt lat="32.745267" lon="-16.834600">
        <ele>683.2</ele>
        <time>2025-02-15T18:49:48.000Z</time>
        <sat>8</sat>
      </trkpt>
      <trkpt lat="32.745215" lon="-16.834488">
        <ele>683.0</ele>
        <time>2025-02-15T18:49:53.000Z</time>
        <sat>7</sat>
      </trkpt>
      <trkpt lat="32.745152" lon="-16.834372">
        <ele>682.8</ele>
        <time>2025-02-15T18:49:58.000Z</time>
        <sat>7</sat>
      </trkpt>
      <trkpt lat="32.745103" lon="-16.834270">
        <ele>682.6</ele>
        <time>2025-02-15T18:50:03.000Z</time>
        <sat>7</sat>
      </trkpt>
      <trkpt lat="32.745053" lon="-16.834158">
        <ele>682.2</ele>
        <time>2025-02-15T18:50:08.000Z</time>
        <sat>7</sat>
      </trkpt>
      <trkpt lat="32.745070" lon="-16.834038">
        <ele>681.5</ele>
        <time>2025-02-15T18:50:14.000Z</time>
        <sat>8</sat>
      </trkpt>
      <trkpt lat="32.745075" lon="-16.833918">
        <ele>681.3</ele>
        <time>2025-02-15T18:50:18.000Z</time>
        <sat>8</sat>
      </trkpt>
      <trkpt lat="32.745073" lon="-16.833810">
        <ele>681.0</ele>
        <time>2025-02-15T18:50:22.000Z</time>
        <sat>8</sat>
      </trkpt>
      <trkpt lat="32.745052" lon="-16.833693">
        <ele>680.6</ele>
        <time>2025-02-15T18:50:26.000Z</time>
        <sat>8</sat>
      </trkpt>
      <trkpt lat="32.745043" lon="-16.833585">
        <ele>680.2</ele>
        <time>2025-02-15T18:50:31.000Z</time>
        <sat>8</sat>
      </trkpt>
      <trkpt lat="32.745065" lon="-16.833470">
        <ele>679.6</ele>
        <time>2025-02-15T18:50:35.000Z</time>
        <sat>8</sat>
      </trkpt>
      <trkpt lat="32.745060" lon="-16.833360">
        <ele>679.2</ele>
        <time>2025-02-15T18:50:41.000Z</time>
        <sat>8</sat>
      </trkpt>
      <trkpt lat="32.745035" lon="-16.833247">
        <ele>678.8</ele>
        <time>2025-02-15T18:50:46.000Z</time>
        <sat>8</sat>
      </trkpt>
      <trkpt lat="32.745018" lon="-16.833140">
        <ele>678.1</ele>
        <time>2025-02-15T18:50:53.000Z</time>
        <sat>8</sat>
      </trkpt>
      <trkpt lat="32.745043" lon="-16.833033">
        <ele>677.6</ele>
        <time>2025-02-15T18:51:01.000Z</time>
        <sat>8</sat>
      </trkpt>
      <trkpt lat="32.745100" lon="-16.832895">
        <ele>677.2</ele>
        <time>2025-02-15T18:51:06.000Z</time>
        <sat>9</sat>
      </trkpt>
      <trkpt lat="32.745118" lon="-16.832777">
        <ele>676.9</ele>
        <time>2025-02-15T18:51:10.000Z</time>
        <sat>9</sat>
      </trkpt>
      <trkpt lat="32.745055" lon="-16.832697">
        <ele>676.6</ele>
        <time>2025-02-15T18:51:15.000Z</time>
        <sat>9</sat>
      </trkpt>
      <trkpt lat="32.744967" lon="-16.832663">
        <ele>676.4</ele>
        <time>2025-02-15T18:51:19.000Z</time>
        <sat>9</sat>
      </trkpt>
      <trkpt lat="32.744882" lon="-16.832593">
        <ele>675.8</ele>
        <time>2025-02-15T18:51:26.000Z</time>
        <sat>9</sat>
      </trkpt>
      <trkpt lat="32.744787" lon="-16.832537">
        <ele>675.4</ele>
        <time>2025-02-15T18:51:31.000Z</time>
        <sat>10</sat>
      </trkpt>
      <trkpt lat="32.744697" lon="-16.832485">
        <ele>674.9</ele>
        <time>2025-02-15T18:51:37.000Z</time>
        <sat>10</sat>
      </trkpt>
      <trkpt lat="32.744630" lon="-16.832398">
        <ele>674.3</ele>
        <time>2025-02-15T18:51:45.000Z</time>
        <sat>8</sat>
      </trkpt>
      <trkpt lat="32.744572" lon="-16.832303">
        <ele>674.0</ele>
        <time>2025-02-15T18:51:50.000Z</time>
        <sat>7</sat>
      </trkpt>
      <trkpt lat="32.744525" lon="-16.832197">
        <ele>673.6</ele>
        <time>2025-02-15T18:51:53.000Z</time>
        <sat>7</sat>
      </trkpt>
      <trkpt lat="32.744458" lon="-16.832112">
        <ele>672.9</ele>
        <time>2025-02-15T18:51:59.000Z</time>
        <sat>7</sat>
      </trkpt>
      <trkpt lat="32.744452" lon="-16.831983">
        <ele>672.6</ele>
        <time>2025-02-15T18:52:08.000Z</time>
        <sat>6</sat>
      </trkpt>
      <trkpt lat="32.744437" lon="-16.831872">
        <ele>672.3</ele>
        <time>2025-02-15T18:52:12.000Z</time>
        <sat>7</sat>
      </trkpt>
      <trkpt lat="32.744458" lon="-16.831747">
        <ele>671.7</ele>
        <time>2025-02-15T18:52:18.000Z</time>
        <sat>7</sat>
      </trkpt>
      <trkpt lat="32.744457" lon="-16.831615">
        <ele>671.2</ele>
        <time>2025-02-15T18:52:23.000Z</time>
        <sat>7</sat>
      </trkpt>
      <trkpt lat="32.744438" lon="-16.831507">
        <ele>670.8</ele>
        <time>2025-02-15T18:52:27.000Z</time>
        <sat>7</sat>
      </trkpt>
      <trkpt lat="32.744438" lon="-16.831390">
        <ele>670.3</ele>
        <time>2025-02-15T18:52:31.000Z</time>
        <sat>6</sat>
      </trkpt>
      <trkpt lat="32.744463" lon="-16.831278">
        <ele>669.9</ele>
        <time>2025-02-15T18:52:36.000Z</time>
        <sat>6</sat>
      </trkpt>
      <trkpt lat="32.744493" lon="-16.831170">
        <ele>669.5</ele>
        <time>2025-02-15T18:52:43.000Z</time>
        <sat>6</sat>
      </trkpt>
      <trkpt lat="32.744515" lon="-16.831060">
        <ele>668.5</ele>
        <time>2025-02-15T18:52:51.000Z</time>
        <sat>6</sat>
      </trkpt>
      <trkpt lat="32.744567" lon="-16.830957">
        <ele>667.9</ele>
        <time>2025-02-15T18:52:56.000Z</time>
        <sat>7</sat>
      </trkpt>
      <trkpt lat="32.744645" lon="-16.830892">
        <ele>667.0</ele>
        <time>2025-02-15T18:53:00.000Z</time>
        <sat>7</sat>
      </trkpt>
      <trkpt lat="32.744735" lon="-16.830878">
        <ele>666.8</ele>
        <time>2025-02-15T18:53:02.000Z</time>
        <sat>7</sat>
      </trkpt>
      <trkpt lat="32.744837" lon="-16.830860">
        <ele>666.6</ele>
        <time>2025-02-15T18:53:05.000Z</time>
        <sat>7</sat>
      </trkpt>
      <trkpt lat="32.744922" lon="-16.830813">
        <ele>666.2</ele>
        <time>2025-02-15T18:53:09.000Z</time>
        <sat>7</sat>
      </trkpt>
      <trkpt lat="32.744977" lon="-16.830720">
        <ele>665.9</ele>
        <time>2025-02-15T18:53:13.000Z</time>
        <sat>7</sat>
      </trkpt>
      <trkpt lat="32.745023" lon="-16.830608">
        <ele>665.7</ele>
        <time>2025-02-15T18:53:17.000Z</time>
        <sat>7</sat>
      </trkpt>
      <trkpt lat="32.745075" lon="-16.830507">
        <ele>665.3</ele>
        <time>2025-02-15T18:53:23.000Z</time>
        <sat>8</sat>
      </trkpt>
      <trkpt lat="32.745113" lon="-16.830402">
        <ele>664.8</ele>
        <time>2025-02-15T18:53:33.000Z</time>
        <sat>8</sat>
      </trkpt>
      <trkpt lat="32.745198" lon="-16.830325">
        <ele>664.4</ele>
        <time>2025-02-15T18:53:39.000Z</time>
        <sat>9</sat>
      </trkpt>
      <trkpt lat="32.745273" lon="-16.830228">
        <ele>664.1</ele>
        <time>2025-02-15T18:53:43.000Z</time>
        <sat>10</sat>
      </trkpt>
      <trkpt lat="32.745333" lon="-16.830117">
        <ele>663.6</ele>
        <time>2025-02-15T18:53:47.000Z</time>
        <sat>10</sat>
      </trkpt>
      <trkpt lat="32.745362" lon="-16.830007">
        <ele>663.1</ele>
        <time>2025-02-15T18:53:51.000Z</time>
        <sat>10</sat>
      </trkpt>
      <trkpt lat="32.745393" lon="-16.829905">
        <ele>662.8</ele>
        <time>2025-02-15T18:53:54.000Z</time>
        <sat>10</sat>
      </trkpt>
      <trkpt lat="32.745375" lon="-16.829782">
        <ele>662.4</ele>
        <time>2025-02-15T18:53:59.000Z</time>
        <sat>9</sat>
      </trkpt>
      <trkpt lat="32.745293" lon="-16.829718">
        <ele>661.1</ele>
        <time>2025-02-15T18:54:06.000Z</time>
        <sat>9</sat>
      </trkpt>
      <trkpt lat="32.745238" lon="-16.829628">
        <ele>658.4</ele>
        <time>2025-02-15T18:54:22.000Z</time>
        <sat>9</sat>
      </trkpt>
      <trkpt lat="32.745197" lon="-16.829528">
        <ele>654.9</ele>
        <time>2025-02-15T18:54:37.000Z</time>
        <sat>9</sat>
      </trkpt>
      <trkpt lat="32.745177" lon="-16.829423">
        <ele>652.2</ele>
        <time>2025-02-15T18:54:47.000Z</time>
        <sat>9</sat>
      </trkpt>
      <trkpt lat="32.745173" lon="-16.829382">
        <ele>649.8</ele>
        <time>2025-02-15T18:54:53.000Z</time>
        <sat>8</sat>
      </trkpt>
      <trkpt lat="32.745170" lon="-16.829375">
        <ele>649.4</ele>
        <time>2025-02-15T18:54:54.000Z</time>
        <sat>9</sat>
      </trkpt>
      <trkpt lat="32.745150" lon="-16.829267">
        <ele>648.3</ele>
        <time>2025-02-15T18:55:02.000Z</time>
        <sat>9</sat>
      </trkpt>
      <trkpt lat="32.745137" lon="-16.829158">
        <ele>647.9</ele>
        <time>2025-02-15T18:55:08.000Z</time>
        <sat>9</sat>
      </trkpt>
      <trkpt lat="32.745097" lon="-16.829053">
        <ele>647.6</ele>
        <time>2025-02-15T18:55:14.000Z</time>
        <sat>9</sat>
      </trkpt>
      <trkpt lat="32.745072" lon="-16.828945">
        <ele>646.2</ele>
        <time>2025-02-15T18:55:24.000Z</time>
        <sat>9</sat>
      </trkpt>
      <trkpt lat="32.745050" lon="-16.828830">
        <ele>645.0</ele>
        <time>2025-02-15T18:55:31.000Z</time>
        <sat>9</sat>
      </trkpt>
      <trkpt lat="32.745032" lon="-16.828713">
        <ele>643.4</ele>
        <time>2025-02-15T18:55:36.000Z</time>
        <sat>9</sat>
      </trkpt>
      <trkpt lat="32.745010" lon="-16.828575">
        <ele>642.5</ele>
        <time>2025-02-15T18:55:40.000Z</time>
        <sat>9</sat>
      </trkpt>
      <trkpt lat="32.744987" lon="-16.828470">
        <ele>641.8</ele>
        <time>2025-02-15T18:55:43.000Z</time>
        <sat>9</sat>
      </trkpt>
      <trkpt lat="32.744953" lon="-16.828343">
        <ele>641.2</ele>
        <time>2025-02-15T18:55:47.000Z</time>
        <sat>9</sat>
      </trkpt>
      <trkpt lat="32.744927" lon="-16.828233">
        <ele>640.5</ele>
        <time>2025-02-15T18:55:51.000Z</time>
        <sat>9</sat>
      </trkpt>
      <trkpt lat="32.744912" lon="-16.828115">
        <ele>639.8</ele>
        <time>2025-02-15T18:55:54.000Z</time>
        <sat>9</sat>
      </trkpt>
      <trkpt lat="32.744903" lon="-16.827997">
        <ele>638.4</ele>
        <time>2025-02-15T18:56:00.000Z</time>
        <sat>9</sat>
      </trkpt>
      <trkpt lat="32.744918" lon="-16.827875">
        <ele>636.5</ele>
        <time>2025-02-15T18:56:07.000Z</time>
        <sat>9</sat>
      </trkpt>
      <trkpt lat="32.744908" lon="-16.827763">
        <ele>634.8</ele>
        <time>2025-02-15T18:56:13.000Z</time>
        <sat>9</sat>
      </trkpt>
      <trkpt lat="32.744925" lon="-16.827647">
        <ele>633.2</ele>
        <time>2025-02-15T18:56:18.000Z</time>
        <sat>9</sat>
      </trkpt>
      <trkpt lat="32.744913" lon="-16.827533">
        <ele>631.1</ele>
        <time>2025-02-15T18:56:25.000Z</time>
        <sat>9</sat>
      </trkpt>
      <trkpt lat="32.744868" lon="-16.827437">
        <ele>629.5</ele>
        <time>2025-02-15T18:56:31.000Z</time>
        <sat>9</sat>
      </trkpt>
      <trkpt lat="32.744948" lon="-16.827373">
        <ele>624.6</ele>
        <time>2025-02-15T18:56:48.000Z</time>
        <sat>9</sat>
      </trkpt>
      <trkpt lat="32.745040" lon="-16.827372">
        <ele>621.8</ele>
        <time>2025-02-15T18:56:57.000Z</time>
        <sat>9</sat>
      </trkpt>
      <trkpt lat="32.745118" lon="-16.827305">
        <ele>619.3</ele>
        <time>2025-02-15T18:57:07.000Z</time>
        <sat>9</sat>
      </trkpt>
      <trkpt lat="32.745175" lon="-16.827208">
        <ele>616.7</ele>
        <time>2025-02-15T18:57:16.000Z</time>
        <sat>9</sat>
      </trkpt>
      <trkpt lat="32.745222" lon="-16.827108">
        <ele>613.8</ele>
        <time>2025-02-15T18:57:25.000Z</time>
        <sat>9</sat>
      </trkpt>
      <trkpt lat="32.745263" lon="-16.827003">
        <ele>612.1</ele>
        <time>2025-02-15T18:57:31.000Z</time>
        <sat>9</sat>
      </trkpt>
      <trkpt lat="32.745293" lon="-16.826895">
        <ele>610.3</ele>
        <time>2025-02-15T18:57:36.000Z</time>
        <sat>9</sat>
      </trkpt>
      <trkpt lat="32.745320" lon="-16.826782">
        <ele>608.6</ele>
        <time>2025-02-15T18:57:41.000Z</time>
        <sat>9</sat>
      </trkpt>
      <trkpt lat="32.745332" lon="-16.826672">
        <ele>606.1</ele>
        <time>2025-02-15T18:57:48.000Z</time>
        <sat>9</sat>
      </trkpt>
      <trkpt lat="32.745405" lon="-16.826597">
        <ele>600.5</ele>
        <time>2025-02-15T18:58:05.000Z</time>
        <sat>9</sat>
      </trkpt>
      <trkpt lat="32.745490" lon="-16.826548">
        <ele>597.3</ele>
        <time>2025-02-15T18:58:14.000Z</time>
        <sat>9</sat>
      </trkpt>
      <trkpt lat="32.745567" lon="-16.826533">
        <ele>593.0</ele>
        <time>2025-02-15T18:58:25.000Z</time>
        <sat>6</sat>
      </trkpt>
      <trkpt lat="32.745572" lon="-16.826532">
        <ele>592.1</ele>
        <time>2025-02-15T18:58:30.000Z</time>
        <sat>9</sat>
      </trkpt>
      <trkpt lat="32.745678" lon="-16.826507">
        <ele>590.7</ele>
        <time>2025-02-15T18:58:45.000Z</time>
        <sat>9</sat>
      </trkpt>
      <trkpt lat="32.745787" lon="-16.826488">
        <ele>590.2</ele>
        <time>2025-02-15T18:58:48.000Z</time>
        <sat>9</sat>
      </trkpt>
      <trkpt lat="32.745885" lon="-16.826473">
        <ele>589.2</ele>
        <time>2025-02-15T18:58:53.000Z</time>
        <sat>9</sat>
      </trkpt>
      <trkpt lat="32.745968" lon="-16.826425">
        <ele>587.8</ele>
        <time>2025-02-15T18:59:00.000Z</time>
        <sat>9</sat>
      </trkpt>
      <trkpt lat="32.746060" lon="-16.826368">
        <ele>586.1</ele>
        <time>2025-02-15T18:59:05.000Z</time>
        <sat>9</sat>
      </trkpt>
      <trkpt lat="32.746162" lon="-16.826337">
        <ele>585.2</ele>
        <time>2025-02-15T18:59:09.000Z</time>
        <sat>9</sat>
      </trkpt>
      <trkpt lat="32.746272" lon="-16.826303">
        <ele>584.3</ele>
        <time>2025-02-15T18:59:13.000Z</time>
        <sat>9</sat>
      </trkpt>
      <trkpt lat="32.746378" lon="-16.826265">
        <ele>583.2</ele>
        <time>2025-02-15T18:59:17.000Z</time>
        <sat>8</sat>
      </trkpt>
      <trkpt lat="32.746493" lon="-16.826248">
        <ele>582.1</ele>
        <time>2025-02-15T18:59:21.000Z</time>
        <sat>9</sat>
      </trkpt>
      <trkpt lat="32.746587" lon="-16.826233">
        <ele>581.4</ele>
        <time>2025-02-15T18:59:24.000Z</time>
        <sat>9</sat>
      </trkpt>
      <trkpt lat="32.746705" lon="-16.826210">
        <ele>580.4</ele>
        <time>2025-02-15T18:59:28.000Z</time>
        <sat>9</sat>
      </trkpt>
      <trkpt lat="32.746797" lon="-16.826183">
        <ele>579.7</ele>
        <time>2025-02-15T18:59:31.000Z</time>
        <sat>9</sat>
      </trkpt>
      <trkpt lat="32.746908" lon="-16.826142">
        <ele>578.5</ele>
        <time>2025-02-15T18:59:35.000Z</time>
        <sat>9</sat>
      </trkpt>
      <trkpt lat="32.747013" lon="-16.826093">
        <ele>577.6</ele>
        <time>2025-02-15T18:59:39.000Z</time>
        <sat>9</sat>
      </trkpt>
      <trkpt lat="32.747097" lon="-16.826043">
        <ele>576.6</ele>
        <time>2025-02-15T18:59:42.000Z</time>
        <sat>9</sat>
      </trkpt>
      <trkpt lat="32.747185" lon="-16.825958">
        <ele>575.9</ele>
        <time>2025-02-15T18:59:46.000Z</time>
        <sat>9</sat>
      </trkpt>
      <trkpt lat="32.747250" lon="-16.825852">
        <ele>575.3</ele>
        <time>2025-02-15T18:59:50.000Z</time>
        <sat>9</sat>
      </trkpt>
      <trkpt lat="32.747303" lon="-16.825752">
        <ele>574.8</ele>
        <time>2025-02-15T18:59:54.000Z</time>
        <sat>9</sat>
      </trkpt>
      <trkpt lat="32.747377" lon="-16.825650">
        <ele>574.4</ele>
        <time>2025-02-15T18:59:58.000Z</time>
        <sat>9</sat>
      </trkpt>
      <trkpt lat="32.747448" lon="-16.825547">
        <ele>574.0</ele>
        <time>2025-02-15T19:00:02.000Z</time>
        <sat>8</sat>
      </trkpt>
      <trkpt lat="32.747498" lon="-16.825448">
        <ele>573.7</ele>
        <time>2025-02-15T19:00:06.000Z</time>
        <sat>8</sat>
      </trkpt>
      <trkpt lat="32.747553" lon="-16.825362">
        <ele>573.3</ele>
        <time>2025-02-15T19:00:10.000Z</time>
        <sat>9</sat>
      </trkpt>
      <trkpt lat="32.747580" lon="-16.825228">
        <ele>573.0</ele>
        <time>2025-02-15T19:00:14.000Z</time>
        <sat>8</sat>
      </trkpt>
      <trkpt lat="32.747583" lon="-16.825095">
        <ele>572.6</ele>
        <time>2025-02-15T19:00:18.000Z</time>
        <sat>8</sat>
      </trkpt>
      <trkpt lat="32.747578" lon="-16.824968">
        <ele>572.4</ele>
        <time>2025-02-15T19:00:22.000Z</time>
        <sat>8</sat>
      </trkpt>
      <trkpt lat="32.747533" lon="-16.824873">
        <ele>572.2</ele>
        <time>2025-02-15T19:00:25.000Z</time>
        <sat>8</sat>
      </trkpt>
      <trkpt lat="32.747467" lon="-16.824758">
        <ele>571.9</ele>
        <time>2025-02-15T19:00:29.000Z</time>
        <sat>8</sat>
      </trkpt>
      <trkpt lat="32.747410" lon="-16.824648">
        <ele>571.7</ele>
        <time>2025-02-15T19:00:33.000Z</time>
        <sat>8</sat>
      </trkpt>
      <trkpt lat="32.747362" lon="-16.824537">
        <ele>571.6</ele>
        <time>2025-02-15T19:00:37.000Z</time>
        <sat>8</sat>
      </trkpt>
      <trkpt lat="32.747305" lon="-16.824440">
        <ele>571.5</ele>
        <time>2025-02-15T19:00:41.000Z</time>
        <sat>8</sat>
      </trkpt>
      <trkpt lat="32.747292" lon="-16.824322">
        <ele>571.3</ele>
        <time>2025-02-15T19:00:45.000Z</time>
        <sat>7</sat>
      </trkpt>
      <trkpt lat="32.747357" lon="-16.824243">
        <ele>571.2</ele>
        <time>2025-02-15T19:00:58.000Z</time>
        <sat>8</sat>
      </trkpt>
      <trkpt lat="32.747398" lon="-16.824143">
        <ele>571.0</ele>
        <time>2025-02-15T19:01:05.000Z</time>
        <sat>8</sat>
      </trkpt>
      <trkpt lat="32.747400" lon="-16.824033">
        <ele>570.6</ele>
        <time>2025-02-15T19:01:11.000Z</time>
        <sat>8</sat>
      </trkpt>
      <trkpt lat="32.747363" lon="-16.823915">
        <ele>570.3</ele>
        <time>2025-02-15T19:01:17.000Z</time>
        <sat>8</sat>
      </trkpt>
      <trkpt lat="32.747318" lon="-16.823797">
        <ele>570.1</ele>
        <time>2025-02-15T19:01:21.000Z</time>
        <sat>8</sat>
      </trkpt>
      <trkpt lat="32.747280" lon="-16.823672">
        <ele>569.8</ele>
        <time>2025-02-15T19:01:26.000Z</time>
        <sat>8</sat>
      </trkpt>
      <trkpt lat="32.747283" lon="-16.823543">
        <ele>569.6</ele>
        <time>2025-02-15T19:01:32.000Z</time>
        <sat>8</sat>
      </trkpt>
      <trkpt lat="32.747295" lon="-16.823432">
        <ele>569.5</ele>
        <time>2025-02-15T19:01:35.000Z</time>
        <sat>8</sat>
      </trkpt>
      <trkpt lat="32.747287" lon="-16.823293">
        <ele>569.4</ele>
        <time>2025-02-15T19:01:39.000Z</time>
        <sat>8</sat>
      </trkpt>
      <trkpt lat="32.747288" lon="-16.823167">
        <ele>569.3</ele>
        <time>2025-02-15T19:01:43.000Z</time>
        <sat>8</sat>
      </trkpt>
      <trkpt lat="32.747292" lon="-16.823043">
        <ele>569.3</ele>
        <time>2025-02-15T19:01:46.000Z</time>
        <sat>8</sat>
      </trkpt>
      <trkpt lat="32.747242" lon="-16.822937">
        <ele>569.2</ele>
        <time>2025-02-15T19:01:51.000Z</time>
        <sat>8</sat>
      </trkpt>
      <trkpt lat="32.747133" lon="-16.822918">
        <ele>569.2</ele>
        <time>2025-02-15T19:01:55.000Z</time>
        <sat>8</sat>
      </trkpt>
      <trkpt lat="32.747037" lon="-16.822905">
        <ele>569.2</ele>
        <time>2025-02-15T19:01:58.000Z</time>
        <sat>8</sat>
      </trkpt>
      <trkpt lat="32.746937" lon="-16.822862">
        <ele>569.2</ele>
        <time>2025-02-15T19:02:02.000Z</time>
        <sat>8</sat>
      </trkpt>
      <trkpt lat="32.746852" lon="-16.822812">
        <ele>569.1</ele>
        <time>2025-02-15T19:02:07.000Z</time>
        <sat>8</sat>
      </trkpt>
      <trkpt lat="32.746787" lon="-16.822718">
        <ele>569.0</ele>
        <time>2025-02-15T19:02:12.000Z</time>
        <sat>8</sat>
      </trkpt>
      <trkpt lat="32.746722" lon="-16.822623">
        <ele>568.9</ele>
        <time>2025-02-15T19:02:16.000Z</time>
        <sat>8</sat>
      </trkpt>
      <trkpt lat="32.746650" lon="-16.822542">
        <ele>568.9</ele>
        <time>2025-02-15T19:02:20.000Z</time>
        <sat>8</sat>
      </trkpt>
      <trkpt lat="32.746563" lon="-16.822468">
        <ele>568.8</ele>
        <time>2025-02-15T19:02:24.000Z</time>
        <sat>8</sat>
      </trkpt>
      <trkpt lat="32.746475" lon="-16.822403">
        <ele>568.9</ele>
        <time>2025-02-15T19:02:28.000Z</time>
        <sat>7</sat>
      </trkpt>
      <trkpt lat="32.746408" lon="-16.822313">
        <ele>568.9</ele>
        <time>2025-02-15T19:02:32.000Z</time>
        <sat>7</sat>
      </trkpt>
      <trkpt lat="32.746342" lon="-16.822210">
        <ele>569.0</ele>
        <time>2025-02-15T19:02:36.000Z</time>
        <sat>8</sat>
      </trkpt>
      <trkpt lat="32.746262" lon="-16.822138">
        <ele>569.0</ele>
        <time>2025-02-15T19:02:40.000Z</time>
        <sat>8</sat>
      </trkpt>
      <trkpt lat="32.746222" lon="-16.822030">
        <ele>568.9</ele>
        <time>2025-02-15T19:02:44.000Z</time>
        <sat>8</sat>
      </trkpt>
      <trkpt lat="32.746160" lon="-16.821928">
        <ele>568.8</ele>
        <time>2025-02-15T19:02:48.000Z</time>
        <sat>8</sat>
      </trkpt>
      <trkpt lat="32.746090" lon="-16.821833">
        <ele>568.7</ele>
        <time>2025-02-15T19:02:52.000Z</time>
        <sat>8</sat>
      </trkpt>
      <trkpt lat="32.746025" lon="-16.821732">
        <ele>568.5</ele>
        <time>2025-02-15T19:02:56.000Z</time>
        <sat>8</sat>
      </trkpt>
      <trkpt lat="32.745985" lon="-16.821623">
        <ele>568.4</ele>
        <time>2025-02-15T19:03:01.000Z</time>
        <sat>8</sat>
      </trkpt>
      <trkpt lat="32.745930" lon="-16.821522">
        <ele>568.2</ele>
        <time>2025-02-15T19:03:06.000Z</time>
        <sat>7</sat>
      </trkpt>
      <trkpt lat="32.745890" lon="-16.821407">
        <ele>568.0</ele>
        <time>2025-02-15T19:03:11.000Z</time>
        <sat>8</sat>
      </trkpt>
      <trkpt lat="32.745845" lon="-16.821313">
        <ele>567.9</ele>
        <time>2025-02-15T19:03:15.000Z</time>
        <sat>8</sat>
      </trkpt>
      <trkpt lat="32.745795" lon="-16.821202">
        <ele>567.9</ele>
        <time>2025-02-15T19:03:19.000Z</time>
        <sat>8</sat>
      </trkpt>
      <trkpt lat="32.745763" lon="-16.821077">
        <ele>567.7</ele>
        <time>2025-02-15T19:03:24.000Z</time>
        <sat>8</sat>
      </trkpt>
      <trkpt lat="32.745703" lon="-16.820985">
        <ele>567.5</ele>
        <time>2025-02-15T19:03:29.000Z</time>
        <sat>8</sat>
      </trkpt>
      <trkpt lat="32.745668" lon="-16.820875">
        <ele>567.4</ele>
        <time>2025-02-15T19:03:33.000Z</time>
        <sat>8</sat>
      </trkpt>
      <trkpt lat="32.745632" lon="-16.820768">
        <ele>567.2</ele>
        <time>2025-02-15T19:03:40.000Z</time>
        <sat>8</sat>
      </trkpt>
      <trkpt lat="32.745562" lon="-16.820695">
        <ele>567.1</ele>
        <time>2025-02-15T19:03:45.000Z</time>
        <sat>8</sat>
      </trkpt>
      <trkpt lat="32.745518" lon="-16.820578">
        <ele>567.0</ele>
        <time>2025-02-15T19:03:50.000Z</time>
        <sat>8</sat>
      </trkpt>
      <trkpt lat="32.745437" lon="-16.820492">
        <ele>566.9</ele>
        <time>2025-02-15T19:03:54.000Z</time>
        <sat>8</sat>
      </trkpt>
      <trkpt lat="32.745387" lon="-16.820352">
        <ele>566.8</ele>
        <time>2025-02-15T19:03:58.000Z</time>
        <sat>8</sat>
      </trkpt>
      <trkpt lat="32.745318" lon="-16.820255">
        <ele>566.7</ele>
        <time>2025-02-15T19:04:01.000Z</time>
        <sat>8</sat>
      </trkpt>
      <trkpt lat="32.745268" lon="-16.820163">
        <ele>566.7</ele>
        <time>2025-02-15T19:04:04.000Z</time>
        <sat>8</sat>
      </trkpt>
      <trkpt lat="32.745198" lon="-16.820067">
        <ele>566.5</ele>
        <time>2025-02-15T19:04:08.000Z</time>
        <sat>8</sat>
      </trkpt>
      <trkpt lat="32.745123" lon="-16.819998">
        <ele>566.4</ele>
        <time>2025-02-15T19:04:12.000Z</time>
        <sat>8</sat>
      </trkpt>
      <trkpt lat="32.745053" lon="-16.819890">
        <ele>566.3</ele>
        <time>2025-02-15T19:04:17.000Z</time>
        <sat>8</sat>
      </trkpt>
      <trkpt lat="32.744977" lon="-16.819805">
        <ele>566.2</ele>
        <time>2025-02-15T19:04:21.000Z</time>
        <sat>8</sat>
      </trkpt>
      <trkpt lat="32.744920" lon="-16.819718">
        <ele>566.2</ele>
        <time>2025-02-15T19:04:25.000Z</time>
        <sat>8</sat>
      </trkpt>
      <trkpt lat="32.744882" lon="-16.819607">
        <ele>566.1</ele>
        <time>2025-02-15T19:04:29.000Z</time>
        <sat>8</sat>
      </trkpt>
      <trkpt lat="32.744858" lon="-16.819487">
        <ele>566.1</ele>
        <time>2025-02-15T19:04:33.000Z</time>
        <sat>8</sat>
      </trkpt>
      <trkpt lat="32.744810" lon="-16.819363">
        <ele>566.0</ele>
        <time>2025-02-15T19:04:37.000Z</time>
        <sat>8</sat>
      </trkpt>
      <trkpt lat="32.744772" lon="-16.819238">
        <ele>565.9</ele>
        <time>2025-02-15T19:04:41.000Z</time>
        <sat>8</sat>
      </trkpt>
      <trkpt lat="32.744695" lon="-16.819138">
        <ele>565.8</ele>
        <time>2025-02-15T19:04:46.000Z</time>
        <sat>8</sat>
      </trkpt>
      <trkpt lat="32.744652" lon="-16.819028">
        <ele>565.7</ele>
        <time>2025-02-15T19:04:51.000Z</time>
        <sat>8</sat>
      </trkpt>
      <trkpt lat="32.744710" lon="-16.818937">
        <ele>565.4</ele>
        <time>2025-02-15T19:04:57.000Z</time>
        <sat>8</sat>
      </trkpt>
      <trkpt lat="32.744725" lon="-16.818817">
        <ele>565.2</ele>
        <time>2025-02-15T19:05:01.000Z</time>
        <sat>8</sat>
      </trkpt>
      <trkpt lat="32.744713" lon="-16.818680">
        <ele>565.2</ele>
        <time>2025-02-15T19:05:05.000Z</time>
        <sat>8</sat>
      </trkpt>
      <trkpt lat="32.744722" lon="-16.818537">
        <ele>565.1</ele>
        <time>2025-02-15T19:05:09.000Z</time>
        <sat>7</sat>
      </trkpt>
      <trkpt lat="32.744723" lon="-16.818407">
        <ele>565.0</ele>
        <time>2025-02-15T19:05:13.000Z</time>
        <sat>7</sat>
      </trkpt>
      <trkpt lat="32.744760" lon="-16.818302">
        <ele>564.8</ele>
        <time>2025-02-15T19:05:18.000Z</time>
        <sat>6</sat>
      </trkpt>
      <trkpt lat="32.744803" lon="-16.818173">
        <ele>564.5</ele>
        <time>2025-02-15T19:05:24.000Z</time>
        <sat>7</sat>
      </trkpt>
      <trkpt lat="32.744870" lon="-16.818087">
        <ele>564.4</ele>
        <time>2025-02-15T19:05:27.000Z</time>
        <sat>7</sat>
      </trkpt>
      <trkpt lat="32.744942" lon="-16.818022">
        <ele>564.4</ele>
        <time>2025-02-15T19:05:30.000Z</time>
        <sat>7</sat>
      </trkpt>
      <trkpt lat="32.745035" lon="-16.817993">
        <ele>564.3</ele>
        <time>2025-02-15T19:05:33.000Z</time>
        <sat>7</sat>
      </trkpt>
      <trkpt lat="32.745143" lon="-16.817987">
        <ele>564.1</ele>
        <time>2025-02-15T19:05:37.000Z</time>
        <sat>7</sat>
      </trkpt>
      <trkpt lat="32.745240" lon="-16.817952">
        <ele>564.0</ele>
        <time>2025-02-15T19:05:40.000Z</time>
        <sat>7</sat>
      </trkpt>
      <trkpt lat="32.745342" lon="-16.817997">
        <ele>563.8</ele>
        <time>2025-02-15T19:05:44.000Z</time>
        <sat>7</sat>
      </trkpt>
      <trkpt lat="32.745430" lon="-16.818018">
        <ele>563.6</ele>
        <time>2025-02-15T19:05:48.000Z</time>
        <sat>7</sat>
      </trkpt>
      <trkpt lat="32.745528" lon="-16.818042">
        <ele>563.4</ele>
        <time>2025-02-15T19:05:52.000Z</time>
        <sat>7</sat>
      </trkpt>
      <trkpt lat="32.745617" lon="-16.818095">
        <ele>563.4</ele>
        <time>2025-02-15T19:05:58.000Z</time>
        <sat>7</sat>
      </trkpt>
      <trkpt lat="32.745708" lon="-16.818100">
        <ele>563.5</ele>
        <time>2025-02-15T19:06:05.000Z</time>
        <sat>7</sat>
      </trkpt>
      <trkpt lat="32.745758" lon="-16.818003">
        <ele>563.5</ele>
        <time>2025-02-15T19:06:09.000Z</time>
        <sat>7</sat>
      </trkpt>
      <trkpt lat="32.745777" lon="-16.817893">
        <ele>563.4</ele>
        <time>2025-02-15T19:06:13.000Z</time>
        <sat>8</sat>
      </trkpt>
      <trkpt lat="32.745787" lon="-16.817780">
        <ele>563.3</ele>
        <time>2025-02-15T19:06:17.000Z</time>
        <sat>8</sat>
      </trkpt>
      <trkpt lat="32.745763" lon="-16.817675">
        <ele>563.3</ele>
        <time>2025-02-15T19:06:24.000Z</time>
        <sat>8</sat>
      </trkpt>
      <trkpt lat="32.745710" lon="-16.817575">
        <ele>563.0</ele>
        <time>2025-02-15T19:06:31.000Z</time>
        <sat>8</sat>
      </trkpt>
      <trkpt lat="32.745663" lon="-16.817482">
        <ele>562.6</ele>
        <time>2025-02-15T19:06:39.000Z</time>
        <sat>8</sat>
      </trkpt>
      <trkpt lat="32.745583" lon="-16.817407">
        <ele>562.3</ele>
        <time>2025-02-15T19:06:47.000Z</time>
        <sat>8</sat>
      </trkpt>
      <trkpt lat="32.745522" lon="-16.817312">
        <ele>562.0</ele>
        <time>2025-02-15T19:06:55.000Z</time>
        <sat>8</sat>
      </trkpt>
      <trkpt lat="32.745447" lon="-16.817225">
        <ele>561.8</ele>
        <time>2025-02-15T19:07:01.000Z</time>
        <sat>8</sat>
      </trkpt>
      <trkpt lat="32.745370" lon="-16.817138">
        <ele>561.7</ele>
        <time>2025-02-15T19:07:05.000Z</time>
        <sat>8</sat>
      </trkpt>
      <trkpt lat="32.745295" lon="-16.817048">
        <ele>561.5</ele>
        <time>2025-02-15T19:07:09.000Z</time>
        <sat>8</sat>
      </trkpt>
      <trkpt lat="32.745217" lon="-16.816980">
        <ele>561.5</ele>
        <time>2025-02-15T19:07:13.000Z</time>
        <sat>8</sat>
      </trkpt>
      <trkpt lat="32.745173" lon="-16.816855">
        <ele>561.4</ele>
        <time>2025-02-15T19:07:18.000Z</time>
        <sat>8</sat>
      </trkpt>
      <trkpt lat="32.745185" lon="-16.816713">
        <ele>561.3</ele>
        <time>2025-02-15T19:07:22.000Z</time>
        <sat>8</sat>
      </trkpt>
      <trkpt lat="32.745187" lon="-16.816597">
        <ele>561.3</ele>
        <time>2025-02-15T19:07:25.000Z</time>
        <sat>8</sat>
      </trkpt>
      <trkpt lat="32.745173" lon="-16.816478">
        <ele>561.2</ele>
        <time>2025-02-15T19:07:29.000Z</time>
        <sat>8</sat>
      </trkpt>
      <trkpt lat="32.745178" lon="-16.816347">
        <ele>561.2</ele>
        <time>2025-02-15T19:07:34.000Z</time>
        <sat>7</sat>
      </trkpt>
      <trkpt lat="32.745195" lon="-16.816218">
        <ele>561.0</ele>
        <time>2025-02-15T19:07:39.000Z</time>
        <sat>7</sat>
      </trkpt>
      <trkpt lat="32.745280" lon="-16.816152">
        <ele>561.0</ele>
        <time>2025-02-15T19:07:42.000Z</time>
        <sat>7</sat>
      </trkpt>
      <trkpt lat="32.745368" lon="-16.816113">
        <ele>560.9</ele>
        <time>2025-02-15T19:07:47.000Z</time>
        <sat>7</sat>
      </trkpt>
      <trkpt lat="32.745462" lon="-16.816075">
        <ele>560.8</ele>
        <time>2025-02-15T19:07:53.000Z</time>
        <sat>7</sat>
      </trkpt>
      <trkpt lat="32.745547" lon="-16.816022">
        <ele>560.7</ele>
        <time>2025-02-15T19:07:57.000Z</time>
        <sat>7</sat>
      </trkpt>
      <trkpt lat="32.745627" lon="-16.815937">
        <ele>560.7</ele>
        <time>2025-02-15T19:08:01.000Z</time>
        <sat>7</sat>
      </trkpt>
      <trkpt lat="32.745693" lon="-16.815850">
        <ele>560.7</ele>
        <time>2025-02-15T19:08:05.000Z</time>
        <sat>7</sat>
      </trkpt>
      <trkpt lat="32.745787" lon="-16.815750">
        <ele>560.6</ele>
        <time>2025-02-15T19:08:09.000Z</time>
        <sat>7</sat>
      </trkpt>
      <trkpt lat="32.745853" lon="-16.815673">
        <ele>560.5</ele>
        <time>2025-02-15T19:08:12.000Z</time>
        <sat>7</sat>
      </trkpt>
      <trkpt lat="32.745918" lon="-16.815577">
        <ele>560.4</ele>
        <time>2025-02-15T19:08:14.000Z</time>
        <sat>7</sat>
      </trkpt>
      <trkpt lat="32.746007" lon="-16.815518">
        <ele>560.3</ele>
        <time>2025-02-15T19:08:17.000Z</time>
        <sat>7</sat>
      </trkpt>
      <trkpt lat="32.746098" lon="-16.815560">
        <ele>560.1</ele>
        <time>2025-02-15T19:08:23.000Z</time>
        <sat>6</sat>
      </trkpt>
      <trkpt lat="32.746167" lon="-16.815640">
        <ele>560.0</ele>
        <time>2025-02-15T19:08:29.000Z</time>
        <sat>6</sat>
      </trkpt>
      <trkpt lat="32.746248" lon="-16.815725">
        <ele>559.9</ele>
        <time>2025-02-15T19:08:34.000Z</time>
        <sat>6</sat>
      </trkpt>
      <trkpt lat="32.746345" lon="-16.815802">
        <ele>559.8</ele>
        <time>2025-02-15T19:08:38.000Z</time>
        <sat>6</sat>
      </trkpt>
      <trkpt lat="32.746435" lon="-16.815850">
        <ele>559.8</ele>
        <time>2025-02-15T19:08:42.000Z</time>
        <sat>7</sat>
      </trkpt>
      <trkpt lat="32.746535" lon="-16.815827">
        <ele>559.8</ele>
        <time>2025-02-15T19:08:47.000Z</time>
        <sat>8</sat>
      </trkpt>
      <trkpt lat="32.746562" lon="-16.815692">
        <ele>559.8</ele>
        <time>2025-02-15T19:08:52.000Z</time>
        <sat>8</sat>
      </trkpt>
      <trkpt lat="32.746567" lon="-16.815548">
        <ele>559.8</ele>
        <time>2025-02-15T19:08:55.000Z</time>
        <sat>8</sat>
      </trkpt>
      <trkpt lat="32.746558" lon="-16.815437">
        <ele>559.8</ele>
        <time>2025-02-15T19:08:58.000Z</time>
        <sat>8</sat>
      </trkpt>
      <trkpt lat="32.746507" lon="-16.815323">
        <ele>559.8</ele>
        <time>2025-02-15T19:09:02.000Z</time>
        <sat>8</sat>
      </trkpt>
      <trkpt lat="32.746440" lon="-16.815242">
        <ele>559.8</ele>
        <time>2025-02-15T19:09:06.000Z</time>
        <sat>8</sat>
      </trkpt>
      <trkpt lat="32.746357" lon="-16.815148">
        <ele>559.7</ele>
        <time>2025-02-15T19:09:11.000Z</time>
        <sat>8</sat>
      </trkpt>
      <trkpt lat="32.746315" lon="-16.815032">
        <ele>559.7</ele>
        <time>2025-02-15T19:09:16.000Z</time>
        <sat>8</sat>
      </trkpt>
      <trkpt lat="32.746383" lon="-16.814945">
        <ele>559.6</ele>
        <time>2025-02-15T19:09:22.000Z</time>
        <sat>8</sat>
      </trkpt>
      <trkpt lat="32.746442" lon="-16.814853">
        <ele>559.5</ele>
        <time>2025-02-15T19:09:27.000Z</time>
        <sat>8</sat>
      </trkpt>
      <trkpt lat="32.746493" lon="-16.814760">
        <ele>559.5</ele>
        <time>2025-02-15T19:09:31.000Z</time>
        <sat>8</sat>
      </trkpt>
      <trkpt lat="32.746555" lon="-16.814658">
        <ele>559.5</ele>
        <time>2025-02-15T19:09:35.000Z</time>
        <sat>8</sat>
      </trkpt>
      <trkpt lat="32.746617" lon="-16.814560">
        <ele>559.4</ele>
        <time>2025-02-15T19:09:39.000Z</time>
        <sat>8</sat>
      </trkpt>
      <trkpt lat="32.746730" lon="-16.814463">
        <ele>559.5</ele>
        <time>2025-02-15T19:09:42.000Z</time>
        <sat>8</sat>
      </trkpt>
      <trkpt lat="32.746843" lon="-16.814408">
        <ele>559.5</ele>
        <time>2025-02-15T19:09:45.000Z</time>
        <sat>8</sat>
      </trkpt>
      <trkpt lat="32.746957" lon="-16.814393">
        <ele>559.6</ele>
        <time>2025-02-15T19:09:49.000Z</time>
        <sat>8</sat>
      </trkpt>
      <trkpt lat="32.747070" lon="-16.814410">
        <ele>559.6</ele>
        <time>2025-02-15T19:09:53.000Z</time>
        <sat>8</sat>
      </trkpt>
      <trkpt lat="32.747180" lon="-16.814432">
        <ele>559.7</ele>
        <time>2025-02-15T19:09:58.000Z</time>
        <sat>8</sat>
      </trkpt>
      <trkpt lat="32.747270" lon="-16.814453">
        <ele>559.7</ele>
        <time>2025-02-15T19:10:02.000Z</time>
        <sat>7</sat>
      </trkpt>
      <trkpt lat="32.747377" lon="-16.814500">
        <ele>559.7</ele>
        <time>2025-02-15T19:10:07.000Z</time>
        <sat>7</sat>
      </trkpt>
      <trkpt lat="32.747458" lon="-16.814552">
        <ele>559.7</ele>
        <time>2025-02-15T19:10:11.000Z</time>
        <sat>7</sat>
      </trkpt>
      <trkpt lat="32.747545" lon="-16.814593">
        <ele>559.7</ele>
        <time>2025-02-15T19:10:15.000Z</time>
        <sat>7</sat>
      </trkpt>
      <trkpt lat="32.747642" lon="-16.814648">
        <ele>559.7</ele>
        <time>2025-02-15T19:10:20.000Z</time>
        <sat>8</sat>
      </trkpt>
      <trkpt lat="32.747728" lon="-16.814695">
        <ele>559.6</ele>
        <time>2025-02-15T19:10:24.000Z</time>
        <sat>8</sat>
      </trkpt>
      <trkpt lat="32.747802" lon="-16.814620">
        <ele>559.3</ele>
        <time>2025-02-15T19:10:32.000Z</time>
        <sat>8</sat>
      </trkpt>
      <trkpt lat="32.747857" lon="-16.814522">
        <ele>559.0</ele>
        <time>2025-02-15T19:10:38.000Z</time>
        <sat>8</sat>
      </trkpt>
      <trkpt lat="32.747937" lon="-16.814438">
        <ele>558.7</ele>
        <time>2025-02-15T19:10:43.000Z</time>
        <sat>7</sat>
      </trkpt>
      <trkpt lat="32.748008" lon="-16.814372">
        <ele>558.4</ele>
        <time>2025-02-15T19:10:48.000Z</time>
        <sat>7</sat>
      </trkpt>
      <trkpt lat="32.748088" lon="-16.814310">
        <ele>558.3</ele>
        <time>2025-02-15T19:10:53.000Z</time>
        <sat>7</sat>
      </trkpt>
      <trkpt lat="32.748182" lon="-16.814265">
        <ele>558.2</ele>
        <time>2025-02-15T19:10:57.000Z</time>
        <sat>7</sat>
      </trkpt>
      <trkpt lat="32.748275" lon="-16.814205">
        <ele>558.2</ele>
        <time>2025-02-15T19:11:01.000Z</time>
        <sat>6</sat>
      </trkpt>
      <trkpt lat="32.748387" lon="-16.814172">
        <ele>558.1</ele>
        <time>2025-02-15T19:11:05.000Z</time>
        <sat>6</sat>
      </trkpt>
      <trkpt lat="32.748475" lon="-16.814148">
        <ele>558.1</ele>
        <time>2025-02-15T19:11:09.000Z</time>
        <sat>5</sat>
      </trkpt>
      <trkpt lat="32.748577" lon="-16.814130">
        <ele>557.9</ele>
        <time>2025-02-15T19:11:13.000Z</time>
        <sat>7</sat>
      </trkpt>
      <trkpt lat="32.748663" lon="-16.814060">
        <ele>557.8</ele>
        <time>2025-02-15T19:11:17.000Z</time>
        <sat>7</sat>
      </trkpt>
      <trkpt lat="32.748705" lon="-16.813933">
        <ele>557.5</ele>
        <time>2025-02-15T19:11:20.000Z</time>
        <sat>7</sat>
      </trkpt>
      <trkpt lat="32.748738" lon="-16.813783">
        <ele>557.4</ele>
        <time>2025-02-15T19:11:23.000Z</time>
        <sat>7</sat>
      </trkpt>
      <trkpt lat="32.748773" lon="-16.813653">
        <ele>557.4</ele>
        <time>2025-02-15T19:11:27.000Z</time>
        <sat>8</sat>
      </trkpt>
      <trkpt lat="32.748812" lon="-16.813557">
        <ele>557.3</ele>
        <time>2025-02-15T19:11:31.000Z</time>
        <sat>8</sat>
      </trkpt>
      <trkpt lat="32.748842" lon="-16.813437">
        <ele>557.2</ele>
        <time>2025-02-15T19:11:35.000Z</time>
        <sat>8</sat>
      </trkpt>
      <trkpt lat="32.748872" lon="-16.813327">
        <ele>557.2</ele>
        <time>2025-02-15T19:11:39.000Z</time>
        <sat>8</sat>
      </trkpt>
      <trkpt lat="32.748888" lon="-16.813220">
        <ele>557.1</ele>
        <time>2025-02-15T19:11:42.000Z</time>
        <sat>8</sat>
      </trkpt>
      <trkpt lat="32.748888" lon="-16.813087">
        <ele>556.9</ele>
        <time>2025-02-15T19:11:46.000Z</time>
        <sat>8</sat>
      </trkpt>
      <trkpt lat="32.748892" lon="-16.812958">
        <ele>556.8</ele>
        <time>2025-02-15T19:11:50.000Z</time>
        <sat>8</sat>
      </trkpt>
      <trkpt lat="32.748900" lon="-16.812827">
        <ele>556.7</ele>
        <time>2025-02-15T19:11:54.000Z</time>
        <sat>8</sat>
      </trkpt>
      <trkpt lat="32.748905" lon="-16.812715">
        <ele>556.6</ele>
        <time>2025-02-15T19:11:58.000Z</time>
        <sat>8</sat>
      </trkpt>
      <trkpt lat="32.748945" lon="-16.812580">
        <ele>556.5</ele>
        <time>2025-02-15T19:12:02.000Z</time>
        <sat>8</sat>
      </trkpt>
      <trkpt lat="32.748975" lon="-16.812478">
        <ele>556.4</ele>
        <time>2025-02-15T19:12:05.000Z</time>
        <sat>8</sat>
      </trkpt>
      <trkpt lat="32.749010" lon="-16.812353">
        <ele>556.3</ele>
        <time>2025-02-15T19:12:09.000Z</time>
        <sat>8</sat>
      </trkpt>
      <trkpt lat="32.749047" lon="-16.812247">
        <ele>556.3</ele>
        <time>2025-02-15T19:12:12.000Z</time>
        <sat>8</sat>
      </trkpt>
      <trkpt lat="32.749065" lon="-16.812117">
        <ele>556.3</ele>
        <time>2025-02-15T19:12:16.000Z</time>
        <sat>8</sat>
      </trkpt>
      <trkpt lat="32.749105" lon="-16.812010">
        <ele>556.2</ele>
        <time>2025-02-15T19:12:20.000Z</time>
        <sat>8</sat>
      </trkpt>
      <trkpt lat="32.749147" lon="-16.811887">
        <ele>556.2</ele>
        <time>2025-02-15T19:12:24.000Z</time>
        <sat>8</sat>
      </trkpt>
      <trkpt lat="32.749193" lon="-16.811777">
        <ele>556.2</ele>
        <time>2025-02-15T19:12:28.000Z</time>
        <sat>8</sat>
      </trkpt>
      <trkpt lat="32.749220" lon="-16.811668">
        <ele>556.3</ele>
        <time>2025-02-15T19:12:33.000Z</time>
        <sat>7</sat>
      </trkpt>
      <trkpt lat="32.749285" lon="-16.811573">
        <ele>556.4</ele>
        <time>2025-02-15T19:12:41.000Z</time>
        <sat>7</sat>
      </trkpt>
      <trkpt lat="32.749328" lon="-16.811473">
        <ele>556.2</ele>
        <time>2025-02-15T19:12:48.000Z</time>
        <sat>7</sat>
      </trkpt>
      <trkpt lat="32.749348" lon="-16.811412">
        <ele>556.1</ele>
        <time>2025-02-15T19:12:57.000Z</time>
        <sat>8</sat>
      </trkpt>
      <trkpt lat="32.749347" lon="-16.811408">
        <ele>556.2</ele>
        <time>2025-02-15T19:12:58.000Z</time>
        <sat>8</sat>
      </trkpt>
      <trkpt lat="32.749347" lon="-16.811408">
        <ele>556.2</ele>
        <time>2025-02-15T19:12:59.000Z</time>
        <sat>8</sat>
      </trkpt>
      <trkpt lat="32.749350" lon="-16.811408">
        <ele>556.2</ele>
        <time>2025-02-15T19:13:00.000Z</time>
        <sat>8</sat>
      </trkpt>
      <trkpt lat="32.749350" lon="-16.811408">
        <ele>556.2</ele>
        <time>2025-02-15T19:13:01.000Z</time>
        <sat>7</sat>
      </trkpt>
      <trkpt lat="32.749352" lon="-16.811407">
        <ele>556.2</ele>
        <time>2025-02-15T19:13:03.000Z</time>
        <sat>8</sat>
      </trkpt>
      <trkpt lat="32.749360" lon="-16.811383">
        <ele>558.8</ele>
        <time>2025-02-15T19:13:21.000Z</time>
        <sat>8</sat>
      </trkpt>
      <trkpt lat="32.749363" lon="-16.811380">
        <ele>558.8</ele>
        <time>2025-02-15T19:13:22.000Z</time>
        <sat>8</sat>
      </trkpt>
      <trkpt lat="32.749367" lon="-16.811267">
        <ele>557.6</ele>
        <time>2025-02-15T19:13:36.000Z</time>
        <sat>7</sat>
      </trkpt>
      <trkpt lat="32.749363" lon="-16.811153">
        <ele>556.7</ele>
        <time>2025-02-15T19:13:47.000Z</time>
        <sat>6</sat>
      </trkpt>
      <trkpt lat="32.749375" lon="-16.811038">
        <ele>556.6</ele>
        <time>2025-02-15T19:13:53.000Z</time>
        <sat>7</sat>
      </trkpt>
      <trkpt lat="32.749395" lon="-16.810917">
        <ele>556.5</ele>
        <time>2025-02-15T19:13:57.000Z</time>
        <sat>7</sat>
      </trkpt>
      <trkpt lat="32.749412" lon="-16.810808">
        <ele>556.3</ele>
        <time>2025-02-15T19:14:02.000Z</time>
        <sat>7</sat>
      </trkpt>
      <trkpt lat="32.749447" lon="-16.810702">
        <ele>556.1</ele>
        <time>2025-02-15T19:14:09.000Z</time>
        <sat>7</sat>
      </trkpt>
      <trkpt lat="32.749462" lon="-16.810587">
        <ele>556.1</ele>
        <time>2025-02-15T19:14:21.000Z</time>
        <sat>6</sat>
      </trkpt>
      <trkpt lat="32.749498" lon="-16.810482">
        <ele>556.0</ele>
        <time>2025-02-15T19:14:27.000Z</time>
        <sat>7</sat>
      </trkpt>
      <trkpt lat="32.749562" lon="-16.810395">
        <ele>556.0</ele>
        <time>2025-02-15T19:14:35.000Z</time>
        <sat>7</sat>
      </trkpt>
      <trkpt lat="32.749628" lon="-16.810307">
        <ele>556.0</ele>
        <time>2025-02-15T19:14:42.000Z</time>
        <sat>7</sat>
      </trkpt>
      <trkpt lat="32.749680" lon="-16.810205">
        <ele>555.9</ele>
        <time>2025-02-15T19:14:49.000Z</time>
        <sat>8</sat>
      </trkpt>
      <trkpt lat="32.749765" lon="-16.810135">
        <ele>555.9</ele>
        <time>2025-02-15T19:14:55.000Z</time>
        <sat>8</sat>
      </trkpt>
      <trkpt lat="32.749850" lon="-16.810060">
        <ele>555.9</ele>
        <time>2025-02-15T19:15:00.000Z</time>
        <sat>8</sat>
      </trkpt>
      <trkpt lat="32.749925" lon="-16.810000">
        <ele>555.9</ele>
        <time>2025-02-15T19:15:04.000Z</time>
        <sat>7</sat>
      </trkpt>
      <trkpt lat="32.750003" lon="-16.809932">
        <ele>555.8</ele>
        <time>2025-02-15T19:15:09.000Z</time>
        <sat>8</sat>
      </trkpt>
      <trkpt lat="32.750073" lon="-16.809870">
        <ele>555.8</ele>
        <time>2025-02-15T19:15:25.000Z</time>
        <sat>8</sat>
      </trkpt>
      <trkpt lat="32.750073" lon="-16.809868">
        <ele>555.7</ele>
        <time>2025-02-15T19:15:34.000Z</time>
        <sat>8</sat>
      </trkpt>
      <trkpt lat="32.750073" lon="-16.809868">
        <ele>555.7</ele>
        <time>2025-02-15T19:15:35.000Z</time>
        <sat>8</sat>
      </trkpt>
      <trkpt lat="32.750075" lon="-16.809868">
        <ele>555.7</ele>
        <time>2025-02-15T19:15:41.000Z</time>
        <sat>8</sat>
      </trkpt>
      <trkpt lat="32.750075" lon="-16.809868">
        <ele>555.7</ele>
        <time>2025-02-15T19:15:42.000Z</time>
        <sat>8</sat>
      </trkpt>
      <trkpt lat="32.750075" lon="-16.809867">
        <ele>555.7</ele>
        <time>2025-02-15T19:15:52.000Z</time>
        <sat>8</sat>
      </trkpt>
      <trkpt lat="32.750075" lon="-16.809867">
        <ele>555.7</ele>
        <time>2025-02-15T19:15:53.000Z</time>
        <sat>8</sat>
      </trkpt>
      <trkpt lat="32.750080" lon="-16.809860">
        <ele>555.6</ele>
        <time>2025-02-15T19:15:55.000Z</time>
        <sat>8</sat>
      </trkpt>
      <trkpt lat="32.750112" lon="-16.809757">
        <ele>555.4</ele>
        <time>2025-02-15T19:16:07.000Z</time>
        <sat>8</sat>
      </trkpt>
      <trkpt lat="32.750207" lon="-16.809742">
        <ele>554.4</ele>
        <time>2025-02-15T19:16:22.000Z</time>
        <sat>8</sat>
      </trkpt>
      <trkpt lat="32.750275" lon="-16.809813">
        <ele>554.5</ele>
        <time>2025-02-15T19:16:32.000Z</time>
        <sat>8</sat>
      </trkpt>
      <trkpt lat="32.750340" lon="-16.809903">
        <ele>554.5</ele>
        <time>2025-02-15T19:16:45.000Z</time>
        <sat>8</sat>
      </trkpt>
      <trkpt lat="32.750412" lon="-16.809977">
        <ele>554.7</ele>
        <time>2025-02-15T19:16:52.000Z</time>
        <sat>8</sat>
      </trkpt>
      <trkpt lat="32.750488" lon="-16.810033">
        <ele>554.7</ele>
        <time>2025-02-15T19:16:59.000Z</time>
        <sat>8</sat>
      </trkpt>
      <trkpt lat="32.750583" lon="-16.810040">
        <ele>554.8</ele>
        <time>2025-02-15T19:17:04.000Z</time>
        <sat>8</sat>
      </trkpt>
      <trkpt lat="32.750675" lon="-16.810042">
        <ele>554.9</ele>
        <time>2025-02-15T19:17:10.000Z</time>
        <sat>8</sat>
      </trkpt>
      <trkpt lat="32.750673" lon="-16.810043">
        <ele>555.0</ele>
        <time>2025-02-15T19:17:12.000Z</time>
        <sat>7</sat>
      </trkpt>
      <trkpt lat="32.750683" lon="-16.810040">
        <ele>555.0</ele>
        <time>2025-02-15T19:17:17.000Z</time>
        <sat>7</sat>
      </trkpt>
      <trkpt lat="32.750783" lon="-16.810030">
        <ele>555.2</ele>
        <time>2025-02-15T19:17:28.000Z</time>
        <sat>8</sat>
      </trkpt>
      <trkpt lat="32.750873" lon="-16.809998">
        <ele>555.2</ele>
        <time>2025-02-15T19:17:37.000Z</time>
        <sat>7</sat>
      </trkpt>
      <trkpt lat="32.750967" lon="-16.809977">
        <ele>555.1</ele>
        <time>2025-02-15T19:17:47.000Z</time>
        <sat>7</sat>
      </trkpt>
      <trkpt lat="32.751062" lon="-16.809955">
        <ele>554.8</ele>
        <time>2025-02-15T19:18:00.000Z</time>
        <sat>7</sat>
      </trkpt>
      <trkpt lat="32.751148" lon="-16.809897">
        <ele>554.7</ele>
        <time>2025-02-15T19:18:09.000Z</time>
        <sat>6</sat>
      </trkpt>
      <trkpt lat="32.751235" lon="-16.809850">
        <ele>554.5</ele>
        <time>2025-02-15T19:18:16.000Z</time>
        <sat>6</sat>
      </trkpt>
      <trkpt lat="32.751320" lon="-16.809800">
        <ele>554.4</ele>
        <time>2025-02-15T19:18:22.000Z</time>
        <sat>6</sat>
      </trkpt>
      <trkpt lat="32.751398" lon="-16.809708">
        <ele>554.4</ele>
        <time>2025-02-15T19:18:27.000Z</time>
        <sat>6</sat>
      </trkpt>
      <trkpt lat="32.751483" lon="-16.809653">
        <ele>554.5</ele>
        <time>2025-02-15T19:18:33.000Z</time>
        <sat>6</sat>
      </trkpt>
      <trkpt lat="32.751557" lon="-16.809583">
        <ele>555.0</ele>
        <time>2025-02-15T19:18:40.000Z</time>
        <sat>6</sat>
      </trkpt>
      <trkpt lat="32.751602" lon="-16.809482">
        <ele>555.1</ele>
        <time>2025-02-15T19:18:50.000Z</time>
        <sat>6</sat>
      </trkpt>
      <trkpt lat="32.751602" lon="-16.809482">
        <ele>555.1</ele>
        <time>2025-02-15T19:18:51.000Z</time>
        <sat>6</sat>
      </trkpt>
      <trkpt lat="32.751607" lon="-16.809478">
        <ele>555.1</ele>
        <time>2025-02-15T19:18:53.000Z</time>
        <sat>6</sat>
      </trkpt>
      <trkpt lat="32.751648" lon="-16.809372">
        <ele>554.9</ele>
        <time>2025-02-15T19:19:02.000Z</time>
        <sat>6</sat>
      </trkpt>
      <trkpt lat="32.751705" lon="-16.809285">
        <ele>554.9</ele>
        <time>2025-02-15T19:19:08.000Z</time>
        <sat>6</sat>
      </trkpt>
      <trkpt lat="32.751758" lon="-16.809170">
        <ele>554.8</ele>
        <time>2025-02-15T19:19:13.000Z</time>
        <sat>6</sat>
      </trkpt>
      <trkpt lat="32.751787" lon="-16.809065">
        <ele>554.7</ele>
        <time>2025-02-15T19:19:17.000Z</time>
        <sat>6</sat>
      </trkpt>
      <trkpt lat="32.751825" lon="-16.808955">
        <ele>554.6</ele>
        <time>2025-02-15T19:19:21.000Z</time>
        <sat>6</sat>
      </trkpt>
      <trkpt lat="32.751855" lon="-16.808828">
        <ele>554.6</ele>
        <time>2025-02-15T19:19:25.000Z</time>
        <sat>6</sat>
      </trkpt>
      <trkpt lat="32.751908" lon="-16.808738">
        <ele>554.5</ele>
        <time>2025-02-15T19:19:29.000Z</time>
        <sat>6</sat>
      </trkpt>
      <trkpt lat="32.751983" lon="-16.808678">
        <ele>554.5</ele>
        <time>2025-02-15T19:19:33.000Z</time>
        <sat>6</sat>
      </trkpt>
      <trkpt lat="32.752072" lon="-16.808618">
        <ele>554.4</ele>
        <time>2025-02-15T19:19:39.000Z</time>
        <sat>7</sat>
      </trkpt>
      <trkpt lat="32.752150" lon="-16.808542">
        <ele>554.2</ele>
        <time>2025-02-15T19:19:44.000Z</time>
        <sat>7</sat>
      </trkpt>
      <trkpt lat="32.752242" lon="-16.808458">
        <ele>553.9</ele>
        <time>2025-02-15T19:19:49.000Z</time>
        <sat>6</sat>
      </trkpt>
      <trkpt lat="32.752335" lon="-16.808385">
        <ele>553.7</ele>
        <time>2025-02-15T19:19:53.000Z</time>
        <sat>6</sat>
      </trkpt>
      <trkpt lat="32.752422" lon="-16.808313">
        <ele>553.5</ele>
        <time>2025-02-15T19:19:57.000Z</time>
        <sat>6</sat>
      </trkpt>
      <trkpt lat="32.752502" lon="-16.808252">
        <ele>553.3</ele>
        <time>2025-02-15T19:20:01.000Z</time>
        <sat>6</sat>
      </trkpt>
      <trkpt lat="32.752545" lon="-16.808147">
        <ele>553.0</ele>
        <time>2025-02-15T19:20:08.000Z</time>
        <sat>6</sat>
      </trkpt>
      <trkpt lat="32.752560" lon="-16.808035">
        <ele>553.0</ele>
        <time>2025-02-15T19:20:13.000Z</time>
        <sat>6</sat>
      </trkpt>
      <trkpt lat="32.752588" lon="-16.807932">
        <ele>553.0</ele>
        <time>2025-02-15T19:20:17.000Z</time>
        <sat>6</sat>
      </trkpt>
      <trkpt lat="32.752620" lon="-16.807818">
        <ele>553.0</ele>
        <time>2025-02-15T19:20:21.000Z</time>
        <sat>6</sat>
      </trkpt>
      <trkpt lat="32.752648" lon="-16.807708">
        <ele>552.9</ele>
        <time>2025-02-15T19:20:25.000Z</time>
        <sat>6</sat>
      </trkpt>
      <trkpt lat="32.752685" lon="-16.807605">
        <ele>552.7</ele>
        <time>2025-02-15T19:20:29.000Z</time>
        <sat>6</sat>
      </trkpt>
      <trkpt lat="32.752742" lon="-16.807498">
        <ele>552.5</ele>
        <time>2025-02-15T19:20:33.000Z</time>
        <sat>6</sat>
      </trkpt>
      <trkpt lat="32.752787" lon="-16.807382">
        <ele>552.3</ele>
        <time>2025-02-15T19:20:38.000Z</time>
        <sat>6</sat>
      </trkpt>
      <trkpt lat="32.752820" lon="-16.807277">
        <ele>552.3</ele>
        <time>2025-02-15T19:20:45.000Z</time>
        <sat>5</sat>
      </trkpt>
      <trkpt lat="32.752847" lon="-16.807173">
        <ele>552.9</ele>
        <time>2025-02-15T19:20:56.000Z</time>
        <sat>5</sat>
      </trkpt>
      <trkpt lat="32.752858" lon="-16.807063">
        <ele>553.8</ele>
        <time>2025-02-15T19:21:04.000Z</time>
        <sat>5</sat>
      </trkpt>
      <trkpt lat="32.752853" lon="-16.806947">
        <ele>554.1</ele>
        <time>2025-02-15T19:21:11.000Z</time>
        <sat>5</sat>
      </trkpt>
      <trkpt lat="32.752802" lon="-16.806838">
        <ele>554.0</ele>
        <time>2025-02-15T19:21:18.000Z</time>
        <sat>5</sat>
      </trkpt>
      <trkpt lat="32.752807" lon="-16.806720">
        <ele>553.9</ele>
        <time>2025-02-15T19:21:22.000Z</time>
        <sat>5</sat>
      </trkpt>
      <trkpt lat="32.752837" lon="-16.806608">
        <ele>553.7</ele>
        <time>2025-02-15T19:21:26.000Z</time>
        <sat>6</sat>
      </trkpt>
      <trkpt lat="32.752883" lon="-16.806487">
        <ele>553.4</ele>
        <time>2025-02-15T19:21:31.000Z</time>
        <sat>6</sat>
      </trkpt>
      <trkpt lat="32.752937" lon="-16.806393">
        <ele>553.1</ele>
        <time>2025-02-15T19:21:36.000Z</time>
        <sat>6</sat>
      </trkpt>
      <trkpt lat="32.752998" lon="-16.806300">
        <ele>552.9</ele>
        <time>2025-02-15T19:21:42.000Z</time>
        <sat>6</sat>
      </trkpt>
      <trkpt lat="32.753032" lon="-16.806187">
        <ele>552.6</ele>
        <time>2025-02-15T19:21:49.000Z</time>
        <sat>6</sat>
      </trkpt>
      <trkpt lat="32.753018" lon="-16.806073">
        <ele>552.6</ele>
        <time>2025-02-15T19:21:56.000Z</time>
        <sat>6</sat>
      </trkpt>
      <trkpt lat="32.752967" lon="-16.805972">
        <ele>552.3</ele>
        <time>2025-02-15T19:22:04.000Z</time>
        <sat>6</sat>
      </trkpt>
      <trkpt lat="32.752948" lon="-16.805855">
        <ele>551.7</ele>
        <time>2025-02-15T19:22:10.000Z</time>
        <sat>6</sat>
      </trkpt>
      <trkpt lat="32.752900" lon="-16.805745">
        <ele>550.5</ele>
        <time>2025-02-15T19:22:16.000Z</time>
        <sat>6</sat>
      </trkpt>
      <trkpt lat="32.752895" lon="-16.805632">
        <ele>548.8</ele>
        <time>2025-02-15T19:22:23.000Z</time>
        <sat>7</sat>
      </trkpt>
      <trkpt lat="32.752978" lon="-16.805563">
        <ele>546.6</ele>
        <time>2025-02-15T19:22:35.000Z</time>
        <sat>7</sat>
      </trkpt>
      <trkpt lat="32.753068" lon="-16.805542">
        <ele>545.9</ele>
        <time>2025-02-15T19:22:42.000Z</time>
        <sat>7</sat>
      </trkpt>
      <trkpt lat="32.753143" lon="-16.805478">
        <ele>545.7</ele>
        <time>2025-02-15T19:22:50.000Z</time>
        <sat>7</sat>
      </trkpt>
      <trkpt lat="32.753235" lon="-16.805442">
        <ele>545.8</ele>
        <time>2025-02-15T19:22:56.000Z</time>
        <sat>7</sat>
      </trkpt>
      <trkpt lat="32.753325" lon="-16.805405">
        <ele>546.6</ele>
        <time>2025-02-15T19:23:04.000Z</time>
        <sat>7</sat>
      </trkpt>
      <trkpt lat="32.753418" lon="-16.805362">
        <ele>548.1</ele>
        <time>2025-02-15T19:23:14.000Z</time>
        <sat>7</sat>
      </trkpt>
      <trkpt lat="32.753500" lon="-16.805307">
        <ele>548.5</ele>
        <time>2025-02-15T19:23:21.000Z</time>
        <sat>6</sat>
      </trkpt>
      <trkpt lat="32.753565" lon="-16.805218">
        <ele>548.9</ele>
        <time>2025-02-15T19:23:28.000Z</time>
        <sat>6</sat>
      </trkpt>
      <trkpt lat="32.753645" lon="-16.805150">
        <ele>550.2</ele>
        <time>2025-02-15T19:23:37.000Z</time>
        <sat>7</sat>
      </trkpt>
      <trkpt lat="32.753730" lon="-16.805090">
        <ele>550.6</ele>
        <time>2025-02-15T19:23:45.000Z</time>
        <sat>7</sat>
      </trkpt>
      <trkpt lat="32.753808" lon="-16.805035">
        <ele>550.7</ele>
        <time>2025-02-15T19:23:56.000Z</time>
        <sat>7</sat>
      </trkpt>
      <trkpt lat="32.753903" lon="-16.805030">
        <ele>550.7</ele>
        <time>2025-02-15T19:24:06.000Z</time>
        <sat>7</sat>
      </trkpt>
      <trkpt lat="32.753993" lon="-16.805028">
        <ele>550.8</ele>
        <time>2025-02-15T19:24:15.000Z</time>
        <sat>7</sat>
      </trkpt>
      <trkpt lat="32.754082" lon="-16.805008">
        <ele>550.9</ele>
        <time>2025-02-15T19:24:20.000Z</time>
        <sat>7</sat>
      </trkpt>
      <trkpt lat="32.754177" lon="-16.804978">
        <ele>551.1</ele>
        <time>2025-02-15T19:24:26.000Z</time>
        <sat>7</sat>
      </trkpt>
      <trkpt lat="32.754268" lon="-16.804970">
        <ele>551.3</ele>
        <time>2025-02-15T19:24:31.000Z</time>
        <sat>7</sat>
      </trkpt>
      <trkpt lat="32.754367" lon="-16.804993">
        <ele>551.5</ele>
        <time>2025-02-15T19:24:37.000Z</time>
        <sat>7</sat>
      </trkpt>
      <trkpt lat="32.754460" lon="-16.805023">
        <ele>551.6</ele>
        <time>2025-02-15T19:24:42.000Z</time>
        <sat>6</sat>
      </trkpt>
      <trkpt lat="32.754555" lon="-16.805030">
        <ele>551.6</ele>
        <time>2025-02-15T19:24:47.000Z</time>
        <sat>6</sat>
      </trkpt>
      <trkpt lat="32.754655" lon="-16.805040">
        <ele>551.8</ele>
        <time>2025-02-15T19:24:53.000Z</time>
        <sat>6</sat>
      </trkpt>
      <trkpt lat="32.754758" lon="-16.805030">
        <ele>552.0</ele>
        <time>2025-02-15T19:24:57.000Z</time>
        <sat>6</sat>
      </trkpt>
      <trkpt lat="32.754867" lon="-16.804998">
        <ele>552.2</ele>
        <time>2025-02-15T19:25:02.000Z</time>
        <sat>6</sat>
      </trkpt>
      <trkpt lat="32.754958" lon="-16.804948">
        <ele>552.1</ele>
        <time>2025-02-15T19:25:05.000Z</time>
        <sat>6</sat>
      </trkpt>
      <trkpt lat="32.755053" lon="-16.804917">
        <ele>552.2</ele>
        <time>2025-02-15T19:25:08.000Z</time>
        <sat>6</sat>
      </trkpt>
      <trkpt lat="32.755148" lon="-16.804897">
        <ele>552.3</ele>
        <time>2025-02-15T19:25:12.000Z</time>
        <sat>6</sat>
      </trkpt>
      <trkpt lat="32.755257" lon="-16.804860">
        <ele>552.4</ele>
        <time>2025-02-15T19:25:16.000Z</time>
        <sat>6</sat>
      </trkpt>
      <trkpt lat="32.755323" lon="-16.804770">
        <ele>552.6</ele>
        <time>2025-02-15T19:25:23.000Z</time>
        <sat>6</sat>
      </trkpt>
      <trkpt lat="32.755382" lon="-16.804685">
        <ele>552.7</ele>
        <time>2025-02-15T19:25:29.000Z</time>
        <sat>6</sat>
      </trkpt>
      <trkpt lat="32.755423" lon="-16.804580">
        <ele>552.7</ele>
        <time>2025-02-15T19:25:36.000Z</time>
        <sat>6</sat>
      </trkpt>
      <trkpt lat="32.755478" lon="-16.804478">
        <ele>552.6</ele>
        <time>2025-02-15T19:25:44.000Z</time>
        <sat>6</sat>
      </trkpt>
      <trkpt lat="32.755538" lon="-16.804398">
        <ele>552.4</ele>
        <time>2025-02-15T19:25:52.000Z</time>
        <sat>6</sat>
      </trkpt>
      <trkpt lat="32.755565" lon="-16.804290">
        <ele>552.1</ele>
        <time>2025-02-15T19:25:58.000Z</time>
        <sat>5</sat>
      </trkpt>
      <trkpt lat="32.755532" lon="-16.804183">
        <ele>551.9</ele>
        <time>2025-02-15T19:26:06.000Z</time>
        <sat>5</sat>
      </trkpt>
      <trkpt lat="32.755510" lon="-16.804062">
        <ele>551.9</ele>
        <time>2025-02-15T19:26:13.000Z</time>
        <sat>5</sat>
      </trkpt>
      <trkpt lat="32.755452" lon="-16.803975">
        <ele>551.9</ele>
        <time>2025-02-15T19:26:19.000Z</time>
        <sat>5</sat>
      </trkpt>
      <trkpt lat="32.755432" lon="-16.803870">
        <ele>552.0</ele>
        <time>2025-02-15T19:26:24.000Z</time>
        <sat>5</sat>
      </trkpt>
      <trkpt lat="32.755435" lon="-16.803753">
        <ele>552.0</ele>
        <time>2025-02-15T19:26:27.000Z</time>
        <sat>5</sat>
      </trkpt>
      <trkpt lat="32.755453" lon="-16.803645">
        <ele>552.0</ele>
        <time>2025-02-15T19:26:30.000Z</time>
        <sat>5</sat>
      </trkpt>
      <trkpt lat="32.755487" lon="-16.803522">
        <ele>552.0</ele>
        <time>2025-02-15T19:26:34.000Z</time>
        <sat>5</sat>
      </trkpt>
      <trkpt lat="32.755533" lon="-16.803405">
        <ele>552.1</ele>
        <time>2025-02-15T19:26:38.000Z</time>
        <sat>5</sat>
      </trkpt>
      <trkpt lat="32.755583" lon="-16.803307">
        <ele>552.1</ele>
        <time>2025-02-15T19:26:42.000Z</time>
        <sat>5</sat>
      </trkpt>
      <trkpt lat="32.755658" lon="-16.803223">
        <ele>552.2</ele>
        <time>2025-02-15T19:26:48.000Z</time>
        <sat>5</sat>
      </trkpt>
      <trkpt lat="32.755735" lon="-16.803148">
        <ele>552.3</ele>
        <time>2025-02-15T19:26:53.000Z</time>
        <sat>5</sat>
      </trkpt>
      <trkpt lat="32.755800" lon="-16.803058">
        <ele>552.4</ele>
        <time>2025-02-15T19:26:58.000Z</time>
        <sat>5</sat>
      </trkpt>
      <trkpt lat="32.755872" lon="-16.802972">
        <ele>552.4</ele>
        <time>2025-02-15T19:27:05.000Z</time>
        <sat>5</sat>
      </trkpt>
      <trkpt lat="32.755943" lon="-16.802887">
        <ele>552.3</ele>
        <time>2025-02-15T19:27:13.000Z</time>
        <sat>5</sat>
      </trkpt>
      <trkpt lat="32.755988" lon="-16.802788">
        <ele>552.2</ele>
        <time>2025-02-15T19:27:20.000Z</time>
        <sat>5</sat>
      </trkpt>
      <trkpt lat="32.756005" lon="-16.802677">
        <ele>551.9</ele>
        <time>2025-02-15T19:27:29.000Z</time>
        <sat>5</sat>
      </trkpt>
      <trkpt lat="32.755948" lon="-16.802593">
        <ele>551.9</ele>
        <time>2025-02-15T19:27:37.000Z</time>
        <sat>5</sat>
      </trkpt>
      <trkpt lat="32.755875" lon="-16.802517">
        <ele>551.9</ele>
        <time>2025-02-15T19:27:45.000Z</time>
        <sat>5</sat>
      </trkpt>
      <trkpt lat="32.755827" lon="-16.802407">
        <ele>551.9</ele>
        <time>2025-02-15T19:27:51.000Z</time>
        <sat>6</sat>
      </trkpt>
      <trkpt lat="32.755823" lon="-16.802283">
        <ele>551.8</ele>
        <time>2025-02-15T19:27:57.000Z</time>
        <sat>6</sat>
      </trkpt>
      <trkpt lat="32.755833" lon="-16.802173">
        <ele>551.8</ele>
        <time>2025-02-15T19:28:06.000Z</time>
        <sat>6</sat>
      </trkpt>
      <trkpt lat="32.755850" lon="-16.802062">
        <ele>552.0</ele>
        <time>2025-02-15T19:28:18.000Z</time>
        <sat>5</sat>
      </trkpt>
      <trkpt lat="32.755765" lon="-16.802025">
        <ele>552.1</ele>
        <time>2025-02-15T19:28:28.000Z</time>
        <sat>5</sat>
      </trkpt>
      <trkpt lat="32.755673" lon="-16.801988">
        <ele>552.0</ele>
        <time>2025-02-15T19:28:34.000Z</time>
        <sat>5</sat>
      </trkpt>
      <trkpt lat="32.755583" lon="-16.802008">
        <ele>551.9</ele>
        <time>2025-02-15T19:28:38.000Z</time>
        <sat>5</sat>
      </trkpt>
      <trkpt lat="32.755490" lon="-16.801988">
        <ele>551.9</ele>
        <time>2025-02-15T19:28:45.000Z</time>
        <sat>5</sat>
      </trkpt>
      <trkpt lat="32.755400" lon="-16.801948">
        <ele>551.8</ele>
        <time>2025-02-15T19:28:52.000Z</time>
        <sat>5</sat>
      </trkpt>
      <trkpt lat="32.755310" lon="-16.801925">
        <ele>551.7</ele>
        <time>2025-02-15T19:29:01.000Z</time>
        <sat>5</sat>
      </trkpt>
      <trkpt lat="32.755220" lon="-16.801942">
        <ele>551.6</ele>
        <time>2025-02-15T19:29:05.000Z</time>
        <sat>5</sat>
      </trkpt>
      <trkpt lat="32.755127" lon="-16.801985">
        <ele>551.5</ele>
        <time>2025-02-15T19:29:08.000Z</time>
        <sat>5</sat>
      </trkpt>
      <trkpt lat="32.755038" lon="-16.802022">
        <ele>551.5</ele>
        <time>2025-02-15T19:29:11.000Z</time>
        <sat>5</sat>
      </trkpt>
      <trkpt lat="32.754943" lon="-16.802052">
        <ele>551.5</ele>
        <time>2025-02-15T19:29:15.000Z</time>
        <sat>5</sat>
      </trkpt>
      <trkpt lat="32.754847" lon="-16.802083">
        <ele>551.4</ele>
        <time>2025-02-15T19:29:20.000Z</time>
        <sat>5</sat>
      </trkpt>
      <trkpt lat="32.754745" lon="-16.802130">
        <ele>551.4</ele>
        <time>2025-02-15T19:29:24.000Z</time>
        <sat>5</sat>
      </trkpt>
      <trkpt lat="32.754648" lon="-16.802180">
        <ele>551.3</ele>
        <time>2025-02-15T19:29:27.000Z</time>
        <sat>5</sat>
      </trkpt>
      <trkpt lat="32.754562" lon="-16.802217">
        <ele>551.3</ele>
        <time>2025-02-15T19:29:30.000Z</time>
        <sat>5</sat>
      </trkpt>
      <trkpt lat="32.754468" lon="-16.802223">
        <ele>551.3</ele>
        <time>2025-02-15T19:29:34.000Z</time>
        <sat>5</sat>
      </trkpt>
      <trkpt lat="32.754380" lon="-16.802192">
        <ele>551.3</ele>
        <time>2025-02-15T19:29:38.000Z</time>
        <sat>5</sat>
      </trkpt>
      <trkpt lat="32.754287" lon="-16.802135">
        <ele>551.2</ele>
        <time>2025-02-15T19:29:42.000Z</time>
        <sat>5</sat>
      </trkpt>
      <trkpt lat="32.754177" lon="-16.802107">
        <ele>551.1</ele>
        <time>2025-02-15T19:29:46.000Z</time>
        <sat>6</sat>
      </trkpt>
      <trkpt lat="32.754095" lon="-16.802038">
        <ele>551.1</ele>
        <time>2025-02-15T19:29:50.000Z</time>
        <sat>6</sat>
      </trkpt>
      <trkpt lat="32.754040" lon="-16.801935">
        <ele>551.1</ele>
        <time>2025-02-15T19:29:56.000Z</time>
        <sat>7</sat>
      </trkpt>
      <trkpt lat="32.754037" lon="-16.801823">
        <ele>551.0</ele>
        <time>2025-02-15T19:30:01.000Z</time>
        <sat>7</sat>
      </trkpt>
      <trkpt lat="32.754088" lon="-16.801718">
        <ele>550.9</ele>
        <time>2025-02-15T19:30:05.000Z</time>
        <sat>6</sat>
      </trkpt>
      <trkpt lat="32.754150" lon="-16.801622">
        <ele>550.8</ele>
        <time>2025-02-15T19:30:09.000Z</time>
        <sat>6</sat>
      </trkpt>
      <trkpt lat="32.754197" lon="-16.801520">
        <ele>550.5</ele>
        <time>2025-02-15T19:30:15.000Z</time>
        <sat>6</sat>
      </trkpt>
      <trkpt lat="32.754240" lon="-16.801420">
        <ele>550.1</ele>
        <time>2025-02-15T19:30:20.000Z</time>
        <sat>6</sat>
      </trkpt>
      <trkpt lat="32.754303" lon="-16.801333">
        <ele>549.8</ele>
        <time>2025-02-15T19:30:26.000Z</time>
        <sat>6</sat>
      </trkpt>
      <trkpt lat="32.754380" lon="-16.801260">
        <ele>549.5</ele>
        <time>2025-02-15T19:30:32.000Z</time>
        <sat>6</sat>
      </trkpt>
      <trkpt lat="32.754448" lon="-16.801182">
        <ele>549.5</ele>
        <time>2025-02-15T19:30:40.000Z</time>
        <sat>6</sat>
      </trkpt>
      <trkpt lat="32.754530" lon="-16.801115">
        <ele>549.5</ele>
        <time>2025-02-15T19:30:46.000Z</time>
        <sat>6</sat>
      </trkpt>
      <trkpt lat="32.754603" lon="-16.801047">
        <ele>549.2</ele>
        <time>2025-02-15T19:30:55.000Z</time>
        <sat>6</sat>
      </trkpt>
      <trkpt lat="32.754680" lon="-16.800977">
        <ele>549.1</ele>
        <time>2025-02-15T19:31:05.000Z</time>
        <sat>5</sat>
      </trkpt>
      <trkpt lat="32.754595" lon="-16.800928">
        <ele>549.2</ele>
        <time>2025-02-15T19:31:23.000Z</time>
        <sat>6</sat>
      </trkpt>
      <trkpt lat="32.754565" lon="-16.800823">
        <ele>549.4</ele>
        <time>2025-02-15T19:31:32.000Z</time>
        <sat>6</sat>
      </trkpt>
      <trkpt lat="32.754498" lon="-16.800747">
        <ele>549.5</ele>
        <time>2025-02-15T19:31:40.000Z</time>
        <sat>6</sat>
      </trkpt>
      <trkpt lat="32.754428" lon="-16.800670">
        <ele>549.6</ele>
        <time>2025-02-15T19:31:45.000Z</time>
        <sat>6</sat>
      </trkpt>
      <trkpt lat="32.754342" lon="-16.800615">
        <ele>549.6</ele>
        <time>2025-02-15T19:31:49.000Z</time>
        <sat>6</sat>
      </trkpt>
      <trkpt lat="32.754287" lon="-16.800510">
        <ele>549.6</ele>
        <time>2025-02-15T19:31:53.000Z</time>
        <sat>6</sat>
      </trkpt>
      <trkpt lat="32.754242" lon="-16.800413">
        <ele>549.6</ele>
        <time>2025-02-15T19:31:57.000Z</time>
        <sat>6</sat>
      </trkpt>
      <trkpt lat="32.754242" lon="-16.800302">
        <ele>549.7</ele>
        <time>2025-02-15T19:32:02.000Z</time>
        <sat>7</sat>
      </trkpt>
      <trkpt lat="32.754300" lon="-16.800192">
        <ele>549.7</ele>
        <time>2025-02-15T19:32:06.000Z</time>
        <sat>7</sat>
      </trkpt>
      <trkpt lat="32.754363" lon="-16.800098">
        <ele>549.8</ele>
        <time>2025-02-15T19:32:13.000Z</time>
        <sat>6</sat>
      </trkpt>
      <trkpt lat="32.754442" lon="-16.800040">
        <ele>549.8</ele>
        <time>2025-02-15T19:32:20.000Z</time>
        <sat>6</sat>
      </trkpt>
      <trkpt lat="32.754537" lon="-16.799995">
        <ele>549.7</ele>
        <time>2025-02-15T19:32:24.000Z</time>
        <sat>6</sat>
      </trkpt>
      <trkpt lat="32.754622" lon="-16.799960">
        <ele>549.8</ele>
        <time>2025-02-15T19:32:28.000Z</time>
        <sat>6</sat>
      </trkpt>
      <trkpt lat="32.754717" lon="-16.799948">
        <ele>549.8</ele>
        <time>2025-02-15T19:32:32.000Z</time>
        <sat>6</sat>
      </trkpt>
      <trkpt lat="32.754808" lon="-16.799902">
        <ele>549.9</ele>
        <time>2025-02-15T19:32:36.000Z</time>
        <sat>6</sat>
      </trkpt>
      <trkpt lat="32.754898" lon="-16.799885">
        <ele>549.9</ele>
        <time>2025-02-15T19:32:41.000Z</time>
        <sat>6</sat>
      </trkpt>
      <trkpt lat="32.754988" lon="-16.799838">
        <ele>550.0</ele>
        <time>2025-02-15T19:32:48.000Z</time>
        <sat>6</sat>
      </trkpt>
      <trkpt lat="32.755088" lon="-16.799842">
        <ele>550.3</ele>
        <time>2025-02-15T19:32:55.000Z</time>
        <sat>6</sat>
      </trkpt>
      <trkpt lat="32.755188" lon="-16.799868">
        <ele>551.9</ele>
        <time>2025-02-15T19:33:02.000Z</time>
        <sat>6</sat>
      </trkpt>
      <trkpt lat="32.755280" lon="-16.799833">
        <ele>553.3</ele>
        <time>2025-02-15T19:33:07.000Z</time>
        <sat>6</sat>
      </trkpt>
      <trkpt lat="32.755353" lon="-16.799733">
        <ele>553.5</ele>
        <time>2025-02-15T19:33:12.000Z</time>
        <sat>6</sat>
      </trkpt>
      <trkpt lat="32.755378" lon="-16.799620">
        <ele>553.5</ele>
        <time>2025-02-15T19:33:17.000Z</time>
        <sat>6</sat>
      </trkpt>
      <trkpt lat="32.755380" lon="-16.799492">
        <ele>553.3</ele>
        <time>2025-02-15T19:33:22.000Z</time>
        <sat>6</sat>
      </trkpt>
      <trkpt lat="32.755378" lon="-16.799380">
        <ele>553.0</ele>
        <time>2025-02-15T19:33:27.000Z</time>
        <sat>6</sat>
      </trkpt>
      <trkpt lat="32.755375" lon="-16.799250">
        <ele>552.5</ele>
        <time>2025-02-15T19:33:32.000Z</time>
        <sat>5</sat>
      </trkpt>
      <trkpt lat="32.755420" lon="-16.799147">
        <ele>552.0</ele>
        <time>2025-02-15T19:33:36.000Z</time>
        <sat>5</sat>
      </trkpt>
      <trkpt lat="32.755503" lon="-16.799065">
        <ele>551.0</ele>
        <time>2025-02-15T19:33:41.000Z</time>
        <sat>5</sat>
      </trkpt>
      <trkpt lat="32.755572" lon="-16.798967">
        <ele>549.7</ele>
        <time>2025-02-15T19:33:46.000Z</time>
        <sat>5</sat>
      </trkpt>
      <trkpt lat="32.755643" lon="-16.798902">
        <ele>547.0</ele>
        <time>2025-02-15T19:33:56.000Z</time>
        <sat>5</sat>
      </trkpt>
      <trkpt lat="32.755702" lon="-16.798847">
        <ele>546.6</ele>
        <time>2025-02-15T19:34:16.000Z</time>
        <sat>6</sat>
      </trkpt>
      <trkpt lat="32.755700" lon="-16.798843">
        <ele>546.6</ele>
        <time>2025-02-15T19:34:17.000Z</time>
        <sat>6</sat>
      </trkpt>
      <trkpt lat="32.755755" lon="-16.798928">
        <ele>547.2</ele>
        <time>2025-02-15T19:34:37.000Z</time>
        <sat>5</sat>
      </trkpt>
      <trkpt lat="32.755843" lon="-16.798972">
        <ele>550.5</ele>
        <time>2025-02-15T19:34:55.000Z</time>
        <sat>6</sat>
      </trkpt>
      <trkpt lat="32.755935" lon="-16.798950">
        <ele>554.4</ele>
        <time>2025-02-15T19:35:11.000Z</time>
        <sat>6</sat>
      </trkpt>
      <trkpt lat="32.755965" lon="-16.798967">
        <ele>556.0</ele>
        <time>2025-02-15T19:35:17.000Z</time>
        <sat>7</sat>
      </trkpt>
      <trkpt lat="32.755963" lon="-16.798968">
        <ele>556.4</ele>
        <time>2025-02-15T19:35:18.000Z</time>
        <sat>7</sat>
      </trkpt>
      <trkpt lat="32.755963" lon="-16.798970">
        <ele>556.9</ele>
        <time>2025-02-15T19:35:20.000Z</time>
        <sat>7</sat>
      </trkpt>
      <trkpt lat="32.755965" lon="-16.798970">
        <ele>557.2</ele>
        <time>2025-02-15T19:35:21.000Z</time>
        <sat>7</sat>
      </trkpt>
      <trkpt lat="32.755987" lon="-16.798982">
        <ele>558.4</ele>
        <time>2025-02-15T19:35:30.000Z</time>
        <sat>7</sat>
      </trkpt>
      <trkpt lat="32.755992" lon="-16.798975">
        <ele>558.5</ele>
        <time>2025-02-15T19:35:31.000Z</time>
        <sat>7</sat>
      </trkpt>
      <trkpt lat="32.756088" lon="-16.798972">
        <ele>560.0</ele>
        <time>2025-02-15T19:35:45.000Z</time>
        <sat>7</sat>
      </trkpt>
      <trkpt lat="32.756188" lon="-16.798952">
        <ele>563.3</ele>
        <time>2025-02-15T19:36:02.000Z</time>
        <sat>7</sat>
      </trkpt>
      <trkpt lat="32.756278" lon="-16.798998">
        <ele>563.4</ele>
        <time>2025-02-15T19:36:09.000Z</time>
        <sat>7</sat>
      </trkpt>
      <trkpt lat="32.756365" lon="-16.799028">
        <ele>563.8</ele>
        <time>2025-02-15T19:36:17.000Z</time>
        <sat>7</sat>
      </trkpt>
      <trkpt lat="32.756457" lon="-16.799057">
        <ele>564.3</ele>
        <time>2025-02-15T19:36:24.000Z</time>
        <sat>7</sat>
      </trkpt>
      <trkpt lat="32.756545" lon="-16.799090">
        <ele>564.1</ele>
        <time>2025-02-15T19:36:30.000Z</time>
        <sat>7</sat>
      </trkpt>
      <trkpt lat="32.756620" lon="-16.799155">
        <ele>563.2</ele>
        <time>2025-02-15T19:36:38.000Z</time>
        <sat>7</sat>
      </trkpt>
      <trkpt lat="32.756702" lon="-16.799210">
        <ele>557.2</ele>
        <time>2025-02-15T19:36:58.000Z</time>
        <sat>8</sat>
      </trkpt>
      <trkpt lat="32.756787" lon="-16.799270">
        <ele>554.9</ele>
        <time>2025-02-15T19:37:08.000Z</time>
        <sat>8</sat>
      </trkpt>
      <trkpt lat="32.756862" lon="-16.799345">
        <ele>550.6</ele>
        <time>2025-02-15T19:37:19.000Z</time>
        <sat>8</sat>
      </trkpt>
      <trkpt lat="32.756943" lon="-16.799410">
        <ele>546.5</ele>
        <time>2025-02-15T19:37:31.000Z</time>
        <sat>8</sat>
      </trkpt>
      <trkpt lat="32.757037" lon="-16.799450">
        <ele>544.7</ele>
        <time>2025-02-15T19:37:37.000Z</time>
        <sat>7</sat>
      </trkpt>
      <trkpt lat="32.757118" lon="-16.799507">
        <ele>539.8</ele>
        <time>2025-02-15T19:37:50.000Z</time>
        <sat>7</sat>
      </trkpt>
      <trkpt lat="32.757190" lon="-16.799572">
        <ele>537.1</ele>
        <time>2025-02-15T19:38:01.000Z</time>
        <sat>6</sat>
      </trkpt>
      <trkpt lat="32.757255" lon="-16.799648">
        <ele>535.0</ele>
        <time>2025-02-15T19:38:07.000Z</time>
        <sat>7</sat>
      </trkpt>
      <trkpt lat="32.757293" lon="-16.799752">
        <ele>533.8</ele>
        <time>2025-02-15T19:38:12.000Z</time>
        <sat>7</sat>
      </trkpt>
      <trkpt lat="32.757355" lon="-16.799830">
        <ele>532.8</ele>
        <time>2025-02-15T19:38:19.000Z</time>
        <sat>6</sat>
      </trkpt>
      <trkpt lat="32.757438" lon="-16.799883">
        <ele>531.7</ele>
        <time>2025-02-15T19:38:25.000Z</time>
        <sat>6</sat>
      </trkpt>
      <trkpt lat="32.757525" lon="-16.799918">
        <ele>531.1</ele>
        <time>2025-02-15T19:38:31.000Z</time>
        <sat>5</sat>
      </trkpt>
      <trkpt lat="32.757607" lon="-16.799980">
        <ele>530.3</ele>
        <time>2025-02-15T19:38:38.000Z</time>
        <sat>5</sat>
      </trkpt>
      <trkpt lat="32.757695" lon="-16.800017">
        <ele>529.0</ele>
        <time>2025-02-15T19:38:48.000Z</time>
        <sat>7</sat>
      </trkpt>
      <trkpt lat="32.757780" lon="-16.800075">
        <ele>526.9</ele>
        <time>2025-02-15T19:39:00.000Z</time>
        <sat>6</sat>
      </trkpt>
      <trkpt lat="32.757867" lon="-16.800130">
        <ele>523.7</ele>
        <time>2025-02-15T19:39:14.000Z</time>
        <sat>7</sat>
      </trkpt>
      <trkpt lat="32.757953" lon="-16.800188">
        <ele>519.9</ele>
        <time>2025-02-15T19:39:29.000Z</time>
        <sat>7</sat>
      </trkpt>
      <trkpt lat="32.758037" lon="-16.800247">
        <ele>516.6</ele>
        <time>2025-02-15T19:39:40.000Z</time>
        <sat>8</sat>
      </trkpt>
      <trkpt lat="32.758122" lon="-16.800303">
        <ele>513.6</ele>
        <time>2025-02-15T19:39:50.000Z</time>
        <sat>8</sat>
      </trkpt>
      <trkpt lat="32.758193" lon="-16.800370">
        <ele>510.8</ele>
        <time>2025-02-15T19:39:59.000Z</time>
        <sat>8</sat>
      </trkpt>
      <trkpt lat="32.758240" lon="-16.800462">
        <ele>504.8</ele>
        <time>2025-02-15T19:40:19.000Z</time>
        <sat>8</sat>
      </trkpt>
      <trkpt lat="32.758320" lon="-16.800515">
        <ele>499.6</ele>
        <time>2025-02-15T19:40:38.000Z</time>
        <sat>8</sat>
      </trkpt>
      <trkpt lat="32.758380" lon="-16.800595">
        <ele>493.3</ele>
        <time>2025-02-15T19:40:59.000Z</time>
        <sat>8</sat>
      </trkpt>
      <trkpt lat="32.758382" lon="-16.800592">
        <ele>492.1</ele>
        <time>2025-02-15T19:41:03.000Z</time>
        <sat>8</sat>
      </trkpt>
      <trkpt lat="32.758378" lon="-16.800595">
        <ele>491.7</ele>
        <time>2025-02-15T19:41:04.000Z</time>
        <sat>8</sat>
      </trkpt>
      <trkpt lat="32.758375" lon="-16.800597">
        <ele>490.5</ele>
        <time>2025-02-15T19:41:08.000Z</time>
        <sat>8</sat>
      </trkpt>
      <trkpt lat="32.758377" lon="-16.800595">
        <ele>490.2</ele>
        <time>2025-02-15T19:41:09.000Z</time>
        <sat>8</sat>
      </trkpt>
      <trkpt lat="32.758378" lon="-16.800595">
        <ele>489.9</ele>
        <time>2025-02-15T19:41:11.000Z</time>
        <sat>8</sat>
      </trkpt>
      <trkpt lat="32.758375" lon="-16.800595">
        <ele>489.7</ele>
        <time>2025-02-15T19:41:12.000Z</time>
        <sat>8</sat>
      </trkpt>
      <trkpt lat="32.758373" lon="-16.800597">
        <ele>488.2</ele>
        <time>2025-02-15T19:41:20.000Z</time>
        <sat>8</sat>
      </trkpt>
      <trkpt lat="32.758378" lon="-16.800593">
        <ele>487.9</ele>
        <time>2025-02-15T19:41:21.000Z</time>
        <sat>8</sat>
      </trkpt>
      <trkpt lat="32.758445" lon="-16.800560">
        <ele>481.9</ele>
        <time>2025-02-15T19:41:46.000Z</time>
        <sat>8</sat>
      </trkpt>
      <trkpt lat="32.758447" lon="-16.800558">
        <ele>481.7</ele>
        <time>2025-02-15T19:41:47.000Z</time>
        <sat>8</sat>
      </trkpt>
      <trkpt lat="32.758468" lon="-16.800565">
        <ele>479.8</ele>
        <time>2025-02-15T19:41:54.000Z</time>
        <sat>8</sat>
      </trkpt>
      <trkpt lat="32.758467" lon="-16.800567">
        <ele>479.5</ele>
        <time>2025-02-15T19:41:55.000Z</time>
        <sat>8</sat>
      </trkpt>
      <trkpt lat="32.758508" lon="-16.800632">
        <ele>473.7</ele>
        <time>2025-02-15T19:42:16.000Z</time>
        <sat>8</sat>
      </trkpt>
      <trkpt lat="32.758508" lon="-16.800633">
        <ele>473.6</ele>
        <time>2025-02-15T19:42:17.000Z</time>
        <sat>8</sat>
      </trkpt>
      <trkpt lat="32.758548" lon="-16.800732">
        <ele>467.4</ele>
        <time>2025-02-15T19:42:41.000Z</time>
        <sat>8</sat>
      </trkpt>
      <trkpt lat="32.758603" lon="-16.800820">
        <ele>463.6</ele>
        <time>2025-02-15T19:42:58.000Z</time>
        <sat>7</sat>
      </trkpt>
      <trkpt lat="32.758682" lon="-16.800878">
        <ele>460.3</ele>
        <time>2025-02-15T19:43:10.000Z</time>
        <sat>7</sat>
      </trkpt>
      <trkpt lat="32.758752" lon="-16.800953">
        <ele>455.8</ele>
        <time>2025-02-15T19:43:27.000Z</time>
        <sat>7</sat>
      </trkpt>
      <trkpt lat="32.758842" lon="-16.800990">
        <ele>451.2</ele>
        <time>2025-02-15T19:43:42.000Z</time>
        <sat>7</sat>
      </trkpt>
      <trkpt lat="32.758917" lon="-16.801050">
        <ele>446.4</ele>
        <time>2025-02-15T19:43:59.000Z</time>
        <sat>7</sat>
      </trkpt>
      <trkpt lat="32.758995" lon="-16.801103">
        <ele>442.8</ele>
        <time>2025-02-15T19:44:12.000Z</time>
        <sat>8</sat>
      </trkpt>
      <trkpt lat="32.759077" lon="-16.801157">
        <ele>440.1</ele>
        <time>2025-02-15T19:44:21.000Z</time>
        <sat>8</sat>
      </trkpt>
      <trkpt lat="32.759113" lon="-16.801265">
        <ele>437.0</ele>
        <time>2025-02-15T19:44:31.000Z</time>
        <sat>8</sat>
      </trkpt>
      <trkpt lat="32.759172" lon="-16.801353">
        <ele>433.1</ele>
        <time>2025-02-15T19:44:41.000Z</time>
        <sat>7</sat>
      </trkpt>
      <trkpt lat="32.759255" lon="-16.801400">
        <ele>424.6</ele>
        <time>2025-02-15T19:45:04.000Z</time>
        <sat>7</sat>
      </trkpt>
      <trkpt lat="32.759283" lon="-16.801292">
        <ele>417.9</ele>
        <time>2025-02-15T19:45:24.000Z</time>
        <sat>7</sat>
      </trkpt>
      <trkpt lat="32.759278" lon="-16.801177">
        <ele>414.3</ele>
        <time>2025-02-15T19:45:34.000Z</time>
        <sat>7</sat>
      </trkpt>
      <trkpt lat="32.759350" lon="-16.801112">
        <ele>406.7</ele>
        <time>2025-02-15T19:45:57.000Z</time>
        <sat>7</sat>
      </trkpt>
      <trkpt lat="32.759427" lon="-16.801098">
        <ele>403.0</ele>
        <time>2025-02-15T19:46:12.000Z</time>
        <sat>7</sat>
      </trkpt>
      <trkpt lat="32.759427" lon="-16.801100">
        <ele>402.8</ele>
        <time>2025-02-15T19:46:13.000Z</time>
        <sat>7</sat>
      </trkpt>
      <trkpt lat="32.759503" lon="-16.801157">
        <ele>398.3</ele>
        <time>2025-02-15T19:46:33.000Z</time>
        <sat>7</sat>
      </trkpt>
      <trkpt lat="32.759585" lon="-16.801217">
        <ele>394.6</ele>
        <time>2025-02-15T19:46:45.000Z</time>
        <sat>7</sat>
      </trkpt>
      <trkpt lat="32.759653" lon="-16.801288">
        <ele>389.5</ele>
        <time>2025-02-15T19:47:00.000Z</time>
        <sat>7</sat>
      </trkpt>
      <trkpt lat="32.759738" lon="-16.801332">
        <ele>383.6</ele>
        <time>2025-02-15T19:47:24.000Z</time>
        <sat>7</sat>
      </trkpt>
      <trkpt lat="32.759832" lon="-16.801345">
        <ele>373.1</ele>
        <time>2025-02-15T19:47:59.000Z</time>
        <sat>7</sat>
      </trkpt>
      <trkpt lat="32.759872" lon="-16.801247">
        <ele>366.8</ele>
        <time>2025-02-15T19:48:21.000Z</time>
        <sat>7</sat>
      </trkpt>
      <trkpt lat="32.759963" lon="-16.801228">
        <ele>363.0</ele>
        <time>2025-02-15T19:48:34.000Z</time>
        <sat>7</sat>
      </trkpt>
      <trkpt lat="32.760053" lon="-16.801228">
        <ele>360.5</ele>
        <time>2025-02-15T19:48:42.000Z</time>
        <sat>7</sat>
      </trkpt>
      <trkpt lat="32.760147" lon="-16.801230">
        <ele>355.8</ele>
        <time>2025-02-15T19:48:57.000Z</time>
        <sat>7</sat>
      </trkpt>
      <trkpt lat="32.760228" lon="-16.801283">
        <ele>352.8</ele>
        <time>2025-02-15T19:49:08.000Z</time>
        <sat>7</sat>
      </trkpt>
      <trkpt lat="32.760245" lon="-16.801295">
        <ele>351.2</ele>
        <time>2025-02-15T19:49:13.000Z</time>
        <sat>7</sat>
      </trkpt>
      <trkpt lat="32.760248" lon="-16.801298">
        <ele>350.9</ele>
        <time>2025-02-15T19:49:14.000Z</time>
        <sat>7</sat>
      </trkpt>
      <trkpt lat="32.760330" lon="-16.801350">
        <ele>347.7</ele>
        <time>2025-02-15T19:49:27.000Z</time>
        <sat>7</sat>
      </trkpt>
      <trkpt lat="32.760382" lon="-16.801440">
        <ele>343.5</ele>
        <time>2025-02-15T19:49:49.000Z</time>
        <sat>7</sat>
      </trkpt>
      <trkpt lat="32.760462" lon="-16.801492">
        <ele>340.0</ele>
        <time>2025-02-15T19:50:01.000Z</time>
        <sat>7</sat>
      </trkpt>
      <trkpt lat="32.760522" lon="-16.801590">
        <ele>337.6</ele>
        <time>2025-02-15T19:50:08.000Z</time>
        <sat>7</sat>
      </trkpt>
      <trkpt lat="32.760560" lon="-16.801702">
        <ele>335.5</ele>
        <time>2025-02-15T19:50:14.000Z</time>
        <sat>7</sat>
      </trkpt>
      <trkpt lat="32.760535" lon="-16.801813">
        <ele>332.4</ele>
        <time>2025-02-15T19:50:22.000Z</time>
        <sat>7</sat>
      </trkpt>
      <trkpt lat="32.760557" lon="-16.801923">
        <ele>330.3</ele>
        <time>2025-02-15T19:50:27.000Z</time>
        <sat>7</sat>
      </trkpt>
      <trkpt lat="32.760582" lon="-16.802032">
        <ele>328.9</ele>
        <time>2025-02-15T19:50:31.000Z</time>
        <sat>7</sat>
      </trkpt>
      <trkpt lat="32.760653" lon="-16.802097">
        <ele>327.3</ele>
        <time>2025-02-15T19:50:36.000Z</time>
        <sat>7</sat>
      </trkpt>
      <trkpt lat="32.760752" lon="-16.802138">
        <ele>325.3</ele>
        <time>2025-02-15T19:50:42.000Z</time>
        <sat>7</sat>
      </trkpt>
      <trkpt lat="32.760850" lon="-16.802150">
        <ele>321.9</ele>
        <time>2025-02-15T19:50:52.000Z</time>
        <sat>7</sat>
      </trkpt>
      <trkpt lat="32.760940" lon="-16.802107">
        <ele>316.5</ele>
        <time>2025-02-15T19:51:11.000Z</time>
        <sat>7</sat>
      </trkpt>
      <trkpt lat="32.761033" lon="-16.802117">
        <ele>311.9</ele>
        <time>2025-02-15T19:51:24.000Z</time>
        <sat>7</sat>
      </trkpt>
      <trkpt lat="32.761132" lon="-16.802155">
        <ele>309.3</ele>
        <time>2025-02-15T19:51:32.000Z</time>
        <sat>7</sat>
      </trkpt>
      <trkpt lat="32.761193" lon="-16.802238">
        <ele>306.8</ele>
        <time>2025-02-15T19:51:40.000Z</time>
        <sat>7</sat>
      </trkpt>
      <trkpt lat="32.761208" lon="-16.802348">
        <ele>304.9</ele>
        <time>2025-02-15T19:51:46.000Z</time>
        <sat>7</sat>
      </trkpt>
      <trkpt lat="32.761175" lon="-16.802457">
        <ele>303.1</ele>
        <time>2025-02-15T19:51:51.000Z</time>
        <sat>7</sat>
      </trkpt>
      <trkpt lat="32.761188" lon="-16.802570">
        <ele>300.6</ele>
        <time>2025-02-15T19:51:59.000Z</time>
        <sat>7</sat>
      </trkpt>
      <trkpt lat="32.761258" lon="-16.802658">
        <ele>299.3</ele>
        <time>2025-02-15T19:52:03.000Z</time>
        <sat>7</sat>
      </trkpt>
      <trkpt lat="32.761328" lon="-16.802773">
        <ele>298.0</ele>
        <time>2025-02-15T19:52:07.000Z</time>
        <sat>7</sat>
      </trkpt>
      <trkpt lat="32.761402" lon="-16.802860">
        <ele>296.8</ele>
        <time>2025-02-15T19:52:11.000Z</time>
        <sat>6</sat>
      </trkpt>
      <trkpt lat="32.761468" lon="-16.802950">
        <ele>295.5</ele>
        <time>2025-02-15T19:52:15.000Z</time>
        <sat>6</sat>
      </trkpt>
      <trkpt lat="32.761512" lon="-16.803065">
        <ele>294.1</ele>
        <time>2025-02-15T19:52:19.000Z</time>
        <sat>6</sat>
      </trkpt>
      <trkpt lat="32.761530" lon="-16.803175">
        <ele>293.1</ele>
        <time>2025-02-15T19:52:22.000Z</time>
        <sat>6</sat>
      </trkpt>
      <trkpt lat="32.761547" lon="-16.803310">
        <ele>291.8</ele>
        <time>2025-02-15T19:52:26.000Z</time>
        <sat>7</sat>
      </trkpt>
      <trkpt lat="32.761533" lon="-16.803428">
        <ele>290.5</ele>
        <time>2025-02-15T19:52:30.000Z</time>
        <sat>7</sat>
      </trkpt>
      <trkpt lat="32.761523" lon="-16.803562">
        <ele>289.0</ele>
        <time>2025-02-15T19:52:35.000Z</time>
        <sat>7</sat>
      </trkpt>
      <trkpt lat="32.761538" lon="-16.803685">
        <ele>287.9</ele>
        <time>2025-02-15T19:52:39.000Z</time>
        <sat>7</sat>
      </trkpt>
      <trkpt lat="32.761550" lon="-16.803795">
        <ele>286.8</ele>
        <time>2025-02-15T19:52:43.000Z</time>
        <sat>7</sat>
      </trkpt>
      <trkpt lat="32.761540" lon="-16.803907">
        <ele>285.4</ele>
        <time>2025-02-15T19:52:49.000Z</time>
        <sat>7</sat>
      </trkpt>
      <trkpt lat="32.761532" lon="-16.804015">
        <ele>283.5</ele>
        <time>2025-02-15T19:52:56.000Z</time>
        <sat>7</sat>
      </trkpt>
      <trkpt lat="32.761532" lon="-16.804135">
        <ele>280.7</ele>
        <time>2025-02-15T19:53:04.000Z</time>
        <sat>7</sat>
      </trkpt>
      <trkpt lat="32.761532" lon="-16.804243">
        <ele>277.3</ele>
        <time>2025-02-15T19:53:12.000Z</time>
        <sat>7</sat>
      </trkpt>
      <trkpt lat="32.761605" lon="-16.804163">
        <ele>270.5</ele>
        <time>2025-02-15T19:53:36.000Z</time>
        <sat>7</sat>
      </trkpt>
      <trkpt lat="32.761618" lon="-16.804043">
        <ele>270.2</ele>
        <time>2025-02-15T19:53:43.000Z</time>
        <sat>7</sat>
      </trkpt>
      <trkpt lat="32.761627" lon="-16.803932">
        <ele>269.7</ele>
        <time>2025-02-15T19:53:50.000Z</time>
        <sat>7</sat>
      </trkpt>
      <trkpt lat="32.761623" lon="-16.803823">
        <ele>269.9</ele>
        <time>2025-02-15T19:54:02.000Z</time>
        <sat>7</sat>
      </trkpt>
      <trkpt lat="32.761623" lon="-16.803820">
        <ele>269.8</ele>
        <time>2025-02-15T19:54:05.000Z</time>
        <sat>7</sat>
      </trkpt>
      <trkpt lat="32.761625" lon="-16.803820">
        <ele>269.7</ele>
        <time>2025-02-15T19:54:07.000Z</time>
        <sat>7</sat>
      </trkpt>
      <trkpt lat="32.761625" lon="-16.803820">
        <ele>269.7</ele>
        <time>2025-02-15T19:54:08.000Z</time>
        <sat>7</sat>
      </trkpt>
      <trkpt lat="32.761625" lon="-16.803818">
        <ele>269.7</ele>
        <time>2025-02-15T19:54:09.000Z</time>
        <sat>7</sat>
      </trkpt>
      <trkpt lat="32.761627" lon="-16.803817">
        <ele>269.7</ele>
        <time>2025-02-15T19:54:12.000Z</time>
        <sat>7</sat>
      </trkpt>
      <trkpt lat="32.761628" lon="-16.803815">
        <ele>269.7</ele>
        <time>2025-02-15T19:54:14.000Z</time>
        <sat>7</sat>
      </trkpt>
      <trkpt lat="32.761628" lon="-16.803815">
        <ele>269.7</ele>
        <time>2025-02-15T19:54:15.000Z</time>
        <sat>7</sat>
      </trkpt>
      <trkpt lat="32.761628" lon="-16.803813">
        <ele>269.7</ele>
        <time>2025-02-15T19:54:17.000Z</time>
        <sat>7</sat>
      </trkpt>
      <trkpt lat="32.761628" lon="-16.803813">
        <ele>269.6</ele>
        <time>2025-02-15T19:54:18.000Z</time>
        <sat>7</sat>
      </trkpt>
      <trkpt lat="32.761628" lon="-16.803812">
        <ele>269.6</ele>
        <time>2025-02-15T19:54:19.000Z</time>
        <sat>7</sat>
      </trkpt>
      <trkpt lat="32.761623" lon="-16.803703">
        <ele>269.6</ele>
        <time>2025-02-15T19:54:28.000Z</time>
        <sat>7</sat>
      </trkpt>
      <trkpt lat="32.761638" lon="-16.803588">
        <ele>269.6</ele>
        <time>2025-02-15T19:54:36.000Z</time>
        <sat>7</sat>
      </trkpt>
      <trkpt lat="32.761680" lon="-16.803488">
        <ele>269.5</ele>
        <time>2025-02-15T19:54:44.000Z</time>
        <sat>7</sat>
      </trkpt>
      <trkpt lat="32.761713" lon="-16.803388">
        <ele>269.5</ele>
        <time>2025-02-15T19:54:51.000Z</time>
        <sat>7</sat>
      </trkpt>
      <trkpt lat="32.761747" lon="-16.803285">
        <ele>269.4</ele>
        <time>2025-02-15T19:54:58.000Z</time>
        <sat>7</sat>
      </trkpt>
      <trkpt lat="32.761783" lon="-16.803178">
        <ele>269.4</ele>
        <time>2025-02-15T19:55:05.000Z</time>
        <sat>7</sat>
      </trkpt>
      <trkpt lat="32.761827" lon="-16.803068">
        <ele>269.4</ele>
        <time>2025-02-15T19:55:13.000Z</time>
        <sat>7</sat>
      </trkpt>
      <trkpt lat="32.761860" lon="-16.802962">
        <ele>269.6</ele>
        <time>2025-02-15T19:55:21.000Z</time>
        <sat>7</sat>
      </trkpt>
      <trkpt lat="32.761890" lon="-16.802860">
        <ele>269.8</ele>
        <time>2025-02-15T19:55:29.000Z</time>
        <sat>7</sat>
      </trkpt>
      <trkpt lat="32.761897" lon="-16.802748">
        <ele>270.2</ele>
        <time>2025-02-15T19:55:36.000Z</time>
        <sat>7</sat>
      </trkpt>
      <trkpt lat="32.761860" lon="-16.802650">
        <ele>270.9</ele>
        <time>2025-02-15T19:55:42.000Z</time>
        <sat>7</sat>
      </trkpt>
      <trkpt lat="32.761812" lon="-16.802552">
        <ele>272.0</ele>
        <time>2025-02-15T19:55:48.000Z</time>
        <sat>7</sat>
      </trkpt>
      <trkpt lat="32.761752" lon="-16.802448">
        <ele>272.9</ele>
        <time>2025-02-15T19:55:53.000Z</time>
        <sat>7</sat>
      </trkpt>
      <trkpt lat="32.761705" lon="-16.802355">
        <ele>273.4</ele>
        <time>2025-02-15T19:55:57.000Z</time>
        <sat>7</sat>
      </trkpt>
      <trkpt lat="32.761638" lon="-16.802258">
        <ele>273.8</ele>
        <time>2025-02-15T19:56:01.000Z</time>
        <sat>7</sat>
      </trkpt>
      <trkpt lat="32.761545" lon="-16.802175">
        <ele>274.2</ele>
        <time>2025-02-15T19:56:05.000Z</time>
        <sat>7</sat>
      </trkpt>
      <trkpt lat="32.761473" lon="-16.802102">
        <ele>274.5</ele>
        <time>2025-02-15T19:56:09.000Z</time>
        <sat>7</sat>
      </trkpt>
      <trkpt lat="32.761390" lon="-16.802015">
        <ele>274.7</ele>
        <time>2025-02-15T19:56:13.000Z</time>
        <sat>7</sat>
      </trkpt>
      <trkpt lat="32.761323" lon="-16.801927">
        <ele>275.0</ele>
        <time>2025-02-15T19:56:18.000Z</time>
        <sat>7</sat>
      </trkpt>
      <trkpt lat="32.761243" lon="-16.801843">
        <ele>275.3</ele>
        <time>2025-02-15T19:56:24.000Z</time>
        <sat>7</sat>
      </trkpt>
      <trkpt lat="32.761142" lon="-16.801798">
        <ele>275.4</ele>
        <time>2025-02-15T19:56:28.000Z</time>
        <sat>7</sat>
      </trkpt>
      <trkpt lat="32.761063" lon="-16.801725">
        <ele>275.5</ele>
        <time>2025-02-15T19:56:32.000Z</time>
        <sat>7</sat>
      </trkpt>
      <trkpt lat="32.760995" lon="-16.801635">
        <ele>275.5</ele>
        <time>2025-02-15T19:56:37.000Z</time>
        <sat>7</sat>
      </trkpt>
      <trkpt lat="32.760962" lon="-16.801533">
        <ele>275.6</ele>
        <time>2025-02-15T19:56:41.000Z</time>
        <sat>7</sat>
      </trkpt>
      <trkpt lat="32.760925" lon="-16.801428">
        <ele>275.6</ele>
        <time>2025-02-15T19:56:45.000Z</time>
        <sat>7</sat>
      </trkpt>
      <trkpt lat="32.760900" lon="-16.801312">
        <ele>275.6</ele>
        <time>2025-02-15T19:56:49.000Z</time>
        <sat>7</sat>
      </trkpt>
      <trkpt lat="32.760893" lon="-16.801188">
        <ele>275.5</ele>
        <time>2025-02-15T19:56:54.000Z</time>
        <sat>7</sat>
      </trkpt>
      <trkpt lat="32.760850" lon="-16.801078">
        <ele>275.5</ele>
        <time>2025-02-15T19:57:02.000Z</time>
        <sat>7</sat>
      </trkpt>
      <trkpt lat="32.760825" lon="-16.800968">
        <ele>275.5</ele>
        <time>2025-02-15T19:57:07.000Z</time>
        <sat>7</sat>
      </trkpt>
      <trkpt lat="32.760785" lon="-16.800862">
        <ele>275.5</ele>
        <time>2025-02-15T19:57:11.000Z</time>
        <sat>7</sat>
      </trkpt>
      <trkpt lat="32.760733" lon="-16.800757">
        <ele>275.4</ele>
        <time>2025-02-15T19:57:15.000Z</time>
        <sat>7</sat>
      </trkpt>
      <trkpt lat="32.760682" lon="-16.800662">
        <ele>275.4</ele>
        <time>2025-02-15T19:57:20.000Z</time>
        <sat>7</sat>
      </trkpt>
      <trkpt lat="32.760628" lon="-16.800573">
        <ele>275.3</ele>
        <time>2025-02-15T19:57:26.000Z</time>
        <sat>7</sat>
      </trkpt>
      <trkpt lat="32.760543" lon="-16.800505">
        <ele>275.3</ele>
        <time>2025-02-15T19:57:33.000Z</time>
        <sat>7</sat>
      </trkpt>
      <trkpt lat="32.760453" lon="-16.800482">
        <ele>275.3</ele>
        <time>2025-02-15T19:57:39.000Z</time>
        <sat>7</sat>
      </trkpt>
      <trkpt lat="32.760360" lon="-16.800457">
        <ele>275.3</ele>
        <time>2025-02-15T19:57:43.000Z</time>
        <sat>7</sat>
      </trkpt>
      <trkpt lat="32.760282" lon="-16.800403">
        <ele>275.3</ele>
        <time>2025-02-15T19:57:54.000Z</time>
        <sat>7</sat>
      </trkpt>
      <trkpt lat="32.760233" lon="-16.800297">
        <ele>275.4</ele>
        <time>2025-02-15T19:57:58.000Z</time>
        <sat>7</sat>
      </trkpt>
      <trkpt lat="32.760155" lon="-16.800228">
        <ele>275.4</ele>
        <time>2025-02-15T19:58:02.000Z</time>
        <sat>7</sat>
      </trkpt>
      <trkpt lat="32.760097" lon="-16.800123">
        <ele>275.5</ele>
        <time>2025-02-15T19:58:06.000Z</time>
        <sat>7</sat>
      </trkpt>
      <trkpt lat="32.760042" lon="-16.800037">
        <ele>275.5</ele>
        <time>2025-02-15T19:58:10.000Z</time>
        <sat>7</sat>
      </trkpt>
      <trkpt lat="32.760003" lon="-16.799932">
        <ele>275.6</ele>
        <time>2025-02-15T19:58:14.000Z</time>
        <sat>7</sat>
      </trkpt>
      <trkpt lat="32.759997" lon="-16.799812">
        <ele>275.7</ele>
        <time>2025-02-15T19:58:18.000Z</time>
        <sat>7</sat>
      </trkpt>
      <trkpt lat="32.759922" lon="-16.799742">
        <ele>276.2</ele>
        <time>2025-02-15T19:58:29.000Z</time>
        <sat>7</sat>
      </trkpt>
      <trkpt lat="32.759855" lon="-16.799668">
        <ele>278.3</ele>
        <time>2025-02-15T19:58:38.000Z</time>
        <sat>7</sat>
      </trkpt>
      <trkpt lat="32.759827" lon="-16.799558">
        <ele>279.7</ele>
        <time>2025-02-15T19:58:45.000Z</time>
        <sat>7</sat>
      </trkpt>
      <trkpt lat="32.759780" lon="-16.799458">
        <ele>280.9</ele>
        <time>2025-02-15T19:58:51.000Z</time>
        <sat>7</sat>
      </trkpt>
      <trkpt lat="32.759732" lon="-16.799367">
        <ele>281.8</ele>
        <time>2025-02-15T19:58:57.000Z</time>
        <sat>7</sat>
      </trkpt>
      <trkpt lat="32.759677" lon="-16.799263">
        <ele>282.5</ele>
        <time>2025-02-15T19:59:04.000Z</time>
        <sat>7</sat>
      </trkpt>
      <trkpt lat="32.759585" lon="-16.799227">
        <ele>282.7</ele>
        <time>2025-02-15T19:59:09.000Z</time>
        <sat>7</sat>
      </trkpt>
      <trkpt lat="32.759508" lon="-16.799158">
        <ele>283.0</ele>
        <time>2025-02-15T19:59:15.000Z</time>
        <sat>7</sat>
      </trkpt>
      <trkpt lat="32.759415" lon="-16.799103">
        <ele>283.2</ele>
        <time>2025-02-15T19:59:20.000Z</time>
        <sat>7</sat>
      </trkpt>
      <trkpt lat="32.759362" lon="-16.799017">
        <ele>283.8</ele>
        <time>2025-02-15T19:59:27.000Z</time>
        <sat>7</sat>
      </trkpt>
      <trkpt lat="32.759338" lon="-16.798908">
        <ele>284.1</ele>
        <time>2025-02-15T19:59:31.000Z</time>
        <sat>7</sat>
      </trkpt>
      <trkpt lat="32.759348" lon="-16.798797">
        <ele>284.4</ele>
        <time>2025-02-15T19:59:35.000Z</time>
        <sat>7</sat>
      </trkpt>
      <trkpt lat="32.759345" lon="-16.798688">
        <ele>284.7</ele>
        <time>2025-02-15T19:59:39.000Z</time>
        <sat>7</sat>
      </trkpt>
      <trkpt lat="32.759303" lon="-16.798593">
        <ele>285.0</ele>
        <time>2025-02-15T19:59:43.000Z</time>
        <sat>7</sat>
      </trkpt>
      <trkpt lat="32.759218" lon="-16.798525">
        <ele>285.2</ele>
        <time>2025-02-15T19:59:48.000Z</time>
        <sat>7</sat>
      </trkpt>
      <trkpt lat="32.759148" lon="-16.798435">
        <ele>285.3</ele>
        <time>2025-02-15T19:59:53.000Z</time>
        <sat>7</sat>
      </trkpt>
      <trkpt lat="32.759093" lon="-16.798348">
        <ele>285.2</ele>
        <time>2025-02-15T19:59:59.000Z</time>
        <sat>7</sat>
      </trkpt>
      <trkpt lat="32.759165" lon="-16.798263">
        <ele>285.2</ele>
        <time>2025-02-15T20:00:09.000Z</time>
        <sat>7</sat>
      </trkpt>
      <trkpt lat="32.759253" lon="-16.798242">
        <ele>285.1</ele>
        <time>2025-02-15T20:00:13.000Z</time>
        <sat>7</sat>
      </trkpt>
      <trkpt lat="32.759327" lon="-16.798178">
        <ele>285.1</ele>
        <time>2025-02-15T20:00:17.000Z</time>
        <sat>7</sat>
      </trkpt>
      <trkpt lat="32.759383" lon="-16.798095">
        <ele>284.9</ele>
        <time>2025-02-15T20:00:22.000Z</time>
        <sat>7</sat>
      </trkpt>
      <trkpt lat="32.759463" lon="-16.798043">
        <ele>284.9</ele>
        <time>2025-02-15T20:00:26.000Z</time>
        <sat>7</sat>
      </trkpt>
      <trkpt lat="32.759550" lon="-16.798013">
        <ele>284.8</ele>
        <time>2025-02-15T20:00:30.000Z</time>
        <sat>7</sat>
      </trkpt>
      <trkpt lat="32.759630" lon="-16.797955">
        <ele>284.7</ele>
        <time>2025-02-15T20:00:34.000Z</time>
        <sat>7</sat>
      </trkpt>
      <trkpt lat="32.759678" lon="-16.797837">
        <ele>284.5</ele>
        <time>2025-02-15T20:00:39.000Z</time>
        <sat>7</sat>
      </trkpt>
      <trkpt lat="32.759717" lon="-16.797712">
        <ele>284.3</ele>
        <time>2025-02-15T20:00:44.000Z</time>
        <sat>7</sat>
      </trkpt>
      <trkpt lat="32.759768" lon="-16.797617">
        <ele>284.3</ele>
        <time>2025-02-15T20:00:48.000Z</time>
        <sat>7</sat>
      </trkpt>
      <trkpt lat="32.759843" lon="-16.797550">
        <ele>284.4</ele>
        <time>2025-02-15T20:00:52.000Z</time>
        <sat>7</sat>
      </trkpt>
      <trkpt lat="32.759893" lon="-16.797455">
        <ele>284.5</ele>
        <time>2025-02-15T20:00:58.000Z</time>
        <sat>7</sat>
      </trkpt>
      <trkpt lat="32.759953" lon="-16.797360">
        <ele>284.7</ele>
        <time>2025-02-15T20:01:06.000Z</time>
        <sat>7</sat>
      </trkpt>
      <trkpt lat="32.760028" lon="-16.797290">
        <ele>284.9</ele>
        <time>2025-02-15T20:01:14.000Z</time>
        <sat>7</sat>
      </trkpt>
      <trkpt lat="32.760100" lon="-16.797222">
        <ele>284.9</ele>
        <time>2025-02-15T20:01:19.000Z</time>
        <sat>7</sat>
      </trkpt>
      <trkpt lat="32.760153" lon="-16.797110">
        <ele>285.0</ele>
        <time>2025-02-15T20:01:24.000Z</time>
        <sat>7</sat>
      </trkpt>
      <trkpt lat="32.760230" lon="-16.797020">
        <ele>285.1</ele>
        <time>2025-02-15T20:01:29.000Z</time>
        <sat>7</sat>
      </trkpt>
      <trkpt lat="32.760302" lon="-16.796945">
        <ele>285.1</ele>
        <time>2025-02-15T20:01:33.000Z</time>
        <sat>7</sat>
      </trkpt>
      <trkpt lat="32.760332" lon="-16.796832">
        <ele>285.1</ele>
        <time>2025-02-15T20:01:37.000Z</time>
        <sat>7</sat>
      </trkpt>
      <trkpt lat="32.760267" lon="-16.796737">
        <ele>285.2</ele>
        <time>2025-02-15T20:01:41.000Z</time>
        <sat>7</sat>
      </trkpt>
      <trkpt lat="32.760185" lon="-16.796655">
        <ele>285.2</ele>
        <time>2025-02-15T20:01:46.000Z</time>
        <sat>7</sat>
      </trkpt>
      <trkpt lat="32.760098" lon="-16.796605">
        <ele>285.2</ele>
        <time>2025-02-15T20:01:50.000Z</time>
        <sat>7</sat>
      </trkpt>
      <trkpt lat="32.759998" lon="-16.796560">
        <ele>285.2</ele>
        <time>2025-02-15T20:01:54.000Z</time>
        <sat>7</sat>
      </trkpt>
      <trkpt lat="32.759908" lon="-16.796532">
        <ele>285.3</ele>
        <time>2025-02-15T20:02:00.000Z</time>
        <sat>7</sat>
      </trkpt>
      <trkpt lat="32.759845" lon="-16.796442">
        <ele>285.2</ele>
        <time>2025-02-15T20:02:10.000Z</time>
        <sat>6</sat>
      </trkpt>
      <trkpt lat="32.759930" lon="-16.796392">
        <ele>284.7</ele>
        <time>2025-02-15T20:02:37.000Z</time>
        <sat>7</sat>
      </trkpt>
      <trkpt lat="32.760008" lon="-16.796333">
        <ele>284.7</ele>
        <time>2025-02-15T20:02:44.000Z</time>
        <sat>6</sat>
      </trkpt>
      <trkpt lat="32.760093" lon="-16.796297">
        <ele>284.8</ele>
        <time>2025-02-15T20:02:52.000Z</time>
        <sat>6</sat>
      </trkpt>
      <trkpt lat="32.760180" lon="-16.796267">
        <ele>285.0</ele>
        <time>2025-02-15T20:02:58.000Z</time>
        <sat>6</sat>
      </trkpt>
      <trkpt lat="32.760287" lon="-16.796248">
        <ele>285.1</ele>
        <time>2025-02-15T20:03:06.000Z</time>
        <sat>6</sat>
      </trkpt>
      <trkpt lat="32.760392" lon="-16.796190">
        <ele>285.3</ele>
        <time>2025-02-15T20:03:11.000Z</time>
        <sat>6</sat>
      </trkpt>
      <trkpt lat="32.760455" lon="-16.796113">
        <ele>285.4</ele>
        <time>2025-02-15T20:03:15.000Z</time>
        <sat>6</sat>
      </trkpt>
      <trkpt lat="32.760482" lon="-16.796003">
        <ele>285.7</ele>
        <time>2025-02-15T20:03:21.000Z</time>
        <sat>6</sat>
      </trkpt>
      <trkpt lat="32.760565" lon="-16.795922">
        <ele>286.0</ele>
        <time>2025-02-15T20:03:28.000Z</time>
        <sat>6</sat>
      </trkpt>
      <trkpt lat="32.760657" lon="-16.795883">
        <ele>286.2</ele>
        <time>2025-02-15T20:03:33.000Z</time>
        <sat>6</sat>
      </trkpt>
      <trkpt lat="32.760762" lon="-16.795903">
        <ele>286.4</ele>
        <time>2025-02-15T20:03:39.000Z</time>
        <sat>6</sat>
      </trkpt>
      <trkpt lat="32.760865" lon="-16.795885">
        <ele>286.6</ele>
        <time>2025-02-15T20:03:44.000Z</time>
        <sat>6</sat>
      </trkpt>
      <trkpt lat="32.760943" lon="-16.795813">
        <ele>286.7</ele>
        <time>2025-02-15T20:03:49.000Z</time>
        <sat>6</sat>
      </trkpt>
      <trkpt lat="32.761028" lon="-16.795727">
        <ele>286.8</ele>
        <time>2025-02-15T20:03:54.000Z</time>
        <sat>6</sat>
      </trkpt>
      <trkpt lat="32.761113" lon="-16.795647">
        <ele>287.0</ele>
        <time>2025-02-15T20:03:59.000Z</time>
        <sat>6</sat>
      </trkpt>
      <trkpt lat="32.761207" lon="-16.795602">
        <ele>287.1</ele>
        <time>2025-02-15T20:04:04.000Z</time>
        <sat>6</sat>
      </trkpt>
      <trkpt lat="32.761290" lon="-16.795560">
        <ele>287.2</ele>
        <time>2025-02-15T20:04:08.000Z</time>
        <sat>6</sat>
      </trkpt>
      <trkpt lat="32.761397" lon="-16.795535">
        <ele>287.4</ele>
        <time>2025-02-15T20:04:14.000Z</time>
        <sat>6</sat>
      </trkpt>
      <trkpt lat="32.761463" lon="-16.795458">
        <ele>287.4</ele>
        <time>2025-02-15T20:04:18.000Z</time>
        <sat>7</sat>
      </trkpt>
      <trkpt lat="32.761497" lon="-16.795352">
        <ele>287.5</ele>
        <time>2025-02-15T20:04:22.000Z</time>
        <sat>7</sat>
      </trkpt>
      <trkpt lat="32.761507" lon="-16.795235">
        <ele>287.5</ele>
        <time>2025-02-15T20:04:26.000Z</time>
        <sat>7</sat>
      </trkpt>
      <trkpt lat="32.761525" lon="-16.795120">
        <ele>287.4</ele>
        <time>2025-02-15T20:04:31.000Z</time>
        <sat>7</sat>
      </trkpt>
      <trkpt lat="32.761533" lon="-16.795010">
        <ele>287.4</ele>
        <time>2025-02-15T20:04:36.000Z</time>
        <sat>7</sat>
      </trkpt>
      <trkpt lat="32.761540" lon="-16.794897">
        <ele>287.4</ele>
        <time>2025-02-15T20:04:41.000Z</time>
        <sat>7</sat>
      </trkpt>
      <trkpt lat="32.761500" lon="-16.794790">
        <ele>287.4</ele>
        <time>2025-02-15T20:04:47.000Z</time>
        <sat>7</sat>
      </trkpt>
      <trkpt lat="32.761433" lon="-16.794685">
        <ele>287.4</ele>
        <time>2025-02-15T20:04:52.000Z</time>
        <sat>7</sat>
      </trkpt>
      <trkpt lat="32.761368" lon="-16.794610">
        <ele>287.4</ele>
        <time>2025-02-15T20:04:57.000Z</time>
        <sat>7</sat>
      </trkpt>
      <trkpt lat="32.761317" lon="-16.794518">
        <ele>287.4</ele>
        <time>2025-02-15T20:05:05.000Z</time>
        <sat>7</sat>
      </trkpt>
      <trkpt lat="32.761292" lon="-16.794398">
        <ele>287.4</ele>
        <time>2025-02-15T20:05:11.000Z</time>
        <sat>7</sat>
      </trkpt>
      <trkpt lat="32.761278" lon="-16.794292">
        <ele>287.4</ele>
        <time>2025-02-15T20:05:16.000Z</time>
        <sat>7</sat>
      </trkpt>
      <trkpt lat="32.761250" lon="-16.794185">
        <ele>287.5</ele>
        <time>2025-02-15T20:05:21.000Z</time>
        <sat>7</sat>
      </trkpt>
      <trkpt lat="32.761240" lon="-16.794072">
        <ele>287.6</ele>
        <time>2025-02-15T20:05:26.000Z</time>
        <sat>7</sat>
      </trkpt>
      <trkpt lat="32.761255" lon="-16.793950">
        <ele>287.7</ele>
        <time>2025-02-15T20:05:33.000Z</time>
        <sat>7</sat>
      </trkpt>
      <trkpt lat="32.761242" lon="-16.793828">
        <ele>287.8</ele>
        <time>2025-02-15T20:05:38.000Z</time>
        <sat>7</sat>
      </trkpt>
      <trkpt lat="32.761212" lon="-16.793727">
        <ele>287.9</ele>
        <time>2025-02-15T20:05:44.000Z</time>
        <sat>7</sat>
      </trkpt>
      <trkpt lat="32.761188" lon="-16.793620">
        <ele>288.0</ele>
        <time>2025-02-15T20:05:49.000Z</time>
        <sat>7</sat>
      </trkpt>
      <trkpt lat="32.761157" lon="-16.793503">
        <ele>288.1</ele>
        <time>2025-02-15T20:05:55.000Z</time>
        <sat>7</sat>
      </trkpt>
      <trkpt lat="32.761113" lon="-16.793405">
        <ele>288.1</ele>
        <time>2025-02-15T20:06:02.000Z</time>
        <sat>7</sat>
      </trkpt>
      <trkpt lat="32.761082" lon="-16.793290">
        <ele>288.2</ele>
        <time>2025-02-15T20:06:09.000Z</time>
        <sat>7</sat>
      </trkpt>
      <trkpt lat="32.761022" lon="-16.793200">
        <ele>288.2</ele>
        <time>2025-02-15T20:06:16.000Z</time>
        <sat>7</sat>
      </trkpt>
      <trkpt lat="32.760957" lon="-16.793120">
        <ele>287.0</ele>
        <time>2025-02-15T20:06:31.000Z</time>
        <sat>7</sat>
      </trkpt>
      <trkpt lat="32.760878" lon="-16.793065">
        <ele>282.3</ele>
        <time>2025-02-15T20:06:53.000Z</time>
        <sat>7</sat>
      </trkpt>
      <trkpt lat="32.760917" lon="-16.792968">
        <ele>280.4</ele>
        <time>2025-02-15T20:07:23.000Z</time>
        <sat>7</sat>
      </trkpt>
      <trkpt lat="32.761003" lon="-16.792930">
        <ele>281.5</ele>
        <time>2025-02-15T20:07:31.000Z</time>
        <sat>7</sat>
      </trkpt>
      <trkpt lat="32.761082" lon="-16.792867">
        <ele>282.6</ele>
        <time>2025-02-15T20:07:38.000Z</time>
        <sat>7</sat>
      </trkpt>
      <trkpt lat="32.761148" lon="-16.792793">
        <ele>284.1</ele>
        <time>2025-02-15T20:07:48.000Z</time>
        <sat>7</sat>
      </trkpt>
      <trkpt lat="32.761163" lon="-16.792682">
        <ele>285.5</ele>
        <time>2025-02-15T20:07:56.000Z</time>
        <sat>7</sat>
      </trkpt>
      <trkpt lat="32.761127" lon="-16.792567">
        <ele>286.7</ele>
        <time>2025-02-15T20:08:04.000Z</time>
        <sat>7</sat>
      </trkpt>
      <trkpt lat="32.761180" lon="-16.792480">
        <ele>288.0</ele>
        <time>2025-02-15T20:08:17.000Z</time>
        <sat>7</sat>
      </trkpt>
      <trkpt lat="32.761268" lon="-16.792420">
        <ele>288.6</ele>
        <time>2025-02-15T20:08:24.000Z</time>
        <sat>7</sat>
      </trkpt>
      <trkpt lat="32.761335" lon="-16.792330">
        <ele>288.8</ele>
        <time>2025-02-15T20:08:30.000Z</time>
        <sat>7</sat>
      </trkpt>
      <trkpt lat="32.761365" lon="-16.792220">
        <ele>288.9</ele>
        <time>2025-02-15T20:08:36.000Z</time>
        <sat>6</sat>
      </trkpt>
      <trkpt lat="32.761372" lon="-16.792108">
        <ele>289.2</ele>
        <time>2025-02-15T20:08:43.000Z</time>
        <sat>6</sat>
      </trkpt>
      <trkpt lat="32.761370" lon="-16.791982">
        <ele>289.3</ele>
        <time>2025-02-15T20:08:49.000Z</time>
        <sat>5</sat>
      </trkpt>
      <trkpt lat="32.761418" lon="-16.791885">
        <ele>289.5</ele>
        <time>2025-02-15T20:08:57.000Z</time>
        <sat>5</sat>
      </trkpt>
      <trkpt lat="32.761505" lon="-16.791830">
        <ele>289.7</ele>
        <time>2025-02-15T20:09:05.000Z</time>
        <sat>5</sat>
      </trkpt>
      <trkpt lat="32.761570" lon="-16.791753">
        <ele>290.3</ele>
        <time>2025-02-15T20:09:13.000Z</time>
        <sat>6</sat>
      </trkpt>
      <trkpt lat="32.761607" lon="-16.791647">
        <ele>291.8</ele>
        <time>2025-02-15T20:09:23.000Z</time>
        <sat>5</sat>
      </trkpt>
      <trkpt lat="32.761698" lon="-16.791627">
        <ele>293.4</ele>
        <time>2025-02-15T20:09:37.000Z</time>
        <sat>5</sat>
      </trkpt>
      <trkpt lat="32.761793" lon="-16.791600">
        <ele>293.4</ele>
        <time>2025-02-15T20:09:42.000Z</time>
        <sat>5</sat>
      </trkpt>
      <trkpt lat="32.761872" lon="-16.791545">
        <ele>293.2</ele>
        <time>2025-02-15T20:09:46.000Z</time>
        <sat>5</sat>
      </trkpt>
      <trkpt lat="32.761973" lon="-16.791502">
        <ele>292.9</ele>
        <time>2025-02-15T20:09:52.000Z</time>
        <sat>5</sat>
      </trkpt>
      <trkpt lat="32.762053" lon="-16.791433">
        <ele>292.8</ele>
        <time>2025-02-15T20:09:58.000Z</time>
        <sat>5</sat>
      </trkpt>
      <trkpt lat="32.762155" lon="-16.791425">
        <ele>292.7</ele>
        <time>2025-02-15T20:10:03.000Z</time>
        <sat>6</sat>
      </trkpt>
      <trkpt lat="32.762243" lon="-16.791377">
        <ele>292.4</ele>
        <time>2025-02-15T20:10:08.000Z</time>
        <sat>6</sat>
      </trkpt>
      <trkpt lat="32.762315" lon="-16.791312">
        <ele>292.3</ele>
        <time>2025-02-15T20:10:13.000Z</time>
        <sat>6</sat>
      </trkpt>
      <trkpt lat="32.762317" lon="-16.791312">
        <ele>291.5</ele>
        <time>2025-02-15T20:10:16.000Z</time>
        <sat>6</sat>
      </trkpt>
      <trkpt lat="32.762317" lon="-16.791310">
        <ele>289.7</ele>
        <time>2025-02-15T20:10:35.000Z</time>
        <sat>6</sat>
      </trkpt>
      <trkpt lat="32.762407" lon="-16.791255">
        <ele>294.0</ele>
        <time>2025-02-15T20:10:44.000Z</time>
        <sat>6</sat>
      </trkpt>
      <trkpt lat="32.762502" lon="-16.791212">
        <ele>293.8</ele>
        <time>2025-02-15T20:10:50.000Z</time>
        <sat>6</sat>
      </trkpt>
      <trkpt lat="32.762578" lon="-16.791137">
        <ele>293.5</ele>
        <time>2025-02-15T20:10:55.000Z</time>
        <sat>6</sat>
      </trkpt>
      <trkpt lat="32.762650" lon="-16.791058">
        <ele>293.2</ele>
        <time>2025-02-15T20:11:00.000Z</time>
        <sat>6</sat>
      </trkpt>
      <trkpt lat="32.762738" lon="-16.791023">
        <ele>292.7</ele>
        <time>2025-02-15T20:11:06.000Z</time>
        <sat>6</sat>
      </trkpt>
      <trkpt lat="32.762835" lon="-16.790983">
        <ele>292.5</ele>
        <time>2025-02-15T20:11:12.000Z</time>
        <sat>6</sat>
      </trkpt>
      <trkpt lat="32.762925" lon="-16.790952">
        <ele>292.0</ele>
        <time>2025-02-15T20:11:17.000Z</time>
        <sat>6</sat>
      </trkpt>
      <trkpt lat="32.763032" lon="-16.790920">
        <ele>291.7</ele>
        <time>2025-02-15T20:11:22.000Z</time>
        <sat>6</sat>
      </trkpt>
      <trkpt lat="32.763133" lon="-16.790890">
        <ele>291.4</ele>
        <time>2025-02-15T20:11:27.000Z</time>
        <sat>6</sat>
      </trkpt>
      <trkpt lat="32.763233" lon="-16.790843">
        <ele>291.3</ele>
        <time>2025-02-15T20:11:33.000Z</time>
        <sat>6</sat>
      </trkpt>
      <trkpt lat="32.763307" lon="-16.790780">
        <ele>291.3</ele>
        <time>2025-02-15T20:11:37.000Z</time>
        <sat>7</sat>
      </trkpt>
      <trkpt lat="32.763377" lon="-16.790698">
        <ele>291.3</ele>
        <time>2025-02-15T20:11:41.000Z</time>
        <sat>7</sat>
      </trkpt>
      <trkpt lat="32.763418" lon="-16.790597">
        <ele>291.5</ele>
        <time>2025-02-15T20:11:45.000Z</time>
        <sat>6</sat>
      </trkpt>
      <trkpt lat="32.763470" lon="-16.790495">
        <ele>291.8</ele>
        <time>2025-02-15T20:11:50.000Z</time>
        <sat>6</sat>
      </trkpt>
      <trkpt lat="32.763500" lon="-16.790383">
        <ele>293.0</ele>
        <time>2025-02-15T20:11:58.000Z</time>
        <sat>7</sat>
      </trkpt>
      <trkpt lat="32.763522" lon="-16.790278">
        <ele>294.5</ele>
        <time>2025-02-15T20:12:05.000Z</time>
        <sat>7</sat>
      </trkpt>
      <trkpt lat="32.763498" lon="-16.790170">
        <ele>296.2</ele>
        <time>2025-02-15T20:12:13.000Z</time>
        <sat>7</sat>
      </trkpt>
      <trkpt lat="32.763498" lon="-16.790053">
        <ele>298.6</ele>
        <time>2025-02-15T20:12:21.000Z</time>
        <sat>7</sat>
      </trkpt>
      <trkpt lat="32.763515" lon="-16.789940">
        <ele>300.1</ele>
        <time>2025-02-15T20:12:29.000Z</time>
        <sat>7</sat>
      </trkpt>
      <trkpt lat="32.763517" lon="-16.789828">
        <ele>300.8</ele>
        <time>2025-02-15T20:12:35.000Z</time>
        <sat>7</sat>
      </trkpt>
      <trkpt lat="32.763458" lon="-16.789743">
        <ele>301.4</ele>
        <time>2025-02-15T20:12:40.000Z</time>
        <sat>7</sat>
      </trkpt>
      <trkpt lat="32.763398" lon="-16.789633">
        <ele>301.8</ele>
        <time>2025-02-15T20:12:45.000Z</time>
        <sat>7</sat>
      </trkpt>
      <trkpt lat="32.763342" lon="-16.789528">
        <ele>302.1</ele>
        <time>2025-02-15T20:12:50.000Z</time>
        <sat>7</sat>
      </trkpt>
      <trkpt lat="32.763320" lon="-16.789417">
        <ele>302.2</ele>
        <time>2025-02-15T20:12:56.000Z</time>
        <sat>7</sat>
      </trkpt>
      <trkpt lat="32.763288" lon="-16.789310">
        <ele>302.2</ele>
        <time>2025-02-15T20:13:00.000Z</time>
        <sat>7</sat>
      </trkpt>
      <trkpt lat="32.763242" lon="-16.789190">
        <ele>302.0</ele>
        <time>2025-02-15T20:13:05.000Z</time>
        <sat>7</sat>
      </trkpt>
      <trkpt lat="32.763182" lon="-16.789108">
        <ele>301.9</ele>
        <time>2025-02-15T20:13:09.000Z</time>
        <sat>7</sat>
      </trkpt>
      <trkpt lat="32.763107" lon="-16.789017">
        <ele>301.6</ele>
        <time>2025-02-15T20:13:15.000Z</time>
        <sat>8</sat>
      </trkpt>
      <trkpt lat="32.763012" lon="-16.788982">
        <ele>301.2</ele>
        <time>2025-02-15T20:13:20.000Z</time>
        <sat>6</sat>
      </trkpt>
      <trkpt lat="32.762932" lon="-16.788928">
        <ele>300.8</ele>
        <time>2025-02-15T20:13:25.000Z</time>
        <sat>7</sat>
      </trkpt>
      <trkpt lat="32.762857" lon="-16.788992">
        <ele>300.0</ele>
        <time>2025-02-15T20:13:32.000Z</time>
        <sat>6</sat>
      </trkpt>
      <trkpt lat="32.762800" lon="-16.789095">
        <ele>299.4</ele>
        <time>2025-02-15T20:13:37.000Z</time>
        <sat>6</sat>
      </trkpt>
      <trkpt lat="32.762750" lon="-16.789195">
        <ele>299.1</ele>
        <time>2025-02-15T20:13:42.000Z</time>
        <sat>6</sat>
      </trkpt>
      <trkpt lat="32.762667" lon="-16.789253">
        <ele>298.8</ele>
        <time>2025-02-15T20:13:50.000Z</time>
        <sat>6</sat>
      </trkpt>
      <trkpt lat="32.762580" lon="-16.789300">
        <ele>298.6</ele>
        <time>2025-02-15T20:13:56.000Z</time>
        <sat>6</sat>
      </trkpt>
      <trkpt lat="32.762482" lon="-16.789303">
        <ele>298.2</ele>
        <time>2025-02-15T20:14:03.000Z</time>
        <sat>6</sat>
      </trkpt>
      <trkpt lat="32.762393" lon="-16.789352">
        <ele>298.0</ele>
        <time>2025-02-15T20:14:07.000Z</time>
        <sat>6</sat>
      </trkpt>
      <trkpt lat="32.762303" lon="-16.789377">
        <ele>297.8</ele>
        <time>2025-02-15T20:14:11.000Z</time>
        <sat>6</sat>
      </trkpt>
      <trkpt lat="32.762212" lon="-16.789378">
        <ele>297.5</ele>
        <time>2025-02-15T20:14:15.000Z</time>
        <sat>6</sat>
      </trkpt>
      <trkpt lat="32.762127" lon="-16.789322">
        <ele>297.1</ele>
        <time>2025-02-15T20:14:20.000Z</time>
        <sat>6</sat>
      </trkpt>
      <trkpt lat="32.762025" lon="-16.789347">
        <ele>296.5</ele>
        <time>2025-02-15T20:14:25.000Z</time>
        <sat>6</sat>
      </trkpt>
      <trkpt lat="32.761940" lon="-16.789402">
        <ele>295.9</ele>
        <time>2025-02-15T20:14:30.000Z</time>
        <sat>6</sat>
      </trkpt>
      <trkpt lat="32.761893" lon="-16.789497">
        <ele>295.4</ele>
        <time>2025-02-15T20:14:35.000Z</time>
        <sat>6</sat>
      </trkpt>
      <trkpt lat="32.761870" lon="-16.789630">
        <ele>294.9</ele>
        <time>2025-02-15T20:14:40.000Z</time>
        <sat>6</sat>
      </trkpt>
      <trkpt lat="32.761823" lon="-16.789725">
        <ele>294.3</ele>
        <time>2025-02-15T20:14:44.000Z</time>
        <sat>6</sat>
      </trkpt>
      <trkpt lat="32.761730" lon="-16.789743">
        <ele>294.0</ele>
        <time>2025-02-15T20:14:49.000Z</time>
        <sat>6</sat>
      </trkpt>
      <trkpt lat="32.761645" lon="-16.789673">
        <ele>293.7</ele>
        <time>2025-02-15T20:14:54.000Z</time>
        <sat>6</sat>
      </trkpt>
      <trkpt lat="32.761543" lon="-16.789682">
        <ele>293.3</ele>
        <time>2025-02-15T20:14:58.000Z</time>
        <sat>6</sat>
      </trkpt>
      <trkpt lat="32.761457" lon="-16.789637">
        <ele>292.8</ele>
        <time>2025-02-15T20:15:05.000Z</time>
        <sat>6</sat>
      </trkpt>
      <trkpt lat="32.761353" lon="-16.789603">
        <ele>292.8</ele>
        <time>2025-02-15T20:15:12.000Z</time>
        <sat>6</sat>
      </trkpt>
      <trkpt lat="32.761265" lon="-16.789530">
        <ele>292.9</ele>
        <time>2025-02-15T20:15:18.000Z</time>
        <sat>6</sat>
      </trkpt>
      <trkpt lat="32.761168" lon="-16.789468">
        <ele>293.1</ele>
        <time>2025-02-15T20:15:23.000Z</time>
        <sat>6</sat>
      </trkpt>
      <trkpt lat="32.761068" lon="-16.789432">
        <ele>293.4</ele>
        <time>2025-02-15T20:15:29.000Z</time>
        <sat>6</sat>
      </trkpt>
      <trkpt lat="32.760993" lon="-16.789347">
        <ele>293.7</ele>
        <time>2025-02-15T20:15:35.000Z</time>
        <sat>6</sat>
      </trkpt>
      <trkpt lat="32.760903" lon="-16.789280">
        <ele>294.0</ele>
        <time>2025-02-15T20:15:40.000Z</time>
        <sat>6</sat>
      </trkpt>
      <trkpt lat="32.760805" lon="-16.789260">
        <ele>294.1</ele>
        <time>2025-02-15T20:15:46.000Z</time>
        <sat>6</sat>
      </trkpt>
      <trkpt lat="32.760725" lon="-16.789195">
        <ele>294.9</ele>
        <time>2025-02-15T20:15:56.000Z</time>
        <sat>6</sat>
      </trkpt>
      <trkpt lat="32.760695" lon="-16.789085">
        <ele>295.5</ele>
        <time>2025-02-15T20:16:01.000Z</time>
        <sat>6</sat>
      </trkpt>
      <trkpt lat="32.760613" lon="-16.789000">
        <ele>296.0</ele>
        <time>2025-02-15T20:16:07.000Z</time>
        <sat>6</sat>
      </trkpt>
      <trkpt lat="32.760520" lon="-16.789025">
        <ele>296.7</ele>
        <time>2025-02-15T20:16:16.000Z</time>
        <sat>6</sat>
      </trkpt>
      <trkpt lat="32.760427" lon="-16.789072">
        <ele>297.6</ele>
        <time>2025-02-15T20:16:24.000Z</time>
        <sat>6</sat>
      </trkpt>
      <trkpt lat="32.760327" lon="-16.789122">
        <ele>297.7</ele>
        <time>2025-02-15T20:16:29.000Z</time>
        <sat>6</sat>
      </trkpt>
      <trkpt lat="32.760252" lon="-16.789207">
        <ele>297.7</ele>
        <time>2025-02-15T20:16:34.000Z</time>
        <sat>6</sat>
      </trkpt>
      <trkpt lat="32.760162" lon="-16.789200">
        <ele>297.2</ele>
        <time>2025-02-15T20:16:45.000Z</time>
        <sat>6</sat>
      </trkpt>
      <trkpt lat="32.760172" lon="-16.789088">
        <ele>296.1</ele>
        <time>2025-02-15T20:16:55.000Z</time>
        <sat>5</sat>
      </trkpt>
      <trkpt lat="32.760117" lon="-16.788958">
        <ele>295.5</ele>
        <time>2025-02-15T20:16:59.000Z</time>
        <sat>5</sat>
      </trkpt>
      <trkpt lat="32.760062" lon="-16.788872">
        <ele>295.2</ele>
        <time>2025-02-15T20:17:02.000Z</time>
        <sat>6</sat>
      </trkpt>
      <trkpt lat="32.760010" lon="-16.788738">
        <ele>294.9</ele>
        <time>2025-02-15T20:17:06.000Z</time>
        <sat>6</sat>
      </trkpt>
      <trkpt lat="32.759942" lon="-16.788657">
        <ele>294.7</ele>
        <time>2025-02-15T20:17:10.000Z</time>
        <sat>6</sat>
      </trkpt>
      <trkpt lat="32.759855" lon="-16.788610">
        <ele>294.7</ele>
        <time>2025-02-15T20:17:16.000Z</time>
        <sat>6</sat>
      </trkpt>
      <trkpt lat="32.759765" lon="-16.788618">
        <ele>294.9</ele>
        <time>2025-02-15T20:17:25.000Z</time>
        <sat>6</sat>
      </trkpt>
      <trkpt lat="32.759663" lon="-16.788657">
        <ele>295.1</ele>
        <time>2025-02-15T20:17:30.000Z</time>
        <sat>6</sat>
      </trkpt>
      <trkpt lat="32.759580" lon="-16.788590">
        <ele>295.1</ele>
        <time>2025-02-15T20:17:37.000Z</time>
        <sat>5</sat>
      </trkpt>
      <trkpt lat="32.759558" lon="-16.788485">
        <ele>295.0</ele>
        <time>2025-02-15T20:17:45.000Z</time>
        <sat>6</sat>
      </trkpt>
      <trkpt lat="32.759525" lon="-16.788345">
        <ele>294.8</ele>
        <time>2025-02-15T20:17:57.000Z</time>
        <sat>5</sat>
      </trkpt>
      <trkpt lat="32.759483" lon="-16.788210">
        <ele>294.6</ele>
        <time>2025-02-15T20:18:00.000Z</time>
        <sat>5</sat>
      </trkpt>
      <trkpt lat="32.759437" lon="-16.788072">
        <ele>294.0</ele>
        <time>2025-02-15T20:18:05.000Z</time>
        <sat>5</sat>
      </trkpt>
      <trkpt lat="32.759357" lon="-16.788007">
        <ele>293.7</ele>
        <time>2025-02-15T20:18:07.000Z</time>
        <sat>5</sat>
      </trkpt>
      <trkpt lat="32.759277" lon="-16.787948">
        <ele>293.5</ele>
        <time>2025-02-15T20:18:09.000Z</time>
        <sat>5</sat>
      </trkpt>
      <trkpt lat="32.759185" lon="-16.787948">
        <ele>293.3</ele>
        <time>2025-02-15T20:18:12.000Z</time>
        <sat>6</sat>
      </trkpt>
      <trkpt lat="32.759105" lon="-16.787897">
        <ele>293.0</ele>
        <time>2025-02-15T20:18:16.000Z</time>
        <sat>5</sat>
      </trkpt>
      <trkpt lat="32.759027" lon="-16.787833">
        <ele>293.0</ele>
        <time>2025-02-15T20:18:20.000Z</time>
        <sat>5</sat>
      </trkpt>
      <trkpt lat="32.758963" lon="-16.787732">
        <ele>292.9</ele>
        <time>2025-02-15T20:18:36.000Z</time>
        <sat>5</sat>
      </trkpt>
      <trkpt lat="32.758898" lon="-16.787655">
        <ele>292.9</ele>
        <time>2025-02-15T20:18:40.000Z</time>
        <sat>6</sat>
      </trkpt>
      <trkpt lat="32.758838" lon="-16.787567">
        <ele>292.9</ele>
        <time>2025-02-15T20:18:42.000Z</time>
        <sat>6</sat>
      </trkpt>
      <trkpt lat="32.758735" lon="-16.787513">
        <ele>292.9</ele>
        <time>2025-02-15T20:18:46.000Z</time>
        <sat>6</sat>
      </trkpt>
      <trkpt lat="32.758640" lon="-16.787462">
        <ele>292.9</ele>
        <time>2025-02-15T20:18:50.000Z</time>
        <sat>6</sat>
      </trkpt>
      <trkpt lat="32.758560" lon="-16.787408">
        <ele>292.9</ele>
        <time>2025-02-15T20:18:57.000Z</time>
        <sat>6</sat>
      </trkpt>
      <trkpt lat="32.758527" lon="-16.787282">
        <ele>293.0</ele>
        <time>2025-02-15T20:19:02.000Z</time>
        <sat>7</sat>
      </trkpt>
      <trkpt lat="32.758473" lon="-16.787172">
        <ele>293.0</ele>
        <time>2025-02-15T20:19:05.000Z</time>
        <sat>7</sat>
      </trkpt>
      <trkpt lat="32.758375" lon="-16.787145">
        <ele>293.2</ele>
        <time>2025-02-15T20:19:13.000Z</time>
        <sat>7</sat>
      </trkpt>
      <trkpt lat="32.758295" lon="-16.787070">
        <ele>293.7</ele>
        <time>2025-02-15T20:19:20.000Z</time>
        <sat>7</sat>
      </trkpt>
      <trkpt lat="32.758233" lon="-16.786970">
        <ele>293.9</ele>
        <time>2025-02-15T20:19:24.000Z</time>
        <sat>7</sat>
      </trkpt>
      <trkpt lat="32.758158" lon="-16.786902">
        <ele>294.0</ele>
        <time>2025-02-15T20:19:29.000Z</time>
        <sat>6</sat>
      </trkpt>
      <trkpt lat="32.758087" lon="-16.786835">
        <ele>294.6</ele>
        <time>2025-02-15T20:19:37.000Z</time>
        <sat>6</sat>
      </trkpt>
      <trkpt lat="32.758097" lon="-16.786720">
        <ele>296.2</ele>
        <time>2025-02-15T20:19:46.000Z</time>
        <sat>6</sat>
      </trkpt>
      <trkpt lat="32.758087" lon="-16.786592">
        <ele>296.5</ele>
        <time>2025-02-15T20:19:51.000Z</time>
        <sat>6</sat>
      </trkpt>
      <trkpt lat="32.758083" lon="-16.786478">
        <ele>296.5</ele>
        <time>2025-02-15T20:19:56.000Z</time>
        <sat>7</sat>
      </trkpt>
      <trkpt lat="32.758067" lon="-16.786368">
        <ele>296.3</ele>
        <time>2025-02-15T20:20:00.000Z</time>
        <sat>7</sat>
      </trkpt>
      <trkpt lat="32.758073" lon="-16.786248">
        <ele>296.0</ele>
        <time>2025-02-15T20:20:05.000Z</time>
        <sat>7</sat>
      </trkpt>
      <trkpt lat="32.758070" lon="-16.786140">
        <ele>295.6</ele>
        <time>2025-02-15T20:20:11.000Z</time>
        <sat>7</sat>
      </trkpt>
      <trkpt lat="32.758085" lon="-16.786022">
        <ele>295.7</ele>
        <time>2025-02-15T20:20:18.000Z</time>
        <sat>7</sat>
      </trkpt>
      <trkpt lat="32.758100" lon="-16.785913">
        <ele>296.2</ele>
        <time>2025-02-15T20:20:26.000Z</time>
        <sat>7</sat>
      </trkpt>
      <trkpt lat="32.758083" lon="-16.785797">
        <ele>297.6</ele>
        <time>2025-02-15T20:20:35.000Z</time>
        <sat>7</sat>
      </trkpt>
      <trkpt lat="32.757985" lon="-16.785762">
        <ele>297.8</ele>
        <time>2025-02-15T20:20:40.000Z</time>
        <sat>7</sat>
      </trkpt>
      <trkpt lat="32.757917" lon="-16.785678">
        <ele>298.1</ele>
        <time>2025-02-15T20:20:46.000Z</time>
        <sat>7</sat>
      </trkpt>
      <trkpt lat="32.757885" lon="-16.785558">
        <ele>298.1</ele>
        <time>2025-02-15T20:20:52.000Z</time>
        <sat>7</sat>
      </trkpt>
      <trkpt lat="32.757895" lon="-16.785448">
        <ele>298.0</ele>
        <time>2025-02-15T20:20:57.000Z</time>
        <sat>7</sat>
      </trkpt>
      <trkpt lat="32.757915" lon="-16.785337">
        <ele>297.9</ele>
        <time>2025-02-15T20:21:01.000Z</time>
        <sat>7</sat>
      </trkpt>
      <trkpt lat="32.757882" lon="-16.785227">
        <ele>297.7</ele>
        <time>2025-02-15T20:21:05.000Z</time>
        <sat>7</sat>
      </trkpt>
      <trkpt lat="32.757797" lon="-16.785150">
        <ele>297.4</ele>
        <time>2025-02-15T20:21:11.000Z</time>
        <sat>7</sat>
      </trkpt>
      <trkpt lat="32.757710" lon="-16.785093">
        <ele>297.2</ele>
        <time>2025-02-15T20:21:16.000Z</time>
        <sat>7</sat>
      </trkpt>
      <trkpt lat="32.757625" lon="-16.785033">
        <ele>297.0</ele>
        <time>2025-02-15T20:21:21.000Z</time>
        <sat>7</sat>
      </trkpt>
      <trkpt lat="32.757532" lon="-16.784988">
        <ele>296.8</ele>
        <time>2025-02-15T20:21:26.000Z</time>
        <sat>7</sat>
      </trkpt>
      <trkpt lat="32.757443" lon="-16.784957">
        <ele>296.8</ele>
        <time>2025-02-15T20:21:34.000Z</time>
        <sat>7</sat>
      </trkpt>
      <trkpt lat="32.757380" lon="-16.784870">
        <ele>296.8</ele>
        <time>2025-02-15T20:21:41.000Z</time>
        <sat>7</sat>
      </trkpt>
      <trkpt lat="32.757307" lon="-16.784802">
        <ele>296.8</ele>
        <time>2025-02-15T20:21:48.000Z</time>
        <sat>7</sat>
      </trkpt>
      <trkpt lat="32.757237" lon="-16.784730">
        <ele>296.8</ele>
        <time>2025-02-15T20:21:55.000Z</time>
        <sat>7</sat>
      </trkpt>
      <trkpt lat="32.757180" lon="-16.784627">
        <ele>296.8</ele>
        <time>2025-02-15T20:22:00.000Z</time>
        <sat>7</sat>
      </trkpt>
      <trkpt lat="32.757125" lon="-16.784522">
        <ele>296.8</ele>
        <time>2025-02-15T20:22:05.000Z</time>
        <sat>7</sat>
      </trkpt>
      <trkpt lat="32.757063" lon="-16.784437">
        <ele>296.9</ele>
        <time>2025-02-15T20:22:11.000Z</time>
        <sat>7</sat>
      </trkpt>
      <trkpt lat="32.756978" lon="-16.784397">
        <ele>297.2</ele>
        <time>2025-02-15T20:22:17.000Z</time>
        <sat>7</sat>
      </trkpt>
      <trkpt lat="32.756918" lon="-16.784317">
        <ele>297.6</ele>
        <time>2025-02-15T20:22:26.000Z</time>
        <sat>6</sat>
      </trkpt>
      <trkpt lat="32.756890" lon="-16.784197">
        <ele>298.3</ele>
        <time>2025-02-15T20:22:31.000Z</time>
        <sat>7</sat>
      </trkpt>
      <trkpt lat="32.756900" lon="-16.784078">
        <ele>299.2</ele>
        <time>2025-02-15T20:22:39.000Z</time>
        <sat>7</sat>
      </trkpt>
      <trkpt lat="32.756880" lon="-16.783963">
        <ele>299.7</ele>
        <time>2025-02-15T20:22:45.000Z</time>
        <sat>7</sat>
      </trkpt>
      <trkpt lat="32.756798" lon="-16.783908">
        <ele>299.8</ele>
        <time>2025-02-15T20:22:51.000Z</time>
        <sat>7</sat>
      </trkpt>
      <trkpt lat="32.756787" lon="-16.783793">
        <ele>300.2</ele>
        <time>2025-02-15T20:22:58.000Z</time>
        <sat>7</sat>
      </trkpt>
      <trkpt lat="32.756757" lon="-16.783678">
        <ele>300.7</ele>
        <time>2025-02-15T20:23:03.000Z</time>
        <sat>7</sat>
      </trkpt>
      <trkpt lat="32.756713" lon="-16.783572">
        <ele>300.9</ele>
        <time>2025-02-15T20:23:07.000Z</time>
        <sat>7</sat>
      </trkpt>
      <trkpt lat="32.756648" lon="-16.783483">
        <ele>301.0</ele>
        <time>2025-02-15T20:23:11.000Z</time>
        <sat>7</sat>
      </trkpt>
      <trkpt lat="32.756565" lon="-16.783422">
        <ele>301.4</ele>
        <time>2025-02-15T20:23:20.000Z</time>
        <sat>7</sat>
      </trkpt>
      <trkpt lat="32.756497" lon="-16.783350">
        <ele>302.0</ele>
        <time>2025-02-15T20:23:30.000Z</time>
        <sat>7</sat>
      </trkpt>
      <trkpt lat="32.756538" lon="-16.783240">
        <ele>302.1</ele>
        <time>2025-02-15T20:23:37.000Z</time>
        <sat>7</sat>
      </trkpt>
      <trkpt lat="32.756543" lon="-16.783132">
        <ele>302.1</ele>
        <time>2025-02-15T20:23:43.000Z</time>
        <sat>7</sat>
      </trkpt>
      <trkpt lat="32.756510" lon="-16.783027">
        <ele>302.2</ele>
        <time>2025-02-15T20:23:49.000Z</time>
        <sat>7</sat>
      </trkpt>
      <trkpt lat="32.756477" lon="-16.782917">
        <ele>302.4</ele>
        <time>2025-02-15T20:23:56.000Z</time>
        <sat>7</sat>
      </trkpt>
      <trkpt lat="32.756403" lon="-16.782828">
        <ele>302.4</ele>
        <time>2025-02-15T20:24:02.000Z</time>
        <sat>7</sat>
      </trkpt>
      <trkpt lat="32.756320" lon="-16.782783">
        <ele>302.4</ele>
        <time>2025-02-15T20:24:07.000Z</time>
        <sat>6</sat>
      </trkpt>
      <trkpt lat="32.756223" lon="-16.782735">
        <ele>302.5</ele>
        <time>2025-02-15T20:24:13.000Z</time>
        <sat>6</sat>
      </trkpt>
      <trkpt lat="32.756125" lon="-16.782705">
        <ele>302.6</ele>
        <time>2025-02-15T20:24:20.000Z</time>
        <sat>6</sat>
      </trkpt>
      <trkpt lat="32.756037" lon="-16.782677">
        <ele>302.7</ele>
        <time>2025-02-15T20:24:25.000Z</time>
        <sat>6</sat>
      </trkpt>
      <trkpt lat="32.755947" lon="-16.782647">
        <ele>302.9</ele>
        <time>2025-02-15T20:24:31.000Z</time>
        <sat>6</sat>
      </trkpt>
      <trkpt lat="32.755872" lon="-16.782567">
        <ele>303.2</ele>
        <time>2025-02-15T20:24:43.000Z</time>
        <sat>5</sat>
      </trkpt>
      <trkpt lat="32.755802" lon="-16.782475">
        <ele>303.2</ele>
        <time>2025-02-15T20:24:50.000Z</time>
        <sat>6</sat>
      </trkpt>
      <trkpt lat="32.755752" lon="-16.782365">
        <ele>303.2</ele>
        <time>2025-02-15T20:24:54.000Z</time>
        <sat>6</sat>
      </trkpt>
      <trkpt lat="32.755708" lon="-16.782268">
        <ele>303.3</ele>
        <time>2025-02-15T20:24:59.000Z</time>
        <sat>6</sat>
      </trkpt>
      <trkpt lat="32.755655" lon="-16.782180">
        <ele>303.5</ele>
        <time>2025-02-15T20:25:06.000Z</time>
        <sat>7</sat>
      </trkpt>
      <trkpt lat="32.755595" lon="-16.782078">
        <ele>303.8</ele>
        <time>2025-02-15T20:25:15.000Z</time>
        <sat>7</sat>
      </trkpt>
      <trkpt lat="32.755535" lon="-16.781975">
        <ele>303.9</ele>
        <time>2025-02-15T20:25:24.000Z</time>
        <sat>7</sat>
      </trkpt>
      <trkpt lat="32.755485" lon="-16.781868">
        <ele>303.9</ele>
        <time>2025-02-15T20:25:30.000Z</time>
        <sat>7</sat>
      </trkpt>
      <trkpt lat="32.755427" lon="-16.781775">
        <ele>303.9</ele>
        <time>2025-02-15T20:25:37.000Z</time>
        <sat>6</sat>
      </trkpt>
      <trkpt lat="32.755337" lon="-16.781703">
        <ele>303.9</ele>
        <time>2025-02-15T20:25:45.000Z</time>
        <sat>6</sat>
      </trkpt>
      <trkpt lat="32.755335" lon="-16.781590">
        <ele>304.0</ele>
        <time>2025-02-15T20:25:56.000Z</time>
        <sat>6</sat>
      </trkpt>
      <trkpt lat="32.755418" lon="-16.781497">
        <ele>303.8</ele>
        <time>2025-02-15T20:26:04.000Z</time>
        <sat>7</sat>
      </trkpt>
      <trkpt lat="32.755450" lon="-16.781380">
        <ele>303.7</ele>
        <time>2025-02-15T20:26:08.000Z</time>
        <sat>7</sat>
      </trkpt>
      <trkpt lat="32.755462" lon="-16.781258">
        <ele>303.7</ele>
        <time>2025-02-15T20:26:12.000Z</time>
        <sat>7</sat>
      </trkpt>
      <trkpt lat="32.755502" lon="-16.781143">
        <ele>303.6</ele>
        <time>2025-02-15T20:26:16.000Z</time>
        <sat>7</sat>
      </trkpt>
      <trkpt lat="32.755525" lon="-16.781038">
        <ele>303.6</ele>
        <time>2025-02-15T20:26:20.000Z</time>
        <sat>6</sat>
      </trkpt>
      <trkpt lat="32.755568" lon="-16.780942">
        <ele>303.5</ele>
        <time>2025-02-15T20:26:24.000Z</time>
        <sat>6</sat>
      </trkpt>
      <trkpt lat="32.755607" lon="-16.780830">
        <ele>303.4</ele>
        <time>2025-02-15T20:26:29.000Z</time>
        <sat>6</sat>
      </trkpt>
      <trkpt lat="32.755608" lon="-16.780722">
        <ele>303.2</ele>
        <time>2025-02-15T20:26:33.000Z</time>
        <sat>7</sat>
      </trkpt>
      <trkpt lat="32.755543" lon="-16.780605">
        <ele>303.0</ele>
        <time>2025-02-15T20:26:38.000Z</time>
        <sat>7</sat>
      </trkpt>
      <trkpt lat="32.755505" lon="-16.780482">
        <ele>302.7</ele>
        <time>2025-02-15T20:26:43.000Z</time>
        <sat>7</sat>
      </trkpt>
      <trkpt lat="32.755503" lon="-16.780357">
        <ele>302.3</ele>
        <time>2025-02-15T20:26:48.000Z</time>
        <sat>7</sat>
      </trkpt>
      <trkpt lat="32.755490" lon="-16.780232">
        <ele>302.1</ele>
        <time>2025-02-15T20:26:53.000Z</time>
        <sat>7</sat>
      </trkpt>
      <trkpt lat="32.755437" lon="-16.780133">
        <ele>302.0</ele>
        <time>2025-02-15T20:26:58.000Z</time>
        <sat>7</sat>
      </trkpt>
      <trkpt lat="32.755353" lon="-16.780067">
        <ele>302.2</ele>
        <time>2025-02-15T20:27:07.000Z</time>
        <sat>7</sat>
      </trkpt>
      <trkpt lat="32.755253" lon="-16.780080">
        <ele>302.6</ele>
        <time>2025-02-15T20:27:16.000Z</time>
        <sat>6</sat>
      </trkpt>
      <trkpt lat="32.755162" lon="-16.780037">
        <ele>303.2</ele>
        <time>2025-02-15T20:27:25.000Z</time>
        <sat>6</sat>
      </trkpt>
      <trkpt lat="32.755068" lon="-16.780040">
        <ele>304.6</ele>
        <time>2025-02-15T20:27:36.000Z</time>
        <sat>6</sat>
      </trkpt>
      <trkpt lat="32.754982" lon="-16.779995">
        <ele>305.7</ele>
        <time>2025-02-15T20:27:43.000Z</time>
        <sat>6</sat>
      </trkpt>
      <trkpt lat="32.754910" lon="-16.779885">
        <ele>306.2</ele>
        <time>2025-02-15T20:27:49.000Z</time>
        <sat>6</sat>
      </trkpt>
      <trkpt lat="32.754865" lon="-16.779787">
        <ele>306.5</ele>
        <time>2025-02-15T20:27:52.000Z</time>
        <sat>6</sat>
      </trkpt>
      <trkpt lat="32.754830" lon="-16.779687">
        <ele>306.8</ele>
        <time>2025-02-15T20:27:57.000Z</time>
        <sat>6</sat>
      </trkpt>
      <trkpt lat="32.754845" lon="-16.779580">
        <ele>307.8</ele>
        <time>2025-02-15T20:28:06.000Z</time>
        <sat>6</sat>
      </trkpt>
      <trkpt lat="32.754870" lon="-16.779465">
        <ele>309.0</ele>
        <time>2025-02-15T20:28:14.000Z</time>
        <sat>6</sat>
      </trkpt>
      <trkpt lat="32.754927" lon="-16.779382">
        <ele>309.1</ele>
        <time>2025-02-15T20:28:22.000Z</time>
        <sat>6</sat>
      </trkpt>
      <trkpt lat="32.754970" lon="-16.779267">
        <ele>309.1</ele>
        <time>2025-02-15T20:28:27.000Z</time>
        <sat>6</sat>
      </trkpt>
      <trkpt lat="32.754965" lon="-16.779158">
        <ele>309.1</ele>
        <time>2025-02-15T20:28:31.000Z</time>
        <sat>6</sat>
      </trkpt>
      <trkpt lat="32.755005" lon="-16.779058">
        <ele>309.1</ele>
        <time>2025-02-15T20:28:38.000Z</time>
        <sat>6</sat>
      </trkpt>
      <trkpt lat="32.755017" lon="-16.778942">
        <ele>309.1</ele>
        <time>2025-02-15T20:28:41.000Z</time>
        <sat>6</sat>
      </trkpt>
      <trkpt lat="32.755030" lon="-16.778807">
        <ele>309.0</ele>
        <time>2025-02-15T20:28:45.000Z</time>
        <sat>7</sat>
      </trkpt>
      <trkpt lat="32.754983" lon="-16.778693">
        <ele>308.8</ele>
        <time>2025-02-15T20:28:50.000Z</time>
        <sat>7</sat>
      </trkpt>
      <trkpt lat="32.754922" lon="-16.778600">
        <ele>308.6</ele>
        <time>2025-02-15T20:28:56.000Z</time>
        <sat>6</sat>
      </trkpt>
      <trkpt lat="32.754935" lon="-16.778493">
        <ele>308.1</ele>
        <time>2025-02-15T20:29:04.000Z</time>
        <sat>6</sat>
      </trkpt>
      <trkpt lat="32.754955" lon="-16.778370">
        <ele>307.6</ele>
        <time>2025-02-15T20:29:10.000Z</time>
        <sat>6</sat>
      </trkpt>
      <trkpt lat="32.755003" lon="-16.778253">
        <ele>306.9</ele>
        <time>2025-02-15T20:29:15.000Z</time>
        <sat>6</sat>
      </trkpt>
      <trkpt lat="32.755052" lon="-16.778133">
        <ele>306.0</ele>
        <time>2025-02-15T20:29:20.000Z</time>
        <sat>6</sat>
      </trkpt>
      <trkpt lat="32.755070" lon="-16.778002">
        <ele>305.4</ele>
        <time>2025-02-15T20:29:24.000Z</time>
        <sat>6</sat>
      </trkpt>
      <trkpt lat="32.755027" lon="-16.777883">
        <ele>305.1</ele>
        <time>2025-02-15T20:29:28.000Z</time>
        <sat>6</sat>
      </trkpt>
      <trkpt lat="32.754945" lon="-16.777800">
        <ele>304.8</ele>
        <time>2025-02-15T20:29:33.000Z</time>
        <sat>6</sat>
      </trkpt>
      <trkpt lat="32.754857" lon="-16.777720">
        <ele>304.8</ele>
        <time>2025-02-15T20:29:38.000Z</time>
        <sat>6</sat>
      </trkpt>
      <trkpt lat="32.754825" lon="-16.777592">
        <ele>304.7</ele>
        <time>2025-02-15T20:29:43.000Z</time>
        <sat>6</sat>
      </trkpt>
      <trkpt lat="32.754867" lon="-16.777477">
        <ele>304.7</ele>
        <time>2025-02-15T20:29:48.000Z</time>
        <sat>6</sat>
      </trkpt>
      <trkpt lat="32.754912" lon="-16.777383">
        <ele>304.5</ele>
        <time>2025-02-15T20:29:53.000Z</time>
        <sat>6</sat>
      </trkpt>
      <trkpt lat="32.754978" lon="-16.777298">
        <ele>304.4</ele>
        <time>2025-02-15T20:30:01.000Z</time>
        <sat>6</sat>
      </trkpt>
      <trkpt lat="32.755040" lon="-16.777212">
        <ele>304.5</ele>
        <time>2025-02-15T20:30:08.000Z</time>
        <sat>6</sat>
      </trkpt>
      <trkpt lat="32.755087" lon="-16.777115">
        <ele>304.6</ele>
        <time>2025-02-15T20:30:14.000Z</time>
        <sat>6</sat>
      </trkpt>
      <trkpt lat="32.755122" lon="-16.776995">
        <ele>304.6</ele>
        <time>2025-02-15T20:30:19.000Z</time>
        <sat>6</sat>
      </trkpt>
      <trkpt lat="32.755177" lon="-16.776892">
        <ele>304.5</ele>
        <time>2025-02-15T20:30:23.000Z</time>
        <sat>6</sat>
      </trkpt>
      <trkpt lat="32.755228" lon="-16.776793">
        <ele>304.5</ele>
        <time>2025-02-15T20:30:27.000Z</time>
        <sat>6</sat>
      </trkpt>
      <trkpt lat="32.755287" lon="-16.776702">
        <ele>304.3</ele>
        <time>2025-02-15T20:30:31.000Z</time>
        <sat>6</sat>
      </trkpt>
      <trkpt lat="32.755327" lon="-16.776600">
        <ele>304.1</ele>
        <time>2025-02-15T20:30:35.000Z</time>
        <sat>6</sat>
      </trkpt>
      <trkpt lat="32.755382" lon="-16.776513">
        <ele>303.9</ele>
        <time>2025-02-15T20:30:39.000Z</time>
        <sat>6</sat>
      </trkpt>
      <trkpt lat="32.755453" lon="-16.776418">
        <ele>303.6</ele>
        <time>2025-02-15T20:30:44.000Z</time>
        <sat>6</sat>
      </trkpt>
      <trkpt lat="32.755523" lon="-16.776343">
        <ele>303.6</ele>
        <time>2025-02-15T20:30:48.000Z</time>
        <sat>6</sat>
      </trkpt>
      <trkpt lat="32.755537" lon="-16.776220">
        <ele>303.5</ele>
        <time>2025-02-15T20:30:52.000Z</time>
        <sat>6</sat>
      </trkpt>
      <trkpt lat="32.755507" lon="-16.776115">
        <ele>303.4</ele>
        <time>2025-02-15T20:30:59.000Z</time>
        <sat>6</sat>
      </trkpt>
      <trkpt lat="32.755468" lon="-16.776008">
        <ele>303.3</ele>
        <time>2025-02-15T20:31:06.000Z</time>
        <sat>6</sat>
      </trkpt>
      <trkpt lat="32.755455" lon="-16.775888">
        <ele>303.0</ele>
        <time>2025-02-15T20:31:13.000Z</time>
        <sat>6</sat>
      </trkpt>
      <trkpt lat="32.755488" lon="-16.775783">
        <ele>302.6</ele>
        <time>2025-02-15T20:31:21.000Z</time>
        <sat>6</sat>
      </trkpt>
      <trkpt lat="32.755557" lon="-16.775707">
        <ele>302.2</ele>
        <time>2025-02-15T20:31:30.000Z</time>
        <sat>6</sat>
      </trkpt>
      <trkpt lat="32.755622" lon="-16.775630">
        <ele>301.8</ele>
        <time>2025-02-15T20:31:36.000Z</time>
        <sat>6</sat>
      </trkpt>
      <trkpt lat="32.755645" lon="-16.775508">
        <ele>301.6</ele>
        <time>2025-02-15T20:31:41.000Z</time>
        <sat>6</sat>
      </trkpt>
      <trkpt lat="32.755655" lon="-16.775382">
        <ele>301.5</ele>
        <time>2025-02-15T20:31:46.000Z</time>
        <sat>6</sat>
      </trkpt>
      <trkpt lat="32.755672" lon="-16.775267">
        <ele>301.5</ele>
        <time>2025-02-15T20:31:50.000Z</time>
        <sat>6</sat>
      </trkpt>
      <trkpt lat="32.755670" lon="-16.775153">
        <ele>301.5</ele>
        <time>2025-02-15T20:31:54.000Z</time>
        <sat>6</sat>
      </trkpt>
      <trkpt lat="32.755662" lon="-16.775033">
        <ele>301.5</ele>
        <time>2025-02-15T20:31:58.000Z</time>
        <sat>6</sat>
      </trkpt>
      <trkpt lat="32.755657" lon="-16.774923">
        <ele>301.6</ele>
        <time>2025-02-15T20:32:02.000Z</time>
        <sat>7</sat>
      </trkpt>
      <trkpt lat="32.755657" lon="-16.774808">
        <ele>301.6</ele>
        <time>2025-02-15T20:32:06.000Z</time>
        <sat>7</sat>
      </trkpt>
      <trkpt lat="32.755677" lon="-16.774697">
        <ele>301.6</ele>
        <time>2025-02-15T20:32:09.000Z</time>
        <sat>7</sat>
      </trkpt>
      <trkpt lat="32.755693" lon="-16.774590">
        <ele>301.7</ele>
        <time>2025-02-15T20:32:12.000Z</time>
        <sat>6</sat>
      </trkpt>
      <trkpt lat="32.755718" lon="-16.774478">
        <ele>301.7</ele>
        <time>2025-02-15T20:32:16.000Z</time>
        <sat>6</sat>
      </trkpt>
      <trkpt lat="32.755757" lon="-16.774378">
        <ele>301.8</ele>
        <time>2025-02-15T20:32:20.000Z</time>
        <sat>6</sat>
      </trkpt>
      <trkpt lat="32.755762" lon="-16.774258">
        <ele>302.0</ele>
        <time>2025-02-15T20:32:27.000Z</time>
        <sat>6</sat>
      </trkpt>
      <trkpt lat="32.755760" lon="-16.774143">
        <ele>302.3</ele>
        <time>2025-02-15T20:32:34.000Z</time>
        <sat>6</sat>
      </trkpt>
      <trkpt lat="32.755780" lon="-16.774058">
        <ele>302.6</ele>
        <time>2025-02-15T20:32:42.000Z</time>
        <sat>7</sat>
      </trkpt>
      <trkpt lat="32.755778" lon="-16.774052">
        <ele>302.6</ele>
        <time>2025-02-15T20:32:43.000Z</time>
        <sat>7</sat>
      </trkpt>
      <trkpt lat="32.755773" lon="-16.773938">
        <ele>303.0</ele>
        <time>2025-02-15T20:32:55.000Z</time>
        <sat>7</sat>
      </trkpt>
      <trkpt lat="32.755778" lon="-16.773828">
        <ele>303.2</ele>
        <time>2025-02-15T20:33:03.000Z</time>
        <sat>7</sat>
      </trkpt>
      <trkpt lat="32.755782" lon="-16.773717">
        <ele>303.4</ele>
        <time>2025-02-15T20:33:11.000Z</time>
        <sat>7</sat>
      </trkpt>
      <trkpt lat="32.755808" lon="-16.773607">
        <ele>303.7</ele>
        <time>2025-02-15T20:33:17.000Z</time>
        <sat>7</sat>
      </trkpt>
      <trkpt lat="32.755835" lon="-16.773492">
        <ele>304.1</ele>
        <time>2025-02-15T20:33:23.000Z</time>
        <sat>7</sat>
      </trkpt>
      <trkpt lat="32.755833" lon="-16.773367">
        <ele>304.5</ele>
        <time>2025-02-15T20:33:29.000Z</time>
        <sat>7</sat>
      </trkpt>
      <trkpt lat="32.755827" lon="-16.773242">
        <ele>304.7</ele>
        <time>2025-02-15T20:33:35.000Z</time>
        <sat>7</sat>
      </trkpt>
      <trkpt lat="32.755833" lon="-16.773115">
        <ele>304.9</ele>
        <time>2025-02-15T20:33:41.000Z</time>
        <sat>7</sat>
      </trkpt>
      <trkpt lat="32.755790" lon="-16.773018">
        <ele>305.3</ele>
        <time>2025-02-15T20:33:47.000Z</time>
        <sat>7</sat>
      </trkpt>
      <trkpt lat="32.755755" lon="-16.772908">
        <ele>305.6</ele>
        <time>2025-02-15T20:33:53.000Z</time>
        <sat>7</sat>
      </trkpt>
      <trkpt lat="32.755712" lon="-16.772802">
        <ele>306.1</ele>
        <time>2025-02-15T20:34:00.000Z</time>
        <sat>7</sat>
      </trkpt>
      <trkpt lat="32.755668" lon="-16.772707">
        <ele>306.6</ele>
        <time>2025-02-15T20:34:06.000Z</time>
        <sat>7</sat>
      </trkpt>
      <trkpt lat="32.755620" lon="-16.772598">
        <ele>307.5</ele>
        <time>2025-02-15T20:34:13.000Z</time>
        <sat>7</sat>
      </trkpt>
      <trkpt lat="32.755585" lon="-16.772525">
        <ele>308.8</ele>
        <time>2025-02-15T20:34:23.000Z</time>
        <sat>7</sat>
      </trkpt>
      <trkpt lat="32.755585" lon="-16.772522">
        <ele>309.0</ele>
        <time>2025-02-15T20:34:25.000Z</time>
        <sat>8</sat>
      </trkpt>
      <trkpt lat="32.755510" lon="-16.772448">
        <ele>310.3</ele>
        <time>2025-02-15T20:34:32.000Z</time>
        <sat>8</sat>
      </trkpt>
      <trkpt lat="32.755413" lon="-16.772417">
        <ele>311.2</ele>
        <time>2025-02-15T20:34:40.000Z</time>
        <sat>8</sat>
      </trkpt>
      <trkpt lat="32.755325" lon="-16.772370">
        <ele>311.1</ele>
        <time>2025-02-15T20:34:49.000Z</time>
        <sat>8</sat>
      </trkpt>
      <trkpt lat="32.755240" lon="-16.772305">
        <ele>310.5</ele>
        <time>2025-02-15T20:34:56.000Z</time>
        <sat>8</sat>
      </trkpt>
      <trkpt lat="32.755140" lon="-16.772275">
        <ele>309.5</ele>
        <time>2025-02-15T20:35:04.000Z</time>
        <sat>8</sat>
      </trkpt>
      <trkpt lat="32.755050" lon="-16.772220">
        <ele>307.9</ele>
        <time>2025-02-15T20:35:13.000Z</time>
        <sat>7</sat>
      </trkpt>
      <trkpt lat="32.754968" lon="-16.772148">
        <ele>306.4</ele>
        <time>2025-02-15T20:35:21.000Z</time>
        <sat>8</sat>
      </trkpt>
      <trkpt lat="32.754900" lon="-16.772077">
        <ele>304.6</ele>
        <time>2025-02-15T20:35:30.000Z</time>
        <sat>7</sat>
      </trkpt>
      <trkpt lat="32.754833" lon="-16.771995">
        <ele>303.1</ele>
        <time>2025-02-15T20:35:39.000Z</time>
        <sat>7</sat>
      </trkpt>
      <trkpt lat="32.754760" lon="-16.771927">
        <ele>301.3</ele>
        <time>2025-02-15T20:35:48.000Z</time>
        <sat>7</sat>
      </trkpt>
      <trkpt lat="32.754682" lon="-16.771858">
        <ele>299.7</ele>
        <time>2025-02-15T20:35:57.000Z</time>
        <sat>7</sat>
      </trkpt>
      <trkpt lat="32.754613" lon="-16.771788">
        <ele>298.2</ele>
        <time>2025-02-15T20:36:04.000Z</time>
        <sat>7</sat>
      </trkpt>
      <trkpt lat="32.754532" lon="-16.771733">
        <ele>296.3</ele>
        <time>2025-02-15T20:36:13.000Z</time>
        <sat>7</sat>
      </trkpt>
      <trkpt lat="32.754455" lon="-16.771673">
        <ele>294.6</ele>
        <time>2025-02-15T20:36:23.000Z</time>
        <sat>7</sat>
      </trkpt>
      <trkpt lat="32.754368" lon="-16.771630">
        <ele>293.4</ele>
        <time>2025-02-15T20:36:33.000Z</time>
        <sat>7</sat>
      </trkpt>
      <trkpt lat="32.754298" lon="-16.771553">
        <ele>292.6</ele>
        <time>2025-02-15T20:36:41.000Z</time>
        <sat>7</sat>
      </trkpt>
      <trkpt lat="32.754227" lon="-16.771478">
        <ele>291.4</ele>
        <time>2025-02-15T20:36:50.000Z</time>
        <sat>7</sat>
      </trkpt>
      <trkpt lat="32.754160" lon="-16.771385">
        <ele>290.4</ele>
        <time>2025-02-15T20:36:57.000Z</time>
        <sat>7</sat>
      </trkpt>
      <trkpt lat="32.754113" lon="-16.771283">
        <ele>289.5</ele>
        <time>2025-02-15T20:37:02.000Z</time>
        <sat>7</sat>
      </trkpt>
      <trkpt lat="32.754047" lon="-16.771192">
        <ele>288.4</ele>
        <time>2025-02-15T20:37:08.000Z</time>
        <sat>7</sat>
      </trkpt>
      <trkpt lat="32.754028" lon="-16.771080">
        <ele>286.7</ele>
        <time>2025-02-15T20:37:16.000Z</time>
        <sat>7</sat>
      </trkpt>
      <trkpt lat="32.754075" lon="-16.770973">
        <ele>284.7</ele>
        <time>2025-02-15T20:37:25.000Z</time>
        <sat>7</sat>
      </trkpt>
      <trkpt lat="32.754128" lon="-16.770867">
        <ele>283.1</ele>
        <time>2025-02-15T20:37:31.000Z</time>
        <sat>7</sat>
      </trkpt>
      <trkpt lat="32.754193" lon="-16.770772">
        <ele>281.6</ele>
        <time>2025-02-15T20:37:37.000Z</time>
        <sat>7</sat>
      </trkpt>
      <trkpt lat="32.754230" lon="-16.770665">
        <ele>280.2</ele>
        <time>2025-02-15T20:37:44.000Z</time>
        <sat>7</sat>
      </trkpt>
      <trkpt lat="32.754247" lon="-16.770558">
        <ele>279.3</ele>
        <time>2025-02-15T20:37:50.000Z</time>
        <sat>7</sat>
      </trkpt>
      <trkpt lat="32.754152" lon="-16.770520">
        <ele>277.8</ele>
        <time>2025-02-15T20:38:00.000Z</time>
        <sat>7</sat>
      </trkpt>
      <trkpt lat="32.754047" lon="-16.770512">
        <ele>276.5</ele>
        <time>2025-02-15T20:38:07.000Z</time>
        <sat>7</sat>
      </trkpt>
      <trkpt lat="32.753952" lon="-16.770467">
        <ele>275.5</ele>
        <time>2025-02-15T20:38:13.000Z</time>
        <sat>7</sat>
      </trkpt>
      <trkpt lat="32.753875" lon="-16.770392">
        <ele>273.8</ele>
        <time>2025-02-15T20:38:21.000Z</time>
        <sat>7</sat>
      </trkpt>
      <trkpt lat="32.753805" lon="-16.770313">
        <ele>272.6</ele>
        <time>2025-02-15T20:38:28.000Z</time>
        <sat>7</sat>
      </trkpt>
      <trkpt lat="32.753755" lon="-16.770217">
        <ele>271.0</ele>
        <time>2025-02-15T20:38:37.000Z</time>
        <sat>7</sat>
      </trkpt>
      <trkpt lat="32.753657" lon="-16.770202">
        <ele>269.3</ele>
        <time>2025-02-15T20:38:45.000Z</time>
        <sat>7</sat>
      </trkpt>
      <trkpt lat="32.753563" lon="-16.770240">
        <ele>268.8</ele>
        <time>2025-02-15T20:38:49.000Z</time>
        <sat>6</sat>
      </trkpt>
      <trkpt lat="32.753483" lon="-16.770297">
        <ele>268.1</ele>
        <time>2025-02-15T20:38:54.000Z</time>
        <sat>6</sat>
      </trkpt>
      <trkpt lat="32.753390" lon="-16.770352">
        <ele>267.2</ele>
        <time>2025-02-15T20:39:02.000Z</time>
        <sat>7</sat>
      </trkpt>
      <trkpt lat="32.753297" lon="-16.770392">
        <ele>266.4</ele>
        <time>2025-02-15T20:39:08.000Z</time>
        <sat>7</sat>
      </trkpt>
      <trkpt lat="32.753190" lon="-16.770405">
        <ele>265.6</ele>
        <time>2025-02-15T20:39:13.000Z</time>
        <sat>7</sat>
      </trkpt>
      <trkpt lat="32.753092" lon="-16.770427">
        <ele>264.6</ele>
        <time>2025-02-15T20:39:18.000Z</time>
        <sat>7</sat>
      </trkpt>
      <trkpt lat="32.752993" lon="-16.770458">
        <ele>264.0</ele>
        <time>2025-02-15T20:39:21.000Z</time>
        <sat>7</sat>
      </trkpt>
      <trkpt lat="32.752895" lon="-16.770452">
        <ele>263.3</ele>
        <time>2025-02-15T20:39:25.000Z</time>
        <sat>7</sat>
      </trkpt>
      <trkpt lat="32.752833" lon="-16.770363">
        <ele>262.1</ele>
        <time>2025-02-15T20:39:32.000Z</time>
        <sat>7</sat>
      </trkpt>
      <trkpt lat="32.752793" lon="-16.770250">
        <ele>260.2</ele>
        <time>2025-02-15T20:39:39.000Z</time>
        <sat>7</sat>
      </trkpt>
      <trkpt lat="32.752740" lon="-16.770153">
        <ele>258.6</ele>
        <time>2025-02-15T20:39:44.000Z</time>
        <sat>7</sat>
      </trkpt>
      <trkpt lat="32.752708" lon="-16.770043">
        <ele>256.9</ele>
        <time>2025-02-15T20:39:49.000Z</time>
        <sat>6</sat>
      </trkpt>
      <trkpt lat="32.752672" lon="-16.769937">
        <ele>255.1</ele>
        <time>2025-02-15T20:39:55.000Z</time>
        <sat>6</sat>
      </trkpt>
      <trkpt lat="32.752612" lon="-16.769840">
        <ele>253.5</ele>
        <time>2025-02-15T20:40:02.000Z</time>
        <sat>6</sat>
      </trkpt>
      <trkpt lat="32.752528" lon="-16.769893">
        <ele>251.3</ele>
        <time>2025-02-15T20:40:13.000Z</time>
        <sat>6</sat>
      </trkpt>
      <trkpt lat="32.752475" lon="-16.770000">
        <ele>250.5</ele>
        <time>2025-02-15T20:40:18.000Z</time>
        <sat>6</sat>
      </trkpt>
      <trkpt lat="32.752437" lon="-16.770120">
        <ele>249.6</ele>
        <time>2025-02-15T20:40:23.000Z</time>
        <sat>6</sat>
      </trkpt>
      <trkpt lat="32.752415" lon="-16.770230">
        <ele>248.9</ele>
        <time>2025-02-15T20:40:28.000Z</time>
        <sat>6</sat>
      </trkpt>
      <trkpt lat="32.752377" lon="-16.770340">
        <ele>248.6</ele>
        <time>2025-02-15T20:40:33.000Z</time>
        <sat>6</sat>
      </trkpt>
      <trkpt lat="32.752323" lon="-16.770442">
        <ele>248.3</ele>
        <time>2025-02-15T20:40:38.000Z</time>
        <sat>6</sat>
      </trkpt>
      <trkpt lat="32.752272" lon="-16.770558">
        <ele>247.9</ele>
        <time>2025-02-15T20:40:43.000Z</time>
        <sat>6</sat>
      </trkpt>
      <trkpt lat="32.752228" lon="-16.770667">
        <ele>247.6</ele>
        <time>2025-02-15T20:40:47.000Z</time>
        <sat>6</sat>
      </trkpt>
      <trkpt lat="32.752183" lon="-16.770783">
        <ele>247.2</ele>
        <time>2025-02-15T20:40:51.000Z</time>
        <sat>6</sat>
      </trkpt>
      <trkpt lat="32.752128" lon="-16.770878">
        <ele>246.5</ele>
        <time>2025-02-15T20:40:55.000Z</time>
        <sat>6</sat>
      </trkpt>
      <trkpt lat="32.752077" lon="-16.770987">
        <ele>246.0</ele>
        <time>2025-02-15T20:40:59.000Z</time>
        <sat>6</sat>
      </trkpt>
      <trkpt lat="32.752013" lon="-16.771070">
        <ele>245.5</ele>
        <time>2025-02-15T20:41:03.000Z</time>
        <sat>5</sat>
      </trkpt>
      <trkpt lat="32.751938" lon="-16.771155">
        <ele>245.0</ele>
        <time>2025-02-15T20:41:08.000Z</time>
        <sat>6</sat>
      </trkpt>
      <trkpt lat="32.751855" lon="-16.771202">
        <ele>244.7</ele>
        <time>2025-02-15T20:41:12.000Z</time>
        <sat>6</sat>
      </trkpt>
      <trkpt lat="32.751760" lon="-16.771185">
        <ele>244.4</ele>
        <time>2025-02-15T20:41:16.000Z</time>
        <sat>6</sat>
      </trkpt>
      <trkpt lat="32.751668" lon="-16.771132">
        <ele>244.2</ele>
        <time>2025-02-15T20:41:19.000Z</time>
        <sat>6</sat>
      </trkpt>
      <trkpt lat="32.751577" lon="-16.771075">
        <ele>244.0</ele>
        <time>2025-02-15T20:41:22.000Z</time>
        <sat>6</sat>
      </trkpt>
      <trkpt lat="32.751502" lon="-16.771010">
        <ele>243.8</ele>
        <time>2025-02-15T20:41:26.000Z</time>
        <sat>6</sat>
      </trkpt>
      <trkpt lat="32.751420" lon="-16.770962">
        <ele>243.2</ele>
        <time>2025-02-15T20:41:31.000Z</time>
        <sat>6</sat>
      </trkpt>
      <trkpt lat="32.751320" lon="-16.771007">
        <ele>242.2</ele>
        <time>2025-02-15T20:41:37.000Z</time>
        <sat>6</sat>
      </trkpt>
      <trkpt lat="32.751218" lon="-16.771047">
        <ele>241.7</ele>
        <time>2025-02-15T20:41:42.000Z</time>
        <sat>6</sat>
      </trkpt>
      <trkpt lat="32.751108" lon="-16.771057">
        <ele>241.1</ele>
        <time>2025-02-15T20:41:48.000Z</time>
        <sat>6</sat>
      </trkpt>
      <trkpt lat="32.751017" lon="-16.771027">
        <ele>240.8</ele>
        <time>2025-02-15T20:41:52.000Z</time>
        <sat>6</sat>
      </trkpt>
      <trkpt lat="32.750918" lon="-16.770990">
        <ele>240.5</ele>
        <time>2025-02-15T20:41:58.000Z</time>
        <sat>6</sat>
      </trkpt>
      <trkpt lat="32.750843" lon="-16.770923">
        <ele>240.4</ele>
        <time>2025-02-15T20:42:05.000Z</time>
        <sat>6</sat>
      </trkpt>
      <trkpt lat="32.750768" lon="-16.770857">
        <ele>240.1</ele>
        <time>2025-02-15T20:42:13.000Z</time>
        <sat>6</sat>
      </trkpt>
      <trkpt lat="32.750683" lon="-16.770795">
        <ele>239.7</ele>
        <time>2025-02-15T20:42:19.000Z</time>
        <sat>6</sat>
      </trkpt>
      <trkpt lat="32.750598" lon="-16.770755">
        <ele>239.3</ele>
        <time>2025-02-15T20:42:26.000Z</time>
        <sat>6</sat>
      </trkpt>
      <trkpt lat="32.750520" lon="-16.770700">
        <ele>238.8</ele>
        <time>2025-02-15T20:42:35.000Z</time>
        <sat>6</sat>
      </trkpt>
      <trkpt lat="32.750438" lon="-16.770617">
        <ele>237.9</ele>
        <time>2025-02-15T20:42:43.000Z</time>
        <sat>6</sat>
      </trkpt>
      <trkpt lat="32.750358" lon="-16.770552">
        <ele>237.4</ele>
        <time>2025-02-15T20:42:47.000Z</time>
        <sat>6</sat>
      </trkpt>
      <trkpt lat="32.750280" lon="-16.770480">
        <ele>236.7</ele>
        <time>2025-02-15T20:42:51.000Z</time>
        <sat>6</sat>
      </trkpt>
      <trkpt lat="32.750237" lon="-16.770582">
        <ele>234.3</ele>
        <time>2025-02-15T20:43:04.000Z</time>
        <sat>6</sat>
      </trkpt>
      <trkpt lat="32.750273" lon="-16.770695">
        <ele>233.5</ele>
        <time>2025-02-15T20:43:09.000Z</time>
        <sat>6</sat>
      </trkpt>
      <trkpt lat="32.750292" lon="-16.770812">
        <ele>232.7</ele>
        <time>2025-02-15T20:43:16.000Z</time>
        <sat>6</sat>
      </trkpt>
      <trkpt lat="32.750283" lon="-16.770922">
        <ele>232.3</ele>
        <time>2025-02-15T20:43:21.000Z</time>
        <sat>6</sat>
      </trkpt>
      <trkpt lat="32.750308" lon="-16.771038">
        <ele>231.8</ele>
        <time>2025-02-15T20:43:28.000Z</time>
        <sat>6</sat>
      </trkpt>
      <trkpt lat="32.750312" lon="-16.771167">
        <ele>231.6</ele>
        <time>2025-02-15T20:43:35.000Z</time>
        <sat>6</sat>
      </trkpt>
      <trkpt lat="32.750317" lon="-16.771295">
        <ele>231.4</ele>
        <time>2025-02-15T20:43:41.000Z</time>
        <sat>6</sat>
      </trkpt>
      <trkpt lat="32.750303" lon="-16.771415">
        <ele>231.2</ele>
        <time>2025-02-15T20:43:45.000Z</time>
        <sat>6</sat>
      </trkpt>
      <trkpt lat="32.750275" lon="-16.771547">
        <ele>231.1</ele>
        <time>2025-02-15T20:43:49.000Z</time>
        <sat>6</sat>
      </trkpt>
      <trkpt lat="32.750210" lon="-16.771648">
        <ele>230.9</ele>
        <time>2025-02-15T20:43:55.000Z</time>
        <sat>6</sat>
      </trkpt>
      <trkpt lat="32.750153" lon="-16.771732">
        <ele>230.6</ele>
        <time>2025-02-15T20:44:02.000Z</time>
        <sat>5</sat>
      </trkpt>
      <trkpt lat="32.750082" lon="-16.771817">
        <ele>230.3</ele>
        <time>2025-02-15T20:44:08.000Z</time>
        <sat>5</sat>
      </trkpt>
      <trkpt lat="32.749998" lon="-16.771895">
        <ele>230.0</ele>
        <time>2025-02-15T20:44:12.000Z</time>
        <sat>5</sat>
      </trkpt>
      <trkpt lat="32.749940" lon="-16.772000">
        <ele>229.5</ele>
        <time>2025-02-15T20:44:17.000Z</time>
        <sat>5</sat>
      </trkpt>
      <trkpt lat="32.749880" lon="-16.772087">
        <ele>228.8</ele>
        <time>2025-02-15T20:44:22.000Z</time>
        <sat>5</sat>
      </trkpt>
      <trkpt lat="32.749790" lon="-16.772148">
        <ele>228.2</ele>
        <time>2025-02-15T20:44:26.000Z</time>
        <sat>6</sat>
      </trkpt>
      <trkpt lat="32.749710" lon="-16.772235">
        <ele>227.3</ele>
        <time>2025-02-15T20:44:30.000Z</time>
        <sat>6</sat>
      </trkpt>
      <trkpt lat="32.749632" lon="-16.772298">
        <ele>226.5</ele>
        <time>2025-02-15T20:44:34.000Z</time>
        <sat>6</sat>
      </trkpt>
      <trkpt lat="32.749552" lon="-16.772362">
        <ele>225.9</ele>
        <time>2025-02-15T20:44:38.000Z</time>
        <sat>6</sat>
      </trkpt>
      <trkpt lat="32.749487" lon="-16.772443">
        <ele>225.3</ele>
        <time>2025-02-15T20:44:42.000Z</time>
        <sat>6</sat>
      </trkpt>
      <trkpt lat="32.749408" lon="-16.772515">
        <ele>224.8</ele>
        <time>2025-02-15T20:44:46.000Z</time>
        <sat>6</sat>
      </trkpt>
      <trkpt lat="32.749320" lon="-16.772588">
        <ele>224.1</ele>
        <time>2025-02-15T20:44:51.000Z</time>
        <sat>6</sat>
      </trkpt>
      <trkpt lat="32.749223" lon="-16.772588">
        <ele>223.4</ele>
        <time>2025-02-15T20:44:56.000Z</time>
        <sat>6</sat>
      </trkpt>
      <trkpt lat="32.749135" lon="-16.772547">
        <ele>222.8</ele>
        <time>2025-02-15T20:45:00.000Z</time>
        <sat>6</sat>
      </trkpt>
      <trkpt lat="32.749038" lon="-16.772488">
        <ele>222.1</ele>
        <time>2025-02-15T20:45:05.000Z</time>
        <sat>6</sat>
      </trkpt>
      <trkpt lat="32.748947" lon="-16.772483">
        <ele>221.4</ele>
        <time>2025-02-15T20:45:10.000Z</time>
        <sat>6</sat>
      </trkpt>
      <trkpt lat="32.748853" lon="-16.772507">
        <ele>220.6</ele>
        <time>2025-02-15T20:45:16.000Z</time>
        <sat>6</sat>
      </trkpt>
      <trkpt lat="32.748770" lon="-16.772557">
        <ele>219.6</ele>
        <time>2025-02-15T20:45:23.000Z</time>
        <sat>6</sat>
      </trkpt>
      <trkpt lat="32.748728" lon="-16.772662">
        <ele>218.1</ele>
        <time>2025-02-15T20:45:34.000Z</time>
        <sat>5</sat>
      </trkpt>
      <trkpt lat="32.748702" lon="-16.772792">
        <ele>217.3</ele>
        <time>2025-02-15T20:45:41.000Z</time>
        <sat>6</sat>
      </trkpt>
      <trkpt lat="32.748660" lon="-16.772905">
        <ele>216.8</ele>
        <time>2025-02-15T20:45:45.000Z</time>
        <sat>5</sat>
      </trkpt>
      <trkpt lat="32.748603" lon="-16.773013">
        <ele>216.3</ele>
        <time>2025-02-15T20:45:50.000Z</time>
        <sat>5</sat>
      </trkpt>
      <trkpt lat="32.748517" lon="-16.773058">
        <ele>216.0</ele>
        <time>2025-02-15T20:45:54.000Z</time>
        <sat>5</sat>
      </trkpt>
      <trkpt lat="32.748418" lon="-16.773093">
        <ele>215.7</ele>
        <time>2025-02-15T20:45:59.000Z</time>
        <sat>6</sat>
      </trkpt>
      <trkpt lat="32.748343" lon="-16.773158">
        <ele>215.3</ele>
        <time>2025-02-15T20:46:05.000Z</time>
        <sat>7</sat>
      </trkpt>
      <trkpt lat="32.748237" lon="-16.773158">
        <ele>215.1</ele>
        <time>2025-02-15T20:46:09.000Z</time>
        <sat>7</sat>
      </trkpt>
      <trkpt lat="32.748143" lon="-16.773158">
        <ele>214.9</ele>
        <time>2025-02-15T20:46:15.000Z</time>
        <sat>7</sat>
      </trkpt>
      <trkpt lat="32.748048" lon="-16.773178">
        <ele>214.2</ele>
        <time>2025-02-15T20:46:25.000Z</time>
        <sat>7</sat>
      </trkpt>
      <trkpt lat="32.747958" lon="-16.773193">
        <ele>213.2</ele>
        <time>2025-02-15T20:46:32.000Z</time>
        <sat>7</sat>
      </trkpt>
      <trkpt lat="32.747868" lon="-16.773217">
        <ele>212.1</ele>
        <time>2025-02-15T20:46:38.000Z</time>
        <sat>7</sat>
      </trkpt>
      <trkpt lat="32.747770" lon="-16.773218">
        <ele>210.7</ele>
        <time>2025-02-15T20:46:47.000Z</time>
        <sat>7</sat>
      </trkpt>
      <trkpt lat="32.747673" lon="-16.773230">
        <ele>209.0</ele>
        <time>2025-02-15T20:46:55.000Z</time>
        <sat>7</sat>
      </trkpt>
      <trkpt lat="32.747583" lon="-16.773223">
        <ele>207.4</ele>
        <time>2025-02-15T20:47:02.000Z</time>
        <sat>7</sat>
      </trkpt>
      <trkpt lat="32.747492" lon="-16.773242">
        <ele>204.4</ele>
        <time>2025-02-15T20:47:14.000Z</time>
        <sat>7</sat>
      </trkpt>
      <trkpt lat="32.747398" lon="-16.773253">
        <ele>201.6</ele>
        <time>2025-02-15T20:47:24.000Z</time>
        <sat>7</sat>
      </trkpt>
      <trkpt lat="32.747307" lon="-16.773268">
        <ele>199.2</ele>
        <time>2025-02-15T20:47:33.000Z</time>
        <sat>7</sat>
      </trkpt>
      <trkpt lat="32.747198" lon="-16.773287">
        <ele>197.9</ele>
        <time>2025-02-15T20:47:38.000Z</time>
        <sat>7</sat>
      </trkpt>
      <trkpt lat="32.747107" lon="-16.773312">
        <ele>196.9</ele>
        <time>2025-02-15T20:47:42.000Z</time>
        <sat>8</sat>
      </trkpt>
      <trkpt lat="32.747005" lon="-16.773338">
        <ele>195.5</ele>
        <time>2025-02-15T20:47:49.000Z</time>
        <sat>8</sat>
      </trkpt>
      <trkpt lat="32.746913" lon="-16.773382">
        <ele>194.5</ele>
        <time>2025-02-15T20:47:56.000Z</time>
        <sat>8</sat>
      </trkpt>
      <trkpt lat="32.746818" lon="-16.773372">
        <ele>193.3</ele>
        <time>2025-02-15T20:48:03.000Z</time>
        <sat>7</sat>
      </trkpt>
      <trkpt lat="32.746715" lon="-16.773387">
        <ele>191.8</ele>
        <time>2025-02-15T20:48:11.000Z</time>
        <sat>8</sat>
      </trkpt>
      <trkpt lat="32.746627" lon="-16.773413">
        <ele>190.0</ele>
        <time>2025-02-15T20:48:19.000Z</time>
        <sat>8</sat>
      </trkpt>
      <trkpt lat="32.746537" lon="-16.773423">
        <ele>188.3</ele>
        <time>2025-02-15T20:48:30.000Z</time>
        <sat>8</sat>
      </trkpt>
      <trkpt lat="32.746443" lon="-16.773435">
        <ele>185.7</ele>
        <time>2025-02-15T20:48:42.000Z</time>
        <sat>8</sat>
      </trkpt>
      <trkpt lat="32.746352" lon="-16.773435">
        <ele>183.4</ele>
        <time>2025-02-15T20:48:52.000Z</time>
        <sat>8</sat>
      </trkpt>
      <trkpt lat="32.746260" lon="-16.773420">
        <ele>181.2</ele>
        <time>2025-02-15T20:49:02.000Z</time>
        <sat>8</sat>
      </trkpt>
      <trkpt lat="32.746170" lon="-16.773387">
        <ele>179.6</ele>
        <time>2025-02-15T20:49:10.000Z</time>
        <sat>8</sat>
      </trkpt>
      <trkpt lat="32.746075" lon="-16.773370">
        <ele>179.1</ele>
        <time>2025-02-15T20:49:17.000Z</time>
        <sat>8</sat>
      </trkpt>
      <trkpt lat="32.745970" lon="-16.773353">
        <ele>178.7</ele>
        <time>2025-02-15T20:49:23.000Z</time>
        <sat>7</sat>
      </trkpt>
      <trkpt lat="32.745872" lon="-16.773350">
        <ele>178.3</ele>
        <time>2025-02-15T20:49:28.000Z</time>
        <sat>7</sat>
      </trkpt>
      <trkpt lat="32.745772" lon="-16.773327">
        <ele>178.1</ele>
        <time>2025-02-15T20:49:32.000Z</time>
        <sat>7</sat>
      </trkpt>
      <trkpt lat="32.745675" lon="-16.773308">
        <ele>177.8</ele>
        <time>2025-02-15T20:49:36.000Z</time>
        <sat>7</sat>
      </trkpt>
      <trkpt lat="32.745575" lon="-16.773267">
        <ele>177.5</ele>
        <time>2025-02-15T20:49:40.000Z</time>
        <sat>7</sat>
      </trkpt>
      <trkpt lat="32.745465" lon="-16.773237">
        <ele>177.3</ele>
        <time>2025-02-15T20:49:45.000Z</time>
        <sat>7</sat>
      </trkpt>
      <trkpt lat="32.745368" lon="-16.773238">
        <ele>177.2</ele>
        <time>2025-02-15T20:49:49.000Z</time>
        <sat>6</sat>
      </trkpt>
      <trkpt lat="32.745278" lon="-16.773233">
        <ele>177.0</ele>
        <time>2025-02-15T20:49:53.000Z</time>
        <sat>6</sat>
      </trkpt>
      <trkpt lat="32.745167" lon="-16.773223">
        <ele>176.8</ele>
        <time>2025-02-15T20:49:58.000Z</time>
        <sat>6</sat>
      </trkpt>
      <trkpt lat="32.745060" lon="-16.773213">
        <ele>176.7</ele>
        <time>2025-02-15T20:50:03.000Z</time>
        <sat>5</sat>
      </trkpt>
      <trkpt lat="32.744967" lon="-16.773230">
        <ele>176.6</ele>
        <time>2025-02-15T20:50:07.000Z</time>
        <sat>5</sat>
      </trkpt>
      <trkpt lat="32.744872" lon="-16.773253">
        <ele>176.5</ele>
        <time>2025-02-15T20:50:11.000Z</time>
        <sat>5</sat>
      </trkpt>
      <trkpt lat="32.744782" lon="-16.773320">
        <ele>176.5</ele>
        <time>2025-02-15T20:50:16.000Z</time>
        <sat>5</sat>
      </trkpt>
      <trkpt lat="32.744678" lon="-16.773365">
        <ele>176.4</ele>
        <time>2025-02-15T20:50:21.000Z</time>
        <sat>6</sat>
      </trkpt>
      <trkpt lat="32.744570" lon="-16.773363">
        <ele>176.3</ele>
        <time>2025-02-15T20:50:26.000Z</time>
        <sat>6</sat>
      </trkpt>
      <trkpt lat="32.744472" lon="-16.773347">
        <ele>176.3</ele>
        <time>2025-02-15T20:50:30.000Z</time>
        <sat>6</sat>
      </trkpt>
      <trkpt lat="32.744372" lon="-16.773317">
        <ele>176.2</ele>
        <time>2025-02-15T20:50:34.000Z</time>
        <sat>6</sat>
      </trkpt>
      <trkpt lat="32.744282" lon="-16.773312">
        <ele>176.2</ele>
        <time>2025-02-15T20:50:38.000Z</time>
        <sat>6</sat>
      </trkpt>
      <trkpt lat="32.744190" lon="-16.773297">
        <ele>176.1</ele>
        <time>2025-02-15T20:50:42.000Z</time>
        <sat>6</sat>
      </trkpt>
      <trkpt lat="32.744082" lon="-16.773295">
        <ele>176.1</ele>
        <time>2025-02-15T20:50:47.000Z</time>
        <sat>6</sat>
      </trkpt>
      <trkpt lat="32.743983" lon="-16.773305">
        <ele>176.1</ele>
        <time>2025-02-15T20:50:52.000Z</time>
        <sat>5</sat>
      </trkpt>
      <trkpt lat="32.743883" lon="-16.773320">
        <ele>176.1</ele>
        <time>2025-02-15T20:50:58.000Z</time>
        <sat>5</sat>
      </trkpt>
      <trkpt lat="32.743790" lon="-16.773338">
        <ele>176.1</ele>
        <time>2025-02-15T20:51:04.000Z</time>
        <sat>5</sat>
      </trkpt>
      <trkpt lat="32.743692" lon="-16.773340">
        <ele>176.1</ele>
        <time>2025-02-15T20:51:10.000Z</time>
        <sat>5</sat>
      </trkpt>
      <trkpt lat="32.743598" lon="-16.773372">
        <ele>176.1</ele>
        <time>2025-02-15T20:51:16.000Z</time>
        <sat>5</sat>
      </trkpt>
      <trkpt lat="32.743488" lon="-16.773398">
        <ele>176.0</ele>
        <time>2025-02-15T20:51:21.000Z</time>
        <sat>5</sat>
      </trkpt>
      <trkpt lat="32.743393" lon="-16.773420">
        <ele>176.0</ele>
        <time>2025-02-15T20:51:25.000Z</time>
        <sat>5</sat>
      </trkpt>
      <trkpt lat="32.743308" lon="-16.773465">
        <ele>176.0</ele>
        <time>2025-02-15T20:51:29.000Z</time>
        <sat>5</sat>
      </trkpt>
      <trkpt lat="32.743223" lon="-16.773512">
        <ele>176.0</ele>
        <time>2025-02-15T20:51:33.000Z</time>
        <sat>5</sat>
      </trkpt>
      <trkpt lat="32.743130" lon="-16.773560">
        <ele>176.0</ele>
        <time>2025-02-15T20:51:38.000Z</time>
        <sat>5</sat>
      </trkpt>
      <trkpt lat="32.743088" lon="-16.773565">
        <ele>175.9</ele>
        <time>2025-02-15T20:51:54.000Z</time>
        <sat>7</sat>
      </trkpt>
      <trkpt lat="32.743092" lon="-16.773563">
        <ele>176.0</ele>
        <time>2025-02-15T20:51:56.000Z</time>
        <sat>6</sat>
      </trkpt>
      <trkpt lat="32.743092" lon="-16.773563">
        <ele>176.0</ele>
        <time>2025-02-15T20:51:57.000Z</time>
        <sat>6</sat>
      </trkpt>
      <trkpt lat="32.743090" lon="-16.773562">
        <ele>176.2</ele>
        <time>2025-02-15T20:52:03.000Z</time>
        <sat>6</sat>
      </trkpt>
      <trkpt lat="32.743080" lon="-16.773552">
        <ele>176.2</ele>
        <time>2025-02-15T20:52:08.000Z</time>
        <sat>7</sat>
      </trkpt>
      <trkpt lat="32.743083" lon="-16.773553">
        <ele>176.2</ele>
        <time>2025-02-15T20:52:15.000Z</time>
        <sat>7</sat>
      </trkpt>
      <trkpt lat="32.743083" lon="-16.773553">
        <ele>176.2</ele>
        <time>2025-02-15T20:52:16.000Z</time>
        <sat>8</sat>
      </trkpt>
      <trkpt lat="32.743087" lon="-16.773553">
        <ele>176.2</ele>
        <time>2025-02-15T20:52:20.000Z</time>
        <sat>8</sat>
      </trkpt>
      <trkpt lat="32.743102" lon="-16.773555">
        <ele>176.2</ele>
        <time>2025-02-15T20:52:28.000Z</time>
        <sat>8</sat>
      </trkpt>
      <trkpt lat="32.743103" lon="-16.773555">
        <ele>176.2</ele>
        <time>2025-02-15T20:52:29.000Z</time>
        <sat>8</sat>
      </trkpt>
      <trkpt lat="32.743107" lon="-16.773553">
        <ele>176.2</ele>
        <time>2025-02-15T20:52:32.000Z</time>
        <sat>8</sat>
      </trkpt>
      <trkpt lat="32.743108" lon="-16.773553">
        <ele>176.2</ele>
        <time>2025-02-15T20:52:34.000Z</time>
        <sat>7</sat>
      </trkpt>
      <trkpt lat="32.743108" lon="-16.773553">
        <ele>176.2</ele>
        <time>2025-02-15T20:52:35.000Z</time>
        <sat>5</sat>
      </trkpt>
      <trkpt lat="32.743107" lon="-16.773552">
        <ele>176.2</ele>
        <time>2025-02-15T20:52:37.000Z</time>
        <sat>5</sat>
      </trkpt>
      <trkpt lat="32.743107" lon="-16.773552">
        <ele>176.2</ele>
        <time>2025-02-15T20:52:38.000Z</time>
        <sat>5</sat>
      </trkpt>
      <trkpt lat="32.743105" lon="-16.773552">
        <ele>176.2</ele>
        <time>2025-02-15T20:52:39.000Z</time>
        <sat>5</sat>
      </trkpt>
      <trkpt lat="32.743105" lon="-16.773552">
        <ele>176.1</ele>
        <time>2025-02-15T20:52:42.000Z</time>
        <sat>7</sat>
      </trkpt>
      <trkpt lat="32.743105" lon="-16.773550">
        <ele>176.1</ele>
        <time>2025-02-15T20:52:47.000Z</time>
        <sat>6</sat>
      </trkpt>
      <trkpt lat="32.743103" lon="-16.773545">
        <ele>176.0</ele>
        <time>2025-02-15T20:52:51.000Z</time>
        <sat>7</sat>
      </trkpt>
      <trkpt lat="32.743105" lon="-16.773545">
        <ele>176.0</ele>
        <time>2025-02-15T20:52:53.000Z</time>
        <sat>7</sat>
      </trkpt>
      <trkpt lat="32.743103" lon="-16.773545">
        <ele>175.9</ele>
        <time>2025-02-15T20:52:55.000Z</time>
        <sat>8</sat>
      </trkpt>
      <trkpt lat="32.743105" lon="-16.773545">
        <ele>175.7</ele>
        <time>2025-02-15T20:53:02.000Z</time>
        <sat>7</sat>
      </trkpt>
      <trkpt lat="32.743105" lon="-16.773545">
        <ele>175.7</ele>
        <time>2025-02-15T20:53:03.000Z</time>
        <sat>8</sat>
      </trkpt>
      <trkpt lat="32.743103" lon="-16.773547">
        <ele>175.4</ele>
        <time>2025-02-15T20:53:06.000Z</time>
        <sat>8</sat>
      </trkpt>
      <trkpt lat="32.743010" lon="-16.773555">
        <ele>175.5</ele>
        <time>2025-02-15T20:53:15.000Z</time>
        <sat>6</sat>
      </trkpt>
      <trkpt lat="32.742913" lon="-16.773593">
        <ele>175.5</ele>
        <time>2025-02-15T20:53:24.000Z</time>
        <sat>8</sat>
      </trkpt>
      <trkpt lat="32.742815" lon="-16.773630">
        <ele>175.4</ele>
        <time>2025-02-15T20:53:31.000Z</time>
        <sat>7</sat>
      </trkpt>
      <trkpt lat="32.742713" lon="-16.773678">
        <ele>175.4</ele>
        <time>2025-02-15T20:53:37.000Z</time>
        <sat>8</sat>
      </trkpt>
      <trkpt lat="32.742613" lon="-16.773708">
        <ele>175.3</ele>
        <time>2025-02-15T20:53:43.000Z</time>
        <sat>8</sat>
      </trkpt>
      <trkpt lat="32.742515" lon="-16.773703">
        <ele>175.2</ele>
        <time>2025-02-15T20:53:48.000Z</time>
        <sat>8</sat>
      </trkpt>
      <trkpt lat="32.742438" lon="-16.773640">
        <ele>175.2</ele>
        <time>2025-02-15T20:53:52.000Z</time>
        <sat>8</sat>
      </trkpt>
      <trkpt lat="32.742470" lon="-16.773533">
        <ele>175.1</ele>
        <time>2025-02-15T20:53:58.000Z</time>
        <sat>8</sat>
      </trkpt>
      <trkpt lat="32.742540" lon="-16.773447">
        <ele>175.0</ele>
        <time>2025-02-15T20:54:04.000Z</time>
        <sat>8</sat>
      </trkpt>
      <trkpt lat="32.742580" lon="-16.773335">
        <ele>175.0</ele>
        <time>2025-02-15T20:54:09.000Z</time>
        <sat>8</sat>
      </trkpt>
      <trkpt lat="32.742613" lon="-16.773223">
        <ele>174.9</ele>
        <time>2025-02-15T20:54:14.000Z</time>
        <sat>8</sat>
      </trkpt>
      <trkpt lat="32.742650" lon="-16.773123">
        <ele>174.9</ele>
        <time>2025-02-15T20:54:18.000Z</time>
        <sat>8</sat>
      </trkpt>
      <trkpt lat="32.742688" lon="-16.773015">
        <ele>175.0</ele>
        <time>2025-02-15T20:54:23.000Z</time>
        <sat>8</sat>
      </trkpt>
      <trkpt lat="32.742707" lon="-16.772890">
        <ele>175.0</ele>
        <time>2025-02-15T20:54:28.000Z</time>
        <sat>8</sat>
      </trkpt>
      <trkpt lat="32.742732" lon="-16.772785">
        <ele>175.0</ele>
        <time>2025-02-15T20:54:32.000Z</time>
        <sat>8</sat>
      </trkpt>
      <trkpt lat="32.742770" lon="-16.772670">
        <ele>175.0</ele>
        <time>2025-02-15T20:54:37.000Z</time>
        <sat>8</sat>
      </trkpt>
      <trkpt lat="32.742813" lon="-16.772557">
        <ele>175.1</ele>
        <time>2025-02-15T20:54:42.000Z</time>
        <sat>8</sat>
      </trkpt>
      <trkpt lat="32.742868" lon="-16.772460">
        <ele>175.1</ele>
        <time>2025-02-15T20:54:46.000Z</time>
        <sat>8</sat>
      </trkpt>
      <trkpt lat="32.742938" lon="-16.772370">
        <ele>175.1</ele>
        <time>2025-02-15T20:54:51.000Z</time>
        <sat>8</sat>
      </trkpt>
      <trkpt lat="32.742997" lon="-16.772258">
        <ele>175.1</ele>
        <time>2025-02-15T20:54:56.000Z</time>
        <sat>7</sat>
      </trkpt>
      <trkpt lat="32.743023" lon="-16.772152">
        <ele>175.0</ele>
        <time>2025-02-15T20:55:01.000Z</time>
        <sat>6</sat>
      </trkpt>
      <trkpt lat="32.743057" lon="-16.772042">
        <ele>175.0</ele>
        <time>2025-02-15T20:55:06.000Z</time>
        <sat>7</sat>
      </trkpt>
      <trkpt lat="32.743095" lon="-16.771927">
        <ele>174.9</ele>
        <time>2025-02-15T20:55:13.000Z</time>
        <sat>7</sat>
      </trkpt>
      <trkpt lat="32.743120" lon="-16.771897">
        <ele>174.9</ele>
        <time>2025-02-15T20:55:18.000Z</time>
        <sat>7</sat>
      </trkpt>
      <trkpt lat="32.743123" lon="-16.771895">
        <ele>174.9</ele>
        <time>2025-02-15T20:55:19.000Z</time>
        <sat>6</sat>
      </trkpt>
      <trkpt lat="32.743125" lon="-16.771892">
        <ele>174.9</ele>
        <time>2025-02-15T20:55:21.000Z</time>
        <sat>7</sat>
      </trkpt>
      <trkpt lat="32.743123" lon="-16.771885">
        <ele>174.9</ele>
        <time>2025-02-15T20:55:22.000Z</time>
        <sat>7</sat>
      </trkpt>
      <trkpt lat="32.743122" lon="-16.771883">
        <ele>175.0</ele>
        <time>2025-02-15T20:55:24.000Z</time>
        <sat>7</sat>
      </trkpt>
      <trkpt lat="32.743120" lon="-16.771885">
        <ele>175.0</ele>
        <time>2025-02-15T20:55:25.000Z</time>
        <sat>7</sat>
      </trkpt>
      <trkpt lat="32.743120" lon="-16.771885">
        <ele>175.0</ele>
        <time>2025-02-15T20:55:28.000Z</time>
        <sat>7</sat>
      </trkpt>
      <trkpt lat="32.743120" lon="-16.771883">
        <ele>175.0</ele>
        <time>2025-02-15T20:55:29.000Z</time>
        <sat>7</sat>
      </trkpt>
      <trkpt lat="32.743120" lon="-16.771883">
        <ele>175.0</ele>
        <time>2025-02-15T20:55:30.000Z</time>
        <sat>6</sat>
      </trkpt>
      <trkpt lat="32.743120" lon="-16.771880">
        <ele>175.0</ele>
        <time>2025-02-15T20:55:35.000Z</time>
        <sat>5</sat>
      </trkpt>
      <trkpt lat="32.743118" lon="-16.771880">
        <ele>175.0</ele>
        <time>2025-02-15T20:55:37.000Z</time>
        <sat>5</sat>
      </trkpt>
      <trkpt lat="32.743110" lon="-16.771865">
        <ele>175.0</ele>
        <time>2025-02-15T20:55:40.000Z</time>
        <sat>6</sat>
      </trkpt>
      <trkpt lat="32.743122" lon="-16.771852">
        <ele>175.0</ele>
        <time>2025-02-15T20:55:45.000Z</time>
        <sat>6</sat>
      </trkpt>
      <trkpt lat="32.743122" lon="-16.771847">
        <ele>175.0</ele>
        <time>2025-02-15T20:55:47.000Z</time>
        <sat>6</sat>
      </trkpt>
      <trkpt lat="32.743033" lon="-16.771897">
        <ele>174.8</ele>
        <time>2025-02-15T20:55:57.000Z</time>
        <sat>6</sat>
      </trkpt>
      <trkpt lat="32.742933" lon="-16.771953">
        <ele>174.6</ele>
        <time>2025-02-15T20:56:02.000Z</time>
        <sat>6</sat>
      </trkpt>
      <trkpt lat="32.742840" lon="-16.771963">
        <ele>174.5</ele>
        <time>2025-02-15T20:56:06.000Z</time>
        <sat>6</sat>
      </trkpt>
      <trkpt lat="32.742745" lon="-16.771973">
        <ele>174.3</ele>
        <time>2025-02-15T20:56:10.000Z</time>
        <sat>6</sat>
      </trkpt>
      <trkpt lat="32.742638" lon="-16.772007">
        <ele>174.2</ele>
        <time>2025-02-15T20:56:14.000Z</time>
        <sat>6</sat>
      </trkpt>
      <trkpt lat="32.742547" lon="-16.772052">
        <ele>174.1</ele>
        <time>2025-02-15T20:56:18.000Z</time>
        <sat>6</sat>
      </trkpt>
      <trkpt lat="32.742465" lon="-16.772118">
        <ele>174.0</ele>
        <time>2025-02-15T20:56:24.000Z</time>
        <sat>5</sat>
      </trkpt>
      <trkpt lat="32.742395" lon="-16.772190">
        <ele>173.9</ele>
        <time>2025-02-15T20:56:29.000Z</time>
        <sat>5</sat>
      </trkpt>
      <trkpt lat="32.742313" lon="-16.772262">
        <ele>173.8</ele>
        <time>2025-02-15T20:56:34.000Z</time>
        <sat>5</sat>
      </trkpt>
      <trkpt lat="32.742237" lon="-16.772320">
        <ele>173.8</ele>
        <time>2025-02-15T20:56:38.000Z</time>
        <sat>5</sat>
      </trkpt>
      <trkpt lat="32.742160" lon="-16.772408">
        <ele>173.7</ele>
        <time>2025-02-15T20:56:43.000Z</time>
        <sat>7</sat>
      </trkpt>
      <trkpt lat="32.742125" lon="-16.772522">
        <ele>173.8</ele>
        <time>2025-02-15T20:56:48.000Z</time>
        <sat>5</sat>
      </trkpt>
      <trkpt lat="32.742070" lon="-16.772618">
        <ele>173.8</ele>
        <time>2025-02-15T20:56:53.000Z</time>
        <sat>5</sat>
      </trkpt>
      <trkpt lat="32.741982" lon="-16.772708">
        <ele>173.8</ele>
        <time>2025-02-15T20:56:58.000Z</time>
        <sat>5</sat>
      </trkpt>
      <trkpt lat="32.741892" lon="-16.772770">
        <ele>173.8</ele>
        <time>2025-02-15T20:57:02.000Z</time>
        <sat>5</sat>
      </trkpt>
      <trkpt lat="32.741812" lon="-16.772823">
        <ele>173.8</ele>
        <time>2025-02-15T20:57:06.000Z</time>
        <sat>5</sat>
      </trkpt>
      <trkpt lat="32.741720" lon="-16.772867">
        <ele>173.8</ele>
        <time>2025-02-15T20:57:10.000Z</time>
        <sat>5</sat>
      </trkpt>
      <trkpt lat="32.741625" lon="-16.772890">
        <ele>173.9</ele>
        <time>2025-02-15T20:57:14.000Z</time>
        <sat>5</sat>
      </trkpt>
      <trkpt lat="32.741522" lon="-16.772923">
        <ele>173.9</ele>
        <time>2025-02-15T20:57:19.000Z</time>
        <sat>6</sat>
      </trkpt>
      <trkpt lat="32.741413" lon="-16.772948">
        <ele>173.9</ele>
        <time>2025-02-15T20:57:24.000Z</time>
        <sat>5</sat>
      </trkpt>
      <trkpt lat="32.741327" lon="-16.772980">
        <ele>174.0</ele>
        <time>2025-02-15T20:57:28.000Z</time>
        <sat>5</sat>
      </trkpt>
      <trkpt lat="32.741240" lon="-16.773018">
        <ele>174.0</ele>
        <time>2025-02-15T20:57:32.000Z</time>
        <sat>6</sat>
      </trkpt>
      <trkpt lat="32.741138" lon="-16.773045">
        <ele>174.0</ele>
        <time>2025-02-15T20:57:37.000Z</time>
        <sat>6</sat>
      </trkpt>
      <trkpt lat="32.741040" lon="-16.772997">
        <ele>174.1</ele>
        <time>2025-02-15T20:57:42.000Z</time>
        <sat>7</sat>
      </trkpt>
      <trkpt lat="32.740992" lon="-16.772895">
        <ele>174.1</ele>
        <time>2025-02-15T20:57:48.000Z</time>
        <sat>8</sat>
      </trkpt>
      <trkpt lat="32.740967" lon="-16.772782">
        <ele>174.1</ele>
        <time>2025-02-15T20:57:54.000Z</time>
        <sat>8</sat>
      </trkpt>
      <trkpt lat="32.740933" lon="-16.772667">
        <ele>174.1</ele>
        <time>2025-02-15T20:58:00.000Z</time>
        <sat>8</sat>
      </trkpt>
      <trkpt lat="32.740922" lon="-16.772557">
        <ele>174.0</ele>
        <time>2025-02-15T20:58:05.000Z</time>
        <sat>7</sat>
      </trkpt>
      <trkpt lat="32.740850" lon="-16.772462">
        <ele>174.1</ele>
        <time>2025-02-15T20:58:09.000Z</time>
        <sat>8</sat>
      </trkpt>
      <trkpt lat="32.740775" lon="-16.772368">
        <ele>174.1</ele>
        <time>2025-02-15T20:58:14.000Z</time>
        <sat>8</sat>
      </trkpt>
      <trkpt lat="32.740705" lon="-16.772277">
        <ele>174.1</ele>
        <time>2025-02-15T20:58:19.000Z</time>
        <sat>8</sat>
      </trkpt>
      <trkpt lat="32.740612" lon="-16.772303">
        <ele>174.1</ele>
        <time>2025-02-15T20:58:27.000Z</time>
        <sat>7</sat>
      </trkpt>
      <trkpt lat="32.740528" lon="-16.772372">
        <ele>174.2</ele>
        <time>2025-02-15T20:58:36.000Z</time>
        <sat>7</sat>
      </trkpt>
      <trkpt lat="32.740455" lon="-16.772455">
        <ele>174.2</ele>
        <time>2025-02-15T20:58:43.000Z</time>
        <sat>7</sat>
      </trkpt>
      <trkpt lat="32.740397" lon="-16.772547">
        <ele>174.2</ele>
        <time>2025-02-15T20:58:48.000Z</time>
        <sat>7</sat>
      </trkpt>
      <trkpt lat="32.740332" lon="-16.772630">
        <ele>174.2</ele>
        <time>2025-02-15T20:58:52.000Z</time>
        <sat>7</sat>
      </trkpt>
      <trkpt lat="32.740240" lon="-16.772697">
        <ele>174.1</ele>
        <time>2025-02-15T20:58:57.000Z</time>
        <sat>7</sat>
      </trkpt>
      <trkpt lat="32.740135" lon="-16.772662">
        <ele>174.1</ele>
        <time>2025-02-15T20:59:02.000Z</time>
        <sat>7</sat>
      </trkpt>
      <trkpt lat="32.740075" lon="-16.772560">
        <ele>174.1</ele>
        <time>2025-02-15T20:59:07.000Z</time>
        <sat>7</sat>
      </trkpt>
      <trkpt lat="32.740028" lon="-16.772460">
        <ele>174.1</ele>
        <time>2025-02-15T20:59:12.000Z</time>
        <sat>7</sat>
      </trkpt>
      <trkpt lat="32.739970" lon="-16.772362">
        <ele>174.1</ele>
        <time>2025-02-15T20:59:18.000Z</time>
        <sat>7</sat>
      </trkpt>
      <trkpt lat="32.739935" lon="-16.772247">
        <ele>173.9</ele>
        <time>2025-02-15T20:59:25.000Z</time>
        <sat>7</sat>
      </trkpt>
      <trkpt lat="32.739860" lon="-16.772168">
        <ele>174.0</ele>
        <time>2025-02-15T20:59:30.000Z</time>
        <sat>7</sat>
      </trkpt>
      <trkpt lat="32.739763" lon="-16.772140">
        <ele>173.9</ele>
        <time>2025-02-15T20:59:35.000Z</time>
        <sat>7</sat>
      </trkpt>
      <trkpt lat="32.739672" lon="-16.772177">
        <ele>173.8</ele>
        <time>2025-02-15T20:59:43.000Z</time>
        <sat>6</sat>
      </trkpt>
      <trkpt lat="32.739645" lon="-16.772297">
        <ele>173.7</ele>
        <time>2025-02-15T20:59:50.000Z</time>
        <sat>6</sat>
      </trkpt>
      <trkpt lat="32.739612" lon="-16.772407">
        <ele>173.5</ele>
        <time>2025-02-15T20:59:56.000Z</time>
        <sat>6</sat>
      </trkpt>
      <trkpt lat="32.739568" lon="-16.772518">
        <ele>173.4</ele>
        <time>2025-02-15T21:00:01.000Z</time>
        <sat>6</sat>
      </trkpt>
      <trkpt lat="32.739518" lon="-16.772612">
        <ele>173.3</ele>
        <time>2025-02-15T21:00:05.000Z</time>
        <sat>6</sat>
      </trkpt>
      <trkpt lat="32.739475" lon="-16.772720">
        <ele>173.2</ele>
        <time>2025-02-15T21:00:10.000Z</time>
        <sat>5</sat>
      </trkpt>
      <trkpt lat="32.739438" lon="-16.772837">
        <ele>173.1</ele>
        <time>2025-02-15T21:00:15.000Z</time>
        <sat>5</sat>
      </trkpt>
      <trkpt lat="32.739392" lon="-16.772930">
        <ele>172.6</ele>
        <time>2025-02-15T21:00:23.000Z</time>
        <sat>6</sat>
      </trkpt>
      <trkpt lat="32.739357" lon="-16.773040">
        <ele>173.0</ele>
        <time>2025-02-15T21:00:30.000Z</time>
        <sat>6</sat>
      </trkpt>
      <trkpt lat="32.739312" lon="-16.773150">
        <ele>173.1</ele>
        <time>2025-02-15T21:00:36.000Z</time>
        <sat>7</sat>
      </trkpt>
      <trkpt lat="32.739322" lon="-16.773275">
        <ele>173.1</ele>
        <time>2025-02-15T21:00:41.000Z</time>
        <sat>7</sat>
      </trkpt>
      <trkpt lat="32.739297" lon="-16.773387">
        <ele>173.1</ele>
        <time>2025-02-15T21:00:46.000Z</time>
        <sat>7</sat>
      </trkpt>
      <trkpt lat="32.739275" lon="-16.773403">
        <ele>173.2</ele>
        <time>2025-02-15T21:00:54.000Z</time>
        <sat>8</sat>
      </trkpt>
      <trkpt lat="32.739272" lon="-16.773407">
        <ele>173.1</ele>
        <time>2025-02-15T21:00:56.000Z</time>
        <sat>8</sat>
      </trkpt>
      <trkpt lat="32.739272" lon="-16.773407">
        <ele>173.2</ele>
        <time>2025-02-15T21:00:57.000Z</time>
        <sat>7</sat>
      </trkpt>
      <trkpt lat="32.739267" lon="-16.773405">
        <ele>173.2</ele>
        <time>2025-02-15T21:01:00.000Z</time>
        <sat>8</sat>
      </trkpt>
      <trkpt lat="32.739168" lon="-16.773435">
        <ele>173.2</ele>
        <time>2025-02-15T21:01:09.000Z</time>
        <sat>8</sat>
      </trkpt>
      <trkpt lat="32.739062" lon="-16.773420">
        <ele>173.2</ele>
        <time>2025-02-15T21:01:15.000Z</time>
        <sat>9</sat>
      </trkpt>
      <trkpt lat="32.738968" lon="-16.773400">
        <ele>173.2</ele>
        <time>2025-02-15T21:01:21.000Z</time>
        <sat>9</sat>
      </trkpt>
      <trkpt lat="32.738878" lon="-16.773368">
        <ele>173.1</ele>
        <time>2025-02-15T21:01:29.000Z</time>
        <sat>9</sat>
      </trkpt>
      <trkpt lat="32.738787" lon="-16.773303">
        <ele>173.1</ele>
        <time>2025-02-15T21:01:35.000Z</time>
        <sat>9</sat>
      </trkpt>
      <trkpt lat="32.738708" lon="-16.773233">
        <ele>173.1</ele>
        <time>2025-02-15T21:01:41.000Z</time>
        <sat>9</sat>
      </trkpt>
      <trkpt lat="32.738640" lon="-16.773163">
        <ele>173.1</ele>
        <time>2025-02-15T21:01:47.000Z</time>
        <sat>9</sat>
      </trkpt>
      <trkpt lat="32.738558" lon="-16.773085">
        <ele>173.0</ele>
        <time>2025-02-15T21:01:54.000Z</time>
        <sat>8</sat>
      </trkpt>
      <trkpt lat="32.738477" lon="-16.773018">
        <ele>173.0</ele>
        <time>2025-02-15T21:02:00.000Z</time>
        <sat>8</sat>
      </trkpt>
      <trkpt lat="32.738397" lon="-16.772955">
        <ele>172.9</ele>
        <time>2025-02-15T21:02:06.000Z</time>
        <sat>8</sat>
      </trkpt>
      <trkpt lat="32.738317" lon="-16.772890">
        <ele>172.9</ele>
        <time>2025-02-15T21:02:12.000Z</time>
        <sat>8</sat>
      </trkpt>
      <trkpt lat="32.738223" lon="-16.772855">
        <ele>172.9</ele>
        <time>2025-02-15T21:02:18.000Z</time>
        <sat>7</sat>
      </trkpt>
      <trkpt lat="32.738135" lon="-16.772825">
        <ele>173.0</ele>
        <time>2025-02-15T21:02:26.000Z</time>
        <sat>7</sat>
      </trkpt>
      <trkpt lat="32.738060" lon="-16.772890">
        <ele>173.2</ele>
        <time>2025-02-15T21:02:34.000Z</time>
        <sat>7</sat>
      </trkpt>
      <trkpt lat="32.738028" lon="-16.772998">
        <ele>173.2</ele>
        <time>2025-02-15T21:02:42.000Z</time>
        <sat>7</sat>
      </trkpt>
      <trkpt lat="32.737982" lon="-16.773103">
        <ele>173.2</ele>
        <time>2025-02-15T21:02:50.000Z</time>
        <sat>7</sat>
      </trkpt>
      <trkpt lat="32.737952" lon="-16.773213">
        <ele>173.1</ele>
        <time>2025-02-15T21:02:57.000Z</time>
        <sat>7</sat>
      </trkpt>
      <trkpt lat="32.737923" lon="-16.773327">
        <ele>172.9</ele>
        <time>2025-02-15T21:03:05.000Z</time>
        <sat>7</sat>
      </trkpt>
      <trkpt lat="32.737898" lon="-16.773438">
        <ele>172.9</ele>
        <time>2025-02-15T21:03:17.000Z</time>
        <sat>6</sat>
      </trkpt>
      <trkpt lat="32.737892" lon="-16.773562">
        <ele>172.8</ele>
        <time>2025-02-15T21:03:22.000Z</time>
        <sat>7</sat>
      </trkpt>
      <trkpt lat="32.737867" lon="-16.773668">
        <ele>172.7</ele>
        <time>2025-02-15T21:03:27.000Z</time>
        <sat>8</sat>
      </trkpt>
      <trkpt lat="32.737828" lon="-16.773773">
        <ele>172.7</ele>
        <time>2025-02-15T21:03:33.000Z</time>
        <sat>7</sat>
      </trkpt>
      <trkpt lat="32.737767" lon="-16.773867">
        <ele>172.7</ele>
        <time>2025-02-15T21:03:38.000Z</time>
        <sat>8</sat>
      </trkpt>
      <trkpt lat="32.737673" lon="-16.773837">
        <ele>172.7</ele>
        <time>2025-02-15T21:03:46.000Z</time>
        <sat>9</sat>
      </trkpt>
      <trkpt lat="32.737627" lon="-16.773735">
        <ele>172.7</ele>
        <time>2025-02-15T21:03:53.000Z</time>
        <sat>9</sat>
      </trkpt>
      <trkpt lat="32.737540" lon="-16.773673">
        <ele>172.6</ele>
        <time>2025-02-15T21:04:01.000Z</time>
        <sat>9</sat>
      </trkpt>
      <trkpt lat="32.737440" lon="-16.773630">
        <ele>172.6</ele>
        <time>2025-02-15T21:04:05.000Z</time>
        <sat>9</sat>
      </trkpt>
      <trkpt lat="32.737337" lon="-16.773587">
        <ele>172.5</ele>
        <time>2025-02-15T21:04:10.000Z</time>
        <sat>7</sat>
      </trkpt>
      <trkpt lat="32.737228" lon="-16.773597">
        <ele>172.5</ele>
        <time>2025-02-15T21:04:15.000Z</time>
        <sat>7</sat>
      </trkpt>
      <trkpt lat="32.737122" lon="-16.773625">
        <ele>172.4</ele>
        <time>2025-02-15T21:04:19.000Z</time>
        <sat>7</sat>
      </trkpt>
      <trkpt lat="32.737015" lon="-16.773658">
        <ele>172.4</ele>
        <time>2025-02-15T21:04:23.000Z</time>
        <sat>7</sat>
      </trkpt>
      <trkpt lat="32.736922" lon="-16.773682">
        <ele>172.4</ele>
        <time>2025-02-15T21:04:27.000Z</time>
        <sat>8</sat>
      </trkpt>
      <trkpt lat="32.736825" lon="-16.773678">
        <ele>172.3</ele>
        <time>2025-02-15T21:04:31.000Z</time>
        <sat>8</sat>
      </trkpt>
      <trkpt lat="32.736713" lon="-16.773652">
        <ele>172.3</ele>
        <time>2025-02-15T21:04:35.000Z</time>
        <sat>8</sat>
      </trkpt>
      <trkpt lat="32.736612" lon="-16.773638">
        <ele>172.3</ele>
        <time>2025-02-15T21:04:39.000Z</time>
        <sat>8</sat>
      </trkpt>
      <trkpt lat="32.736507" lon="-16.773623">
        <ele>172.3</ele>
        <time>2025-02-15T21:04:43.000Z</time>
        <sat>8</sat>
      </trkpt>
      <trkpt lat="32.736413" lon="-16.773612">
        <ele>172.2</ele>
        <time>2025-02-15T21:04:47.000Z</time>
        <sat>7</sat>
      </trkpt>
      <trkpt lat="32.736315" lon="-16.773608">
        <ele>172.2</ele>
        <time>2025-02-15T21:04:52.000Z</time>
        <sat>7</sat>
      </trkpt>
      <trkpt lat="32.736215" lon="-16.773613">
        <ele>172.3</ele>
        <time>2025-02-15T21:04:56.000Z</time>
        <sat>7</sat>
      </trkpt>
      <trkpt lat="32.736125" lon="-16.773617">
        <ele>172.3</ele>
        <time>2025-02-15T21:05:00.000Z</time>
        <sat>7</sat>
      </trkpt>
      <trkpt lat="32.736025" lon="-16.773593">
        <ele>172.3</ele>
        <time>2025-02-15T21:05:05.000Z</time>
        <sat>9</sat>
      </trkpt>
      <trkpt lat="32.735917" lon="-16.773597">
        <ele>172.3</ele>
        <time>2025-02-15T21:05:10.000Z</time>
        <sat>9</sat>
      </trkpt>
      <trkpt lat="32.735822" lon="-16.773555">
        <ele>172.3</ele>
        <time>2025-02-15T21:05:14.000Z</time>
        <sat>9</sat>
      </trkpt>
      <trkpt lat="32.735742" lon="-16.773490">
        <ele>172.3</ele>
        <time>2025-02-15T21:05:19.000Z</time>
        <sat>9</sat>
      </trkpt>
      <trkpt lat="32.735667" lon="-16.773428">
        <ele>172.4</ele>
        <time>2025-02-15T21:05:24.000Z</time>
        <sat>9</sat>
      </trkpt>
      <trkpt lat="32.735578" lon="-16.773340">
        <ele>172.3</ele>
        <time>2025-02-15T21:05:29.000Z</time>
        <sat>9</sat>
      </trkpt>
      <trkpt lat="32.735488" lon="-16.773275">
        <ele>172.3</ele>
        <time>2025-02-15T21:05:33.000Z</time>
        <sat>9</sat>
      </trkpt>
      <trkpt lat="32.735385" lon="-16.773228">
        <ele>172.4</ele>
        <time>2025-02-15T21:05:37.000Z</time>
        <sat>9</sat>
      </trkpt>
      <trkpt lat="32.735280" lon="-16.773175">
        <ele>172.4</ele>
        <time>2025-02-15T21:05:41.000Z</time>
        <sat>9</sat>
      </trkpt>
      <trkpt lat="32.735190" lon="-16.773123">
        <ele>172.4</ele>
        <time>2025-02-15T21:05:45.000Z</time>
        <sat>9</sat>
      </trkpt>
      <trkpt lat="32.735147" lon="-16.773013">
        <ele>172.4</ele>
        <time>2025-02-15T21:05:51.000Z</time>
        <sat>7</sat>
      </trkpt>
      <trkpt lat="32.735135" lon="-16.772887">
        <ele>172.5</ele>
        <time>2025-02-15T21:05:56.000Z</time>
        <sat>9</sat>
      </trkpt>
      <trkpt lat="32.735125" lon="-16.772755">
        <ele>172.5</ele>
        <time>2025-02-15T21:06:01.000Z</time>
        <sat>9</sat>
      </trkpt>
      <trkpt lat="32.735138" lon="-16.772642">
        <ele>172.5</ele>
        <time>2025-02-15T21:06:04.000Z</time>
        <sat>9</sat>
      </trkpt>
      <trkpt lat="32.735153" lon="-16.772517">
        <ele>172.5</ele>
        <time>2025-02-15T21:06:08.000Z</time>
        <sat>8</sat>
      </trkpt>
      <trkpt lat="32.735177" lon="-16.772400">
        <ele>172.5</ele>
        <time>2025-02-15T21:06:12.000Z</time>
        <sat>8</sat>
      </trkpt>
      <trkpt lat="32.735200" lon="-16.772280">
        <ele>172.5</ele>
        <time>2025-02-15T21:06:16.000Z</time>
        <sat>8</sat>
      </trkpt>
      <trkpt lat="32.735228" lon="-16.772170">
        <ele>172.5</ele>
        <time>2025-02-15T21:06:20.000Z</time>
        <sat>9</sat>
      </trkpt>
      <trkpt lat="32.735245" lon="-16.772060">
        <ele>172.6</ele>
        <time>2025-02-15T21:06:24.000Z</time>
        <sat>8</sat>
      </trkpt>
      <trkpt lat="32.735255" lon="-16.771947">
        <ele>172.6</ele>
        <time>2025-02-15T21:06:28.000Z</time>
        <sat>8</sat>
      </trkpt>
      <trkpt lat="32.735260" lon="-16.771833">
        <ele>172.6</ele>
        <time>2025-02-15T21:06:32.000Z</time>
        <sat>8</sat>
      </trkpt>
      <trkpt lat="32.735263" lon="-16.771710">
        <ele>172.7</ele>
        <time>2025-02-15T21:06:37.000Z</time>
        <sat>8</sat>
      </trkpt>
      <trkpt lat="32.735267" lon="-16.771590">
        <ele>172.8</ele>
        <time>2025-02-15T21:06:43.000Z</time>
        <sat>8</sat>
      </trkpt>
      <trkpt lat="32.735257" lon="-16.771465">
        <ele>173.0</ele>
        <time>2025-02-15T21:06:49.000Z</time>
        <sat>8</sat>
      </trkpt>
      <trkpt lat="32.735230" lon="-16.771360">
        <ele>173.2</ele>
        <time>2025-02-15T21:06:55.000Z</time>
        <sat>8</sat>
      </trkpt>
      <trkpt lat="32.735210" lon="-16.771253">
        <ele>173.3</ele>
        <time>2025-02-15T21:07:01.000Z</time>
        <sat>8</sat>
      </trkpt>
      <trkpt lat="32.735193" lon="-16.771137">
        <ele>173.4</ele>
        <time>2025-02-15T21:07:08.000Z</time>
        <sat>8</sat>
      </trkpt>
      <trkpt lat="32.735182" lon="-16.771022">
        <ele>173.5</ele>
        <time>2025-02-15T21:07:15.000Z</time>
        <sat>8</sat>
      </trkpt>
      <trkpt lat="32.735170" lon="-16.770903">
        <ele>173.5</ele>
        <time>2025-02-15T21:07:22.000Z</time>
        <sat>8</sat>
      </trkpt>
      <trkpt lat="32.735152" lon="-16.770780">
        <ele>173.5</ele>
        <time>2025-02-15T21:07:29.000Z</time>
        <sat>9</sat>
      </trkpt>
      <trkpt lat="32.735148" lon="-16.770668">
        <ele>173.4</ele>
        <time>2025-02-15T21:07:34.000Z</time>
        <sat>9</sat>
      </trkpt>
      <trkpt lat="32.735158" lon="-16.770558">
        <ele>173.2</ele>
        <time>2025-02-15T21:07:40.000Z</time>
        <sat>9</sat>
      </trkpt>
      <trkpt lat="32.735173" lon="-16.770448">
        <ele>173.1</ele>
        <time>2025-02-15T21:07:47.000Z</time>
        <sat>9</sat>
      </trkpt>
      <trkpt lat="32.735182" lon="-16.770330">
        <ele>172.8</ele>
        <time>2025-02-15T21:07:53.000Z</time>
        <sat>9</sat>
      </trkpt>
      <trkpt lat="32.735178" lon="-16.770222">
        <ele>172.8</ele>
        <time>2025-02-15T21:07:57.000Z</time>
        <sat>9</sat>
      </trkpt>
      <trkpt lat="32.735172" lon="-16.770108">
        <ele>172.8</ele>
        <time>2025-02-15T21:08:02.000Z</time>
        <sat>9</sat>
      </trkpt>
      <trkpt lat="32.735167" lon="-16.769992">
        <ele>172.8</ele>
        <time>2025-02-15T21:08:08.000Z</time>
        <sat>9</sat>
      </trkpt>
      <trkpt lat="32.735180" lon="-16.769880">
        <ele>172.8</ele>
        <time>2025-02-15T21:08:14.000Z</time>
        <sat>9</sat>
      </trkpt>
      <trkpt lat="32.735200" lon="-16.769760">
        <ele>172.8</ele>
        <time>2025-02-15T21:08:20.000Z</time>
        <sat>9</sat>
      </trkpt>
      <trkpt lat="32.735222" lon="-16.769650">
        <ele>172.8</ele>
        <time>2025-02-15T21:08:25.000Z</time>
        <sat>9</sat>
      </trkpt>
      <trkpt lat="32.735268" lon="-16.769538">
        <ele>172.8</ele>
        <time>2025-02-15T21:08:30.000Z</time>
        <sat>9</sat>
      </trkpt>
      <trkpt lat="32.735312" lon="-16.769443">
        <ele>172.8</ele>
        <time>2025-02-15T21:08:34.000Z</time>
        <sat>9</sat>
      </trkpt>
      <trkpt lat="32.735345" lon="-16.769332">
        <ele>172.8</ele>
        <time>2025-02-15T21:08:38.000Z</time>
        <sat>9</sat>
      </trkpt>
      <trkpt lat="32.735385" lon="-16.769228">
        <ele>172.8</ele>
        <time>2025-02-15T21:08:42.000Z</time>
        <sat>8</sat>
      </trkpt>
      <trkpt lat="32.735420" lon="-16.769125">
        <ele>172.8</ele>
        <time>2025-02-15T21:08:46.000Z</time>
        <sat>9</sat>
      </trkpt>
      <trkpt lat="32.735400" lon="-16.769013">
        <ele>172.8</ele>
        <time>2025-02-15T21:08:51.000Z</time>
        <sat>9</sat>
      </trkpt>
      <trkpt lat="32.735367" lon="-16.768900">
        <ele>172.8</ele>
        <time>2025-02-15T21:08:58.000Z</time>
        <sat>9</sat>
      </trkpt>
      <trkpt lat="32.735343" lon="-16.768793">
        <ele>172.7</ele>
        <time>2025-02-15T21:09:04.000Z</time>
        <sat>9</sat>
      </trkpt>
      <trkpt lat="32.735283" lon="-16.768710">
        <ele>172.5</ele>
        <time>2025-02-15T21:09:10.000Z</time>
        <sat>9</sat>
      </trkpt>
      <trkpt lat="32.735232" lon="-16.768612">
        <ele>172.2</ele>
        <time>2025-02-15T21:09:16.000Z</time>
        <sat>9</sat>
      </trkpt>
      <trkpt lat="32.735208" lon="-16.768508">
        <ele>171.9</ele>
        <time>2025-02-15T21:09:22.000Z</time>
        <sat>9</sat>
      </trkpt>
      <trkpt lat="32.735228" lon="-16.768397">
        <ele>171.6</ele>
        <time>2025-02-15T21:09:29.000Z</time>
        <sat>9</sat>
      </trkpt>
      <trkpt lat="32.735215" lon="-16.768280">
        <ele>171.4</ele>
        <time>2025-02-15T21:09:38.000Z</time>
        <sat>9</sat>
      </trkpt>
      <trkpt lat="32.735208" lon="-16.768160">
        <ele>171.3</ele>
        <time>2025-02-15T21:09:45.000Z</time>
        <sat>9</sat>
      </trkpt>
      <trkpt lat="32.735182" lon="-16.768052">
        <ele>171.2</ele>
        <time>2025-02-15T21:09:53.000Z</time>
        <sat>9</sat>
      </trkpt>
      <trkpt lat="32.735103" lon="-16.767977">
        <ele>171.2</ele>
        <time>2025-02-15T21:09:58.000Z</time>
        <sat>8</sat>
      </trkpt>
      <trkpt lat="32.735007" lon="-16.767927">
        <ele>171.2</ele>
        <time>2025-02-15T21:10:03.000Z</time>
        <sat>8</sat>
      </trkpt>
      <trkpt lat="32.734920" lon="-16.767855">
        <ele>171.2</ele>
        <time>2025-02-15T21:10:09.000Z</time>
        <sat>8</sat>
      </trkpt>
      <trkpt lat="32.734830" lon="-16.767810">
        <ele>171.2</ele>
        <time>2025-02-15T21:10:20.000Z</time>
        <sat>7</sat>
      </trkpt>
      <trkpt lat="32.734740" lon="-16.767842">
        <ele>171.1</ele>
        <time>2025-02-15T21:10:26.000Z</time>
        <sat>7</sat>
      </trkpt>
      <trkpt lat="32.734640" lon="-16.767885">
        <ele>171.1</ele>
        <time>2025-02-15T21:10:32.000Z</time>
        <sat>7</sat>
      </trkpt>
      <trkpt lat="32.734542" lon="-16.767923">
        <ele>171.1</ele>
        <time>2025-02-15T21:10:36.000Z</time>
        <sat>7</sat>
      </trkpt>
      <trkpt lat="32.734453" lon="-16.767953">
        <ele>171.1</ele>
        <time>2025-02-15T21:10:40.000Z</time>
        <sat>8</sat>
      </trkpt>
      <trkpt lat="32.734363" lon="-16.767995">
        <ele>171.1</ele>
        <time>2025-02-15T21:10:44.000Z</time>
        <sat>8</sat>
      </trkpt>
      <trkpt lat="32.734278" lon="-16.768030">
        <ele>171.1</ele>
        <time>2025-02-15T21:10:48.000Z</time>
        <sat>8</sat>
      </trkpt>
      <trkpt lat="32.734183" lon="-16.768078">
        <ele>171.1</ele>
        <time>2025-02-15T21:10:53.000Z</time>
        <sat>8</sat>
      </trkpt>
      <trkpt lat="32.734087" lon="-16.768123">
        <ele>171.1</ele>
        <time>2025-02-15T21:10:57.000Z</time>
        <sat>8</sat>
      </trkpt>
      <trkpt lat="32.733992" lon="-16.768163">
        <ele>171.1</ele>
        <time>2025-02-15T21:11:02.000Z</time>
        <sat>8</sat>
      </trkpt>
      <trkpt lat="32.733900" lon="-16.768222">
        <ele>171.1</ele>
        <time>2025-02-15T21:11:07.000Z</time>
        <sat>8</sat>
      </trkpt>
      <trkpt lat="32.733827" lon="-16.768310">
        <ele>171.1</ele>
        <time>2025-02-15T21:11:12.000Z</time>
        <sat>8</sat>
      </trkpt>
      <trkpt lat="32.733770" lon="-16.768400">
        <ele>171.1</ele>
        <time>2025-02-15T21:11:19.000Z</time>
        <sat>8</sat>
      </trkpt>
      <trkpt lat="32.733727" lon="-16.768495">
        <ele>171.1</ele>
        <time>2025-02-15T21:11:26.000Z</time>
        <sat>8</sat>
      </trkpt>
      <trkpt lat="32.733668" lon="-16.768580">
        <ele>171.1</ele>
        <time>2025-02-15T21:11:31.000Z</time>
        <sat>8</sat>
      </trkpt>
      <trkpt lat="32.733585" lon="-16.768657">
        <ele>171.0</ele>
        <time>2025-02-15T21:11:37.000Z</time>
        <sat>9</sat>
      </trkpt>
      <trkpt lat="32.733483" lon="-16.768688">
        <ele>171.0</ele>
        <time>2025-02-15T21:11:42.000Z</time>
        <sat>10</sat>
      </trkpt>
      <trkpt lat="32.733397" lon="-16.768648">
        <ele>170.9</ele>
        <time>2025-02-15T21:11:47.000Z</time>
        <sat>10</sat>
      </trkpt>
      <trkpt lat="32.733350" lon="-16.768557">
        <ele>170.9</ele>
        <time>2025-02-15T21:11:52.000Z</time>
        <sat>10</sat>
      </trkpt>
      <trkpt lat="32.733317" lon="-16.768445">
        <ele>170.8</ele>
        <time>2025-02-15T21:11:57.000Z</time>
        <sat>10</sat>
      </trkpt>
      <trkpt lat="32.733253" lon="-16.768343">
        <ele>170.7</ele>
        <time>2025-02-15T21:12:02.000Z</time>
        <sat>10</sat>
      </trkpt>
      <trkpt lat="32.733158" lon="-16.768272">
        <ele>170.6</ele>
        <time>2025-02-15T21:12:07.000Z</time>
        <sat>10</sat>
      </trkpt>
      <trkpt lat="32.733063" lon="-16.768235">
        <ele>170.6</ele>
        <time>2025-02-15T21:12:11.000Z</time>
        <sat>10</sat>
      </trkpt>
      <trkpt lat="32.732945" lon="-16.768228">
        <ele>170.5</ele>
        <time>2025-02-15T21:12:16.000Z</time>
        <sat>10</sat>
      </trkpt>
      <trkpt lat="32.732848" lon="-16.768237">
        <ele>170.4</ele>
        <time>2025-02-15T21:12:20.000Z</time>
        <sat>10</sat>
      </trkpt>
      <trkpt lat="32.732752" lon="-16.768233">
        <ele>170.4</ele>
        <time>2025-02-15T21:12:25.000Z</time>
        <sat>10</sat>
      </trkpt>
      <trkpt lat="32.732662" lon="-16.768248">
        <ele>170.3</ele>
        <time>2025-02-15T21:12:30.000Z</time>
        <sat>10</sat>
      </trkpt>
      <trkpt lat="32.732575" lon="-16.768208">
        <ele>170.3</ele>
        <time>2025-02-15T21:12:37.000Z</time>
        <sat>10</sat>
      </trkpt>
      <trkpt lat="32.732513" lon="-16.768122">
        <ele>170.4</ele>
        <time>2025-02-15T21:12:43.000Z</time>
        <sat>10</sat>
      </trkpt>
      <trkpt lat="32.732473" lon="-16.768018">
        <ele>170.4</ele>
        <time>2025-02-15T21:12:50.000Z</time>
        <sat>10</sat>
      </trkpt>
      <trkpt lat="32.732548" lon="-16.767927">
        <ele>170.4</ele>
        <time>2025-02-15T21:12:55.000Z</time>
        <sat>10</sat>
      </trkpt>
      <trkpt lat="32.732615" lon="-16.767833">
        <ele>170.3</ele>
        <time>2025-02-15T21:13:00.000Z</time>
        <sat>9</sat>
      </trkpt>
      <trkpt lat="32.732670" lon="-16.767735">
        <ele>170.4</ele>
        <time>2025-02-15T21:13:06.000Z</time>
        <sat>9</sat>
      </trkpt>
      <trkpt lat="32.732700" lon="-16.767618">
        <ele>170.4</ele>
        <time>2025-02-15T21:13:13.000Z</time>
        <sat>9</sat>
      </trkpt>
      <trkpt lat="32.732703" lon="-16.767502">
        <ele>170.5</ele>
        <time>2025-02-15T21:13:20.000Z</time>
        <sat>9</sat>
      </trkpt>
      <trkpt lat="32.732738" lon="-16.767393">
        <ele>170.5</ele>
        <time>2025-02-15T21:13:28.000Z</time>
        <sat>9</sat>
      </trkpt>
      <trkpt lat="32.732838" lon="-16.767340">
        <ele>170.5</ele>
        <time>2025-02-15T21:13:33.000Z</time>
        <sat>9</sat>
      </trkpt>
      <trkpt lat="32.732935" lon="-16.767285">
        <ele>170.5</ele>
        <time>2025-02-15T21:13:38.000Z</time>
        <sat>9</sat>
      </trkpt>
      <trkpt lat="32.733030" lon="-16.767217">
        <ele>170.5</ele>
        <time>2025-02-15T21:13:43.000Z</time>
        <sat>9</sat>
      </trkpt>
      <trkpt lat="32.733118" lon="-16.767138">
        <ele>170.5</ele>
        <time>2025-02-15T21:13:48.000Z</time>
        <sat>9</sat>
      </trkpt>
      <trkpt lat="32.733192" lon="-16.767057">
        <ele>170.5</ele>
        <time>2025-02-15T21:13:52.000Z</time>
        <sat>9</sat>
      </trkpt>
      <trkpt lat="32.733263" lon="-16.766988">
        <ele>170.5</ele>
        <time>2025-02-15T21:13:56.000Z</time>
        <sat>8</sat>
      </trkpt>
      <trkpt lat="32.733340" lon="-16.766918">
        <ele>170.5</ele>
        <time>2025-02-15T21:14:00.000Z</time>
        <sat>8</sat>
      </trkpt>
      <trkpt lat="32.733427" lon="-16.766858">
        <ele>170.5</ele>
        <time>2025-02-15T21:14:04.000Z</time>
        <sat>8</sat>
      </trkpt>
      <trkpt lat="32.733512" lon="-16.766802">
        <ele>170.5</ele>
        <time>2025-02-15T21:14:08.000Z</time>
        <sat>8</sat>
      </trkpt>
      <trkpt lat="32.733592" lon="-16.766733">
        <ele>170.5</ele>
        <time>2025-02-15T21:14:12.000Z</time>
        <sat>8</sat>
      </trkpt>
      <trkpt lat="32.733658" lon="-16.766658">
        <ele>170.5</ele>
        <time>2025-02-15T21:14:16.000Z</time>
        <sat>8</sat>
      </trkpt>
      <trkpt lat="32.733733" lon="-16.766563">
        <ele>170.6</ele>
        <time>2025-02-15T21:14:21.000Z</time>
        <sat>8</sat>
      </trkpt>
      <trkpt lat="32.733787" lon="-16.766477">
        <ele>170.6</ele>
        <time>2025-02-15T21:14:26.000Z</time>
        <sat>8</sat>
      </trkpt>
      <trkpt lat="32.733830" lon="-16.766380">
        <ele>170.6</ele>
        <time>2025-02-15T21:14:31.000Z</time>
        <sat>8</sat>
      </trkpt>
      <trkpt lat="32.733872" lon="-16.766280">
        <ele>170.5</ele>
        <time>2025-02-15T21:14:36.000Z</time>
        <sat>9</sat>
      </trkpt>
      <trkpt lat="32.733898" lon="-16.766162">
        <ele>170.6</ele>
        <time>2025-02-15T21:14:41.000Z</time>
        <sat>8</sat>
      </trkpt>
      <trkpt lat="32.733887" lon="-16.766053">
        <ele>170.6</ele>
        <time>2025-02-15T21:14:45.000Z</time>
        <sat>8</sat>
      </trkpt>
      <trkpt lat="32.733882" lon="-16.765945">
        <ele>170.6</ele>
        <time>2025-02-15T21:14:49.000Z</time>
        <sat>9</sat>
      </trkpt>
      <trkpt lat="32.733837" lon="-16.765837">
        <ele>170.6</ele>
        <time>2025-02-15T21:14:56.000Z</time>
        <sat>9</sat>
      </trkpt>
      <trkpt lat="32.733790" lon="-16.765738">
        <ele>170.7</ele>
        <time>2025-02-15T21:15:03.000Z</time>
        <sat>9</sat>
      </trkpt>
      <trkpt lat="32.733697" lon="-16.765678">
        <ele>170.8</ele>
        <time>2025-02-15T21:15:09.000Z</time>
        <sat>9</sat>
      </trkpt>
      <trkpt lat="32.733623" lon="-16.765605">
        <ele>170.8</ele>
        <time>2025-02-15T21:15:19.000Z</time>
        <sat>9</sat>
      </trkpt>
      <trkpt lat="32.733542" lon="-16.765542">
        <ele>170.8</ele>
        <time>2025-02-15T21:15:25.000Z</time>
        <sat>9</sat>
      </trkpt>
      <trkpt lat="32.733472" lon="-16.765463">
        <ele>170.7</ele>
        <time>2025-02-15T21:15:30.000Z</time>
        <sat>9</sat>
      </trkpt>
      <trkpt lat="32.733405" lon="-16.765378">
        <ele>170.8</ele>
        <time>2025-02-15T21:15:36.000Z</time>
        <sat>9</sat>
      </trkpt>
      <trkpt lat="32.733332" lon="-16.765293">
        <ele>170.8</ele>
        <time>2025-02-15T21:15:43.000Z</time>
        <sat>9</sat>
      </trkpt>
      <trkpt lat="32.733250" lon="-16.765227">
        <ele>170.8</ele>
        <time>2025-02-15T21:15:49.000Z</time>
        <sat>10</sat>
      </trkpt>
      <trkpt lat="32.733193" lon="-16.765118">
        <ele>170.8</ele>
        <time>2025-02-15T21:15:56.000Z</time>
        <sat>10</sat>
      </trkpt>
      <trkpt lat="32.733135" lon="-16.765017">
        <ele>170.7</ele>
        <time>2025-02-15T21:16:01.000Z</time>
        <sat>10</sat>
      </trkpt>
      <trkpt lat="32.733102" lon="-16.764902">
        <ele>170.7</ele>
        <time>2025-02-15T21:16:06.000Z</time>
        <sat>10</sat>
      </trkpt>
      <trkpt lat="32.733090" lon="-16.764770">
        <ele>170.7</ele>
        <time>2025-02-15T21:16:11.000Z</time>
        <sat>10</sat>
      </trkpt>
      <trkpt lat="32.733102" lon="-16.764663">
        <ele>170.6</ele>
        <time>2025-02-15T21:16:15.000Z</time>
        <sat>10</sat>
      </trkpt>
      <trkpt lat="32.733093" lon="-16.764538">
        <ele>170.6</ele>
        <time>2025-02-15T21:16:19.000Z</time>
        <sat>10</sat>
      </trkpt>
      <trkpt lat="32.733060" lon="-16.764428">
        <ele>170.6</ele>
        <time>2025-02-15T21:16:23.000Z</time>
        <sat>10</sat>
      </trkpt>
      <trkpt lat="32.733005" lon="-16.764335">
        <ele>170.5</ele>
        <time>2025-02-15T21:16:29.000Z</time>
        <sat>10</sat>
      </trkpt>
      <trkpt lat="32.732948" lon="-16.764233">
        <ele>170.4</ele>
        <time>2025-02-15T21:16:36.000Z</time>
        <sat>10</sat>
      </trkpt>
      <trkpt lat="32.732895" lon="-16.764137">
        <ele>170.4</ele>
        <time>2025-02-15T21:16:42.000Z</time>
        <sat>10</sat>
      </trkpt>
      <trkpt lat="32.732810" lon="-16.764058">
        <ele>170.4</ele>
        <time>2025-02-15T21:16:48.000Z</time>
        <sat>10</sat>
      </trkpt>
      <trkpt lat="32.732735" lon="-16.763992">
        <ele>170.4</ele>
        <time>2025-02-15T21:16:53.000Z</time>
        <sat>10</sat>
      </trkpt>
      <trkpt lat="32.732657" lon="-16.763930">
        <ele>170.4</ele>
        <time>2025-02-15T21:16:58.000Z</time>
        <sat>10</sat>
      </trkpt>
      <trkpt lat="32.732580" lon="-16.763858">
        <ele>170.5</ele>
        <time>2025-02-15T21:17:04.000Z</time>
        <sat>10</sat>
      </trkpt>
      <trkpt lat="32.732503" lon="-16.763785">
        <ele>170.8</ele>
        <time>2025-02-15T21:17:11.000Z</time>
        <sat>10</sat>
      </trkpt>
      <trkpt lat="32.732423" lon="-16.763712">
        <ele>171.3</ele>
        <time>2025-02-15T21:17:18.000Z</time>
        <sat>10</sat>
      </trkpt>
      <trkpt lat="32.732348" lon="-16.763643">
        <ele>172.3</ele>
        <time>2025-02-15T21:17:25.000Z</time>
        <sat>10</sat>
      </trkpt>
      <trkpt lat="32.732290" lon="-16.763547">
        <ele>173.4</ele>
        <time>2025-02-15T21:17:33.000Z</time>
        <sat>10</sat>
      </trkpt>
      <trkpt lat="32.732238" lon="-16.763450">
        <ele>174.3</ele>
        <time>2025-02-15T21:17:40.000Z</time>
        <sat>9</sat>
      </trkpt>
      <trkpt lat="32.732190" lon="-16.763357">
        <ele>175.0</ele>
        <time>2025-02-15T21:17:47.000Z</time>
        <sat>10</sat>
      </trkpt>
      <trkpt lat="32.732132" lon="-16.763260">
        <ele>175.7</ele>
        <time>2025-02-15T21:17:55.000Z</time>
        <sat>10</sat>
      </trkpt>
      <trkpt lat="32.732078" lon="-16.763167">
        <ele>176.6</ele>
        <time>2025-02-15T21:18:03.000Z</time>
        <sat>10</sat>
      </trkpt>
      <trkpt lat="32.731993" lon="-16.763113">
        <ele>177.6</ele>
        <time>2025-02-15T21:18:11.000Z</time>
        <sat>9</sat>
      </trkpt>
      <trkpt lat="32.731947" lon="-16.763207">
        <ele>177.6</ele>
        <time>2025-02-15T21:18:28.000Z</time>
        <sat>9</sat>
      </trkpt>
      <trkpt lat="32.731925" lon="-16.763313">
        <ele>175.6</ele>
        <time>2025-02-15T21:18:38.000Z</time>
        <sat>8</sat>
      </trkpt>
      <trkpt lat="32.731877" lon="-16.763418">
        <ele>172.9</ele>
        <time>2025-02-15T21:18:47.000Z</time>
        <sat>9</sat>
      </trkpt>
      <trkpt lat="32.731785" lon="-16.763420">
        <ele>170.6</ele>
        <time>2025-02-15T21:18:54.000Z</time>
        <sat>9</sat>
      </trkpt>
      <trkpt lat="32.731685" lon="-16.763360">
        <ele>169.8</ele>
        <time>2025-02-15T21:18:59.000Z</time>
        <sat>9</sat>
      </trkpt>
      <trkpt lat="32.731585" lon="-16.763320">
        <ele>169.2</ele>
        <time>2025-02-15T21:19:03.000Z</time>
        <sat>9</sat>
      </trkpt>
      <trkpt lat="32.731487" lon="-16.763325">
        <ele>168.6</ele>
        <time>2025-02-15T21:19:09.000Z</time>
        <sat>8</sat>
      </trkpt>
      <trkpt lat="32.731412" lon="-16.763387">
        <ele>168.4</ele>
        <time>2025-02-15T21:19:16.000Z</time>
        <sat>8</sat>
      </trkpt>
      <trkpt lat="32.731308" lon="-16.763422">
        <ele>168.1</ele>
        <time>2025-02-15T21:19:21.000Z</time>
        <sat>8</sat>
      </trkpt>
      <trkpt lat="32.731220" lon="-16.763467">
        <ele>167.8</ele>
        <time>2025-02-15T21:19:28.000Z</time>
        <sat>9</sat>
      </trkpt>
      <trkpt lat="32.731202" lon="-16.763475">
        <ele>167.2</ele>
        <time>2025-02-15T21:19:31.000Z</time>
        <sat>9</sat>
      </trkpt>
      <trkpt lat="32.731200" lon="-16.763477">
        <ele>166.9</ele>
        <time>2025-02-15T21:19:32.000Z</time>
        <sat>9</sat>
      </trkpt>
      <trkpt lat="32.731157" lon="-16.763497">
        <ele>166.8</ele>
        <time>2025-02-15T21:19:50.000Z</time>
        <sat>8</sat>
      </trkpt>
      <trkpt lat="32.731153" lon="-16.763497">
        <ele>166.6</ele>
        <time>2025-02-15T21:19:51.000Z</time>
        <sat>8</sat>
      </trkpt>
      <trkpt lat="32.731070" lon="-16.763553">
        <ele>167.1</ele>
        <time>2025-02-15T21:20:05.000Z</time>
        <sat>9</sat>
      </trkpt>
      <trkpt lat="32.730980" lon="-16.763612">
        <ele>166.9</ele>
        <time>2025-02-15T21:20:12.000Z</time>
        <sat>9</sat>
      </trkpt>
      <trkpt lat="32.730878" lon="-16.763635">
        <ele>166.6</ele>
        <time>2025-02-15T21:20:17.000Z</time>
        <sat>9</sat>
      </trkpt>
      <trkpt lat="32.730785" lon="-16.763623">
        <ele>166.5</ele>
        <time>2025-02-15T21:20:20.000Z</time>
        <sat>8</sat>
      </trkpt>
      <trkpt lat="32.730685" lon="-16.763623">
        <ele>166.3</ele>
        <time>2025-02-15T21:20:24.000Z</time>
        <sat>8</sat>
      </trkpt>
      <trkpt lat="32.730580" lon="-16.763608">
        <ele>166.1</ele>
        <time>2025-02-15T21:20:28.000Z</time>
        <sat>8</sat>
      </trkpt>
      <trkpt lat="32.730490" lon="-16.763630">
        <ele>165.9</ele>
        <time>2025-02-15T21:20:32.000Z</time>
        <sat>8</sat>
      </trkpt>
      <trkpt lat="32.730388" lon="-16.763675">
        <ele>165.8</ele>
        <time>2025-02-15T21:20:36.000Z</time>
        <sat>8</sat>
      </trkpt>
      <trkpt lat="32.730290" lon="-16.763713">
        <ele>165.8</ele>
        <time>2025-02-15T21:20:40.000Z</time>
        <sat>8</sat>
      </trkpt>
      <trkpt lat="32.730208" lon="-16.763787">
        <ele>165.6</ele>
        <time>2025-02-15T21:20:44.000Z</time>
        <sat>8</sat>
      </trkpt>
      <trkpt lat="32.730155" lon="-16.763875">
        <ele>165.5</ele>
        <time>2025-02-15T21:20:48.000Z</time>
        <sat>7</sat>
      </trkpt>
      <trkpt lat="32.730113" lon="-16.763992">
        <ele>165.3</ele>
        <time>2025-02-15T21:20:53.000Z</time>
        <sat>8</sat>
      </trkpt>
      <trkpt lat="32.730070" lon="-16.764090">
        <ele>165.2</ele>
        <time>2025-02-15T21:20:57.000Z</time>
        <sat>8</sat>
      </trkpt>
      <trkpt lat="32.730018" lon="-16.764200">
        <ele>165.1</ele>
        <time>2025-02-15T21:21:02.000Z</time>
        <sat>8</sat>
      </trkpt>
      <trkpt lat="32.729965" lon="-16.764303">
        <ele>164.9</ele>
        <time>2025-02-15T21:21:07.000Z</time>
        <sat>8</sat>
      </trkpt>
      <trkpt lat="32.729888" lon="-16.764402">
        <ele>164.8</ele>
        <time>2025-02-15T21:21:12.000Z</time>
        <sat>8</sat>
      </trkpt>
      <trkpt lat="32.729813" lon="-16.764482">
        <ele>164.7</ele>
        <time>2025-02-15T21:21:16.000Z</time>
        <sat>8</sat>
      </trkpt>
      <trkpt lat="32.729728" lon="-16.764542">
        <ele>164.6</ele>
        <time>2025-02-15T21:21:21.000Z</time>
        <sat>9</sat>
      </trkpt>
      <trkpt lat="32.729635" lon="-16.764577">
        <ele>164.5</ele>
        <time>2025-02-15T21:21:26.000Z</time>
        <sat>9</sat>
      </trkpt>
      <trkpt lat="32.729555" lon="-16.764640">
        <ele>164.4</ele>
        <time>2025-02-15T21:21:32.000Z</time>
        <sat>9</sat>
      </trkpt>
      <trkpt lat="32.729462" lon="-16.764678">
        <ele>164.2</ele>
        <time>2025-02-15T21:21:38.000Z</time>
        <sat>9</sat>
      </trkpt>
      <trkpt lat="32.729360" lon="-16.764657">
        <ele>164.1</ele>
        <time>2025-02-15T21:21:43.000Z</time>
        <sat>10</sat>
      </trkpt>
      <trkpt lat="32.729270" lon="-16.764593">
        <ele>164.0</ele>
        <time>2025-02-15T21:21:47.000Z</time>
        <sat>10</sat>
      </trkpt>
      <trkpt lat="32.729182" lon="-16.764530">
        <ele>163.9</ele>
        <time>2025-02-15T21:21:51.000Z</time>
        <sat>10</sat>
      </trkpt>
      <trkpt lat="32.729098" lon="-16.764463">
        <ele>163.8</ele>
        <time>2025-02-15T21:21:55.000Z</time>
        <sat>10</sat>
      </trkpt>
      <trkpt lat="32.729022" lon="-16.764397">
        <ele>163.7</ele>
        <time>2025-02-15T21:21:59.000Z</time>
        <sat>9</sat>
      </trkpt>
      <trkpt lat="32.728940" lon="-16.764323">
        <ele>163.5</ele>
        <time>2025-02-15T21:22:03.000Z</time>
        <sat>9</sat>
      </trkpt>
      <trkpt lat="32.728837" lon="-16.764302">
        <ele>163.1</ele>
        <time>2025-02-15T21:22:09.000Z</time>
        <sat>9</sat>
      </trkpt>
      <trkpt lat="32.728743" lon="-16.764320">
        <ele>162.7</ele>
        <time>2025-02-15T21:22:14.000Z</time>
        <sat>9</sat>
      </trkpt>
      <trkpt lat="32.728652" lon="-16.764347">
        <ele>162.3</ele>
        <time>2025-02-15T21:22:18.000Z</time>
        <sat>9</sat>
      </trkpt>
      <trkpt lat="32.728555" lon="-16.764363">
        <ele>161.9</ele>
        <time>2025-02-15T21:22:22.000Z</time>
        <sat>9</sat>
      </trkpt>
      <trkpt lat="32.728453" lon="-16.764367">
        <ele>161.4</ele>
        <time>2025-02-15T21:22:26.000Z</time>
        <sat>9</sat>
      </trkpt>
      <trkpt lat="32.728355" lon="-16.764383">
        <ele>160.9</ele>
        <time>2025-02-15T21:22:30.000Z</time>
        <sat>9</sat>
      </trkpt>
      <trkpt lat="32.728250" lon="-16.764412">
        <ele>160.0</ele>
        <time>2025-02-15T21:22:35.000Z</time>
        <sat>9</sat>
      </trkpt>
      <trkpt lat="32.728175" lon="-16.764488">
        <ele>159.3</ele>
        <time>2025-02-15T21:22:41.000Z</time>
        <sat>9</sat>
      </trkpt>
      <trkpt lat="32.728103" lon="-16.764567">
        <ele>158.8</ele>
        <time>2025-02-15T21:22:46.000Z</time>
        <sat>9</sat>
      </trkpt>
      <trkpt lat="32.728033" lon="-16.764638">
        <ele>158.4</ele>
        <time>2025-02-15T21:22:51.000Z</time>
        <sat>9</sat>
      </trkpt>
      <trkpt lat="32.727972" lon="-16.764717">
        <ele>158.2</ele>
        <time>2025-02-15T21:22:56.000Z</time>
        <sat>9</sat>
      </trkpt>
      <trkpt lat="32.727892" lon="-16.764788">
        <ele>158.0</ele>
        <time>2025-02-15T21:23:01.000Z</time>
        <sat>9</sat>
      </trkpt>
      <trkpt lat="32.727798" lon="-16.764815">
        <ele>157.9</ele>
        <time>2025-02-15T21:23:05.000Z</time>
        <sat>10</sat>
      </trkpt>
      <trkpt lat="32.727707" lon="-16.764777">
        <ele>157.8</ele>
        <time>2025-02-15T21:23:09.000Z</time>
        <sat>10</sat>
      </trkpt>
      <trkpt lat="32.727767" lon="-16.764692">
        <ele>157.6</ele>
        <time>2025-02-15T21:23:15.000Z</time>
        <sat>10</sat>
      </trkpt>
      <trkpt lat="32.727807" lon="-16.764587">
        <ele>157.5</ele>
        <time>2025-02-15T21:23:21.000Z</time>
        <sat>10</sat>
      </trkpt>
      <trkpt lat="32.727848" lon="-16.764475">
        <ele>157.4</ele>
        <time>2025-02-15T21:23:26.000Z</time>
        <sat>10</sat>
      </trkpt>
      <trkpt lat="32.727907" lon="-16.764378">
        <ele>157.2</ele>
        <time>2025-02-15T21:23:31.000Z</time>
        <sat>10</sat>
      </trkpt>
      <trkpt lat="32.727970" lon="-16.764290">
        <ele>157.1</ele>
        <time>2025-02-15T21:23:35.000Z</time>
        <sat>10</sat>
      </trkpt>
      <trkpt lat="32.728035" lon="-16.764213">
        <ele>156.9</ele>
        <time>2025-02-15T21:23:40.000Z</time>
        <sat>9</sat>
      </trkpt>
      <trkpt lat="32.728073" lon="-16.764092">
        <ele>156.7</ele>
        <time>2025-02-15T21:23:45.000Z</time>
        <sat>9</sat>
      </trkpt>
      <trkpt lat="32.728128" lon="-16.763997">
        <ele>156.6</ele>
        <time>2025-02-15T21:23:49.000Z</time>
        <sat>9</sat>
      </trkpt>
      <trkpt lat="32.728187" lon="-16.763900">
        <ele>156.4</ele>
        <time>2025-02-15T21:23:53.000Z</time>
        <sat>9</sat>
      </trkpt>
      <trkpt lat="32.728232" lon="-16.763802">
        <ele>156.3</ele>
        <time>2025-02-15T21:23:57.000Z</time>
        <sat>9</sat>
      </trkpt>
      <trkpt lat="32.728225" lon="-16.763673">
        <ele>156.0</ele>
        <time>2025-02-15T21:24:01.000Z</time>
        <sat>9</sat>
      </trkpt>
      <trkpt lat="32.728203" lon="-16.763568">
        <ele>155.7</ele>
        <time>2025-02-15T21:24:05.000Z</time>
        <sat>10</sat>
      </trkpt>
      <trkpt lat="32.728158" lon="-16.763472">
        <ele>155.3</ele>
        <time>2025-02-15T21:24:11.000Z</time>
        <sat>10</sat>
      </trkpt>
      <trkpt lat="32.728070" lon="-16.763430">
        <ele>154.3</ele>
        <time>2025-02-15T21:24:23.000Z</time>
        <sat>10</sat>
      </trkpt>
      <trkpt lat="32.727980" lon="-16.763465">
        <ele>152.4</ele>
        <time>2025-02-15T21:24:33.000Z</time>
        <sat>10</sat>
      </trkpt>
      <trkpt lat="32.727888" lon="-16.763487">
        <ele>149.7</ele>
        <time>2025-02-15T21:24:45.000Z</time>
        <sat>10</sat>
      </trkpt>
      <trkpt lat="32.727788" lon="-16.763508">
        <ele>147.2</ele>
        <time>2025-02-15T21:24:54.000Z</time>
        <sat>10</sat>
      </trkpt>
      <trkpt lat="32.727692" lon="-16.763523">
        <ele>145.0</ele>
        <time>2025-02-15T21:25:01.000Z</time>
        <sat>10</sat>
      </trkpt>
      <trkpt lat="32.727603" lon="-16.763562">
        <ele>142.3</ele>
        <time>2025-02-15T21:25:09.000Z</time>
        <sat>10</sat>
      </trkpt>
      <trkpt lat="32.727505" lon="-16.763577">
        <ele>139.3</ele>
        <time>2025-02-15T21:25:18.000Z</time>
        <sat>10</sat>
      </trkpt>
      <trkpt lat="32.727412" lon="-16.763602">
        <ele>137.5</ele>
        <time>2025-02-15T21:25:25.000Z</time>
        <sat>10</sat>
      </trkpt>
      <trkpt lat="32.727313" lon="-16.763625">
        <ele>134.9</ele>
        <time>2025-02-15T21:25:33.000Z</time>
        <sat>10</sat>
      </trkpt>
      <trkpt lat="32.727208" lon="-16.763635">
        <ele>132.3</ele>
        <time>2025-02-15T21:25:41.000Z</time>
        <sat>10</sat>
      </trkpt>
      <trkpt lat="32.727117" lon="-16.763657">
        <ele>129.9</ele>
        <time>2025-02-15T21:25:48.000Z</time>
        <sat>10</sat>
      </trkpt>
      <trkpt lat="32.727023" lon="-16.763698">
        <ele>126.7</ele>
        <time>2025-02-15T21:25:58.000Z</time>
        <sat>10</sat>
      </trkpt>
      <trkpt lat="32.726940" lon="-16.763745">
        <ele>124.1</ele>
        <time>2025-02-15T21:26:05.000Z</time>
        <sat>10</sat>
      </trkpt>
      <trkpt lat="32.726858" lon="-16.763795">
        <ele>121.6</ele>
        <time>2025-02-15T21:26:12.000Z</time>
        <sat>10</sat>
      </trkpt>
      <trkpt lat="32.726772" lon="-16.763827">
        <ele>118.1</ele>
        <time>2025-02-15T21:26:22.000Z</time>
        <sat>10</sat>
      </trkpt>
      <trkpt lat="32.726743" lon="-16.763820">
        <ele>116.7</ele>
        <time>2025-02-15T21:26:27.000Z</time>
        <sat>10</sat>
      </trkpt>
      <trkpt lat="32.726742" lon="-16.763820">
        <ele>114.8</ele>
        <time>2025-02-15T21:26:42.000Z</time>
        <sat>10</sat>
      </trkpt>
      <trkpt lat="32.726742" lon="-16.763820">
        <ele>114.7</ele>
        <time>2025-02-15T21:26:43.000Z</time>
        <sat>10</sat>
      </trkpt>
      <trkpt lat="32.726737" lon="-16.763823">
        <ele>114.4</ele>
        <time>2025-02-15T21:26:49.000Z</time>
        <sat>10</sat>
      </trkpt>
      <trkpt lat="32.726652" lon="-16.763892">
        <ele>113.6</ele>
        <time>2025-02-15T21:27:02.000Z</time>
        <sat>10</sat>
      </trkpt>
      <trkpt lat="32.726560" lon="-16.763927">
        <ele>112.1</ele>
        <time>2025-02-15T21:27:09.000Z</time>
        <sat>10</sat>
      </trkpt>
      <trkpt lat="32.726473" lon="-16.763982">
        <ele>109.7</ele>
        <time>2025-02-15T21:27:16.000Z</time>
        <sat>10</sat>
      </trkpt>
      <trkpt lat="32.726383" lon="-16.764042">
        <ele>106.9</ele>
        <time>2025-02-15T21:27:23.000Z</time>
        <sat>10</sat>
      </trkpt>
      <trkpt lat="32.726303" lon="-16.764102">
        <ele>104.1</ele>
        <time>2025-02-15T21:27:29.000Z</time>
        <sat>10</sat>
      </trkpt>
      <trkpt lat="32.726210" lon="-16.764138">
        <ele>101.5</ele>
        <time>2025-02-15T21:27:35.000Z</time>
        <sat>10</sat>
      </trkpt>
      <trkpt lat="32.726112" lon="-16.764165">
        <ele>99.2</ele>
        <time>2025-02-15T21:27:41.000Z</time>
        <sat>10</sat>
      </trkpt>
      <trkpt lat="32.726018" lon="-16.764213">
        <ele>95.9</ele>
        <time>2025-02-15T21:27:48.000Z</time>
        <sat>10</sat>
      </trkpt>
      <trkpt lat="32.725935" lon="-16.764260">
        <ele>93.1</ele>
        <time>2025-02-15T21:27:54.000Z</time>
        <sat>10</sat>
      </trkpt>
      <trkpt lat="32.725843" lon="-16.764285">
        <ele>89.9</ele>
        <time>2025-02-15T21:28:01.000Z</time>
        <sat>10</sat>
      </trkpt>
      <trkpt lat="32.725750" lon="-16.764323">
        <ele>86.8</ele>
        <time>2025-02-15T21:28:08.000Z</time>
        <sat>10</sat>
      </trkpt>
      <trkpt lat="32.725652" lon="-16.764345">
        <ele>82.9</ele>
        <time>2025-02-15T21:28:17.000Z</time>
        <sat>10</sat>
      </trkpt>
      <trkpt lat="32.725567" lon="-16.764382">
        <ele>79.9</ele>
        <time>2025-02-15T21:28:26.000Z</time>
        <sat>10</sat>
      </trkpt>
      <trkpt lat="32.725482" lon="-16.764423">
        <ele>77.2</ele>
        <time>2025-02-15T21:28:35.000Z</time>
        <sat>10</sat>
      </trkpt>
      <trkpt lat="32.725407" lon="-16.764503">
        <ele>74.5</ele>
        <time>2025-02-15T21:28:43.000Z</time>
        <sat>10</sat>
      </trkpt>
      <trkpt lat="32.725338" lon="-16.764585">
        <ele>72.4</ele>
        <time>2025-02-15T21:28:50.000Z</time>
        <sat>10</sat>
      </trkpt>
      <trkpt lat="32.725263" lon="-16.764662">
        <ele>70.5</ele>
        <time>2025-02-15T21:28:56.000Z</time>
        <sat>10</sat>
      </trkpt>
      <trkpt lat="32.725188" lon="-16.764740">
        <ele>68.7</ele>
        <time>2025-02-15T21:29:02.000Z</time>
        <sat>10</sat>
      </trkpt>
      <trkpt lat="32.725122" lon="-16.764820">
        <ele>66.6</ele>
        <time>2025-02-15T21:29:09.000Z</time>
        <sat>10</sat>
      </trkpt>
      <trkpt lat="32.725060" lon="-16.764902">
        <ele>64.5</ele>
        <time>2025-02-15T21:29:16.000Z</time>
        <sat>10</sat>
      </trkpt>
      <trkpt lat="32.724997" lon="-16.764990">
        <ele>61.9</ele>
        <time>2025-02-15T21:29:24.000Z</time>
        <sat>10</sat>
      </trkpt>
      <trkpt lat="32.724908" lon="-16.765012">
        <ele>60.6</ele>
        <time>2025-02-15T21:29:28.000Z</time>
        <sat>10</sat>
      </trkpt>
      <trkpt lat="32.724802" lon="-16.764988">
        <ele>59.3</ele>
        <time>2025-02-15T21:29:32.000Z</time>
        <sat>10</sat>
      </trkpt>
      <trkpt lat="32.724703" lon="-16.764945">
        <ele>58.3</ele>
        <time>2025-02-15T21:29:36.000Z</time>
        <sat>10</sat>
      </trkpt>
      <trkpt lat="32.724612" lon="-16.764902">
        <ele>57.6</ele>
        <time>2025-02-15T21:29:41.000Z</time>
        <sat>10</sat>
      </trkpt>
      <trkpt lat="32.724525" lon="-16.764868">
        <ele>56.8</ele>
        <time>2025-02-15T21:29:47.000Z</time>
        <sat>10</sat>
      </trkpt>
      <trkpt lat="32.724438" lon="-16.764830">
        <ele>56.0</ele>
        <time>2025-02-15T21:29:51.000Z</time>
        <sat>10</sat>
      </trkpt>
      <trkpt lat="32.724353" lon="-16.764783">
        <ele>55.2</ele>
        <time>2025-02-15T21:29:55.000Z</time>
        <sat>10</sat>
      </trkpt>
      <trkpt lat="32.724265" lon="-16.764745">
        <ele>54.2</ele>
        <time>2025-02-15T21:29:59.000Z</time>
        <sat>10</sat>
      </trkpt>
      <trkpt lat="32.724173" lon="-16.764708">
        <ele>53.3</ele>
        <time>2025-02-15T21:30:03.000Z</time>
        <sat>10</sat>
      </trkpt>
      <trkpt lat="32.724088" lon="-16.764637">
        <ele>52.2</ele>
        <time>2025-02-15T21:30:08.000Z</time>
        <sat>10</sat>
      </trkpt>
      <trkpt lat="32.724022" lon="-16.764555">
        <ele>51.1</ele>
        <time>2025-02-15T21:30:12.000Z</time>
        <sat>10</sat>
      </trkpt>
      <trkpt lat="32.723970" lon="-16.764462">
        <ele>50.0</ele>
        <time>2025-02-15T21:30:16.000Z</time>
        <sat>10</sat>
      </trkpt>
      <trkpt lat="32.723903" lon="-16.764375">
        <ele>48.9</ele>
        <time>2025-02-15T21:30:20.000Z</time>
        <sat>10</sat>
      </trkpt>
      <trkpt lat="32.723817" lon="-16.764288">
        <ele>47.9</ele>
        <time>2025-02-15T21:30:24.000Z</time>
        <sat>10</sat>
      </trkpt>
      <trkpt lat="32.723737" lon="-16.764210">
        <ele>47.0</ele>
        <time>2025-02-15T21:30:28.000Z</time>
        <sat>10</sat>
      </trkpt>
      <trkpt lat="32.723672" lon="-16.764113">
        <ele>46.4</ele>
        <time>2025-02-15T21:30:32.000Z</time>
        <sat>10</sat>
      </trkpt>
      <trkpt lat="32.723613" lon="-16.764007">
        <ele>45.6</ele>
        <time>2025-02-15T21:30:37.000Z</time>
        <sat>10</sat>
      </trkpt>
      <trkpt lat="32.723553" lon="-16.763915">
        <ele>45.2</ele>
        <time>2025-02-15T21:30:43.000Z</time>
        <sat>10</sat>
      </trkpt>
      <trkpt lat="32.723518" lon="-16.763810">
        <ele>45.1</ele>
        <time>2025-02-15T21:30:50.000Z</time>
        <sat>10</sat>
      </trkpt>
      <trkpt lat="32.723468" lon="-16.763718">
        <ele>45.0</ele>
        <time>2025-02-15T21:30:57.000Z</time>
        <sat>10</sat>
      </trkpt>
      <trkpt lat="32.723405" lon="-16.763622">
        <ele>45.0</ele>
        <time>2025-02-15T21:31:04.000Z</time>
        <sat>10</sat>
      </trkpt>
      <trkpt lat="32.723350" lon="-16.763527">
        <ele>45.1</ele>
        <time>2025-02-15T21:31:11.000Z</time>
        <sat>10</sat>
      </trkpt>
      <trkpt lat="32.723282" lon="-16.763433">
        <ele>45.1</ele>
        <time>2025-02-15T21:31:18.000Z</time>
        <sat>10</sat>
      </trkpt>
      <trkpt lat="32.723213" lon="-16.763360">
        <ele>45.1</ele>
        <time>2025-02-15T21:31:24.000Z</time>
        <sat>10</sat>
      </trkpt>
      <trkpt lat="32.723130" lon="-16.763287">
        <ele>45.0</ele>
        <time>2025-02-15T21:31:30.000Z</time>
        <sat>10</sat>
      </trkpt>
      <trkpt lat="32.723037" lon="-16.763217">
        <ele>44.8</ele>
        <time>2025-02-15T21:31:35.000Z</time>
        <sat>10</sat>
      </trkpt>
      <trkpt lat="32.722953" lon="-16.763165">
        <ele>44.5</ele>
        <time>2025-02-15T21:31:40.000Z</time>
        <sat>10</sat>
      </trkpt>
      <trkpt lat="32.722878" lon="-16.763102">
        <ele>44.0</ele>
        <time>2025-02-15T21:31:45.000Z</time>
        <sat>9</sat>
      </trkpt>
      <trkpt lat="32.722792" lon="-16.763062">
        <ele>43.3</ele>
        <time>2025-02-15T21:31:49.000Z</time>
        <sat>10</sat>
      </trkpt>
      <trkpt lat="32.722702" lon="-16.763027">
        <ele>42.6</ele>
        <time>2025-02-15T21:31:53.000Z</time>
        <sat>10</sat>
      </trkpt>
      <trkpt lat="32.722618" lon="-16.762983">
        <ele>41.6</ele>
        <time>2025-02-15T21:31:57.000Z</time>
        <sat>10</sat>
      </trkpt>
      <trkpt lat="32.722533" lon="-16.762948">
        <ele>40.7</ele>
        <time>2025-02-15T21:32:01.000Z</time>
        <sat>10</sat>
      </trkpt>
      <trkpt lat="32.722428" lon="-16.762932">
        <ele>39.8</ele>
        <time>2025-02-15T21:32:05.000Z</time>
        <sat>9</sat>
      </trkpt>
      <trkpt lat="32.722328" lon="-16.762933">
        <ele>38.8</ele>
        <time>2025-02-15T21:32:09.000Z</time>
        <sat>9</sat>
      </trkpt>
      <trkpt lat="32.722235" lon="-16.762948">
        <ele>37.7</ele>
        <time>2025-02-15T21:32:13.000Z</time>
        <sat>9</sat>
      </trkpt>
      <trkpt lat="32.722138" lon="-16.762967">
        <ele>35.3</ele>
        <time>2025-02-15T21:32:23.000Z</time>
        <sat>9</sat>
      </trkpt>
      <trkpt lat="32.722040" lon="-16.763005">
        <ele>33.9</ele>
        <time>2025-02-15T21:32:29.000Z</time>
        <sat>9</sat>
      </trkpt>
      <trkpt lat="32.721950" lon="-16.763037">
        <ele>33.1</ele>
        <time>2025-02-15T21:32:33.000Z</time>
        <sat>9</sat>
      </trkpt>
      <trkpt lat="32.721847" lon="-16.763082">
        <ele>32.0</ele>
        <time>2025-02-15T21:32:38.000Z</time>
        <sat>9</sat>
      </trkpt>
      <trkpt lat="32.721750" lon="-16.763117">
        <ele>31.1</ele>
        <time>2025-02-15T21:32:42.000Z</time>
        <sat>9</sat>
      </trkpt>
      <trkpt lat="32.721650" lon="-16.763137">
        <ele>30.3</ele>
        <time>2025-02-15T21:32:46.000Z</time>
        <sat>10</sat>
      </trkpt>
      <trkpt lat="32.721535" lon="-16.763117">
        <ele>29.5</ele>
        <time>2025-02-15T21:32:50.000Z</time>
        <sat>11</sat>
      </trkpt>
      <trkpt lat="32.721453" lon="-16.763052">
        <ele>28.7</ele>
        <time>2025-02-15T21:32:54.000Z</time>
        <sat>11</sat>
      </trkpt>
      <trkpt lat="32.721403" lon="-16.762955">
        <ele>27.8</ele>
        <time>2025-02-15T21:32:58.000Z</time>
        <sat>11</sat>
      </trkpt>
      <trkpt lat="32.721352" lon="-16.762848">
        <ele>27.0</ele>
        <time>2025-02-15T21:33:03.000Z</time>
        <sat>11</sat>
      </trkpt>
      <trkpt lat="32.721308" lon="-16.762740">
        <ele>25.8</ele>
        <time>2025-02-15T21:33:08.000Z</time>
        <sat>11</sat>
      </trkpt>
      <trkpt lat="32.721275" lon="-16.762637">
        <ele>24.8</ele>
        <time>2025-02-15T21:33:13.000Z</time>
        <sat>11</sat>
      </trkpt>
      <trkpt lat="32.721218" lon="-16.762532">
        <ele>23.4</ele>
        <time>2025-02-15T21:33:18.000Z</time>
        <sat>11</sat>
      </trkpt>
      <trkpt lat="32.721150" lon="-16.762437">
        <ele>21.9</ele>
        <time>2025-02-15T21:33:23.000Z</time>
        <sat>11</sat>
      </trkpt>
      <trkpt lat="32.721075" lon="-16.762342">
        <ele>20.2</ele>
        <time>2025-02-15T21:33:28.000Z</time>
        <sat>11</sat>
      </trkpt>
      <trkpt lat="32.721012" lon="-16.762253">
        <ele>18.5</ele>
        <time>2025-02-15T21:33:33.000Z</time>
        <sat>10</sat>
      </trkpt>
      <trkpt lat="32.720938" lon="-16.762170">
        <ele>16.8</ele>
        <time>2025-02-15T21:33:38.000Z</time>
        <sat>10</sat>
      </trkpt>
      <trkpt lat="32.720858" lon="-16.762087">
        <ele>14.9</ele>
        <time>2025-02-15T21:33:43.000Z</time>
        <sat>11</sat>
      </trkpt>
      <trkpt lat="32.720780" lon="-16.762003">
        <ele>13.0</ele>
        <time>2025-02-15T21:33:48.000Z</time>
        <sat>11</sat>
      </trkpt>
      <trkpt lat="32.720712" lon="-16.761915">
        <ele>11.4</ele>
        <time>2025-02-15T21:33:53.000Z</time>
        <sat>11</sat>
      </trkpt>
      <trkpt lat="32.720637" lon="-16.761837">
        <ele>9.6</ele>
        <time>2025-02-15T21:33:59.000Z</time>
        <sat>11</sat>
      </trkpt>
      <trkpt lat="32.720565" lon="-16.761912">
        <ele>5.9</ele>
        <time>2025-02-15T21:34:13.000Z</time>
        <sat>11</sat>
      </trkpt>
      <trkpt lat="32.720513" lon="-16.762003">
        <ele>3.1</ele>
        <time>2025-02-15T21:34:21.000Z</time>
        <sat>11</sat>
      </trkpt>
      <trkpt lat="32.720432" lon="-16.762048">
        <ele>0.5</ele>
        <time>2025-02-15T21:34:26.000Z</time>
        <sat>11</sat>
      </trkpt>
      <trkpt lat="32.720335" lon="-16.762077">
        <ele>-2.0</ele>
        <time>2025-02-15T21:34:31.000Z</time>
        <sat>10</sat>
      </trkpt>
      <trkpt lat="32.720233" lon="-16.762097">
        <ele>-4.3</ele>
        <time>2025-02-15T21:34:36.000Z</time>
        <sat>10</sat>
      </trkpt>
      <trkpt lat="32.720138" lon="-16.762127">
        <ele>-6.8</ele>
        <time>2025-02-15T21:34:41.000Z</time>
        <sat>11</sat>
      </trkpt>
      <trkpt lat="32.720050" lon="-16.762153">
        <ele>-9.0</ele>
        <time>2025-02-15T21:34:46.000Z</time>
        <sat>10</sat>
      </trkpt>
      <trkpt lat="32.719953" lon="-16.762173">
        <ele>-11.9</ele>
        <time>2025-02-15T21:34:52.000Z</time>
        <sat>10</sat>
      </trkpt>
      <trkpt lat="32.719863" lon="-16.762182">
        <ele>-13.9</ele>
        <time>2025-02-15T21:34:56.000Z</time>
        <sat>10</sat>
      </trkpt>
      <trkpt lat="32.719755" lon="-16.762188">
        <ele>-15.6</ele>
        <time>2025-02-15T21:35:00.000Z</time>
        <sat>10</sat>
      </trkpt>
      <trkpt lat="32.719653" lon="-16.762167">
        <ele>-17.5</ele>
        <time>2025-02-15T21:35:04.000Z</time>
        <sat>10</sat>
      </trkpt>
      <trkpt lat="32.719555" lon="-16.762148">
        <ele>-19.0</ele>
        <time>2025-02-15T21:35:08.000Z</time>
        <sat>10</sat>
      </trkpt>
      <trkpt lat="32.719453" lon="-16.762132">
        <ele>-20.7</ele>
        <time>2025-02-15T21:35:12.000Z</time>
        <sat>10</sat>
      </trkpt>
      <trkpt lat="32.719355" lon="-16.762103">
        <ele>-22.7</ele>
        <time>2025-02-15T21:35:17.000Z</time>
        <sat>10</sat>
      </trkpt>
      <trkpt lat="32.719258" lon="-16.762072">
        <ele>-25.5</ele>
        <time>2025-02-15T21:35:24.000Z</time>
        <sat>10</sat>
      </trkpt>
      <trkpt lat="32.719178" lon="-16.762130">
        <ele>-29.4</ele>
        <time>2025-02-15T21:35:34.000Z</time>
        <sat>10</sat>
      </trkpt>
      <trkpt lat="32.719087" lon="-16.762145">
        <ele>-37.0</ele>
        <time>2025-02-15T21:35:55.000Z</time>
        <sat>10</sat>
      </trkpt>
      <trkpt lat="32.718998" lon="-16.762220">
        <ele>-38.1</ele>
        <time>2025-02-15T21:36:01.000Z</time>
        <sat>10</sat>
      </trkpt>
      <trkpt lat="32.718933" lon="-16.762303">
        <ele>-38.7</ele>
        <time>2025-02-15T21:36:05.000Z</time>
        <sat>10</sat>
      </trkpt>
      <trkpt lat="32.718868" lon="-16.762383">
        <ele>-39.5</ele>
        <time>2025-02-15T21:36:10.000Z</time>
        <sat>10</sat>
      </trkpt>
      <trkpt lat="32.718810" lon="-16.762473">
        <ele>-40.1</ele>
        <time>2025-02-15T21:36:17.000Z</time>
        <sat>10</sat>
      </trkpt>
      <trkpt lat="32.718760" lon="-16.762567">
        <ele>-40.6</ele>
        <time>2025-02-15T21:36:24.000Z</time>
        <sat>10</sat>
      </trkpt>
      <trkpt lat="32.718698" lon="-16.762658">
        <ele>-40.9</ele>
        <time>2025-02-15T21:36:31.000Z</time>
        <sat>10</sat>
      </trkpt>
      <trkpt lat="32.718632" lon="-16.762753">
        <ele>-41.1</ele>
        <time>2025-02-15T21:36:38.000Z</time>
        <sat>10</sat>
      </trkpt>
      <trkpt lat="32.718578" lon="-16.762842">
        <ele>-41.2</ele>
        <time>2025-02-15T21:36:44.000Z</time>
        <sat>10</sat>
      </trkpt>
      <trkpt lat="32.718527" lon="-16.762948">
        <ele>-41.3</ele>
        <time>2025-02-15T21:36:51.000Z</time>
        <sat>10</sat>
      </trkpt>
      <trkpt lat="32.718495" lon="-16.763058">
        <ele>-41.6</ele>
        <time>2025-02-15T21:36:58.000Z</time>
        <sat>10</sat>
      </trkpt>
      <trkpt lat="32.718452" lon="-16.763158">
        <ele>-41.6</ele>
        <time>2025-02-15T21:37:05.000Z</time>
        <sat>10</sat>
      </trkpt>
      <trkpt lat="32.718392" lon="-16.763240">
        <ele>-41.3</ele>
        <time>2025-02-15T21:37:12.000Z</time>
        <sat>10</sat>
      </trkpt>
      <trkpt lat="32.718308" lon="-16.763303">
        <ele>-40.8</ele>
        <time>2025-02-15T21:37:19.000Z</time>
        <sat>10</sat>
      </trkpt>
      <trkpt lat="32.718210" lon="-16.763357">
        <ele>-40.7</ele>
        <time>2025-02-15T21:37:25.000Z</time>
        <sat>10</sat>
      </trkpt>
      <trkpt lat="32.718128" lon="-16.763432">
        <ele>-40.6</ele>
        <time>2025-02-15T21:37:29.000Z</time>
        <sat>10</sat>
      </trkpt>
      <trkpt lat="32.718063" lon="-16.763535">
        <ele>-40.7</ele>
        <time>2025-02-15T21:37:33.000Z</time>
        <sat>10</sat>
      </trkpt>
      <trkpt lat="32.718007" lon="-16.763650">
        <ele>-40.8</ele>
        <time>2025-02-15T21:37:37.000Z</time>
        <sat>10</sat>
      </trkpt>
      <trkpt lat="32.717928" lon="-16.763725">
        <ele>-40.9</ele>
        <time>2025-02-15T21:37:41.000Z</time>
        <sat>10</sat>
      </trkpt>
      <trkpt lat="32.717840" lon="-16.763783">
        <ele>-41.1</ele>
        <time>2025-02-15T21:37:45.000Z</time>
        <sat>10</sat>
      </trkpt>
      <trkpt lat="32.717753" lon="-16.763843">
        <ele>-41.2</ele>
        <time>2025-02-15T21:37:49.000Z</time>
        <sat>10</sat>
      </trkpt>
      <trkpt lat="32.717672" lon="-16.763900">
        <ele>-41.4</ele>
        <time>2025-02-15T21:37:53.000Z</time>
        <sat>10</sat>
      </trkpt>
      <trkpt lat="32.717578" lon="-16.763968">
        <ele>-41.5</ele>
        <time>2025-02-15T21:37:58.000Z</time>
        <sat>10</sat>
      </trkpt>
      <trkpt lat="32.717513" lon="-16.764055">
        <ele>-41.7</ele>
        <time>2025-02-15T21:38:02.000Z</time>
        <sat>10</sat>
      </trkpt>
      <trkpt lat="32.717430" lon="-16.764147">
        <ele>-41.8</ele>
        <time>2025-02-15T21:38:07.000Z</time>
        <sat>10</sat>
      </trkpt>
      <trkpt lat="32.717370" lon="-16.764228">
        <ele>-42.0</ele>
        <time>2025-02-15T21:38:11.000Z</time>
        <sat>10</sat>
      </trkpt>
      <trkpt lat="32.717302" lon="-16.764317">
        <ele>-42.1</ele>
        <time>2025-02-15T21:38:15.000Z</time>
        <sat>10</sat>
      </trkpt>
      <trkpt lat="32.717233" lon="-16.764402">
        <ele>-42.1</ele>
        <time>2025-02-15T21:38:19.000Z</time>
        <sat>10</sat>
      </trkpt>
      <trkpt lat="32.717158" lon="-16.764485">
        <ele>-42.2</ele>
        <time>2025-02-15T21:38:23.000Z</time>
        <sat>10</sat>
      </trkpt>
      <trkpt lat="32.717067" lon="-16.764558">
        <ele>-42.2</ele>
        <time>2025-02-15T21:38:28.000Z</time>
        <sat>10</sat>
      </trkpt>
      <trkpt lat="32.716987" lon="-16.764623">
        <ele>-42.2</ele>
        <time>2025-02-15T21:38:32.000Z</time>
        <sat>10</sat>
      </trkpt>
      <trkpt lat="32.716910" lon="-16.764683">
        <ele>-42.1</ele>
        <time>2025-02-15T21:38:38.000Z</time>
        <sat>10</sat>
      </trkpt>
      <trkpt lat="32.716840" lon="-16.764755">
        <ele>-42.1</ele>
        <time>2025-02-15T21:38:45.000Z</time>
        <sat>10</sat>
      </trkpt>
      <trkpt lat="32.716808" lon="-16.764788">
        <ele>-42.0</ele>
        <time>2025-02-15T21:38:51.000Z</time>
        <sat>10</sat>
      </trkpt>
    </trkseg>
  </trk>
</gpx>
