<?xml version="1.0" encoding="UTF-8" standalone="no" ?>
<gpx creator="CompeGPS" version="1.1" xsi:schemaLocation="http://www.topografix.com/GPX/1/1 http://www.topografix.com/GPX/1/1/gpx.xsd http://www.garmin.com/xmlschemas/WaypointExtension/v1 http://www8.garmin.com/xmlschemas/WaypointExtensionv1.xsd http://www.garmin.com/xmlschemas/TrackPointExtension/v1 http://www.garmin.com/xmlschemas/TrackPointExtensionv1.xsd http://www.garmin.com/xmlschemas/GpxExtensions/v3 http://www8.garmin.com/xmlschemas/GpxExtensionsv3.xsd http://www.garmin.com/xmlschemas/ActivityExtension/v1 http://www8.garmin.com/xmlschemas/ActivityExtensionv1.xsd http://www.garmin.com/xmlschemas/AdventuresExtensions/v1 http://www8.garmin.com/xmlschemas/AdventuresExtensionv1.xsd http://www.garmin.com/xmlschemas/PressureExtension/v1 http://www.garmin.com/xmlschemas/PressureExtensionv1.xsd http://www.garmin.com/xmlschemas/TripExtensions/v1 http://www.garmin.com/xmlschemas/TripExtensionsv1.xsd http://www.garmin.com/xmlschemas/TripMetaDataExtensions/v1 http://www.garmin.com/xmlschemas/TripMetaDataExtensionsv1.xsd http://www.garmin.com/xmlschemas/ViaPointTransportationModeExtensions/v1 http://www.garmin.com/xmlschemas/ViaPointTransportationModeExtensionsv1.xsd http://www.garmin.com/xmlschemas/CreationTimeExtension/v1 http://www.garmin.com/xmlschemas/CreationTimeExtensionsv1.xsd http://www.garmin.com/xmlschemas/AccelerationExtension/v1 http://www.garmin.com/xmlschemas/AccelerationExtensionv1.xsd http://www.garmin.com/xmlschemas/PowerExtension/v1 http://www.garmin.com/xmlschemas/PowerExtensionv1.xsd http://www.garmin.com/xmlschemas/VideoExtension/v1 http://www.garmin.com/xmlschemas/VideoExtensionv1.xsd" xmlns="http://www.topografix.com/GPX/1/1" xmlns:xsi="http://www.w3.org/2001/XMLSchema-instance" xmlns:wptx1="http://www.garmin.com/xmlschemas/WaypointExtension/v1" xmlns:gpxtrx="http://www.garmin.com/xmlschemas/GpxExtensions/v3" xmlns:gpxtpx="http://www.garmin.com/xmlschemas/TrackPointExtension/v1" xmlns:gpxx="http://www.garmin.com/xmlschemas/GpxExtensions/v3" xmlns:trp="http://www.garmin.com/xmlschemas/TripExtensions/v1" xmlns:adv="http://www.garmin.com/xmlschemas/AdventuresExtensions/v1" xmlns:prs="http://www.garmin.com/xmlschemas/PressureExtension/v1" xmlns:tmd="http://www.garmin.com/xmlschemas/TripMetaDataExtensions/v1" xmlns:vptm="http://www.garmin.com/xmlschemas/ViaPointTransportationModeExtensions/v1" xmlns:ctx="http://www.garmin.com/xmlschemas/CreationTimeExtension/v1" xmlns:gpxacc="http://www.garmin.com/xmlschemas/AccelerationExtension/v1" xmlns:gpxpx="http://www.garmin.com/xmlschemas/PowerExtension/v1" xmlns:vidx1="http://www.garmin.com/xmlschemas/VideoExtension/v1" xmlns:twonav="http://twonav.com/twonav">
  <metadata>
    <author>
      <email id="" domain=""/>
    </author>
    <copyright author="">
      <license></license>
    </copyright>
    <link href="http://www.compegps.com">
      <text>CompeGPS TEAM, SL</text>
    </link>
    <time>2022-03-06T12:55:16.458Z</time>
    <bounds maxlat="32.775950" maxlon="-16.761776" minlat="32.716644" minlon="-16.828626"/>
  </metadata>
  <trk>
    <name>MIUT2024_16</name>
    <extensions>
      <line xmlns="http://www.topografix.com/GPX/gpx_style/0/2">
        <width>4</width>
      </line>
      <gpxx:TrackExtension>
        <gpxx:DisplayColor>Blue</gpxx:DisplayColor>
      </gpxx:TrackExtension>
      <twonav:TwoNavExtension>
        <twonav:difficulty>2</twonav:difficulty>
        <twonav:activity>4</twonav:activity>
        <twonav:rating>3</twonav:rating>
        <twonav:ciclability>0</twonav:ciclability>
        <twonav:circular>2</twonav:circular>
        <twonav:terrain>0</twonav:terrain>
      </twonav:TwoNavExtension>
    </extensions>
    <trkseg>
      <trkpt lat="32.773812" lon="-16.828626">
        <ele>6.0</ele>
        <time>2022-03-06T09:00:00.001Z</time>
      </trkpt>
      <trkpt lat="32.773496" lon="-16.828470">
        <ele>6.0</ele>
        <time>2022-03-06T09:00:33.959Z</time>
      </trkpt>
      <trkpt lat="32.773488" lon="-16.828299">
        <ele>6.0</ele>
        <time>2022-03-06T09:00:48.229Z</time>
      </trkpt>
      <trkpt lat="32.773560" lon="-16.828250">
        <ele>6.0</ele>
        <time>2022-03-06T09:00:56.464Z</time>
      </trkpt>
      <trkpt lat="32.773660" lon="-16.828240">
        <ele>6.0</ele>
        <time>2022-03-06T09:01:06.419Z</time>
      </trkpt>
      <trkpt lat="32.773760" lon="-16.828220">
        <ele>6.0</ele>
        <time>2022-03-06T09:01:16.496Z</time>
      </trkpt>
      <trkpt lat="32.773860" lon="-16.828220">
        <ele>7.0</ele>
        <time>2022-03-06T09:01:26.458Z</time>
      </trkpt>
      <trkpt lat="32.773960" lon="-16.828210">
        <ele>7.0</ele>
        <time>2022-03-06T09:01:36.430Z</time>
      </trkpt>
      <trkpt lat="32.774060" lon="-16.828200">
        <ele>7.0</ele>
        <time>2022-03-06T09:01:46.386Z</time>
      </trkpt>
      <trkpt lat="32.774160" lon="-16.828180">
        <ele>7.0</ele>
        <time>2022-03-06T09:01:56.462Z</time>
      </trkpt>
      <trkpt lat="32.774250" lon="-16.828180">
        <ele>7.0</ele>
        <time>2022-03-06T09:02:05.401Z</time>
      </trkpt>
      <trkpt lat="32.774350" lon="-16.828170">
        <ele>8.0</ele>
        <time>2022-03-06T09:02:15.397Z</time>
      </trkpt>
      <trkpt lat="32.774460" lon="-16.828180">
        <ele>8.0</ele>
        <time>2022-03-06T09:02:26.349Z</time>
      </trkpt>
      <trkpt lat="32.774550" lon="-16.828220">
        <ele>8.0</ele>
        <time>2022-03-06T09:02:35.888Z</time>
      </trkpt>
      <trkpt lat="32.774650" lon="-16.828220">
        <ele>8.0</ele>
        <time>2022-03-06T09:02:45.826Z</time>
      </trkpt>
      <trkpt lat="32.774710" lon="-16.828130">
        <ele>8.0</ele>
        <time>2022-03-06T09:02:55.403Z</time>
      </trkpt>
      <trkpt lat="32.774810" lon="-16.828110">
        <ele>8.0</ele>
        <time>2022-03-06T09:03:05.467Z</time>
      </trkpt>
      <trkpt lat="32.774900" lon="-16.828050">
        <ele>8.0</ele>
        <time>2022-03-06T09:03:15.713Z</time>
      </trkpt>
      <trkpt lat="32.774970" lon="-16.827980">
        <ele>9.0</ele>
        <time>2022-03-06T09:03:24.826Z</time>
      </trkpt>
      <trkpt lat="32.775060" lon="-16.827960">
        <ele>9.0</ele>
        <time>2022-03-06T09:03:33.921Z</time>
      </trkpt>
      <trkpt lat="32.775160" lon="-16.827930">
        <ele>9.0</ele>
        <time>2022-03-06T09:03:44.166Z</time>
      </trkpt>
      <trkpt lat="32.775250" lon="-16.827900">
        <ele>10.0</ele>
        <time>2022-03-06T09:03:53.492Z</time>
      </trkpt>
      <trkpt lat="32.775330" lon="-16.827860">
        <ele>10.0</ele>
        <time>2022-03-06T09:04:02.107Z</time>
      </trkpt>
      <trkpt lat="32.775420" lon="-16.827830">
        <ele>10.0</ele>
        <time>2022-03-06T09:04:11.390Z</time>
      </trkpt>
      <trkpt lat="32.775510" lon="-16.827800">
        <ele>11.0</ele>
        <time>2022-03-06T09:04:20.715Z</time>
      </trkpt>
      <trkpt lat="32.775590" lon="-16.827750">
        <ele>11.0</ele>
        <time>2022-03-06T09:04:29.684Z</time>
      </trkpt>
      <trkpt lat="32.775680" lon="-16.827700">
        <ele>11.0</ele>
        <time>2022-03-06T09:04:39.548Z</time>
      </trkpt>
      <trkpt lat="32.775760" lon="-16.827630">
        <ele>11.0</ele>
        <time>2022-03-06T09:04:49.409Z</time>
      </trkpt>
      <trkpt lat="32.775800" lon="-16.827520">
        <ele>11.0</ele>
        <time>2022-03-06T09:04:59.416Z</time>
      </trkpt>
      <trkpt lat="32.775820" lon="-16.827410">
        <ele>11.0</ele>
        <time>2022-03-06T09:05:08.809Z</time>
      </trkpt>
      <trkpt lat="32.775820" lon="-16.827300">
        <ele>11.0</ele>
        <time>2022-03-06T09:05:18.003Z</time>
      </trkpt>
      <trkpt lat="32.775840" lon="-16.827180">
        <ele>11.0</ele>
        <time>2022-03-06T09:05:28.204Z</time>
      </trkpt>
      <trkpt lat="32.775860" lon="-16.827060">
        <ele>11.0</ele>
        <time>2022-03-06T09:05:38.422Z</time>
      </trkpt>
      <trkpt lat="32.775890" lon="-16.826950">
        <ele>12.0</ele>
        <time>2022-03-06T09:05:48.116Z</time>
      </trkpt>
      <trkpt lat="32.775910" lon="-16.826840">
        <ele>12.0</ele>
        <time>2022-03-06T09:05:57.521Z</time>
      </trkpt>
      <trkpt lat="32.775930" lon="-16.826720">
        <ele>12.0</ele>
        <time>2022-03-06T09:06:07.723Z</time>
      </trkpt>
      <trkpt lat="32.775950" lon="-16.826610">
        <ele>12.0</ele>
        <time>2022-03-06T09:06:17.128Z</time>
      </trkpt>
      <trkpt lat="32.775950" lon="-16.826490">
        <ele>12.0</ele>
        <time>2022-03-06T09:06:27.135Z</time>
      </trkpt>
      <trkpt lat="32.775950" lon="-16.826380">
        <ele>12.0</ele>
        <time>2022-03-06T09:06:36.331Z</time>
      </trkpt>
      <trkpt lat="32.775880" lon="-16.826280">
        <ele>12.0</ele>
        <time>2022-03-06T09:06:47.181Z</time>
      </trkpt>
      <trkpt lat="32.775790" lon="-16.826250">
        <ele>11.0</ele>
        <time>2022-03-06T09:06:56.507Z</time>
      </trkpt>
      <trkpt lat="32.775700" lon="-16.826280">
        <ele>10.0</ele>
        <time>2022-03-06T09:07:05.834Z</time>
      </trkpt>
      <trkpt lat="32.775630" lon="-16.826360">
        <ele>9.0</ele>
        <time>2022-03-06T09:07:15.505Z</time>
      </trkpt>
      <trkpt lat="32.775590" lon="-16.826460">
        <ele>9.0</ele>
        <time>2022-03-06T09:07:24.760Z</time>
      </trkpt>
      <trkpt lat="32.775550" lon="-16.826560">
        <ele>9.0</ele>
        <time>2022-03-06T09:07:34.000Z</time>
      </trkpt>
      <trkpt lat="32.775510" lon="-16.826670">
        <ele>9.0</ele>
        <time>2022-03-06T09:07:44.000Z</time>
      </trkpt>
      <trkpt lat="32.775490" lon="-16.826780">
        <ele>9.0</ele>
        <time>2022-03-06T09:07:53.395Z</time>
      </trkpt>
      <trkpt lat="32.775450" lon="-16.826890">
        <ele>10.0</ele>
        <time>2022-03-06T09:08:03.447Z</time>
      </trkpt>
      <trkpt lat="32.775350" lon="-16.826920">
        <ele>10.0</ele>
        <time>2022-03-06T09:08:13.696Z</time>
      </trkpt>
      <trkpt lat="32.775250" lon="-16.826880">
        <ele>9.0</ele>
        <time>2022-03-06T09:08:24.204Z</time>
      </trkpt>
      <trkpt lat="32.775180" lon="-16.826960">
        <ele>8.0</ele>
        <time>2022-03-06T09:08:33.888Z</time>
      </trkpt>
      <trkpt lat="32.775080" lon="-16.826980">
        <ele>8.0</ele>
        <time>2022-03-06T09:08:43.950Z</time>
      </trkpt>
      <trkpt lat="32.774990" lon="-16.826960">
        <ele>8.0</ele>
        <time>2022-03-06T09:08:53.042Z</time>
      </trkpt>
      <trkpt lat="32.774910" lon="-16.826860">
        <ele>8.0</ele>
        <time>2022-03-06T09:09:04.559Z</time>
      </trkpt>
      <trkpt lat="32.774850" lon="-16.826760">
        <ele>8.0</ele>
        <time>2022-03-06T09:09:14.821Z</time>
      </trkpt>
      <trkpt lat="32.774800" lon="-16.826670">
        <ele>8.0</ele>
        <time>2022-03-06T09:09:23.836Z</time>
      </trkpt>
      <trkpt lat="32.774710" lon="-16.826610">
        <ele>8.0</ele>
        <time>2022-03-06T09:09:34.069Z</time>
      </trkpt>
      <trkpt lat="32.774620" lon="-16.826600">
        <ele>8.0</ele>
        <time>2022-03-06T09:09:43.046Z</time>
      </trkpt>
      <trkpt lat="32.774530" lon="-16.826630">
        <ele>8.0</ele>
        <time>2022-03-06T09:09:52.327Z</time>
      </trkpt>
      <trkpt lat="32.774450" lon="-16.826680">
        <ele>8.0</ele>
        <time>2022-03-06T09:10:01.297Z</time>
      </trkpt>
      <trkpt lat="32.774360" lon="-16.826760">
        <ele>8.0</ele>
        <time>2022-03-06T09:10:12.453Z</time>
      </trkpt>
      <trkpt lat="32.774280" lon="-16.826820">
        <ele>8.0</ele>
        <time>2022-03-06T09:10:21.856Z</time>
      </trkpt>
      <trkpt lat="32.774220" lon="-16.826900">
        <ele>7.0</ele>
        <time>2022-03-06T09:10:30.837Z</time>
      </trkpt>
      <trkpt lat="32.774150" lon="-16.827000">
        <ele>7.0</ele>
        <time>2022-03-06T09:10:41.709Z</time>
      </trkpt>
      <trkpt lat="32.774090" lon="-16.827080">
        <ele>7.0</ele>
        <time>2022-03-06T09:10:50.658Z</time>
      </trkpt>
      <trkpt lat="32.774010" lon="-16.827140">
        <ele>8.0</ele>
        <time>2022-03-06T09:11:00.089Z</time>
      </trkpt>
      <trkpt lat="32.773940" lon="-16.827220">
        <ele>8.0</ele>
        <time>2022-03-06T09:11:09.732Z</time>
      </trkpt>
      <trkpt lat="32.773870" lon="-16.827280">
        <ele>8.0</ele>
        <time>2022-03-06T09:11:18.291Z</time>
      </trkpt>
      <trkpt lat="32.773780" lon="-16.827320">
        <ele>8.0</ele>
        <time>2022-03-06T09:11:27.836Z</time>
      </trkpt>
      <trkpt lat="32.773690" lon="-16.827360">
        <ele>8.0</ele>
        <time>2022-03-06T09:11:37.375Z</time>
      </trkpt>
      <trkpt lat="32.773610" lon="-16.827430">
        <ele>8.0</ele>
        <time>2022-03-06T09:11:47.236Z</time>
      </trkpt>
      <trkpt lat="32.773530" lon="-16.827490">
        <ele>8.0</ele>
        <time>2022-03-06T09:11:56.625Z</time>
      </trkpt>
      <trkpt lat="32.773470" lon="-16.827570">
        <ele>8.0</ele>
        <time>2022-03-06T09:12:05.574Z</time>
      </trkpt>
      <trkpt lat="32.773420" lon="-16.827680">
        <ele>8.0</ele>
        <time>2022-03-06T09:12:16.017Z</time>
      </trkpt>
      <trkpt lat="32.773350" lon="-16.827750">
        <ele>9.0</ele>
        <time>2022-03-06T09:12:25.138Z</time>
      </trkpt>
      <trkpt lat="32.773270" lon="-16.827830">
        <ele>9.0</ele>
        <time>2022-03-06T09:12:35.513Z</time>
      </trkpt>
      <trkpt lat="32.773210" lon="-16.827920">
        <ele>9.0</ele>
        <time>2022-03-06T09:12:45.104Z</time>
      </trkpt>
      <trkpt lat="32.773184" lon="-16.827919">
        <ele>9.0</ele>
        <time>2022-03-06T09:12:47.667Z</time>
      </trkpt>
      <trkpt lat="32.773040" lon="-16.827950">
        <ele>9.0</ele>
        <time>2022-03-06T09:13:02.223Z</time>
      </trkpt>
      <trkpt lat="32.772950" lon="-16.827900">
        <ele>8.0</ele>
        <time>2022-03-06T09:13:12.128Z</time>
      </trkpt>
      <trkpt lat="32.772870" lon="-16.827850">
        <ele>6.0</ele>
        <time>2022-03-06T09:13:21.278Z</time>
      </trkpt>
      <trkpt lat="32.772780" lon="-16.827780">
        <ele>5.0</ele>
        <time>2022-03-06T09:13:31.992Z</time>
      </trkpt>
      <trkpt lat="32.772700" lon="-16.827730">
        <ele>5.0</ele>
        <time>2022-03-06T09:13:40.979Z</time>
      </trkpt>
      <trkpt lat="32.772620" lon="-16.827660">
        <ele>5.0</ele>
        <time>2022-03-06T09:13:50.834Z</time>
      </trkpt>
      <trkpt lat="32.772540" lon="-16.827580">
        <ele>5.0</ele>
        <time>2022-03-06T09:14:01.208Z</time>
      </trkpt>
      <trkpt lat="32.772470" lon="-16.827490">
        <ele>5.0</ele>
        <time>2022-03-06T09:14:11.451Z</time>
      </trkpt>
      <trkpt lat="32.772390" lon="-16.827410">
        <ele>5.0</ele>
        <time>2022-03-06T09:14:21.825Z</time>
      </trkpt>
      <trkpt lat="32.772320" lon="-16.827330">
        <ele>6.0</ele>
        <time>2022-03-06T09:14:31.506Z</time>
      </trkpt>
      <trkpt lat="32.772250" lon="-16.827260">
        <ele>6.0</ele>
        <time>2022-03-06T09:14:40.588Z</time>
      </trkpt>
      <trkpt lat="32.772170" lon="-16.827190">
        <ele>6.0</ele>
        <time>2022-03-06T09:14:50.450Z</time>
      </trkpt>
      <trkpt lat="32.772090" lon="-16.827150">
        <ele>6.0</ele>
        <time>2022-03-06T09:14:59.060Z</time>
      </trkpt>
      <trkpt lat="32.772000" lon="-16.827150">
        <ele>6.0</ele>
        <time>2022-03-06T09:15:07.999Z</time>
      </trkpt>
      <trkpt lat="32.771920" lon="-16.827090">
        <ele>6.0</ele>
        <time>2022-03-06T09:15:17.388Z</time>
      </trkpt>
      <trkpt lat="32.771840" lon="-16.827030">
        <ele>6.0</ele>
        <time>2022-03-06T09:15:26.791Z</time>
      </trkpt>
      <trkpt lat="32.771760" lon="-16.826960">
        <ele>6.0</ele>
        <time>2022-03-06T09:15:36.652Z</time>
      </trkpt>
      <trkpt lat="32.771670" lon="-16.826930">
        <ele>6.0</ele>
        <time>2022-03-06T09:15:45.936Z</time>
      </trkpt>
      <trkpt lat="32.771580" lon="-16.826880">
        <ele>6.0</ele>
        <time>2022-03-06T09:15:55.799Z</time>
      </trkpt>
      <trkpt lat="32.771500" lon="-16.826820">
        <ele>6.0</ele>
        <time>2022-03-06T09:16:05.188Z</time>
      </trkpt>
      <trkpt lat="32.771430" lon="-16.826740">
        <ele>6.0</ele>
        <time>2022-03-06T09:16:14.819Z</time>
      </trkpt>
      <trkpt lat="32.771360" lon="-16.826660">
        <ele>7.0</ele>
        <time>2022-03-06T09:16:24.503Z</time>
      </trkpt>
      <trkpt lat="32.771290" lon="-16.826590">
        <ele>8.0</ele>
        <time>2022-03-06T09:16:33.638Z</time>
      </trkpt>
      <trkpt lat="32.771220" lon="-16.826510">
        <ele>8.0</ele>
        <time>2022-03-06T09:16:43.269Z</time>
      </trkpt>
      <trkpt lat="32.771160" lon="-16.826420">
        <ele>8.0</ele>
        <time>2022-03-06T09:16:52.861Z</time>
      </trkpt>
      <trkpt lat="32.771110" lon="-16.826330">
        <ele>8.0</ele>
        <time>2022-03-06T09:17:01.868Z</time>
      </trkpt>
      <trkpt lat="32.771020" lon="-16.826250">
        <ele>9.0</ele>
        <time>2022-03-06T09:17:13.060Z</time>
      </trkpt>
      <trkpt lat="32.770960" lon="-16.826170">
        <ele>10.0</ele>
        <time>2022-03-06T09:17:22.052Z</time>
      </trkpt>
      <trkpt lat="32.770890" lon="-16.826090">
        <ele>10.0</ele>
        <time>2022-03-06T09:17:31.704Z</time>
      </trkpt>
      <trkpt lat="32.770840" lon="-16.826000">
        <ele>11.0</ele>
        <time>2022-03-06T09:17:40.743Z</time>
      </trkpt>
      <trkpt lat="32.770790" lon="-16.825900">
        <ele>11.0</ele>
        <time>2022-03-06T09:17:50.459Z</time>
      </trkpt>
      <trkpt lat="32.770760" lon="-16.825790">
        <ele>10.0</ele>
        <time>2022-03-06T09:18:00.153Z</time>
      </trkpt>
      <trkpt lat="32.770690" lon="-16.825710">
        <ele>10.0</ele>
        <time>2022-03-06T09:18:09.796Z</time>
      </trkpt>
      <trkpt lat="32.770610" lon="-16.825630">
        <ele>11.0</ele>
        <time>2022-03-06T09:18:20.218Z</time>
      </trkpt>
      <trkpt lat="32.770570" lon="-16.825530">
        <ele>11.0</ele>
        <time>2022-03-06T09:18:29.458Z</time>
      </trkpt>
      <trkpt lat="32.770540" lon="-16.825430">
        <ele>11.0</ele>
        <time>2022-03-06T09:18:38.324Z</time>
      </trkpt>
      <trkpt lat="32.770490" lon="-16.825330">
        <ele>10.0</ele>
        <time>2022-03-06T09:18:48.077Z</time>
      </trkpt>
      <trkpt lat="32.770460" lon="-16.825220">
        <ele>9.0</ele>
        <time>2022-03-06T09:18:57.771Z</time>
      </trkpt>
      <trkpt lat="32.770390" lon="-16.825150">
        <ele>8.0</ele>
        <time>2022-03-06T09:19:06.894Z</time>
      </trkpt>
      <trkpt lat="32.770310" lon="-16.825070">
        <ele>7.0</ele>
        <time>2022-03-06T09:19:17.305Z</time>
      </trkpt>
      <trkpt lat="32.770240" lon="-16.825000">
        <ele>7.0</ele>
        <time>2022-03-06T09:19:26.396Z</time>
      </trkpt>
      <trkpt lat="32.770150" lon="-16.824950">
        <ele>7.0</ele>
        <time>2022-03-06T09:19:36.261Z</time>
      </trkpt>
      <trkpt lat="32.770070" lon="-16.824880">
        <ele>8.0</ele>
        <time>2022-03-06T09:19:46.153Z</time>
      </trkpt>
      <trkpt lat="32.769990" lon="-16.824810">
        <ele>8.0</ele>
        <time>2022-03-06T09:19:56.014Z</time>
      </trkpt>
      <trkpt lat="32.769910" lon="-16.824730">
        <ele>7.0</ele>
        <time>2022-03-06T09:20:06.439Z</time>
      </trkpt>
      <trkpt lat="32.769840" lon="-16.824670">
        <ele>8.0</ele>
        <time>2022-03-06T09:20:15.045Z</time>
      </trkpt>
      <trkpt lat="32.769740" lon="-16.824610">
        <ele>7.0</ele>
        <time>2022-03-06T09:20:26.211Z</time>
      </trkpt>
      <trkpt lat="32.769660" lon="-16.824530">
        <ele>7.0</ele>
        <time>2022-03-06T09:20:36.584Z</time>
      </trkpt>
      <trkpt lat="32.769570" lon="-16.824460">
        <ele>7.0</ele>
        <time>2022-03-06T09:20:47.268Z</time>
      </trkpt>
      <trkpt lat="32.769490" lon="-16.824400">
        <ele>7.0</ele>
        <time>2022-03-06T09:20:56.653Z</time>
      </trkpt>
      <trkpt lat="32.769420" lon="-16.824330">
        <ele>6.0</ele>
        <time>2022-03-06T09:21:05.780Z</time>
      </trkpt>
      <trkpt lat="32.769350" lon="-16.824270">
        <ele>6.0</ele>
        <time>2022-03-06T09:21:14.340Z</time>
      </trkpt>
      <trkpt lat="32.769290" lon="-16.824180">
        <ele>6.0</ele>
        <time>2022-03-06T09:21:23.933Z</time>
      </trkpt>
      <trkpt lat="32.769220" lon="-16.824090">
        <ele>7.0</ele>
        <time>2022-03-06T09:21:34.214Z</time>
      </trkpt>
      <trkpt lat="32.769140" lon="-16.824020">
        <ele>6.0</ele>
        <time>2022-03-06T09:21:44.117Z</time>
      </trkpt>
      <trkpt lat="32.769080" lon="-16.823920">
        <ele>7.0</ele>
        <time>2022-03-06T09:21:54.408Z</time>
      </trkpt>
      <trkpt lat="32.769020" lon="-16.823830">
        <ele>7.0</ele>
        <time>2022-03-06T09:22:04.000Z</time>
      </trkpt>
      <trkpt lat="32.768970" lon="-16.823730">
        <ele>7.0</ele>
        <time>2022-03-06T09:22:13.706Z</time>
      </trkpt>
      <trkpt lat="32.768900" lon="-16.823650">
        <ele>7.0</ele>
        <time>2022-03-06T09:22:23.347Z</time>
      </trkpt>
      <trkpt lat="32.768840" lon="-16.823560">
        <ele>7.0</ele>
        <time>2022-03-06T09:22:32.938Z</time>
      </trkpt>
      <trkpt lat="32.768760" lon="-16.823500">
        <ele>8.0</ele>
        <time>2022-03-06T09:22:42.375Z</time>
      </trkpt>
      <trkpt lat="32.768730" lon="-16.823390">
        <ele>8.0</ele>
        <time>2022-03-06T09:22:52.041Z</time>
      </trkpt>
      <trkpt lat="32.768700" lon="-16.823290">
        <ele>8.0</ele>
        <time>2022-03-06T09:23:00.899Z</time>
      </trkpt>
      <trkpt lat="32.768660" lon="-16.823180">
        <ele>9.0</ele>
        <time>2022-03-06T09:23:10.939Z</time>
      </trkpt>
      <trkpt lat="32.768600" lon="-16.823080">
        <ele>8.0</ele>
        <time>2022-03-06T09:23:21.240Z</time>
      </trkpt>
      <trkpt lat="32.768530" lon="-16.823000">
        <ele>7.0</ele>
        <time>2022-03-06T09:23:30.924Z</time>
      </trkpt>
      <trkpt lat="32.768450" lon="-16.822930">
        <ele>7.0</ele>
        <time>2022-03-06T09:23:40.785Z</time>
      </trkpt>
      <trkpt lat="32.768360" lon="-16.822880">
        <ele>7.0</ele>
        <time>2022-03-06T09:23:50.651Z</time>
      </trkpt>
      <trkpt lat="32.768270" lon="-16.822840">
        <ele>6.0</ele>
        <time>2022-03-06T09:24:00.237Z</time>
      </trkpt>
      <trkpt lat="32.768190" lon="-16.822770">
        <ele>5.0</ele>
        <time>2022-03-06T09:24:10.131Z</time>
      </trkpt>
      <trkpt lat="32.768100" lon="-16.822710">
        <ele>4.0</ele>
        <time>2022-03-06T09:24:20.417Z</time>
      </trkpt>
      <trkpt lat="32.768010" lon="-16.822660">
        <ele>3.0</ele>
        <time>2022-03-06T09:24:30.322Z</time>
      </trkpt>
      <trkpt lat="32.767970" lon="-16.822570">
        <ele>3.0</ele>
        <time>2022-03-06T09:24:38.818Z</time>
      </trkpt>
      <trkpt lat="32.767880" lon="-16.822550">
        <ele>3.0</ele>
        <time>2022-03-06T09:24:47.910Z</time>
      </trkpt>
      <trkpt lat="32.767780" lon="-16.822600">
        <ele>4.0</ele>
        <time>2022-03-06T09:24:58.723Z</time>
      </trkpt>
      <trkpt lat="32.767690" lon="-16.822620">
        <ele>5.0</ele>
        <time>2022-03-06T09:25:07.843Z</time>
      </trkpt>
      <trkpt lat="32.767600" lon="-16.822600">
        <ele>8.0</ele>
        <time>2022-03-06T09:25:17.322Z</time>
      </trkpt>
      <trkpt lat="32.767530" lon="-16.822520">
        <ele>10.0</ele>
        <time>2022-03-06T09:25:27.129Z</time>
      </trkpt>
      <trkpt lat="32.767450" lon="-16.822450">
        <ele>13.0</ele>
        <time>2022-03-06T09:25:37.348Z</time>
      </trkpt>
      <trkpt lat="32.767380" lon="-16.822390">
        <ele>15.0</ele>
        <time>2022-03-06T09:25:46.104Z</time>
      </trkpt>
      <trkpt lat="32.767310" lon="-16.822320">
        <ele>18.0</ele>
        <time>2022-03-06T09:25:55.562Z</time>
      </trkpt>
      <trkpt lat="32.767220" lon="-16.822260">
        <ele>20.0</ele>
        <time>2022-03-06T09:26:05.964Z</time>
      </trkpt>
      <trkpt lat="32.767170" lon="-16.822160">
        <ele>23.0</ele>
        <time>2022-03-06T09:26:16.044Z</time>
      </trkpt>
      <trkpt lat="32.767160" lon="-16.822050">
        <ele>25.0</ele>
        <time>2022-03-06T09:26:25.451Z</time>
      </trkpt>
      <trkpt lat="32.767070" lon="-16.822090">
        <ele>30.0</ele>
        <time>2022-03-06T09:26:35.986Z</time>
      </trkpt>
      <trkpt lat="32.766980" lon="-16.822050">
        <ele>33.0</ele>
        <time>2022-03-06T09:26:45.900Z</time>
      </trkpt>
      <trkpt lat="32.766900" lon="-16.822020">
        <ele>36.0</ele>
        <time>2022-03-06T09:26:54.645Z</time>
      </trkpt>
      <trkpt lat="32.766810" lon="-16.821980">
        <ele>39.0</ele>
        <time>2022-03-06T09:27:04.559Z</time>
      </trkpt>
      <trkpt lat="32.766700" lon="-16.821970">
        <ele>43.0</ele>
        <time>2022-03-06T09:27:16.076Z</time>
      </trkpt>
      <trkpt lat="32.766700" lon="-16.821860">
        <ele>45.0</ele>
        <time>2022-03-06T09:27:25.430Z</time>
      </trkpt>
      <trkpt lat="32.766750" lon="-16.821760">
        <ele>49.0</ele>
        <time>2022-03-06T09:27:35.784Z</time>
      </trkpt>
      <trkpt lat="32.766840" lon="-16.821690">
        <ele>53.0</ele>
        <time>2022-03-06T09:27:47.048Z</time>
      </trkpt>
      <trkpt lat="32.766780" lon="-16.821590">
        <ele>58.0</ele>
        <time>2022-03-06T09:27:58.229Z</time>
      </trkpt>
      <trkpt lat="32.766700" lon="-16.821520">
        <ele>61.0</ele>
        <time>2022-03-06T09:28:08.449Z</time>
      </trkpt>
      <trkpt lat="32.766620" lon="-16.821470">
        <ele>65.0</ele>
        <time>2022-03-06T09:28:18.104Z</time>
      </trkpt>
      <trkpt lat="32.766550" lon="-16.821390">
        <ele>67.0</ele>
        <time>2022-03-06T09:28:27.910Z</time>
      </trkpt>
      <trkpt lat="32.766560" lon="-16.821280">
        <ele>70.0</ele>
        <time>2022-03-06T09:28:37.527Z</time>
      </trkpt>
      <trkpt lat="32.766540" lon="-16.821160">
        <ele>71.0</ele>
        <time>2022-03-06T09:28:47.783Z</time>
      </trkpt>
      <trkpt lat="32.766520" lon="-16.821060">
        <ele>74.0</ele>
        <time>2022-03-06T09:28:56.782Z</time>
      </trkpt>
      <trkpt lat="32.766490" lon="-16.820960">
        <ele>76.0</ele>
        <time>2022-03-06T09:29:05.817Z</time>
      </trkpt>
      <trkpt lat="32.766490" lon="-16.820850">
        <ele>79.0</ele>
        <time>2022-03-06T09:29:15.383Z</time>
      </trkpt>
      <trkpt lat="32.766430" lon="-16.820760">
        <ele>81.0</ele>
        <time>2022-03-06T09:29:25.139Z</time>
      </trkpt>
      <trkpt lat="32.766340" lon="-16.820700">
        <ele>83.0</ele>
        <time>2022-03-06T09:29:35.527Z</time>
      </trkpt>
      <trkpt lat="32.766290" lon="-16.820620">
        <ele>85.0</ele>
        <time>2022-03-06T09:29:44.042Z</time>
      </trkpt>
      <trkpt lat="32.766290" lon="-16.820500">
        <ele>87.0</ele>
        <time>2022-03-06T09:29:54.222Z</time>
      </trkpt>
      <trkpt lat="32.766320" lon="-16.820390">
        <ele>88.0</ele>
        <time>2022-03-06T09:30:03.915Z</time>
      </trkpt>
      <trkpt lat="32.766350" lon="-16.820300">
        <ele>88.0</ele>
        <time>2022-03-06T09:30:12.001Z</time>
      </trkpt>
      <trkpt lat="32.766360" lon="-16.820180">
        <ele>85.0</ele>
        <time>2022-03-06T09:30:22.423Z</time>
      </trkpt>
      <trkpt lat="32.766370" lon="-16.820070">
        <ele>84.0</ele>
        <time>2022-03-06T09:30:31.701Z</time>
      </trkpt>
      <trkpt lat="32.766360" lon="-16.819950">
        <ele>82.0</ele>
        <time>2022-03-06T09:30:41.928Z</time>
      </trkpt>
      <trkpt lat="32.766320" lon="-16.819830">
        <ele>81.0</ele>
        <time>2022-03-06T09:30:52.747Z</time>
      </trkpt>
      <trkpt lat="32.766310" lon="-16.819720">
        <ele>80.0</ele>
        <time>2022-03-06T09:31:02.023Z</time>
      </trkpt>
      <trkpt lat="32.766260" lon="-16.819630">
        <ele>80.0</ele>
        <time>2022-03-06T09:31:11.038Z</time>
      </trkpt>
      <trkpt lat="32.766190" lon="-16.819540">
        <ele>80.0</ele>
        <time>2022-03-06T09:31:21.270Z</time>
      </trkpt>
      <trkpt lat="32.766150" lon="-16.819440">
        <ele>83.0</ele>
        <time>2022-03-06T09:31:30.892Z</time>
      </trkpt>
      <trkpt lat="32.766120" lon="-16.819330">
        <ele>86.0</ele>
        <time>2022-03-06T09:31:40.910Z</time>
      </trkpt>
      <trkpt lat="32.766070" lon="-16.819230">
        <ele>88.0</ele>
        <time>2022-03-06T09:31:50.791Z</time>
      </trkpt>
      <trkpt lat="32.766010" lon="-16.819130">
        <ele>89.0</ele>
        <time>2022-03-06T09:32:01.093Z</time>
      </trkpt>
      <trkpt lat="32.765960" lon="-16.819040">
        <ele>92.0</ele>
        <time>2022-03-06T09:32:10.477Z</time>
      </trkpt>
      <trkpt lat="32.765938" lon="-16.819010">
        <ele>93.0</ele>
        <time>2022-03-06T09:32:13.916Z</time>
      </trkpt>
      <trkpt lat="32.765872" lon="-16.818995">
        <ele>95.0</ele>
        <time>2022-03-06T09:32:20.829Z</time>
      </trkpt>
      <trkpt lat="32.765755" lon="-16.818961">
        <ele>95.0</ele>
        <time>2022-03-06T09:32:32.790Z</time>
      </trkpt>
      <trkpt lat="32.765549" lon="-16.818845">
        <ele>96.0</ele>
        <time>2022-03-06T09:32:55.442Z</time>
      </trkpt>
      <trkpt lat="32.765489" lon="-16.818760">
        <ele>96.0</ele>
        <time>2022-03-06T09:33:04.708Z</time>
      </trkpt>
      <trkpt lat="32.765377" lon="-16.818548">
        <ele>98.0</ele>
        <time>2022-03-06T09:33:25.680Z</time>
      </trkpt>
      <trkpt lat="32.765296" lon="-16.818409">
        <ele>100.0</ele>
        <time>2022-03-06T09:33:39.910Z</time>
      </trkpt>
      <trkpt lat="32.765205" lon="-16.818329">
        <ele>102.0</ele>
        <time>2022-03-06T09:33:51.298Z</time>
      </trkpt>
      <trkpt lat="32.765036" lon="-16.818252">
        <ele>102.0</ele>
        <time>2022-03-06T09:34:09.265Z</time>
      </trkpt>
      <trkpt lat="32.764980" lon="-16.818183">
        <ele>103.0</ele>
        <time>2022-03-06T09:34:17.325Z</time>
      </trkpt>
      <trkpt lat="32.764966" lon="-16.818108">
        <ele>105.0</ele>
        <time>2022-03-06T09:34:23.979Z</time>
      </trkpt>
      <trkpt lat="32.765015" lon="-16.818066">
        <ele>107.0</ele>
        <time>2022-03-06T09:34:30.250Z</time>
      </trkpt>
      <trkpt lat="32.765080" lon="-16.818060">
        <ele>109.0</ele>
        <time>2022-03-06T09:34:36.952Z</time>
      </trkpt>
      <trkpt lat="32.764980" lon="-16.818000">
        <ele>111.0</ele>
        <time>2022-03-06T09:34:48.209Z</time>
      </trkpt>
      <trkpt lat="32.764900" lon="-16.817940">
        <ele>113.0</ele>
        <time>2022-03-06T09:34:57.764Z</time>
      </trkpt>
      <trkpt lat="32.764890" lon="-16.817820">
        <ele>115.0</ele>
        <time>2022-03-06T09:35:07.993Z</time>
      </trkpt>
      <trkpt lat="32.764820" lon="-16.817750">
        <ele>117.0</ele>
        <time>2022-03-06T09:35:17.257Z</time>
      </trkpt>
      <trkpt lat="32.764780" lon="-16.817650">
        <ele>119.0</ele>
        <time>2022-03-06T09:35:26.663Z</time>
      </trkpt>
      <trkpt lat="32.764690" lon="-16.817630">
        <ele>120.0</ele>
        <time>2022-03-06T09:35:35.799Z</time>
      </trkpt>
      <trkpt lat="32.764600" lon="-16.817590">
        <ele>121.0</ele>
        <time>2022-03-06T09:35:45.386Z</time>
      </trkpt>
      <trkpt lat="32.764520" lon="-16.817530">
        <ele>122.0</ele>
        <time>2022-03-06T09:35:54.817Z</time>
      </trkpt>
      <trkpt lat="32.764460" lon="-16.817440">
        <ele>123.0</ele>
        <time>2022-03-06T09:36:04.451Z</time>
      </trkpt>
      <trkpt lat="32.764390" lon="-16.817380">
        <ele>127.0</ele>
        <time>2022-03-06T09:36:13.739Z</time>
      </trkpt>
      <trkpt lat="32.764330" lon="-16.817460">
        <ele>132.0</ele>
        <time>2022-03-06T09:36:23.750Z</time>
      </trkpt>
      <trkpt lat="32.764330" lon="-16.817580">
        <ele>135.0</ele>
        <time>2022-03-06T09:36:34.111Z</time>
      </trkpt>
      <trkpt lat="32.764330" lon="-16.817690">
        <ele>138.0</ele>
        <time>2022-03-06T09:36:43.688Z</time>
      </trkpt>
      <trkpt lat="32.764370" lon="-16.817790">
        <ele>141.0</ele>
        <time>2022-03-06T09:36:53.312Z</time>
      </trkpt>
      <trkpt lat="32.764370" lon="-16.817900">
        <ele>146.0</ele>
        <time>2022-03-06T09:37:03.522Z</time>
      </trkpt>
      <trkpt lat="32.764330" lon="-16.818000">
        <ele>150.0</ele>
        <time>2022-03-06T09:37:13.442Z</time>
      </trkpt>
      <trkpt lat="32.764240" lon="-16.818030">
        <ele>151.0</ele>
        <time>2022-03-06T09:37:22.753Z</time>
      </trkpt>
      <trkpt lat="32.764160" lon="-16.817960">
        <ele>155.0</ele>
        <time>2022-03-06T09:37:33.255Z</time>
      </trkpt>
      <trkpt lat="32.764080" lon="-16.817940">
        <ele>161.0</ele>
        <time>2022-03-06T09:37:42.977Z</time>
      </trkpt>
      <trkpt lat="32.763980" lon="-16.817940">
        <ele>165.0</ele>
        <time>2022-03-06T09:37:53.520Z</time>
      </trkpt>
      <trkpt lat="32.763920" lon="-16.817850">
        <ele>166.0</ele>
        <time>2022-03-06T09:38:03.154Z</time>
      </trkpt>
      <trkpt lat="32.763870" lon="-16.817760">
        <ele>167.0</ele>
        <time>2022-03-06T09:38:12.213Z</time>
      </trkpt>
      <trkpt lat="32.763800" lon="-16.817680">
        <ele>168.0</ele>
        <time>2022-03-06T09:38:21.885Z</time>
      </trkpt>
      <trkpt lat="32.763730" lon="-16.817600">
        <ele>169.0</ele>
        <time>2022-03-06T09:38:31.569Z</time>
      </trkpt>
      <trkpt lat="32.763660" lon="-16.817520">
        <ele>170.0</ele>
        <time>2022-03-06T09:38:41.250Z</time>
      </trkpt>
      <trkpt lat="32.763600" lon="-16.817420">
        <ele>172.0</ele>
        <time>2022-03-06T09:38:51.658Z</time>
      </trkpt>
      <trkpt lat="32.763570" lon="-16.817310">
        <ele>174.0</ele>
        <time>2022-03-06T09:39:01.475Z</time>
      </trkpt>
      <trkpt lat="32.763580" lon="-16.817190">
        <ele>175.0</ele>
        <time>2022-03-06T09:39:11.585Z</time>
      </trkpt>
      <trkpt lat="32.763580" lon="-16.817080">
        <ele>177.0</ele>
        <time>2022-03-06T09:39:20.940Z</time>
      </trkpt>
      <trkpt lat="32.763600" lon="-16.816960">
        <ele>178.0</ele>
        <time>2022-03-06T09:39:31.197Z</time>
      </trkpt>
      <trkpt lat="32.763600" lon="-16.816840">
        <ele>180.0</ele>
        <time>2022-03-06T09:39:41.375Z</time>
      </trkpt>
      <trkpt lat="32.763580" lon="-16.816730">
        <ele>181.0</ele>
        <time>2022-03-06T09:39:50.816Z</time>
      </trkpt>
      <trkpt lat="32.763570" lon="-16.816620">
        <ele>181.0</ele>
        <time>2022-03-06T09:40:00.050Z</time>
      </trkpt>
      <trkpt lat="32.763550" lon="-16.816500">
        <ele>182.0</ele>
        <time>2022-03-06T09:40:10.305Z</time>
      </trkpt>
      <trkpt lat="32.763530" lon="-16.816380">
        <ele>183.0</ele>
        <time>2022-03-06T09:40:20.563Z</time>
      </trkpt>
      <trkpt lat="32.763530" lon="-16.816270">
        <ele>183.0</ele>
        <time>2022-03-06T09:40:29.746Z</time>
      </trkpt>
      <trkpt lat="32.763530" lon="-16.816160">
        <ele>184.0</ele>
        <time>2022-03-06T09:40:38.971Z</time>
      </trkpt>
      <trkpt lat="32.763540" lon="-16.816040">
        <ele>186.0</ele>
        <time>2022-03-06T09:40:49.200Z</time>
      </trkpt>
      <trkpt lat="32.763540" lon="-16.815930">
        <ele>187.0</ele>
        <time>2022-03-06T09:40:58.424Z</time>
      </trkpt>
      <trkpt lat="32.763560" lon="-16.815810">
        <ele>188.0</ele>
        <time>2022-03-06T09:41:08.680Z</time>
      </trkpt>
      <trkpt lat="32.763580" lon="-16.815700">
        <ele>189.0</ele>
        <time>2022-03-06T09:41:18.115Z</time>
      </trkpt>
      <trkpt lat="32.763580" lon="-16.815590">
        <ele>190.0</ele>
        <time>2022-03-06T09:41:27.341Z</time>
      </trkpt>
      <trkpt lat="32.763570" lon="-16.815470">
        <ele>190.0</ele>
        <time>2022-03-06T09:41:37.410Z</time>
      </trkpt>
      <trkpt lat="32.763560" lon="-16.815360">
        <ele>190.0</ele>
        <time>2022-03-06T09:41:46.646Z</time>
      </trkpt>
      <trkpt lat="32.763540" lon="-16.815250">
        <ele>191.0</ele>
        <time>2022-03-06T09:41:56.096Z</time>
      </trkpt>
      <trkpt lat="32.763520" lon="-16.815150">
        <ele>192.0</ele>
        <time>2022-03-06T09:42:04.717Z</time>
      </trkpt>
      <trkpt lat="32.763500" lon="-16.815030">
        <ele>192.0</ele>
        <time>2022-03-06T09:42:14.935Z</time>
      </trkpt>
      <trkpt lat="32.763540" lon="-16.814920">
        <ele>192.0</ele>
        <time>2022-03-06T09:42:24.943Z</time>
      </trkpt>
      <trkpt lat="32.763590" lon="-16.814810">
        <ele>193.0</ele>
        <time>2022-03-06T09:42:35.417Z</time>
      </trkpt>
      <trkpt lat="32.763620" lon="-16.814690">
        <ele>193.0</ele>
        <time>2022-03-06T09:42:45.874Z</time>
      </trkpt>
      <trkpt lat="32.763610" lon="-16.814580">
        <ele>194.0</ele>
        <time>2022-03-06T09:42:55.153Z</time>
      </trkpt>
      <trkpt lat="32.763560" lon="-16.814470">
        <ele>195.0</ele>
        <time>2022-03-06T09:43:05.639Z</time>
      </trkpt>
      <trkpt lat="32.763490" lon="-16.814390">
        <ele>195.0</ele>
        <time>2022-03-06T09:43:15.270Z</time>
      </trkpt>
      <trkpt lat="32.763410" lon="-16.814300">
        <ele>195.0</ele>
        <time>2022-03-06T09:43:26.216Z</time>
      </trkpt>
      <trkpt lat="32.763340" lon="-16.814230">
        <ele>195.0</ele>
        <time>2022-03-06T09:43:35.285Z</time>
      </trkpt>
      <trkpt lat="32.763270" lon="-16.814140">
        <ele>195.0</ele>
        <time>2022-03-06T09:43:45.528Z</time>
      </trkpt>
      <trkpt lat="32.763210" lon="-16.814050">
        <ele>195.0</ele>
        <time>2022-03-06T09:43:55.122Z</time>
      </trkpt>
      <trkpt lat="32.763150" lon="-16.813960">
        <ele>195.0</ele>
        <time>2022-03-06T09:44:04.715Z</time>
      </trkpt>
      <trkpt lat="32.763110" lon="-16.813840">
        <ele>195.0</ele>
        <time>2022-03-06T09:44:15.491Z</time>
      </trkpt>
      <trkpt lat="32.763100" lon="-16.813740">
        <ele>196.0</ele>
        <time>2022-03-06T09:44:23.940Z</time>
      </trkpt>
      <trkpt lat="32.763110" lon="-16.813610">
        <ele>196.0</ele>
        <time>2022-03-06T09:44:34.848Z</time>
      </trkpt>
      <trkpt lat="32.763130" lon="-16.813500">
        <ele>196.0</ele>
        <time>2022-03-06T09:44:44.243Z</time>
      </trkpt>
      <trkpt lat="32.763130" lon="-16.813390">
        <ele>196.0</ele>
        <time>2022-03-06T09:44:53.424Z</time>
      </trkpt>
      <trkpt lat="32.763160" lon="-16.813280">
        <ele>198.0</ele>
        <time>2022-03-06T09:45:03.243Z</time>
      </trkpt>
      <trkpt lat="32.763190" lon="-16.813160">
        <ele>200.0</ele>
        <time>2022-03-06T09:45:13.850Z</time>
      </trkpt>
      <trkpt lat="32.763210" lon="-16.813060">
        <ele>204.0</ele>
        <time>2022-03-06T09:45:23.138Z</time>
      </trkpt>
      <trkpt lat="32.763160" lon="-16.812970">
        <ele>208.0</ele>
        <time>2022-03-06T09:45:32.826Z</time>
      </trkpt>
      <trkpt lat="32.763140" lon="-16.812860">
        <ele>212.0</ele>
        <time>2022-03-06T09:45:42.888Z</time>
      </trkpt>
      <trkpt lat="32.763120" lon="-16.812750">
        <ele>215.0</ele>
        <time>2022-03-06T09:45:52.660Z</time>
      </trkpt>
      <trkpt lat="32.763130" lon="-16.812630">
        <ele>217.0</ele>
        <time>2022-03-06T09:46:02.890Z</time>
      </trkpt>
      <trkpt lat="32.763160" lon="-16.812530">
        <ele>220.0</ele>
        <time>2022-03-06T09:46:12.145Z</time>
      </trkpt>
      <trkpt lat="32.763180" lon="-16.812420">
        <ele>222.0</ele>
        <time>2022-03-06T09:46:21.707Z</time>
      </trkpt>
      <trkpt lat="32.763200" lon="-16.812300">
        <ele>223.0</ele>
        <time>2022-03-06T09:46:31.965Z</time>
      </trkpt>
      <trkpt lat="32.763240" lon="-16.812190">
        <ele>223.0</ele>
        <time>2022-03-06T09:46:41.965Z</time>
      </trkpt>
      <trkpt lat="32.763300" lon="-16.812100">
        <ele>223.0</ele>
        <time>2022-03-06T09:46:51.556Z</time>
      </trkpt>
      <trkpt lat="32.763350" lon="-16.811990">
        <ele>223.0</ele>
        <time>2022-03-06T09:47:01.993Z</time>
      </trkpt>
      <trkpt lat="32.763390" lon="-16.811890">
        <ele>223.0</ele>
        <time>2022-03-06T09:47:11.248Z</time>
      </trkpt>
      <trkpt lat="32.763400" lon="-16.811770">
        <ele>224.0</ele>
        <time>2022-03-06T09:47:21.360Z</time>
      </trkpt>
      <trkpt lat="32.763400" lon="-16.811660">
        <ele>224.0</ele>
        <time>2022-03-06T09:47:30.542Z</time>
      </trkpt>
      <trkpt lat="32.763400" lon="-16.811550">
        <ele>224.0</ele>
        <time>2022-03-06T09:47:39.726Z</time>
      </trkpt>
      <trkpt lat="32.763450" lon="-16.811450">
        <ele>224.0</ele>
        <time>2022-03-06T09:47:49.444Z</time>
      </trkpt>
      <trkpt lat="32.763500" lon="-16.811360">
        <ele>224.0</ele>
        <time>2022-03-06T09:47:58.437Z</time>
      </trkpt>
      <trkpt lat="32.763490" lon="-16.811240">
        <ele>224.0</ele>
        <time>2022-03-06T09:48:08.508Z</time>
      </trkpt>
      <trkpt lat="32.763450" lon="-16.811140">
        <ele>225.0</ele>
        <time>2022-03-06T09:48:17.806Z</time>
      </trkpt>
      <trkpt lat="32.763430" lon="-16.811030">
        <ele>225.0</ele>
        <time>2022-03-06T09:48:27.201Z</time>
      </trkpt>
      <trkpt lat="32.763460" lon="-16.810920">
        <ele>225.0</ele>
        <time>2022-03-06T09:48:36.854Z</time>
      </trkpt>
      <trkpt lat="32.763420" lon="-16.810820">
        <ele>225.0</ele>
        <time>2022-03-06T09:48:46.111Z</time>
      </trkpt>
      <trkpt lat="32.763390" lon="-16.810710">
        <ele>225.0</ele>
        <time>2022-03-06T09:48:55.764Z</time>
      </trkpt>
      <trkpt lat="32.763360" lon="-16.810610">
        <ele>225.0</ele>
        <time>2022-03-06T09:49:04.624Z</time>
      </trkpt>
      <trkpt lat="32.763320" lon="-16.810510">
        <ele>225.0</ele>
        <time>2022-03-06T09:49:13.871Z</time>
      </trkpt>
      <trkpt lat="32.763280" lon="-16.810410">
        <ele>225.0</ele>
        <time>2022-03-06T09:49:23.114Z</time>
      </trkpt>
      <trkpt lat="32.763200" lon="-16.810330">
        <ele>225.0</ele>
        <time>2022-03-06T09:49:33.497Z</time>
      </trkpt>
      <trkpt lat="32.763140" lon="-16.810240">
        <ele>226.0</ele>
        <time>2022-03-06T09:49:43.118Z</time>
      </trkpt>
      <trkpt lat="32.763050" lon="-16.810200">
        <ele>226.0</ele>
        <time>2022-03-06T09:49:52.660Z</time>
      </trkpt>
      <trkpt lat="32.762960" lon="-16.810160">
        <ele>227.0</ele>
        <time>2022-03-06T09:50:02.246Z</time>
      </trkpt>
      <trkpt lat="32.762870" lon="-16.810110">
        <ele>227.0</ele>
        <time>2022-03-06T09:50:12.111Z</time>
      </trkpt>
      <trkpt lat="32.762780" lon="-16.810060">
        <ele>226.0</ele>
        <time>2022-03-06T09:50:22.014Z</time>
      </trkpt>
      <trkpt lat="32.762740" lon="-16.809960">
        <ele>227.0</ele>
        <time>2022-03-06T09:50:31.305Z</time>
      </trkpt>
      <trkpt lat="32.762700" lon="-16.809850">
        <ele>227.0</ele>
        <time>2022-03-06T09:50:41.312Z</time>
      </trkpt>
      <trkpt lat="32.762660" lon="-16.809740">
        <ele>227.0</ele>
        <time>2022-03-06T09:50:51.319Z</time>
      </trkpt>
      <trkpt lat="32.762690" lon="-16.809860">
        <ele>228.0</ele>
        <time>2022-03-06T09:51:01.814Z</time>
      </trkpt>
      <trkpt lat="32.762730" lon="-16.809960">
        <ele>228.0</ele>
        <time>2022-03-06T09:51:11.057Z</time>
      </trkpt>
      <trkpt lat="32.762700" lon="-16.809850">
        <ele>227.0</ele>
        <time>2022-03-06T09:51:20.752Z</time>
      </trkpt>
      <trkpt lat="32.762670" lon="-16.809750">
        <ele>227.0</ele>
        <time>2022-03-06T09:51:29.611Z</time>
      </trkpt>
      <trkpt lat="32.762650" lon="-16.809640">
        <ele>228.0</ele>
        <time>2022-03-06T09:51:39.061Z</time>
      </trkpt>
      <trkpt lat="32.762630" lon="-16.809530">
        <ele>228.0</ele>
        <time>2022-03-06T09:51:48.455Z</time>
      </trkpt>
      <trkpt lat="32.762610" lon="-16.809430">
        <ele>228.0</ele>
        <time>2022-03-06T09:51:57.033Z</time>
      </trkpt>
      <trkpt lat="32.762580" lon="-16.809310">
        <ele>228.0</ele>
        <time>2022-03-06T09:52:07.487Z</time>
      </trkpt>
      <trkpt lat="32.762560" lon="-16.809190">
        <ele>228.0</ele>
        <time>2022-03-06T09:52:17.704Z</time>
      </trkpt>
      <trkpt lat="32.762510" lon="-16.809100">
        <ele>228.0</ele>
        <time>2022-03-06T09:52:26.711Z</time>
      </trkpt>
      <trkpt lat="32.762420" lon="-16.809050">
        <ele>229.0</ele>
        <time>2022-03-06T09:52:36.615Z</time>
      </trkpt>
      <trkpt lat="32.762320" lon="-16.809030">
        <ele>229.0</ele>
        <time>2022-03-06T09:52:46.691Z</time>
      </trkpt>
      <trkpt lat="32.762240" lon="-16.809090">
        <ele>229.0</ele>
        <time>2022-03-06T09:52:56.080Z</time>
      </trkpt>
      <trkpt lat="32.762150" lon="-16.809120">
        <ele>230.0</ele>
        <time>2022-03-06T09:53:05.402Z</time>
      </trkpt>
      <trkpt lat="32.762100" lon="-16.809030">
        <ele>231.0</ele>
        <time>2022-03-06T09:53:14.439Z</time>
      </trkpt>
      <trkpt lat="32.762150" lon="-16.808940">
        <ele>236.0</ele>
        <time>2022-03-06T09:53:24.493Z</time>
      </trkpt>
      <trkpt lat="32.762190" lon="-16.808840">
        <ele>242.0</ele>
        <time>2022-03-06T09:53:35.187Z</time>
      </trkpt>
      <trkpt lat="32.762150" lon="-16.808740">
        <ele>247.0</ele>
        <time>2022-03-06T09:53:45.451Z</time>
      </trkpt>
      <trkpt lat="32.762130" lon="-16.808630">
        <ele>249.0</ele>
        <time>2022-03-06T09:53:55.013Z</time>
      </trkpt>
      <trkpt lat="32.762140" lon="-16.808530">
        <ele>255.0</ele>
        <time>2022-03-06T09:54:04.991Z</time>
      </trkpt>
      <trkpt lat="32.762190" lon="-16.808420">
        <ele>258.0</ele>
        <time>2022-03-06T09:54:15.765Z</time>
      </trkpt>
      <trkpt lat="32.762210" lon="-16.808320">
        <ele>262.0</ele>
        <time>2022-03-06T09:54:25.065Z</time>
      </trkpt>
      <trkpt lat="32.762230" lon="-16.808210">
        <ele>266.0</ele>
        <time>2022-03-06T09:54:35.116Z</time>
      </trkpt>
      <trkpt lat="32.762180" lon="-16.808110">
        <ele>270.0</ele>
        <time>2022-03-06T09:54:45.458Z</time>
      </trkpt>
      <trkpt lat="32.762090" lon="-16.808050">
        <ele>271.0</ele>
        <time>2022-03-06T09:54:55.743Z</time>
      </trkpt>
      <trkpt lat="32.762030" lon="-16.807970">
        <ele>272.0</ele>
        <time>2022-03-06T09:55:04.748Z</time>
      </trkpt>
      <trkpt lat="32.761980" lon="-16.807870">
        <ele>273.0</ele>
        <time>2022-03-06T09:55:14.494Z</time>
      </trkpt>
      <trkpt lat="32.761940" lon="-16.807760">
        <ele>274.0</ele>
        <time>2022-03-06T09:55:24.534Z</time>
      </trkpt>
      <trkpt lat="32.761910" lon="-16.807660">
        <ele>274.0</ele>
        <time>2022-03-06T09:55:33.403Z</time>
      </trkpt>
      <trkpt lat="32.761880" lon="-16.807560">
        <ele>275.0</ele>
        <time>2022-03-06T09:55:42.306Z</time>
      </trkpt>
      <trkpt lat="32.761810" lon="-16.807460">
        <ele>275.0</ele>
        <time>2022-03-06T09:55:53.180Z</time>
      </trkpt>
      <trkpt lat="32.761740" lon="-16.807390">
        <ele>275.0</ele>
        <time>2022-03-06T09:56:02.263Z</time>
      </trkpt>
      <trkpt lat="32.761690" lon="-16.807290">
        <ele>276.0</ele>
        <time>2022-03-06T09:56:12.022Z</time>
      </trkpt>
      <trkpt lat="32.761650" lon="-16.807190">
        <ele>276.0</ele>
        <time>2022-03-06T09:56:21.256Z</time>
      </trkpt>
      <trkpt lat="32.761620" lon="-16.807080">
        <ele>277.0</ele>
        <time>2022-03-06T09:56:30.965Z</time>
      </trkpt>
      <trkpt lat="32.761570" lon="-16.806980">
        <ele>278.0</ele>
        <time>2022-03-06T09:56:40.721Z</time>
      </trkpt>
      <trkpt lat="32.761520" lon="-16.806870">
        <ele>279.0</ele>
        <time>2022-03-06T09:56:51.195Z</time>
      </trkpt>
      <trkpt lat="32.761520" lon="-16.806750">
        <ele>281.0</ele>
        <time>2022-03-06T09:57:01.376Z</time>
      </trkpt>
      <trkpt lat="32.761520" lon="-16.806630">
        <ele>282.0</ele>
        <time>2022-03-06T09:57:11.437Z</time>
      </trkpt>
      <trkpt lat="32.761520" lon="-16.806520">
        <ele>283.0</ele>
        <time>2022-03-06T09:57:20.663Z</time>
      </trkpt>
      <trkpt lat="32.761510" lon="-16.806410">
        <ele>284.0</ele>
        <time>2022-03-06T09:57:29.944Z</time>
      </trkpt>
      <trkpt lat="32.761500" lon="-16.806280">
        <ele>285.0</ele>
        <time>2022-03-06T09:57:40.887Z</time>
      </trkpt>
      <trkpt lat="32.761500" lon="-16.806170">
        <ele>285.0</ele>
        <time>2022-03-06T09:57:50.069Z</time>
      </trkpt>
      <trkpt lat="32.761480" lon="-16.806050">
        <ele>286.0</ele>
        <time>2022-03-06T09:58:00.324Z</time>
      </trkpt>
      <trkpt lat="32.761470" lon="-16.805940">
        <ele>286.0</ele>
        <time>2022-03-06T09:58:09.562Z</time>
      </trkpt>
      <trkpt lat="32.761460" lon="-16.805830">
        <ele>286.0</ele>
        <time>2022-03-06T09:58:18.798Z</time>
      </trkpt>
      <trkpt lat="32.761450" lon="-16.805720">
        <ele>286.0</ele>
        <time>2022-03-06T09:58:28.034Z</time>
      </trkpt>
      <trkpt lat="32.761440" lon="-16.805610">
        <ele>286.0</ele>
        <time>2022-03-06T09:58:37.270Z</time>
      </trkpt>
      <trkpt lat="32.761440" lon="-16.805490">
        <ele>286.0</ele>
        <time>2022-03-06T09:58:47.292Z</time>
      </trkpt>
      <trkpt lat="32.761450" lon="-16.805370">
        <ele>286.0</ele>
        <time>2022-03-06T09:58:57.361Z</time>
      </trkpt>
      <trkpt lat="32.761450" lon="-16.805250">
        <ele>286.0</ele>
        <time>2022-03-06T09:59:07.385Z</time>
      </trkpt>
      <trkpt lat="32.761440" lon="-16.805140">
        <ele>286.0</ele>
        <time>2022-03-06T09:59:16.621Z</time>
      </trkpt>
      <trkpt lat="32.761440" lon="-16.805020">
        <ele>287.0</ele>
        <time>2022-03-06T09:59:26.684Z</time>
      </trkpt>
      <trkpt lat="32.761460" lon="-16.804910">
        <ele>287.0</ele>
        <time>2022-03-06T09:59:36.077Z</time>
      </trkpt>
      <trkpt lat="32.761470" lon="-16.804800">
        <ele>289.0</ele>
        <time>2022-03-06T09:59:45.486Z</time>
      </trkpt>
      <trkpt lat="32.761470" lon="-16.804700">
        <ele>292.0</ele>
        <time>2022-03-06T09:59:54.262Z</time>
      </trkpt>
      <trkpt lat="32.761470" lon="-16.804580">
        <ele>292.0</ele>
        <time>2022-03-06T10:00:04.283Z</time>
      </trkpt>
      <trkpt lat="32.761480" lon="-16.804470">
        <ele>294.0</ele>
        <time>2022-03-06T10:00:13.692Z</time>
      </trkpt>
      <trkpt lat="32.761520" lon="-16.804370">
        <ele>295.0</ele>
        <time>2022-03-06T10:00:22.969Z</time>
      </trkpt>
      <trkpt lat="32.761560" lon="-16.804270">
        <ele>297.0</ele>
        <time>2022-03-06T10:00:32.395Z</time>
      </trkpt>
      <trkpt lat="32.761570" lon="-16.804150">
        <ele>298.0</ele>
        <time>2022-03-06T10:00:42.506Z</time>
      </trkpt>
      <trkpt lat="32.761590" lon="-16.804040">
        <ele>299.0</ele>
        <time>2022-03-06T10:00:51.945Z</time>
      </trkpt>
      <trkpt lat="32.761610" lon="-16.803930">
        <ele>299.0</ele>
        <time>2022-03-06T10:01:01.340Z</time>
      </trkpt>
      <trkpt lat="32.761600" lon="-16.803810">
        <ele>300.0</ele>
        <time>2022-03-06T10:01:11.451Z</time>
      </trkpt>
      <trkpt lat="32.761600" lon="-16.803690">
        <ele>300.0</ele>
        <time>2022-03-06T10:01:21.474Z</time>
      </trkpt>
      <trkpt lat="32.761601" lon="-16.803565">
        <ele>307.8</ele>
        <time>2022-03-06T10:01:34.014Z</time>
        <extensions>
          <gpxtpx:TrackPointExtension>
            <gpxtpx:hr>121</gpxtpx:hr>
          </gpxtpx:TrackPointExtension>
        </extensions>
      </trkpt>
      <trkpt lat="32.761614" lon="-16.803566">
        <ele>301.0</ele>
        <time>2022-03-06T10:01:40.223Z</time>
        <sat>10</sat>
      </trkpt>
      <trkpt lat="32.761630" lon="-16.803451">
        <ele>301.3</ele>
        <time>2022-03-06T10:01:49.958Z</time>
        <sat>9</sat>
      </trkpt>
      <trkpt lat="32.761747" lon="-16.803027">
        <ele>302.3</ele>
        <time>2022-03-06T10:02:27.242Z</time>
        <sat>9</sat>
      </trkpt>
      <trkpt lat="32.761810" lon="-16.802944">
        <ele>302.3</ele>
        <time>2022-03-06T10:02:36.577Z</time>
        <sat>9</sat>
      </trkpt>
      <trkpt lat="32.761860" lon="-16.802721">
        <ele>302.6</ele>
        <time>2022-03-06T10:02:55.847Z</time>
        <sat>10</sat>
      </trkpt>
      <trkpt lat="32.761843" lon="-16.802610">
        <ele>303.6</ele>
        <time>2022-03-06T10:03:05.307Z</time>
        <sat>10</sat>
      </trkpt>
      <trkpt lat="32.761792" lon="-16.802501">
        <ele>304.0</ele>
        <time>2022-03-06T10:03:15.723Z</time>
        <sat>10</sat>
      </trkpt>
      <trkpt lat="32.761720" lon="-16.802414">
        <ele>304.1</ele>
        <time>2022-03-06T10:03:25.923Z</time>
        <sat>9</sat>
      </trkpt>
      <trkpt lat="32.761542" lon="-16.802125">
        <ele>304.9</ele>
        <time>2022-03-06T10:03:55.847Z</time>
        <sat>10</sat>
      </trkpt>
      <trkpt lat="32.761371" lon="-16.802008">
        <ele>305.3</ele>
        <time>2022-03-06T10:04:15.439Z</time>
        <sat>10</sat>
      </trkpt>
      <trkpt lat="32.761238" lon="-16.801831">
        <ele>305.6</ele>
        <time>2022-03-06T10:04:35.257Z</time>
        <sat>10</sat>
      </trkpt>
      <trkpt lat="32.761158" lon="-16.801761">
        <ele>306.3</ele>
        <time>2022-03-06T10:04:45.139Z</time>
        <sat>10</sat>
      </trkpt>
      <trkpt lat="32.761066" lon="-16.801739">
        <ele>306.7</ele>
        <time>2022-03-06T10:04:54.466Z</time>
        <sat>10</sat>
      </trkpt>
      <trkpt lat="32.760985" lon="-16.801653">
        <ele>306.8</ele>
        <time>2022-03-06T10:05:05.248Z</time>
        <sat>10</sat>
      </trkpt>
      <trkpt lat="32.760928" lon="-16.801446">
        <ele>306.7</ele>
        <time>2022-03-06T10:05:23.438Z</time>
        <sat>9</sat>
      </trkpt>
      <trkpt lat="32.760952" lon="-16.801390">
        <ele>306.7</ele>
        <time>2022-03-06T10:05:28.684Z</time>
        <sat>9</sat>
      </trkpt>
      <trkpt lat="32.760936" lon="-16.801404">
        <ele>304.7</ele>
        <time>2022-03-06T10:05:31.354Z</time>
        <sat>9</sat>
      </trkpt>
      <trkpt lat="32.760882" lon="-16.801298">
        <ele>304.7</ele>
        <time>2022-03-06T10:05:41.709Z</time>
        <sat>9</sat>
      </trkpt>
      <trkpt lat="32.760787" lon="-16.800959">
        <ele>305.1</ele>
        <time>2022-03-06T10:06:11.543Z</time>
        <sat>10</sat>
      </trkpt>
      <trkpt lat="32.760608" lon="-16.800614">
        <ele>304.5</ele>
        <time>2022-03-06T10:06:45.400Z</time>
        <sat>9</sat>
      </trkpt>
      <trkpt lat="32.760546" lon="-16.800535">
        <ele>305.2</ele>
        <time>2022-03-06T10:06:54.443Z</time>
        <sat>9</sat>
      </trkpt>
      <trkpt lat="32.760442" lon="-16.800477">
        <ele>305.4</ele>
        <time>2022-03-06T10:07:05.844Z</time>
        <sat>9</sat>
      </trkpt>
      <trkpt lat="32.760250" lon="-16.800429">
        <ele>305.6</ele>
        <time>2022-03-06T10:07:25.336Z</time>
        <sat>9</sat>
      </trkpt>
      <trkpt lat="32.760080" lon="-16.800174">
        <ele>305.4</ele>
        <time>2022-03-06T10:07:52.507Z</time>
        <sat>9</sat>
      </trkpt>
      <trkpt lat="32.760033" lon="-16.800081">
        <ele>305.4</ele>
        <time>2022-03-06T10:08:01.567Z</time>
        <sat>9</sat>
      </trkpt>
      <trkpt lat="32.759965" lon="-16.800009">
        <ele>305.9</ele>
        <time>2022-03-06T10:08:10.628Z</time>
        <sat>9</sat>
      </trkpt>
      <trkpt lat="32.759917" lon="-16.799903">
        <ele>306.1</ele>
        <time>2022-03-06T10:08:20.677Z</time>
        <sat>9</sat>
      </trkpt>
      <trkpt lat="32.759906" lon="-16.799790">
        <ele>306.1</ele>
        <time>2022-03-06T10:08:30.176Z</time>
        <sat>9</sat>
      </trkpt>
      <trkpt lat="32.759817" lon="-16.799738">
        <ele>309.1</ele>
        <time>2022-03-06T10:08:40.380Z</time>
        <sat>9</sat>
      </trkpt>
      <trkpt lat="32.759764" lon="-16.799630">
        <ele>310.9</ele>
        <time>2022-03-06T10:08:50.951Z</time>
        <sat>9</sat>
      </trkpt>
      <trkpt lat="32.759728" lon="-16.799514">
        <ele>312.2</ele>
        <time>2022-03-06T10:09:01.343Z</time>
        <sat>9</sat>
      </trkpt>
      <trkpt lat="32.759625" lon="-16.799307">
        <ele>313.1</ele>
        <time>2022-03-06T10:09:21.430Z</time>
        <sat>10</sat>
      </trkpt>
      <trkpt lat="32.759552" lon="-16.799233">
        <ele>313.5</ele>
        <time>2022-03-06T10:09:30.961Z</time>
        <sat>9</sat>
      </trkpt>
      <trkpt lat="32.759457" lon="-16.799193">
        <ele>313.6</ele>
        <time>2022-03-06T10:09:40.972Z</time>
        <sat>9</sat>
      </trkpt>
      <trkpt lat="32.759295" lon="-16.799068">
        <ele>314.4</ele>
        <time>2022-03-06T10:10:00.172Z</time>
        <sat>10</sat>
      </trkpt>
      <trkpt lat="32.759319" lon="-16.798951">
        <ele>315.4</ele>
        <time>2022-03-06T10:10:10.272Z</time>
        <sat>8</sat>
      </trkpt>
      <trkpt lat="32.759321" lon="-16.798719">
        <ele>316.1</ele>
        <time>2022-03-06T10:10:29.656Z</time>
        <sat>9</sat>
      </trkpt>
      <trkpt lat="32.759287" lon="-16.798601">
        <ele>316.6</ele>
        <time>2022-03-06T10:10:40.083Z</time>
        <sat>9</sat>
      </trkpt>
      <trkpt lat="32.759077" lon="-16.798354">
        <ele>316.6</ele>
        <time>2022-03-06T10:11:09.413Z</time>
        <sat>10</sat>
      </trkpt>
      <trkpt lat="32.759112" lon="-16.798251">
        <ele>316.6</ele>
        <time>2022-03-06T10:11:18.697Z</time>
        <sat>9</sat>
      </trkpt>
      <trkpt lat="32.759293" lon="-16.798195">
        <ele>316.9</ele>
        <time>2022-03-06T10:11:37.276Z</time>
        <sat>9</sat>
      </trkpt>
      <trkpt lat="32.759382" lon="-16.797997">
        <ele>317.0</ele>
        <time>2022-03-06T10:11:56.014Z</time>
        <sat>9</sat>
      </trkpt>
      <trkpt lat="32.759575" lon="-16.797963">
        <ele>317.4</ele>
        <time>2022-03-06T10:12:15.404Z</time>
        <sat>9</sat>
      </trkpt>
      <trkpt lat="32.759633" lon="-16.797875">
        <ele>317.4</ele>
        <time>2022-03-06T10:12:24.740Z</time>
        <sat>9</sat>
      </trkpt>
      <trkpt lat="32.759647" lon="-16.797756">
        <ele>317.6</ele>
        <time>2022-03-06T10:12:34.763Z</time>
        <sat>9</sat>
      </trkpt>
      <trkpt lat="32.759680" lon="-16.797639">
        <ele>318.0</ele>
        <time>2022-03-06T10:12:45.075Z</time>
        <sat>9</sat>
      </trkpt>
      <trkpt lat="32.759766" lon="-16.797570">
        <ele>318.7</ele>
        <time>2022-03-06T10:12:55.396Z</time>
        <sat>9</sat>
      </trkpt>
      <trkpt lat="32.759838" lon="-16.797486">
        <ele>319.2</ele>
        <time>2022-03-06T10:13:05.427Z</time>
        <sat>9</sat>
      </trkpt>
      <trkpt lat="32.759869" lon="-16.797383">
        <ele>319.3</ele>
        <time>2022-03-06T10:13:14.557Z</time>
        <sat>9</sat>
      </trkpt>
      <trkpt lat="32.760070" lon="-16.797147">
        <ele>318.5</ele>
        <time>2022-03-06T10:13:42.616Z</time>
        <sat>9</sat>
      </trkpt>
      <trkpt lat="32.760125" lon="-16.797044">
        <ele>318.1</ele>
        <time>2022-03-06T10:13:52.816Z</time>
        <sat>9</sat>
      </trkpt>
      <trkpt lat="32.760275" lon="-16.796877">
        <ele>318.0</ele>
        <time>2022-03-06T10:14:13.208Z</time>
        <sat>9</sat>
      </trkpt>
      <trkpt lat="32.760240" lon="-16.796776">
        <ele>318.0</ele>
        <time>2022-03-06T10:14:22.318Z</time>
        <sat>9</sat>
      </trkpt>
      <trkpt lat="32.760155" lon="-16.796704">
        <ele>318.5</ele>
        <time>2022-03-06T10:14:32.694Z</time>
        <sat>9</sat>
      </trkpt>
      <trkpt lat="32.760017" lon="-16.796553">
        <ele>318.7</ele>
        <time>2022-03-06T10:14:51.327Z</time>
        <sat>9</sat>
      </trkpt>
      <trkpt lat="32.759913" lon="-16.796524">
        <ele>318.7</ele>
        <time>2022-03-06T10:15:01.929Z</time>
        <sat>8</sat>
      </trkpt>
      <trkpt lat="32.759832" lon="-16.796467">
        <ele>318.7</ele>
        <time>2022-03-06T10:15:11.272Z</time>
        <sat>8</sat>
      </trkpt>
      <trkpt lat="32.759739" lon="-16.796459">
        <ele>317.0</ele>
        <time>2022-03-06T10:15:20.656Z</time>
        <sat>8</sat>
      </trkpt>
      <trkpt lat="32.759771" lon="-16.796350">
        <ele>316.1</ele>
        <time>2022-03-06T10:15:30.340Z</time>
        <sat>9</sat>
      </trkpt>
      <trkpt lat="32.760022" lon="-16.796191">
        <ele>318.8</ele>
        <time>2022-03-06T10:15:58.674Z</time>
        <sat>8</sat>
      </trkpt>
      <trkpt lat="32.760132" lon="-16.796161">
        <ele>319.1</ele>
        <time>2022-03-06T10:16:09.880Z</time>
        <sat>8</sat>
      </trkpt>
      <trkpt lat="32.760220" lon="-16.796117">
        <ele>319.4</ele>
        <time>2022-03-06T10:16:19.361Z</time>
        <sat>8</sat>
      </trkpt>
      <trkpt lat="32.760325" lon="-16.796105">
        <ele>319.4</ele>
        <time>2022-03-06T10:16:29.847Z</time>
        <sat>8</sat>
      </trkpt>
      <trkpt lat="32.760400" lon="-16.796039">
        <ele>319.7</ele>
        <time>2022-03-06T10:16:39.111Z</time>
        <sat>8</sat>
      </trkpt>
      <trkpt lat="32.760426" lon="-16.795927">
        <ele>319.9</ele>
        <time>2022-03-06T10:16:48.812Z</time>
        <sat>8</sat>
      </trkpt>
      <trkpt lat="32.760480" lon="-16.795840">
        <ele>319.9</ele>
        <time>2022-03-06T10:16:57.840Z</time>
        <sat>8</sat>
      </trkpt>
      <trkpt lat="32.760571" lon="-16.795805">
        <ele>319.8</ele>
        <time>2022-03-06T10:17:07.342Z</time>
        <sat>9</sat>
      </trkpt>
      <trkpt lat="32.760665" lon="-16.795800">
        <ele>320.5</ele>
        <time>2022-03-06T10:17:16.708Z</time>
        <sat>8</sat>
      </trkpt>
      <trkpt lat="32.760750" lon="-16.795852">
        <ele>320.9</ele>
        <time>2022-03-06T10:17:26.204Z</time>
        <sat>8</sat>
      </trkpt>
      <trkpt lat="32.760921" lon="-16.795736">
        <ele>321.2</ele>
        <time>2022-03-06T10:17:45.755Z</time>
        <sat>9</sat>
      </trkpt>
      <trkpt lat="32.761058" lon="-16.795565">
        <ele>321.2</ele>
        <time>2022-03-06T10:18:05.473Z</time>
        <sat>9</sat>
      </trkpt>
      <trkpt lat="32.761151" lon="-16.795518">
        <ele>321.4</ele>
        <time>2022-03-06T10:18:15.515Z</time>
        <sat>9</sat>
      </trkpt>
      <trkpt lat="32.761342" lon="-16.795484">
        <ele>322.0</ele>
        <time>2022-03-06T10:18:34.692Z</time>
        <sat>9</sat>
      </trkpt>
      <trkpt lat="32.761425" lon="-16.795422">
        <ele>322.0</ele>
        <time>2022-03-06T10:18:44.423Z</time>
        <sat>9</sat>
      </trkpt>
      <trkpt lat="32.761451" lon="-16.795316">
        <ele>321.5</ele>
        <time>2022-03-06T10:18:53.667Z</time>
        <sat>9</sat>
      </trkpt>
      <trkpt lat="32.761473" lon="-16.794841">
        <ele>320.1</ele>
        <time>2022-03-06T10:19:33.403Z</time>
        <sat>9</sat>
      </trkpt>
      <trkpt lat="32.761433" lon="-16.794743">
        <ele>320.1</ele>
        <time>2022-03-06T10:19:42.507Z</time>
        <sat>9</sat>
      </trkpt>
      <trkpt lat="32.761275" lon="-16.794587">
        <ele>320.1</ele>
        <time>2022-03-06T10:20:02.888Z</time>
        <sat>9</sat>
      </trkpt>
      <trkpt lat="32.761237" lon="-16.794478">
        <ele>320.2</ele>
        <time>2022-03-06T10:20:12.739Z</time>
        <sat>9</sat>
      </trkpt>
      <trkpt lat="32.761218" lon="-16.794255">
        <ele>320.6</ele>
        <time>2022-03-06T10:20:31.468Z</time>
        <sat>9</sat>
      </trkpt>
      <trkpt lat="32.761190" lon="-16.794138">
        <ele>321.0</ele>
        <time>2022-03-06T10:20:41.632Z</time>
        <sat>9</sat>
      </trkpt>
      <trkpt lat="32.761196" lon="-16.794026">
        <ele>321.1</ele>
        <time>2022-03-06T10:20:51.000Z</time>
        <sat>9</sat>
      </trkpt>
      <trkpt lat="32.761177" lon="-16.793904">
        <ele>321.1</ele>
        <time>2022-03-06T10:21:01.350Z</time>
        <sat>9</sat>
      </trkpt>
      <trkpt lat="32.761063" lon="-16.793467">
        <ele>321.0</ele>
        <time>2022-03-06T10:21:39.556Z</time>
        <sat>9</sat>
      </trkpt>
      <trkpt lat="32.760906" lon="-16.793163">
        <ele>320.8</ele>
        <time>2022-03-06T10:22:09.359Z</time>
        <sat>10</sat>
      </trkpt>
      <trkpt lat="32.760780" lon="-16.792967">
        <ele>315.7</ele>
        <time>2022-03-06T10:22:30.448Z</time>
        <sat>8</sat>
      </trkpt>
      <trkpt lat="32.760959" lon="-16.792897">
        <ele>316.7</ele>
        <time>2022-03-06T10:22:49.181Z</time>
        <sat>8</sat>
      </trkpt>
      <trkpt lat="32.761033" lon="-16.792834">
        <ele>317.5</ele>
        <time>2022-03-06T10:22:58.243Z</time>
        <sat>8</sat>
      </trkpt>
      <trkpt lat="32.761124" lon="-16.792628">
        <ele>320.0</ele>
        <time>2022-03-06T10:23:17.804Z</time>
        <sat>8</sat>
      </trkpt>
      <trkpt lat="32.761053" lon="-16.792557">
        <ele>321.4</ele>
        <time>2022-03-06T10:23:27.110Z</time>
        <sat>8</sat>
      </trkpt>
      <trkpt lat="32.761036" lon="-16.792449">
        <ele>321.6</ele>
        <time>2022-03-06T10:23:36.282Z</time>
        <sat>8</sat>
      </trkpt>
      <trkpt lat="32.761230" lon="-16.792409">
        <ele>321.7</ele>
        <time>2022-03-06T10:23:55.830Z</time>
        <sat>8</sat>
      </trkpt>
      <trkpt lat="32.761290" lon="-16.792306">
        <ele>321.8</ele>
        <time>2022-03-06T10:24:06.289Z</time>
        <sat>8</sat>
      </trkpt>
      <trkpt lat="32.761337" lon="-16.792086">
        <ele>321.9</ele>
        <time>2022-03-06T10:24:25.236Z</time>
        <sat>8</sat>
      </trkpt>
      <trkpt lat="32.761322" lon="-16.791975">
        <ele>321.9</ele>
        <time>2022-03-06T10:24:34.622Z</time>
        <sat>8</sat>
      </trkpt>
      <trkpt lat="32.761349" lon="-16.791864">
        <ele>321.9</ele>
        <time>2022-03-06T10:24:44.282Z</time>
        <sat>8</sat>
      </trkpt>
      <trkpt lat="32.761521" lon="-16.791751">
        <ele>322.5</ele>
        <time>2022-03-06T10:25:03.801Z</time>
        <sat>8</sat>
      </trkpt>
      <trkpt lat="32.761560" lon="-16.791644">
        <ele>323.9</ele>
        <time>2022-03-06T10:25:13.618Z</time>
        <sat>8</sat>
      </trkpt>
      <trkpt lat="32.761625" lon="-16.791567">
        <ele>327.2</ele>
        <time>2022-03-06T10:25:23.181Z</time>
        <sat>8</sat>
      </trkpt>
      <trkpt lat="32.761731" lon="-16.791552">
        <ele>325.2</ele>
        <time>2022-03-06T10:25:33.943Z</time>
        <sat>9</sat>
      </trkpt>
      <trkpt lat="32.761899" lon="-16.791428">
        <ele>324.0</ele>
        <time>2022-03-06T10:25:53.598Z</time>
        <sat>9</sat>
      </trkpt>
      <trkpt lat="32.762003" lon="-16.791396">
        <ele>323.7</ele>
        <time>2022-03-06T10:26:04.263Z</time>
        <sat>9</sat>
      </trkpt>
      <trkpt lat="32.762094" lon="-16.791400">
        <ele>323.6</ele>
        <time>2022-03-06T10:26:13.309Z</time>
        <sat>9</sat>
      </trkpt>
      <trkpt lat="32.762185" lon="-16.791371">
        <ele>323.5</ele>
        <time>2022-03-06T10:26:22.666Z</time>
        <sat>9</sat>
      </trkpt>
      <trkpt lat="32.762432" lon="-16.791152">
        <ele>323.5</ele>
        <time>2022-03-06T10:26:53.257Z</time>
        <sat>9</sat>
      </trkpt>
      <trkpt lat="32.762516" lon="-16.791102">
        <ele>323.4</ele>
        <time>2022-03-06T10:27:02.582Z</time>
        <sat>9</sat>
      </trkpt>
      <trkpt lat="32.762655" lon="-16.790941">
        <ele>322.8</ele>
        <time>2022-03-06T10:27:21.864Z</time>
        <sat>9</sat>
      </trkpt>
      <trkpt lat="32.762924" lon="-16.790837">
        <ele>322.7</ele>
        <time>2022-03-06T10:27:49.944Z</time>
        <sat>9</sat>
      </trkpt>
      <trkpt lat="32.763129" lon="-16.790819">
        <ele>322.5</ele>
        <time>2022-03-06T10:28:10.357Z</time>
        <sat>10</sat>
      </trkpt>
      <trkpt lat="32.763230" lon="-16.790764">
        <ele>323.0</ele>
        <time>2022-03-06T10:28:21.405Z</time>
        <sat>10</sat>
      </trkpt>
      <trkpt lat="32.763374" lon="-16.790616">
        <ele>323.3</ele>
        <time>2022-03-06T10:28:40.306Z</time>
        <sat>10</sat>
      </trkpt>
      <trkpt lat="32.763435" lon="-16.790522">
        <ele>323.3</ele>
        <time>2022-03-06T10:28:50.226Z</time>
        <sat>10</sat>
      </trkpt>
      <trkpt lat="32.763478" lon="-16.790181">
        <ele>325.3</ele>
        <time>2022-03-06T10:29:19.069Z</time>
        <sat>9</sat>
      </trkpt>
      <trkpt lat="32.763464" lon="-16.790070">
        <ele>327.9</ele>
        <time>2022-03-06T10:29:28.722Z</time>
        <sat>10</sat>
      </trkpt>
      <trkpt lat="32.763460" lon="-16.789734">
        <ele>330.6</ele>
        <time>2022-03-06T10:29:56.894Z</time>
        <sat>11</sat>
      </trkpt>
      <trkpt lat="32.763428" lon="-16.789633">
        <ele>330.8</ele>
        <time>2022-03-06T10:30:05.901Z</time>
        <sat>11</sat>
      </trkpt>
      <trkpt lat="32.763354" lon="-16.789559">
        <ele>331.6</ele>
        <time>2022-03-06T10:30:15.531Z</time>
        <sat>11</sat>
      </trkpt>
      <trkpt lat="32.763300" lon="-16.789456">
        <ele>331.6</ele>
        <time>2022-03-06T10:30:25.673Z</time>
        <sat>11</sat>
      </trkpt>
      <trkpt lat="32.763276" lon="-16.789341">
        <ele>331.0</ele>
        <time>2022-03-06T10:30:35.580Z</time>
        <sat>11</sat>
      </trkpt>
      <trkpt lat="32.763228" lon="-16.789251">
        <ele>330.3</ele>
        <time>2022-03-06T10:30:44.499Z</time>
        <sat>11</sat>
      </trkpt>
      <trkpt lat="32.763194" lon="-16.789143">
        <ele>329.9</ele>
        <time>2022-03-06T10:30:54.132Z</time>
        <sat>11</sat>
      </trkpt>
      <trkpt lat="32.763132" lon="-16.789046">
        <ele>329.9</ele>
        <time>2022-03-06T10:31:04.311Z</time>
        <sat>11</sat>
      </trkpt>
      <trkpt lat="32.763043" lon="-16.788978">
        <ele>329.8</ele>
        <time>2022-03-06T10:31:14.812Z</time>
        <sat>11</sat>
      </trkpt>
      <trkpt lat="32.762860" lon="-16.788940">
        <ele>328.3</ele>
        <time>2022-03-06T10:31:33.298Z</time>
        <sat>9</sat>
      </trkpt>
      <trkpt lat="32.762675" lon="-16.789211">
        <ele>327.2</ele>
        <time>2022-03-06T10:32:02.470Z</time>
        <sat>9</sat>
      </trkpt>
      <trkpt lat="32.762503" lon="-16.789290">
        <ele>326.8</ele>
        <time>2022-03-06T10:32:20.781Z</time>
        <sat>10</sat>
      </trkpt>
      <trkpt lat="32.762407" lon="-16.789267">
        <ele>325.5</ele>
        <time>2022-03-06T10:32:30.579Z</time>
        <sat>11</sat>
      </trkpt>
      <trkpt lat="32.762317" lon="-16.789314">
        <ele>325.1</ele>
        <time>2022-03-06T10:32:40.346Z</time>
        <sat>9</sat>
      </trkpt>
      <trkpt lat="32.762217" lon="-16.789327">
        <ele>324.8</ele>
        <time>2022-03-06T10:32:50.331Z</time>
        <sat>9</sat>
      </trkpt>
      <trkpt lat="32.762125" lon="-16.789300">
        <ele>324.6</ele>
        <time>2022-03-06T10:32:59.743Z</time>
        <sat>9</sat>
      </trkpt>
      <trkpt lat="32.762042" lon="-16.789240">
        <ele>324.6</ele>
        <time>2022-03-06T10:33:09.387Z</time>
        <sat>9</sat>
      </trkpt>
      <trkpt lat="32.761887" lon="-16.789386">
        <ele>323.8</ele>
        <time>2022-03-06T10:33:29.041Z</time>
        <sat>9</sat>
      </trkpt>
      <trkpt lat="32.761841" lon="-16.789478">
        <ele>323.8</ele>
        <time>2022-03-06T10:33:37.965Z</time>
        <sat>9</sat>
      </trkpt>
      <trkpt lat="32.761827" lon="-16.789591">
        <ele>323.6</ele>
        <time>2022-03-06T10:33:47.504Z</time>
        <sat>9</sat>
      </trkpt>
      <trkpt lat="32.761751" lon="-16.789661">
        <ele>323.3</ele>
        <time>2022-03-06T10:33:57.049Z</time>
        <sat>9</sat>
      </trkpt>
      <trkpt lat="32.761559" lon="-16.789560">
        <ele>322.8</ele>
        <time>2022-03-06T10:34:17.895Z</time>
        <sat>9</sat>
      </trkpt>
      <trkpt lat="32.761440" lon="-16.789561">
        <ele>321.0</ele>
        <time>2022-03-06T10:34:29.822Z</time>
        <sat>8</sat>
      </trkpt>
      <trkpt lat="32.761234" lon="-16.789476">
        <ele>323.0</ele>
        <time>2022-03-06T10:34:51.555Z</time>
        <sat>8</sat>
      </trkpt>
      <trkpt lat="32.761020" lon="-16.789311">
        <ele>324.0</ele>
        <time>2022-03-06T10:35:16.886Z</time>
        <sat>8</sat>
      </trkpt>
      <trkpt lat="32.760962" lon="-16.789228">
        <ele>324.0</ele>
        <time>2022-03-06T10:35:25.896Z</time>
        <sat>8</sat>
      </trkpt>
      <trkpt lat="32.760863" lon="-16.789151">
        <ele>325.0</ele>
        <time>2022-03-06T10:35:37.680Z</time>
        <sat>9</sat>
      </trkpt>
      <trkpt lat="32.760740" lon="-16.789100">
        <ele>325.0</ele>
        <time>2022-03-06T10:35:50.618Z</time>
        <sat>8</sat>
      </trkpt>
      <trkpt lat="32.760663" lon="-16.789007">
        <ele>326.0</ele>
        <time>2022-03-06T10:36:01.552Z</time>
        <sat>7</sat>
      </trkpt>
      <trkpt lat="32.760625" lon="-16.788896">
        <ele>327.1</ele>
        <time>2022-03-06T10:36:11.607Z</time>
        <sat>9</sat>
      </trkpt>
      <trkpt lat="32.760526" lon="-16.788889">
        <ele>326.8</ele>
        <time>2022-03-06T10:36:21.451Z</time>
        <sat>9</sat>
      </trkpt>
      <trkpt lat="32.760466" lon="-16.788970">
        <ele>328.0</ele>
        <time>2022-03-06T10:36:30.527Z</time>
        <sat>9</sat>
      </trkpt>
      <trkpt lat="32.760294" lon="-16.789116">
        <ele>327.0</ele>
        <time>2022-03-06T10:36:51.528Z</time>
        <sat>9</sat>
      </trkpt>
      <trkpt lat="32.760209" lon="-16.789159">
        <ele>327.2</ele>
        <time>2022-03-06T10:37:00.699Z</time>
        <sat>9</sat>
      </trkpt>
      <trkpt lat="32.760110" lon="-16.789111">
        <ele>327.0</ele>
        <time>2022-03-06T10:37:11.321Z</time>
        <sat>9</sat>
      </trkpt>
      <trkpt lat="32.760051" lon="-16.788973">
        <ele>325.0</ele>
        <time>2022-03-06T10:37:24.368Z</time>
        <sat>8</sat>
      </trkpt>
      <trkpt lat="32.760056" lon="-16.788811">
        <ele>324.0</ele>
        <time>2022-03-06T10:37:37.930Z</time>
        <sat>8</sat>
      </trkpt>
      <trkpt lat="32.760029" lon="-16.788634">
        <ele>323.0</ele>
        <time>2022-03-06T10:37:52.979Z</time>
        <sat>8</sat>
      </trkpt>
      <trkpt lat="32.759903" lon="-16.788463">
        <ele>322.9</ele>
        <time>2022-03-06T10:38:11.968Z</time>
        <sat>9</sat>
      </trkpt>
      <trkpt lat="32.759806" lon="-16.788457">
        <ele>322.9</ele>
        <time>2022-03-06T10:38:21.603Z</time>
        <sat>9</sat>
      </trkpt>
      <trkpt lat="32.759733" lon="-16.788542">
        <ele>324.3</ele>
        <time>2022-03-06T10:38:31.830Z</time>
        <sat>9</sat>
      </trkpt>
      <trkpt lat="32.759651" lon="-16.788599">
        <ele>325.6</ele>
        <time>2022-03-06T10:38:41.331Z</time>
        <sat>10</sat>
      </trkpt>
      <trkpt lat="32.759520" lon="-16.788568">
        <ele>325.0</ele>
        <time>2022-03-06T10:38:54.597Z</time>
        <sat>8</sat>
      </trkpt>
      <trkpt lat="32.759450" lon="-16.788495">
        <ele>325.0</ele>
        <time>2022-03-06T10:39:03.844Z</time>
        <sat>8</sat>
      </trkpt>
      <trkpt lat="32.759425" lon="-16.788374">
        <ele>325.0</ele>
        <time>2022-03-06T10:39:14.251Z</time>
        <sat>9</sat>
      </trkpt>
      <trkpt lat="32.759447" lon="-16.788267">
        <ele>325.0</ele>
        <time>2022-03-06T10:39:23.444Z</time>
        <sat>8</sat>
      </trkpt>
      <trkpt lat="32.759437" lon="-16.788150">
        <ele>325.0</ele>
        <time>2022-03-06T10:39:33.263Z</time>
        <sat>9</sat>
      </trkpt>
      <trkpt lat="32.759319" lon="-16.787915">
        <ele>323.0</ele>
        <time>2022-03-06T10:39:56.192Z</time>
        <sat>7</sat>
      </trkpt>
      <trkpt lat="32.759250" lon="-16.787833">
        <ele>323.5</ele>
        <time>2022-03-06T10:40:05.892Z</time>
        <sat>9</sat>
      </trkpt>
      <trkpt lat="32.759170" lon="-16.787885">
        <ele>323.3</ele>
        <time>2022-03-06T10:40:14.942Z</time>
        <sat>9</sat>
      </trkpt>
      <trkpt lat="32.759081" lon="-16.787850">
        <ele>323.0</ele>
        <time>2022-03-06T10:40:24.256Z</time>
        <sat>8</sat>
      </trkpt>
      <trkpt lat="32.759011" lon="-16.787776">
        <ele>323.3</ele>
        <time>2022-03-06T10:40:33.562Z</time>
        <sat>9</sat>
      </trkpt>
      <trkpt lat="32.758916" lon="-16.787730">
        <ele>324.2</ele>
        <time>2022-03-06T10:40:43.771Z</time>
        <sat>8</sat>
      </trkpt>
      <trkpt lat="32.758803" lon="-16.787444">
        <ele>323.8</ele>
        <time>2022-03-06T10:41:10.159Z</time>
        <sat>10</sat>
      </trkpt>
      <trkpt lat="32.758715" lon="-16.787390">
        <ele>323.7</ele>
        <time>2022-03-06T10:41:19.993Z</time>
        <sat>10</sat>
      </trkpt>
      <trkpt lat="32.758530" lon="-16.787313">
        <ele>324.4</ele>
        <time>2022-03-06T10:41:39.472Z</time>
        <sat>9</sat>
      </trkpt>
      <trkpt lat="32.758506" lon="-16.787195">
        <ele>324.9</ele>
        <time>2022-03-06T10:41:49.618Z</time>
        <sat>9</sat>
      </trkpt>
      <trkpt lat="32.758461" lon="-16.787096">
        <ele>325.5</ele>
        <time>2022-03-06T10:41:59.041Z</time>
        <sat>9</sat>
      </trkpt>
      <trkpt lat="32.758371" lon="-16.787083">
        <ele>325.5</ele>
        <time>2022-03-06T10:42:08.029Z</time>
        <sat>9</sat>
      </trkpt>
      <trkpt lat="32.758285" lon="-16.787118">
        <ele>327.1</ele>
        <time>2022-03-06T10:42:17.163Z</time>
        <sat>9</sat>
      </trkpt>
      <trkpt lat="32.758254" lon="-16.787011">
        <ele>327.7</ele>
        <time>2022-03-06T10:42:26.625Z</time>
        <sat>10</sat>
      </trkpt>
      <trkpt lat="32.758199" lon="-16.786911">
        <ele>326.3</ele>
        <time>2022-03-06T10:42:36.674Z</time>
        <sat>10</sat>
      </trkpt>
      <trkpt lat="32.758107" lon="-16.786873">
        <ele>326.3</ele>
        <time>2022-03-06T10:42:46.348Z</time>
        <sat>9</sat>
      </trkpt>
      <trkpt lat="32.758051" lon="-16.786785">
        <ele>328.0</ele>
        <time>2022-03-06T10:42:55.687Z</time>
        <sat>9</sat>
      </trkpt>
      <trkpt lat="32.758043" lon="-16.786661">
        <ele>328.6</ele>
        <time>2022-03-06T10:43:06.092Z</time>
        <sat>9</sat>
      </trkpt>
      <trkpt lat="32.757995" lon="-16.786549">
        <ele>328.9</ele>
        <time>2022-03-06T10:43:16.587Z</time>
        <sat>9</sat>
      </trkpt>
      <trkpt lat="32.758033" lon="-16.786434">
        <ele>328.2</ele>
        <time>2022-03-06T10:43:26.920Z</time>
        <sat>10</sat>
      </trkpt>
      <trkpt lat="32.758036" lon="-16.786324">
        <ele>326.7</ele>
        <time>2022-03-06T10:43:36.206Z</time>
        <sat>10</sat>
      </trkpt>
      <trkpt lat="32.758069" lon="-16.786205">
        <ele>326.2</ele>
        <time>2022-03-06T10:43:46.681Z</time>
        <sat>10</sat>
      </trkpt>
      <trkpt lat="32.758056" lon="-16.786098">
        <ele>326.2</ele>
        <time>2022-03-06T10:43:55.705Z</time>
        <sat>10</sat>
      </trkpt>
      <trkpt lat="32.758096" lon="-16.785873">
        <ele>329.0</ele>
        <time>2022-03-06T10:44:15.067Z</time>
        <sat>9</sat>
      </trkpt>
      <trkpt lat="32.758075" lon="-16.785760">
        <ele>329.5</ele>
        <time>2022-03-06T10:44:24.739Z</time>
        <sat>10</sat>
      </trkpt>
      <trkpt lat="32.757877" lon="-16.785736">
        <ele>329.4</ele>
        <time>2022-03-06T10:44:44.500Z</time>
        <sat>10</sat>
      </trkpt>
      <trkpt lat="32.757848" lon="-16.785627">
        <ele>329.2</ele>
        <time>2022-03-06T10:44:54.046Z</time>
        <sat>10</sat>
      </trkpt>
      <trkpt lat="32.757854" lon="-16.785274">
        <ele>329.0</ele>
        <time>2022-03-06T10:45:23.520Z</time>
        <sat>10</sat>
      </trkpt>
      <trkpt lat="32.757844" lon="-16.785167">
        <ele>328.9</ele>
        <time>2022-03-06T10:45:32.520Z</time>
        <sat>10</sat>
      </trkpt>
      <trkpt lat="32.757749" lon="-16.785136">
        <ele>328.8</ele>
        <time>2022-03-06T10:45:42.306Z</time>
        <sat>10</sat>
      </trkpt>
      <trkpt lat="32.757487" lon="-16.784977">
        <ele>328.3</ele>
        <time>2022-03-06T10:46:11.517Z</time>
        <sat>10</sat>
      </trkpt>
      <trkpt lat="32.757391" lon="-16.784939">
        <ele>328.4</ele>
        <time>2022-03-06T10:46:21.555Z</time>
        <sat>10</sat>
      </trkpt>
      <trkpt lat="32.757186" lon="-16.784726">
        <ele>329.2</ele>
        <time>2022-03-06T10:46:48.591Z</time>
        <sat>10</sat>
      </trkpt>
      <trkpt lat="32.757129" lon="-16.784644">
        <ele>329.2</ele>
        <time>2022-03-06T10:46:57.485Z</time>
        <sat>10</sat>
      </trkpt>
      <trkpt lat="32.757104" lon="-16.784529">
        <ele>329.2</ele>
        <time>2022-03-06T10:47:07.402Z</time>
        <sat>10</sat>
      </trkpt>
      <trkpt lat="32.757045" lon="-16.784437">
        <ele>329.2</ele>
        <time>2022-03-06T10:47:17.055Z</time>
        <sat>10</sat>
      </trkpt>
      <trkpt lat="32.756970" lon="-16.784358">
        <ele>330.2</ele>
        <time>2022-03-06T10:47:27.059Z</time>
        <sat>10</sat>
      </trkpt>
      <trkpt lat="32.756876" lon="-16.784324">
        <ele>331.0</ele>
        <time>2022-03-06T10:47:36.826Z</time>
        <sat>10</sat>
      </trkpt>
      <trkpt lat="32.756852" lon="-16.784218">
        <ele>331.5</ele>
        <time>2022-03-06T10:47:46.014Z</time>
        <sat>10</sat>
      </trkpt>
      <trkpt lat="32.756881" lon="-16.783994">
        <ele>332.4</ele>
        <time>2022-03-06T10:48:04.955Z</time>
        <sat>11</sat>
      </trkpt>
      <trkpt lat="32.756766" lon="-16.783810">
        <ele>332.8</ele>
        <time>2022-03-06T10:48:24.107Z</time>
        <sat>9</sat>
      </trkpt>
      <trkpt lat="32.756733" lon="-16.783703">
        <ele>332.8</ele>
        <time>2022-03-06T10:48:33.616Z</time>
        <sat>10</sat>
      </trkpt>
      <trkpt lat="32.756604" lon="-16.783502">
        <ele>333.6</ele>
        <time>2022-03-06T10:48:54.747Z</time>
        <sat>10</sat>
      </trkpt>
      <trkpt lat="32.756520" lon="-16.783461">
        <ele>333.6</ele>
        <time>2022-03-06T10:49:03.759Z</time>
        <sat>10</sat>
      </trkpt>
      <trkpt lat="32.756445" lon="-16.783402">
        <ele>334.0</ele>
        <time>2022-03-06T10:49:12.689Z</time>
        <sat>10</sat>
      </trkpt>
      <trkpt lat="32.756518" lon="-16.783186">
        <ele>334.1</ele>
        <time>2022-03-06T10:49:32.132Z</time>
        <sat>10</sat>
      </trkpt>
      <trkpt lat="32.756510" lon="-16.783075">
        <ele>334.1</ele>
        <time>2022-03-06T10:49:41.436Z</time>
        <sat>10</sat>
      </trkpt>
      <trkpt lat="32.756487" lon="-16.782971">
        <ele>334.1</ele>
        <time>2022-03-06T10:49:50.409Z</time>
        <sat>10</sat>
      </trkpt>
      <trkpt lat="32.756432" lon="-16.782874">
        <ele>334.4</ele>
        <time>2022-03-06T10:50:00.187Z</time>
        <sat>10</sat>
      </trkpt>
      <trkpt lat="32.756184" lon="-16.782689">
        <ele>335.4</ele>
        <time>2022-03-06T10:50:29.270Z</time>
        <sat>8</sat>
      </trkpt>
      <trkpt lat="32.756070" lon="-16.782646">
        <ele>336.1</ele>
        <time>2022-03-06T10:50:41.159Z</time>
        <sat>10</sat>
      </trkpt>
      <trkpt lat="32.755789" lon="-16.782530">
        <ele>336.7</ele>
        <time>2022-03-06T10:51:10.713Z</time>
        <sat>9</sat>
      </trkpt>
      <trkpt lat="32.755641" lon="-16.782370">
        <ele>336.7</ele>
        <time>2022-03-06T10:51:30.559Z</time>
        <sat>9</sat>
      </trkpt>
      <trkpt lat="32.755521" lon="-16.782167">
        <ele>337.4</ele>
        <time>2022-03-06T10:51:51.292Z</time>
        <sat>10</sat>
      </trkpt>
      <trkpt lat="32.755442" lon="-16.782089">
        <ele>337.7</ele>
        <time>2022-03-06T10:52:01.508Z</time>
        <sat>11</sat>
      </trkpt>
      <trkpt lat="32.755402" lon="-16.781985">
        <ele>337.9</ele>
        <time>2022-03-06T10:52:11.050Z</time>
        <sat>10</sat>
      </trkpt>
      <trkpt lat="32.755378" lon="-16.781876">
        <ele>337.9</ele>
        <time>2022-03-06T10:52:20.455Z</time>
        <sat>10</sat>
      </trkpt>
      <trkpt lat="32.755249" lon="-16.781702">
        <ele>337.7</ele>
        <time>2022-03-06T10:52:39.833Z</time>
        <sat>10</sat>
      </trkpt>
      <trkpt lat="32.755227" lon="-16.781583">
        <ele>337.6</ele>
        <time>2022-03-06T10:52:50.007Z</time>
        <sat>9</sat>
      </trkpt>
      <trkpt lat="32.755263" lon="-16.781465">
        <ele>337.6</ele>
        <time>2022-03-06T10:53:00.493Z</time>
        <sat>9</sat>
      </trkpt>
      <trkpt lat="32.755443" lon="-16.781385">
        <ele>337.8</ele>
        <time>2022-03-06T10:53:19.562Z</time>
        <sat>10</sat>
      </trkpt>
      <trkpt lat="32.755491" lon="-16.781291">
        <ele>337.8</ele>
        <time>2022-03-06T10:53:28.754Z</time>
        <sat>10</sat>
      </trkpt>
      <trkpt lat="32.755480" lon="-16.781174">
        <ele>337.8</ele>
        <time>2022-03-06T10:53:38.587Z</time>
        <sat>9</sat>
      </trkpt>
      <trkpt lat="32.755589" lon="-16.780720">
        <ele>338.1</ele>
        <time>2022-03-06T10:54:18.011Z</time>
        <sat>10</sat>
      </trkpt>
      <trkpt lat="32.755546" lon="-16.780617">
        <ele>337.5</ele>
        <time>2022-03-06T10:54:27.632Z</time>
        <sat>10</sat>
      </trkpt>
      <trkpt lat="32.755470" lon="-16.780537">
        <ele>336.7</ele>
        <time>2022-03-06T10:54:37.743Z</time>
        <sat>10</sat>
      </trkpt>
      <trkpt lat="32.755471" lon="-16.780296">
        <ele>336.0</ele>
        <time>2022-03-06T10:54:57.868Z</time>
        <sat>10</sat>
      </trkpt>
      <trkpt lat="32.755433" lon="-16.780191">
        <ele>336.9</ele>
        <time>2022-03-06T10:55:07.453Z</time>
        <sat>10</sat>
      </trkpt>
      <trkpt lat="32.755352" lon="-16.780143">
        <ele>337.3</ele>
        <time>2022-03-06T10:55:16.441Z</time>
        <sat>10</sat>
      </trkpt>
      <trkpt lat="32.755248" lon="-16.780162">
        <ele>337.6</ele>
        <time>2022-03-06T10:55:26.902Z</time>
        <sat>10</sat>
      </trkpt>
      <trkpt lat="32.755060" lon="-16.780123">
        <ele>338.6</ele>
        <time>2022-03-06T10:55:45.865Z</time>
        <sat>9</sat>
      </trkpt>
      <trkpt lat="32.754899" lon="-16.779990">
        <ele>341.1</ele>
        <time>2022-03-06T10:56:05.472Z</time>
        <sat>10</sat>
      </trkpt>
      <trkpt lat="32.754849" lon="-16.779891">
        <ele>342.2</ele>
        <time>2022-03-06T10:56:15.156Z</time>
        <sat>10</sat>
      </trkpt>
      <trkpt lat="32.754786" lon="-16.779654">
        <ele>342.3</ele>
        <time>2022-03-06T10:56:35.917Z</time>
        <sat>9</sat>
      </trkpt>
      <trkpt lat="32.754824" lon="-16.779552">
        <ele>343.3</ele>
        <time>2022-03-06T10:56:45.271Z</time>
        <sat>10</sat>
      </trkpt>
      <trkpt lat="32.754845" lon="-16.779437">
        <ele>344.8</ele>
        <time>2022-03-06T10:56:55.188Z</time>
        <sat>10</sat>
      </trkpt>
      <trkpt lat="32.754901" lon="-16.779326">
        <ele>344.5</ele>
        <time>2022-03-06T10:57:06.012Z</time>
        <sat>9</sat>
      </trkpt>
      <trkpt lat="32.754975" lon="-16.779232">
        <ele>344.4</ele>
        <time>2022-03-06T10:57:16.763Z</time>
        <sat>9</sat>
      </trkpt>
      <trkpt lat="32.754963" lon="-16.779107">
        <ele>343.9</ele>
        <time>2022-03-06T10:57:27.284Z</time>
        <sat>10</sat>
      </trkpt>
      <trkpt lat="32.755005" lon="-16.779004">
        <ele>343.7</ele>
        <time>2022-03-06T10:57:36.844Z</time>
        <sat>9</sat>
      </trkpt>
      <trkpt lat="32.755067" lon="-16.778912">
        <ele>343.7</ele>
        <time>2022-03-06T10:57:46.681Z</time>
        <sat>10</sat>
      </trkpt>
      <trkpt lat="32.755059" lon="-16.778786">
        <ele>343.7</ele>
        <time>2022-03-06T10:57:57.236Z</time>
        <sat>10</sat>
      </trkpt>
      <trkpt lat="32.754919" lon="-16.778596">
        <ele>342.4</ele>
        <time>2022-03-06T10:58:18.360Z</time>
        <sat>10</sat>
      </trkpt>
      <trkpt lat="32.754961" lon="-16.778489">
        <ele>342.2</ele>
        <time>2022-03-06T10:58:28.228Z</time>
        <sat>10</sat>
      </trkpt>
      <trkpt lat="32.754962" lon="-16.778369">
        <ele>341.7</ele>
        <time>2022-03-06T10:58:38.248Z</time>
        <sat>9</sat>
      </trkpt>
      <trkpt lat="32.754991" lon="-16.778262">
        <ele>340.8</ele>
        <time>2022-03-06T10:58:47.680Z</time>
        <sat>9</sat>
      </trkpt>
      <trkpt lat="32.755001" lon="-16.778141">
        <ele>340.2</ele>
        <time>2022-03-06T10:58:57.837Z</time>
        <sat>9</sat>
      </trkpt>
      <trkpt lat="32.755078" lon="-16.777924">
        <ele>338.5</ele>
        <time>2022-03-06T10:59:17.569Z</time>
        <sat>9</sat>
      </trkpt>
      <trkpt lat="32.755018" lon="-16.777821">
        <ele>338.3</ele>
        <time>2022-03-06T10:59:28.028Z</time>
        <sat>10</sat>
      </trkpt>
      <trkpt lat="32.754924" lon="-16.777755">
        <ele>338.4</ele>
        <time>2022-03-06T10:59:38.875Z</time>
        <sat>9</sat>
      </trkpt>
      <trkpt lat="32.754851" lon="-16.777670">
        <ele>338.7</ele>
        <time>2022-03-06T10:59:49.018Z</time>
        <sat>8</sat>
      </trkpt>
      <trkpt lat="32.754837" lon="-16.777560">
        <ele>338.7</ele>
        <time>2022-03-06T10:59:58.306Z</time>
        <sat>9</sat>
      </trkpt>
      <trkpt lat="32.754887" lon="-16.777344">
        <ele>338.8</ele>
        <time>2022-03-06T11:00:17.025Z</time>
        <sat>9</sat>
      </trkpt>
      <trkpt lat="32.755082" lon="-16.777069">
        <ele>338.8</ele>
        <time>2022-03-06T11:00:47.056Z</time>
        <sat>10</sat>
      </trkpt>
      <trkpt lat="32.755114" lon="-16.776947">
        <ele>339.5</ele>
        <time>2022-03-06T11:00:57.750Z</time>
        <sat>9</sat>
      </trkpt>
      <trkpt lat="32.755180" lon="-16.776859">
        <ele>339.7</ele>
        <time>2022-03-06T11:01:07.603Z</time>
        <sat>9</sat>
      </trkpt>
      <trkpt lat="32.755348" lon="-16.776458">
        <ele>338.9</ele>
        <time>2022-03-06T11:01:45.020Z</time>
        <sat>9</sat>
      </trkpt>
      <trkpt lat="32.755405" lon="-16.776373">
        <ele>338.7</ele>
        <time>2022-03-06T11:01:54.098Z</time>
        <sat>9</sat>
      </trkpt>
      <trkpt lat="32.755475" lon="-16.776300">
        <ele>339.1</ele>
        <time>2022-03-06T11:02:03.339Z</time>
        <sat>9</sat>
      </trkpt>
      <trkpt lat="32.755492" lon="-16.776190">
        <ele>339.3</ele>
        <time>2022-03-06T11:02:12.694Z</time>
        <sat>10</sat>
      </trkpt>
      <trkpt lat="32.755414" lon="-16.775953">
        <ele>338.1</ele>
        <time>2022-03-06T11:02:33.969Z</time>
        <sat>10</sat>
      </trkpt>
      <trkpt lat="32.755426" lon="-16.775838">
        <ele>337.9</ele>
        <time>2022-03-06T11:02:43.646Z</time>
        <sat>9</sat>
      </trkpt>
      <trkpt lat="32.755476" lon="-16.775726">
        <ele>337.7</ele>
        <time>2022-03-06T11:02:54.235Z</time>
        <sat>9</sat>
      </trkpt>
      <trkpt lat="32.755638" lon="-16.775587">
        <ele>337.2</ele>
        <time>2022-03-06T11:03:14.092Z</time>
        <sat>9</sat>
      </trkpt>
      <trkpt lat="32.755671" lon="-16.775469">
        <ele>336.9</ele>
        <time>2022-03-06T11:03:24.476Z</time>
        <sat>10</sat>
      </trkpt>
      <trkpt lat="32.755681" lon="-16.775351">
        <ele>336.6</ele>
        <time>2022-03-06T11:03:34.373Z</time>
        <sat>10</sat>
      </trkpt>
      <trkpt lat="32.755665" lon="-16.775112">
        <ele>336.7</ele>
        <time>2022-03-06T11:03:54.396Z</time>
        <sat>10</sat>
      </trkpt>
      <trkpt lat="32.755664" lon="-16.774756">
        <ele>336.8</ele>
        <time>2022-03-06T11:04:24.132Z</time>
        <sat>11</sat>
      </trkpt>
      <trkpt lat="32.755654" lon="-16.774637">
        <ele>336.9</ele>
        <time>2022-03-06T11:04:34.123Z</time>
        <sat>10</sat>
      </trkpt>
      <trkpt lat="32.755685" lon="-16.774534">
        <ele>337.1</ele>
        <time>2022-03-06T11:04:43.254Z</time>
        <sat>9</sat>
      </trkpt>
      <trkpt lat="32.755732" lon="-16.774439">
        <ele>337.5</ele>
        <time>2022-03-06T11:04:52.465Z</time>
        <sat>9</sat>
      </trkpt>
      <trkpt lat="32.755752" lon="-16.774326">
        <ele>337.3</ele>
        <time>2022-03-06T11:05:02.111Z</time>
        <sat>10</sat>
      </trkpt>
      <trkpt lat="32.755744" lon="-16.774212">
        <ele>337.2</ele>
        <time>2022-03-06T11:05:11.664Z</time>
        <sat>10</sat>
      </trkpt>
      <trkpt lat="32.755782" lon="-16.773992">
        <ele>337.3</ele>
        <time>2022-03-06T11:05:30.416Z</time>
        <sat>10</sat>
      </trkpt>
      <trkpt lat="32.755754" lon="-16.773756">
        <ele>337.6</ele>
        <time>2022-03-06T11:05:50.325Z</time>
        <sat>10</sat>
      </trkpt>
      <trkpt lat="32.755779" lon="-16.773276">
        <ele>339.3</ele>
        <time>2022-03-06T11:06:30.510Z</time>
        <sat>10</sat>
      </trkpt>
      <trkpt lat="32.755806" lon="-16.773172">
        <ele>339.2</ele>
        <time>2022-03-06T11:06:39.604Z</time>
        <sat>11</sat>
      </trkpt>
      <trkpt lat="32.755773" lon="-16.773055">
        <ele>339.1</ele>
        <time>2022-03-06T11:06:49.910Z</time>
        <sat>10</sat>
      </trkpt>
      <trkpt lat="32.755632" lon="-16.772731">
        <ele>339.5</ele>
        <time>2022-03-06T11:07:20.368Z</time>
        <sat>10</sat>
      </trkpt>
      <trkpt lat="32.755549" lon="-16.772525">
        <ele>342.0</ele>
        <time>2022-03-06T11:07:39.576Z</time>
        <sat>10</sat>
      </trkpt>
      <trkpt lat="32.755481" lon="-16.772454">
        <ele>343.0</ele>
        <time>2022-03-06T11:07:48.615Z</time>
        <sat>9</sat>
      </trkpt>
      <trkpt lat="32.755391" lon="-16.772417">
        <ele>343.2</ele>
        <time>2022-03-06T11:07:58.070Z</time>
        <sat>9</sat>
      </trkpt>
      <trkpt lat="32.755237" lon="-16.772297">
        <ele>349.0</ele>
        <time>2022-03-06T11:08:17.065Z</time>
      </trkpt>
      <trkpt lat="32.755209" lon="-16.772265">
        <ele>349.0</ele>
        <time>2022-03-06T11:08:20.923Z</time>
      </trkpt>
      <trkpt lat="32.755146" lon="-16.772232">
        <ele>347.0</ele>
        <time>2022-03-06T11:08:27.992Z</time>
      </trkpt>
      <trkpt lat="32.755114" lon="-16.772219">
        <ele>347.0</ele>
        <time>2022-03-06T11:08:31.353Z</time>
      </trkpt>
      <trkpt lat="32.755034" lon="-16.772150">
        <ele>346.0</ele>
        <time>2022-03-06T11:08:41.199Z</time>
      </trkpt>
      <trkpt lat="32.755011" lon="-16.772135">
        <ele>346.0</ele>
        <time>2022-03-06T11:08:43.818Z</time>
      </trkpt>
      <trkpt lat="32.754980" lon="-16.772131">
        <ele>346.0</ele>
        <time>2022-03-06T11:08:46.896Z</time>
      </trkpt>
      <trkpt lat="32.754943" lon="-16.772116">
        <ele>346.0</ele>
        <time>2022-03-06T11:08:50.784Z</time>
      </trkpt>
      <trkpt lat="32.754924" lon="-16.772094">
        <ele>345.0</ele>
        <time>2022-03-06T11:08:53.570Z</time>
      </trkpt>
      <trkpt lat="32.754872" lon="-16.772060">
        <ele>345.0</ele>
        <time>2022-03-06T11:08:59.462Z</time>
      </trkpt>
      <trkpt lat="32.754845" lon="-16.772035">
        <ele>345.0</ele>
        <time>2022-03-06T11:09:02.857Z</time>
      </trkpt>
      <trkpt lat="32.754808" lon="-16.771979">
        <ele>345.0</ele>
        <time>2022-03-06T11:09:08.805Z</time>
      </trkpt>
      <trkpt lat="32.754765" lon="-16.771938">
        <ele>342.0</ele>
        <time>2022-03-06T11:09:14.895Z</time>
      </trkpt>
      <trkpt lat="32.754689" lon="-16.771884">
        <ele>339.0</ele>
        <time>2022-03-06T11:09:24.080Z</time>
      </trkpt>
      <trkpt lat="32.754625" lon="-16.771830">
        <ele>338.0</ele>
        <time>2022-03-06T11:09:31.926Z</time>
      </trkpt>
      <trkpt lat="32.754574" lon="-16.771778">
        <ele>335.0</ele>
        <time>2022-03-06T11:09:39.111Z</time>
      </trkpt>
      <trkpt lat="32.754510" lon="-16.771739">
        <ele>334.0</ele>
        <time>2022-03-06T11:09:46.312Z</time>
      </trkpt>
      <trkpt lat="32.754468" lon="-16.771709">
        <ele>334.0</ele>
        <time>2022-03-06T11:09:51.185Z</time>
      </trkpt>
      <trkpt lat="32.754396" lon="-16.771649">
        <ele>334.0</ele>
        <time>2022-03-06T11:09:59.909Z</time>
      </trkpt>
      <trkpt lat="32.754322" lon="-16.771567">
        <ele>334.0</ele>
        <time>2022-03-06T11:10:09.958Z</time>
      </trkpt>
      <trkpt lat="32.754280" lon="-16.771547">
        <ele>334.0</ele>
        <time>2022-03-06T11:10:14.439Z</time>
      </trkpt>
      <trkpt lat="32.754207" lon="-16.771494">
        <ele>334.0</ele>
        <time>2022-03-06T11:10:22.940Z</time>
      </trkpt>
      <trkpt lat="32.754166" lon="-16.771442">
        <ele>333.0</ele>
        <time>2022-03-06T11:10:28.961Z</time>
      </trkpt>
      <trkpt lat="32.754116" lon="-16.771357">
        <ele>333.0</ele>
        <time>2022-03-06T11:10:37.618Z</time>
      </trkpt>
      <trkpt lat="32.754089" lon="-16.771324">
        <ele>332.0</ele>
        <time>2022-03-06T11:10:41.569Z</time>
      </trkpt>
      <trkpt lat="32.754041" lon="-16.771286">
        <ele>330.0</ele>
        <time>2022-03-06T11:10:47.563Z</time>
      </trkpt>
      <trkpt lat="32.753987" lon="-16.771233">
        <ele>328.0</ele>
        <time>2022-03-06T11:10:54.736Z</time>
      </trkpt>
      <trkpt lat="32.753952" lon="-16.771159">
        <ele>328.0</ele>
        <time>2022-03-06T11:11:01.835Z</time>
      </trkpt>
      <trkpt lat="32.753933" lon="-16.771139">
        <ele>328.0</ele>
        <time>2022-03-06T11:11:04.348Z</time>
      </trkpt>
      <trkpt lat="32.753911" lon="-16.771095">
        <ele>327.0</ele>
        <time>2022-03-06T11:11:08.706Z</time>
      </trkpt>
      <trkpt lat="32.753908" lon="-16.771039">
        <ele>326.0</ele>
        <time>2022-03-06T11:11:13.489Z</time>
      </trkpt>
      <trkpt lat="32.753982" lon="-16.770939">
        <ele>324.0</ele>
        <time>2022-03-06T11:11:24.746Z</time>
      </trkpt>
      <trkpt lat="32.754024" lon="-16.770846">
        <ele>323.0</ele>
        <time>2022-03-06T11:11:33.611Z</time>
      </trkpt>
      <trkpt lat="32.754099" lon="-16.770730">
        <ele>322.0</ele>
        <time>2022-03-06T11:11:45.860Z</time>
      </trkpt>
      <trkpt lat="32.754131" lon="-16.770632">
        <ele>322.0</ele>
        <time>2022-03-06T11:11:54.631Z</time>
      </trkpt>
      <trkpt lat="32.754151" lon="-16.770538">
        <ele>322.0</ele>
        <time>2022-03-06T11:12:02.732Z</time>
      </trkpt>
      <trkpt lat="32.754148" lon="-16.770487">
        <ele>322.0</ele>
        <time>2022-03-06T11:12:06.998Z</time>
      </trkpt>
      <trkpt lat="32.754128" lon="-16.770445">
        <ele>320.0</ele>
        <time>2022-03-06T11:12:11.409Z</time>
      </trkpt>
      <trkpt lat="32.754087" lon="-16.770433">
        <ele>320.0</ele>
        <time>2022-03-06T11:12:15.590Z</time>
      </trkpt>
      <trkpt lat="32.754038" lon="-16.770429">
        <ele>320.0</ele>
        <time>2022-03-06T11:12:20.479Z</time>
      </trkpt>
      <trkpt lat="32.753987" lon="-16.770436">
        <ele>320.0</ele>
        <time>2022-03-06T11:12:25.572Z</time>
      </trkpt>
      <trkpt lat="32.753923" lon="-16.770413">
        <ele>317.0</ele>
        <time>2022-03-06T11:12:32.733Z</time>
      </trkpt>
      <trkpt lat="32.753877" lon="-16.770415">
        <ele>317.0</ele>
        <time>2022-03-06T11:12:37.297Z</time>
      </trkpt>
      <trkpt lat="32.753828" lon="-16.770397">
        <ele>316.0</ele>
        <time>2022-03-06T11:12:42.459Z</time>
      </trkpt>
      <trkpt lat="32.753767" lon="-16.770350">
        <ele>316.0</ele>
        <time>2022-03-06T11:12:49.681Z</time>
      </trkpt>
      <trkpt lat="32.753696" lon="-16.770267">
        <ele>316.0</ele>
        <time>2022-03-06T11:12:59.574Z</time>
      </trkpt>
      <trkpt lat="32.753674" lon="-16.770226">
        <ele>316.0</ele>
        <time>2022-03-06T11:13:03.625Z</time>
      </trkpt>
      <trkpt lat="32.753603" lon="-16.770152">
        <ele>313.0</ele>
        <time>2022-03-06T11:13:13.387Z</time>
      </trkpt>
      <trkpt lat="32.753554" lon="-16.770137">
        <ele>313.0</ele>
        <time>2022-03-06T11:13:18.405Z</time>
      </trkpt>
      <trkpt lat="32.753493" lon="-16.770147">
        <ele>311.0</ele>
        <time>2022-03-06T11:13:24.774Z</time>
      </trkpt>
      <trkpt lat="32.753429" lon="-16.770229">
        <ele>310.0</ele>
        <time>2022-03-06T11:13:34.171Z</time>
      </trkpt>
      <trkpt lat="32.753404" lon="-16.770273">
        <ele>310.0</ele>
        <time>2022-03-06T11:13:38.597Z</time>
      </trkpt>
      <trkpt lat="32.753366" lon="-16.770298">
        <ele>310.0</ele>
        <time>2022-03-06T11:13:42.900Z</time>
      </trkpt>
      <trkpt lat="32.753292" lon="-16.770327">
        <ele>310.0</ele>
        <time>2022-03-06T11:13:50.645Z</time>
      </trkpt>
      <trkpt lat="32.753222" lon="-16.770346">
        <ele>310.0</ele>
        <time>2022-03-06T11:13:57.768Z</time>
      </trkpt>
      <trkpt lat="32.753119" lon="-16.770329">
        <ele>310.0</ele>
        <time>2022-03-06T11:14:08.104Z</time>
      </trkpt>
      <trkpt lat="32.753075" lon="-16.770325">
        <ele>310.0</ele>
        <time>2022-03-06T11:14:12.479Z</time>
      </trkpt>
      <trkpt lat="32.752974" lon="-16.770340">
        <ele>310.0</ele>
        <time>2022-03-06T11:14:22.594Z</time>
      </trkpt>
      <trkpt lat="32.752931" lon="-16.770370">
        <ele>310.0</ele>
        <time>2022-03-06T11:14:27.538Z</time>
      </trkpt>
      <trkpt lat="32.752862" lon="-16.770380">
        <ele>310.0</ele>
        <time>2022-03-06T11:14:34.444Z</time>
      </trkpt>
      <trkpt lat="32.752813" lon="-16.770374">
        <ele>309.0</ele>
        <time>2022-03-06T11:14:39.410Z</time>
      </trkpt>
      <trkpt lat="32.752786" lon="-16.770350">
        <ele>307.0</ele>
        <time>2022-03-06T11:14:43.209Z</time>
      </trkpt>
      <trkpt lat="32.752744" lon="-16.770238">
        <ele>306.0</ele>
        <time>2022-03-06T11:14:53.492Z</time>
      </trkpt>
      <trkpt lat="32.752735" lon="-16.770171">
        <ele>305.0</ele>
        <time>2022-03-06T11:14:59.216Z</time>
      </trkpt>
      <trkpt lat="32.752708" lon="-16.770107">
        <ele>305.0</ele>
        <time>2022-03-06T11:15:05.205Z</time>
      </trkpt>
      <trkpt lat="32.752674" lon="-16.770060">
        <ele>305.0</ele>
        <time>2022-03-06T11:15:10.369Z</time>
      </trkpt>
      <trkpt lat="32.752652" lon="-16.770013">
        <ele>305.0</ele>
        <time>2022-03-06T11:15:14.875Z</time>
      </trkpt>
      <trkpt lat="32.752637" lon="-16.769940">
        <ele>303.0</ele>
        <time>2022-03-06T11:15:21.392Z</time>
      </trkpt>
      <trkpt lat="32.752591" lon="-16.769831">
        <ele>303.0</ele>
        <time>2022-03-06T11:15:31.583Z</time>
      </trkpt>
      <trkpt lat="32.752564" lon="-16.769787">
        <ele>303.0</ele>
        <time>2022-03-06T11:15:36.125Z</time>
      </trkpt>
      <trkpt lat="32.752519" lon="-16.769762">
        <ele>303.0</ele>
        <time>2022-03-06T11:15:41.063Z</time>
      </trkpt>
      <trkpt lat="32.752495" lon="-16.769755">
        <ele>300.0</ele>
        <time>2022-03-06T11:15:44.694Z</time>
      </trkpt>
      <trkpt lat="32.752456" lon="-16.769770">
        <ele>300.0</ele>
        <time>2022-03-06T11:15:48.771Z</time>
      </trkpt>
      <trkpt lat="32.752434" lon="-16.769821">
        <ele>299.0</ele>
        <time>2022-03-06T11:15:53.636Z</time>
      </trkpt>
      <trkpt lat="32.752402" lon="-16.769855">
        <ele>299.0</ele>
        <time>2022-03-06T11:15:57.900Z</time>
      </trkpt>
      <trkpt lat="32.752344" lon="-16.769988">
        <ele>299.0</ele>
        <time>2022-03-06T11:16:10.406Z</time>
      </trkpt>
      <trkpt lat="32.752285" lon="-16.770088">
        <ele>299.0</ele>
        <time>2022-03-06T11:16:20.614Z</time>
      </trkpt>
      <trkpt lat="32.752280" lon="-16.770120">
        <ele>299.0</ele>
        <time>2022-03-06T11:16:23.320Z</time>
      </trkpt>
      <trkpt lat="32.752255" lon="-16.770164">
        <ele>299.0</ele>
        <time>2022-03-06T11:16:27.760Z</time>
      </trkpt>
      <trkpt lat="32.752233" lon="-16.770242">
        <ele>297.0</ele>
        <time>2022-03-06T11:16:34.853Z</time>
      </trkpt>
      <trkpt lat="32.752219" lon="-16.770297">
        <ele>297.0</ele>
        <time>2022-03-06T11:16:39.652Z</time>
      </trkpt>
      <trkpt lat="32.752155" lon="-16.770379">
        <ele>297.0</ele>
        <time>2022-03-06T11:16:48.985Z</time>
      </trkpt>
      <trkpt lat="32.752119" lon="-16.770450">
        <ele>296.0</ele>
        <time>2022-03-06T11:16:55.973Z</time>
      </trkpt>
      <trkpt lat="32.752047" lon="-16.770533">
        <ele>296.0</ele>
        <time>2022-03-06T11:17:05.935Z</time>
      </trkpt>
      <trkpt lat="32.752021" lon="-16.770588">
        <ele>296.0</ele>
        <time>2022-03-06T11:17:11.203Z</time>
      </trkpt>
      <trkpt lat="32.751969" lon="-16.770682">
        <ele>295.0</ele>
        <time>2022-03-06T11:17:20.642Z</time>
      </trkpt>
      <trkpt lat="32.751940" lon="-16.770726">
        <ele>295.0</ele>
        <time>2022-03-06T11:17:25.305Z</time>
      </trkpt>
      <trkpt lat="32.751935" lon="-16.770754">
        <ele>295.0</ele>
        <time>2022-03-06T11:17:27.694Z</time>
      </trkpt>
      <trkpt lat="32.751910" lon="-16.770801">
        <ele>295.0</ele>
        <time>2022-03-06T11:17:32.345Z</time>
      </trkpt>
      <trkpt lat="32.751862" lon="-16.770833">
        <ele>295.0</ele>
        <time>2022-03-06T11:17:37.805Z</time>
      </trkpt>
      <trkpt lat="32.751804" lon="-16.770892">
        <ele>294.0</ele>
        <time>2022-03-06T11:17:45.437Z</time>
      </trkpt>
      <trkpt lat="32.751776" lon="-16.770936">
        <ele>294.0</ele>
        <time>2022-03-06T11:17:50.039Z</time>
      </trkpt>
      <trkpt lat="32.751742" lon="-16.770972">
        <ele>294.0</ele>
        <time>2022-03-06T11:17:54.563Z</time>
      </trkpt>
      <trkpt lat="32.751718" lon="-16.770984">
        <ele>294.0</ele>
        <time>2022-03-06T11:17:57.143Z</time>
      </trkpt>
      <trkpt lat="32.751679" lon="-16.771018">
        <ele>294.0</ele>
        <time>2022-03-06T11:18:01.950Z</time>
      </trkpt>
      <trkpt lat="32.751640" lon="-16.771023">
        <ele>292.0</ele>
        <time>2022-03-06T11:18:06.225Z</time>
      </trkpt>
      <trkpt lat="32.751541" lon="-16.771002">
        <ele>292.0</ele>
        <time>2022-03-06T11:18:16.218Z</time>
      </trkpt>
      <trkpt lat="32.751482" lon="-16.770962">
        <ele>292.0</ele>
        <time>2022-03-06T11:18:22.965Z</time>
      </trkpt>
      <trkpt lat="32.751434" lon="-16.770915">
        <ele>291.0</ele>
        <time>2022-03-06T11:18:29.195Z</time>
      </trkpt>
      <trkpt lat="32.751348" lon="-16.770849">
        <ele>291.0</ele>
        <time>2022-03-06T11:18:39.361Z</time>
      </trkpt>
      <trkpt lat="32.751321" lon="-16.770841">
        <ele>291.0</ele>
        <time>2022-03-06T11:18:42.124Z</time>
      </trkpt>
      <trkpt lat="32.751275" lon="-16.770847">
        <ele>291.0</ele>
        <time>2022-03-06T11:18:46.729Z</time>
      </trkpt>
      <trkpt lat="32.751226" lon="-16.770875">
        <ele>291.0</ele>
        <time>2022-03-06T11:18:52.123Z</time>
      </trkpt>
      <trkpt lat="32.751099" lon="-16.770954">
        <ele>291.0</ele>
        <time>2022-03-06T11:19:06.361Z</time>
      </trkpt>
      <trkpt lat="32.751045" lon="-16.770958">
        <ele>290.0</ele>
        <time>2022-03-06T11:19:11.805Z</time>
      </trkpt>
      <trkpt lat="32.751023" lon="-16.770966">
        <ele>288.0</ele>
        <time>2022-03-06T11:19:14.703Z</time>
      </trkpt>
      <trkpt lat="32.750954" lon="-16.770964">
        <ele>288.0</ele>
        <time>2022-03-06T11:19:21.562Z</time>
      </trkpt>
      <trkpt lat="32.750871" lon="-16.770932">
        <ele>288.0</ele>
        <time>2022-03-06T11:19:30.225Z</time>
      </trkpt>
      <trkpt lat="32.750769" lon="-16.770844">
        <ele>290.0</ele>
        <time>2022-03-06T11:19:42.861Z</time>
      </trkpt>
      <trkpt lat="32.750652" lon="-16.770764">
        <ele>290.0</ele>
        <time>2022-03-06T11:19:56.262Z</time>
      </trkpt>
      <trkpt lat="32.750576" lon="-16.770722">
        <ele>288.0</ele>
        <time>2022-03-06T11:20:04.764Z</time>
      </trkpt>
      <trkpt lat="32.750493" lon="-16.770658">
        <ele>288.0</ele>
        <time>2022-03-06T11:20:14.588Z</time>
      </trkpt>
      <trkpt lat="32.750416" lon="-16.770586">
        <ele>285.0</ele>
        <time>2022-03-06T11:20:24.690Z</time>
      </trkpt>
      <trkpt lat="32.750338" lon="-16.770519">
        <ele>283.0</ele>
        <time>2022-03-06T11:20:34.401Z</time>
      </trkpt>
      <trkpt lat="32.750260" lon="-16.770434">
        <ele>282.0</ele>
        <time>2022-03-06T11:20:44.941Z</time>
      </trkpt>
      <trkpt lat="32.750209" lon="-16.770434">
        <ele>282.0</ele>
        <time>2022-03-06T11:20:50.018Z</time>
      </trkpt>
      <trkpt lat="32.750206" lon="-16.770477">
        <ele>281.0</ele>
        <time>2022-03-06T11:20:53.722Z</time>
      </trkpt>
      <trkpt lat="32.750214" lon="-16.770505">
        <ele>281.0</ele>
        <time>2022-03-06T11:20:56.193Z</time>
      </trkpt>
      <trkpt lat="32.750221" lon="-16.770564">
        <ele>281.0</ele>
        <time>2022-03-06T11:21:01.169Z</time>
      </trkpt>
      <trkpt lat="32.750209" lon="-16.770713">
        <ele>281.0</ele>
        <time>2022-03-06T11:21:13.673Z</time>
      </trkpt>
      <trkpt lat="32.750211" lon="-16.770780">
        <ele>281.0</ele>
        <time>2022-03-06T11:21:19.263Z</time>
      </trkpt>
      <trkpt lat="32.750204" lon="-16.770854">
        <ele>281.0</ele>
        <time>2022-03-06T11:21:25.489Z</time>
      </trkpt>
      <trkpt lat="32.750218" lon="-16.770911">
        <ele>281.0</ele>
        <time>2022-03-06T11:21:30.445Z</time>
      </trkpt>
      <trkpt lat="32.750240" lon="-16.771027">
        <ele>281.0</ele>
        <time>2022-03-06T11:21:40.375Z</time>
      </trkpt>
      <trkpt lat="32.750265" lon="-16.771094">
        <ele>281.0</ele>
        <time>2022-03-06T11:21:46.500Z</time>
      </trkpt>
      <trkpt lat="32.750304" lon="-16.771259">
        <ele>281.0</ele>
        <time>2022-03-06T11:22:00.811Z</time>
      </trkpt>
      <trkpt lat="32.750304" lon="-16.771380">
        <ele>281.0</ele>
        <time>2022-03-06T11:22:10.920Z</time>
      </trkpt>
      <trkpt lat="32.750267" lon="-16.771468">
        <ele>281.0</ele>
        <time>2022-03-06T11:22:19.138Z</time>
      </trkpt>
      <trkpt lat="32.750133" lon="-16.771581">
        <ele>280.0</ele>
        <time>2022-03-06T11:22:35.471Z</time>
      </trkpt>
      <trkpt lat="32.750101" lon="-16.771624">
        <ele>280.0</ele>
        <time>2022-03-06T11:22:40.262Z</time>
      </trkpt>
      <trkpt lat="32.750060" lon="-16.771651">
        <ele>280.0</ele>
        <time>2022-03-06T11:22:44.907Z</time>
      </trkpt>
      <trkpt lat="32.750038" lon="-16.771657">
        <ele>280.0</ele>
        <time>2022-03-06T11:22:47.160Z</time>
      </trkpt>
      <trkpt lat="32.749999" lon="-16.771690">
        <ele>279.0</ele>
        <time>2022-03-06T11:22:51.986Z</time>
      </trkpt>
      <trkpt lat="32.749964" lon="-16.771757">
        <ele>279.0</ele>
        <time>2022-03-06T11:22:58.581Z</time>
      </trkpt>
      <trkpt lat="32.749920" lon="-16.771790">
        <ele>279.0</ele>
        <time>2022-03-06T11:23:03.747Z</time>
      </trkpt>
      <trkpt lat="32.749879" lon="-16.771865">
        <ele>279.0</ele>
        <time>2022-03-06T11:23:11.220Z</time>
      </trkpt>
      <trkpt lat="32.749813" lon="-16.771924">
        <ele>279.0</ele>
        <time>2022-03-06T11:23:19.423Z</time>
      </trkpt>
      <trkpt lat="32.749801" lon="-16.771949">
        <ele>279.0</ele>
        <time>2022-03-06T11:23:21.819Z</time>
      </trkpt>
      <trkpt lat="32.749729" lon="-16.772038">
        <ele>279.0</ele>
        <time>2022-03-06T11:23:32.139Z</time>
      </trkpt>
      <trkpt lat="32.749700" lon="-16.772058">
        <ele>276.0</ele>
        <time>2022-03-06T11:23:36.410Z</time>
      </trkpt>
      <trkpt lat="32.749666" lon="-16.772067">
        <ele>276.0</ele>
        <time>2022-03-06T11:23:39.874Z</time>
      </trkpt>
      <trkpt lat="32.749620" lon="-16.772100">
        <ele>276.0</ele>
        <time>2022-03-06T11:23:45.202Z</time>
      </trkpt>
      <trkpt lat="32.749593" lon="-16.772143">
        <ele>274.0</ele>
        <time>2022-03-06T11:23:50.020Z</time>
      </trkpt>
      <trkpt lat="32.749502" lon="-16.772223">
        <ele>274.0</ele>
        <time>2022-03-06T11:24:01.258Z</time>
      </trkpt>
      <trkpt lat="32.749404" lon="-16.772286">
        <ele>273.0</ele>
        <time>2022-03-06T11:24:12.364Z</time>
      </trkpt>
      <trkpt lat="32.749333" lon="-16.772370">
        <ele>272.0</ele>
        <time>2022-03-06T11:24:22.343Z</time>
      </trkpt>
      <trkpt lat="32.749319" lon="-16.772398">
        <ele>272.0</ele>
        <time>2022-03-06T11:24:25.066Z</time>
      </trkpt>
      <trkpt lat="32.749260" lon="-16.772478">
        <ele>272.0</ele>
        <time>2022-03-06T11:24:33.951Z</time>
      </trkpt>
      <trkpt lat="32.749242" lon="-16.772495">
        <ele>272.0</ele>
        <time>2022-03-06T11:24:36.234Z</time>
      </trkpt>
      <trkpt lat="32.749197" lon="-16.772518">
        <ele>272.0</ele>
        <time>2022-03-06T11:24:41.089Z</time>
      </trkpt>
      <trkpt lat="32.749152" lon="-16.772510">
        <ele>272.0</ele>
        <time>2022-03-06T11:24:45.617Z</time>
      </trkpt>
      <trkpt lat="32.749099" lon="-16.772489">
        <ele>272.0</ele>
        <time>2022-03-06T11:24:51.160Z</time>
      </trkpt>
      <trkpt lat="32.749005" lon="-16.772412">
        <ele>270.0</ele>
        <time>2022-03-06T11:25:02.637Z</time>
      </trkpt>
      <trkpt lat="32.748964" lon="-16.772400">
        <ele>270.0</ele>
        <time>2022-03-06T11:25:06.822Z</time>
      </trkpt>
      <trkpt lat="32.748938" lon="-16.772398">
        <ele>270.0</ele>
        <time>2022-03-06T11:25:09.406Z</time>
      </trkpt>
      <trkpt lat="32.748811" lon="-16.772400">
        <ele>268.0</ele>
        <time>2022-03-06T11:25:22.152Z</time>
      </trkpt>
      <trkpt lat="32.748707" lon="-16.772462">
        <ele>268.0</ele>
        <time>2022-03-06T11:25:33.699Z</time>
      </trkpt>
      <trkpt lat="32.748683" lon="-16.772485">
        <ele>268.0</ele>
        <time>2022-03-06T11:25:36.768Z</time>
      </trkpt>
      <trkpt lat="32.748654" lon="-16.772530">
        <ele>268.0</ele>
        <time>2022-03-06T11:25:41.507Z</time>
      </trkpt>
      <trkpt lat="32.748639" lon="-16.772576">
        <ele>268.0</ele>
        <time>2022-03-06T11:25:45.618Z</time>
      </trkpt>
      <trkpt lat="32.748638" lon="-16.772618">
        <ele>267.0</ele>
        <time>2022-03-06T11:25:49.243Z</time>
      </trkpt>
      <trkpt lat="32.748619" lon="-16.772660">
        <ele>267.0</ele>
        <time>2022-03-06T11:25:53.216Z</time>
      </trkpt>
      <trkpt lat="32.748634" lon="-16.772788">
        <ele>267.0</ele>
        <time>2022-03-06T11:26:04.014Z</time>
      </trkpt>
      <trkpt lat="32.748578" lon="-16.772910">
        <ele>266.0</ele>
        <time>2022-03-06T11:26:15.647Z</time>
      </trkpt>
      <trkpt lat="32.748521" lon="-16.772942">
        <ele>266.0</ele>
        <time>2022-03-06T11:26:21.906Z</time>
      </trkpt>
      <trkpt lat="32.748450" lon="-16.772987">
        <ele>266.0</ele>
        <time>2022-03-06T11:26:29.892Z</time>
      </trkpt>
      <trkpt lat="32.748343" lon="-16.773015">
        <ele>266.0</ele>
        <time>2022-03-06T11:26:40.783Z</time>
      </trkpt>
      <trkpt lat="32.748306" lon="-16.773013">
        <ele>265.0</ele>
        <time>2022-03-06T11:26:44.555Z</time>
      </trkpt>
      <trkpt lat="32.748211" lon="-16.773038">
        <ele>265.0</ele>
        <time>2022-03-06T11:26:54.222Z</time>
      </trkpt>
      <trkpt lat="32.748118" lon="-16.773041">
        <ele>265.0</ele>
        <time>2022-03-06T11:27:03.464Z</time>
      </trkpt>
      <trkpt lat="32.748018" lon="-16.773056">
        <ele>265.0</ele>
        <time>2022-03-06T11:27:13.463Z</time>
      </trkpt>
      <trkpt lat="32.748000" lon="-16.773062">
        <ele>265.0</ele>
        <time>2022-03-06T11:27:15.331Z</time>
      </trkpt>
      <trkpt lat="32.747817" lon="-16.773104">
        <ele>261.0</ele>
        <time>2022-03-06T11:27:34.171Z</time>
      </trkpt>
      <trkpt lat="32.747637" lon="-16.773119">
        <ele>259.0</ele>
        <time>2022-03-06T11:27:52.181Z</time>
      </trkpt>
      <trkpt lat="32.747592" lon="-16.773136">
        <ele>259.0</ele>
        <time>2022-03-06T11:27:56.881Z</time>
      </trkpt>
      <trkpt lat="32.747565" lon="-16.773140">
        <ele>256.0</ele>
        <time>2022-03-06T11:28:00.684Z</time>
      </trkpt>
      <trkpt lat="32.747465" lon="-16.773147">
        <ele>256.0</ele>
        <time>2022-03-06T11:28:10.621Z</time>
      </trkpt>
      <trkpt lat="32.747407" lon="-16.773144">
        <ele>254.0</ele>
        <time>2022-03-06T11:28:16.656Z</time>
      </trkpt>
      <trkpt lat="32.747351" lon="-16.773159">
        <ele>252.0</ele>
        <time>2022-03-06T11:28:22.631Z</time>
      </trkpt>
      <trkpt lat="32.747265" lon="-16.773170">
        <ele>252.0</ele>
        <time>2022-03-06T11:28:31.218Z</time>
      </trkpt>
      <trkpt lat="32.747218" lon="-16.773163">
        <ele>249.0</ele>
        <time>2022-03-06T11:28:36.639Z</time>
      </trkpt>
      <trkpt lat="32.747089" lon="-16.773191">
        <ele>244.0</ele>
        <time>2022-03-06T11:28:50.396Z</time>
      </trkpt>
      <trkpt lat="32.747033" lon="-16.773215">
        <ele>244.0</ele>
        <time>2022-03-06T11:28:56.305Z</time>
      </trkpt>
      <trkpt lat="32.746956" lon="-16.773238">
        <ele>244.0</ele>
        <time>2022-03-06T11:29:04.199Z</time>
      </trkpt>
      <trkpt lat="32.746896" lon="-16.773247">
        <ele>242.0</ele>
        <time>2022-03-06T11:29:10.451Z</time>
      </trkpt>
      <trkpt lat="32.746798" lon="-16.773304">
        <ele>242.0</ele>
        <time>2022-03-06T11:29:21.291Z</time>
      </trkpt>
      <trkpt lat="32.746744" lon="-16.773327">
        <ele>242.0</ele>
        <time>2022-03-06T11:29:26.983Z</time>
      </trkpt>
      <trkpt lat="32.746621" lon="-16.773321">
        <ele>242.0</ele>
        <time>2022-03-06T11:29:39.212Z</time>
      </trkpt>
      <trkpt lat="32.746573" lon="-16.773343">
        <ele>241.0</ele>
        <time>2022-03-06T11:29:44.389Z</time>
      </trkpt>
      <trkpt lat="32.746519" lon="-16.773355">
        <ele>241.0</ele>
        <time>2022-03-06T11:29:49.844Z</time>
      </trkpt>
      <trkpt lat="32.746497" lon="-16.773367">
        <ele>241.0</ele>
        <time>2022-03-06T11:29:52.261Z</time>
      </trkpt>
      <trkpt lat="32.746409" lon="-16.773371">
        <ele>241.0</ele>
        <time>2022-03-06T11:30:01.006Z</time>
      </trkpt>
      <trkpt lat="32.746372" lon="-16.773354">
        <ele>236.0</ele>
        <time>2022-03-06T11:30:06.951Z</time>
      </trkpt>
      <trkpt lat="32.746282" lon="-16.773363">
        <ele>234.0</ele>
        <time>2022-03-06T11:30:16.097Z</time>
      </trkpt>
      <trkpt lat="32.746194" lon="-16.773379">
        <ele>231.0</ele>
        <time>2022-03-06T11:30:25.334Z</time>
      </trkpt>
      <trkpt lat="32.746169" lon="-16.773373">
        <ele>231.0</ele>
        <time>2022-03-06T11:30:27.864Z</time>
      </trkpt>
      <trkpt lat="32.746165" lon="-16.773396">
        <ele>230.0</ele>
        <time>2022-03-06T11:30:30.030Z</time>
      </trkpt>
      <trkpt lat="32.746149" lon="-16.773370">
        <ele>229.0</ele>
        <time>2022-03-06T11:30:32.868Z</time>
      </trkpt>
      <trkpt lat="32.746125" lon="-16.773349">
        <ele>229.0</ele>
        <time>2022-03-06T11:30:35.834Z</time>
      </trkpt>
      <trkpt lat="32.746074" lon="-16.773332">
        <ele>228.0</ele>
        <time>2022-03-06T11:30:41.164Z</time>
      </trkpt>
      <trkpt lat="32.745973" lon="-16.773324">
        <ele>228.0</ele>
        <time>2022-03-06T11:30:51.207Z</time>
      </trkpt>
      <trkpt lat="32.745849" lon="-16.773316">
        <ele>228.0</ele>
        <time>2022-03-06T11:31:03.543Z</time>
      </trkpt>
      <trkpt lat="32.745797" lon="-16.773307">
        <ele>228.0</ele>
        <time>2022-03-06T11:31:08.756Z</time>
      </trkpt>
      <trkpt lat="32.745697" lon="-16.773273">
        <ele>228.0</ele>
        <time>2022-03-06T11:31:19.093Z</time>
      </trkpt>
      <trkpt lat="32.745602" lon="-16.773235">
        <ele>228.0</ele>
        <time>2022-03-06T11:31:29.037Z</time>
      </trkpt>
      <trkpt lat="32.745524" lon="-16.773206">
        <ele>228.0</ele>
        <time>2022-03-06T11:31:37.160Z</time>
      </trkpt>
      <trkpt lat="32.745501" lon="-16.773199">
        <ele>228.0</ele>
        <time>2022-03-06T11:31:39.514Z</time>
      </trkpt>
      <trkpt lat="32.745399" lon="-16.773181">
        <ele>228.0</ele>
        <time>2022-03-06T11:31:49.747Z</time>
      </trkpt>
      <trkpt lat="32.745370" lon="-16.773170">
        <ele>228.0</ele>
        <time>2022-03-06T11:31:52.770Z</time>
      </trkpt>
      <trkpt lat="32.745277" lon="-16.773159">
        <ele>228.0</ele>
        <time>2022-03-06T11:32:02.053Z</time>
      </trkpt>
      <trkpt lat="32.745225" lon="-16.773169">
        <ele>228.0</ele>
        <time>2022-03-06T11:32:07.280Z</time>
      </trkpt>
      <trkpt lat="32.745133" lon="-16.773193">
        <ele>228.0</ele>
        <time>2022-03-06T11:32:16.638Z</time>
      </trkpt>
      <trkpt lat="32.745030" lon="-16.773176">
        <ele>228.0</ele>
        <time>2022-03-06T11:32:26.975Z</time>
      </trkpt>
      <trkpt lat="32.744989" lon="-16.773184">
        <ele>228.0</ele>
        <time>2022-03-06T11:32:31.091Z</time>
      </trkpt>
      <trkpt lat="32.744954" lon="-16.773199">
        <ele>228.0</ele>
        <time>2022-03-06T11:32:34.785Z</time>
      </trkpt>
      <trkpt lat="32.744832" lon="-16.773218">
        <ele>227.0</ele>
        <time>2022-03-06T11:32:47.041Z</time>
      </trkpt>
      <trkpt lat="32.744663" lon="-16.773275">
        <ele>227.0</ele>
        <time>2022-03-06T11:33:04.484Z</time>
      </trkpt>
      <trkpt lat="32.744538" lon="-16.773276">
        <ele>227.0</ele>
        <time>2022-03-06T11:33:16.885Z</time>
      </trkpt>
      <trkpt lat="32.744462" lon="-16.773292">
        <ele>227.0</ele>
        <time>2022-03-06T11:33:24.558Z</time>
      </trkpt>
      <trkpt lat="32.744338" lon="-16.773272">
        <ele>227.0</ele>
        <time>2022-03-06T11:33:36.986Z</time>
      </trkpt>
      <trkpt lat="32.744282" lon="-16.773280">
        <ele>227.0</ele>
        <time>2022-03-06T11:33:42.588Z</time>
      </trkpt>
      <trkpt lat="32.744216" lon="-16.773266">
        <ele>227.0</ele>
        <time>2022-03-06T11:33:49.235Z</time>
      </trkpt>
      <trkpt lat="32.744137" lon="-16.773272">
        <ele>227.0</ele>
        <time>2022-03-06T11:33:57.108Z</time>
      </trkpt>
      <trkpt lat="32.744083" lon="-16.773286">
        <ele>227.0</ele>
        <time>2022-03-06T11:34:02.592Z</time>
      </trkpt>
      <trkpt lat="32.743981" lon="-16.773280">
        <ele>226.0</ele>
        <time>2022-03-06T11:34:12.763Z</time>
      </trkpt>
      <trkpt lat="32.743924" lon="-16.773286">
        <ele>226.0</ele>
        <time>2022-03-06T11:34:18.444Z</time>
      </trkpt>
      <trkpt lat="32.743780" lon="-16.773282">
        <ele>226.0</ele>
        <time>2022-03-06T11:34:32.748Z</time>
      </trkpt>
      <trkpt lat="32.743704" lon="-16.773287">
        <ele>227.0</ele>
        <time>2022-03-06T11:34:40.353Z</time>
      </trkpt>
      <trkpt lat="32.743651" lon="-16.773306">
        <ele>227.0</ele>
        <time>2022-03-06T11:34:45.866Z</time>
      </trkpt>
      <trkpt lat="32.743541" lon="-16.773312">
        <ele>227.0</ele>
        <time>2022-03-06T11:34:56.797Z</time>
      </trkpt>
      <trkpt lat="32.743489" lon="-16.773326">
        <ele>227.0</ele>
        <time>2022-03-06T11:35:02.088Z</time>
      </trkpt>
      <trkpt lat="32.743386" lon="-16.773346">
        <ele>227.0</ele>
        <time>2022-03-06T11:35:12.444Z</time>
      </trkpt>
      <trkpt lat="32.743350" lon="-16.773346">
        <ele>227.0</ele>
        <time>2022-03-06T11:35:16.024Z</time>
      </trkpt>
      <trkpt lat="32.743286" lon="-16.773360">
        <ele>227.0</ele>
        <time>2022-03-06T11:35:22.489Z</time>
      </trkpt>
      <trkpt lat="32.743235" lon="-16.773387">
        <ele>227.0</ele>
        <time>2022-03-06T11:35:28.028Z</time>
      </trkpt>
      <trkpt lat="32.743173" lon="-16.773436">
        <ele>227.0</ele>
        <time>2022-03-06T11:35:35.422Z</time>
      </trkpt>
      <trkpt lat="32.743137" lon="-16.773488">
        <ele>227.0</ele>
        <time>2022-03-06T11:35:41.048Z</time>
      </trkpt>
      <trkpt lat="32.743085" lon="-16.773504">
        <ele>227.0</ele>
        <time>2022-03-06T11:35:46.381Z</time>
      </trkpt>
      <trkpt lat="32.743039" lon="-16.773488">
        <ele>227.0</ele>
        <time>2022-03-06T11:35:51.132Z</time>
      </trkpt>
      <trkpt lat="32.743046" lon="-16.773509">
        <ele>226.0</ele>
        <time>2022-03-06T11:35:53.226Z</time>
      </trkpt>
      <trkpt lat="32.743029" lon="-16.773504">
        <ele>228.0</ele>
        <time>2022-03-06T11:35:55.715Z</time>
      </trkpt>
      <trkpt lat="32.743020" lon="-16.773523">
        <ele>228.0</ele>
        <time>2022-03-06T11:35:57.534Z</time>
      </trkpt>
      <trkpt lat="32.743000" lon="-16.773513">
        <ele>228.0</ele>
        <time>2022-03-06T11:35:59.686Z</time>
      </trkpt>
      <trkpt lat="32.742915" lon="-16.773518">
        <ele>227.0</ele>
        <time>2022-03-06T11:36:08.182Z</time>
      </trkpt>
      <trkpt lat="32.742890" lon="-16.773530">
        <ele>227.0</ele>
        <time>2022-03-06T11:36:10.859Z</time>
      </trkpt>
      <trkpt lat="32.742844" lon="-16.773537">
        <ele>227.0</ele>
        <time>2022-03-06T11:36:15.473Z</time>
      </trkpt>
      <trkpt lat="32.742792" lon="-16.773537">
        <ele>227.0</ele>
        <time>2022-03-06T11:36:20.634Z</time>
      </trkpt>
      <trkpt lat="32.742707" lon="-16.773578">
        <ele>227.0</ele>
        <time>2022-03-06T11:36:29.739Z</time>
      </trkpt>
      <trkpt lat="32.742646" lon="-16.773602">
        <ele>227.0</ele>
        <time>2022-03-06T11:36:36.118Z</time>
      </trkpt>
      <trkpt lat="32.742570" lon="-16.773619">
        <ele>227.0</ele>
        <time>2022-03-06T11:36:43.792Z</time>
      </trkpt>
      <trkpt lat="32.742509" lon="-16.773621">
        <ele>227.0</ele>
        <time>2022-03-06T11:36:49.854Z</time>
      </trkpt>
      <trkpt lat="32.742484" lon="-16.773612">
        <ele>227.0</ele>
        <time>2022-03-06T11:36:52.445Z</time>
      </trkpt>
      <trkpt lat="32.742397" lon="-16.773619">
        <ele>226.0</ele>
        <time>2022-03-06T11:37:01.151Z</time>
      </trkpt>
      <trkpt lat="32.742350" lon="-16.773611">
        <ele>226.0</ele>
        <time>2022-03-06T11:37:05.860Z</time>
      </trkpt>
      <trkpt lat="32.742332" lon="-16.773589">
        <ele>226.0</ele>
        <time>2022-03-06T11:37:08.428Z</time>
      </trkpt>
      <trkpt lat="32.742330" lon="-16.773549">
        <ele>226.0</ele>
        <time>2022-03-06T11:37:11.779Z</time>
      </trkpt>
      <trkpt lat="32.742347" lon="-16.773490">
        <ele>226.0</ele>
        <time>2022-03-06T11:37:16.990Z</time>
      </trkpt>
      <trkpt lat="32.742399" lon="-16.773443">
        <ele>226.0</ele>
        <time>2022-03-06T11:37:23.471Z</time>
      </trkpt>
      <trkpt lat="32.742411" lon="-16.773410">
        <ele>226.0</ele>
        <time>2022-03-06T11:37:26.471Z</time>
      </trkpt>
      <trkpt lat="32.742413" lon="-16.773390">
        <ele>226.0</ele>
        <time>2022-03-06T11:37:28.148Z</time>
      </trkpt>
      <trkpt lat="32.742460" lon="-16.773286">
        <ele>226.0</ele>
        <time>2022-03-06T11:37:38.021Z</time>
      </trkpt>
      <trkpt lat="32.742474" lon="-16.773230">
        <ele>226.0</ele>
        <time>2022-03-06T11:37:42.896Z</time>
      </trkpt>
      <trkpt lat="32.742489" lon="-16.773202">
        <ele>226.0</ele>
        <time>2022-03-06T11:37:45.673Z</time>
      </trkpt>
      <trkpt lat="32.742496" lon="-16.773154">
        <ele>226.0</ele>
        <time>2022-03-06T11:37:49.736Z</time>
      </trkpt>
      <trkpt lat="32.742531" lon="-16.773038">
        <ele>226.0</ele>
        <time>2022-03-06T11:38:00.026Z</time>
      </trkpt>
      <trkpt lat="32.742555" lon="-16.772981">
        <ele>226.0</ele>
        <time>2022-03-06T11:38:05.348Z</time>
      </trkpt>
      <trkpt lat="32.742560" lon="-16.772964">
        <ele>226.0</ele>
        <time>2022-03-06T11:38:06.848Z</time>
      </trkpt>
      <trkpt lat="32.742612" lon="-16.772831">
        <ele>226.0</ele>
        <time>2022-03-06T11:38:19.111Z</time>
      </trkpt>
      <trkpt lat="32.742621" lon="-16.772787">
        <ele>225.0</ele>
        <time>2022-03-06T11:38:22.988Z</time>
      </trkpt>
      <trkpt lat="32.742652" lon="-16.772675">
        <ele>225.0</ele>
        <time>2022-03-06T11:38:32.834Z</time>
      </trkpt>
      <trkpt lat="32.742677" lon="-16.772494">
        <ele>226.0</ele>
        <time>2022-03-06T11:38:48.185Z</time>
      </trkpt>
      <trkpt lat="32.742692" lon="-16.772460">
        <ele>226.0</ele>
        <time>2022-03-06T11:38:51.396Z</time>
      </trkpt>
      <trkpt lat="32.742736" lon="-16.772382">
        <ele>224.0</ele>
        <time>2022-03-06T11:38:59.431Z</time>
      </trkpt>
      <trkpt lat="32.742748" lon="-16.772329">
        <ele>224.0</ele>
        <time>2022-03-06T11:39:04.014Z</time>
      </trkpt>
      <trkpt lat="32.742773" lon="-16.772291">
        <ele>225.0</ele>
        <time>2022-03-06T11:39:08.144Z</time>
      </trkpt>
      <trkpt lat="32.742799" lon="-16.772287">
        <ele>225.0</ele>
        <time>2022-03-06T11:39:10.746Z</time>
      </trkpt>
      <trkpt lat="32.742863" lon="-16.772235">
        <ele>225.0</ele>
        <time>2022-03-06T11:39:18.444Z</time>
      </trkpt>
      <trkpt lat="32.742914" lon="-16.772146">
        <ele>225.0</ele>
        <time>2022-03-06T11:39:27.438Z</time>
      </trkpt>
      <trkpt lat="32.742917" lon="-16.772113">
        <ele>225.0</ele>
        <time>2022-03-06T11:39:30.212Z</time>
      </trkpt>
      <trkpt lat="32.742939" lon="-16.772084">
        <ele>225.0</ele>
        <time>2022-03-06T11:39:33.472Z</time>
      </trkpt>
      <trkpt lat="32.742988" lon="-16.772045">
        <ele>224.0</ele>
        <time>2022-03-06T11:39:39.382Z</time>
      </trkpt>
      <trkpt lat="32.743088" lon="-16.772037">
        <ele>224.0</ele>
        <time>2022-03-06T11:39:49.345Z</time>
      </trkpt>
      <trkpt lat="32.743154" lon="-16.771970">
        <ele>225.0</ele>
        <time>2022-03-06T11:39:58.014Z</time>
      </trkpt>
      <trkpt lat="32.743181" lon="-16.771927">
        <ele>225.0</ele>
        <time>2022-03-06T11:40:02.490Z</time>
      </trkpt>
      <trkpt lat="32.743162" lon="-16.771940">
        <ele>225.0</ele>
        <time>2022-03-06T11:40:04.671Z</time>
      </trkpt>
      <trkpt lat="32.742973" lon="-16.771934">
        <ele>225.0</ele>
        <time>2022-03-06T11:40:23.440Z</time>
      </trkpt>
      <trkpt lat="32.742907" lon="-16.771949">
        <ele>225.0</ele>
        <time>2022-03-06T11:40:30.118Z</time>
      </trkpt>
      <trkpt lat="32.742751" lon="-16.771946">
        <ele>225.0</ele>
        <time>2022-03-06T11:40:45.601Z</time>
      </trkpt>
      <trkpt lat="32.742717" lon="-16.771943">
        <ele>225.0</ele>
        <time>2022-03-06T11:40:48.990Z</time>
      </trkpt>
      <trkpt lat="32.742531" lon="-16.771980">
        <ele>224.0</ele>
        <time>2022-03-06T11:41:07.744Z</time>
      </trkpt>
      <trkpt lat="32.742379" lon="-16.771995">
        <ele>224.0</ele>
        <time>2022-03-06T11:41:22.879Z</time>
      </trkpt>
      <trkpt lat="32.742289" lon="-16.772065">
        <ele>223.0</ele>
        <time>2022-03-06T11:41:33.602Z</time>
      </trkpt>
      <trkpt lat="32.742272" lon="-16.772089">
        <ele>223.0</ele>
        <time>2022-03-06T11:41:36.227Z</time>
      </trkpt>
      <trkpt lat="32.742237" lon="-16.772173">
        <ele>223.0</ele>
        <time>2022-03-06T11:41:44.049Z</time>
      </trkpt>
      <trkpt lat="32.742220" lon="-16.772190">
        <ele>223.0</ele>
        <time>2022-03-06T11:41:46.257Z</time>
      </trkpt>
      <trkpt lat="32.742190" lon="-16.772237">
        <ele>222.0</ele>
        <time>2022-03-06T11:41:51.271Z</time>
      </trkpt>
      <trkpt lat="32.742142" lon="-16.772283">
        <ele>222.0</ele>
        <time>2022-03-06T11:41:57.386Z</time>
      </trkpt>
      <trkpt lat="32.742102" lon="-16.772347">
        <ele>222.0</ele>
        <time>2022-03-06T11:42:04.052Z</time>
      </trkpt>
      <trkpt lat="32.742059" lon="-16.772438">
        <ele>222.0</ele>
        <time>2022-03-06T11:42:12.767Z</time>
      </trkpt>
      <trkpt lat="32.741990" lon="-16.772534">
        <ele>221.0</ele>
        <time>2022-03-06T11:42:23.360Z</time>
      </trkpt>
      <trkpt lat="32.741966" lon="-16.772550">
        <ele>221.0</ele>
        <time>2022-03-06T11:42:26.086Z</time>
      </trkpt>
      <trkpt lat="32.741897" lon="-16.772608">
        <ele>221.0</ele>
        <time>2022-03-06T11:42:34.483Z</time>
      </trkpt>
      <trkpt lat="32.741853" lon="-16.772650">
        <ele>222.0</ele>
        <time>2022-03-06T11:42:40.145Z</time>
      </trkpt>
      <trkpt lat="32.741834" lon="-16.772678">
        <ele>222.0</ele>
        <time>2022-03-06T11:42:43.146Z</time>
      </trkpt>
      <trkpt lat="32.741790" lon="-16.772716">
        <ele>222.0</ele>
        <time>2022-03-06T11:42:48.556Z</time>
      </trkpt>
      <trkpt lat="32.741629" lon="-16.772741">
        <ele>222.0</ele>
        <time>2022-03-06T11:43:04.673Z</time>
      </trkpt>
      <trkpt lat="32.741577" lon="-16.772771">
        <ele>222.0</ele>
        <time>2022-03-06T11:43:10.425Z</time>
      </trkpt>
      <trkpt lat="32.741477" lon="-16.772794">
        <ele>222.0</ele>
        <time>2022-03-06T11:43:20.531Z</time>
      </trkpt>
      <trkpt lat="32.741391" lon="-16.772805">
        <ele>222.0</ele>
        <time>2022-03-06T11:43:29.120Z</time>
      </trkpt>
      <trkpt lat="32.741308" lon="-16.772845">
        <ele>222.0</ele>
        <time>2022-03-06T11:43:38.013Z</time>
      </trkpt>
      <trkpt lat="32.741254" lon="-16.772904">
        <ele>222.0</ele>
        <time>2022-03-06T11:43:45.296Z</time>
      </trkpt>
      <trkpt lat="32.741212" lon="-16.772935">
        <ele>222.0</ele>
        <time>2022-03-06T11:43:50.212Z</time>
      </trkpt>
      <trkpt lat="32.741162" lon="-16.772951">
        <ele>222.0</ele>
        <time>2022-03-06T11:43:55.347Z</time>
      </trkpt>
      <trkpt lat="32.741000" lon="-16.772930">
        <ele>223.0</ele>
        <time>2022-03-06T11:44:11.548Z</time>
      </trkpt>
      <trkpt lat="32.740951" lon="-16.772901">
        <ele>223.0</ele>
        <time>2022-03-06T11:44:16.993Z</time>
      </trkpt>
      <trkpt lat="32.740912" lon="-16.772850">
        <ele>223.0</ele>
        <time>2022-03-06T11:44:22.739Z</time>
      </trkpt>
      <trkpt lat="32.740888" lon="-16.772791">
        <ele>222.0</ele>
        <time>2022-03-06T11:44:28.291Z</time>
      </trkpt>
      <trkpt lat="32.740855" lon="-16.772744">
        <ele>222.0</ele>
        <time>2022-03-06T11:44:33.402Z</time>
      </trkpt>
      <trkpt lat="32.740831" lon="-16.772692">
        <ele>222.0</ele>
        <time>2022-03-06T11:44:38.361Z</time>
      </trkpt>
      <trkpt lat="32.740784" lon="-16.772600">
        <ele>222.0</ele>
        <time>2022-03-06T11:44:47.348Z</time>
      </trkpt>
      <trkpt lat="32.740765" lon="-16.772532">
        <ele>222.0</ele>
        <time>2022-03-06T11:44:53.324Z</time>
      </trkpt>
      <trkpt lat="32.740734" lon="-16.772431">
        <ele>221.0</ele>
        <time>2022-03-06T11:45:02.355Z</time>
      </trkpt>
      <trkpt lat="32.740721" lon="-16.772402">
        <ele>221.0</ele>
        <time>2022-03-06T11:45:05.103Z</time>
      </trkpt>
      <trkpt lat="32.740682" lon="-16.772348">
        <ele>221.0</ele>
        <time>2022-03-06T11:45:11.038Z</time>
      </trkpt>
      <trkpt lat="32.740626" lon="-16.772284">
        <ele>221.0</ele>
        <time>2022-03-06T11:45:18.753Z</time>
      </trkpt>
      <trkpt lat="32.740597" lon="-16.772245">
        <ele>222.0</ele>
        <time>2022-03-06T11:45:23.184Z</time>
      </trkpt>
      <trkpt lat="32.740557" lon="-16.772216">
        <ele>222.0</ele>
        <time>2022-03-06T11:45:27.843Z</time>
      </trkpt>
      <trkpt lat="32.740506" lon="-16.772223">
        <ele>222.0</ele>
        <time>2022-03-06T11:45:32.936Z</time>
      </trkpt>
      <trkpt lat="32.740455" lon="-16.772252">
        <ele>222.0</ele>
        <time>2022-03-06T11:45:38.546Z</time>
      </trkpt>
      <trkpt lat="32.740364" lon="-16.772323">
        <ele>222.0</ele>
        <time>2022-03-06T11:45:49.361Z</time>
      </trkpt>
      <trkpt lat="32.740335" lon="-16.772337">
        <ele>222.0</ele>
        <time>2022-03-06T11:45:52.465Z</time>
      </trkpt>
      <trkpt lat="32.740252" lon="-16.772420">
        <ele>222.0</ele>
        <time>2022-03-06T11:46:03.233Z</time>
      </trkpt>
      <trkpt lat="32.740207" lon="-16.772473">
        <ele>222.0</ele>
        <time>2022-03-06T11:46:09.538Z</time>
      </trkpt>
      <trkpt lat="32.740164" lon="-16.772570">
        <ele>221.0</ele>
        <time>2022-03-06T11:46:18.729Z</time>
      </trkpt>
      <trkpt lat="32.740098" lon="-16.772670">
        <ele>221.0</ele>
        <time>2022-03-06T11:46:29.354Z</time>
      </trkpt>
      <trkpt lat="32.740078" lon="-16.772690">
        <ele>221.0</ele>
        <time>2022-03-06T11:46:31.943Z</time>
      </trkpt>
      <trkpt lat="32.740024" lon="-16.772690">
        <ele>221.0</ele>
        <time>2022-03-06T11:46:37.319Z</time>
      </trkpt>
      <trkpt lat="32.739983" lon="-16.772659">
        <ele>220.0</ele>
        <time>2022-03-06T11:46:42.216Z</time>
      </trkpt>
      <trkpt lat="32.739968" lon="-16.772630">
        <ele>220.0</ele>
        <time>2022-03-06T11:46:45.063Z</time>
      </trkpt>
      <trkpt lat="32.739916" lon="-16.772474">
        <ele>220.0</ele>
        <time>2022-03-06T11:46:59.070Z</time>
      </trkpt>
      <trkpt lat="32.739866" lon="-16.772276">
        <ele>220.0</ele>
        <time>2022-03-06T11:47:16.349Z</time>
      </trkpt>
      <trkpt lat="32.739836" lon="-16.772221">
        <ele>220.0</ele>
        <time>2022-03-06T11:47:21.822Z</time>
      </trkpt>
      <trkpt lat="32.739795" lon="-16.772174">
        <ele>220.0</ele>
        <time>2022-03-06T11:47:27.479Z</time>
      </trkpt>
      <trkpt lat="32.739718" lon="-16.772116">
        <ele>220.0</ele>
        <time>2022-03-06T11:47:36.527Z</time>
      </trkpt>
      <trkpt lat="32.739659" lon="-16.772096">
        <ele>220.0</ele>
        <time>2022-03-06T11:47:42.618Z</time>
      </trkpt>
      <trkpt lat="32.739607" lon="-16.772101">
        <ele>220.0</ele>
        <time>2022-03-06T11:47:47.792Z</time>
      </trkpt>
      <trkpt lat="32.739564" lon="-16.772122">
        <ele>220.0</ele>
        <time>2022-03-06T11:47:52.416Z</time>
      </trkpt>
      <trkpt lat="32.739533" lon="-16.772177">
        <ele>220.0</ele>
        <time>2022-03-06T11:47:57.936Z</time>
      </trkpt>
      <trkpt lat="32.739528" lon="-16.772280">
        <ele>220.0</ele>
        <time>2022-03-06T11:48:06.547Z</time>
      </trkpt>
      <trkpt lat="32.739530" lon="-16.772355">
        <ele>221.0</ele>
        <time>2022-03-06T11:48:12.887Z</time>
      </trkpt>
      <trkpt lat="32.739518" lon="-16.772387">
        <ele>221.0</ele>
        <time>2022-03-06T11:48:15.817Z</time>
      </trkpt>
      <trkpt lat="32.739465" lon="-16.772474">
        <ele>221.0</ele>
        <time>2022-03-06T11:48:24.788Z</time>
      </trkpt>
      <trkpt lat="32.739386" lon="-16.772568">
        <ele>221.0</ele>
        <time>2022-03-06T11:48:35.875Z</time>
      </trkpt>
      <trkpt lat="32.739373" lon="-16.772620">
        <ele>221.0</ele>
        <time>2022-03-06T11:48:40.417Z</time>
      </trkpt>
      <trkpt lat="32.739327" lon="-16.772733">
        <ele>221.0</ele>
        <time>2022-03-06T11:48:50.901Z</time>
      </trkpt>
      <trkpt lat="32.739298" lon="-16.772862">
        <ele>221.0</ele>
        <time>2022-03-06T11:49:02.046Z</time>
      </trkpt>
      <trkpt lat="32.739261" lon="-16.772977">
        <ele>221.0</ele>
        <time>2022-03-06T11:49:12.333Z</time>
      </trkpt>
      <trkpt lat="32.739244" lon="-16.773045">
        <ele>221.0</ele>
        <time>2022-03-06T11:49:18.260Z</time>
      </trkpt>
      <trkpt lat="32.739190" lon="-16.773129">
        <ele>221.0</ele>
        <time>2022-03-06T11:49:27.100Z</time>
      </trkpt>
      <trkpt lat="32.739166" lon="-16.773239">
        <ele>220.0</ele>
        <time>2022-03-06T11:49:36.630Z</time>
      </trkpt>
      <trkpt lat="32.739131" lon="-16.773296">
        <ele>220.0</ele>
        <time>2022-03-06T11:49:42.514Z</time>
      </trkpt>
      <trkpt lat="32.739107" lon="-16.773323">
        <ele>219.0</ele>
        <time>2022-03-06T11:49:45.924Z</time>
      </trkpt>
      <trkpt lat="32.739107" lon="-16.773290">
        <ele>219.0</ele>
        <time>2022-03-06T11:49:48.681Z</time>
      </trkpt>
      <trkpt lat="32.739103" lon="-16.773264">
        <ele>220.5</ele>
        <time>2022-03-06T11:49:51.257Z</time>
      </trkpt>
      <trkpt lat="32.739073" lon="-16.773276">
        <ele>221.0</ele>
        <time>2022-03-06T11:49:54.436Z</time>
      </trkpt>
      <trkpt lat="32.739056" lon="-16.773269">
        <ele>221.0</ele>
        <time>2022-03-06T11:49:56.229Z</time>
      </trkpt>
      <trkpt lat="32.739062" lon="-16.773224">
        <ele>221.0</ele>
        <time>2022-03-06T11:50:00.879Z</time>
      </trkpt>
      <trkpt lat="32.739053" lon="-16.773204">
        <ele>221.0</ele>
        <time>2022-03-06T11:50:04.166Z</time>
      </trkpt>
      <trkpt lat="32.739042" lon="-16.773151">
        <ele>221.0</ele>
        <time>2022-03-06T11:50:09.239Z</time>
      </trkpt>
      <trkpt lat="32.739020" lon="-16.773134">
        <ele>221.0</ele>
        <time>2022-03-06T11:50:12.175Z</time>
      </trkpt>
      <trkpt lat="32.739005" lon="-16.773086">
        <ele>221.0</ele>
        <time>2022-03-06T11:50:17.134Z</time>
      </trkpt>
      <trkpt lat="32.738996" lon="-16.773016">
        <ele>221.0</ele>
        <time>2022-03-06T11:50:23.360Z</time>
      </trkpt>
      <trkpt lat="32.738974" lon="-16.772987">
        <ele>221.0</ele>
        <time>2022-03-06T11:50:26.739Z</time>
      </trkpt>
      <trkpt lat="32.738936" lon="-16.772956">
        <ele>221.0</ele>
        <time>2022-03-06T11:50:31.406Z</time>
      </trkpt>
      <trkpt lat="32.738875" lon="-16.772977">
        <ele>221.0</ele>
        <time>2022-03-06T11:50:37.713Z</time>
      </trkpt>
      <trkpt lat="32.738786" lon="-16.772976">
        <ele>221.0</ele>
        <time>2022-03-06T11:50:46.715Z</time>
      </trkpt>
      <trkpt lat="32.738770" lon="-16.772964">
        <ele>221.0</ele>
        <time>2022-03-06T11:50:48.597Z</time>
      </trkpt>
      <trkpt lat="32.738703" lon="-16.772928">
        <ele>221.0</ele>
        <time>2022-03-06T11:50:55.903Z</time>
      </trkpt>
      <trkpt lat="32.738609" lon="-16.772859">
        <ele>221.0</ele>
        <time>2022-03-06T11:51:07.434Z</time>
      </trkpt>
      <trkpt lat="32.738533" lon="-16.772827">
        <ele>221.0</ele>
        <time>2022-03-06T11:51:15.562Z</time>
      </trkpt>
      <trkpt lat="32.738435" lon="-16.772795">
        <ele>221.0</ele>
        <time>2022-03-06T11:51:25.655Z</time>
      </trkpt>
      <trkpt lat="32.738411" lon="-16.772795">
        <ele>221.0</ele>
        <time>2022-03-06T11:51:28.798Z</time>
      </trkpt>
      <trkpt lat="32.738345" lon="-16.772817">
        <ele>221.0</ele>
        <time>2022-03-06T11:51:35.639Z</time>
      </trkpt>
      <trkpt lat="32.738299" lon="-16.772822">
        <ele>221.0</ele>
        <time>2022-03-06T11:51:40.673Z</time>
      </trkpt>
      <trkpt lat="32.738215" lon="-16.772835">
        <ele>221.0</ele>
        <time>2022-03-06T11:51:49.221Z</time>
      </trkpt>
      <trkpt lat="32.738131" lon="-16.772808">
        <ele>221.0</ele>
        <time>2022-03-06T11:51:57.860Z</time>
      </trkpt>
      <trkpt lat="32.738092" lon="-16.772826">
        <ele>221.0</ele>
        <time>2022-03-06T11:52:02.002Z</time>
      </trkpt>
      <trkpt lat="32.738017" lon="-16.772881">
        <ele>221.0</ele>
        <time>2022-03-06T11:52:10.760Z</time>
      </trkpt>
      <trkpt lat="32.737975" lon="-16.772937">
        <ele>221.0</ele>
        <time>2022-03-06T11:52:17.020Z</time>
      </trkpt>
      <trkpt lat="32.737906" lon="-16.773099">
        <ele>221.0</ele>
        <time>2022-03-06T11:52:32.198Z</time>
      </trkpt>
      <trkpt lat="32.737872" lon="-16.773242">
        <ele>222.0</ele>
        <time>2022-03-06T11:52:44.644Z</time>
      </trkpt>
      <trkpt lat="32.737821" lon="-16.773316">
        <ele>222.0</ele>
        <time>2022-03-06T11:52:52.625Z</time>
      </trkpt>
      <trkpt lat="32.737806" lon="-16.773434">
        <ele>221.0</ele>
        <time>2022-03-06T11:53:02.635Z</time>
      </trkpt>
      <trkpt lat="32.737807" lon="-16.773525">
        <ele>221.0</ele>
        <time>2022-03-06T11:53:10.239Z</time>
      </trkpt>
      <trkpt lat="32.737797" lon="-16.773657">
        <ele>221.0</ele>
        <time>2022-03-06T11:53:21.305Z</time>
      </trkpt>
      <trkpt lat="32.737777" lon="-16.773716">
        <ele>221.0</ele>
        <time>2022-03-06T11:53:26.617Z</time>
      </trkpt>
      <trkpt lat="32.737726" lon="-16.773798">
        <ele>220.0</ele>
        <time>2022-03-06T11:53:35.199Z</time>
      </trkpt>
      <trkpt lat="32.737714" lon="-16.773828">
        <ele>220.0</ele>
        <time>2022-03-06T11:53:37.970Z</time>
      </trkpt>
      <trkpt lat="32.737677" lon="-16.773861">
        <ele>220.0</ele>
        <time>2022-03-06T11:53:42.560Z</time>
      </trkpt>
      <trkpt lat="32.737635" lon="-16.773847">
        <ele>220.0</ele>
        <time>2022-03-06T11:53:46.881Z</time>
      </trkpt>
      <trkpt lat="32.737615" lon="-16.773831">
        <ele>220.0</ele>
        <time>2022-03-06T11:53:49.289Z</time>
      </trkpt>
      <trkpt lat="32.737550" lon="-16.773724">
        <ele>221.0</ele>
        <time>2022-03-06T11:54:00.340Z</time>
      </trkpt>
      <trkpt lat="32.737520" lon="-16.773661">
        <ele>221.0</ele>
        <time>2022-03-06T11:54:06.389Z</time>
      </trkpt>
      <trkpt lat="32.737482" lon="-16.773613">
        <ele>221.0</ele>
        <time>2022-03-06T11:54:11.895Z</time>
      </trkpt>
      <trkpt lat="32.737415" lon="-16.773542">
        <ele>221.0</ele>
        <time>2022-03-06T11:54:20.816Z</time>
      </trkpt>
      <trkpt lat="32.737322" lon="-16.773492">
        <ele>221.0</ele>
        <time>2022-03-06T11:54:30.954Z</time>
      </trkpt>
      <trkpt lat="32.737271" lon="-16.773473">
        <ele>221.0</ele>
        <time>2022-03-06T11:54:36.256Z</time>
      </trkpt>
      <trkpt lat="32.737158" lon="-16.773453">
        <ele>221.0</ele>
        <time>2022-03-06T11:54:47.598Z</time>
      </trkpt>
      <trkpt lat="32.737129" lon="-16.773455">
        <ele>221.0</ele>
        <time>2022-03-06T11:54:50.483Z</time>
      </trkpt>
      <trkpt lat="32.737058" lon="-16.773489">
        <ele>222.0</ele>
        <time>2022-03-06T11:54:58.129Z</time>
      </trkpt>
      <trkpt lat="32.737021" lon="-16.773521">
        <ele>222.0</ele>
        <time>2022-03-06T11:55:02.677Z</time>
      </trkpt>
      <trkpt lat="32.736938" lon="-16.773561">
        <ele>222.0</ele>
        <time>2022-03-06T11:55:11.571Z</time>
      </trkpt>
      <trkpt lat="32.736779" lon="-16.773603">
        <ele>222.0</ele>
        <time>2022-03-06T11:55:27.752Z</time>
      </trkpt>
      <trkpt lat="32.736667" lon="-16.773588">
        <ele>222.0</ele>
        <time>2022-03-06T11:55:38.942Z</time>
      </trkpt>
      <trkpt lat="32.736615" lon="-16.773571">
        <ele>222.0</ele>
        <time>2022-03-06T11:55:44.297Z</time>
      </trkpt>
      <trkpt lat="32.736508" lon="-16.773554">
        <ele>221.0</ele>
        <time>2022-03-06T11:55:55.048Z</time>
      </trkpt>
      <trkpt lat="32.736366" lon="-16.773551">
        <ele>221.0</ele>
        <time>2022-03-06T11:56:09.151Z</time>
      </trkpt>
      <trkpt lat="32.736310" lon="-16.773556">
        <ele>221.0</ele>
        <time>2022-03-06T11:56:14.727Z</time>
      </trkpt>
      <trkpt lat="32.736188" lon="-16.773551">
        <ele>220.0</ele>
        <time>2022-03-06T11:56:26.885Z</time>
      </trkpt>
      <trkpt lat="32.736068" lon="-16.773538">
        <ele>220.0</ele>
        <time>2022-03-06T11:56:38.854Z</time>
      </trkpt>
      <trkpt lat="32.735913" lon="-16.773524">
        <ele>221.0</ele>
        <time>2022-03-06T11:56:54.323Z</time>
      </trkpt>
      <trkpt lat="32.735887" lon="-16.773527">
        <ele>221.0</ele>
        <time>2022-03-06T11:56:56.915Z</time>
      </trkpt>
      <trkpt lat="32.735794" lon="-16.773528">
        <ele>221.0</ele>
        <time>2022-03-06T11:57:06.138Z</time>
      </trkpt>
      <trkpt lat="32.735738" lon="-16.773508">
        <ele>221.0</ele>
        <time>2022-03-06T11:57:11.942Z</time>
      </trkpt>
      <trkpt lat="32.735716" lon="-16.773491">
        <ele>221.0</ele>
        <time>2022-03-06T11:57:14.562Z</time>
      </trkpt>
      <trkpt lat="32.735679" lon="-16.773447">
        <ele>223.0</ele>
        <time>2022-03-06T11:57:20.045Z</time>
      </trkpt>
      <trkpt lat="32.735591" lon="-16.773355">
        <ele>223.0</ele>
        <time>2022-03-06T11:57:31.684Z</time>
      </trkpt>
      <trkpt lat="32.735544" lon="-16.773322">
        <ele>223.0</ele>
        <time>2022-03-06T11:57:37.115Z</time>
      </trkpt>
      <trkpt lat="32.735412" lon="-16.773212">
        <ele>222.0</ele>
        <time>2022-03-06T11:57:53.139Z</time>
      </trkpt>
      <trkpt lat="32.735282" lon="-16.773144">
        <ele>222.0</ele>
        <time>2022-03-06T11:58:07.254Z</time>
      </trkpt>
      <trkpt lat="32.735224" lon="-16.773111">
        <ele>221.0</ele>
        <time>2022-03-06T11:58:13.701Z</time>
      </trkpt>
      <trkpt lat="32.735133" lon="-16.773075">
        <ele>220.0</ele>
        <time>2022-03-06T11:58:23.252Z</time>
      </trkpt>
      <trkpt lat="32.735109" lon="-16.773051">
        <ele>220.0</ele>
        <time>2022-03-06T11:58:26.375Z</time>
      </trkpt>
      <trkpt lat="32.735073" lon="-16.772994">
        <ele>220.0</ele>
        <time>2022-03-06T11:58:32.320Z</time>
      </trkpt>
      <trkpt lat="32.735053" lon="-16.772932">
        <ele>220.0</ele>
        <time>2022-03-06T11:58:37.873Z</time>
      </trkpt>
      <trkpt lat="32.735038" lon="-16.772837">
        <ele>220.0</ele>
        <time>2022-03-06T11:58:45.950Z</time>
      </trkpt>
      <trkpt lat="32.735034" lon="-16.772733">
        <ele>220.0</ele>
        <time>2022-03-06T11:58:54.639Z</time>
      </trkpt>
      <trkpt lat="32.735021" lon="-16.772666">
        <ele>220.0</ele>
        <time>2022-03-06T11:59:00.389Z</time>
      </trkpt>
      <trkpt lat="32.735009" lon="-16.772565">
        <ele>220.0</ele>
        <time>2022-03-06T11:59:08.916Z</time>
      </trkpt>
      <trkpt lat="32.735021" lon="-16.772491">
        <ele>220.0</ele>
        <time>2022-03-06T11:59:15.203Z</time>
      </trkpt>
      <trkpt lat="32.735070" lon="-16.772276">
        <ele>220.0</ele>
        <time>2022-03-06T11:59:33.819Z</time>
      </trkpt>
      <trkpt lat="32.735080" lon="-16.772206">
        <ele>220.0</ele>
        <time>2022-03-06T11:59:39.740Z</time>
      </trkpt>
      <trkpt lat="32.735129" lon="-16.772043">
        <ele>219.0</ele>
        <time>2022-03-06T11:59:54.226Z</time>
      </trkpt>
      <trkpt lat="32.735165" lon="-16.771864">
        <ele>219.0</ele>
        <time>2022-03-06T12:00:09.600Z</time>
      </trkpt>
      <trkpt lat="32.735161" lon="-16.771687">
        <ele>218.0</ele>
        <time>2022-03-06T12:00:24.419Z</time>
      </trkpt>
      <trkpt lat="32.735173" lon="-16.771578">
        <ele>218.0</ele>
        <time>2022-03-06T12:00:33.597Z</time>
      </trkpt>
      <trkpt lat="32.735170" lon="-16.771466">
        <ele>218.0</ele>
        <time>2022-03-06T12:00:42.957Z</time>
      </trkpt>
      <trkpt lat="32.735139" lon="-16.771357">
        <ele>219.0</ele>
        <time>2022-03-06T12:00:52.618Z</time>
      </trkpt>
      <trkpt lat="32.735112" lon="-16.771250">
        <ele>219.0</ele>
        <time>2022-03-06T12:01:01.947Z</time>
      </trkpt>
      <trkpt lat="32.735095" lon="-16.771135">
        <ele>219.0</ele>
        <time>2022-03-06T12:01:11.699Z</time>
      </trkpt>
      <trkpt lat="32.735092" lon="-16.771026">
        <ele>219.0</ele>
        <time>2022-03-06T12:01:20.806Z</time>
      </trkpt>
      <trkpt lat="32.735085" lon="-16.770958">
        <ele>219.0</ele>
        <time>2022-03-06T12:01:26.534Z</time>
      </trkpt>
      <trkpt lat="32.735077" lon="-16.770814">
        <ele>219.0</ele>
        <time>2022-03-06T12:01:38.590Z</time>
      </trkpt>
      <trkpt lat="32.735058" lon="-16.770708">
        <ele>217.0</ele>
        <time>2022-03-06T12:01:47.812Z</time>
      </trkpt>
      <trkpt lat="32.735058" lon="-16.770568">
        <ele>217.0</ele>
        <time>2022-03-06T12:01:59.504Z</time>
      </trkpt>
      <trkpt lat="32.735082" lon="-16.770423">
        <ele>217.0</ele>
        <time>2022-03-06T12:02:11.848Z</time>
      </trkpt>
      <trkpt lat="32.735099" lon="-16.770321">
        <ele>217.0</ele>
        <time>2022-03-06T12:02:20.544Z</time>
      </trkpt>
      <trkpt lat="32.735104" lon="-16.770138">
        <ele>217.0</ele>
        <time>2022-03-06T12:02:35.830Z</time>
      </trkpt>
      <trkpt lat="32.735104" lon="-16.770067">
        <ele>217.0</ele>
        <time>2022-03-06T12:02:41.764Z</time>
      </trkpt>
      <trkpt lat="32.735082" lon="-16.769921">
        <ele>217.0</ele>
        <time>2022-03-06T12:02:54.159Z</time>
      </trkpt>
      <trkpt lat="32.735100" lon="-16.769822">
        <ele>217.0</ele>
        <time>2022-03-06T12:03:02.615Z</time>
      </trkpt>
      <trkpt lat="32.735104" lon="-16.769636">
        <ele>217.0</ele>
        <time>2022-03-06T12:03:18.163Z</time>
      </trkpt>
      <trkpt lat="32.735134" lon="-16.769500">
        <ele>217.0</ele>
        <time>2022-03-06T12:03:29.905Z</time>
      </trkpt>
      <trkpt lat="32.735146" lon="-16.769468">
        <ele>217.0</ele>
        <time>2022-03-06T12:03:32.827Z</time>
      </trkpt>
      <trkpt lat="32.735158" lon="-16.769406">
        <ele>217.0</ele>
        <time>2022-03-06T12:03:38.145Z</time>
      </trkpt>
      <trkpt lat="32.735202" lon="-16.769313">
        <ele>217.0</ele>
        <time>2022-03-06T12:03:47.056Z</time>
      </trkpt>
      <trkpt lat="32.735222" lon="-16.769248">
        <ele>217.0</ele>
        <time>2022-03-06T12:03:52.826Z</time>
      </trkpt>
      <trkpt lat="32.735237" lon="-16.769217">
        <ele>217.0</ele>
        <time>2022-03-06T12:03:55.819Z</time>
      </trkpt>
      <trkpt lat="32.735271" lon="-16.769120">
        <ele>217.0</ele>
        <time>2022-03-06T12:04:04.603Z</time>
      </trkpt>
      <trkpt lat="32.735300" lon="-16.768985">
        <ele>217.0</ele>
        <time>2022-03-06T12:04:16.236Z</time>
      </trkpt>
      <trkpt lat="32.735293" lon="-16.768923">
        <ele>217.0</ele>
        <time>2022-03-06T12:04:21.465Z</time>
      </trkpt>
      <trkpt lat="32.735271" lon="-16.768796">
        <ele>217.0</ele>
        <time>2022-03-06T12:04:32.299Z</time>
      </trkpt>
      <trkpt lat="32.735251" lon="-16.768731">
        <ele>217.0</ele>
        <time>2022-03-06T12:04:38.076Z</time>
      </trkpt>
      <trkpt lat="32.735161" lon="-16.768591">
        <ele>217.0</ele>
        <time>2022-03-06T12:04:52.784Z</time>
      </trkpt>
      <trkpt lat="32.735109" lon="-16.768467">
        <ele>217.0</ele>
        <time>2022-03-06T12:05:04.368Z</time>
      </trkpt>
      <trkpt lat="32.735104" lon="-16.768431">
        <ele>217.0</ele>
        <time>2022-03-06T12:05:07.416Z</time>
      </trkpt>
      <trkpt lat="32.735114" lon="-16.768348">
        <ele>217.0</ele>
        <time>2022-03-06T12:05:14.416Z</time>
      </trkpt>
      <trkpt lat="32.735126" lon="-16.768173">
        <ele>217.0</ele>
        <time>2022-03-06T12:05:29.084Z</time>
      </trkpt>
      <trkpt lat="32.735112" lon="-16.768102">
        <ele>217.0</ele>
        <time>2022-03-06T12:05:35.171Z</time>
      </trkpt>
      <trkpt lat="32.735102" lon="-16.768003">
        <ele>217.0</ele>
        <time>2022-03-06T12:05:43.505Z</time>
      </trkpt>
      <trkpt lat="32.735080" lon="-16.767953">
        <ele>217.0</ele>
        <time>2022-03-06T12:05:48.221Z</time>
      </trkpt>
      <trkpt lat="32.735028" lon="-16.767880">
        <ele>217.0</ele>
        <time>2022-03-06T12:05:56.215Z</time>
      </trkpt>
      <trkpt lat="32.734962" lon="-16.767815">
        <ele>217.0</ele>
        <time>2022-03-06T12:06:04.723Z</time>
      </trkpt>
      <trkpt lat="32.734838" lon="-16.767734">
        <ele>217.0</ele>
        <time>2022-03-06T12:06:18.768Z</time>
      </trkpt>
      <trkpt lat="32.734804" lon="-16.767722">
        <ele>217.0</ele>
        <time>2022-03-06T12:06:22.291Z</time>
      </trkpt>
      <trkpt lat="32.734677" lon="-16.767746">
        <ele>217.0</ele>
        <time>2022-03-06T12:06:35.068Z</time>
      </trkpt>
      <trkpt lat="32.734615" lon="-16.767776">
        <ele>217.0</ele>
        <time>2022-03-06T12:06:41.701Z</time>
      </trkpt>
      <trkpt lat="32.734556" lon="-16.767791">
        <ele>217.0</ele>
        <time>2022-03-06T12:06:47.692Z</time>
      </trkpt>
      <trkpt lat="32.734424" lon="-16.767788">
        <ele>217.0</ele>
        <time>2022-03-06T12:07:00.811Z</time>
      </trkpt>
      <trkpt lat="32.734295" lon="-16.767783">
        <ele>217.0</ele>
        <time>2022-03-06T12:07:13.621Z</time>
      </trkpt>
      <trkpt lat="32.734248" lon="-16.767816">
        <ele>219.0</ele>
        <time>2022-03-06T12:07:19.337Z</time>
      </trkpt>
      <trkpt lat="32.734204" lon="-16.767872">
        <ele>219.0</ele>
        <time>2022-03-06T12:07:25.732Z</time>
      </trkpt>
      <trkpt lat="32.734146" lon="-16.767909">
        <ele>219.0</ele>
        <time>2022-03-06T12:07:32.264Z</time>
      </trkpt>
      <trkpt lat="32.734056" lon="-16.768017">
        <ele>219.0</ele>
        <time>2022-03-06T12:07:44.972Z</time>
      </trkpt>
      <trkpt lat="32.734011" lon="-16.768053">
        <ele>219.0</ele>
        <time>2022-03-06T12:07:50.347Z</time>
      </trkpt>
      <trkpt lat="32.733881" lon="-16.768105">
        <ele>219.0</ele>
        <time>2022-03-06T12:08:03.976Z</time>
      </trkpt>
      <trkpt lat="32.733806" lon="-16.768172">
        <ele>218.0</ele>
        <time>2022-03-06T12:08:13.333Z</time>
      </trkpt>
      <trkpt lat="32.733755" lon="-16.768214">
        <ele>217.0</ele>
        <time>2022-03-06T12:08:19.572Z</time>
      </trkpt>
      <trkpt lat="32.733671" lon="-16.768375">
        <ele>217.0</ele>
        <time>2022-03-06T12:08:35.393Z</time>
      </trkpt>
      <trkpt lat="32.733630" lon="-16.768437">
        <ele>217.0</ele>
        <time>2022-03-06T12:08:41.976Z</time>
      </trkpt>
      <trkpt lat="32.733601" lon="-16.768460">
        <ele>217.0</ele>
        <time>2022-03-06T12:08:45.436Z</time>
      </trkpt>
      <trkpt lat="32.733505" lon="-16.768554">
        <ele>218.0</ele>
        <time>2022-03-06T12:08:57.825Z</time>
      </trkpt>
      <trkpt lat="32.733444" lon="-16.768583">
        <ele>218.0</ele>
        <time>2022-03-06T12:09:04.350Z</time>
      </trkpt>
      <trkpt lat="32.733421" lon="-16.768605">
        <ele>218.0</ele>
        <time>2022-03-06T12:09:07.276Z</time>
      </trkpt>
      <trkpt lat="32.733341" lon="-16.768630">
        <ele>218.0</ele>
        <time>2022-03-06T12:09:15.487Z</time>
      </trkpt>
      <trkpt lat="32.733287" lon="-16.768615">
        <ele>218.0</ele>
        <time>2022-03-06T12:09:20.989Z</time>
      </trkpt>
      <trkpt lat="32.733256" lon="-16.768552">
        <ele>218.0</ele>
        <time>2022-03-06T12:09:27.089Z</time>
      </trkpt>
      <trkpt lat="32.733254" lon="-16.768499">
        <ele>218.0</ele>
        <time>2022-03-06T12:09:31.517Z</time>
      </trkpt>
      <trkpt lat="32.733241" lon="-16.768435">
        <ele>218.0</ele>
        <time>2022-03-06T12:09:37.021Z</time>
      </trkpt>
      <trkpt lat="32.733214" lon="-16.768370">
        <ele>217.0</ele>
        <time>2022-03-06T12:09:43.145Z</time>
      </trkpt>
      <trkpt lat="32.733177" lon="-16.768315">
        <ele>217.0</ele>
        <time>2022-03-06T12:09:49.020Z</time>
      </trkpt>
      <trkpt lat="32.733111" lon="-16.768186">
        <ele>217.0</ele>
        <time>2022-03-06T12:10:01.628Z</time>
      </trkpt>
      <trkpt lat="32.733070" lon="-16.768146">
        <ele>217.0</ele>
        <time>2022-03-06T12:10:06.905Z</time>
      </trkpt>
      <trkpt lat="32.732979" lon="-16.768106">
        <ele>217.0</ele>
        <time>2022-03-06T12:10:16.544Z</time>
      </trkpt>
      <trkpt lat="32.732855" lon="-16.768117">
        <ele>217.0</ele>
        <time>2022-03-06T12:10:28.881Z</time>
      </trkpt>
      <trkpt lat="32.732767" lon="-16.768105">
        <ele>217.0</ele>
        <time>2022-03-06T12:10:37.679Z</time>
      </trkpt>
      <trkpt lat="32.732661" lon="-16.768120">
        <ele>216.0</ele>
        <time>2022-03-06T12:10:48.327Z</time>
      </trkpt>
      <trkpt lat="32.732578" lon="-16.768155">
        <ele>216.0</ele>
        <time>2022-03-06T12:10:57.073Z</time>
      </trkpt>
      <trkpt lat="32.732522" lon="-16.768161">
        <ele>216.0</ele>
        <time>2022-03-06T12:11:02.655Z</time>
      </trkpt>
      <trkpt lat="32.732470" lon="-16.768143">
        <ele>216.0</ele>
        <time>2022-03-06T12:11:08.032Z</time>
      </trkpt>
      <trkpt lat="32.732451" lon="-16.768124">
        <ele>215.0</ele>
        <time>2022-03-06T12:11:10.647Z</time>
      </trkpt>
      <trkpt lat="32.732382" lon="-16.768014">
        <ele>215.0</ele>
        <time>2022-03-06T12:11:22.111Z</time>
      </trkpt>
      <trkpt lat="32.732366" lon="-16.767945">
        <ele>215.0</ele>
        <time>2022-03-06T12:11:28.093Z</time>
      </trkpt>
      <trkpt lat="32.732375" lon="-16.767889">
        <ele>215.0</ele>
        <time>2022-03-06T12:11:32.853Z</time>
      </trkpt>
      <trkpt lat="32.732390" lon="-16.767858">
        <ele>215.0</ele>
        <time>2022-03-06T12:11:35.845Z</time>
      </trkpt>
      <trkpt lat="32.732444" lon="-16.767768">
        <ele>217.0</ele>
        <time>2022-03-06T12:11:45.250Z</time>
      </trkpt>
      <trkpt lat="32.732485" lon="-16.767716">
        <ele>217.0</ele>
        <time>2022-03-06T12:11:51.207Z</time>
      </trkpt>
      <trkpt lat="32.732535" lon="-16.767683">
        <ele>217.0</ele>
        <time>2022-03-06T12:11:56.882Z</time>
      </trkpt>
      <trkpt lat="32.732554" lon="-16.767628">
        <ele>217.0</ele>
        <time>2022-03-06T12:12:01.845Z</time>
      </trkpt>
      <trkpt lat="32.732569" lon="-16.767535">
        <ele>217.0</ele>
        <time>2022-03-06T12:12:09.760Z</time>
      </trkpt>
      <trkpt lat="32.732576" lon="-16.767390">
        <ele>217.0</ele>
        <time>2022-03-06T12:12:21.892Z</time>
      </trkpt>
      <trkpt lat="32.732581" lon="-16.767358">
        <ele>217.0</ele>
        <time>2022-03-06T12:12:24.614Z</time>
      </trkpt>
      <trkpt lat="32.732605" lon="-16.767314">
        <ele>217.0</ele>
        <time>2022-03-06T12:12:28.986Z</time>
      </trkpt>
      <trkpt lat="32.732679" lon="-16.767271">
        <ele>217.0</ele>
        <time>2022-03-06T12:12:37.178Z</time>
      </trkpt>
      <trkpt lat="32.732767" lon="-16.767242">
        <ele>217.0</ele>
        <time>2022-03-06T12:12:46.248Z</time>
      </trkpt>
      <trkpt lat="32.732850" lon="-16.767186">
        <ele>217.0</ele>
        <time>2022-03-06T12:12:55.722Z</time>
      </trkpt>
      <trkpt lat="32.732908" lon="-16.767137">
        <ele>217.0</ele>
        <time>2022-03-06T12:13:02.786Z</time>
      </trkpt>
      <trkpt lat="32.733008" lon="-16.767033">
        <ele>215.0</ele>
        <time>2022-03-06T12:13:16.090Z</time>
      </trkpt>
      <trkpt lat="32.733063" lon="-16.766940">
        <ele>215.0</ele>
        <time>2022-03-06T12:13:25.597Z</time>
      </trkpt>
      <trkpt lat="32.733099" lon="-16.766884">
        <ele>215.0</ele>
        <time>2022-03-06T12:13:31.476Z</time>
      </trkpt>
      <trkpt lat="32.733136" lon="-16.766850">
        <ele>215.0</ele>
        <time>2022-03-06T12:13:36.125Z</time>
      </trkpt>
      <trkpt lat="32.733160" lon="-16.766837">
        <ele>215.0</ele>
        <time>2022-03-06T12:13:38.736Z</time>
      </trkpt>
      <trkpt lat="32.733446" lon="-16.766639">
        <ele>216.0</ele>
        <time>2022-03-06T12:14:11.623Z</time>
      </trkpt>
      <trkpt lat="32.733522" lon="-16.766545">
        <ele>216.0</ele>
        <time>2022-03-06T12:14:22.513Z</time>
      </trkpt>
      <trkpt lat="32.733564" lon="-16.766460">
        <ele>216.0</ele>
        <time>2022-03-06T12:14:30.743Z</time>
      </trkpt>
      <trkpt lat="32.733585" lon="-16.766431">
        <ele>216.0</ele>
        <time>2022-03-06T12:14:33.936Z</time>
      </trkpt>
      <trkpt lat="32.733652" lon="-16.766312">
        <ele>215.0</ele>
        <time>2022-03-06T12:14:45.936Z</time>
      </trkpt>
      <trkpt lat="32.733689" lon="-16.766267">
        <ele>215.0</ele>
        <time>2022-03-06T12:14:51.201Z</time>
      </trkpt>
      <trkpt lat="32.733713" lon="-16.766201">
        <ele>215.0</ele>
        <time>2022-03-06T12:14:57.195Z</time>
      </trkpt>
      <trkpt lat="32.733764" lon="-16.765999">
        <ele>215.0</ele>
        <time>2022-03-06T12:15:14.812Z</time>
      </trkpt>
      <trkpt lat="32.733740" lon="-16.765866">
        <ele>215.0</ele>
        <time>2022-03-06T12:15:26.184Z</time>
      </trkpt>
      <trkpt lat="32.733649" lon="-16.765854">
        <ele>215.0</ele>
        <time>2022-03-06T12:15:35.277Z</time>
      </trkpt>
      <trkpt lat="32.733608" lon="-16.765744">
        <ele>215.0</ele>
        <time>2022-03-06T12:15:45.320Z</time>
      </trkpt>
      <trkpt lat="32.733537" lon="-16.765672">
        <ele>215.0</ele>
        <time>2022-03-06T12:15:54.598Z</time>
      </trkpt>
      <trkpt lat="32.733435" lon="-16.765627">
        <ele>215.0</ele>
        <time>2022-03-06T12:16:05.394Z</time>
      </trkpt>
      <trkpt lat="32.733357" lon="-16.765557">
        <ele>215.0</ele>
        <time>2022-03-06T12:16:15.112Z</time>
      </trkpt>
      <trkpt lat="32.733156" lon="-16.765280">
        <ele>215.0</ele>
        <time>2022-03-06T12:16:45.666Z</time>
      </trkpt>
      <trkpt lat="32.733107" lon="-16.765185">
        <ele>215.0</ele>
        <time>2022-03-06T12:16:54.977Z</time>
      </trkpt>
      <trkpt lat="32.733038" lon="-16.764962">
        <ele>215.0</ele>
        <time>2022-03-06T12:17:14.824Z</time>
      </trkpt>
      <trkpt lat="32.733018" lon="-16.764612">
        <ele>215.0</ele>
        <time>2022-03-06T12:17:44.132Z</time>
      </trkpt>
      <trkpt lat="32.732984" lon="-16.764497">
        <ele>215.0</ele>
        <time>2022-03-06T12:17:54.317Z</time>
      </trkpt>
      <trkpt lat="32.732886" lon="-16.764289">
        <ele>215.0</ele>
        <time>2022-03-06T12:18:14.229Z</time>
      </trkpt>
      <trkpt lat="32.732608" lon="-16.763942">
        <ele>215.0</ele>
        <time>2022-03-06T12:18:54.269Z</time>
      </trkpt>
      <trkpt lat="32.732391" lon="-16.763717">
        <ele>215.0</ele>
        <time>2022-03-06T12:19:22.857Z</time>
      </trkpt>
      <trkpt lat="32.732323" lon="-16.763624">
        <ele>215.0</ele>
        <time>2022-03-06T12:19:33.157Z</time>
      </trkpt>
      <trkpt lat="32.732177" lon="-16.763317">
        <ele>215.0</ele>
        <time>2022-03-06T12:20:02.614Z</time>
      </trkpt>
      <trkpt lat="32.732119" lon="-16.763218">
        <ele>215.0</ele>
        <time>2022-03-06T12:20:12.696Z</time>
      </trkpt>
      <trkpt lat="32.732048" lon="-16.763135">
        <ele>215.0</ele>
        <time>2022-03-06T12:20:22.579Z</time>
      </trkpt>
      <trkpt lat="32.731954" lon="-16.763186">
        <ele>215.0</ele>
        <time>2022-03-06T12:20:32.847Z</time>
      </trkpt>
      <trkpt lat="32.731850" lon="-16.763388">
        <ele>215.0</ele>
        <time>2022-03-06T12:20:52.617Z</time>
      </trkpt>
      <trkpt lat="32.731784" lon="-16.763468">
        <ele>215.0</ele>
        <time>2022-03-06T12:21:01.987Z</time>
      </trkpt>
      <trkpt lat="32.731605" lon="-16.763346">
        <ele>215.0</ele>
        <time>2022-03-06T12:21:22.485Z</time>
      </trkpt>
      <trkpt lat="32.731505" lon="-16.763326">
        <ele>215.0</ele>
        <time>2022-03-06T12:21:32.542Z</time>
      </trkpt>
      <trkpt lat="32.731404" lon="-16.763389">
        <ele>215.0</ele>
        <time>2022-03-06T12:21:43.873Z</time>
      </trkpt>
      <trkpt lat="32.731196" lon="-16.763455">
        <ele>215.0</ele>
        <time>2022-03-06T12:22:05.256Z</time>
      </trkpt>
      <trkpt lat="32.730926" lon="-16.763619">
        <ele>215.0</ele>
        <time>2022-03-06T12:22:35.354Z</time>
      </trkpt>
      <trkpt lat="32.730822" lon="-16.763628">
        <ele>215.0</ele>
        <time>2022-03-06T12:22:45.720Z</time>
      </trkpt>
      <trkpt lat="32.730623" lon="-16.763593">
        <ele>215.0</ele>
        <time>2022-03-06T12:23:05.697Z</time>
      </trkpt>
      <trkpt lat="32.730521" lon="-16.763598">
        <ele>215.0</ele>
        <time>2022-03-06T12:23:15.826Z</time>
      </trkpt>
      <trkpt lat="32.730321" lon="-16.763687">
        <ele>215.0</ele>
        <time>2022-03-06T12:23:37.034Z</time>
      </trkpt>
      <trkpt lat="32.730228" lon="-16.763761">
        <ele>215.0</ele>
        <time>2022-03-06T12:23:48.153Z</time>
      </trkpt>
      <trkpt lat="32.730157" lon="-16.763861">
        <ele>215.0</ele>
        <time>2022-03-06T12:23:59.075Z</time>
      </trkpt>
      <trkpt lat="32.730125" lon="-16.763986">
        <ele>215.0</ele>
        <time>2022-03-06T12:24:09.994Z</time>
      </trkpt>
      <trkpt lat="32.729971" lon="-16.764300">
        <ele>215.0</ele>
        <time>2022-03-06T12:24:40.360Z</time>
      </trkpt>
      <trkpt lat="32.729749" lon="-16.764542">
        <ele>215.0</ele>
        <time>2022-03-06T12:25:10.263Z</time>
      </trkpt>
      <trkpt lat="32.729568" lon="-16.764614">
        <ele>215.0</ele>
        <time>2022-03-06T12:25:29.225Z</time>
      </trkpt>
      <trkpt lat="32.729489" lon="-16.764692">
        <ele>215.0</ele>
        <time>2022-03-06T12:25:39.417Z</time>
      </trkpt>
      <trkpt lat="32.729392" lon="-16.764705">
        <ele>215.0</ele>
        <time>2022-03-06T12:25:49.118Z</time>
      </trkpt>
      <trkpt lat="32.729295" lon="-16.764677">
        <ele>215.0</ele>
        <time>2022-03-06T12:25:59.020Z</time>
      </trkpt>
      <trkpt lat="32.728974" lon="-16.764340">
        <ele>215.0</ele>
        <time>2022-03-06T12:26:41.560Z</time>
      </trkpt>
      <trkpt lat="32.728873" lon="-16.764293">
        <ele>215.0</ele>
        <time>2022-03-06T12:26:52.337Z</time>
      </trkpt>
      <trkpt lat="32.728783" lon="-16.764293">
        <ele>215.0</ele>
        <time>2022-03-06T12:27:01.276Z</time>
      </trkpt>
      <trkpt lat="32.728435" lon="-16.764343">
        <ele>215.0</ele>
        <time>2022-03-06T12:27:36.088Z</time>
      </trkpt>
      <trkpt lat="32.728220" lon="-16.764385">
        <ele>215.0</ele>
        <time>2022-03-06T12:27:57.716Z</time>
      </trkpt>
      <trkpt lat="32.727824" lon="-16.764761">
        <ele>215.0</ele>
        <time>2022-03-06T12:28:48.047Z</time>
      </trkpt>
      <trkpt lat="32.727738" lon="-16.764803">
        <ele>215.0</ele>
        <time>2022-03-06T12:28:57.277Z</time>
      </trkpt>
      <trkpt lat="32.727658" lon="-16.764743">
        <ele>215.0</ele>
        <time>2022-03-06T12:29:06.682Z</time>
      </trkpt>
      <trkpt lat="32.727731" lon="-16.764647">
        <ele>215.0</ele>
        <time>2022-03-06T12:29:17.490Z</time>
      </trkpt>
      <trkpt lat="32.727903" lon="-16.764206">
        <ele>215.0</ele>
        <time>2022-03-06T12:29:58.104Z</time>
      </trkpt>
      <trkpt lat="32.727966" lon="-16.764127">
        <ele>215.0</ele>
        <time>2022-03-06T12:30:07.198Z</time>
      </trkpt>
      <trkpt lat="32.728003" lon="-16.763912">
        <ele>215.0</ele>
        <time>2022-03-06T12:30:25.537Z</time>
      </trkpt>
      <trkpt lat="32.728110" lon="-16.763720">
        <ele>215.0</ele>
        <time>2022-03-06T12:30:44.778Z</time>
      </trkpt>
      <trkpt lat="32.728144" lon="-16.763616">
        <ele>215.0</ele>
        <time>2022-03-06T12:30:54.097Z</time>
      </trkpt>
      <trkpt lat="32.728086" lon="-16.763401">
        <ele>215.0</ele>
        <time>2022-03-06T12:31:12.965Z</time>
      </trkpt>
      <trkpt lat="32.727998" lon="-16.763372">
        <ele>215.0</ele>
        <time>2022-03-06T12:31:22.034Z</time>
      </trkpt>
      <trkpt lat="32.727718" lon="-16.763477">
        <ele>215.0</ele>
        <time>2022-03-06T12:31:51.201Z</time>
      </trkpt>
      <trkpt lat="32.727534" lon="-16.763527">
        <ele>213.0</ele>
        <time>2022-03-06T12:32:10.022Z</time>
      </trkpt>
      <trkpt lat="32.727451" lon="-16.763570">
        <ele>211.0</ele>
        <time>2022-03-06T12:32:19.184Z</time>
      </trkpt>
      <trkpt lat="32.726981" lon="-16.763669">
        <ele>199.0</ele>
        <time>2022-03-06T12:33:07.790Z</time>
      </trkpt>
      <trkpt lat="32.726881" lon="-16.763708">
        <ele>196.0</ele>
        <time>2022-03-06T12:33:18.586Z</time>
      </trkpt>
      <trkpt lat="32.726793" lon="-16.763773">
        <ele>193.0</ele>
        <time>2022-03-06T12:33:29.219Z</time>
      </trkpt>
      <trkpt lat="32.726435" lon="-16.763957">
        <ele>180.0</ele>
        <time>2022-03-06T12:34:09.651Z</time>
      </trkpt>
      <trkpt lat="32.726259" lon="-16.764080">
        <ele>175.0</ele>
        <time>2022-03-06T12:34:30.409Z</time>
      </trkpt>
      <trkpt lat="32.725980" lon="-16.764204">
        <ele>165.0</ele>
        <time>2022-03-06T12:35:01.305Z</time>
      </trkpt>
      <trkpt lat="32.725893" lon="-16.764237">
        <ele>162.0</ele>
        <time>2022-03-06T12:35:10.763Z</time>
      </trkpt>
      <trkpt lat="32.725810" lon="-16.764291">
        <ele>159.0</ele>
        <time>2022-03-06T12:35:20.533Z</time>
      </trkpt>
      <trkpt lat="32.725526" lon="-16.764397">
        <ele>150.0</ele>
        <time>2022-03-06T12:35:51.165Z</time>
      </trkpt>
      <trkpt lat="32.725436" lon="-16.764411">
        <ele>148.0</ele>
        <time>2022-03-06T12:36:00.355Z</time>
      </trkpt>
      <trkpt lat="32.725282" lon="-16.764559">
        <ele>143.0</ele>
        <time>2022-03-06T12:36:20.530Z</time>
      </trkpt>
      <trkpt lat="32.725148" lon="-16.764728">
        <ele>141.0</ele>
        <time>2022-03-06T12:36:40.007Z</time>
      </trkpt>
      <trkpt lat="32.725089" lon="-16.764815">
        <ele>140.0</ele>
        <time>2022-03-06T12:36:49.387Z</time>
      </trkpt>
      <trkpt lat="32.724956" lon="-16.764972">
        <ele>136.0</ele>
        <time>2022-03-06T12:37:08.343Z</time>
      </trkpt>
      <trkpt lat="32.724875" lon="-16.765030">
        <ele>133.0</ele>
        <time>2022-03-06T12:37:18.107Z</time>
      </trkpt>
      <trkpt lat="32.724778" lon="-16.765010">
        <ele>132.0</ele>
        <time>2022-03-06T12:37:27.913Z</time>
      </trkpt>
      <trkpt lat="32.724694" lon="-16.764944">
        <ele>132.0</ele>
        <time>2022-03-06T12:37:37.929Z</time>
      </trkpt>
      <trkpt lat="32.724247" lon="-16.764729">
        <ele>128.0</ele>
        <time>2022-03-06T12:38:25.940Z</time>
      </trkpt>
      <trkpt lat="32.724170" lon="-16.764649">
        <ele>127.0</ele>
        <time>2022-03-06T12:38:36.129Z</time>
      </trkpt>
      <trkpt lat="32.724109" lon="-16.764554">
        <ele>126.0</ele>
        <time>2022-03-06T12:38:46.158Z</time>
      </trkpt>
      <trkpt lat="32.723853" lon="-16.764366">
        <ele>121.0</ele>
        <time>2022-03-06T12:39:16.377Z</time>
      </trkpt>
      <trkpt lat="32.723774" lon="-16.764291">
        <ele>120.0</ele>
        <time>2022-03-06T12:39:26.462Z</time>
      </trkpt>
      <trkpt lat="32.723601" lon="-16.764015">
        <ele>121.0</ele>
        <time>2022-03-06T12:39:55.229Z</time>
      </trkpt>
      <trkpt lat="32.723389" lon="-16.763621">
        <ele>123.0</ele>
        <time>2022-03-06T12:40:34.347Z</time>
      </trkpt>
      <trkpt lat="32.723184" lon="-16.763365">
        <ele>123.0</ele>
        <time>2022-03-06T12:41:03.877Z</time>
      </trkpt>
      <trkpt lat="32.723103" lon="-16.763282">
        <ele>121.0</ele>
        <time>2022-03-06T12:41:14.642Z</time>
      </trkpt>
      <trkpt lat="32.722835" lon="-16.763089">
        <ele>120.0</ele>
        <time>2022-03-06T12:41:45.777Z</time>
      </trkpt>
      <trkpt lat="32.722536" lon="-16.762952">
        <ele>114.0</ele>
        <time>2022-03-06T12:42:18.038Z</time>
      </trkpt>
      <trkpt lat="32.722442" lon="-16.762930">
        <ele>113.0</ele>
        <time>2022-03-06T12:42:27.600Z</time>
      </trkpt>
      <trkpt lat="32.722157" lon="-16.762983">
        <ele>109.0</ele>
        <time>2022-03-06T12:42:56.470Z</time>
      </trkpt>
      <trkpt lat="32.721881" lon="-16.763111">
        <ele>107.0</ele>
        <time>2022-03-06T12:43:25.952Z</time>
      </trkpt>
      <trkpt lat="32.721698" lon="-16.763185">
        <ele>105.0</ele>
        <time>2022-03-06T12:43:45.226Z</time>
      </trkpt>
      <trkpt lat="32.721604" lon="-16.763194">
        <ele>104.0</ele>
        <time>2022-03-06T12:43:54.637Z</time>
      </trkpt>
      <trkpt lat="32.721513" lon="-16.763162">
        <ele>104.0</ele>
        <time>2022-03-06T12:44:04.064Z</time>
      </trkpt>
      <trkpt lat="32.721444" lon="-16.763083">
        <ele>104.0</ele>
        <time>2022-03-06T12:44:13.579Z</time>
      </trkpt>
      <trkpt lat="32.721340" lon="-16.762747">
        <ele>100.0</ele>
        <time>2022-03-06T12:44:43.699Z</time>
      </trkpt>
      <trkpt lat="32.721295" lon="-16.762641">
        <ele>98.0</ele>
        <time>2022-03-06T12:44:53.784Z</time>
      </trkpt>
      <trkpt lat="32.721073" lon="-16.762378">
        <ele>93.0</ele>
        <time>2022-03-06T12:45:25.229Z</time>
      </trkpt>
      <trkpt lat="32.720874" lon="-16.762116">
        <ele>86.0</ele>
        <time>2022-03-06T12:45:55.375Z</time>
      </trkpt>
      <trkpt lat="32.720661" lon="-16.761851">
        <ele>80.0</ele>
        <time>2022-03-06T12:46:26.459Z</time>
      </trkpt>
      <trkpt lat="32.720574" lon="-16.761776">
        <ele>77.0</ele>
        <time>2022-03-06T12:46:37.462Z</time>
      </trkpt>
      <trkpt lat="32.720467" lon="-16.761973">
        <ele>69.0</ele>
        <time>2022-03-06T12:46:58.319Z</time>
      </trkpt>
      <trkpt lat="32.720394" lon="-16.762041">
        <ele>64.0</ele>
        <time>2022-03-06T12:47:08.545Z</time>
      </trkpt>
      <trkpt lat="32.720110" lon="-16.762136">
        <ele>52.0</ele>
        <time>2022-03-06T12:47:39.743Z</time>
      </trkpt>
      <trkpt lat="32.720010" lon="-16.762144">
        <ele>47.0</ele>
        <time>2022-03-06T12:47:50.660Z</time>
      </trkpt>
      <trkpt lat="32.719907" lon="-16.762180">
        <ele>43.0</ele>
        <time>2022-03-06T12:48:01.896Z</time>
      </trkpt>
      <trkpt lat="32.719716" lon="-16.762186">
        <ele>36.0</ele>
        <time>2022-03-06T12:48:21.868Z</time>
      </trkpt>
      <trkpt lat="32.719420" lon="-16.762108">
        <ele>30.0</ele>
        <time>2022-03-06T12:48:52.457Z</time>
      </trkpt>
      <trkpt lat="32.719332" lon="-16.762069">
        <ele>25.0</ele>
        <time>2022-03-06T12:49:02.799Z</time>
      </trkpt>
      <trkpt lat="32.719241" lon="-16.762069">
        <ele>20.0</ele>
        <time>2022-03-06T12:49:12.883Z</time>
      </trkpt>
      <trkpt lat="32.719158" lon="-16.762123">
        <ele>15.0</ele>
        <time>2022-03-06T12:49:23.284Z</time>
      </trkpt>
      <trkpt lat="32.719060" lon="-16.762112">
        <ele>10.0</ele>
        <time>2022-03-06T12:49:34.035Z</time>
      </trkpt>
      <trkpt lat="32.718990" lon="-16.762214">
        <ele>5.0</ele>
        <time>2022-03-06T12:49:45.896Z</time>
      </trkpt>
      <trkpt lat="32.718738" lon="-16.762419">
        <ele>2.0</ele>
        <time>2022-03-06T12:50:16.340Z</time>
      </trkpt>
      <trkpt lat="32.718569" lon="-16.762783">
        <ele>2.0</ele>
        <time>2022-03-06T12:50:51.094Z</time>
      </trkpt>
      <trkpt lat="32.718393" lon="-16.763124">
        <ele>3.0</ele>
        <time>2022-03-06T12:51:24.524Z</time>
      </trkpt>
      <trkpt lat="32.718321" lon="-16.763210">
        <ele>4.0</ele>
        <time>2022-03-06T12:51:34.707Z</time>
      </trkpt>
      <trkpt lat="32.718122" lon="-16.763364">
        <ele>4.0</ele>
        <time>2022-03-06T12:51:58.284Z</time>
      </trkpt>
      <trkpt lat="32.718048" lon="-16.763444">
        <ele>4.0</ele>
        <time>2022-03-06T12:52:08.220Z</time>
      </trkpt>
      <trkpt lat="32.717943" lon="-16.763640">
        <ele>2.0</ele>
        <time>2022-03-06T12:52:27.722Z</time>
      </trkpt>
      <trkpt lat="32.717851" lon="-16.763712">
        <ele>2.0</ele>
        <time>2022-03-06T12:52:38.659Z</time>
      </trkpt>
      <trkpt lat="32.717663" lon="-16.763791">
        <ele>2.0</ele>
        <time>2022-03-06T12:52:58.455Z</time>
      </trkpt>
      <trkpt lat="32.717496" lon="-16.763944">
        <ele>2.0</ele>
        <time>2022-03-06T12:53:19.395Z</time>
      </trkpt>
      <trkpt lat="32.717229" lon="-16.764348">
        <ele>2.0</ele>
        <time>2022-03-06T12:54:02.326Z</time>
      </trkpt>
      <trkpt lat="32.717148" lon="-16.764440">
        <ele>2.0</ele>
        <time>2022-03-06T12:54:13.454Z</time>
      </trkpt>
      <trkpt lat="32.716894" lon="-16.764618">
        <ele>2.0</ele>
        <time>2022-03-06T12:54:42.736Z</time>
      </trkpt>
      <trkpt lat="32.716720" lon="-16.764753">
        <ele>2.0</ele>
        <time>2022-03-06T12:55:03.375Z</time>
      </trkpt>
      <trkpt lat="32.716644" lon="-16.764844">
        <ele>2.0</ele>
        <time>2022-03-06T12:55:14.098Z</time>
      </trkpt>
      <trkpt lat="32.716665" lon="-16.764857">
        <ele>2.0</ele>
        <time>2022-03-06T12:55:16.458Z</time>
      </trkpt>
    </trkseg>
  </trk>
</gpx>
