<?xml version="1.0" encoding="UTF-8"?>
<gpx xmlns="http://www.topografix.com/GPX/1/1" xmlns:xsi="http://www.w3.org/2001/XMLSchema-instance" version="1.1" creator="Trace de Trail" xsi:schemaLocation="http://www.topografix.com/GPX/1/1 http://www.topografix.com/GPX/1/1/gpx.xsd">
  <metadata>
    <name>NORD TRAIL MONTS DE FLANDRES 2025 - NORD TRAIL MONTS DE FLANDRES 80 KM</name>
    <desc>Parcours créé sur Trace de Trail</desc>
    <link href="https://tracedetrail.fr/fr/trace/262373">
      <text>Cartographie du parcours</text>
    </link>
    <time>2025-03-24T08:50:20+00:00</time>
  </metadata>
  <trk>
    <name>NORD TRAIL MONTS DE FLANDRES 2025 - NORD TRAIL MONTS DE FLANDRES 80 KM sur TraceDeTrail.fr</name>
    <src>Trace de Trail</src>
    <trkseg>
      <trkpt lat="50.76812" lon="2.72004">
        <ele>34</ele>
        <time>2025-03-24T08:50:20+00:00</time>
      </trkpt>
      <trkpt lat="50.76842" lon="2.72011">
        <ele>34</ele>
        <time>2025-03-24T08:50:23+00:00</time>
      </trkpt>
      <trkpt lat="50.76869" lon="2.72018">
        <ele>35</ele>
        <time>2025-03-24T08:50:26+00:00</time>
      </trkpt>
      <trkpt lat="50.76915" lon="2.7203">
        <ele>36</ele>
        <time>2025-03-24T08:50:29+00:00</time>
      </trkpt>
      <trkpt lat="50.7695" lon="2.72031">
        <ele>36</ele>
        <time>2025-03-24T08:50:32+00:00</time>
      </trkpt>
      <trkpt lat="50.76985" lon="2.72032">
        <ele>37</ele>
        <time>2025-03-24T08:50:35+00:00</time>
      </trkpt>
      <trkpt lat="50.7702" lon="2.72033">
        <ele>37</ele>
        <time>2025-03-24T08:50:38+00:00</time>
      </trkpt>
      <trkpt lat="50.77055" lon="2.72034">
        <ele>37</ele>
        <time>2025-03-24T08:50:41+00:00</time>
      </trkpt>
      <trkpt lat="50.77115" lon="2.72036">
        <ele>38</ele>
        <time>2025-03-24T08:50:44+00:00</time>
      </trkpt>
      <trkpt lat="50.77145" lon="2.72041">
        <ele>38</ele>
        <time>2025-03-24T08:50:47+00:00</time>
      </trkpt>
      <trkpt lat="50.77175" lon="2.72046">
        <ele>38</ele>
        <time>2025-03-24T08:50:50+00:00</time>
      </trkpt>
      <trkpt lat="50.77218" lon="2.72053">
        <ele>39</ele>
        <time>2025-03-24T08:50:53+00:00</time>
      </trkpt>
      <trkpt lat="50.77253" lon="2.72058">
        <ele>39</ele>
        <time>2025-03-24T08:50:56+00:00</time>
      </trkpt>
      <trkpt lat="50.77275" lon="2.72062">
        <ele>39</ele>
        <time>2025-03-24T08:50:59+00:00</time>
      </trkpt>
      <trkpt lat="50.77299" lon="2.72066">
        <ele>40</ele>
        <time>2025-03-24T08:51:02+00:00</time>
      </trkpt>
      <trkpt lat="50.77331" lon="2.72061">
        <ele>40</ele>
        <time>2025-03-24T08:51:05+00:00</time>
      </trkpt>
      <trkpt lat="50.77364" lon="2.72056">
        <ele>41</ele>
        <time>2025-03-24T08:51:08+00:00</time>
      </trkpt>
      <trkpt lat="50.77396" lon="2.72051">
        <ele>42</ele>
        <time>2025-03-24T08:51:11+00:00</time>
      </trkpt>
      <trkpt lat="50.77436" lon="2.72045">
        <ele>43</ele>
        <time>2025-03-24T08:51:14+00:00</time>
      </trkpt>
      <trkpt lat="50.77438" lon="2.72085">
        <ele>44</ele>
        <time>2025-03-24T08:51:17+00:00</time>
      </trkpt>
      <trkpt lat="50.77442" lon="2.72145">
        <ele>44</ele>
        <time>2025-03-24T08:51:20+00:00</time>
      </trkpt>
      <trkpt lat="50.77466" lon="2.72143">
        <ele>45</ele>
        <time>2025-03-24T08:51:23+00:00</time>
      </trkpt>
      <trkpt lat="50.775" lon="2.72139">
        <ele>47</ele>
        <time>2025-03-24T08:51:26+00:00</time>
      </trkpt>
      <trkpt lat="50.77523" lon="2.72148">
        <ele>49</ele>
        <time>2025-03-24T08:51:29+00:00</time>
      </trkpt>
      <trkpt lat="50.77548" lon="2.72144">
        <ele>52</ele>
        <time>2025-03-24T08:51:32+00:00</time>
      </trkpt>
      <trkpt lat="50.77585" lon="2.72138">
        <ele>56</ele>
        <time>2025-03-24T08:51:35+00:00</time>
      </trkpt>
      <trkpt lat="50.77612" lon="2.72141">
        <ele>59</ele>
        <time>2025-03-24T08:51:38+00:00</time>
      </trkpt>
      <trkpt lat="50.77658" lon="2.72147">
        <ele>63</ele>
        <time>2025-03-24T08:51:41+00:00</time>
      </trkpt>
      <trkpt lat="50.77686" lon="2.72166">
        <ele>66</ele>
        <time>2025-03-24T08:51:44+00:00</time>
      </trkpt>
      <trkpt lat="50.77713" lon="2.72185">
        <ele>71</ele>
        <time>2025-03-24T08:51:47+00:00</time>
      </trkpt>
      <trkpt lat="50.77753" lon="2.72212">
        <ele>76</ele>
        <time>2025-03-24T08:51:50+00:00</time>
      </trkpt>
      <trkpt lat="50.77778" lon="2.72234">
        <ele>80</ele>
        <time>2025-03-24T08:51:53+00:00</time>
      </trkpt>
      <trkpt lat="50.77804" lon="2.72255">
        <ele>82</ele>
        <time>2025-03-24T08:51:56+00:00</time>
      </trkpt>
      <trkpt lat="50.77831" lon="2.72279">
        <ele>85</ele>
        <time>2025-03-24T08:51:59+00:00</time>
      </trkpt>
      <trkpt lat="50.77864" lon="2.72278">
        <ele>88</ele>
        <time>2025-03-24T08:52:02+00:00</time>
      </trkpt>
      <trkpt lat="50.77898" lon="2.72278">
        <ele>90</ele>
        <time>2025-03-24T08:52:05+00:00</time>
      </trkpt>
      <trkpt lat="50.77931" lon="2.72278">
        <ele>93</ele>
        <time>2025-03-24T08:52:08+00:00</time>
      </trkpt>
      <trkpt lat="50.77983" lon="2.72277">
        <ele>101</ele>
        <time>2025-03-24T08:52:11+00:00</time>
      </trkpt>
      <trkpt lat="50.77972" lon="2.72305">
        <ele>101</ele>
        <time>2025-03-24T08:52:14+00:00</time>
      </trkpt>
      <trkpt lat="50.77952" lon="2.72313">
        <ele>98</ele>
        <time>2025-03-24T08:52:17+00:00</time>
      </trkpt>
      <trkpt lat="50.7795" lon="2.72349">
        <ele>98</ele>
        <time>2025-03-24T08:52:20+00:00</time>
      </trkpt>
      <trkpt lat="50.77948" lon="2.72393">
        <ele>98</ele>
        <time>2025-03-24T08:52:23+00:00</time>
      </trkpt>
      <trkpt lat="50.77932" lon="2.72412">
        <ele>98</ele>
        <time>2025-03-24T08:52:26+00:00</time>
      </trkpt>
      <trkpt lat="50.77927" lon="2.7246">
        <ele>99</ele>
        <time>2025-03-24T08:52:29+00:00</time>
      </trkpt>
      <trkpt lat="50.77917" lon="2.7249">
        <ele>102</ele>
        <time>2025-03-24T08:52:32+00:00</time>
      </trkpt>
      <trkpt lat="50.77906" lon="2.72523">
        <ele>102</ele>
        <time>2025-03-24T08:52:35+00:00</time>
      </trkpt>
      <trkpt lat="50.77903" lon="2.72538">
        <ele>103</ele>
        <time>2025-03-24T08:52:38+00:00</time>
      </trkpt>
      <trkpt lat="50.77913" lon="2.7256">
        <ele>105</ele>
        <time>2025-03-24T08:52:41+00:00</time>
      </trkpt>
      <trkpt lat="50.77911" lon="2.72607">
        <ele>106</ele>
        <time>2025-03-24T08:52:44+00:00</time>
      </trkpt>
      <trkpt lat="50.77923" lon="2.7265">
        <ele>106</ele>
        <time>2025-03-24T08:52:47+00:00</time>
      </trkpt>
      <trkpt lat="50.77901" lon="2.72668">
        <ele>107</ele>
        <time>2025-03-24T08:52:50+00:00</time>
      </trkpt>
      <trkpt lat="50.77894" lon="2.72698">
        <ele>106</ele>
        <time>2025-03-24T08:52:53+00:00</time>
      </trkpt>
      <trkpt lat="50.77875" lon="2.72736">
        <ele>106</ele>
        <time>2025-03-24T08:52:56+00:00</time>
      </trkpt>
      <trkpt lat="50.77849" lon="2.72764">
        <ele>103</ele>
        <time>2025-03-24T08:52:59+00:00</time>
      </trkpt>
      <trkpt lat="50.77849" lon="2.72792">
        <ele>104</ele>
        <time>2025-03-24T08:53:02+00:00</time>
      </trkpt>
      <trkpt lat="50.77876" lon="2.72812">
        <ele>105</ele>
        <time>2025-03-24T08:53:05+00:00</time>
      </trkpt>
      <trkpt lat="50.77902" lon="2.72831">
        <ele>108</ele>
        <time>2025-03-24T08:53:08+00:00</time>
      </trkpt>
      <trkpt lat="50.77934" lon="2.72855">
        <ele>110</ele>
        <time>2025-03-24T08:53:11+00:00</time>
      </trkpt>
      <trkpt lat="50.77951" lon="2.72877">
        <ele>114</ele>
        <time>2025-03-24T08:53:14+00:00</time>
      </trkpt>
      <trkpt lat="50.77968" lon="2.729">
        <ele>116</ele>
        <time>2025-03-24T08:53:17+00:00</time>
      </trkpt>
      <trkpt lat="50.7798" lon="2.72944">
        <ele>118</ele>
        <time>2025-03-24T08:53:20+00:00</time>
      </trkpt>
      <trkpt lat="50.77988" lon="2.7291">
        <ele>121</ele>
        <time>2025-03-24T08:53:23+00:00</time>
      </trkpt>
      <trkpt lat="50.77998" lon="2.7287">
        <ele>123</ele>
        <time>2025-03-24T08:53:26+00:00</time>
      </trkpt>
      <trkpt lat="50.77999" lon="2.72823">
        <ele>123</ele>
        <time>2025-03-24T08:53:29+00:00</time>
      </trkpt>
      <trkpt lat="50.78001" lon="2.72777">
        <ele>124</ele>
        <time>2025-03-24T08:53:32+00:00</time>
      </trkpt>
      <trkpt lat="50.78003" lon="2.72722">
        <ele>123</ele>
        <time>2025-03-24T08:53:35+00:00</time>
      </trkpt>
      <trkpt lat="50.7799" lon="2.72687">
        <ele>123</ele>
        <time>2025-03-24T08:53:38+00:00</time>
      </trkpt>
      <trkpt lat="50.77976" lon="2.72674">
        <ele>121</ele>
        <time>2025-03-24T08:53:41+00:00</time>
      </trkpt>
      <trkpt lat="50.77981" lon="2.72653">
        <ele>122</ele>
        <time>2025-03-24T08:53:44+00:00</time>
      </trkpt>
      <trkpt lat="50.77987" lon="2.72633">
        <ele>122</ele>
        <time>2025-03-24T08:53:47+00:00</time>
      </trkpt>
      <trkpt lat="50.77995" lon="2.72599">
        <ele>122</ele>
        <time>2025-03-24T08:53:50+00:00</time>
      </trkpt>
      <trkpt lat="50.78005" lon="2.72559">
        <ele>121</ele>
        <time>2025-03-24T08:53:53+00:00</time>
      </trkpt>
      <trkpt lat="50.78007" lon="2.72513">
        <ele>118</ele>
        <time>2025-03-24T08:53:56+00:00</time>
      </trkpt>
      <trkpt lat="50.77999" lon="2.7247">
        <ele>116</ele>
        <time>2025-03-24T08:53:59+00:00</time>
      </trkpt>
      <trkpt lat="50.7801" lon="2.72435">
        <ele>117</ele>
        <time>2025-03-24T08:54:02+00:00</time>
      </trkpt>
      <trkpt lat="50.78026" lon="2.7246">
        <ele>119</ele>
        <time>2025-03-24T08:54:05+00:00</time>
      </trkpt>
      <trkpt lat="50.78027" lon="2.72506">
        <ele>121</ele>
        <time>2025-03-24T08:54:08+00:00</time>
      </trkpt>
      <trkpt lat="50.78029" lon="2.72551">
        <ele>124</ele>
        <time>2025-03-24T08:54:11+00:00</time>
      </trkpt>
      <trkpt lat="50.78031" lon="2.72601">
        <ele>127</ele>
        <time>2025-03-24T08:54:14+00:00</time>
      </trkpt>
      <trkpt lat="50.78041" lon="2.72603">
        <ele>127</ele>
        <time>2025-03-24T08:54:17+00:00</time>
      </trkpt>
      <trkpt lat="50.78052" lon="2.72572">
        <ele>127</ele>
        <time>2025-03-24T08:54:20+00:00</time>
      </trkpt>
      <trkpt lat="50.78069" lon="2.72523">
        <ele>126</ele>
        <time>2025-03-24T08:54:23+00:00</time>
      </trkpt>
      <trkpt lat="50.78084" lon="2.72486">
        <ele>124</ele>
        <time>2025-03-24T08:54:26+00:00</time>
      </trkpt>
      <trkpt lat="50.78099" lon="2.72459">
        <ele>123</ele>
        <time>2025-03-24T08:54:29+00:00</time>
      </trkpt>
      <trkpt lat="50.78117" lon="2.72427">
        <ele>122</ele>
        <time>2025-03-24T08:54:32+00:00</time>
      </trkpt>
      <trkpt lat="50.78135" lon="2.72399">
        <ele>120</ele>
        <time>2025-03-24T08:54:35+00:00</time>
      </trkpt>
      <trkpt lat="50.78154" lon="2.72374">
        <ele>118</ele>
        <time>2025-03-24T08:54:38+00:00</time>
      </trkpt>
      <trkpt lat="50.78181" lon="2.72339">
        <ele>115</ele>
        <time>2025-03-24T08:54:41+00:00</time>
      </trkpt>
      <trkpt lat="50.78212" lon="2.72299">
        <ele>111</ele>
        <time>2025-03-24T08:54:44+00:00</time>
      </trkpt>
      <trkpt lat="50.78232" lon="2.72275">
        <ele>109</ele>
        <time>2025-03-24T08:54:47+00:00</time>
      </trkpt>
      <trkpt lat="50.78263" lon="2.72238">
        <ele>104</ele>
        <time>2025-03-24T08:54:50+00:00</time>
      </trkpt>
      <trkpt lat="50.7828" lon="2.72209">
        <ele>103</ele>
        <time>2025-03-24T08:54:53+00:00</time>
      </trkpt>
      <trkpt lat="50.78303" lon="2.72169">
        <ele>101</ele>
        <time>2025-03-24T08:54:56+00:00</time>
      </trkpt>
      <trkpt lat="50.78297" lon="2.72145">
        <ele>97</ele>
        <time>2025-03-24T08:54:59+00:00</time>
      </trkpt>
      <trkpt lat="50.78278" lon="2.72143">
        <ele>101</ele>
        <time>2025-03-24T08:55:02+00:00</time>
      </trkpt>
      <trkpt lat="50.78248" lon="2.72139">
        <ele>101</ele>
        <time>2025-03-24T08:55:05+00:00</time>
      </trkpt>
      <trkpt lat="50.78222" lon="2.72116">
        <ele>102</ele>
        <time>2025-03-24T08:55:08+00:00</time>
      </trkpt>
      <trkpt lat="50.78197" lon="2.72093">
        <ele>103</ele>
        <time>2025-03-24T08:55:11+00:00</time>
      </trkpt>
      <trkpt lat="50.78165" lon="2.72064">
        <ele>103</ele>
        <time>2025-03-24T08:55:14+00:00</time>
      </trkpt>
      <trkpt lat="50.78141" lon="2.72049">
        <ele>101</ele>
        <time>2025-03-24T08:55:17+00:00</time>
      </trkpt>
      <trkpt lat="50.78102" lon="2.72026">
        <ele>98</ele>
        <time>2025-03-24T08:55:20+00:00</time>
      </trkpt>
      <trkpt lat="50.7807" lon="2.72008">
        <ele>95</ele>
        <time>2025-03-24T08:55:23+00:00</time>
      </trkpt>
      <trkpt lat="50.78046" lon="2.71994">
        <ele>93</ele>
        <time>2025-03-24T08:55:26+00:00</time>
      </trkpt>
      <trkpt lat="50.78011" lon="2.71973">
        <ele>91</ele>
        <time>2025-03-24T08:55:29+00:00</time>
      </trkpt>
      <trkpt lat="50.77982" lon="2.7196">
        <ele>89</ele>
        <time>2025-03-24T08:55:32+00:00</time>
      </trkpt>
      <trkpt lat="50.77978" lon="2.71922">
        <ele>87</ele>
        <time>2025-03-24T08:55:35+00:00</time>
      </trkpt>
      <trkpt lat="50.77973" lon="2.71871">
        <ele>86</ele>
        <time>2025-03-24T08:55:38+00:00</time>
      </trkpt>
      <trkpt lat="50.77964" lon="2.71827">
        <ele>83</ele>
        <time>2025-03-24T08:55:41+00:00</time>
      </trkpt>
      <trkpt lat="50.77957" lon="2.71788">
        <ele>80</ele>
        <time>2025-03-24T08:55:44+00:00</time>
      </trkpt>
      <trkpt lat="50.77946" lon="2.71731">
        <ele>78</ele>
        <time>2025-03-24T08:55:47+00:00</time>
      </trkpt>
      <trkpt lat="50.7794" lon="2.71695">
        <ele>77</ele>
        <time>2025-03-24T08:55:50+00:00</time>
      </trkpt>
      <trkpt lat="50.77932" lon="2.7163">
        <ele>76</ele>
        <time>2025-03-24T08:55:53+00:00</time>
      </trkpt>
      <trkpt lat="50.7796" lon="2.71611">
        <ele>75</ele>
        <time>2025-03-24T08:55:56+00:00</time>
      </trkpt>
      <trkpt lat="50.77983" lon="2.71604">
        <ele>73</ele>
        <time>2025-03-24T08:55:59+00:00</time>
      </trkpt>
      <trkpt lat="50.78017" lon="2.71585">
        <ele>70</ele>
        <time>2025-03-24T08:56:02+00:00</time>
      </trkpt>
      <trkpt lat="50.78028" lon="2.71542">
        <ele>70</ele>
        <time>2025-03-24T08:56:05+00:00</time>
      </trkpt>
      <trkpt lat="50.7804" lon="2.715">
        <ele>67</ele>
        <time>2025-03-24T08:56:08+00:00</time>
      </trkpt>
      <trkpt lat="50.78054" lon="2.7145">
        <ele>65</ele>
        <time>2025-03-24T08:56:11+00:00</time>
      </trkpt>
      <trkpt lat="50.78046" lon="2.71415">
        <ele>65</ele>
        <time>2025-03-24T08:56:14+00:00</time>
      </trkpt>
      <trkpt lat="50.78036" lon="2.71372">
        <ele>61</ele>
        <time>2025-03-24T08:56:17+00:00</time>
      </trkpt>
      <trkpt lat="50.78037" lon="2.71341">
        <ele>59</ele>
        <time>2025-03-24T08:56:20+00:00</time>
      </trkpt>
      <trkpt lat="50.78042" lon="2.71297">
        <ele>56</ele>
        <time>2025-03-24T08:56:23+00:00</time>
      </trkpt>
      <trkpt lat="50.78047" lon="2.71259">
        <ele>53</ele>
        <time>2025-03-24T08:56:26+00:00</time>
      </trkpt>
      <trkpt lat="50.78053" lon="2.7121">
        <ele>53</ele>
        <time>2025-03-24T08:56:29+00:00</time>
      </trkpt>
      <trkpt lat="50.78044" lon="2.71172">
        <ele>53</ele>
        <time>2025-03-24T08:56:32+00:00</time>
      </trkpt>
      <trkpt lat="50.78045" lon="2.71131">
        <ele>52</ele>
        <time>2025-03-24T08:56:35+00:00</time>
      </trkpt>
      <trkpt lat="50.78046" lon="2.7107">
        <ele>51</ele>
        <time>2025-03-24T08:56:38+00:00</time>
      </trkpt>
      <trkpt lat="50.78039" lon="2.71024">
        <ele>51</ele>
        <time>2025-03-24T08:56:41+00:00</time>
      </trkpt>
      <trkpt lat="50.78031" lon="2.70978">
        <ele>50</ele>
        <time>2025-03-24T08:56:44+00:00</time>
      </trkpt>
      <trkpt lat="50.78021" lon="2.70913">
        <ele>49</ele>
        <time>2025-03-24T08:56:47+00:00</time>
      </trkpt>
      <trkpt lat="50.78014" lon="2.70866">
        <ele>48</ele>
        <time>2025-03-24T08:56:50+00:00</time>
      </trkpt>
      <trkpt lat="50.78007" lon="2.7082">
        <ele>47</ele>
        <time>2025-03-24T08:56:53+00:00</time>
      </trkpt>
      <trkpt lat="50.77997" lon="2.70753">
        <ele>45</ele>
        <time>2025-03-24T08:56:56+00:00</time>
      </trkpt>
      <trkpt lat="50.77991" lon="2.70707">
        <ele>42</ele>
        <time>2025-03-24T08:56:59+00:00</time>
      </trkpt>
      <trkpt lat="50.77984" lon="2.70661">
        <ele>42</ele>
        <time>2025-03-24T08:57:02+00:00</time>
      </trkpt>
      <trkpt lat="50.77976" lon="2.70603">
        <ele>41</ele>
        <time>2025-03-24T08:57:05+00:00</time>
      </trkpt>
      <trkpt lat="50.77973" lon="2.70564">
        <ele>41</ele>
        <time>2025-03-24T08:57:08+00:00</time>
      </trkpt>
      <trkpt lat="50.77968" lon="2.7051">
        <ele>41</ele>
        <time>2025-03-24T08:57:11+00:00</time>
      </trkpt>
      <trkpt lat="50.77992" lon="2.70477">
        <ele>42</ele>
        <time>2025-03-24T08:57:14+00:00</time>
      </trkpt>
      <trkpt lat="50.78017" lon="2.70455">
        <ele>43</ele>
        <time>2025-03-24T08:57:17+00:00</time>
      </trkpt>
      <trkpt lat="50.78036" lon="2.70418">
        <ele>43</ele>
        <time>2025-03-24T08:57:20+00:00</time>
      </trkpt>
      <trkpt lat="50.78055" lon="2.70381">
        <ele>43</ele>
        <time>2025-03-24T08:57:23+00:00</time>
      </trkpt>
      <trkpt lat="50.78081" lon="2.70329">
        <ele>44</ele>
        <time>2025-03-24T08:57:26+00:00</time>
      </trkpt>
      <trkpt lat="50.781" lon="2.70289">
        <ele>44</ele>
        <time>2025-03-24T08:57:29+00:00</time>
      </trkpt>
      <trkpt lat="50.78115" lon="2.70258">
        <ele>44</ele>
        <time>2025-03-24T08:57:32+00:00</time>
      </trkpt>
      <trkpt lat="50.78137" lon="2.70215">
        <ele>44</ele>
        <time>2025-03-24T08:57:35+00:00</time>
      </trkpt>
      <trkpt lat="50.78153" lon="2.70184">
        <ele>44</ele>
        <time>2025-03-24T08:57:38+00:00</time>
      </trkpt>
      <trkpt lat="50.78172" lon="2.70149">
        <ele>45</ele>
        <time>2025-03-24T08:57:41+00:00</time>
      </trkpt>
      <trkpt lat="50.78191" lon="2.70114">
        <ele>45</ele>
        <time>2025-03-24T08:57:44+00:00</time>
      </trkpt>
      <trkpt lat="50.78213" lon="2.70074">
        <ele>45</ele>
        <time>2025-03-24T08:57:47+00:00</time>
      </trkpt>
      <trkpt lat="50.78223" lon="2.70034">
        <ele>45</ele>
        <time>2025-03-24T08:57:50+00:00</time>
      </trkpt>
      <trkpt lat="50.7823" lon="2.70001">
        <ele>46</ele>
        <time>2025-03-24T08:57:53+00:00</time>
      </trkpt>
      <trkpt lat="50.78238" lon="2.69966">
        <ele>46</ele>
        <time>2025-03-24T08:57:56+00:00</time>
      </trkpt>
      <trkpt lat="50.78246" lon="2.69933">
        <ele>46</ele>
        <time>2025-03-24T08:57:59+00:00</time>
      </trkpt>
      <trkpt lat="50.78255" lon="2.69896">
        <ele>46</ele>
        <time>2025-03-24T08:58:02+00:00</time>
      </trkpt>
      <trkpt lat="50.78258" lon="2.69851">
        <ele>46</ele>
        <time>2025-03-24T08:58:05+00:00</time>
      </trkpt>
      <trkpt lat="50.78261" lon="2.69805">
        <ele>47</ele>
        <time>2025-03-24T08:58:08+00:00</time>
      </trkpt>
      <trkpt lat="50.78264" lon="2.69757">
        <ele>49</ele>
        <time>2025-03-24T08:58:11+00:00</time>
      </trkpt>
      <trkpt lat="50.78264" lon="2.6972">
        <ele>50</ele>
        <time>2025-03-24T08:58:14+00:00</time>
      </trkpt>
      <trkpt lat="50.78264" lon="2.69675">
        <ele>52</ele>
        <time>2025-03-24T08:58:17+00:00</time>
      </trkpt>
      <trkpt lat="50.78265" lon="2.69624">
        <ele>53</ele>
        <time>2025-03-24T08:58:20+00:00</time>
      </trkpt>
      <trkpt lat="50.7826" lon="2.69587">
        <ele>56</ele>
        <time>2025-03-24T08:58:23+00:00</time>
      </trkpt>
      <trkpt lat="50.78255" lon="2.69539">
        <ele>57</ele>
        <time>2025-03-24T08:58:26+00:00</time>
      </trkpt>
      <trkpt lat="50.78236" lon="2.69492">
        <ele>59</ele>
        <time>2025-03-24T08:58:29+00:00</time>
      </trkpt>
      <trkpt lat="50.78217" lon="2.69452">
        <ele>59</ele>
        <time>2025-03-24T08:58:32+00:00</time>
      </trkpt>
      <trkpt lat="50.78199" lon="2.69412">
        <ele>60</ele>
        <time>2025-03-24T08:58:35+00:00</time>
      </trkpt>
      <trkpt lat="50.78184" lon="2.69381">
        <ele>61</ele>
        <time>2025-03-24T08:58:38+00:00</time>
      </trkpt>
      <trkpt lat="50.78165" lon="2.69339">
        <ele>62</ele>
        <time>2025-03-24T08:58:41+00:00</time>
      </trkpt>
      <trkpt lat="50.78152" lon="2.69305">
        <ele>62</ele>
        <time>2025-03-24T08:58:44+00:00</time>
      </trkpt>
      <trkpt lat="50.78133" lon="2.69254">
        <ele>63</ele>
        <time>2025-03-24T08:58:47+00:00</time>
      </trkpt>
      <trkpt lat="50.7812" lon="2.69222">
        <ele>63</ele>
        <time>2025-03-24T08:58:50+00:00</time>
      </trkpt>
      <trkpt lat="50.78104" lon="2.6918">
        <ele>61</ele>
        <time>2025-03-24T08:58:53+00:00</time>
      </trkpt>
      <trkpt lat="50.78095" lon="2.69146">
        <ele>60</ele>
        <time>2025-03-24T08:58:56+00:00</time>
      </trkpt>
      <trkpt lat="50.78084" lon="2.69106">
        <ele>57</ele>
        <time>2025-03-24T08:58:59+00:00</time>
      </trkpt>
      <trkpt lat="50.78074" lon="2.69065">
        <ele>56</ele>
        <time>2025-03-24T08:59:02+00:00</time>
      </trkpt>
      <trkpt lat="50.78053" lon="2.69023">
        <ele>56</ele>
        <time>2025-03-24T08:59:05+00:00</time>
      </trkpt>
      <trkpt lat="50.78056" lon="2.68982">
        <ele>57</ele>
        <time>2025-03-24T08:59:08+00:00</time>
      </trkpt>
      <trkpt lat="50.78061" lon="2.68918">
        <ele>59</ele>
        <time>2025-03-24T08:59:11+00:00</time>
      </trkpt>
      <trkpt lat="50.78065" lon="2.68872">
        <ele>60</ele>
        <time>2025-03-24T08:59:14+00:00</time>
      </trkpt>
      <trkpt lat="50.78069" lon="2.68827">
        <ele>62</ele>
        <time>2025-03-24T08:59:17+00:00</time>
      </trkpt>
      <trkpt lat="50.78074" lon="2.68773">
        <ele>63</ele>
        <time>2025-03-24T08:59:20+00:00</time>
      </trkpt>
      <trkpt lat="50.78075" lon="2.68726">
        <ele>64</ele>
        <time>2025-03-24T08:59:23+00:00</time>
      </trkpt>
      <trkpt lat="50.78077" lon="2.68684">
        <ele>64</ele>
        <time>2025-03-24T08:59:26+00:00</time>
      </trkpt>
      <trkpt lat="50.7808" lon="2.68615">
        <ele>66</ele>
        <time>2025-03-24T08:59:29+00:00</time>
      </trkpt>
      <trkpt lat="50.78075" lon="2.68562">
        <ele>67</ele>
        <time>2025-03-24T08:59:32+00:00</time>
      </trkpt>
      <trkpt lat="50.78069" lon="2.68509">
        <ele>70</ele>
        <time>2025-03-24T08:59:35+00:00</time>
      </trkpt>
      <trkpt lat="50.78066" lon="2.6847">
        <ele>71</ele>
        <time>2025-03-24T08:59:38+00:00</time>
      </trkpt>
      <trkpt lat="50.78061" lon="2.68416">
        <ele>72</ele>
        <time>2025-03-24T08:59:41+00:00</time>
      </trkpt>
      <trkpt lat="50.78055" lon="2.68354">
        <ele>75</ele>
        <time>2025-03-24T08:59:44+00:00</time>
      </trkpt>
      <trkpt lat="50.78053" lon="2.6831">
        <ele>76</ele>
        <time>2025-03-24T08:59:47+00:00</time>
      </trkpt>
      <trkpt lat="50.78052" lon="2.68272">
        <ele>78</ele>
        <time>2025-03-24T08:59:50+00:00</time>
      </trkpt>
      <trkpt lat="50.78051" lon="2.68224">
        <ele>80</ele>
        <time>2025-03-24T08:59:53+00:00</time>
      </trkpt>
      <trkpt lat="50.78046" lon="2.68177">
        <ele>82</ele>
        <time>2025-03-24T08:59:56+00:00</time>
      </trkpt>
      <trkpt lat="50.7804" lon="2.68131">
        <ele>84</ele>
        <time>2025-03-24T08:59:59+00:00</time>
      </trkpt>
      <trkpt lat="50.78033" lon="2.68066">
        <ele>85</ele>
        <time>2025-03-24T09:00:02+00:00</time>
      </trkpt>
      <trkpt lat="50.78062" lon="2.68063">
        <ele>84</ele>
        <time>2025-03-24T09:00:05+00:00</time>
      </trkpt>
      <trkpt lat="50.7809" lon="2.68059">
        <ele>83</ele>
        <time>2025-03-24T09:00:08+00:00</time>
      </trkpt>
      <trkpt lat="50.78121" lon="2.68056">
        <ele>78</ele>
        <time>2025-03-24T09:00:11+00:00</time>
      </trkpt>
      <trkpt lat="50.78148" lon="2.68066">
        <ele>79</ele>
        <time>2025-03-24T09:00:14+00:00</time>
      </trkpt>
      <trkpt lat="50.78177" lon="2.68056">
        <ele>81</ele>
        <time>2025-03-24T09:00:17+00:00</time>
      </trkpt>
      <trkpt lat="50.78206" lon="2.6805">
        <ele>85</ele>
        <time>2025-03-24T09:00:20+00:00</time>
      </trkpt>
      <trkpt lat="50.78231" lon="2.68045">
        <ele>88</ele>
        <time>2025-03-24T09:00:23+00:00</time>
      </trkpt>
      <trkpt lat="50.78269" lon="2.68039">
        <ele>90</ele>
        <time>2025-03-24T09:00:26+00:00</time>
      </trkpt>
      <trkpt lat="50.78274" lon="2.68005">
        <ele>90</ele>
        <time>2025-03-24T09:00:29+00:00</time>
      </trkpt>
      <trkpt lat="50.783" lon="2.67982">
        <ele>91</ele>
        <time>2025-03-24T09:00:32+00:00</time>
      </trkpt>
      <trkpt lat="50.78326" lon="2.6796">
        <ele>96</ele>
        <time>2025-03-24T09:00:35+00:00</time>
      </trkpt>
      <trkpt lat="50.78352" lon="2.67937">
        <ele>100</ele>
        <time>2025-03-24T09:00:38+00:00</time>
      </trkpt>
      <trkpt lat="50.78385" lon="2.67909">
        <ele>100</ele>
        <time>2025-03-24T09:00:41+00:00</time>
      </trkpt>
      <trkpt lat="50.78415" lon="2.67882">
        <ele>100</ele>
        <time>2025-03-24T09:00:44+00:00</time>
      </trkpt>
      <trkpt lat="50.78437" lon="2.67859">
        <ele>100</ele>
        <time>2025-03-24T09:00:47+00:00</time>
      </trkpt>
      <trkpt lat="50.7847" lon="2.67824">
        <ele>99</ele>
        <time>2025-03-24T09:00:50+00:00</time>
      </trkpt>
      <trkpt lat="50.78497" lon="2.67794">
        <ele>99</ele>
        <time>2025-03-24T09:00:53+00:00</time>
      </trkpt>
      <trkpt lat="50.78516" lon="2.67774">
        <ele>97</ele>
        <time>2025-03-24T09:00:56+00:00</time>
      </trkpt>
      <trkpt lat="50.78538" lon="2.67751">
        <ele>97</ele>
        <time>2025-03-24T09:00:59+00:00</time>
      </trkpt>
      <trkpt lat="50.78551" lon="2.67693">
        <ele>98</ele>
        <time>2025-03-24T09:01:02+00:00</time>
      </trkpt>
      <trkpt lat="50.78554" lon="2.67649">
        <ele>99</ele>
        <time>2025-03-24T09:01:05+00:00</time>
      </trkpt>
      <trkpt lat="50.78557" lon="2.67612">
        <ele>99</ele>
        <time>2025-03-24T09:01:08+00:00</time>
      </trkpt>
      <trkpt lat="50.78561" lon="2.67565">
        <ele>98</ele>
        <time>2025-03-24T09:01:11+00:00</time>
      </trkpt>
      <trkpt lat="50.78575" lon="2.67528">
        <ele>98</ele>
        <time>2025-03-24T09:01:14+00:00</time>
      </trkpt>
      <trkpt lat="50.78601" lon="2.6746">
        <ele>101</ele>
        <time>2025-03-24T09:01:17+00:00</time>
      </trkpt>
      <trkpt lat="50.78608" lon="2.67419">
        <ele>104</ele>
        <time>2025-03-24T09:01:20+00:00</time>
      </trkpt>
      <trkpt lat="50.78613" lon="2.67385">
        <ele>104</ele>
        <time>2025-03-24T09:01:23+00:00</time>
      </trkpt>
      <trkpt lat="50.78619" lon="2.67349">
        <ele>105</ele>
        <time>2025-03-24T09:01:26+00:00</time>
      </trkpt>
      <trkpt lat="50.78596" lon="2.67318">
        <ele>107</ele>
        <time>2025-03-24T09:01:29+00:00</time>
      </trkpt>
      <trkpt lat="50.78573" lon="2.67302">
        <ele>109</ele>
        <time>2025-03-24T09:01:32+00:00</time>
      </trkpt>
      <trkpt lat="50.78539" lon="2.67279">
        <ele>114</ele>
        <time>2025-03-24T09:01:35+00:00</time>
      </trkpt>
      <trkpt lat="50.78515" lon="2.67264">
        <ele>117</ele>
        <time>2025-03-24T09:01:38+00:00</time>
      </trkpt>
      <trkpt lat="50.78502" lon="2.6722">
        <ele>120</ele>
        <time>2025-03-24T09:01:41+00:00</time>
      </trkpt>
      <trkpt lat="50.78485" lon="2.67212">
        <ele>123</ele>
        <time>2025-03-24T09:01:44+00:00</time>
      </trkpt>
      <trkpt lat="50.78476" lon="2.67177">
        <ele>127</ele>
        <time>2025-03-24T09:01:47+00:00</time>
      </trkpt>
      <trkpt lat="50.78464" lon="2.67132">
        <ele>129</ele>
        <time>2025-03-24T09:01:50+00:00</time>
      </trkpt>
      <trkpt lat="50.78441" lon="2.67151">
        <ele>130</ele>
        <time>2025-03-24T09:01:53+00:00</time>
      </trkpt>
      <trkpt lat="50.78416" lon="2.67197">
        <ele>131</ele>
        <time>2025-03-24T09:01:56+00:00</time>
      </trkpt>
      <trkpt lat="50.7838" lon="2.67201">
        <ele>138</ele>
        <time>2025-03-24T09:01:59+00:00</time>
      </trkpt>
      <trkpt lat="50.78365" lon="2.67175">
        <ele>142</ele>
        <time>2025-03-24T09:02:02+00:00</time>
      </trkpt>
      <trkpt lat="50.78348" lon="2.67148">
        <ele>147</ele>
        <time>2025-03-24T09:02:05+00:00</time>
      </trkpt>
      <trkpt lat="50.78323" lon="2.67136">
        <ele>149</ele>
        <time>2025-03-24T09:02:08+00:00</time>
      </trkpt>
      <trkpt lat="50.78293" lon="2.67123">
        <ele>152</ele>
        <time>2025-03-24T09:02:11+00:00</time>
      </trkpt>
      <trkpt lat="50.78278" lon="2.67102">
        <ele>152</ele>
        <time>2025-03-24T09:02:14+00:00</time>
      </trkpt>
      <trkpt lat="50.78308" lon="2.67106">
        <ele>153</ele>
        <time>2025-03-24T09:02:17+00:00</time>
      </trkpt>
      <trkpt lat="50.78323" lon="2.67102">
        <ele>153</ele>
        <time>2025-03-24T09:02:20+00:00</time>
      </trkpt>
      <trkpt lat="50.7834" lon="2.67102">
        <ele>153</ele>
        <time>2025-03-24T09:02:23+00:00</time>
      </trkpt>
      <trkpt lat="50.78369" lon="2.67099">
        <ele>153</ele>
        <time>2025-03-24T09:02:26+00:00</time>
      </trkpt>
      <trkpt lat="50.78376" lon="2.67071">
        <ele>154</ele>
        <time>2025-03-24T09:02:29+00:00</time>
      </trkpt>
      <trkpt lat="50.78378" lon="2.67035">
        <ele>156</ele>
        <time>2025-03-24T09:02:32+00:00</time>
      </trkpt>
      <trkpt lat="50.7838" lon="2.66996">
        <ele>156</ele>
        <time>2025-03-24T09:02:35+00:00</time>
      </trkpt>
      <trkpt lat="50.78386" lon="2.66958">
        <ele>157</ele>
        <time>2025-03-24T09:02:38+00:00</time>
      </trkpt>
      <trkpt lat="50.78394" lon="2.66906">
        <ele>157</ele>
        <time>2025-03-24T09:02:41+00:00</time>
      </trkpt>
      <trkpt lat="50.78403" lon="2.66853">
        <ele>158</ele>
        <time>2025-03-24T09:02:44+00:00</time>
      </trkpt>
      <trkpt lat="50.78414" lon="2.66813">
        <ele>159</ele>
        <time>2025-03-24T09:02:47+00:00</time>
      </trkpt>
      <trkpt lat="50.78435" lon="2.66737">
        <ele>159</ele>
        <time>2025-03-24T09:02:50+00:00</time>
      </trkpt>
      <trkpt lat="50.78447" lon="2.66697">
        <ele>159</ele>
        <time>2025-03-24T09:02:53+00:00</time>
      </trkpt>
      <trkpt lat="50.7847" lon="2.66621">
        <ele>160</ele>
        <time>2025-03-24T09:02:56+00:00</time>
      </trkpt>
      <trkpt lat="50.78447" lon="2.66653">
        <ele>161</ele>
        <time>2025-03-24T09:02:59+00:00</time>
      </trkpt>
      <trkpt lat="50.78437" lon="2.66685">
        <ele>161</ele>
        <time>2025-03-24T09:03:02+00:00</time>
      </trkpt>
      <trkpt lat="50.78425" lon="2.66722">
        <ele>161</ele>
        <time>2025-03-24T09:03:05+00:00</time>
      </trkpt>
      <trkpt lat="50.78407" lon="2.66766">
        <ele>161</ele>
        <time>2025-03-24T09:03:08+00:00</time>
      </trkpt>
      <trkpt lat="50.78393" lon="2.66813">
        <ele>161</ele>
        <time>2025-03-24T09:03:11+00:00</time>
      </trkpt>
      <trkpt lat="50.78384" lon="2.6685">
        <ele>161</ele>
        <time>2025-03-24T09:03:14+00:00</time>
      </trkpt>
      <trkpt lat="50.7837" lon="2.66902">
        <ele>161</ele>
        <time>2025-03-24T09:03:17+00:00</time>
      </trkpt>
      <trkpt lat="50.78359" lon="2.66956">
        <ele>160</ele>
        <time>2025-03-24T09:03:20+00:00</time>
      </trkpt>
      <trkpt lat="50.78333" lon="2.66977">
        <ele>159</ele>
        <time>2025-03-24T09:03:23+00:00</time>
      </trkpt>
      <trkpt lat="50.78308" lon="2.66998">
        <ele>157</ele>
        <time>2025-03-24T09:03:26+00:00</time>
      </trkpt>
      <trkpt lat="50.78281" lon="2.6702">
        <ele>155</ele>
        <time>2025-03-24T09:03:29+00:00</time>
      </trkpt>
      <trkpt lat="50.78274" lon="2.67053">
        <ele>153</ele>
        <time>2025-03-24T09:03:32+00:00</time>
      </trkpt>
      <trkpt lat="50.78266" lon="2.67087">
        <ele>151</ele>
        <time>2025-03-24T09:03:35+00:00</time>
      </trkpt>
      <trkpt lat="50.78252" lon="2.67091">
        <ele>151</ele>
        <time>2025-03-24T09:03:38+00:00</time>
      </trkpt>
      <trkpt lat="50.78248" lon="2.67127">
        <ele>150</ele>
        <time>2025-03-24T09:03:41+00:00</time>
      </trkpt>
      <trkpt lat="50.78241" lon="2.67199">
        <ele>150</ele>
        <time>2025-03-24T09:03:44+00:00</time>
      </trkpt>
      <trkpt lat="50.78206" lon="2.67195">
        <ele>145</ele>
        <time>2025-03-24T09:03:47+00:00</time>
      </trkpt>
      <trkpt lat="50.78189" lon="2.67238">
        <ele>136</ele>
        <time>2025-03-24T09:03:50+00:00</time>
      </trkpt>
      <trkpt lat="50.78191" lon="2.67279">
        <ele>133</ele>
        <time>2025-03-24T09:03:53+00:00</time>
      </trkpt>
      <trkpt lat="50.78164" lon="2.67289">
        <ele>132</ele>
        <time>2025-03-24T09:03:56+00:00</time>
      </trkpt>
      <trkpt lat="50.78142" lon="2.67298">
        <ele>128</ele>
        <time>2025-03-24T09:03:59+00:00</time>
      </trkpt>
      <trkpt lat="50.78116" lon="2.67309">
        <ele>126</ele>
        <time>2025-03-24T09:04:02+00:00</time>
      </trkpt>
      <trkpt lat="50.78112" lon="2.67269">
        <ele>125</ele>
        <time>2025-03-24T09:04:05+00:00</time>
      </trkpt>
      <trkpt lat="50.78107" lon="2.6721">
        <ele>124</ele>
        <time>2025-03-24T09:04:08+00:00</time>
      </trkpt>
      <trkpt lat="50.78084" lon="2.67209">
        <ele>123</ele>
        <time>2025-03-24T09:04:11+00:00</time>
      </trkpt>
      <trkpt lat="50.78056" lon="2.67208">
        <ele>120</ele>
        <time>2025-03-24T09:04:14+00:00</time>
      </trkpt>
      <trkpt lat="50.78031" lon="2.67206">
        <ele>118</ele>
        <time>2025-03-24T09:04:17+00:00</time>
      </trkpt>
      <trkpt lat="50.7802" lon="2.67245">
        <ele>115</ele>
        <time>2025-03-24T09:04:20+00:00</time>
      </trkpt>
      <trkpt lat="50.7799" lon="2.67285">
        <ele>113</ele>
        <time>2025-03-24T09:04:23+00:00</time>
      </trkpt>
      <trkpt lat="50.77994" lon="2.67324">
        <ele>112</ele>
        <time>2025-03-24T09:04:26+00:00</time>
      </trkpt>
      <trkpt lat="50.77999" lon="2.67378">
        <ele>109</ele>
        <time>2025-03-24T09:04:29+00:00</time>
      </trkpt>
      <trkpt lat="50.7797" lon="2.67395">
        <ele>106</ele>
        <time>2025-03-24T09:04:32+00:00</time>
      </trkpt>
      <trkpt lat="50.77942" lon="2.67413">
        <ele>104</ele>
        <time>2025-03-24T09:04:35+00:00</time>
      </trkpt>
      <trkpt lat="50.7792" lon="2.67426">
        <ele>102</ele>
        <time>2025-03-24T09:04:38+00:00</time>
      </trkpt>
      <trkpt lat="50.77894" lon="2.67442">
        <ele>100</ele>
        <time>2025-03-24T09:04:41+00:00</time>
      </trkpt>
      <trkpt lat="50.77864" lon="2.6745">
        <ele>98</ele>
        <time>2025-03-24T09:04:44+00:00</time>
      </trkpt>
      <trkpt lat="50.77833" lon="2.67458">
        <ele>95</ele>
        <time>2025-03-24T09:04:47+00:00</time>
      </trkpt>
      <trkpt lat="50.77786" lon="2.67471">
        <ele>90</ele>
        <time>2025-03-24T09:04:50+00:00</time>
      </trkpt>
      <trkpt lat="50.7775" lon="2.6748">
        <ele>87</ele>
        <time>2025-03-24T09:04:53+00:00</time>
      </trkpt>
      <trkpt lat="50.77715" lon="2.6749">
        <ele>84</ele>
        <time>2025-03-24T09:04:56+00:00</time>
      </trkpt>
      <trkpt lat="50.77686" lon="2.675">
        <ele>82</ele>
        <time>2025-03-24T09:04:59+00:00</time>
      </trkpt>
      <trkpt lat="50.77656" lon="2.67509">
        <ele>79</ele>
        <time>2025-03-24T09:05:02+00:00</time>
      </trkpt>
      <trkpt lat="50.77615" lon="2.67523">
        <ele>76</ele>
        <time>2025-03-24T09:05:05+00:00</time>
      </trkpt>
      <trkpt lat="50.77587" lon="2.67535">
        <ele>74</ele>
        <time>2025-03-24T09:05:08+00:00</time>
      </trkpt>
      <trkpt lat="50.7756" lon="2.67548">
        <ele>72</ele>
        <time>2025-03-24T09:05:11+00:00</time>
      </trkpt>
      <trkpt lat="50.77533" lon="2.67561">
        <ele>69</ele>
        <time>2025-03-24T09:05:14+00:00</time>
      </trkpt>
      <trkpt lat="50.77502" lon="2.67557">
        <ele>68</ele>
        <time>2025-03-24T09:05:17+00:00</time>
      </trkpt>
      <trkpt lat="50.77472" lon="2.67554">
        <ele>68</ele>
        <time>2025-03-24T09:05:20+00:00</time>
      </trkpt>
      <trkpt lat="50.77428" lon="2.67549">
        <ele>71</ele>
        <time>2025-03-24T09:05:23+00:00</time>
      </trkpt>
      <trkpt lat="50.774" lon="2.67547">
        <ele>71</ele>
        <time>2025-03-24T09:05:26+00:00</time>
      </trkpt>
      <trkpt lat="50.77344" lon="2.67543">
        <ele>71</ele>
        <time>2025-03-24T09:05:29+00:00</time>
      </trkpt>
      <trkpt lat="50.77322" lon="2.67559">
        <ele>71</ele>
        <time>2025-03-24T09:05:32+00:00</time>
      </trkpt>
      <trkpt lat="50.77294" lon="2.67579">
        <ele>70</ele>
        <time>2025-03-24T09:05:35+00:00</time>
      </trkpt>
      <trkpt lat="50.77273" lon="2.6759">
        <ele>69</ele>
        <time>2025-03-24T09:05:38+00:00</time>
      </trkpt>
      <trkpt lat="50.77251" lon="2.67603">
        <ele>69</ele>
        <time>2025-03-24T09:05:41+00:00</time>
      </trkpt>
      <trkpt lat="50.77262" lon="2.67667">
        <ele>67</ele>
        <time>2025-03-24T09:05:44+00:00</time>
      </trkpt>
      <trkpt lat="50.77272" lon="2.67701">
        <ele>66</ele>
        <time>2025-03-24T09:05:47+00:00</time>
      </trkpt>
      <trkpt lat="50.77284" lon="2.67744">
        <ele>65</ele>
        <time>2025-03-24T09:05:50+00:00</time>
      </trkpt>
      <trkpt lat="50.77299" lon="2.67774">
        <ele>65</ele>
        <time>2025-03-24T09:05:53+00:00</time>
      </trkpt>
      <trkpt lat="50.77324" lon="2.67764">
        <ele>65</ele>
        <time>2025-03-24T09:05:56+00:00</time>
      </trkpt>
      <trkpt lat="50.77359" lon="2.6775">
        <ele>65</ele>
        <time>2025-03-24T09:05:59+00:00</time>
      </trkpt>
      <trkpt lat="50.77371" lon="2.67784">
        <ele>63</ele>
        <time>2025-03-24T09:06:02+00:00</time>
      </trkpt>
      <trkpt lat="50.77387" lon="2.6783">
        <ele>60</ele>
        <time>2025-03-24T09:06:05+00:00</time>
      </trkpt>
      <trkpt lat="50.77407" lon="2.67869">
        <ele>58</ele>
        <time>2025-03-24T09:06:08+00:00</time>
      </trkpt>
      <trkpt lat="50.77427" lon="2.67908">
        <ele>54</ele>
        <time>2025-03-24T09:06:11+00:00</time>
      </trkpt>
      <trkpt lat="50.77467" lon="2.67986">
        <ele>53</ele>
        <time>2025-03-24T09:06:14+00:00</time>
      </trkpt>
      <trkpt lat="50.77501" lon="2.67996">
        <ele>53</ele>
        <time>2025-03-24T09:06:17+00:00</time>
      </trkpt>
      <trkpt lat="50.77534" lon="2.68005">
        <ele>55</ele>
        <time>2025-03-24T09:06:20+00:00</time>
      </trkpt>
      <trkpt lat="50.77567" lon="2.68015">
        <ele>57</ele>
        <time>2025-03-24T09:06:23+00:00</time>
      </trkpt>
      <trkpt lat="50.77632" lon="2.68033">
        <ele>64</ele>
        <time>2025-03-24T09:06:26+00:00</time>
      </trkpt>
      <trkpt lat="50.77655" lon="2.68069">
        <ele>68</ele>
        <time>2025-03-24T09:06:29+00:00</time>
      </trkpt>
      <trkpt lat="50.77678" lon="2.68105">
        <ele>72</ele>
        <time>2025-03-24T09:06:32+00:00</time>
      </trkpt>
      <trkpt lat="50.77701" lon="2.68141">
        <ele>78</ele>
        <time>2025-03-24T09:06:35+00:00</time>
      </trkpt>
      <trkpt lat="50.77727" lon="2.68181">
        <ele>78</ele>
        <time>2025-03-24T09:06:38+00:00</time>
      </trkpt>
      <trkpt lat="50.777" lon="2.68223">
        <ele>78</ele>
        <time>2025-03-24T09:06:41+00:00</time>
      </trkpt>
      <trkpt lat="50.77672" lon="2.68265">
        <ele>78</ele>
        <time>2025-03-24T09:06:44+00:00</time>
      </trkpt>
      <trkpt lat="50.77645" lon="2.68307">
        <ele>77</ele>
        <time>2025-03-24T09:06:47+00:00</time>
      </trkpt>
      <trkpt lat="50.77618" lon="2.68349">
        <ele>76</ele>
        <time>2025-03-24T09:06:50+00:00</time>
      </trkpt>
      <trkpt lat="50.77591" lon="2.68391">
        <ele>76</ele>
        <time>2025-03-24T09:06:53+00:00</time>
      </trkpt>
      <trkpt lat="50.77564" lon="2.68433">
        <ele>75</ele>
        <time>2025-03-24T09:06:56+00:00</time>
      </trkpt>
      <trkpt lat="50.77537" lon="2.68475">
        <ele>74</ele>
        <time>2025-03-24T09:06:59+00:00</time>
      </trkpt>
      <trkpt lat="50.77509" lon="2.68517">
        <ele>74</ele>
        <time>2025-03-24T09:07:02+00:00</time>
      </trkpt>
      <trkpt lat="50.77475" lon="2.68571">
        <ele>74</ele>
        <time>2025-03-24T09:07:05+00:00</time>
      </trkpt>
      <trkpt lat="50.77444" lon="2.68549">
        <ele>74</ele>
        <time>2025-03-24T09:07:08+00:00</time>
      </trkpt>
      <trkpt lat="50.77413" lon="2.68527">
        <ele>74</ele>
        <time>2025-03-24T09:07:11+00:00</time>
      </trkpt>
      <trkpt lat="50.77382" lon="2.68504">
        <ele>74</ele>
        <time>2025-03-24T09:07:14+00:00</time>
      </trkpt>
      <trkpt lat="50.77322" lon="2.68462">
        <ele>70</ele>
        <time>2025-03-24T09:07:17+00:00</time>
      </trkpt>
      <trkpt lat="50.77298" lon="2.68474">
        <ele>69</ele>
        <time>2025-03-24T09:07:20+00:00</time>
      </trkpt>
      <trkpt lat="50.77264" lon="2.68491">
        <ele>68</ele>
        <time>2025-03-24T09:07:23+00:00</time>
      </trkpt>
      <trkpt lat="50.77245" lon="2.68453">
        <ele>64</ele>
        <time>2025-03-24T09:07:26+00:00</time>
      </trkpt>
      <trkpt lat="50.77227" lon="2.68414">
        <ele>61</ele>
        <time>2025-03-24T09:07:29+00:00</time>
      </trkpt>
      <trkpt lat="50.772" lon="2.68358">
        <ele>56</ele>
        <time>2025-03-24T09:07:32+00:00</time>
      </trkpt>
      <trkpt lat="50.7717" lon="2.6835">
        <ele>52</ele>
        <time>2025-03-24T09:07:35+00:00</time>
      </trkpt>
      <trkpt lat="50.77139" lon="2.68342">
        <ele>49</ele>
        <time>2025-03-24T09:07:38+00:00</time>
      </trkpt>
      <trkpt lat="50.7709" lon="2.68329">
        <ele>44</ele>
        <time>2025-03-24T09:07:41+00:00</time>
      </trkpt>
      <trkpt lat="50.77057" lon="2.68327">
        <ele>44</ele>
        <time>2025-03-24T09:07:44+00:00</time>
      </trkpt>
      <trkpt lat="50.77025" lon="2.68324">
        <ele>44</ele>
        <time>2025-03-24T09:07:47+00:00</time>
      </trkpt>
      <trkpt lat="50.76992" lon="2.68322">
        <ele>44</ele>
        <time>2025-03-24T09:07:50+00:00</time>
      </trkpt>
      <trkpt lat="50.7695" lon="2.6832">
        <ele>45</ele>
        <time>2025-03-24T09:07:53+00:00</time>
      </trkpt>
      <trkpt lat="50.76917" lon="2.68293">
        <ele>45</ele>
        <time>2025-03-24T09:07:56+00:00</time>
      </trkpt>
      <trkpt lat="50.76884" lon="2.68267">
        <ele>45</ele>
        <time>2025-03-24T09:07:59+00:00</time>
      </trkpt>
      <trkpt lat="50.76851" lon="2.68241">
        <ele>46</ele>
        <time>2025-03-24T09:08:02+00:00</time>
      </trkpt>
      <trkpt lat="50.76818" lon="2.68214">
        <ele>46</ele>
        <time>2025-03-24T09:08:05+00:00</time>
      </trkpt>
      <trkpt lat="50.76785" lon="2.68188">
        <ele>46</ele>
        <time>2025-03-24T09:08:08+00:00</time>
      </trkpt>
      <trkpt lat="50.76752" lon="2.68162">
        <ele>46</ele>
        <time>2025-03-24T09:08:11+00:00</time>
      </trkpt>
      <trkpt lat="50.76698" lon="2.68119">
        <ele>44</ele>
        <time>2025-03-24T09:08:14+00:00</time>
      </trkpt>
      <trkpt lat="50.76673" lon="2.68086">
        <ele>44</ele>
        <time>2025-03-24T09:08:17+00:00</time>
      </trkpt>
      <trkpt lat="50.76649" lon="2.68053">
        <ele>44</ele>
        <time>2025-03-24T09:08:20+00:00</time>
      </trkpt>
      <trkpt lat="50.76624" lon="2.6802">
        <ele>44</ele>
        <time>2025-03-24T09:08:23+00:00</time>
      </trkpt>
      <trkpt lat="50.76594" lon="2.6798">
        <ele>44</ele>
        <time>2025-03-24T09:08:26+00:00</time>
      </trkpt>
      <trkpt lat="50.76575" lon="2.67954">
        <ele>44</ele>
        <time>2025-03-24T09:08:29+00:00</time>
      </trkpt>
      <trkpt lat="50.76549" lon="2.67918">
        <ele>44</ele>
        <time>2025-03-24T09:08:32+00:00</time>
      </trkpt>
      <trkpt lat="50.76566" lon="2.67884">
        <ele>46</ele>
        <time>2025-03-24T09:08:35+00:00</time>
      </trkpt>
      <trkpt lat="50.76596" lon="2.67824">
        <ele>47</ele>
        <time>2025-03-24T09:08:38+00:00</time>
      </trkpt>
      <trkpt lat="50.76623" lon="2.67798">
        <ele>49</ele>
        <time>2025-03-24T09:08:41+00:00</time>
      </trkpt>
      <trkpt lat="50.7665" lon="2.67772">
        <ele>49</ele>
        <time>2025-03-24T09:08:44+00:00</time>
      </trkpt>
      <trkpt lat="50.76702" lon="2.67723">
        <ele>51</ele>
        <time>2025-03-24T09:08:47+00:00</time>
      </trkpt>
      <trkpt lat="50.76729" lon="2.67698">
        <ele>52</ele>
        <time>2025-03-24T09:08:50+00:00</time>
      </trkpt>
      <trkpt lat="50.76756" lon="2.67674">
        <ele>53</ele>
        <time>2025-03-24T09:08:53+00:00</time>
      </trkpt>
      <trkpt lat="50.76801" lon="2.67632">
        <ele>55</ele>
        <time>2025-03-24T09:08:56+00:00</time>
      </trkpt>
      <trkpt lat="50.76834" lon="2.67624">
        <ele>56</ele>
        <time>2025-03-24T09:08:59+00:00</time>
      </trkpt>
      <trkpt lat="50.76866" lon="2.67616">
        <ele>57</ele>
        <time>2025-03-24T09:09:02+00:00</time>
      </trkpt>
      <trkpt lat="50.76899" lon="2.67609">
        <ele>58</ele>
        <time>2025-03-24T09:09:05+00:00</time>
      </trkpt>
      <trkpt lat="50.76945" lon="2.67598">
        <ele>59</ele>
        <time>2025-03-24T09:09:08+00:00</time>
      </trkpt>
      <trkpt lat="50.76979" lon="2.67577">
        <ele>60</ele>
        <time>2025-03-24T09:09:11+00:00</time>
      </trkpt>
      <trkpt lat="50.77014" lon="2.67557">
        <ele>62</ele>
        <time>2025-03-24T09:09:14+00:00</time>
      </trkpt>
      <trkpt lat="50.77048" lon="2.67536">
        <ele>64</ele>
        <time>2025-03-24T09:09:17+00:00</time>
      </trkpt>
      <trkpt lat="50.77083" lon="2.67516">
        <ele>66</ele>
        <time>2025-03-24T09:09:20+00:00</time>
      </trkpt>
      <trkpt lat="50.77118" lon="2.67495">
        <ele>68</ele>
        <time>2025-03-24T09:09:23+00:00</time>
      </trkpt>
      <trkpt lat="50.77152" lon="2.67475">
        <ele>69</ele>
        <time>2025-03-24T09:09:26+00:00</time>
      </trkpt>
      <trkpt lat="50.77208" lon="2.67442">
        <ele>72</ele>
        <time>2025-03-24T09:09:29+00:00</time>
      </trkpt>
      <trkpt lat="50.77245" lon="2.67418">
        <ele>73</ele>
        <time>2025-03-24T09:09:32+00:00</time>
      </trkpt>
      <trkpt lat="50.77281" lon="2.67393">
        <ele>74</ele>
        <time>2025-03-24T09:09:35+00:00</time>
      </trkpt>
      <trkpt lat="50.77318" lon="2.67369">
        <ele>76</ele>
        <time>2025-03-24T09:09:38+00:00</time>
      </trkpt>
      <trkpt lat="50.77354" lon="2.67344">
        <ele>77</ele>
        <time>2025-03-24T09:09:41+00:00</time>
      </trkpt>
      <trkpt lat="50.7738" lon="2.67327">
        <ele>77</ele>
        <time>2025-03-24T09:09:44+00:00</time>
      </trkpt>
      <trkpt lat="50.77428" lon="2.67296">
        <ele>79</ele>
        <time>2025-03-24T09:09:47+00:00</time>
      </trkpt>
      <trkpt lat="50.77464" lon="2.67271">
        <ele>80</ele>
        <time>2025-03-24T09:09:50+00:00</time>
      </trkpt>
      <trkpt lat="50.77492" lon="2.67252">
        <ele>81</ele>
        <time>2025-03-24T09:09:53+00:00</time>
      </trkpt>
      <trkpt lat="50.7752" lon="2.67234">
        <ele>82</ele>
        <time>2025-03-24T09:09:56+00:00</time>
      </trkpt>
      <trkpt lat="50.77561" lon="2.67207">
        <ele>84</ele>
        <time>2025-03-24T09:09:59+00:00</time>
      </trkpt>
      <trkpt lat="50.77593" lon="2.67185">
        <ele>86</ele>
        <time>2025-03-24T09:10:02+00:00</time>
      </trkpt>
      <trkpt lat="50.77616" lon="2.6717">
        <ele>87</ele>
        <time>2025-03-24T09:10:05+00:00</time>
      </trkpt>
      <trkpt lat="50.77647" lon="2.6715">
        <ele>88</ele>
        <time>2025-03-24T09:10:08+00:00</time>
      </trkpt>
      <trkpt lat="50.77683" lon="2.67125">
        <ele>90</ele>
        <time>2025-03-24T09:10:11+00:00</time>
      </trkpt>
      <trkpt lat="50.77706" lon="2.6711">
        <ele>91</ele>
        <time>2025-03-24T09:10:14+00:00</time>
      </trkpt>
      <trkpt lat="50.77736" lon="2.6709">
        <ele>92</ele>
        <time>2025-03-24T09:10:17+00:00</time>
      </trkpt>
      <trkpt lat="50.7776" lon="2.67076">
        <ele>94</ele>
        <time>2025-03-24T09:10:20+00:00</time>
      </trkpt>
      <trkpt lat="50.77796" lon="2.67056">
        <ele>96</ele>
        <time>2025-03-24T09:10:23+00:00</time>
      </trkpt>
      <trkpt lat="50.77831" lon="2.67055">
        <ele>99</ele>
        <time>2025-03-24T09:10:26+00:00</time>
      </trkpt>
      <trkpt lat="50.77865" lon="2.67055">
        <ele>102</ele>
        <time>2025-03-24T09:10:29+00:00</time>
      </trkpt>
      <trkpt lat="50.77899" lon="2.67054">
        <ele>105</ele>
        <time>2025-03-24T09:10:32+00:00</time>
      </trkpt>
      <trkpt lat="50.77933" lon="2.67054">
        <ele>110</ele>
        <time>2025-03-24T09:10:35+00:00</time>
      </trkpt>
      <trkpt lat="50.77998" lon="2.67054">
        <ele>116</ele>
        <time>2025-03-24T09:10:38+00:00</time>
      </trkpt>
      <trkpt lat="50.78037" lon="2.67062">
        <ele>120</ele>
        <time>2025-03-24T09:10:41+00:00</time>
      </trkpt>
      <trkpt lat="50.78063" lon="2.67061">
        <ele>123</ele>
        <time>2025-03-24T09:10:44+00:00</time>
      </trkpt>
      <trkpt lat="50.78101" lon="2.6706">
        <ele>127</ele>
        <time>2025-03-24T09:10:47+00:00</time>
      </trkpt>
      <trkpt lat="50.78135" lon="2.67045">
        <ele>133</ele>
        <time>2025-03-24T09:10:50+00:00</time>
      </trkpt>
      <trkpt lat="50.78143" lon="2.67004">
        <ele>135</ele>
        <time>2025-03-24T09:10:53+00:00</time>
      </trkpt>
      <trkpt lat="50.78158" lon="2.66929">
        <ele>137</ele>
        <time>2025-03-24T09:10:56+00:00</time>
      </trkpt>
      <trkpt lat="50.78191" lon="2.66957">
        <ele>139</ele>
        <time>2025-03-24T09:10:59+00:00</time>
      </trkpt>
      <trkpt lat="50.78181" lon="2.66923">
        <ele>139</ele>
        <time>2025-03-24T09:11:02+00:00</time>
      </trkpt>
      <trkpt lat="50.78169" lon="2.66882">
        <ele>139</ele>
        <time>2025-03-24T09:11:05+00:00</time>
      </trkpt>
      <trkpt lat="50.78184" lon="2.66852">
        <ele>143</ele>
        <time>2025-03-24T09:11:08+00:00</time>
      </trkpt>
      <trkpt lat="50.78203" lon="2.66813">
        <ele>147</ele>
        <time>2025-03-24T09:11:11+00:00</time>
      </trkpt>
      <trkpt lat="50.78219" lon="2.6676">
        <ele>149</ele>
        <time>2025-03-24T09:11:14+00:00</time>
      </trkpt>
      <trkpt lat="50.78241" lon="2.66743">
        <ele>152</ele>
        <time>2025-03-24T09:11:17+00:00</time>
      </trkpt>
      <trkpt lat="50.78268" lon="2.66721">
        <ele>152</ele>
        <time>2025-03-24T09:11:20+00:00</time>
      </trkpt>
      <trkpt lat="50.78254" lon="2.66692">
        <ele>152</ele>
        <time>2025-03-24T09:11:23+00:00</time>
      </trkpt>
      <trkpt lat="50.78237" lon="2.66659">
        <ele>146</ele>
        <time>2025-03-24T09:11:26+00:00</time>
      </trkpt>
      <trkpt lat="50.7821" lon="2.66647">
        <ele>142</ele>
        <time>2025-03-24T09:11:29+00:00</time>
      </trkpt>
      <trkpt lat="50.78159" lon="2.66624">
        <ele>132</ele>
        <time>2025-03-24T09:11:32+00:00</time>
      </trkpt>
      <trkpt lat="50.78137" lon="2.66609">
        <ele>127</ele>
        <time>2025-03-24T09:11:35+00:00</time>
      </trkpt>
      <trkpt lat="50.78108" lon="2.66588">
        <ele>121</ele>
        <time>2025-03-24T09:11:38+00:00</time>
      </trkpt>
      <trkpt lat="50.78101" lon="2.6656">
        <ele>119</ele>
        <time>2025-03-24T09:11:41+00:00</time>
      </trkpt>
      <trkpt lat="50.78089" lon="2.66531">
        <ele>115</ele>
        <time>2025-03-24T09:11:44+00:00</time>
      </trkpt>
      <trkpt lat="50.78075" lon="2.66498">
        <ele>110</ele>
        <time>2025-03-24T09:11:47+00:00</time>
      </trkpt>
      <trkpt lat="50.78087" lon="2.66463">
        <ele>110</ele>
        <time>2025-03-24T09:11:50+00:00</time>
      </trkpt>
      <trkpt lat="50.78105" lon="2.66413">
        <ele>111</ele>
        <time>2025-03-24T09:11:53+00:00</time>
      </trkpt>
      <trkpt lat="50.78116" lon="2.66381">
        <ele>112</ele>
        <time>2025-03-24T09:11:56+00:00</time>
      </trkpt>
      <trkpt lat="50.78128" lon="2.66345">
        <ele>112</ele>
        <time>2025-03-24T09:11:59+00:00</time>
      </trkpt>
      <trkpt lat="50.78107" lon="2.66324">
        <ele>110</ele>
        <time>2025-03-24T09:12:02+00:00</time>
      </trkpt>
      <trkpt lat="50.78079" lon="2.66295">
        <ele>108</ele>
        <time>2025-03-24T09:12:05+00:00</time>
      </trkpt>
      <trkpt lat="50.78052" lon="2.66266">
        <ele>106</ele>
        <time>2025-03-24T09:12:08+00:00</time>
      </trkpt>
      <trkpt lat="50.7803" lon="2.6624">
        <ele>105</ele>
        <time>2025-03-24T09:12:11+00:00</time>
      </trkpt>
      <trkpt lat="50.77989" lon="2.66191">
        <ele>104</ele>
        <time>2025-03-24T09:12:14+00:00</time>
      </trkpt>
      <trkpt lat="50.77965" lon="2.66175">
        <ele>103</ele>
        <time>2025-03-24T09:12:17+00:00</time>
      </trkpt>
      <trkpt lat="50.77945" lon="2.66162">
        <ele>102</ele>
        <time>2025-03-24T09:12:20+00:00</time>
      </trkpt>
      <trkpt lat="50.77925" lon="2.6615">
        <ele>102</ele>
        <time>2025-03-24T09:12:23+00:00</time>
      </trkpt>
      <trkpt lat="50.77905" lon="2.66125">
        <ele>101</ele>
        <time>2025-03-24T09:12:26+00:00</time>
      </trkpt>
      <trkpt lat="50.77874" lon="2.66086">
        <ele>100</ele>
        <time>2025-03-24T09:12:29+00:00</time>
      </trkpt>
      <trkpt lat="50.77856" lon="2.66067">
        <ele>99</ele>
        <time>2025-03-24T09:12:32+00:00</time>
      </trkpt>
      <trkpt lat="50.77836" lon="2.66047">
        <ele>98</ele>
        <time>2025-03-24T09:12:35+00:00</time>
      </trkpt>
      <trkpt lat="50.7781" lon="2.66027">
        <ele>97</ele>
        <time>2025-03-24T09:12:38+00:00</time>
      </trkpt>
      <trkpt lat="50.77785" lon="2.66007">
        <ele>96</ele>
        <time>2025-03-24T09:12:41+00:00</time>
      </trkpt>
      <trkpt lat="50.77757" lon="2.65985">
        <ele>94</ele>
        <time>2025-03-24T09:12:44+00:00</time>
      </trkpt>
      <trkpt lat="50.77727" lon="2.65966">
        <ele>93</ele>
        <time>2025-03-24T09:12:47+00:00</time>
      </trkpt>
      <trkpt lat="50.77698" lon="2.65946">
        <ele>92</ele>
        <time>2025-03-24T09:12:50+00:00</time>
      </trkpt>
      <trkpt lat="50.77643" lon="2.65909">
        <ele>90</ele>
        <time>2025-03-24T09:12:53+00:00</time>
      </trkpt>
      <trkpt lat="50.77619" lon="2.65901">
        <ele>89</ele>
        <time>2025-03-24T09:12:56+00:00</time>
      </trkpt>
      <trkpt lat="50.77582" lon="2.65889">
        <ele>88</ele>
        <time>2025-03-24T09:12:59+00:00</time>
      </trkpt>
      <trkpt lat="50.77558" lon="2.65867">
        <ele>88</ele>
        <time>2025-03-24T09:13:02+00:00</time>
      </trkpt>
      <trkpt lat="50.77526" lon="2.65849">
        <ele>87</ele>
        <time>2025-03-24T09:13:05+00:00</time>
      </trkpt>
      <trkpt lat="50.77494" lon="2.6583">
        <ele>87</ele>
        <time>2025-03-24T09:13:08+00:00</time>
      </trkpt>
      <trkpt lat="50.77462" lon="2.65812">
        <ele>86</ele>
        <time>2025-03-24T09:13:11+00:00</time>
      </trkpt>
      <trkpt lat="50.77403" lon="2.65778">
        <ele>86</ele>
        <time>2025-03-24T09:13:14+00:00</time>
      </trkpt>
      <trkpt lat="50.77378" lon="2.65772">
        <ele>84</ele>
        <time>2025-03-24T09:13:17+00:00</time>
      </trkpt>
      <trkpt lat="50.77343" lon="2.65764">
        <ele>82</ele>
        <time>2025-03-24T09:13:20+00:00</time>
      </trkpt>
      <trkpt lat="50.7732" lon="2.65758">
        <ele>81</ele>
        <time>2025-03-24T09:13:23+00:00</time>
      </trkpt>
      <trkpt lat="50.77294" lon="2.65752">
        <ele>80</ele>
        <time>2025-03-24T09:13:26+00:00</time>
      </trkpt>
      <trkpt lat="50.77271" lon="2.65748">
        <ele>80</ele>
        <time>2025-03-24T09:13:29+00:00</time>
      </trkpt>
      <trkpt lat="50.77242" lon="2.65743">
        <ele>79</ele>
        <time>2025-03-24T09:13:32+00:00</time>
      </trkpt>
      <trkpt lat="50.77251" lon="2.65694">
        <ele>79</ele>
        <time>2025-03-24T09:13:35+00:00</time>
      </trkpt>
      <trkpt lat="50.7726" lon="2.65646">
        <ele>74</ele>
        <time>2025-03-24T09:13:38+00:00</time>
      </trkpt>
      <trkpt lat="50.77277" lon="2.65553">
        <ele>66</ele>
        <time>2025-03-24T09:13:41+00:00</time>
      </trkpt>
      <trkpt lat="50.77258" lon="2.65516">
        <ele>65</ele>
        <time>2025-03-24T09:13:44+00:00</time>
      </trkpt>
      <trkpt lat="50.7724" lon="2.65479">
        <ele>64</ele>
        <time>2025-03-24T09:13:47+00:00</time>
      </trkpt>
      <trkpt lat="50.77216" lon="2.65431">
        <ele>62</ele>
        <time>2025-03-24T09:13:50+00:00</time>
      </trkpt>
      <trkpt lat="50.77192" lon="2.65409">
        <ele>62</ele>
        <time>2025-03-24T09:13:53+00:00</time>
      </trkpt>
      <trkpt lat="50.77149" lon="2.65371">
        <ele>62</ele>
        <time>2025-03-24T09:13:56+00:00</time>
      </trkpt>
      <trkpt lat="50.7712" lon="2.65339">
        <ele>59</ele>
        <time>2025-03-24T09:13:59+00:00</time>
      </trkpt>
      <trkpt lat="50.77095" lon="2.65312">
        <ele>57</ele>
        <time>2025-03-24T09:14:02+00:00</time>
      </trkpt>
      <trkpt lat="50.77071" lon="2.65286">
        <ele>57</ele>
        <time>2025-03-24T09:14:05+00:00</time>
      </trkpt>
      <trkpt lat="50.77039" lon="2.65251">
        <ele>57</ele>
        <time>2025-03-24T09:14:08+00:00</time>
      </trkpt>
      <trkpt lat="50.77016" lon="2.65227">
        <ele>57</ele>
        <time>2025-03-24T09:14:11+00:00</time>
      </trkpt>
      <trkpt lat="50.76976" lon="2.65185">
        <ele>56</ele>
        <time>2025-03-24T09:14:14+00:00</time>
      </trkpt>
      <trkpt lat="50.76959" lon="2.65144">
        <ele>56</ele>
        <time>2025-03-24T09:14:17+00:00</time>
      </trkpt>
      <trkpt lat="50.76942" lon="2.65103">
        <ele>51</ele>
        <time>2025-03-24T09:14:20+00:00</time>
      </trkpt>
      <trkpt lat="50.76912" lon="2.65032">
        <ele>49</ele>
        <time>2025-03-24T09:14:23+00:00</time>
      </trkpt>
      <trkpt lat="50.76889" lon="2.65003">
        <ele>47</ele>
        <time>2025-03-24T09:14:26+00:00</time>
      </trkpt>
      <trkpt lat="50.7687" lon="2.64977">
        <ele>45</ele>
        <time>2025-03-24T09:14:29+00:00</time>
      </trkpt>
      <trkpt lat="50.76841" lon="2.6494">
        <ele>44</ele>
        <time>2025-03-24T09:14:32+00:00</time>
      </trkpt>
      <trkpt lat="50.76828" lon="2.64902">
        <ele>44</ele>
        <time>2025-03-24T09:14:35+00:00</time>
      </trkpt>
      <trkpt lat="50.76818" lon="2.64871">
        <ele>45</ele>
        <time>2025-03-24T09:14:38+00:00</time>
      </trkpt>
      <trkpt lat="50.76808" lon="2.64839">
        <ele>45</ele>
        <time>2025-03-24T09:14:41+00:00</time>
      </trkpt>
      <trkpt lat="50.76791" lon="2.64813">
        <ele>45</ele>
        <time>2025-03-24T09:14:44+00:00</time>
      </trkpt>
      <trkpt lat="50.7677" lon="2.64779">
        <ele>45</ele>
        <time>2025-03-24T09:14:47+00:00</time>
      </trkpt>
      <trkpt lat="50.7676" lon="2.64736">
        <ele>45</ele>
        <time>2025-03-24T09:14:50+00:00</time>
      </trkpt>
      <trkpt lat="50.76736" lon="2.64712">
        <ele>44</ele>
        <time>2025-03-24T09:14:53+00:00</time>
      </trkpt>
      <trkpt lat="50.76715" lon="2.6469">
        <ele>44</ele>
        <time>2025-03-24T09:14:56+00:00</time>
      </trkpt>
      <trkpt lat="50.76687" lon="2.64661">
        <ele>43</ele>
        <time>2025-03-24T09:14:59+00:00</time>
      </trkpt>
      <trkpt lat="50.76696" lon="2.64621">
        <ele>43</ele>
        <time>2025-03-24T09:15:02+00:00</time>
      </trkpt>
      <trkpt lat="50.76712" lon="2.64552">
        <ele>43</ele>
        <time>2025-03-24T09:15:05+00:00</time>
      </trkpt>
      <trkpt lat="50.76736" lon="2.6455">
        <ele>43</ele>
        <time>2025-03-24T09:15:08+00:00</time>
      </trkpt>
      <trkpt lat="50.76769" lon="2.64547">
        <ele>45</ele>
        <time>2025-03-24T09:15:11+00:00</time>
      </trkpt>
      <trkpt lat="50.76789" lon="2.64581">
        <ele>46</ele>
        <time>2025-03-24T09:15:14+00:00</time>
      </trkpt>
      <trkpt lat="50.76808" lon="2.64611">
        <ele>49</ele>
        <time>2025-03-24T09:15:17+00:00</time>
      </trkpt>
      <trkpt lat="50.76838" lon="2.64659">
        <ele>51</ele>
        <time>2025-03-24T09:15:20+00:00</time>
      </trkpt>
      <trkpt lat="50.76859" lon="2.64647">
        <ele>53</ele>
        <time>2025-03-24T09:15:23+00:00</time>
      </trkpt>
      <trkpt lat="50.76881" lon="2.64633">
        <ele>55</ele>
        <time>2025-03-24T09:15:26+00:00</time>
      </trkpt>
      <trkpt lat="50.769" lon="2.64608">
        <ele>57</ele>
        <time>2025-03-24T09:15:29+00:00</time>
      </trkpt>
      <trkpt lat="50.76925" lon="2.64573">
        <ele>59</ele>
        <time>2025-03-24T09:15:32+00:00</time>
      </trkpt>
      <trkpt lat="50.76946" lon="2.64554">
        <ele>58</ele>
        <time>2025-03-24T09:15:35+00:00</time>
      </trkpt>
      <trkpt lat="50.76923" lon="2.64511">
        <ele>58</ele>
        <time>2025-03-24T09:15:38+00:00</time>
      </trkpt>
      <trkpt lat="50.76907" lon="2.64478">
        <ele>51</ele>
        <time>2025-03-24T09:15:41+00:00</time>
      </trkpt>
      <trkpt lat="50.76881" lon="2.64427">
        <ele>49</ele>
        <time>2025-03-24T09:15:44+00:00</time>
      </trkpt>
      <trkpt lat="50.76854" lon="2.64404">
        <ele>48</ele>
        <time>2025-03-24T09:15:47+00:00</time>
      </trkpt>
      <trkpt lat="50.76833" lon="2.64412">
        <ele>48</ele>
        <time>2025-03-24T09:15:50+00:00</time>
      </trkpt>
      <trkpt lat="50.76812" lon="2.64421">
        <ele>48</ele>
        <time>2025-03-24T09:15:53+00:00</time>
      </trkpt>
      <trkpt lat="50.76789" lon="2.64428">
        <ele>48</ele>
        <time>2025-03-24T09:15:56+00:00</time>
      </trkpt>
      <trkpt lat="50.76762" lon="2.64436">
        <ele>47</ele>
        <time>2025-03-24T09:15:59+00:00</time>
      </trkpt>
      <trkpt lat="50.76752" lon="2.64462">
        <ele>46</ele>
        <time>2025-03-24T09:16:02+00:00</time>
      </trkpt>
      <trkpt lat="50.76746" lon="2.645">
        <ele>45</ele>
        <time>2025-03-24T09:16:05+00:00</time>
      </trkpt>
      <trkpt lat="50.76749" lon="2.64549">
        <ele>44</ele>
        <time>2025-03-24T09:16:08+00:00</time>
      </trkpt>
      <trkpt lat="50.76712" lon="2.64552">
        <ele>43</ele>
        <time>2025-03-24T09:16:11+00:00</time>
      </trkpt>
      <trkpt lat="50.76703" lon="2.64592">
        <ele>43</ele>
        <time>2025-03-24T09:16:14+00:00</time>
      </trkpt>
      <trkpt lat="50.76687" lon="2.64661">
        <ele>43</ele>
        <time>2025-03-24T09:16:17+00:00</time>
      </trkpt>
      <trkpt lat="50.76653" lon="2.64689">
        <ele>42</ele>
        <time>2025-03-24T09:16:20+00:00</time>
      </trkpt>
      <trkpt lat="50.76623" lon="2.64686">
        <ele>42</ele>
        <time>2025-03-24T09:16:23+00:00</time>
      </trkpt>
      <trkpt lat="50.76594" lon="2.64683">
        <ele>42</ele>
        <time>2025-03-24T09:16:26+00:00</time>
      </trkpt>
      <trkpt lat="50.76556" lon="2.6468">
        <ele>41</ele>
        <time>2025-03-24T09:16:29+00:00</time>
      </trkpt>
      <trkpt lat="50.76528" lon="2.64678">
        <ele>41</ele>
        <time>2025-03-24T09:16:32+00:00</time>
      </trkpt>
      <trkpt lat="50.76474" lon="2.64674">
        <ele>41</ele>
        <time>2025-03-24T09:16:35+00:00</time>
      </trkpt>
      <trkpt lat="50.76447" lon="2.64671">
        <ele>40</ele>
        <time>2025-03-24T09:16:38+00:00</time>
      </trkpt>
      <trkpt lat="50.76402" lon="2.64665">
        <ele>41</ele>
        <time>2025-03-24T09:16:41+00:00</time>
      </trkpt>
      <trkpt lat="50.76402" lon="2.6471">
        <ele>42</ele>
        <time>2025-03-24T09:16:44+00:00</time>
      </trkpt>
      <trkpt lat="50.76402" lon="2.64755">
        <ele>45</ele>
        <time>2025-03-24T09:16:47+00:00</time>
      </trkpt>
      <trkpt lat="50.76402" lon="2.64803">
        <ele>47</ele>
        <time>2025-03-24T09:16:50+00:00</time>
      </trkpt>
      <trkpt lat="50.76416" lon="2.64844">
        <ele>49</ele>
        <time>2025-03-24T09:16:53+00:00</time>
      </trkpt>
      <trkpt lat="50.76431" lon="2.64885">
        <ele>51</ele>
        <time>2025-03-24T09:16:56+00:00</time>
      </trkpt>
      <trkpt lat="50.7645" lon="2.64939">
        <ele>54</ele>
        <time>2025-03-24T09:16:59+00:00</time>
      </trkpt>
      <trkpt lat="50.7646" lon="2.64969">
        <ele>56</ele>
        <time>2025-03-24T09:17:02+00:00</time>
      </trkpt>
      <trkpt lat="50.76471" lon="2.65001">
        <ele>58</ele>
        <time>2025-03-24T09:17:05+00:00</time>
      </trkpt>
      <trkpt lat="50.76483" lon="2.65035">
        <ele>59</ele>
        <time>2025-03-24T09:17:08+00:00</time>
      </trkpt>
      <trkpt lat="50.765" lon="2.65082">
        <ele>61</ele>
        <time>2025-03-24T09:17:11+00:00</time>
      </trkpt>
      <trkpt lat="50.76512" lon="2.65118">
        <ele>62</ele>
        <time>2025-03-24T09:17:14+00:00</time>
      </trkpt>
      <trkpt lat="50.76487" lon="2.65146">
        <ele>63</ele>
        <time>2025-03-24T09:17:17+00:00</time>
      </trkpt>
      <trkpt lat="50.76463" lon="2.65175">
        <ele>62</ele>
        <time>2025-03-24T09:17:20+00:00</time>
      </trkpt>
      <trkpt lat="50.76427" lon="2.65217">
        <ele>62</ele>
        <time>2025-03-24T09:17:23+00:00</time>
      </trkpt>
      <trkpt lat="50.76442" lon="2.65257">
        <ele>64</ele>
        <time>2025-03-24T09:17:26+00:00</time>
      </trkpt>
      <trkpt lat="50.76457" lon="2.65296">
        <ele>65</ele>
        <time>2025-03-24T09:17:29+00:00</time>
      </trkpt>
      <trkpt lat="50.76475" lon="2.65343">
        <ele>67</ele>
        <time>2025-03-24T09:17:32+00:00</time>
      </trkpt>
      <trkpt lat="50.76451" lon="2.65375">
        <ele>67</ele>
        <time>2025-03-24T09:17:35+00:00</time>
      </trkpt>
      <trkpt lat="50.76429" lon="2.65403">
        <ele>66</ele>
        <time>2025-03-24T09:17:38+00:00</time>
      </trkpt>
      <trkpt lat="50.76386" lon="2.65459">
        <ele>66</ele>
        <time>2025-03-24T09:17:41+00:00</time>
      </trkpt>
      <trkpt lat="50.7636" lon="2.65482">
        <ele>68</ele>
        <time>2025-03-24T09:17:44+00:00</time>
      </trkpt>
      <trkpt lat="50.76337" lon="2.65502">
        <ele>69</ele>
        <time>2025-03-24T09:17:47+00:00</time>
      </trkpt>
      <trkpt lat="50.76302" lon="2.65532">
        <ele>70</ele>
        <time>2025-03-24T09:17:50+00:00</time>
      </trkpt>
      <trkpt lat="50.76277" lon="2.65538">
        <ele>69</ele>
        <time>2025-03-24T09:17:53+00:00</time>
      </trkpt>
      <trkpt lat="50.76241" lon="2.65547">
        <ele>69</ele>
        <time>2025-03-24T09:17:56+00:00</time>
      </trkpt>
      <trkpt lat="50.7623" lon="2.65503">
        <ele>67</ele>
        <time>2025-03-24T09:17:59+00:00</time>
      </trkpt>
      <trkpt lat="50.76218" lon="2.65458">
        <ele>66</ele>
        <time>2025-03-24T09:18:02+00:00</time>
      </trkpt>
      <trkpt lat="50.76203" lon="2.65395">
        <ele>61</ele>
        <time>2025-03-24T09:18:05+00:00</time>
      </trkpt>
      <trkpt lat="50.76197" lon="2.65355">
        <ele>57</ele>
        <time>2025-03-24T09:18:08+00:00</time>
      </trkpt>
      <trkpt lat="50.76189" lon="2.65294">
        <ele>50</ele>
        <time>2025-03-24T09:18:11+00:00</time>
      </trkpt>
      <trkpt lat="50.76166" lon="2.6526">
        <ele>46</ele>
        <time>2025-03-24T09:18:14+00:00</time>
      </trkpt>
      <trkpt lat="50.76143" lon="2.65226">
        <ele>47</ele>
        <time>2025-03-24T09:18:17+00:00</time>
      </trkpt>
      <trkpt lat="50.76101" lon="2.65163">
        <ele>47</ele>
        <time>2025-03-24T09:18:20+00:00</time>
      </trkpt>
      <trkpt lat="50.76097" lon="2.65114">
        <ele>48</ele>
        <time>2025-03-24T09:18:23+00:00</time>
      </trkpt>
      <trkpt lat="50.76093" lon="2.65066">
        <ele>48</ele>
        <time>2025-03-24T09:18:26+00:00</time>
      </trkpt>
      <trkpt lat="50.76086" lon="2.64983">
        <ele>48</ele>
        <time>2025-03-24T09:18:29+00:00</time>
      </trkpt>
      <trkpt lat="50.76073" lon="2.64947">
        <ele>48</ele>
        <time>2025-03-24T09:18:32+00:00</time>
      </trkpt>
      <trkpt lat="50.76052" lon="2.64891">
        <ele>49</ele>
        <time>2025-03-24T09:18:35+00:00</time>
      </trkpt>
      <trkpt lat="50.7604" lon="2.64849">
        <ele>49</ele>
        <time>2025-03-24T09:18:38+00:00</time>
      </trkpt>
      <trkpt lat="50.76029" lon="2.64807">
        <ele>49</ele>
        <time>2025-03-24T09:18:41+00:00</time>
      </trkpt>
      <trkpt lat="50.76016" lon="2.64761">
        <ele>50</ele>
        <time>2025-03-24T09:18:44+00:00</time>
      </trkpt>
      <trkpt lat="50.76006" lon="2.64722">
        <ele>50</ele>
        <time>2025-03-24T09:18:47+00:00</time>
      </trkpt>
      <trkpt lat="50.7599" lon="2.64661">
        <ele>50</ele>
        <time>2025-03-24T09:18:50+00:00</time>
      </trkpt>
      <trkpt lat="50.75979" lon="2.64615">
        <ele>48</ele>
        <time>2025-03-24T09:18:53+00:00</time>
      </trkpt>
      <trkpt lat="50.75968" lon="2.6457">
        <ele>47</ele>
        <time>2025-03-24T09:18:56+00:00</time>
      </trkpt>
      <trkpt lat="50.7595" lon="2.64496">
        <ele>45</ele>
        <time>2025-03-24T09:18:59+00:00</time>
      </trkpt>
      <trkpt lat="50.75972" lon="2.64477">
        <ele>42</ele>
        <time>2025-03-24T09:19:02+00:00</time>
      </trkpt>
      <trkpt lat="50.76006" lon="2.64449">
        <ele>39</ele>
        <time>2025-03-24T09:19:05+00:00</time>
      </trkpt>
      <trkpt lat="50.76022" lon="2.64421">
        <ele>39</ele>
        <time>2025-03-24T09:19:08+00:00</time>
      </trkpt>
      <trkpt lat="50.76041" lon="2.64386">
        <ele>39</ele>
        <time>2025-03-24T09:19:11+00:00</time>
      </trkpt>
      <trkpt lat="50.76061" lon="2.64361">
        <ele>40</ele>
        <time>2025-03-24T09:19:14+00:00</time>
      </trkpt>
      <trkpt lat="50.7609" lon="2.64324">
        <ele>42</ele>
        <time>2025-03-24T09:19:17+00:00</time>
      </trkpt>
      <trkpt lat="50.7611" lon="2.6431">
        <ele>41</ele>
        <time>2025-03-24T09:19:20+00:00</time>
      </trkpt>
      <trkpt lat="50.76131" lon="2.64294">
        <ele>42</ele>
        <time>2025-03-24T09:19:23+00:00</time>
      </trkpt>
      <trkpt lat="50.76113" lon="2.64268">
        <ele>40</ele>
        <time>2025-03-24T09:19:26+00:00</time>
      </trkpt>
      <trkpt lat="50.76089" lon="2.64232">
        <ele>40</ele>
        <time>2025-03-24T09:19:29+00:00</time>
      </trkpt>
      <trkpt lat="50.76063" lon="2.64251">
        <ele>40</ele>
        <time>2025-03-24T09:19:32+00:00</time>
      </trkpt>
      <trkpt lat="50.76037" lon="2.64286">
        <ele>39</ele>
        <time>2025-03-24T09:19:35+00:00</time>
      </trkpt>
      <trkpt lat="50.76003" lon="2.64275">
        <ele>38</ele>
        <time>2025-03-24T09:19:38+00:00</time>
      </trkpt>
      <trkpt lat="50.75994" lon="2.64333">
        <ele>38</ele>
        <time>2025-03-24T09:19:41+00:00</time>
      </trkpt>
      <trkpt lat="50.75972" lon="2.64342">
        <ele>38</ele>
        <time>2025-03-24T09:19:44+00:00</time>
      </trkpt>
      <trkpt lat="50.7595" lon="2.64352">
        <ele>39</ele>
        <time>2025-03-24T09:19:47+00:00</time>
      </trkpt>
      <trkpt lat="50.7593" lon="2.64366">
        <ele>39</ele>
        <time>2025-03-24T09:19:50+00:00</time>
      </trkpt>
      <trkpt lat="50.75909" lon="2.64382">
        <ele>39</ele>
        <time>2025-03-24T09:19:53+00:00</time>
      </trkpt>
      <trkpt lat="50.75899" lon="2.64354">
        <ele>38</ele>
        <time>2025-03-24T09:19:56+00:00</time>
      </trkpt>
      <trkpt lat="50.75916" lon="2.64334">
        <ele>36</ele>
        <time>2025-03-24T09:19:59+00:00</time>
      </trkpt>
      <trkpt lat="50.75935" lon="2.64313">
        <ele>36</ele>
        <time>2025-03-24T09:20:02+00:00</time>
      </trkpt>
      <trkpt lat="50.75947" lon="2.64282">
        <ele>36</ele>
        <time>2025-03-24T09:20:05+00:00</time>
      </trkpt>
      <trkpt lat="50.75961" lon="2.64245">
        <ele>35</ele>
        <time>2025-03-24T09:20:08+00:00</time>
      </trkpt>
      <trkpt lat="50.75947" lon="2.64215">
        <ele>35</ele>
        <time>2025-03-24T09:20:11+00:00</time>
      </trkpt>
      <trkpt lat="50.7593" lon="2.6418">
        <ele>35</ele>
        <time>2025-03-24T09:20:14+00:00</time>
      </trkpt>
      <trkpt lat="50.75914" lon="2.64144">
        <ele>34</ele>
        <time>2025-03-24T09:20:17+00:00</time>
      </trkpt>
      <trkpt lat="50.75882" lon="2.64147">
        <ele>34</ele>
        <time>2025-03-24T09:20:20+00:00</time>
      </trkpt>
      <trkpt lat="50.75858" lon="2.64149">
        <ele>34</ele>
        <time>2025-03-24T09:20:23+00:00</time>
      </trkpt>
      <trkpt lat="50.75825" lon="2.64151">
        <ele>34</ele>
        <time>2025-03-24T09:20:26+00:00</time>
      </trkpt>
      <trkpt lat="50.75789" lon="2.64155">
        <ele>33</ele>
        <time>2025-03-24T09:20:29+00:00</time>
      </trkpt>
      <trkpt lat="50.75765" lon="2.64145">
        <ele>33</ele>
        <time>2025-03-24T09:20:32+00:00</time>
      </trkpt>
      <trkpt lat="50.75732" lon="2.64131">
        <ele>33</ele>
        <time>2025-03-24T09:20:35+00:00</time>
      </trkpt>
      <trkpt lat="50.75706" lon="2.64115">
        <ele>33</ele>
        <time>2025-03-24T09:20:38+00:00</time>
      </trkpt>
      <trkpt lat="50.75654" lon="2.64084">
        <ele>34</ele>
        <time>2025-03-24T09:20:41+00:00</time>
      </trkpt>
      <trkpt lat="50.75665" lon="2.64033">
        <ele>34</ele>
        <time>2025-03-24T09:20:44+00:00</time>
      </trkpt>
      <trkpt lat="50.75677" lon="2.63982">
        <ele>35</ele>
        <time>2025-03-24T09:20:47+00:00</time>
      </trkpt>
      <trkpt lat="50.75685" lon="2.63945">
        <ele>36</ele>
        <time>2025-03-24T09:20:50+00:00</time>
      </trkpt>
      <trkpt lat="50.75697" lon="2.63892">
        <ele>37</ele>
        <time>2025-03-24T09:20:53+00:00</time>
      </trkpt>
      <trkpt lat="50.7571" lon="2.63831">
        <ele>38</ele>
        <time>2025-03-24T09:20:56+00:00</time>
      </trkpt>
      <trkpt lat="50.75711" lon="2.6378">
        <ele>39</ele>
        <time>2025-03-24T09:20:59+00:00</time>
      </trkpt>
      <trkpt lat="50.75713" lon="2.63729">
        <ele>40</ele>
        <time>2025-03-24T09:21:02+00:00</time>
      </trkpt>
      <trkpt lat="50.75714" lon="2.63688">
        <ele>41</ele>
        <time>2025-03-24T09:21:05+00:00</time>
      </trkpt>
      <trkpt lat="50.75715" lon="2.63625">
        <ele>41</ele>
        <time>2025-03-24T09:21:08+00:00</time>
      </trkpt>
      <trkpt lat="50.75718" lon="2.63582">
        <ele>42</ele>
        <time>2025-03-24T09:21:11+00:00</time>
      </trkpt>
      <trkpt lat="50.75723" lon="2.63504">
        <ele>44</ele>
        <time>2025-03-24T09:21:14+00:00</time>
      </trkpt>
      <trkpt lat="50.75726" lon="2.63444">
        <ele>45</ele>
        <time>2025-03-24T09:21:17+00:00</time>
      </trkpt>
      <trkpt lat="50.75729" lon="2.63401">
        <ele>45</ele>
        <time>2025-03-24T09:21:20+00:00</time>
      </trkpt>
      <trkpt lat="50.75734" lon="2.63324">
        <ele>47</ele>
        <time>2025-03-24T09:21:23+00:00</time>
      </trkpt>
      <trkpt lat="50.75737" lon="2.63264">
        <ele>48</ele>
        <time>2025-03-24T09:21:26+00:00</time>
      </trkpt>
      <trkpt lat="50.7574" lon="2.63221">
        <ele>48</ele>
        <time>2025-03-24T09:21:29+00:00</time>
      </trkpt>
      <trkpt lat="50.75745" lon="2.63144">
        <ele>50</ele>
        <time>2025-03-24T09:21:32+00:00</time>
      </trkpt>
      <trkpt lat="50.75747" lon="2.63104">
        <ele>50</ele>
        <time>2025-03-24T09:21:35+00:00</time>
      </trkpt>
      <trkpt lat="50.75751" lon="2.63043">
        <ele>51</ele>
        <time>2025-03-24T09:21:38+00:00</time>
      </trkpt>
      <trkpt lat="50.75751" lon="2.63005">
        <ele>51</ele>
        <time>2025-03-24T09:21:41+00:00</time>
      </trkpt>
      <trkpt lat="50.75752" lon="2.62953">
        <ele>51</ele>
        <time>2025-03-24T09:21:44+00:00</time>
      </trkpt>
      <trkpt lat="50.75741" lon="2.62904">
        <ele>51</ele>
        <time>2025-03-24T09:21:47+00:00</time>
      </trkpt>
      <trkpt lat="50.75731" lon="2.62855">
        <ele>51</ele>
        <time>2025-03-24T09:21:50+00:00</time>
      </trkpt>
      <trkpt lat="50.7572" lon="2.62807">
        <ele>51</ele>
        <time>2025-03-24T09:21:53+00:00</time>
      </trkpt>
      <trkpt lat="50.75707" lon="2.62745">
        <ele>50</ele>
        <time>2025-03-24T09:21:56+00:00</time>
      </trkpt>
      <trkpt lat="50.75699" lon="2.627">
        <ele>50</ele>
        <time>2025-03-24T09:21:59+00:00</time>
      </trkpt>
      <trkpt lat="50.7569" lon="2.62655">
        <ele>50</ele>
        <time>2025-03-24T09:22:02+00:00</time>
      </trkpt>
      <trkpt lat="50.75683" lon="2.62614">
        <ele>50</ele>
        <time>2025-03-24T09:22:05+00:00</time>
      </trkpt>
      <trkpt lat="50.75671" lon="2.62545">
        <ele>50</ele>
        <time>2025-03-24T09:22:08+00:00</time>
      </trkpt>
      <trkpt lat="50.75704" lon="2.62529">
        <ele>50</ele>
        <time>2025-03-24T09:22:11+00:00</time>
      </trkpt>
      <trkpt lat="50.75736" lon="2.62512">
        <ele>51</ele>
        <time>2025-03-24T09:22:14+00:00</time>
      </trkpt>
      <trkpt lat="50.75765" lon="2.62498">
        <ele>52</ele>
        <time>2025-03-24T09:22:17+00:00</time>
      </trkpt>
      <trkpt lat="50.75794" lon="2.62483">
        <ele>52</ele>
        <time>2025-03-24T09:22:20+00:00</time>
      </trkpt>
      <trkpt lat="50.75838" lon="2.62462">
        <ele>52</ele>
        <time>2025-03-24T09:22:23+00:00</time>
      </trkpt>
      <trkpt lat="50.75861" lon="2.62449">
        <ele>52</ele>
        <time>2025-03-24T09:22:26+00:00</time>
      </trkpt>
      <trkpt lat="50.75895" lon="2.62432">
        <ele>53</ele>
        <time>2025-03-24T09:22:29+00:00</time>
      </trkpt>
      <trkpt lat="50.75918" lon="2.62411">
        <ele>53</ele>
        <time>2025-03-24T09:22:32+00:00</time>
      </trkpt>
      <trkpt lat="50.75956" lon="2.62376">
        <ele>53</ele>
        <time>2025-03-24T09:22:35+00:00</time>
      </trkpt>
      <trkpt lat="50.75973" lon="2.62352">
        <ele>53</ele>
        <time>2025-03-24T09:22:38+00:00</time>
      </trkpt>
      <trkpt lat="50.75993" lon="2.62323">
        <ele>52</ele>
        <time>2025-03-24T09:22:41+00:00</time>
      </trkpt>
      <trkpt lat="50.76014" lon="2.62296">
        <ele>52</ele>
        <time>2025-03-24T09:22:44+00:00</time>
      </trkpt>
      <trkpt lat="50.76046" lon="2.62271">
        <ele>52</ele>
        <time>2025-03-24T09:22:47+00:00</time>
      </trkpt>
      <trkpt lat="50.76069" lon="2.62252">
        <ele>52</ele>
        <time>2025-03-24T09:22:50+00:00</time>
      </trkpt>
      <trkpt lat="50.76106" lon="2.62221">
        <ele>54</ele>
        <time>2025-03-24T09:22:53+00:00</time>
      </trkpt>
      <trkpt lat="50.76134" lon="2.62199">
        <ele>55</ele>
        <time>2025-03-24T09:22:56+00:00</time>
      </trkpt>
      <trkpt lat="50.76161" lon="2.62176">
        <ele>55</ele>
        <time>2025-03-24T09:22:59+00:00</time>
      </trkpt>
      <trkpt lat="50.76209" lon="2.62138">
        <ele>57</ele>
        <time>2025-03-24T09:23:02+00:00</time>
      </trkpt>
      <trkpt lat="50.76227" lon="2.62191">
        <ele>58</ele>
        <time>2025-03-24T09:23:05+00:00</time>
      </trkpt>
      <trkpt lat="50.76244" lon="2.62244">
        <ele>58</ele>
        <time>2025-03-24T09:23:08+00:00</time>
      </trkpt>
      <trkpt lat="50.76262" lon="2.62297">
        <ele>58</ele>
        <time>2025-03-24T09:23:11+00:00</time>
      </trkpt>
      <trkpt lat="50.76279" lon="2.62351">
        <ele>59</ele>
        <time>2025-03-24T09:23:14+00:00</time>
      </trkpt>
      <trkpt lat="50.76297" lon="2.62404">
        <ele>59</ele>
        <time>2025-03-24T09:23:17+00:00</time>
      </trkpt>
      <trkpt lat="50.76314" lon="2.62457">
        <ele>59</ele>
        <time>2025-03-24T09:23:20+00:00</time>
      </trkpt>
      <trkpt lat="50.76332" lon="2.6251">
        <ele>59</ele>
        <time>2025-03-24T09:23:23+00:00</time>
      </trkpt>
      <trkpt lat="50.76349" lon="2.62564">
        <ele>59</ele>
        <time>2025-03-24T09:23:26+00:00</time>
      </trkpt>
      <trkpt lat="50.76359" lon="2.62594">
        <ele>59</ele>
        <time>2025-03-24T09:23:29+00:00</time>
      </trkpt>
      <trkpt lat="50.7637" lon="2.62625">
        <ele>59</ele>
        <time>2025-03-24T09:23:32+00:00</time>
      </trkpt>
      <trkpt lat="50.76383" lon="2.6267">
        <ele>60</ele>
        <time>2025-03-24T09:23:35+00:00</time>
      </trkpt>
      <trkpt lat="50.76396" lon="2.62716">
        <ele>60</ele>
        <time>2025-03-24T09:23:38+00:00</time>
      </trkpt>
      <trkpt lat="50.7642" lon="2.62799">
        <ele>61</ele>
        <time>2025-03-24T09:23:41+00:00</time>
      </trkpt>
      <trkpt lat="50.76447" lon="2.6283">
        <ele>61</ele>
        <time>2025-03-24T09:23:44+00:00</time>
      </trkpt>
      <trkpt lat="50.76475" lon="2.62861">
        <ele>61</ele>
        <time>2025-03-24T09:23:47+00:00</time>
      </trkpt>
      <trkpt lat="50.76502" lon="2.62893">
        <ele>60</ele>
        <time>2025-03-24T09:23:50+00:00</time>
      </trkpt>
      <trkpt lat="50.76523" lon="2.62916">
        <ele>60</ele>
        <time>2025-03-24T09:23:53+00:00</time>
      </trkpt>
      <trkpt lat="50.76556" lon="2.62953">
        <ele>59</ele>
        <time>2025-03-24T09:23:56+00:00</time>
      </trkpt>
      <trkpt lat="50.76565" lon="2.62908">
        <ele>58</ele>
        <time>2025-03-24T09:23:59+00:00</time>
      </trkpt>
      <trkpt lat="50.76581" lon="2.62878">
        <ele>56</ele>
        <time>2025-03-24T09:24:02+00:00</time>
      </trkpt>
      <trkpt lat="50.76603" lon="2.62838">
        <ele>56</ele>
        <time>2025-03-24T09:24:05+00:00</time>
      </trkpt>
      <trkpt lat="50.76625" lon="2.62796">
        <ele>54</ele>
        <time>2025-03-24T09:24:08+00:00</time>
      </trkpt>
      <trkpt lat="50.76638" lon="2.62763">
        <ele>54</ele>
        <time>2025-03-24T09:24:11+00:00</time>
      </trkpt>
      <trkpt lat="50.76657" lon="2.62716">
        <ele>53</ele>
        <time>2025-03-24T09:24:14+00:00</time>
      </trkpt>
      <trkpt lat="50.76679" lon="2.62663">
        <ele>52</ele>
        <time>2025-03-24T09:24:17+00:00</time>
      </trkpt>
      <trkpt lat="50.76676" lon="2.62623">
        <ele>52</ele>
        <time>2025-03-24T09:24:20+00:00</time>
      </trkpt>
      <trkpt lat="50.76672" lon="2.62567">
        <ele>51</ele>
        <time>2025-03-24T09:24:23+00:00</time>
      </trkpt>
      <trkpt lat="50.76683" lon="2.62527">
        <ele>50</ele>
        <time>2025-03-24T09:24:26+00:00</time>
      </trkpt>
      <trkpt lat="50.76702" lon="2.62455">
        <ele>48</ele>
        <time>2025-03-24T09:24:29+00:00</time>
      </trkpt>
      <trkpt lat="50.76722" lon="2.62419">
        <ele>47</ele>
        <time>2025-03-24T09:24:32+00:00</time>
      </trkpt>
      <trkpt lat="50.76741" lon="2.62382">
        <ele>46</ele>
        <time>2025-03-24T09:24:35+00:00</time>
      </trkpt>
      <trkpt lat="50.76755" lon="2.62356">
        <ele>46</ele>
        <time>2025-03-24T09:24:38+00:00</time>
      </trkpt>
      <trkpt lat="50.7677" lon="2.62329">
        <ele>45</ele>
        <time>2025-03-24T09:24:41+00:00</time>
      </trkpt>
      <trkpt lat="50.76786" lon="2.62299">
        <ele>45</ele>
        <time>2025-03-24T09:24:44+00:00</time>
      </trkpt>
      <trkpt lat="50.76807" lon="2.62259">
        <ele>44</ele>
        <time>2025-03-24T09:24:47+00:00</time>
      </trkpt>
      <trkpt lat="50.76826" lon="2.62226">
        <ele>43</ele>
        <time>2025-03-24T09:24:50+00:00</time>
      </trkpt>
      <trkpt lat="50.76843" lon="2.62199">
        <ele>42</ele>
        <time>2025-03-24T09:24:53+00:00</time>
      </trkpt>
      <trkpt lat="50.76865" lon="2.62165">
        <ele>41</ele>
        <time>2025-03-24T09:24:56+00:00</time>
      </trkpt>
      <trkpt lat="50.76893" lon="2.62123">
        <ele>40</ele>
        <time>2025-03-24T09:24:59+00:00</time>
      </trkpt>
      <trkpt lat="50.76907" lon="2.62083">
        <ele>40</ele>
        <time>2025-03-24T09:25:02+00:00</time>
      </trkpt>
      <trkpt lat="50.76918" lon="2.62048">
        <ele>40</ele>
        <time>2025-03-24T09:25:05+00:00</time>
      </trkpt>
      <trkpt lat="50.76933" lon="2.62002">
        <ele>39</ele>
        <time>2025-03-24T09:25:08+00:00</time>
      </trkpt>
      <trkpt lat="50.76937" lon="2.61967">
        <ele>39</ele>
        <time>2025-03-24T09:25:11+00:00</time>
      </trkpt>
      <trkpt lat="50.76942" lon="2.61929">
        <ele>39</ele>
        <time>2025-03-24T09:25:14+00:00</time>
      </trkpt>
      <trkpt lat="50.76938" lon="2.61886">
        <ele>39</ele>
        <time>2025-03-24T09:25:17+00:00</time>
      </trkpt>
      <trkpt lat="50.76934" lon="2.61849">
        <ele>39</ele>
        <time>2025-03-24T09:25:20+00:00</time>
      </trkpt>
      <trkpt lat="50.76929" lon="2.61801">
        <ele>39</ele>
        <time>2025-03-24T09:25:23+00:00</time>
      </trkpt>
      <trkpt lat="50.76923" lon="2.61762">
        <ele>39</ele>
        <time>2025-03-24T09:25:26+00:00</time>
      </trkpt>
      <trkpt lat="50.76914" lon="2.61702">
        <ele>39</ele>
        <time>2025-03-24T09:25:29+00:00</time>
      </trkpt>
      <trkpt lat="50.76936" lon="2.6171">
        <ele>39</ele>
        <time>2025-03-24T09:25:32+00:00</time>
      </trkpt>
      <trkpt lat="50.76963" lon="2.61719">
        <ele>38</ele>
        <time>2025-03-24T09:25:35+00:00</time>
      </trkpt>
      <trkpt lat="50.76987" lon="2.61734">
        <ele>37</ele>
        <time>2025-03-24T09:25:38+00:00</time>
      </trkpt>
      <trkpt lat="50.77025" lon="2.61758">
        <ele>37</ele>
        <time>2025-03-24T09:25:41+00:00</time>
      </trkpt>
      <trkpt lat="50.77047" lon="2.61779">
        <ele>37</ele>
        <time>2025-03-24T09:25:44+00:00</time>
      </trkpt>
      <trkpt lat="50.77081" lon="2.61811">
        <ele>38</ele>
        <time>2025-03-24T09:25:47+00:00</time>
      </trkpt>
      <trkpt lat="50.77108" lon="2.61838">
        <ele>39</ele>
        <time>2025-03-24T09:25:50+00:00</time>
      </trkpt>
      <trkpt lat="50.77134" lon="2.61864">
        <ele>40</ele>
        <time>2025-03-24T09:25:53+00:00</time>
      </trkpt>
      <trkpt lat="50.77184" lon="2.61914">
        <ele>42</ele>
        <time>2025-03-24T09:25:56+00:00</time>
      </trkpt>
      <trkpt lat="50.77207" lon="2.61936">
        <ele>43</ele>
        <time>2025-03-24T09:25:59+00:00</time>
      </trkpt>
      <trkpt lat="50.77236" lon="2.61938">
        <ele>44</ele>
        <time>2025-03-24T09:26:02+00:00</time>
      </trkpt>
      <trkpt lat="50.77266" lon="2.61939">
        <ele>45</ele>
        <time>2025-03-24T09:26:05+00:00</time>
      </trkpt>
      <trkpt lat="50.77296" lon="2.6194">
        <ele>46</ele>
        <time>2025-03-24T09:26:08+00:00</time>
      </trkpt>
      <trkpt lat="50.77336" lon="2.61942">
        <ele>47</ele>
        <time>2025-03-24T09:26:11+00:00</time>
      </trkpt>
      <trkpt lat="50.77336" lon="2.61891">
        <ele>47</ele>
        <time>2025-03-24T09:26:14+00:00</time>
      </trkpt>
      <trkpt lat="50.77337" lon="2.61843">
        <ele>46</ele>
        <time>2025-03-24T09:26:17+00:00</time>
      </trkpt>
      <trkpt lat="50.77338" lon="2.61795">
        <ele>46</ele>
        <time>2025-03-24T09:26:20+00:00</time>
      </trkpt>
      <trkpt lat="50.77339" lon="2.61726">
        <ele>45</ele>
        <time>2025-03-24T09:26:23+00:00</time>
      </trkpt>
      <trkpt lat="50.77333" lon="2.61674">
        <ele>44</ele>
        <time>2025-03-24T09:26:26+00:00</time>
      </trkpt>
      <trkpt lat="50.77327" lon="2.61622">
        <ele>42</ele>
        <time>2025-03-24T09:26:29+00:00</time>
      </trkpt>
      <trkpt lat="50.77321" lon="2.61569">
        <ele>42</ele>
        <time>2025-03-24T09:26:32+00:00</time>
      </trkpt>
      <trkpt lat="50.77311" lon="2.61481">
        <ele>42</ele>
        <time>2025-03-24T09:26:35+00:00</time>
      </trkpt>
      <trkpt lat="50.77306" lon="2.61433">
        <ele>43</ele>
        <time>2025-03-24T09:26:38+00:00</time>
      </trkpt>
      <trkpt lat="50.77301" lon="2.61385">
        <ele>43</ele>
        <time>2025-03-24T09:26:41+00:00</time>
      </trkpt>
      <trkpt lat="50.77293" lon="2.61308">
        <ele>43</ele>
        <time>2025-03-24T09:26:44+00:00</time>
      </trkpt>
      <trkpt lat="50.77286" lon="2.61251">
        <ele>44</ele>
        <time>2025-03-24T09:26:47+00:00</time>
      </trkpt>
      <trkpt lat="50.77282" lon="2.61209">
        <ele>44</ele>
        <time>2025-03-24T09:26:50+00:00</time>
      </trkpt>
      <trkpt lat="50.77277" lon="2.61167">
        <ele>44</ele>
        <time>2025-03-24T09:26:53+00:00</time>
      </trkpt>
      <trkpt lat="50.7727" lon="2.61097">
        <ele>44</ele>
        <time>2025-03-24T09:26:56+00:00</time>
      </trkpt>
      <trkpt lat="50.77264" lon="2.61045">
        <ele>44</ele>
        <time>2025-03-24T09:26:59+00:00</time>
      </trkpt>
      <trkpt lat="50.77288" lon="2.61075">
        <ele>45</ele>
        <time>2025-03-24T09:27:02+00:00</time>
      </trkpt>
      <trkpt lat="50.77313" lon="2.61106">
        <ele>46</ele>
        <time>2025-03-24T09:27:05+00:00</time>
      </trkpt>
      <trkpt lat="50.77354" lon="2.61158">
        <ele>47</ele>
        <time>2025-03-24T09:27:08+00:00</time>
      </trkpt>
      <trkpt lat="50.7738" lon="2.6119">
        <ele>47</ele>
        <time>2025-03-24T09:27:11+00:00</time>
      </trkpt>
      <trkpt lat="50.77407" lon="2.61223">
        <ele>47</ele>
        <time>2025-03-24T09:27:14+00:00</time>
      </trkpt>
      <trkpt lat="50.77433" lon="2.61255">
        <ele>48</ele>
        <time>2025-03-24T09:27:17+00:00</time>
      </trkpt>
      <trkpt lat="50.77475" lon="2.61307">
        <ele>48</ele>
        <time>2025-03-24T09:27:20+00:00</time>
      </trkpt>
      <trkpt lat="50.77499" lon="2.61337">
        <ele>48</ele>
        <time>2025-03-24T09:27:23+00:00</time>
      </trkpt>
      <trkpt lat="50.77523" lon="2.61367">
        <ele>48</ele>
        <time>2025-03-24T09:27:26+00:00</time>
      </trkpt>
      <trkpt lat="50.77561" lon="2.61415">
        <ele>47</ele>
        <time>2025-03-24T09:27:29+00:00</time>
      </trkpt>
      <trkpt lat="50.77561" lon="2.61454">
        <ele>47</ele>
        <time>2025-03-24T09:27:32+00:00</time>
      </trkpt>
      <trkpt lat="50.7756" lon="2.61511">
        <ele>46</ele>
        <time>2025-03-24T09:27:35+00:00</time>
      </trkpt>
      <trkpt lat="50.77591" lon="2.6155">
        <ele>46</ele>
        <time>2025-03-24T09:27:38+00:00</time>
      </trkpt>
      <trkpt lat="50.776" lon="2.61596">
        <ele>47</ele>
        <time>2025-03-24T09:27:41+00:00</time>
      </trkpt>
      <trkpt lat="50.77609" lon="2.61643">
        <ele>48</ele>
        <time>2025-03-24T09:27:44+00:00</time>
      </trkpt>
      <trkpt lat="50.77623" lon="2.61715">
        <ele>51</ele>
        <time>2025-03-24T09:27:47+00:00</time>
      </trkpt>
      <trkpt lat="50.77645" lon="2.61735">
        <ele>52</ele>
        <time>2025-03-24T09:27:50+00:00</time>
      </trkpt>
      <trkpt lat="50.77678" lon="2.61764">
        <ele>55</ele>
        <time>2025-03-24T09:27:53+00:00</time>
      </trkpt>
      <trkpt lat="50.77697" lon="2.61783">
        <ele>56</ele>
        <time>2025-03-24T09:27:56+00:00</time>
      </trkpt>
      <trkpt lat="50.77718" lon="2.61805">
        <ele>56</ele>
        <time>2025-03-24T09:27:59+00:00</time>
      </trkpt>
      <trkpt lat="50.77733" lon="2.61833">
        <ele>57</ele>
        <time>2025-03-24T09:28:02+00:00</time>
      </trkpt>
      <trkpt lat="50.7775" lon="2.61867">
        <ele>58</ele>
        <time>2025-03-24T09:28:05+00:00</time>
      </trkpt>
      <trkpt lat="50.77763" lon="2.61908">
        <ele>59</ele>
        <time>2025-03-24T09:28:08+00:00</time>
      </trkpt>
      <trkpt lat="50.77769" lon="2.61957">
        <ele>59</ele>
        <time>2025-03-24T09:28:11+00:00</time>
      </trkpt>
      <trkpt lat="50.77782" lon="2.61926">
        <ele>59</ele>
        <time>2025-03-24T09:28:14+00:00</time>
      </trkpt>
      <trkpt lat="50.77799" lon="2.61889">
        <ele>59</ele>
        <time>2025-03-24T09:28:17+00:00</time>
      </trkpt>
      <trkpt lat="50.77819" lon="2.61876">
        <ele>59</ele>
        <time>2025-03-24T09:28:20+00:00</time>
      </trkpt>
      <trkpt lat="50.77839" lon="2.61863">
        <ele>60</ele>
        <time>2025-03-24T09:28:23+00:00</time>
      </trkpt>
      <trkpt lat="50.77849" lon="2.619">
        <ele>60</ele>
        <time>2025-03-24T09:28:26+00:00</time>
      </trkpt>
      <trkpt lat="50.7786" lon="2.61943">
        <ele>59</ele>
        <time>2025-03-24T09:28:29+00:00</time>
      </trkpt>
      <trkpt lat="50.77871" lon="2.61987">
        <ele>58</ele>
        <time>2025-03-24T09:28:32+00:00</time>
      </trkpt>
      <trkpt lat="50.77884" lon="2.62041">
        <ele>56</ele>
        <time>2025-03-24T09:28:35+00:00</time>
      </trkpt>
      <trkpt lat="50.77902" lon="2.62085">
        <ele>53</ele>
        <time>2025-03-24T09:28:38+00:00</time>
      </trkpt>
      <trkpt lat="50.77919" lon="2.62129">
        <ele>49</ele>
        <time>2025-03-24T09:28:41+00:00</time>
      </trkpt>
      <trkpt lat="50.77934" lon="2.62166">
        <ele>49</ele>
        <time>2025-03-24T09:28:44+00:00</time>
      </trkpt>
      <trkpt lat="50.77963" lon="2.62238">
        <ele>50</ele>
        <time>2025-03-24T09:28:47+00:00</time>
      </trkpt>
      <trkpt lat="50.77979" lon="2.62279">
        <ele>54</ele>
        <time>2025-03-24T09:28:50+00:00</time>
      </trkpt>
      <trkpt lat="50.77995" lon="2.62319">
        <ele>56</ele>
        <time>2025-03-24T09:28:53+00:00</time>
      </trkpt>
      <trkpt lat="50.78018" lon="2.62379">
        <ele>58</ele>
        <time>2025-03-24T09:28:56+00:00</time>
      </trkpt>
      <trkpt lat="50.78031" lon="2.62412">
        <ele>59</ele>
        <time>2025-03-24T09:28:59+00:00</time>
      </trkpt>
      <trkpt lat="50.7805" lon="2.62458">
        <ele>60</ele>
        <time>2025-03-24T09:29:02+00:00</time>
      </trkpt>
      <trkpt lat="50.78066" lon="2.625">
        <ele>60</ele>
        <time>2025-03-24T09:29:05+00:00</time>
      </trkpt>
      <trkpt lat="50.78078" lon="2.62539">
        <ele>61</ele>
        <time>2025-03-24T09:29:08+00:00</time>
      </trkpt>
      <trkpt lat="50.78087" lon="2.62571">
        <ele>62</ele>
        <time>2025-03-24T09:29:11+00:00</time>
      </trkpt>
      <trkpt lat="50.78098" lon="2.62608">
        <ele>62</ele>
        <time>2025-03-24T09:29:14+00:00</time>
      </trkpt>
      <trkpt lat="50.78075" lon="2.62628">
        <ele>62</ele>
        <time>2025-03-24T09:29:17+00:00</time>
      </trkpt>
      <trkpt lat="50.78047" lon="2.62654">
        <ele>62</ele>
        <time>2025-03-24T09:29:20+00:00</time>
      </trkpt>
      <trkpt lat="50.78018" lon="2.6268">
        <ele>63</ele>
        <time>2025-03-24T09:29:23+00:00</time>
      </trkpt>
      <trkpt lat="50.7799" lon="2.62706">
        <ele>63</ele>
        <time>2025-03-24T09:29:26+00:00</time>
      </trkpt>
      <trkpt lat="50.77952" lon="2.62741">
        <ele>63</ele>
        <time>2025-03-24T09:29:29+00:00</time>
      </trkpt>
      <trkpt lat="50.77926" lon="2.62761">
        <ele>63</ele>
        <time>2025-03-24T09:29:32+00:00</time>
      </trkpt>
      <trkpt lat="50.77901" lon="2.62782">
        <ele>63</ele>
        <time>2025-03-24T09:29:35+00:00</time>
      </trkpt>
      <trkpt lat="50.77874" lon="2.62803">
        <ele>63</ele>
        <time>2025-03-24T09:29:38+00:00</time>
      </trkpt>
      <trkpt lat="50.77849" lon="2.62776">
        <ele>63</ele>
        <time>2025-03-24T09:29:41+00:00</time>
      </trkpt>
      <trkpt lat="50.77823" lon="2.6275">
        <ele>63</ele>
        <time>2025-03-24T09:29:44+00:00</time>
      </trkpt>
      <trkpt lat="50.77804" lon="2.6273">
        <ele>63</ele>
        <time>2025-03-24T09:29:47+00:00</time>
      </trkpt>
      <trkpt lat="50.77784" lon="2.62708">
        <ele>63</ele>
        <time>2025-03-24T09:29:50+00:00</time>
      </trkpt>
      <trkpt lat="50.77797" lon="2.6274">
        <ele>63</ele>
        <time>2025-03-24T09:29:53+00:00</time>
      </trkpt>
      <trkpt lat="50.77816" lon="2.62783">
        <ele>63</ele>
        <time>2025-03-24T09:29:56+00:00</time>
      </trkpt>
      <trkpt lat="50.77839" lon="2.62805">
        <ele>63</ele>
        <time>2025-03-24T09:29:59+00:00</time>
      </trkpt>
      <trkpt lat="50.77876" lon="2.62841">
        <ele>63</ele>
        <time>2025-03-24T09:30:02+00:00</time>
      </trkpt>
      <trkpt lat="50.77899" lon="2.62862">
        <ele>63</ele>
        <time>2025-03-24T09:30:05+00:00</time>
      </trkpt>
      <trkpt lat="50.77925" lon="2.62887">
        <ele>63</ele>
        <time>2025-03-24T09:30:08+00:00</time>
      </trkpt>
      <trkpt lat="50.77951" lon="2.62912">
        <ele>63</ele>
        <time>2025-03-24T09:30:11+00:00</time>
      </trkpt>
      <trkpt lat="50.7799" lon="2.62949">
        <ele>63</ele>
        <time>2025-03-24T09:30:14+00:00</time>
      </trkpt>
      <trkpt lat="50.78009" lon="2.62971">
        <ele>63</ele>
        <time>2025-03-24T09:30:17+00:00</time>
      </trkpt>
      <trkpt lat="50.78032" lon="2.62998">
        <ele>62</ele>
        <time>2025-03-24T09:30:20+00:00</time>
      </trkpt>
      <trkpt lat="50.78054" lon="2.62961">
        <ele>62</ele>
        <time>2025-03-24T09:30:23+00:00</time>
      </trkpt>
      <trkpt lat="50.78076" lon="2.62925">
        <ele>61</ele>
        <time>2025-03-24T09:30:26+00:00</time>
      </trkpt>
      <trkpt lat="50.78119" lon="2.62854">
        <ele>61</ele>
        <time>2025-03-24T09:30:29+00:00</time>
      </trkpt>
      <trkpt lat="50.78144" lon="2.62846">
        <ele>61</ele>
        <time>2025-03-24T09:30:32+00:00</time>
      </trkpt>
      <trkpt lat="50.78181" lon="2.62833">
        <ele>61</ele>
        <time>2025-03-24T09:30:35+00:00</time>
      </trkpt>
      <trkpt lat="50.78196" lon="2.62867">
        <ele>61</ele>
        <time>2025-03-24T09:30:38+00:00</time>
      </trkpt>
      <trkpt lat="50.78221" lon="2.62922">
        <ele>60</ele>
        <time>2025-03-24T09:30:41+00:00</time>
      </trkpt>
      <trkpt lat="50.7824" lon="2.62967">
        <ele>59</ele>
        <time>2025-03-24T09:30:44+00:00</time>
      </trkpt>
      <trkpt lat="50.78256" lon="2.63003">
        <ele>59</ele>
        <time>2025-03-24T09:30:47+00:00</time>
      </trkpt>
      <trkpt lat="50.78284" lon="2.63067">
        <ele>58</ele>
        <time>2025-03-24T09:30:50+00:00</time>
      </trkpt>
      <trkpt lat="50.78303" lon="2.63109">
        <ele>57</ele>
        <time>2025-03-24T09:30:53+00:00</time>
      </trkpt>
      <trkpt lat="50.78318" lon="2.63142">
        <ele>56</ele>
        <time>2025-03-24T09:30:56+00:00</time>
      </trkpt>
      <trkpt lat="50.7834" lon="2.63194">
        <ele>55</ele>
        <time>2025-03-24T09:30:59+00:00</time>
      </trkpt>
      <trkpt lat="50.78357" lon="2.63231">
        <ele>55</ele>
        <time>2025-03-24T09:31:02+00:00</time>
      </trkpt>
      <trkpt lat="50.78374" lon="2.63269">
        <ele>55</ele>
        <time>2025-03-24T09:31:05+00:00</time>
      </trkpt>
      <trkpt lat="50.78394" lon="2.63313">
        <ele>55</ele>
        <time>2025-03-24T09:31:08+00:00</time>
      </trkpt>
      <trkpt lat="50.78412" lon="2.63343">
        <ele>55</ele>
        <time>2025-03-24T09:31:11+00:00</time>
      </trkpt>
      <trkpt lat="50.78441" lon="2.63391">
        <ele>55</ele>
        <time>2025-03-24T09:31:14+00:00</time>
      </trkpt>
      <trkpt lat="50.78464" lon="2.63428">
        <ele>54</ele>
        <time>2025-03-24T09:31:17+00:00</time>
      </trkpt>
      <trkpt lat="50.78487" lon="2.63466">
        <ele>54</ele>
        <time>2025-03-24T09:31:20+00:00</time>
      </trkpt>
      <trkpt lat="50.7851" lon="2.63503">
        <ele>54</ele>
        <time>2025-03-24T09:31:23+00:00</time>
      </trkpt>
      <trkpt lat="50.78544" lon="2.63558">
        <ele>53</ele>
        <time>2025-03-24T09:31:26+00:00</time>
      </trkpt>
      <trkpt lat="50.78567" lon="2.63593">
        <ele>53</ele>
        <time>2025-03-24T09:31:29+00:00</time>
      </trkpt>
      <trkpt lat="50.78585" lon="2.63621">
        <ele>53</ele>
        <time>2025-03-24T09:31:32+00:00</time>
      </trkpt>
      <trkpt lat="50.78611" lon="2.63663">
        <ele>52</ele>
        <time>2025-03-24T09:31:35+00:00</time>
      </trkpt>
      <trkpt lat="50.78636" lon="2.63697">
        <ele>51</ele>
        <time>2025-03-24T09:31:38+00:00</time>
      </trkpt>
      <trkpt lat="50.78661" lon="2.63731">
        <ele>51</ele>
        <time>2025-03-24T09:31:41+00:00</time>
      </trkpt>
      <trkpt lat="50.78687" lon="2.63764">
        <ele>50</ele>
        <time>2025-03-24T09:31:44+00:00</time>
      </trkpt>
      <trkpt lat="50.78712" lon="2.63798">
        <ele>50</ele>
        <time>2025-03-24T09:31:47+00:00</time>
      </trkpt>
      <trkpt lat="50.7875" lon="2.63848">
        <ele>50</ele>
        <time>2025-03-24T09:31:50+00:00</time>
      </trkpt>
      <trkpt lat="50.78776" lon="2.63883">
        <ele>49</ele>
        <time>2025-03-24T09:31:53+00:00</time>
      </trkpt>
      <trkpt lat="50.78802" lon="2.63919">
        <ele>49</ele>
        <time>2025-03-24T09:31:56+00:00</time>
      </trkpt>
      <trkpt lat="50.78828" lon="2.63954">
        <ele>49</ele>
        <time>2025-03-24T09:31:59+00:00</time>
      </trkpt>
      <trkpt lat="50.78854" lon="2.63989">
        <ele>48</ele>
        <time>2025-03-24T09:32:02+00:00</time>
      </trkpt>
      <trkpt lat="50.78885" lon="2.64031">
        <ele>46</ele>
        <time>2025-03-24T09:32:05+00:00</time>
      </trkpt>
      <trkpt lat="50.78913" lon="2.64068">
        <ele>46</ele>
        <time>2025-03-24T09:32:08+00:00</time>
      </trkpt>
      <trkpt lat="50.78934" lon="2.64097">
        <ele>46</ele>
        <time>2025-03-24T09:32:11+00:00</time>
      </trkpt>
      <trkpt lat="50.78973" lon="2.6415">
        <ele>45</ele>
        <time>2025-03-24T09:32:14+00:00</time>
      </trkpt>
      <trkpt lat="50.79" lon="2.64183">
        <ele>44</ele>
        <time>2025-03-24T09:32:17+00:00</time>
      </trkpt>
      <trkpt lat="50.79027" lon="2.64216">
        <ele>43</ele>
        <time>2025-03-24T09:32:20+00:00</time>
      </trkpt>
      <trkpt lat="50.79054" lon="2.64249">
        <ele>43</ele>
        <time>2025-03-24T09:32:23+00:00</time>
      </trkpt>
      <trkpt lat="50.79106" lon="2.64313">
        <ele>44</ele>
        <time>2025-03-24T09:32:26+00:00</time>
      </trkpt>
      <trkpt lat="50.79127" lon="2.64343">
        <ele>44</ele>
        <time>2025-03-24T09:32:29+00:00</time>
      </trkpt>
      <trkpt lat="50.79145" lon="2.64368">
        <ele>44</ele>
        <time>2025-03-24T09:32:32+00:00</time>
      </trkpt>
      <trkpt lat="50.79169" lon="2.64401">
        <ele>43</ele>
        <time>2025-03-24T09:32:35+00:00</time>
      </trkpt>
      <trkpt lat="50.79192" lon="2.64393">
        <ele>43</ele>
        <time>2025-03-24T09:32:38+00:00</time>
      </trkpt>
      <trkpt lat="50.79214" lon="2.64419">
        <ele>43</ele>
        <time>2025-03-24T09:32:41+00:00</time>
      </trkpt>
      <trkpt lat="50.79253" lon="2.64466">
        <ele>42</ele>
        <time>2025-03-24T09:32:44+00:00</time>
      </trkpt>
      <trkpt lat="50.79279" lon="2.64485">
        <ele>42</ele>
        <time>2025-03-24T09:32:47+00:00</time>
      </trkpt>
      <trkpt lat="50.79305" lon="2.64504">
        <ele>41</ele>
        <time>2025-03-24T09:32:50+00:00</time>
      </trkpt>
      <trkpt lat="50.79332" lon="2.64524">
        <ele>41</ele>
        <time>2025-03-24T09:32:53+00:00</time>
      </trkpt>
      <trkpt lat="50.79338" lon="2.64573">
        <ele>42</ele>
        <time>2025-03-24T09:32:56+00:00</time>
      </trkpt>
      <trkpt lat="50.79364" lon="2.64603">
        <ele>42</ele>
        <time>2025-03-24T09:32:59+00:00</time>
      </trkpt>
      <trkpt lat="50.79391" lon="2.64633">
        <ele>42</ele>
        <time>2025-03-24T09:33:02+00:00</time>
      </trkpt>
      <trkpt lat="50.79416" lon="2.64662">
        <ele>42</ele>
        <time>2025-03-24T09:33:05+00:00</time>
      </trkpt>
      <trkpt lat="50.7944" lon="2.6469">
        <ele>42</ele>
        <time>2025-03-24T09:33:08+00:00</time>
      </trkpt>
      <trkpt lat="50.79478" lon="2.64734">
        <ele>42</ele>
        <time>2025-03-24T09:33:11+00:00</time>
      </trkpt>
      <trkpt lat="50.79475" lon="2.64764">
        <ele>43</ele>
        <time>2025-03-24T09:33:14+00:00</time>
      </trkpt>
      <trkpt lat="50.79496" lon="2.6479">
        <ele>43</ele>
        <time>2025-03-24T09:33:17+00:00</time>
      </trkpt>
      <trkpt lat="50.79532" lon="2.64835">
        <ele>42</ele>
        <time>2025-03-24T09:33:20+00:00</time>
      </trkpt>
      <trkpt lat="50.79555" lon="2.64854">
        <ele>41</ele>
        <time>2025-03-24T09:33:23+00:00</time>
      </trkpt>
      <trkpt lat="50.79591" lon="2.64884">
        <ele>41</ele>
        <time>2025-03-24T09:33:26+00:00</time>
      </trkpt>
      <trkpt lat="50.79619" lon="2.64915">
        <ele>41</ele>
        <time>2025-03-24T09:33:29+00:00</time>
      </trkpt>
      <trkpt lat="50.79641" lon="2.64938">
        <ele>41</ele>
        <time>2025-03-24T09:33:32+00:00</time>
      </trkpt>
      <trkpt lat="50.79676" lon="2.64975">
        <ele>41</ele>
        <time>2025-03-24T09:33:35+00:00</time>
      </trkpt>
      <trkpt lat="50.79704" lon="2.65006">
        <ele>42</ele>
        <time>2025-03-24T09:33:38+00:00</time>
      </trkpt>
      <trkpt lat="50.79737" lon="2.65041">
        <ele>42</ele>
        <time>2025-03-24T09:33:41+00:00</time>
      </trkpt>
      <trkpt lat="50.79719" lon="2.65072">
        <ele>42</ele>
        <time>2025-03-24T09:33:44+00:00</time>
      </trkpt>
      <trkpt lat="50.79701" lon="2.65104">
        <ele>43</ele>
        <time>2025-03-24T09:33:47+00:00</time>
      </trkpt>
      <trkpt lat="50.79668" lon="2.65163">
        <ele>45</ele>
        <time>2025-03-24T09:33:50+00:00</time>
      </trkpt>
      <trkpt lat="50.79646" lon="2.65204">
        <ele>46</ele>
        <time>2025-03-24T09:33:53+00:00</time>
      </trkpt>
      <trkpt lat="50.79618" lon="2.65253">
        <ele>48</ele>
        <time>2025-03-24T09:33:56+00:00</time>
      </trkpt>
      <trkpt lat="50.796" lon="2.65275">
        <ele>49</ele>
        <time>2025-03-24T09:33:59+00:00</time>
      </trkpt>
      <trkpt lat="50.79581" lon="2.653">
        <ele>50</ele>
        <time>2025-03-24T09:34:02+00:00</time>
      </trkpt>
      <trkpt lat="50.79561" lon="2.65287">
        <ele>50</ele>
        <time>2025-03-24T09:34:05+00:00</time>
      </trkpt>
      <trkpt lat="50.79542" lon="2.65273">
        <ele>49</ele>
        <time>2025-03-24T09:34:08+00:00</time>
      </trkpt>
      <trkpt lat="50.79532" lon="2.65234">
        <ele>47</ele>
        <time>2025-03-24T09:34:11+00:00</time>
      </trkpt>
      <trkpt lat="50.79509" lon="2.65251">
        <ele>46</ele>
        <time>2025-03-24T09:34:14+00:00</time>
      </trkpt>
      <trkpt lat="50.79497" lon="2.65277">
        <ele>46</ele>
        <time>2025-03-24T09:34:17+00:00</time>
      </trkpt>
      <trkpt lat="50.79466" lon="2.65292">
        <ele>46</ele>
        <time>2025-03-24T09:34:20+00:00</time>
      </trkpt>
      <trkpt lat="50.7945" lon="2.65326">
        <ele>49</ele>
        <time>2025-03-24T09:34:23+00:00</time>
      </trkpt>
      <trkpt lat="50.79421" lon="2.65386">
        <ele>51</ele>
        <time>2025-03-24T09:34:26+00:00</time>
      </trkpt>
      <trkpt lat="50.79389" lon="2.65402">
        <ele>53</ele>
        <time>2025-03-24T09:34:29+00:00</time>
      </trkpt>
      <trkpt lat="50.79357" lon="2.65419">
        <ele>54</ele>
        <time>2025-03-24T09:34:32+00:00</time>
      </trkpt>
      <trkpt lat="50.79325" lon="2.65435">
        <ele>55</ele>
        <time>2025-03-24T09:34:35+00:00</time>
      </trkpt>
      <trkpt lat="50.79269" lon="2.65464">
        <ele>59</ele>
        <time>2025-03-24T09:34:38+00:00</time>
      </trkpt>
      <trkpt lat="50.79242" lon="2.65486">
        <ele>61</ele>
        <time>2025-03-24T09:34:41+00:00</time>
      </trkpt>
      <trkpt lat="50.79214" lon="2.65507">
        <ele>64</ele>
        <time>2025-03-24T09:34:44+00:00</time>
      </trkpt>
      <trkpt lat="50.7919" lon="2.65526">
        <ele>65</ele>
        <time>2025-03-24T09:34:47+00:00</time>
      </trkpt>
      <trkpt lat="50.79149" lon="2.65559">
        <ele>67</ele>
        <time>2025-03-24T09:34:50+00:00</time>
      </trkpt>
      <trkpt lat="50.7913" lon="2.65575">
        <ele>71</ele>
        <time>2025-03-24T09:34:53+00:00</time>
      </trkpt>
      <trkpt lat="50.79109" lon="2.65592">
        <ele>73</ele>
        <time>2025-03-24T09:34:56+00:00</time>
      </trkpt>
      <trkpt lat="50.79089" lon="2.65607">
        <ele>75</ele>
        <time>2025-03-24T09:34:59+00:00</time>
      </trkpt>
      <trkpt lat="50.79068" lon="2.65624">
        <ele>76</ele>
        <time>2025-03-24T09:35:02+00:00</time>
      </trkpt>
      <trkpt lat="50.79041" lon="2.65643">
        <ele>76</ele>
        <time>2025-03-24T09:35:05+00:00</time>
      </trkpt>
      <trkpt lat="50.79014" lon="2.65662">
        <ele>78</ele>
        <time>2025-03-24T09:35:08+00:00</time>
      </trkpt>
      <trkpt lat="50.78978" lon="2.65687">
        <ele>80</ele>
        <time>2025-03-24T09:35:11+00:00</time>
      </trkpt>
      <trkpt lat="50.78957" lon="2.65701">
        <ele>82</ele>
        <time>2025-03-24T09:35:14+00:00</time>
      </trkpt>
      <trkpt lat="50.78934" lon="2.65717">
        <ele>84</ele>
        <time>2025-03-24T09:35:17+00:00</time>
      </trkpt>
      <trkpt lat="50.78911" lon="2.65723">
        <ele>86</ele>
        <time>2025-03-24T09:35:20+00:00</time>
      </trkpt>
      <trkpt lat="50.78885" lon="2.6573">
        <ele>86</ele>
        <time>2025-03-24T09:35:23+00:00</time>
      </trkpt>
      <trkpt lat="50.78859" lon="2.65738">
        <ele>90</ele>
        <time>2025-03-24T09:35:26+00:00</time>
      </trkpt>
      <trkpt lat="50.78836" lon="2.65747">
        <ele>92</ele>
        <time>2025-03-24T09:35:29+00:00</time>
      </trkpt>
      <trkpt lat="50.78805" lon="2.6576">
        <ele>97</ele>
        <time>2025-03-24T09:35:32+00:00</time>
      </trkpt>
      <trkpt lat="50.78788" lon="2.65731">
        <ele>98</ele>
        <time>2025-03-24T09:35:35+00:00</time>
      </trkpt>
      <trkpt lat="50.78765" lon="2.65691">
        <ele>98</ele>
        <time>2025-03-24T09:35:38+00:00</time>
      </trkpt>
      <trkpt lat="50.78743" lon="2.65706">
        <ele>101</ele>
        <time>2025-03-24T09:35:41+00:00</time>
      </trkpt>
      <trkpt lat="50.78716" lon="2.65725">
        <ele>106</ele>
        <time>2025-03-24T09:35:44+00:00</time>
      </trkpt>
      <trkpt lat="50.78716" lon="2.65765">
        <ele>108</ele>
        <time>2025-03-24T09:35:47+00:00</time>
      </trkpt>
      <trkpt lat="50.78716" lon="2.65822">
        <ele>111</ele>
        <time>2025-03-24T09:35:50+00:00</time>
      </trkpt>
      <trkpt lat="50.78698" lon="2.65861">
        <ele>113</ele>
        <time>2025-03-24T09:35:53+00:00</time>
      </trkpt>
      <trkpt lat="50.7868" lon="2.659">
        <ele>116</ele>
        <time>2025-03-24T09:35:56+00:00</time>
      </trkpt>
      <trkpt lat="50.78653" lon="2.65961">
        <ele>118</ele>
        <time>2025-03-24T09:35:59+00:00</time>
      </trkpt>
      <trkpt lat="50.78672" lon="2.65996">
        <ele>117</ele>
        <time>2025-03-24T09:36:02+00:00</time>
      </trkpt>
      <trkpt lat="50.78692" lon="2.6603">
        <ele>116</ele>
        <time>2025-03-24T09:36:05+00:00</time>
      </trkpt>
      <trkpt lat="50.78713" lon="2.66069">
        <ele>112</ele>
        <time>2025-03-24T09:36:08+00:00</time>
      </trkpt>
      <trkpt lat="50.7871" lon="2.66107">
        <ele>112</ele>
        <time>2025-03-24T09:36:11+00:00</time>
      </trkpt>
      <trkpt lat="50.78732" lon="2.66126">
        <ele>108</ele>
        <time>2025-03-24T09:36:14+00:00</time>
      </trkpt>
      <trkpt lat="50.78763" lon="2.66154">
        <ele>108</ele>
        <time>2025-03-24T09:36:17+00:00</time>
      </trkpt>
      <trkpt lat="50.78774" lon="2.66212">
        <ele>108</ele>
        <time>2025-03-24T09:36:20+00:00</time>
      </trkpt>
      <trkpt lat="50.78747" lon="2.66227">
        <ele>111</ele>
        <time>2025-03-24T09:36:23+00:00</time>
      </trkpt>
      <trkpt lat="50.78724" lon="2.66239">
        <ele>115</ele>
        <time>2025-03-24T09:36:26+00:00</time>
      </trkpt>
      <trkpt lat="50.78694" lon="2.66255">
        <ele>117</ele>
        <time>2025-03-24T09:36:29+00:00</time>
      </trkpt>
      <trkpt lat="50.78712" lon="2.66283">
        <ele>120</ele>
        <time>2025-03-24T09:36:32+00:00</time>
      </trkpt>
      <trkpt lat="50.78736" lon="2.66321">
        <ele>120</ele>
        <time>2025-03-24T09:36:35+00:00</time>
      </trkpt>
      <trkpt lat="50.78762" lon="2.66363">
        <ele>121</ele>
        <time>2025-03-24T09:36:38+00:00</time>
      </trkpt>
      <trkpt lat="50.78741" lon="2.66385">
        <ele>124</ele>
        <time>2025-03-24T09:36:41+00:00</time>
      </trkpt>
      <trkpt lat="50.78712" lon="2.66416">
        <ele>131</ele>
        <time>2025-03-24T09:36:44+00:00</time>
      </trkpt>
      <trkpt lat="50.78694" lon="2.66434">
        <ele>135</ele>
        <time>2025-03-24T09:36:47+00:00</time>
      </trkpt>
      <trkpt lat="50.78676" lon="2.66453">
        <ele>134</ele>
        <time>2025-03-24T09:36:50+00:00</time>
      </trkpt>
      <trkpt lat="50.78701" lon="2.66461">
        <ele>134</ele>
        <time>2025-03-24T09:36:53+00:00</time>
      </trkpt>
      <trkpt lat="50.78739" lon="2.66474">
        <ele>131</ele>
        <time>2025-03-24T09:36:56+00:00</time>
      </trkpt>
      <trkpt lat="50.78761" lon="2.66491">
        <ele>127</ele>
        <time>2025-03-24T09:36:59+00:00</time>
      </trkpt>
      <trkpt lat="50.78792" lon="2.66513">
        <ele>126</ele>
        <time>2025-03-24T09:37:02+00:00</time>
      </trkpt>
      <trkpt lat="50.78814" lon="2.66505">
        <ele>124</ele>
        <time>2025-03-24T09:37:05+00:00</time>
      </trkpt>
      <trkpt lat="50.78842" lon="2.66496">
        <ele>122</ele>
        <time>2025-03-24T09:37:08+00:00</time>
      </trkpt>
      <trkpt lat="50.7888" lon="2.66491">
        <ele>119</ele>
        <time>2025-03-24T09:37:11+00:00</time>
      </trkpt>
      <trkpt lat="50.78903" lon="2.66508">
        <ele>118</ele>
        <time>2025-03-24T09:37:14+00:00</time>
      </trkpt>
      <trkpt lat="50.78939" lon="2.66532">
        <ele>115</ele>
        <time>2025-03-24T09:37:17+00:00</time>
      </trkpt>
      <trkpt lat="50.78958" lon="2.66555">
        <ele>114</ele>
        <time>2025-03-24T09:37:20+00:00</time>
      </trkpt>
      <trkpt lat="50.7898" lon="2.66584">
        <ele>113</ele>
        <time>2025-03-24T09:37:23+00:00</time>
      </trkpt>
      <trkpt lat="50.79006" lon="2.66599">
        <ele>109</ele>
        <time>2025-03-24T09:37:26+00:00</time>
      </trkpt>
      <trkpt lat="50.79003" lon="2.66634">
        <ele>108</ele>
        <time>2025-03-24T09:37:29+00:00</time>
      </trkpt>
      <trkpt lat="50.78999" lon="2.66672">
        <ele>105</ele>
        <time>2025-03-24T09:37:32+00:00</time>
      </trkpt>
      <trkpt lat="50.78974" lon="2.6668">
        <ele>102</ele>
        <time>2025-03-24T09:37:35+00:00</time>
      </trkpt>
      <trkpt lat="50.78939" lon="2.66691">
        <ele>101</ele>
        <time>2025-03-24T09:37:38+00:00</time>
      </trkpt>
      <trkpt lat="50.78941" lon="2.66739">
        <ele>101</ele>
        <time>2025-03-24T09:37:41+00:00</time>
      </trkpt>
      <trkpt lat="50.78942" lon="2.66782">
        <ele>101</ele>
        <time>2025-03-24T09:37:44+00:00</time>
      </trkpt>
      <trkpt lat="50.78944" lon="2.66856">
        <ele>109</ele>
        <time>2025-03-24T09:37:47+00:00</time>
      </trkpt>
      <trkpt lat="50.78911" lon="2.66863">
        <ele>111</ele>
        <time>2025-03-24T09:37:50+00:00</time>
      </trkpt>
      <trkpt lat="50.78878" lon="2.66871">
        <ele>112</ele>
        <time>2025-03-24T09:37:53+00:00</time>
      </trkpt>
      <trkpt lat="50.7885" lon="2.66877">
        <ele>113</ele>
        <time>2025-03-24T09:37:56+00:00</time>
      </trkpt>
      <trkpt lat="50.78798" lon="2.66888">
        <ele>112</ele>
        <time>2025-03-24T09:37:59+00:00</time>
      </trkpt>
      <trkpt lat="50.78786" lon="2.66917">
        <ele>112</ele>
        <time>2025-03-24T09:38:02+00:00</time>
      </trkpt>
      <trkpt lat="50.78773" lon="2.66948">
        <ele>113</ele>
        <time>2025-03-24T09:38:05+00:00</time>
      </trkpt>
      <trkpt lat="50.78774" lon="2.67002">
        <ele>116</ele>
        <time>2025-03-24T09:38:08+00:00</time>
      </trkpt>
      <trkpt lat="50.7875" lon="2.67018">
        <ele>120</ele>
        <time>2025-03-24T09:38:11+00:00</time>
      </trkpt>
      <trkpt lat="50.78712" lon="2.67043">
        <ele>119</ele>
        <time>2025-03-24T09:38:14+00:00</time>
      </trkpt>
      <trkpt lat="50.78721" lon="2.6708">
        <ele>118</ele>
        <time>2025-03-24T09:38:17+00:00</time>
      </trkpt>
      <trkpt lat="50.78734" lon="2.67134">
        <ele>117</ele>
        <time>2025-03-24T09:38:20+00:00</time>
      </trkpt>
      <trkpt lat="50.78745" lon="2.67176">
        <ele>116</ele>
        <time>2025-03-24T09:38:23+00:00</time>
      </trkpt>
      <trkpt lat="50.78755" lon="2.67218">
        <ele>114</ele>
        <time>2025-03-24T09:38:26+00:00</time>
      </trkpt>
      <trkpt lat="50.78766" lon="2.6726">
        <ele>114</ele>
        <time>2025-03-24T09:38:29+00:00</time>
      </trkpt>
      <trkpt lat="50.78779" lon="2.67315">
        <ele>113</ele>
        <time>2025-03-24T09:38:32+00:00</time>
      </trkpt>
      <trkpt lat="50.78788" lon="2.67352">
        <ele>111</ele>
        <time>2025-03-24T09:38:35+00:00</time>
      </trkpt>
      <trkpt lat="50.78802" lon="2.67405">
        <ele>110</ele>
        <time>2025-03-24T09:38:38+00:00</time>
      </trkpt>
      <trkpt lat="50.78813" lon="2.67453">
        <ele>110</ele>
        <time>2025-03-24T09:38:41+00:00</time>
      </trkpt>
      <trkpt lat="50.7885" lon="2.67472">
        <ele>107</ele>
        <time>2025-03-24T09:38:44+00:00</time>
      </trkpt>
      <trkpt lat="50.78873" lon="2.67463">
        <ele>107</ele>
        <time>2025-03-24T09:38:47+00:00</time>
      </trkpt>
      <trkpt lat="50.78901" lon="2.67453">
        <ele>107</ele>
        <time>2025-03-24T09:38:50+00:00</time>
      </trkpt>
      <trkpt lat="50.78932" lon="2.67439">
        <ele>109</ele>
        <time>2025-03-24T09:38:53+00:00</time>
      </trkpt>
      <trkpt lat="50.78963" lon="2.67424">
        <ele>112</ele>
        <time>2025-03-24T09:38:56+00:00</time>
      </trkpt>
      <trkpt lat="50.78988" lon="2.67413">
        <ele>114</ele>
        <time>2025-03-24T09:38:59+00:00</time>
      </trkpt>
      <trkpt lat="50.79028" lon="2.67395">
        <ele>115</ele>
        <time>2025-03-24T09:39:02+00:00</time>
      </trkpt>
      <trkpt lat="50.79058" lon="2.67405">
        <ele>116</ele>
        <time>2025-03-24T09:39:05+00:00</time>
      </trkpt>
      <trkpt lat="50.79089" lon="2.67414">
        <ele>116</ele>
        <time>2025-03-24T09:39:08+00:00</time>
      </trkpt>
      <trkpt lat="50.79112" lon="2.67422">
        <ele>117</ele>
        <time>2025-03-24T09:39:11+00:00</time>
      </trkpt>
      <trkpt lat="50.7914" lon="2.67431">
        <ele>117</ele>
        <time>2025-03-24T09:39:14+00:00</time>
      </trkpt>
      <trkpt lat="50.79146" lon="2.67476">
        <ele>120</ele>
        <time>2025-03-24T09:39:17+00:00</time>
      </trkpt>
      <trkpt lat="50.79152" lon="2.67521">
        <ele>123</ele>
        <time>2025-03-24T09:39:20+00:00</time>
      </trkpt>
      <trkpt lat="50.79159" lon="2.67573">
        <ele>125</ele>
        <time>2025-03-24T09:39:23+00:00</time>
      </trkpt>
      <trkpt lat="50.79169" lon="2.67636">
        <ele>126</ele>
        <time>2025-03-24T09:39:26+00:00</time>
      </trkpt>
      <trkpt lat="50.79175" lon="2.67668">
        <ele>127</ele>
        <time>2025-03-24T09:39:29+00:00</time>
      </trkpt>
      <trkpt lat="50.79182" lon="2.67701">
        <ele>127</ele>
        <time>2025-03-24T09:39:32+00:00</time>
      </trkpt>
      <trkpt lat="50.79185" lon="2.67736">
        <ele>128</ele>
        <time>2025-03-24T09:39:35+00:00</time>
      </trkpt>
      <trkpt lat="50.79188" lon="2.67772">
        <ele>129</ele>
        <time>2025-03-24T09:39:38+00:00</time>
      </trkpt>
      <trkpt lat="50.79202" lon="2.67828">
        <ele>129</ele>
        <time>2025-03-24T09:39:41+00:00</time>
      </trkpt>
      <trkpt lat="50.79244" lon="2.67832">
        <ele>129</ele>
        <time>2025-03-24T09:39:44+00:00</time>
      </trkpt>
      <trkpt lat="50.79269" lon="2.67808">
        <ele>125</ele>
        <time>2025-03-24T09:39:47+00:00</time>
      </trkpt>
      <trkpt lat="50.79293" lon="2.67785">
        <ele>123</ele>
        <time>2025-03-24T09:39:50+00:00</time>
      </trkpt>
      <trkpt lat="50.79319" lon="2.67761">
        <ele>121</ele>
        <time>2025-03-24T09:39:53+00:00</time>
      </trkpt>
      <trkpt lat="50.79355" lon="2.67738">
        <ele>115</ele>
        <time>2025-03-24T09:39:56+00:00</time>
      </trkpt>
      <trkpt lat="50.79386" lon="2.67722">
        <ele>113</ele>
        <time>2025-03-24T09:39:59+00:00</time>
      </trkpt>
      <trkpt lat="50.79411" lon="2.67696">
        <ele>110</ele>
        <time>2025-03-24T09:40:02+00:00</time>
      </trkpt>
      <trkpt lat="50.79443" lon="2.6771">
        <ele>109</ele>
        <time>2025-03-24T09:40:05+00:00</time>
      </trkpt>
      <trkpt lat="50.79467" lon="2.67704">
        <ele>106</ele>
        <time>2025-03-24T09:40:08+00:00</time>
      </trkpt>
      <trkpt lat="50.7949" lon="2.67689">
        <ele>103</ele>
        <time>2025-03-24T09:40:11+00:00</time>
      </trkpt>
      <trkpt lat="50.79523" lon="2.67669">
        <ele>100</ele>
        <time>2025-03-24T09:40:14+00:00</time>
      </trkpt>
      <trkpt lat="50.79545" lon="2.67655">
        <ele>97</ele>
        <time>2025-03-24T09:40:17+00:00</time>
      </trkpt>
      <trkpt lat="50.79573" lon="2.67637">
        <ele>94</ele>
        <time>2025-03-24T09:40:20+00:00</time>
      </trkpt>
      <trkpt lat="50.79595" lon="2.67622">
        <ele>91</ele>
        <time>2025-03-24T09:40:23+00:00</time>
      </trkpt>
      <trkpt lat="50.79622" lon="2.67603">
        <ele>88</ele>
        <time>2025-03-24T09:40:26+00:00</time>
      </trkpt>
      <trkpt lat="50.79656" lon="2.67566">
        <ele>84</ele>
        <time>2025-03-24T09:40:29+00:00</time>
      </trkpt>
      <trkpt lat="50.79688" lon="2.67524">
        <ele>82</ele>
        <time>2025-03-24T09:40:32+00:00</time>
      </trkpt>
      <trkpt lat="50.79699" lon="2.67481">
        <ele>80</ele>
        <time>2025-03-24T09:40:35+00:00</time>
      </trkpt>
      <trkpt lat="50.79719" lon="2.67471">
        <ele>78</ele>
        <time>2025-03-24T09:40:38+00:00</time>
      </trkpt>
      <trkpt lat="50.7974" lon="2.67461">
        <ele>76</ele>
        <time>2025-03-24T09:40:41+00:00</time>
      </trkpt>
      <trkpt lat="50.79756" lon="2.67433">
        <ele>74</ele>
        <time>2025-03-24T09:40:44+00:00</time>
      </trkpt>
      <trkpt lat="50.79778" lon="2.67398">
        <ele>72</ele>
        <time>2025-03-24T09:40:47+00:00</time>
      </trkpt>
      <trkpt lat="50.79812" lon="2.67364">
        <ele>70</ele>
        <time>2025-03-24T09:40:50+00:00</time>
      </trkpt>
      <trkpt lat="50.7983" lon="2.67341">
        <ele>68</ele>
        <time>2025-03-24T09:40:53+00:00</time>
      </trkpt>
      <trkpt lat="50.7985" lon="2.67315">
        <ele>65</ele>
        <time>2025-03-24T09:40:56+00:00</time>
      </trkpt>
      <trkpt lat="50.79875" lon="2.67288">
        <ele>64</ele>
        <time>2025-03-24T09:40:59+00:00</time>
      </trkpt>
      <trkpt lat="50.799" lon="2.67262">
        <ele>62</ele>
        <time>2025-03-24T09:41:02+00:00</time>
      </trkpt>
      <trkpt lat="50.79933" lon="2.67227">
        <ele>59</ele>
        <time>2025-03-24T09:41:05+00:00</time>
      </trkpt>
      <trkpt lat="50.79955" lon="2.67208">
        <ele>58</ele>
        <time>2025-03-24T09:41:08+00:00</time>
      </trkpt>
      <trkpt lat="50.79987" lon="2.67182">
        <ele>56</ele>
        <time>2025-03-24T09:41:11+00:00</time>
      </trkpt>
      <trkpt lat="50.80012" lon="2.6716">
        <ele>54</ele>
        <time>2025-03-24T09:41:14+00:00</time>
      </trkpt>
      <trkpt lat="50.80059" lon="2.67118">
        <ele>52</ele>
        <time>2025-03-24T09:41:17+00:00</time>
      </trkpt>
      <trkpt lat="50.80085" lon="2.67103">
        <ele>51</ele>
        <time>2025-03-24T09:41:20+00:00</time>
      </trkpt>
      <trkpt lat="50.80132" lon="2.67075">
        <ele>49</ele>
        <time>2025-03-24T09:41:23+00:00</time>
      </trkpt>
      <trkpt lat="50.80155" lon="2.6706">
        <ele>48</ele>
        <time>2025-03-24T09:41:26+00:00</time>
      </trkpt>
      <trkpt lat="50.80189" lon="2.67038">
        <ele>47</ele>
        <time>2025-03-24T09:41:29+00:00</time>
      </trkpt>
      <trkpt lat="50.80219" lon="2.67027">
        <ele>46</ele>
        <time>2025-03-24T09:41:32+00:00</time>
      </trkpt>
      <trkpt lat="50.80244" lon="2.67027">
        <ele>46</ele>
        <time>2025-03-24T09:41:35+00:00</time>
      </trkpt>
      <trkpt lat="50.80235" lon="2.67067">
        <ele>46</ele>
        <time>2025-03-24T09:41:38+00:00</time>
      </trkpt>
      <trkpt lat="50.80221" lon="2.67134">
        <ele>46</ele>
        <time>2025-03-24T09:41:41+00:00</time>
      </trkpt>
      <trkpt lat="50.80213" lon="2.67177">
        <ele>47</ele>
        <time>2025-03-24T09:41:44+00:00</time>
      </trkpt>
      <trkpt lat="50.80199" lon="2.67259">
        <ele>48</ele>
        <time>2025-03-24T09:41:47+00:00</time>
      </trkpt>
      <trkpt lat="50.80188" lon="2.67294">
        <ele>49</ele>
        <time>2025-03-24T09:41:50+00:00</time>
      </trkpt>
      <trkpt lat="50.80172" lon="2.67344">
        <ele>50</ele>
        <time>2025-03-24T09:41:53+00:00</time>
      </trkpt>
      <trkpt lat="50.80157" lon="2.67375">
        <ele>51</ele>
        <time>2025-03-24T09:41:56+00:00</time>
      </trkpt>
      <trkpt lat="50.80136" lon="2.67417">
        <ele>52</ele>
        <time>2025-03-24T09:41:59+00:00</time>
      </trkpt>
      <trkpt lat="50.80135" lon="2.67441">
        <ele>52</ele>
        <time>2025-03-24T09:42:02+00:00</time>
      </trkpt>
      <trkpt lat="50.8012" lon="2.67474">
        <ele>53</ele>
        <time>2025-03-24T09:42:05+00:00</time>
      </trkpt>
      <trkpt lat="50.80106" lon="2.67507">
        <ele>54</ele>
        <time>2025-03-24T09:42:08+00:00</time>
      </trkpt>
      <trkpt lat="50.80086" lon="2.67553">
        <ele>56</ele>
        <time>2025-03-24T09:42:11+00:00</time>
      </trkpt>
      <trkpt lat="50.80068" lon="2.67578">
        <ele>58</ele>
        <time>2025-03-24T09:42:14+00:00</time>
      </trkpt>
      <trkpt lat="50.80044" lon="2.67575">
        <ele>60</ele>
        <time>2025-03-24T09:42:17+00:00</time>
      </trkpt>
      <trkpt lat="50.80013" lon="2.67572">
        <ele>61</ele>
        <time>2025-03-24T09:42:20+00:00</time>
      </trkpt>
      <trkpt lat="50.79989" lon="2.67584">
        <ele>64</ele>
        <time>2025-03-24T09:42:23+00:00</time>
      </trkpt>
      <trkpt lat="50.79958" lon="2.67601">
        <ele>65</ele>
        <time>2025-03-24T09:42:26+00:00</time>
      </trkpt>
      <trkpt lat="50.79937" lon="2.67614">
        <ele>67</ele>
        <time>2025-03-24T09:42:29+00:00</time>
      </trkpt>
      <trkpt lat="50.79914" lon="2.67629">
        <ele>69</ele>
        <time>2025-03-24T09:42:32+00:00</time>
      </trkpt>
      <trkpt lat="50.79894" lon="2.67648">
        <ele>70</ele>
        <time>2025-03-24T09:42:35+00:00</time>
      </trkpt>
      <trkpt lat="50.79872" lon="2.6767">
        <ele>72</ele>
        <time>2025-03-24T09:42:38+00:00</time>
      </trkpt>
      <trkpt lat="50.7985" lon="2.67668">
        <ele>74</ele>
        <time>2025-03-24T09:42:41+00:00</time>
      </trkpt>
      <trkpt lat="50.79827" lon="2.67666">
        <ele>76</ele>
        <time>2025-03-24T09:42:44+00:00</time>
      </trkpt>
      <trkpt lat="50.79804" lon="2.67655">
        <ele>77</ele>
        <time>2025-03-24T09:42:47+00:00</time>
      </trkpt>
      <trkpt lat="50.79775" lon="2.67641">
        <ele>79</ele>
        <time>2025-03-24T09:42:50+00:00</time>
      </trkpt>
      <trkpt lat="50.79784" lon="2.67672">
        <ele>80</ele>
        <time>2025-03-24T09:42:53+00:00</time>
      </trkpt>
      <trkpt lat="50.79794" lon="2.67703">
        <ele>80</ele>
        <time>2025-03-24T09:42:56+00:00</time>
      </trkpt>
      <trkpt lat="50.7981" lon="2.67747">
        <ele>78</ele>
        <time>2025-03-24T09:42:59+00:00</time>
      </trkpt>
      <trkpt lat="50.79822" lon="2.67781">
        <ele>77</ele>
        <time>2025-03-24T09:43:02+00:00</time>
      </trkpt>
      <trkpt lat="50.79839" lon="2.6783">
        <ele>75</ele>
        <time>2025-03-24T09:43:05+00:00</time>
      </trkpt>
      <trkpt lat="50.7985" lon="2.6786">
        <ele>74</ele>
        <time>2025-03-24T09:43:08+00:00</time>
      </trkpt>
      <trkpt lat="50.79863" lon="2.67893">
        <ele>72</ele>
        <time>2025-03-24T09:43:11+00:00</time>
      </trkpt>
      <trkpt lat="50.7987" lon="2.67932">
        <ele>70</ele>
        <time>2025-03-24T09:43:14+00:00</time>
      </trkpt>
      <trkpt lat="50.79881" lon="2.67992">
        <ele>67</ele>
        <time>2025-03-24T09:43:17+00:00</time>
      </trkpt>
      <trkpt lat="50.79891" lon="2.68042">
        <ele>65</ele>
        <time>2025-03-24T09:43:20+00:00</time>
      </trkpt>
      <trkpt lat="50.79897" lon="2.68074">
        <ele>64</ele>
        <time>2025-03-24T09:43:23+00:00</time>
      </trkpt>
      <trkpt lat="50.79903" lon="2.68107">
        <ele>63</ele>
        <time>2025-03-24T09:43:26+00:00</time>
      </trkpt>
      <trkpt lat="50.79917" lon="2.68154">
        <ele>61</ele>
        <time>2025-03-24T09:43:29+00:00</time>
      </trkpt>
      <trkpt lat="50.79929" lon="2.68191">
        <ele>60</ele>
        <time>2025-03-24T09:43:32+00:00</time>
      </trkpt>
      <trkpt lat="50.79947" lon="2.68248">
        <ele>59</ele>
        <time>2025-03-24T09:43:35+00:00</time>
      </trkpt>
      <trkpt lat="50.79957" lon="2.68281">
        <ele>57</ele>
        <time>2025-03-24T09:43:38+00:00</time>
      </trkpt>
      <trkpt lat="50.7997" lon="2.68322">
        <ele>56</ele>
        <time>2025-03-24T09:43:41+00:00</time>
      </trkpt>
      <trkpt lat="50.79982" lon="2.68356">
        <ele>55</ele>
        <time>2025-03-24T09:43:44+00:00</time>
      </trkpt>
      <trkpt lat="50.8" lon="2.68404">
        <ele>54</ele>
        <time>2025-03-24T09:43:47+00:00</time>
      </trkpt>
      <trkpt lat="50.8002" lon="2.68461">
        <ele>53</ele>
        <time>2025-03-24T09:43:50+00:00</time>
      </trkpt>
      <trkpt lat="50.80021" lon="2.68502">
        <ele>53</ele>
        <time>2025-03-24T09:43:53+00:00</time>
      </trkpt>
      <trkpt lat="50.80022" lon="2.68564">
        <ele>56</ele>
        <time>2025-03-24T09:43:56+00:00</time>
      </trkpt>
      <trkpt lat="50.80022" lon="2.68616">
        <ele>60</ele>
        <time>2025-03-24T09:43:59+00:00</time>
      </trkpt>
      <trkpt lat="50.80023" lon="2.68682">
        <ele>64</ele>
        <time>2025-03-24T09:44:02+00:00</time>
      </trkpt>
      <trkpt lat="50.80034" lon="2.68721">
        <ele>66</ele>
        <time>2025-03-24T09:44:05+00:00</time>
      </trkpt>
      <trkpt lat="50.80053" lon="2.68792">
        <ele>67</ele>
        <time>2025-03-24T09:44:08+00:00</time>
      </trkpt>
      <trkpt lat="50.80072" lon="2.68758">
        <ele>69</ele>
        <time>2025-03-24T09:44:11+00:00</time>
      </trkpt>
      <trkpt lat="50.80091" lon="2.68725">
        <ele>71</ele>
        <time>2025-03-24T09:44:14+00:00</time>
      </trkpt>
      <trkpt lat="50.8011" lon="2.68691">
        <ele>72</ele>
        <time>2025-03-24T09:44:17+00:00</time>
      </trkpt>
      <trkpt lat="50.80132" lon="2.68695">
        <ele>72</ele>
        <time>2025-03-24T09:44:20+00:00</time>
      </trkpt>
      <trkpt lat="50.80156" lon="2.68699">
        <ele>72</ele>
        <time>2025-03-24T09:44:23+00:00</time>
      </trkpt>
      <trkpt lat="50.80166" lon="2.68661">
        <ele>72</ele>
        <time>2025-03-24T09:44:26+00:00</time>
      </trkpt>
      <trkpt lat="50.80181" lon="2.68599">
        <ele>72</ele>
        <time>2025-03-24T09:44:29+00:00</time>
      </trkpt>
      <trkpt lat="50.80156" lon="2.68586">
        <ele>71</ele>
        <time>2025-03-24T09:44:32+00:00</time>
      </trkpt>
      <trkpt lat="50.80118" lon="2.68566">
        <ele>71</ele>
        <time>2025-03-24T09:44:35+00:00</time>
      </trkpt>
      <trkpt lat="50.80119" lon="2.68605">
        <ele>72</ele>
        <time>2025-03-24T09:44:38+00:00</time>
      </trkpt>
      <trkpt lat="50.80121" lon="2.68659">
        <ele>72</ele>
        <time>2025-03-24T09:44:41+00:00</time>
      </trkpt>
      <trkpt lat="50.80109" lon="2.68687">
        <ele>72</ele>
        <time>2025-03-24T09:44:44+00:00</time>
      </trkpt>
      <trkpt lat="50.80096" lon="2.68715">
        <ele>71</ele>
        <time>2025-03-24T09:44:47+00:00</time>
      </trkpt>
      <trkpt lat="50.80079" lon="2.68745">
        <ele>69</ele>
        <time>2025-03-24T09:44:50+00:00</time>
      </trkpt>
      <trkpt lat="50.80053" lon="2.68792">
        <ele>67</ele>
        <time>2025-03-24T09:44:53+00:00</time>
      </trkpt>
      <trkpt lat="50.80018" lon="2.6882">
        <ele>68</ele>
        <time>2025-03-24T09:44:56+00:00</time>
      </trkpt>
      <trkpt lat="50.79991" lon="2.68856">
        <ele>70</ele>
        <time>2025-03-24T09:44:59+00:00</time>
      </trkpt>
      <trkpt lat="50.7997" lon="2.68873">
        <ele>71</ele>
        <time>2025-03-24T09:45:02+00:00</time>
      </trkpt>
      <trkpt lat="50.79946" lon="2.68858">
        <ele>73</ele>
        <time>2025-03-24T09:45:05+00:00</time>
      </trkpt>
      <trkpt lat="50.79935" lon="2.68884">
        <ele>77</ele>
        <time>2025-03-24T09:45:08+00:00</time>
      </trkpt>
      <trkpt lat="50.79923" lon="2.68897">
        <ele>78</ele>
        <time>2025-03-24T09:45:11+00:00</time>
      </trkpt>
      <trkpt lat="50.79896" lon="2.68888">
        <ele>77</ele>
        <time>2025-03-24T09:45:14+00:00</time>
      </trkpt>
      <trkpt lat="50.79908" lon="2.68862">
        <ele>76</ele>
        <time>2025-03-24T09:45:17+00:00</time>
      </trkpt>
      <trkpt lat="50.79894" lon="2.68824">
        <ele>77</ele>
        <time>2025-03-24T09:45:20+00:00</time>
      </trkpt>
      <trkpt lat="50.79876" lon="2.68802">
        <ele>76</ele>
        <time>2025-03-24T09:45:23+00:00</time>
      </trkpt>
      <trkpt lat="50.79855" lon="2.68777">
        <ele>76</ele>
        <time>2025-03-24T09:45:26+00:00</time>
      </trkpt>
      <trkpt lat="50.79841" lon="2.68792">
        <ele>79</ele>
        <time>2025-03-24T09:45:29+00:00</time>
      </trkpt>
      <trkpt lat="50.79832" lon="2.6881">
        <ele>79</ele>
        <time>2025-03-24T09:45:32+00:00</time>
      </trkpt>
      <trkpt lat="50.79822" lon="2.6883">
        <ele>79</ele>
        <time>2025-03-24T09:45:35+00:00</time>
      </trkpt>
      <trkpt lat="50.7981" lon="2.68845">
        <ele>82</ele>
        <time>2025-03-24T09:45:38+00:00</time>
      </trkpt>
      <trkpt lat="50.79795" lon="2.68875">
        <ele>83</ele>
        <time>2025-03-24T09:45:41+00:00</time>
      </trkpt>
      <trkpt lat="50.79778" lon="2.68899">
        <ele>83</ele>
        <time>2025-03-24T09:45:44+00:00</time>
      </trkpt>
      <trkpt lat="50.79761" lon="2.68916">
        <ele>83</ele>
        <time>2025-03-24T09:45:47+00:00</time>
      </trkpt>
      <trkpt lat="50.79737" lon="2.68914">
        <ele>83</ele>
        <time>2025-03-24T09:45:50+00:00</time>
      </trkpt>
      <trkpt lat="50.7973" lon="2.68947">
        <ele>83</ele>
        <time>2025-03-24T09:45:53+00:00</time>
      </trkpt>
      <trkpt lat="50.79722" lon="2.68983">
        <ele>82</ele>
        <time>2025-03-24T09:45:56+00:00</time>
      </trkpt>
      <trkpt lat="50.79698" lon="2.68984">
        <ele>82</ele>
        <time>2025-03-24T09:45:59+00:00</time>
      </trkpt>
      <trkpt lat="50.79668" lon="2.68985">
        <ele>84</ele>
        <time>2025-03-24T09:46:02+00:00</time>
      </trkpt>
      <trkpt lat="50.7965" lon="2.68957">
        <ele>87</ele>
        <time>2025-03-24T09:46:05+00:00</time>
      </trkpt>
      <trkpt lat="50.79623" lon="2.68918">
        <ele>90</ele>
        <time>2025-03-24T09:46:08+00:00</time>
      </trkpt>
      <trkpt lat="50.79602" lon="2.68886">
        <ele>92</ele>
        <time>2025-03-24T09:46:11+00:00</time>
      </trkpt>
      <trkpt lat="50.79581" lon="2.68854">
        <ele>94</ele>
        <time>2025-03-24T09:46:14+00:00</time>
      </trkpt>
      <trkpt lat="50.79555" lon="2.68815">
        <ele>97</ele>
        <time>2025-03-24T09:46:17+00:00</time>
      </trkpt>
      <trkpt lat="50.79543" lon="2.68768">
        <ele>99</ele>
        <time>2025-03-24T09:46:20+00:00</time>
      </trkpt>
      <trkpt lat="50.79533" lon="2.68815">
        <ele>100</ele>
        <time>2025-03-24T09:46:23+00:00</time>
      </trkpt>
      <trkpt lat="50.79522" lon="2.68863">
        <ele>101</ele>
        <time>2025-03-24T09:46:26+00:00</time>
      </trkpt>
      <trkpt lat="50.79514" lon="2.68901">
        <ele>103</ele>
        <time>2025-03-24T09:46:29+00:00</time>
      </trkpt>
      <trkpt lat="50.79502" lon="2.68955">
        <ele>103</ele>
        <time>2025-03-24T09:46:32+00:00</time>
      </trkpt>
      <trkpt lat="50.79494" lon="2.68989">
        <ele>103</ele>
        <time>2025-03-24T09:46:35+00:00</time>
      </trkpt>
      <trkpt lat="50.79482" lon="2.69022">
        <ele>101</ele>
        <time>2025-03-24T09:46:38+00:00</time>
      </trkpt>
      <trkpt lat="50.79466" lon="2.69066">
        <ele>101</ele>
        <time>2025-03-24T09:46:41+00:00</time>
      </trkpt>
      <trkpt lat="50.79452" lon="2.69093">
        <ele>101</ele>
        <time>2025-03-24T09:46:44+00:00</time>
      </trkpt>
      <trkpt lat="50.79439" lon="2.6912">
        <ele>101</ele>
        <time>2025-03-24T09:46:47+00:00</time>
      </trkpt>
      <trkpt lat="50.79437" lon="2.6915">
        <ele>100</ele>
        <time>2025-03-24T09:46:50+00:00</time>
      </trkpt>
      <trkpt lat="50.79426" lon="2.69193">
        <ele>99</ele>
        <time>2025-03-24T09:46:53+00:00</time>
      </trkpt>
      <trkpt lat="50.79412" lon="2.69226">
        <ele>96</ele>
        <time>2025-03-24T09:46:56+00:00</time>
      </trkpt>
      <trkpt lat="50.79392" lon="2.69275">
        <ele>93</ele>
        <time>2025-03-24T09:46:59+00:00</time>
      </trkpt>
      <trkpt lat="50.79378" lon="2.69306">
        <ele>92</ele>
        <time>2025-03-24T09:47:02+00:00</time>
      </trkpt>
      <trkpt lat="50.79361" lon="2.69347">
        <ele>91</ele>
        <time>2025-03-24T09:47:05+00:00</time>
      </trkpt>
      <trkpt lat="50.79342" lon="2.69379">
        <ele>89</ele>
        <time>2025-03-24T09:47:08+00:00</time>
      </trkpt>
      <trkpt lat="50.79306" lon="2.6944">
        <ele>89</ele>
        <time>2025-03-24T09:47:11+00:00</time>
      </trkpt>
      <trkpt lat="50.79296" lon="2.69485">
        <ele>88</ele>
        <time>2025-03-24T09:47:14+00:00</time>
      </trkpt>
      <trkpt lat="50.79286" lon="2.6953">
        <ele>88</ele>
        <time>2025-03-24T09:47:17+00:00</time>
      </trkpt>
      <trkpt lat="50.79272" lon="2.69592">
        <ele>88</ele>
        <time>2025-03-24T09:47:20+00:00</time>
      </trkpt>
      <trkpt lat="50.79275" lon="2.69631">
        <ele>89</ele>
        <time>2025-03-24T09:47:23+00:00</time>
      </trkpt>
      <trkpt lat="50.7928" lon="2.69684">
        <ele>90</ele>
        <time>2025-03-24T09:47:26+00:00</time>
      </trkpt>
      <trkpt lat="50.79264" lon="2.69712">
        <ele>90</ele>
        <time>2025-03-24T09:47:29+00:00</time>
      </trkpt>
      <trkpt lat="50.79243" lon="2.69746">
        <ele>92</ele>
        <time>2025-03-24T09:47:32+00:00</time>
      </trkpt>
      <trkpt lat="50.79222" lon="2.69775">
        <ele>94</ele>
        <time>2025-03-24T09:47:35+00:00</time>
      </trkpt>
      <trkpt lat="50.79204" lon="2.69799">
        <ele>96</ele>
        <time>2025-03-24T09:47:38+00:00</time>
      </trkpt>
      <trkpt lat="50.79182" lon="2.69828">
        <ele>98</ele>
        <time>2025-03-24T09:47:41+00:00</time>
      </trkpt>
      <trkpt lat="50.79161" lon="2.69865">
        <ele>100</ele>
        <time>2025-03-24T09:47:44+00:00</time>
      </trkpt>
      <trkpt lat="50.7914" lon="2.69903">
        <ele>104</ele>
        <time>2025-03-24T09:47:47+00:00</time>
      </trkpt>
      <trkpt lat="50.791" lon="2.69974">
        <ele>108</ele>
        <time>2025-03-24T09:47:50+00:00</time>
      </trkpt>
      <trkpt lat="50.79093" lon="2.70017">
        <ele>110</ele>
        <time>2025-03-24T09:47:53+00:00</time>
      </trkpt>
      <trkpt lat="50.79079" lon="2.70103">
        <ele>110</ele>
        <time>2025-03-24T09:47:56+00:00</time>
      </trkpt>
      <trkpt lat="50.79067" lon="2.70131">
        <ele>108</ele>
        <time>2025-03-24T09:47:59+00:00</time>
      </trkpt>
      <trkpt lat="50.79055" lon="2.70161">
        <ele>107</ele>
        <time>2025-03-24T09:48:02+00:00</time>
      </trkpt>
      <trkpt lat="50.79043" lon="2.70196">
        <ele>107</ele>
        <time>2025-03-24T09:48:05+00:00</time>
      </trkpt>
      <trkpt lat="50.79025" lon="2.70249">
        <ele>107</ele>
        <time>2025-03-24T09:48:08+00:00</time>
      </trkpt>
      <trkpt lat="50.79003" lon="2.70231">
        <ele>108</ele>
        <time>2025-03-24T09:48:11+00:00</time>
      </trkpt>
      <trkpt lat="50.78975" lon="2.70207">
        <ele>110</ele>
        <time>2025-03-24T09:48:14+00:00</time>
      </trkpt>
      <trkpt lat="50.78949" lon="2.70186">
        <ele>110</ele>
        <time>2025-03-24T09:48:17+00:00</time>
      </trkpt>
      <trkpt lat="50.7893" lon="2.70149">
        <ele>109</ele>
        <time>2025-03-24T09:48:20+00:00</time>
      </trkpt>
      <trkpt lat="50.78912" lon="2.70112">
        <ele>107</ele>
        <time>2025-03-24T09:48:23+00:00</time>
      </trkpt>
      <trkpt lat="50.78885" lon="2.7006">
        <ele>103</ele>
        <time>2025-03-24T09:48:26+00:00</time>
      </trkpt>
      <trkpt lat="50.78875" lon="2.70027">
        <ele>102</ele>
        <time>2025-03-24T09:48:29+00:00</time>
      </trkpt>
      <trkpt lat="50.78862" lon="2.69987">
        <ele>100</ele>
        <time>2025-03-24T09:48:32+00:00</time>
      </trkpt>
      <trkpt lat="50.78831" lon="2.69985">
        <ele>98</ele>
        <time>2025-03-24T09:48:35+00:00</time>
      </trkpt>
      <trkpt lat="50.78809" lon="2.70007">
        <ele>96</ele>
        <time>2025-03-24T09:48:38+00:00</time>
      </trkpt>
      <trkpt lat="50.78787" lon="2.70031">
        <ele>94</ele>
        <time>2025-03-24T09:48:41+00:00</time>
      </trkpt>
      <trkpt lat="50.78749" lon="2.70071">
        <ele>91</ele>
        <time>2025-03-24T09:48:44+00:00</time>
      </trkpt>
      <trkpt lat="50.7873" lon="2.7009">
        <ele>90</ele>
        <time>2025-03-24T09:48:47+00:00</time>
      </trkpt>
      <trkpt lat="50.7871" lon="2.70111">
        <ele>87</ele>
        <time>2025-03-24T09:48:50+00:00</time>
      </trkpt>
      <trkpt lat="50.78683" lon="2.70135">
        <ele>85</ele>
        <time>2025-03-24T09:48:53+00:00</time>
      </trkpt>
      <trkpt lat="50.78658" lon="2.70156">
        <ele>82</ele>
        <time>2025-03-24T09:48:56+00:00</time>
      </trkpt>
      <trkpt lat="50.78632" lon="2.70177">
        <ele>79</ele>
        <time>2025-03-24T09:48:59+00:00</time>
      </trkpt>
      <trkpt lat="50.78606" lon="2.70199">
        <ele>75</ele>
        <time>2025-03-24T09:49:02+00:00</time>
      </trkpt>
      <trkpt lat="50.78582" lon="2.70214">
        <ele>73</ele>
        <time>2025-03-24T09:49:05+00:00</time>
      </trkpt>
      <trkpt lat="50.78547" lon="2.70236">
        <ele>70</ele>
        <time>2025-03-24T09:49:08+00:00</time>
      </trkpt>
      <trkpt lat="50.78521" lon="2.7024">
        <ele>69</ele>
        <time>2025-03-24T09:49:11+00:00</time>
      </trkpt>
      <trkpt lat="50.78482" lon="2.70246">
        <ele>66</ele>
        <time>2025-03-24T09:49:14+00:00</time>
      </trkpt>
      <trkpt lat="50.78455" lon="2.70236">
        <ele>64</ele>
        <time>2025-03-24T09:49:17+00:00</time>
      </trkpt>
      <trkpt lat="50.78432" lon="2.70227">
        <ele>62</ele>
        <time>2025-03-24T09:49:20+00:00</time>
      </trkpt>
      <trkpt lat="50.78405" lon="2.70216">
        <ele>61</ele>
        <time>2025-03-24T09:49:23+00:00</time>
      </trkpt>
      <trkpt lat="50.78382" lon="2.70227">
        <ele>59</ele>
        <time>2025-03-24T09:49:26+00:00</time>
      </trkpt>
      <trkpt lat="50.78351" lon="2.7024">
        <ele>56</ele>
        <time>2025-03-24T09:49:29+00:00</time>
      </trkpt>
      <trkpt lat="50.7833" lon="2.70262">
        <ele>53</ele>
        <time>2025-03-24T09:49:32+00:00</time>
      </trkpt>
      <trkpt lat="50.78299" lon="2.70296">
        <ele>51</ele>
        <time>2025-03-24T09:49:35+00:00</time>
      </trkpt>
      <trkpt lat="50.78313" lon="2.70346">
        <ele>51</ele>
        <time>2025-03-24T09:49:38+00:00</time>
      </trkpt>
      <trkpt lat="50.78323" lon="2.70384">
        <ele>51</ele>
        <time>2025-03-24T09:49:41+00:00</time>
      </trkpt>
      <trkpt lat="50.78339" lon="2.70445">
        <ele>51</ele>
        <time>2025-03-24T09:49:44+00:00</time>
      </trkpt>
      <trkpt lat="50.78353" lon="2.70495">
        <ele>50</ele>
        <time>2025-03-24T09:49:47+00:00</time>
      </trkpt>
      <trkpt lat="50.78367" lon="2.70549">
        <ele>49</ele>
        <time>2025-03-24T09:49:50+00:00</time>
      </trkpt>
      <trkpt lat="50.7837" lon="2.70586">
        <ele>49</ele>
        <time>2025-03-24T09:49:53+00:00</time>
      </trkpt>
      <trkpt lat="50.78374" lon="2.70635">
        <ele>49</ele>
        <time>2025-03-24T09:49:56+00:00</time>
      </trkpt>
      <trkpt lat="50.78362" lon="2.70693">
        <ele>51</ele>
        <time>2025-03-24T09:49:59+00:00</time>
      </trkpt>
      <trkpt lat="50.78362" lon="2.7076">
        <ele>56</ele>
        <time>2025-03-24T09:50:02+00:00</time>
      </trkpt>
      <trkpt lat="50.78361" lon="2.70805">
        <ele>58</ele>
        <time>2025-03-24T09:50:05+00:00</time>
      </trkpt>
      <trkpt lat="50.78361" lon="2.7085">
        <ele>61</ele>
        <time>2025-03-24T09:50:08+00:00</time>
      </trkpt>
      <trkpt lat="50.7836" lon="2.70895">
        <ele>63</ele>
        <time>2025-03-24T09:50:11+00:00</time>
      </trkpt>
      <trkpt lat="50.7837" lon="2.70937">
        <ele>66</ele>
        <time>2025-03-24T09:50:14+00:00</time>
      </trkpt>
      <trkpt lat="50.78381" lon="2.7098">
        <ele>70</ele>
        <time>2025-03-24T09:50:17+00:00</time>
      </trkpt>
      <trkpt lat="50.78391" lon="2.71025">
        <ele>72</ele>
        <time>2025-03-24T09:50:20+00:00</time>
      </trkpt>
      <trkpt lat="50.784" lon="2.71069">
        <ele>72</ele>
        <time>2025-03-24T09:50:23+00:00</time>
      </trkpt>
      <trkpt lat="50.78409" lon="2.71113">
        <ele>71</ele>
        <time>2025-03-24T09:50:26+00:00</time>
      </trkpt>
      <trkpt lat="50.7842" lon="2.71165">
        <ele>71</ele>
        <time>2025-03-24T09:50:29+00:00</time>
      </trkpt>
      <trkpt lat="50.78427" lon="2.71215">
        <ele>72</ele>
        <time>2025-03-24T09:50:32+00:00</time>
      </trkpt>
      <trkpt lat="50.78434" lon="2.71266">
        <ele>73</ele>
        <time>2025-03-24T09:50:35+00:00</time>
      </trkpt>
      <trkpt lat="50.78442" lon="2.71316">
        <ele>76</ele>
        <time>2025-03-24T09:50:38+00:00</time>
      </trkpt>
      <trkpt lat="50.78451" lon="2.71382">
        <ele>78</ele>
        <time>2025-03-24T09:50:41+00:00</time>
      </trkpt>
      <trkpt lat="50.78463" lon="2.71418">
        <ele>78</ele>
        <time>2025-03-24T09:50:44+00:00</time>
      </trkpt>
      <trkpt lat="50.7848" lon="2.71472">
        <ele>78</ele>
        <time>2025-03-24T09:50:47+00:00</time>
      </trkpt>
      <trkpt lat="50.78463" lon="2.71512">
        <ele>76</ele>
        <time>2025-03-24T09:50:50+00:00</time>
      </trkpt>
      <trkpt lat="50.78446" lon="2.71553">
        <ele>75</ele>
        <time>2025-03-24T09:50:53+00:00</time>
      </trkpt>
      <trkpt lat="50.7842" lon="2.71615">
        <ele>74</ele>
        <time>2025-03-24T09:50:56+00:00</time>
      </trkpt>
      <trkpt lat="50.78433" lon="2.71663">
        <ele>74</ele>
        <time>2025-03-24T09:50:59+00:00</time>
      </trkpt>
      <trkpt lat="50.78445" lon="2.71711">
        <ele>76</ele>
        <time>2025-03-24T09:51:02+00:00</time>
      </trkpt>
      <trkpt lat="50.78456" lon="2.71751">
        <ele>77</ele>
        <time>2025-03-24T09:51:05+00:00</time>
      </trkpt>
      <trkpt lat="50.78476" lon="2.71824">
        <ele>80</ele>
        <time>2025-03-24T09:51:08+00:00</time>
      </trkpt>
      <trkpt lat="50.78462" lon="2.71857">
        <ele>80</ele>
        <time>2025-03-24T09:51:11+00:00</time>
      </trkpt>
      <trkpt lat="50.78442" lon="2.71906">
        <ele>82</ele>
        <time>2025-03-24T09:51:14+00:00</time>
      </trkpt>
      <trkpt lat="50.7843" lon="2.71937">
        <ele>84</ele>
        <time>2025-03-24T09:51:17+00:00</time>
      </trkpt>
      <trkpt lat="50.78416" lon="2.71972">
        <ele>85</ele>
        <time>2025-03-24T09:51:20+00:00</time>
      </trkpt>
      <trkpt lat="50.78435" lon="2.71999">
        <ele>85</ele>
        <time>2025-03-24T09:51:23+00:00</time>
      </trkpt>
      <trkpt lat="50.78465" lon="2.72041">
        <ele>85</ele>
        <time>2025-03-24T09:51:26+00:00</time>
      </trkpt>
      <trkpt lat="50.78483" lon="2.72066">
        <ele>85</ele>
        <time>2025-03-24T09:51:29+00:00</time>
      </trkpt>
      <trkpt lat="50.78505" lon="2.72099">
        <ele>84</ele>
        <time>2025-03-24T09:51:32+00:00</time>
      </trkpt>
      <trkpt lat="50.78523" lon="2.72124">
        <ele>84</ele>
        <time>2025-03-24T09:51:35+00:00</time>
      </trkpt>
      <trkpt lat="50.78515" lon="2.72167">
        <ele>84</ele>
        <time>2025-03-24T09:51:38+00:00</time>
      </trkpt>
      <trkpt lat="50.7854" lon="2.72209">
        <ele>84</ele>
        <time>2025-03-24T09:51:41+00:00</time>
      </trkpt>
      <trkpt lat="50.78566" lon="2.72251">
        <ele>83</ele>
        <time>2025-03-24T09:51:44+00:00</time>
      </trkpt>
      <trkpt lat="50.78587" lon="2.72286">
        <ele>83</ele>
        <time>2025-03-24T09:51:47+00:00</time>
      </trkpt>
      <trkpt lat="50.78608" lon="2.72321">
        <ele>83</ele>
        <time>2025-03-24T09:51:50+00:00</time>
      </trkpt>
      <trkpt lat="50.78641" lon="2.72377">
        <ele>81</ele>
        <time>2025-03-24T09:51:53+00:00</time>
      </trkpt>
      <trkpt lat="50.78667" lon="2.72419">
        <ele>80</ele>
        <time>2025-03-24T09:51:56+00:00</time>
      </trkpt>
      <trkpt lat="50.78686" lon="2.72452">
        <ele>79</ele>
        <time>2025-03-24T09:51:59+00:00</time>
      </trkpt>
      <trkpt lat="50.78702" lon="2.7248">
        <ele>78</ele>
        <time>2025-03-24T09:52:02+00:00</time>
      </trkpt>
      <trkpt lat="50.78724" lon="2.72516">
        <ele>77</ele>
        <time>2025-03-24T09:52:05+00:00</time>
      </trkpt>
      <trkpt lat="50.78749" lon="2.7256">
        <ele>76</ele>
        <time>2025-03-24T09:52:08+00:00</time>
      </trkpt>
      <trkpt lat="50.78766" lon="2.72589">
        <ele>75</ele>
        <time>2025-03-24T09:52:11+00:00</time>
      </trkpt>
      <trkpt lat="50.78791" lon="2.72632">
        <ele>73</ele>
        <time>2025-03-24T09:52:14+00:00</time>
      </trkpt>
      <trkpt lat="50.78807" lon="2.72659">
        <ele>72</ele>
        <time>2025-03-24T09:52:17+00:00</time>
      </trkpt>
      <trkpt lat="50.78827" lon="2.72692">
        <ele>72</ele>
        <time>2025-03-24T09:52:20+00:00</time>
      </trkpt>
      <trkpt lat="50.78852" lon="2.72737">
        <ele>70</ele>
        <time>2025-03-24T09:52:23+00:00</time>
      </trkpt>
      <trkpt lat="50.78871" lon="2.72768">
        <ele>68</ele>
        <time>2025-03-24T09:52:26+00:00</time>
      </trkpt>
      <trkpt lat="50.78889" lon="2.72799">
        <ele>68</ele>
        <time>2025-03-24T09:52:29+00:00</time>
      </trkpt>
      <trkpt lat="50.78919" lon="2.7285">
        <ele>65</ele>
        <time>2025-03-24T09:52:32+00:00</time>
      </trkpt>
      <trkpt lat="50.78934" lon="2.72877">
        <ele>63</ele>
        <time>2025-03-24T09:52:35+00:00</time>
      </trkpt>
      <trkpt lat="50.78943" lon="2.72909">
        <ele>63</ele>
        <time>2025-03-24T09:52:38+00:00</time>
      </trkpt>
      <trkpt lat="50.78953" lon="2.72942">
        <ele>62</ele>
        <time>2025-03-24T09:52:41+00:00</time>
      </trkpt>
      <trkpt lat="50.78974" lon="2.72929">
        <ele>62</ele>
        <time>2025-03-24T09:52:44+00:00</time>
      </trkpt>
      <trkpt lat="50.78996" lon="2.72914">
        <ele>60</ele>
        <time>2025-03-24T09:52:47+00:00</time>
      </trkpt>
      <trkpt lat="50.79026" lon="2.72928">
        <ele>59</ele>
        <time>2025-03-24T09:52:50+00:00</time>
      </trkpt>
      <trkpt lat="50.79057" lon="2.72942">
        <ele>58</ele>
        <time>2025-03-24T09:52:53+00:00</time>
      </trkpt>
      <trkpt lat="50.79116" lon="2.72969">
        <ele>58</ele>
        <time>2025-03-24T09:52:56+00:00</time>
      </trkpt>
      <trkpt lat="50.79142" lon="2.72975">
        <ele>55</ele>
        <time>2025-03-24T09:52:59+00:00</time>
      </trkpt>
      <trkpt lat="50.79181" lon="2.72984">
        <ele>54</ele>
        <time>2025-03-24T09:53:02+00:00</time>
      </trkpt>
      <trkpt lat="50.79205" lon="2.72974">
        <ele>54</ele>
        <time>2025-03-24T09:53:05+00:00</time>
      </trkpt>
      <trkpt lat="50.79241" lon="2.7296">
        <ele>55</ele>
        <time>2025-03-24T09:53:08+00:00</time>
      </trkpt>
      <trkpt lat="50.79263" lon="2.7295">
        <ele>55</ele>
        <time>2025-03-24T09:53:11+00:00</time>
      </trkpt>
      <trkpt lat="50.79291" lon="2.72939">
        <ele>57</ele>
        <time>2025-03-24T09:53:14+00:00</time>
      </trkpt>
      <trkpt lat="50.79318" lon="2.72967">
        <ele>57</ele>
        <time>2025-03-24T09:53:17+00:00</time>
      </trkpt>
      <trkpt lat="50.7935" lon="2.7298">
        <ele>58</ele>
        <time>2025-03-24T09:53:20+00:00</time>
      </trkpt>
      <trkpt lat="50.79382" lon="2.72993">
        <ele>60</ele>
        <time>2025-03-24T09:53:23+00:00</time>
      </trkpt>
      <trkpt lat="50.79414" lon="2.73006">
        <ele>62</ele>
        <time>2025-03-24T09:53:26+00:00</time>
      </trkpt>
      <trkpt lat="50.7946" lon="2.73025">
        <ele>64</ele>
        <time>2025-03-24T09:53:29+00:00</time>
      </trkpt>
      <trkpt lat="50.79483" lon="2.73075">
        <ele>68</ele>
        <time>2025-03-24T09:53:32+00:00</time>
      </trkpt>
      <trkpt lat="50.79493" lon="2.73105">
        <ele>69</ele>
        <time>2025-03-24T09:53:35+00:00</time>
      </trkpt>
      <trkpt lat="50.79502" lon="2.73137">
        <ele>69</ele>
        <time>2025-03-24T09:53:38+00:00</time>
      </trkpt>
      <trkpt lat="50.79526" lon="2.73171">
        <ele>69</ele>
        <time>2025-03-24T09:53:41+00:00</time>
      </trkpt>
      <trkpt lat="50.79544" lon="2.73199">
        <ele>69</ele>
        <time>2025-03-24T09:53:44+00:00</time>
      </trkpt>
      <trkpt lat="50.79572" lon="2.73241">
        <ele>69</ele>
        <time>2025-03-24T09:53:47+00:00</time>
      </trkpt>
      <trkpt lat="50.79596" lon="2.73276">
        <ele>69</ele>
        <time>2025-03-24T09:53:50+00:00</time>
      </trkpt>
      <trkpt lat="50.79612" lon="2.7331">
        <ele>69</ele>
        <time>2025-03-24T09:53:53+00:00</time>
      </trkpt>
      <trkpt lat="50.79639" lon="2.73366">
        <ele>66</ele>
        <time>2025-03-24T09:53:56+00:00</time>
      </trkpt>
      <trkpt lat="50.79617" lon="2.73386">
        <ele>66</ele>
        <time>2025-03-24T09:53:59+00:00</time>
      </trkpt>
      <trkpt lat="50.79594" lon="2.73406">
        <ele>65</ele>
        <time>2025-03-24T09:54:02+00:00</time>
      </trkpt>
      <trkpt lat="50.79554" lon="2.73441">
        <ele>63</ele>
        <time>2025-03-24T09:54:05+00:00</time>
      </trkpt>
      <trkpt lat="50.7952" lon="2.73472">
        <ele>61</ele>
        <time>2025-03-24T09:54:08+00:00</time>
      </trkpt>
      <trkpt lat="50.79497" lon="2.73505">
        <ele>59</ele>
        <time>2025-03-24T09:54:11+00:00</time>
      </trkpt>
      <trkpt lat="50.79474" lon="2.73538">
        <ele>58</ele>
        <time>2025-03-24T09:54:14+00:00</time>
      </trkpt>
      <trkpt lat="50.79433" lon="2.73596">
        <ele>55</ele>
        <time>2025-03-24T09:54:17+00:00</time>
      </trkpt>
      <trkpt lat="50.79412" lon="2.73617">
        <ele>54</ele>
        <time>2025-03-24T09:54:20+00:00</time>
      </trkpt>
      <trkpt lat="50.79383" lon="2.73646">
        <ele>51</ele>
        <time>2025-03-24T09:54:23+00:00</time>
      </trkpt>
      <trkpt lat="50.79352" lon="2.73678">
        <ele>50</ele>
        <time>2025-03-24T09:54:26+00:00</time>
      </trkpt>
      <trkpt lat="50.79331" lon="2.73691">
        <ele>50</ele>
        <time>2025-03-24T09:54:29+00:00</time>
      </trkpt>
      <trkpt lat="50.79307" lon="2.73705">
        <ele>50</ele>
        <time>2025-03-24T09:54:32+00:00</time>
      </trkpt>
      <trkpt lat="50.79305" lon="2.73752">
        <ele>50</ele>
        <time>2025-03-24T09:54:35+00:00</time>
      </trkpt>
      <trkpt lat="50.79303" lon="2.73799">
        <ele>50</ele>
        <time>2025-03-24T09:54:38+00:00</time>
      </trkpt>
      <trkpt lat="50.793" lon="2.73862">
        <ele>50</ele>
        <time>2025-03-24T09:54:41+00:00</time>
      </trkpt>
      <trkpt lat="50.79292" lon="2.73906">
        <ele>50</ele>
        <time>2025-03-24T09:54:44+00:00</time>
      </trkpt>
      <trkpt lat="50.79284" lon="2.7395">
        <ele>51</ele>
        <time>2025-03-24T09:54:47+00:00</time>
      </trkpt>
      <trkpt lat="50.79275" lon="2.74002">
        <ele>53</ele>
        <time>2025-03-24T09:54:50+00:00</time>
      </trkpt>
      <trkpt lat="50.79251" lon="2.74004">
        <ele>54</ele>
        <time>2025-03-24T09:54:53+00:00</time>
      </trkpt>
      <trkpt lat="50.79227" lon="2.7404">
        <ele>56</ele>
        <time>2025-03-24T09:54:56+00:00</time>
      </trkpt>
      <trkpt lat="50.79197" lon="2.7407">
        <ele>59</ele>
        <time>2025-03-24T09:54:59+00:00</time>
      </trkpt>
      <trkpt lat="50.79174" lon="2.74101">
        <ele>60</ele>
        <time>2025-03-24T09:55:02+00:00</time>
      </trkpt>
      <trkpt lat="50.7915" lon="2.74132">
        <ele>62</ele>
        <time>2025-03-24T09:55:05+00:00</time>
      </trkpt>
      <trkpt lat="50.79133" lon="2.74155">
        <ele>63</ele>
        <time>2025-03-24T09:55:08+00:00</time>
      </trkpt>
      <trkpt lat="50.79114" lon="2.7418">
        <ele>64</ele>
        <time>2025-03-24T09:55:11+00:00</time>
      </trkpt>
      <trkpt lat="50.79097" lon="2.74204">
        <ele>65</ele>
        <time>2025-03-24T09:55:14+00:00</time>
      </trkpt>
      <trkpt lat="50.79077" lon="2.74233">
        <ele>67</ele>
        <time>2025-03-24T09:55:17+00:00</time>
      </trkpt>
      <trkpt lat="50.79054" lon="2.74263">
        <ele>69</ele>
        <time>2025-03-24T09:55:20+00:00</time>
      </trkpt>
      <trkpt lat="50.79035" lon="2.74289">
        <ele>71</ele>
        <time>2025-03-24T09:55:23+00:00</time>
      </trkpt>
      <trkpt lat="50.79006" lon="2.74328">
        <ele>74</ele>
        <time>2025-03-24T09:55:26+00:00</time>
      </trkpt>
      <trkpt lat="50.78985" lon="2.74343">
        <ele>75</ele>
        <time>2025-03-24T09:55:29+00:00</time>
      </trkpt>
      <trkpt lat="50.78961" lon="2.7436">
        <ele>76</ele>
        <time>2025-03-24T09:55:32+00:00</time>
      </trkpt>
      <trkpt lat="50.78933" lon="2.74371">
        <ele>78</ele>
        <time>2025-03-24T09:55:35+00:00</time>
      </trkpt>
      <trkpt lat="50.78905" lon="2.74383">
        <ele>80</ele>
        <time>2025-03-24T09:55:38+00:00</time>
      </trkpt>
      <trkpt lat="50.78872" lon="2.74396">
        <ele>81</ele>
        <time>2025-03-24T09:55:41+00:00</time>
      </trkpt>
      <trkpt lat="50.78851" lon="2.74422">
        <ele>82</ele>
        <time>2025-03-24T09:55:44+00:00</time>
      </trkpt>
      <trkpt lat="50.78817" lon="2.74465">
        <ele>84</ele>
        <time>2025-03-24T09:55:47+00:00</time>
      </trkpt>
      <trkpt lat="50.78794" lon="2.74464">
        <ele>85</ele>
        <time>2025-03-24T09:55:50+00:00</time>
      </trkpt>
      <trkpt lat="50.78769" lon="2.74463">
        <ele>86</ele>
        <time>2025-03-24T09:55:53+00:00</time>
      </trkpt>
      <trkpt lat="50.78746" lon="2.74478">
        <ele>88</ele>
        <time>2025-03-24T09:55:56+00:00</time>
      </trkpt>
      <trkpt lat="50.78722" lon="2.74474">
        <ele>90</ele>
        <time>2025-03-24T09:55:59+00:00</time>
      </trkpt>
      <trkpt lat="50.78693" lon="2.74469">
        <ele>91</ele>
        <time>2025-03-24T09:56:02+00:00</time>
      </trkpt>
      <trkpt lat="50.78689" lon="2.74524">
        <ele>94</ele>
        <time>2025-03-24T09:56:05+00:00</time>
      </trkpt>
      <trkpt lat="50.78685" lon="2.74579">
        <ele>94</ele>
        <time>2025-03-24T09:56:08+00:00</time>
      </trkpt>
      <trkpt lat="50.78681" lon="2.74634">
        <ele>94</ele>
        <time>2025-03-24T09:56:11+00:00</time>
      </trkpt>
      <trkpt lat="50.78677" lon="2.74689">
        <ele>93</ele>
        <time>2025-03-24T09:56:14+00:00</time>
      </trkpt>
      <trkpt lat="50.78671" lon="2.74776">
        <ele>93</ele>
        <time>2025-03-24T09:56:17+00:00</time>
      </trkpt>
      <trkpt lat="50.7866" lon="2.7481">
        <ele>93</ele>
        <time>2025-03-24T09:56:20+00:00</time>
      </trkpt>
      <trkpt lat="50.78645" lon="2.74855">
        <ele>93</ele>
        <time>2025-03-24T09:56:23+00:00</time>
      </trkpt>
      <trkpt lat="50.78635" lon="2.74885">
        <ele>94</ele>
        <time>2025-03-24T09:56:26+00:00</time>
      </trkpt>
      <trkpt lat="50.78626" lon="2.74916">
        <ele>95</ele>
        <time>2025-03-24T09:56:29+00:00</time>
      </trkpt>
      <trkpt lat="50.78604" lon="2.74952">
        <ele>98</ele>
        <time>2025-03-24T09:56:32+00:00</time>
      </trkpt>
      <trkpt lat="50.78584" lon="2.74986">
        <ele>100</ele>
        <time>2025-03-24T09:56:35+00:00</time>
      </trkpt>
      <trkpt lat="50.78564" lon="2.7502">
        <ele>101</ele>
        <time>2025-03-24T09:56:38+00:00</time>
      </trkpt>
      <trkpt lat="50.78539" lon="2.75062">
        <ele>101</ele>
        <time>2025-03-24T09:56:41+00:00</time>
      </trkpt>
      <trkpt lat="50.78571" lon="2.75053">
        <ele>101</ele>
        <time>2025-03-24T09:56:44+00:00</time>
      </trkpt>
      <trkpt lat="50.78603" lon="2.75043">
        <ele>98</ele>
        <time>2025-03-24T09:56:47+00:00</time>
      </trkpt>
      <trkpt lat="50.78635" lon="2.75034">
        <ele>94</ele>
        <time>2025-03-24T09:56:50+00:00</time>
      </trkpt>
      <trkpt lat="50.78675" lon="2.75022">
        <ele>91</ele>
        <time>2025-03-24T09:56:53+00:00</time>
      </trkpt>
      <trkpt lat="50.78696" lon="2.75016">
        <ele>89</ele>
        <time>2025-03-24T09:56:56+00:00</time>
      </trkpt>
      <trkpt lat="50.78718" lon="2.7501">
        <ele>88</ele>
        <time>2025-03-24T09:56:59+00:00</time>
      </trkpt>
      <trkpt lat="50.78753" lon="2.7502">
        <ele>86</ele>
        <time>2025-03-24T09:57:02+00:00</time>
      </trkpt>
      <trkpt lat="50.78789" lon="2.7503">
        <ele>84</ele>
        <time>2025-03-24T09:57:05+00:00</time>
      </trkpt>
      <trkpt lat="50.78824" lon="2.7504">
        <ele>81</ele>
        <time>2025-03-24T09:57:08+00:00</time>
      </trkpt>
      <trkpt lat="50.7886" lon="2.7505">
        <ele>79</ele>
        <time>2025-03-24T09:57:11+00:00</time>
      </trkpt>
      <trkpt lat="50.78895" lon="2.7506">
        <ele>75</ele>
        <time>2025-03-24T09:57:14+00:00</time>
      </trkpt>
      <trkpt lat="50.78945" lon="2.75074">
        <ele>72</ele>
        <time>2025-03-24T09:57:17+00:00</time>
      </trkpt>
      <trkpt lat="50.78963" lon="2.75112">
        <ele>71</ele>
        <time>2025-03-24T09:57:20+00:00</time>
      </trkpt>
      <trkpt lat="50.78982" lon="2.75149">
        <ele>69</ele>
        <time>2025-03-24T09:57:23+00:00</time>
      </trkpt>
      <trkpt lat="50.79007" lon="2.75201">
        <ele>68</ele>
        <time>2025-03-24T09:57:26+00:00</time>
      </trkpt>
      <trkpt lat="50.79028" lon="2.75227">
        <ele>67</ele>
        <time>2025-03-24T09:57:29+00:00</time>
      </trkpt>
      <trkpt lat="50.7906" lon="2.7527">
        <ele>65</ele>
        <time>2025-03-24T09:57:32+00:00</time>
      </trkpt>
      <trkpt lat="50.79082" lon="2.75305">
        <ele>63</ele>
        <time>2025-03-24T09:57:35+00:00</time>
      </trkpt>
      <trkpt lat="50.79101" lon="2.75337">
        <ele>62</ele>
        <time>2025-03-24T09:57:38+00:00</time>
      </trkpt>
      <trkpt lat="50.7914" lon="2.75401">
        <ele>62</ele>
        <time>2025-03-24T09:57:41+00:00</time>
      </trkpt>
      <trkpt lat="50.79116" lon="2.75448">
        <ele>65</ele>
        <time>2025-03-24T09:57:44+00:00</time>
      </trkpt>
      <trkpt lat="50.79089" lon="2.75461">
        <ele>67</ele>
        <time>2025-03-24T09:57:47+00:00</time>
      </trkpt>
      <trkpt lat="50.79036" lon="2.75486">
        <ele>69</ele>
        <time>2025-03-24T09:57:50+00:00</time>
      </trkpt>
      <trkpt lat="50.7902" lon="2.75451">
        <ele>69</ele>
        <time>2025-03-24T09:57:53+00:00</time>
      </trkpt>
      <trkpt lat="50.79006" lon="2.75422">
        <ele>69</ele>
        <time>2025-03-24T09:57:56+00:00</time>
      </trkpt>
      <trkpt lat="50.78991" lon="2.7539">
        <ele>69</ele>
        <time>2025-03-24T09:57:59+00:00</time>
      </trkpt>
      <trkpt lat="50.78961" lon="2.75421">
        <ele>72</ele>
        <time>2025-03-24T09:58:02+00:00</time>
      </trkpt>
      <trkpt lat="50.78932" lon="2.75451">
        <ele>74</ele>
        <time>2025-03-24T09:58:05+00:00</time>
      </trkpt>
      <trkpt lat="50.78902" lon="2.75482">
        <ele>77</ele>
        <time>2025-03-24T09:58:08+00:00</time>
      </trkpt>
      <trkpt lat="50.78872" lon="2.75513">
        <ele>79</ele>
        <time>2025-03-24T09:58:11+00:00</time>
      </trkpt>
      <trkpt lat="50.78813" lon="2.75574">
        <ele>83</ele>
        <time>2025-03-24T09:58:14+00:00</time>
      </trkpt>
      <trkpt lat="50.78796" lon="2.75542">
        <ele>86</ele>
        <time>2025-03-24T09:58:17+00:00</time>
      </trkpt>
      <trkpt lat="50.78779" lon="2.75564">
        <ele>86</ele>
        <time>2025-03-24T09:58:20+00:00</time>
      </trkpt>
      <trkpt lat="50.78763" lon="2.75538">
        <ele>88</ele>
        <time>2025-03-24T09:58:23+00:00</time>
      </trkpt>
      <trkpt lat="50.78732" lon="2.75534">
        <ele>89</ele>
        <time>2025-03-24T09:58:26+00:00</time>
      </trkpt>
      <trkpt lat="50.78717" lon="2.75531">
        <ele>92</ele>
        <time>2025-03-24T09:58:29+00:00</time>
      </trkpt>
      <trkpt lat="50.7872" lon="2.7557">
        <ele>89</ele>
        <time>2025-03-24T09:58:32+00:00</time>
      </trkpt>
      <trkpt lat="50.78723" lon="2.75609">
        <ele>89</ele>
        <time>2025-03-24T09:58:35+00:00</time>
      </trkpt>
      <trkpt lat="50.78727" lon="2.75658">
        <ele>87</ele>
        <time>2025-03-24T09:58:38+00:00</time>
      </trkpt>
      <trkpt lat="50.78715" lon="2.75687">
        <ele>87</ele>
        <time>2025-03-24T09:58:41+00:00</time>
      </trkpt>
      <trkpt lat="50.78702" lon="2.75718">
        <ele>89</ele>
        <time>2025-03-24T09:58:44+00:00</time>
      </trkpt>
      <trkpt lat="50.78718" lon="2.75741">
        <ele>90</ele>
        <time>2025-03-24T09:58:47+00:00</time>
      </trkpt>
      <trkpt lat="50.78736" lon="2.75765">
        <ele>90</ele>
        <time>2025-03-24T09:58:50+00:00</time>
      </trkpt>
      <trkpt lat="50.78744" lon="2.75789">
        <ele>90</ele>
        <time>2025-03-24T09:58:53+00:00</time>
      </trkpt>
      <trkpt lat="50.78768" lon="2.7578">
        <ele>89</ele>
        <time>2025-03-24T09:58:56+00:00</time>
      </trkpt>
      <trkpt lat="50.788" lon="2.75768">
        <ele>87</ele>
        <time>2025-03-24T09:58:59+00:00</time>
      </trkpt>
      <trkpt lat="50.78823" lon="2.7575">
        <ele>85</ele>
        <time>2025-03-24T09:59:02+00:00</time>
      </trkpt>
      <trkpt lat="50.78847" lon="2.75746">
        <ele>84</ele>
        <time>2025-03-24T09:59:05+00:00</time>
      </trkpt>
      <trkpt lat="50.7888" lon="2.7574">
        <ele>83</ele>
        <time>2025-03-24T09:59:08+00:00</time>
      </trkpt>
      <trkpt lat="50.78905" lon="2.75719">
        <ele>83</ele>
        <time>2025-03-24T09:59:11+00:00</time>
      </trkpt>
      <trkpt lat="50.78926" lon="2.75701">
        <ele>83</ele>
        <time>2025-03-24T09:59:14+00:00</time>
      </trkpt>
      <trkpt lat="50.78953" lon="2.75677">
        <ele>82</ele>
        <time>2025-03-24T09:59:17+00:00</time>
      </trkpt>
      <trkpt lat="50.7899" lon="2.75647">
        <ele>81</ele>
        <time>2025-03-24T09:59:20+00:00</time>
      </trkpt>
      <trkpt lat="50.7902" lon="2.75634">
        <ele>80</ele>
        <time>2025-03-24T09:59:23+00:00</time>
      </trkpt>
      <trkpt lat="50.79047" lon="2.75628">
        <ele>79</ele>
        <time>2025-03-24T09:59:26+00:00</time>
      </trkpt>
      <trkpt lat="50.79059" lon="2.75564">
        <ele>77</ele>
        <time>2025-03-24T09:59:29+00:00</time>
      </trkpt>
      <trkpt lat="50.79077" lon="2.75588">
        <ele>77</ele>
        <time>2025-03-24T09:59:32+00:00</time>
      </trkpt>
      <trkpt lat="50.791" lon="2.75617">
        <ele>77</ele>
        <time>2025-03-24T09:59:35+00:00</time>
      </trkpt>
      <trkpt lat="50.79133" lon="2.75615">
        <ele>78</ele>
        <time>2025-03-24T09:59:38+00:00</time>
      </trkpt>
      <trkpt lat="50.79109" lon="2.75649">
        <ele>79</ele>
        <time>2025-03-24T09:59:41+00:00</time>
      </trkpt>
      <trkpt lat="50.79084" lon="2.75682">
        <ele>84</ele>
        <time>2025-03-24T09:59:44+00:00</time>
      </trkpt>
      <trkpt lat="50.79064" lon="2.7571">
        <ele>85</ele>
        <time>2025-03-24T09:59:47+00:00</time>
      </trkpt>
      <trkpt lat="50.79047" lon="2.75732">
        <ele>86</ele>
        <time>2025-03-24T09:59:50+00:00</time>
      </trkpt>
      <trkpt lat="50.79029" lon="2.75757">
        <ele>87</ele>
        <time>2025-03-24T09:59:53+00:00</time>
      </trkpt>
      <trkpt lat="50.79054" lon="2.75793">
        <ele>87</ele>
        <time>2025-03-24T09:59:56+00:00</time>
      </trkpt>
      <trkpt lat="50.79079" lon="2.7583">
        <ele>87</ele>
        <time>2025-03-24T09:59:59+00:00</time>
      </trkpt>
      <trkpt lat="50.79104" lon="2.75866">
        <ele>85</ele>
        <time>2025-03-24T10:00:02+00:00</time>
      </trkpt>
      <trkpt lat="50.79151" lon="2.75935">
        <ele>83</ele>
        <time>2025-03-24T10:00:05+00:00</time>
      </trkpt>
      <trkpt lat="50.79134" lon="2.75957">
        <ele>82</ele>
        <time>2025-03-24T10:00:08+00:00</time>
      </trkpt>
      <trkpt lat="50.79117" lon="2.7598">
        <ele>82</ele>
        <time>2025-03-24T10:00:11+00:00</time>
      </trkpt>
      <trkpt lat="50.79096" lon="2.75949">
        <ele>84</ele>
        <time>2025-03-24T10:00:14+00:00</time>
      </trkpt>
      <trkpt lat="50.79074" lon="2.75919">
        <ele>86</ele>
        <time>2025-03-24T10:00:17+00:00</time>
      </trkpt>
      <trkpt lat="50.79049" lon="2.75883">
        <ele>88</ele>
        <time>2025-03-24T10:00:20+00:00</time>
      </trkpt>
      <trkpt lat="50.79033" lon="2.75914">
        <ele>88</ele>
        <time>2025-03-24T10:00:23+00:00</time>
      </trkpt>
      <trkpt lat="50.7901" lon="2.75958">
        <ele>89</ele>
        <time>2025-03-24T10:00:26+00:00</time>
      </trkpt>
      <trkpt lat="50.78996" lon="2.75984">
        <ele>89</ele>
        <time>2025-03-24T10:00:29+00:00</time>
      </trkpt>
      <trkpt lat="50.78981" lon="2.7601">
        <ele>89</ele>
        <time>2025-03-24T10:00:32+00:00</time>
      </trkpt>
      <trkpt lat="50.78959" lon="2.76053">
        <ele>92</ele>
        <time>2025-03-24T10:00:35+00:00</time>
      </trkpt>
      <trkpt lat="50.78943" lon="2.76082">
        <ele>93</ele>
        <time>2025-03-24T10:00:38+00:00</time>
      </trkpt>
      <trkpt lat="50.78922" lon="2.76122">
        <ele>94</ele>
        <time>2025-03-24T10:00:41+00:00</time>
      </trkpt>
      <trkpt lat="50.78908" lon="2.76087">
        <ele>95</ele>
        <time>2025-03-24T10:00:44+00:00</time>
      </trkpt>
      <trkpt lat="50.78919" lon="2.76049">
        <ele>94</ele>
        <time>2025-03-24T10:00:47+00:00</time>
      </trkpt>
      <trkpt lat="50.78927" lon="2.76027">
        <ele>94</ele>
        <time>2025-03-24T10:00:50+00:00</time>
      </trkpt>
      <trkpt lat="50.78949" lon="2.76016">
        <ele>93</ele>
        <time>2025-03-24T10:00:53+00:00</time>
      </trkpt>
      <trkpt lat="50.78963" lon="2.75986">
        <ele>91</ele>
        <time>2025-03-24T10:00:56+00:00</time>
      </trkpt>
      <trkpt lat="50.7898" lon="2.75961">
        <ele>91</ele>
        <time>2025-03-24T10:00:59+00:00</time>
      </trkpt>
      <trkpt lat="50.78961" lon="2.75928">
        <ele>91</ele>
        <time>2025-03-24T10:01:02+00:00</time>
      </trkpt>
      <trkpt lat="50.78943" lon="2.75909">
        <ele>92</ele>
        <time>2025-03-24T10:01:05+00:00</time>
      </trkpt>
      <trkpt lat="50.78923" lon="2.75888">
        <ele>92</ele>
        <time>2025-03-24T10:01:08+00:00</time>
      </trkpt>
      <trkpt lat="50.78939" lon="2.75877">
        <ele>92</ele>
        <time>2025-03-24T10:01:11+00:00</time>
      </trkpt>
      <trkpt lat="50.78925" lon="2.75853">
        <ele>92</ele>
        <time>2025-03-24T10:01:14+00:00</time>
      </trkpt>
      <trkpt lat="50.78906" lon="2.75877">
        <ele>93</ele>
        <time>2025-03-24T10:01:17+00:00</time>
      </trkpt>
      <trkpt lat="50.78884" lon="2.75907">
        <ele>95</ele>
        <time>2025-03-24T10:01:20+00:00</time>
      </trkpt>
      <trkpt lat="50.78849" lon="2.7592">
        <ele>98</ele>
        <time>2025-03-24T10:01:23+00:00</time>
      </trkpt>
      <trkpt lat="50.78832" lon="2.75943">
        <ele>100</ele>
        <time>2025-03-24T10:01:26+00:00</time>
      </trkpt>
      <trkpt lat="50.78813" lon="2.75967">
        <ele>103</ele>
        <time>2025-03-24T10:01:29+00:00</time>
      </trkpt>
      <trkpt lat="50.78792" lon="2.75944">
        <ele>103</ele>
        <time>2025-03-24T10:01:32+00:00</time>
      </trkpt>
      <trkpt lat="50.7876" lon="2.75911">
        <ele>103</ele>
        <time>2025-03-24T10:01:35+00:00</time>
      </trkpt>
      <trkpt lat="50.78736" lon="2.75911">
        <ele>103</ele>
        <time>2025-03-24T10:01:38+00:00</time>
      </trkpt>
      <trkpt lat="50.78695" lon="2.75894">
        <ele>103</ele>
        <time>2025-03-24T10:01:41+00:00</time>
      </trkpt>
      <trkpt lat="50.78694" lon="2.75931">
        <ele>108</ele>
        <time>2025-03-24T10:01:44+00:00</time>
      </trkpt>
      <trkpt lat="50.78693" lon="2.75976">
        <ele>109</ele>
        <time>2025-03-24T10:01:47+00:00</time>
      </trkpt>
      <trkpt lat="50.78672" lon="2.75949">
        <ele>109</ele>
        <time>2025-03-24T10:01:50+00:00</time>
      </trkpt>
      <trkpt lat="50.7864" lon="2.75905">
        <ele>109</ele>
        <time>2025-03-24T10:01:53+00:00</time>
      </trkpt>
      <trkpt lat="50.78621" lon="2.75878">
        <ele>108</ele>
        <time>2025-03-24T10:01:56+00:00</time>
      </trkpt>
      <trkpt lat="50.78594" lon="2.75838">
        <ele>108</ele>
        <time>2025-03-24T10:01:59+00:00</time>
      </trkpt>
      <trkpt lat="50.78575" lon="2.75791">
        <ele>106</ele>
        <time>2025-03-24T10:02:02+00:00</time>
      </trkpt>
      <trkpt lat="50.78583" lon="2.75748">
        <ele>104</ele>
        <time>2025-03-24T10:02:05+00:00</time>
      </trkpt>
      <trkpt lat="50.78579" lon="2.7571">
        <ele>104</ele>
        <time>2025-03-24T10:02:08+00:00</time>
      </trkpt>
      <trkpt lat="50.78553" lon="2.75715">
        <ele>109</ele>
        <time>2025-03-24T10:02:11+00:00</time>
      </trkpt>
      <trkpt lat="50.78512" lon="2.75725">
        <ele>115</ele>
        <time>2025-03-24T10:02:14+00:00</time>
      </trkpt>
      <trkpt lat="50.7851" lon="2.75761">
        <ele>118</ele>
        <time>2025-03-24T10:02:17+00:00</time>
      </trkpt>
      <trkpt lat="50.78508" lon="2.75802">
        <ele>119</ele>
        <time>2025-03-24T10:02:20+00:00</time>
      </trkpt>
      <trkpt lat="50.78521" lon="2.75836">
        <ele>120</ele>
        <time>2025-03-24T10:02:23+00:00</time>
      </trkpt>
      <trkpt lat="50.78539" lon="2.75886">
        <ele>120</ele>
        <time>2025-03-24T10:02:26+00:00</time>
      </trkpt>
      <trkpt lat="50.78565" lon="2.75924">
        <ele>120</ele>
        <time>2025-03-24T10:02:29+00:00</time>
      </trkpt>
      <trkpt lat="50.78539" lon="2.75907">
        <ele>123</ele>
        <time>2025-03-24T10:02:32+00:00</time>
      </trkpt>
      <trkpt lat="50.78488" lon="2.75873">
        <ele>127</ele>
        <time>2025-03-24T10:02:35+00:00</time>
      </trkpt>
      <trkpt lat="50.78503" lon="2.75903">
        <ele>127</ele>
        <time>2025-03-24T10:02:38+00:00</time>
      </trkpt>
      <trkpt lat="50.7852" lon="2.75934">
        <ele>128</ele>
        <time>2025-03-24T10:02:41+00:00</time>
      </trkpt>
      <trkpt lat="50.78545" lon="2.75982">
        <ele>128</ele>
        <time>2025-03-24T10:02:44+00:00</time>
      </trkpt>
      <trkpt lat="50.78564" lon="2.76022">
        <ele>127</ele>
        <time>2025-03-24T10:02:47+00:00</time>
      </trkpt>
      <trkpt lat="50.78578" lon="2.76054">
        <ele>127</ele>
        <time>2025-03-24T10:02:50+00:00</time>
      </trkpt>
      <trkpt lat="50.78598" lon="2.76097">
        <ele>127</ele>
        <time>2025-03-24T10:02:53+00:00</time>
      </trkpt>
      <trkpt lat="50.78619" lon="2.76141">
        <ele>126</ele>
        <time>2025-03-24T10:02:56+00:00</time>
      </trkpt>
      <trkpt lat="50.78642" lon="2.76128">
        <ele>126</ele>
        <time>2025-03-24T10:02:59+00:00</time>
      </trkpt>
      <trkpt lat="50.78676" lon="2.76109">
        <ele>124</ele>
        <time>2025-03-24T10:03:02+00:00</time>
      </trkpt>
      <trkpt lat="50.78717" lon="2.76096">
        <ele>120</ele>
        <time>2025-03-24T10:03:05+00:00</time>
      </trkpt>
      <trkpt lat="50.7872" lon="2.76066">
        <ele>119</ele>
        <time>2025-03-24T10:03:08+00:00</time>
      </trkpt>
      <trkpt lat="50.78703" lon="2.76038">
        <ele>118</ele>
        <time>2025-03-24T10:03:11+00:00</time>
      </trkpt>
      <trkpt lat="50.78724" lon="2.76025">
        <ele>116</ele>
        <time>2025-03-24T10:03:14+00:00</time>
      </trkpt>
      <trkpt lat="50.78745" lon="2.76049">
        <ele>115</ele>
        <time>2025-03-24T10:03:17+00:00</time>
      </trkpt>
      <trkpt lat="50.78777" lon="2.76085">
        <ele>114</ele>
        <time>2025-03-24T10:03:20+00:00</time>
      </trkpt>
      <trkpt lat="50.78786" lon="2.76104">
        <ele>113</ele>
        <time>2025-03-24T10:03:23+00:00</time>
      </trkpt>
      <trkpt lat="50.78801" lon="2.76088">
        <ele>109</ele>
        <time>2025-03-24T10:03:26+00:00</time>
      </trkpt>
      <trkpt lat="50.78821" lon="2.76066">
        <ele>107</ele>
        <time>2025-03-24T10:03:29+00:00</time>
      </trkpt>
      <trkpt lat="50.78839" lon="2.76066">
        <ele>106</ele>
        <time>2025-03-24T10:03:32+00:00</time>
      </trkpt>
      <trkpt lat="50.7887" lon="2.761">
        <ele>105</ele>
        <time>2025-03-24T10:03:35+00:00</time>
      </trkpt>
      <trkpt lat="50.78857" lon="2.76156">
        <ele>105</ele>
        <time>2025-03-24T10:03:38+00:00</time>
      </trkpt>
      <trkpt lat="50.78836" lon="2.76182">
        <ele>106</ele>
        <time>2025-03-24T10:03:41+00:00</time>
      </trkpt>
      <trkpt lat="50.78821" lon="2.76203">
        <ele>108</ele>
        <time>2025-03-24T10:03:44+00:00</time>
      </trkpt>
      <trkpt lat="50.78801" lon="2.76175">
        <ele>111</ele>
        <time>2025-03-24T10:03:47+00:00</time>
      </trkpt>
      <trkpt lat="50.78795" lon="2.7621">
        <ele>114</ele>
        <time>2025-03-24T10:03:50+00:00</time>
      </trkpt>
      <trkpt lat="50.78788" lon="2.7625">
        <ele>117</ele>
        <time>2025-03-24T10:03:53+00:00</time>
      </trkpt>
      <trkpt lat="50.78775" lon="2.76287">
        <ele>120</ele>
        <time>2025-03-24T10:03:56+00:00</time>
      </trkpt>
      <trkpt lat="50.7875" lon="2.76315">
        <ele>124</ele>
        <time>2025-03-24T10:03:59+00:00</time>
      </trkpt>
      <trkpt lat="50.78731" lon="2.76293">
        <ele>126</ele>
        <time>2025-03-24T10:04:02+00:00</time>
      </trkpt>
      <trkpt lat="50.7872" lon="2.76265">
        <ele>125</ele>
        <time>2025-03-24T10:04:05+00:00</time>
      </trkpt>
      <trkpt lat="50.78723" lon="2.76224">
        <ele>125</ele>
        <time>2025-03-24T10:04:08+00:00</time>
      </trkpt>
      <trkpt lat="50.78726" lon="2.7619">
        <ele>124</ele>
        <time>2025-03-24T10:04:11+00:00</time>
      </trkpt>
      <trkpt lat="50.78729" lon="2.76154">
        <ele>124</ele>
        <time>2025-03-24T10:04:14+00:00</time>
      </trkpt>
      <trkpt lat="50.78698" lon="2.76156">
        <ele>125</ele>
        <time>2025-03-24T10:04:17+00:00</time>
      </trkpt>
      <trkpt lat="50.78698" lon="2.76195">
        <ele>127</ele>
        <time>2025-03-24T10:04:20+00:00</time>
      </trkpt>
      <trkpt lat="50.78698" lon="2.76248">
        <ele>127</ele>
        <time>2025-03-24T10:04:23+00:00</time>
      </trkpt>
      <trkpt lat="50.78708" lon="2.76278">
        <ele>128</ele>
        <time>2025-03-24T10:04:26+00:00</time>
      </trkpt>
      <trkpt lat="50.78718" lon="2.7631">
        <ele>128</ele>
        <time>2025-03-24T10:04:29+00:00</time>
      </trkpt>
      <trkpt lat="50.7874" lon="2.76347">
        <ele>127</ele>
        <time>2025-03-24T10:04:32+00:00</time>
      </trkpt>
      <trkpt lat="50.78766" lon="2.76375">
        <ele>121</ele>
        <time>2025-03-24T10:04:35+00:00</time>
      </trkpt>
      <trkpt lat="50.78804" lon="2.76403">
        <ele>114</ele>
        <time>2025-03-24T10:04:38+00:00</time>
      </trkpt>
      <trkpt lat="50.78823" lon="2.76433">
        <ele>110</ele>
        <time>2025-03-24T10:04:41+00:00</time>
      </trkpt>
      <trkpt lat="50.78845" lon="2.76428">
        <ele>108</ele>
        <time>2025-03-24T10:04:44+00:00</time>
      </trkpt>
      <trkpt lat="50.78868" lon="2.76422">
        <ele>106</ele>
        <time>2025-03-24T10:04:47+00:00</time>
      </trkpt>
      <trkpt lat="50.78889" lon="2.764">
        <ele>106</ele>
        <time>2025-03-24T10:04:50+00:00</time>
      </trkpt>
      <trkpt lat="50.7892" lon="2.76369">
        <ele>105</ele>
        <time>2025-03-24T10:04:53+00:00</time>
      </trkpt>
      <trkpt lat="50.78942" lon="2.76386">
        <ele>102</ele>
        <time>2025-03-24T10:04:56+00:00</time>
      </trkpt>
      <trkpt lat="50.78961" lon="2.76368">
        <ele>101</ele>
        <time>2025-03-24T10:04:59+00:00</time>
      </trkpt>
      <trkpt lat="50.7898" lon="2.76349">
        <ele>99</ele>
        <time>2025-03-24T10:05:02+00:00</time>
      </trkpt>
      <trkpt lat="50.79001" lon="2.7638">
        <ele>98</ele>
        <time>2025-03-24T10:05:05+00:00</time>
      </trkpt>
      <trkpt lat="50.79022" lon="2.76412">
        <ele>95</ele>
        <time>2025-03-24T10:05:08+00:00</time>
      </trkpt>
      <trkpt lat="50.79044" lon="2.76446">
        <ele>93</ele>
        <time>2025-03-24T10:05:11+00:00</time>
      </trkpt>
      <trkpt lat="50.79034" lon="2.76488">
        <ele>92</ele>
        <time>2025-03-24T10:05:14+00:00</time>
      </trkpt>
      <trkpt lat="50.79023" lon="2.7653">
        <ele>91</ele>
        <time>2025-03-24T10:05:17+00:00</time>
      </trkpt>
      <trkpt lat="50.79012" lon="2.76575">
        <ele>89</ele>
        <time>2025-03-24T10:05:20+00:00</time>
      </trkpt>
      <trkpt lat="50.78991" lon="2.76601">
        <ele>88</ele>
        <time>2025-03-24T10:05:23+00:00</time>
      </trkpt>
      <trkpt lat="50.78952" lon="2.76649">
        <ele>87</ele>
        <time>2025-03-24T10:05:26+00:00</time>
      </trkpt>
      <trkpt lat="50.78923" lon="2.76661">
        <ele>87</ele>
        <time>2025-03-24T10:05:29+00:00</time>
      </trkpt>
      <trkpt lat="50.78895" lon="2.76673">
        <ele>88</ele>
        <time>2025-03-24T10:05:32+00:00</time>
      </trkpt>
      <trkpt lat="50.78856" lon="2.76689">
        <ele>90</ele>
        <time>2025-03-24T10:05:35+00:00</time>
      </trkpt>
      <trkpt lat="50.7884" lon="2.76723">
        <ele>91</ele>
        <time>2025-03-24T10:05:38+00:00</time>
      </trkpt>
      <trkpt lat="50.78811" lon="2.76784">
        <ele>93</ele>
        <time>2025-03-24T10:05:41+00:00</time>
      </trkpt>
      <trkpt lat="50.78813" lon="2.7682">
        <ele>93</ele>
        <time>2025-03-24T10:05:44+00:00</time>
      </trkpt>
      <trkpt lat="50.78815" lon="2.7686">
        <ele>94</ele>
        <time>2025-03-24T10:05:47+00:00</time>
      </trkpt>
      <trkpt lat="50.78796" lon="2.76892">
        <ele>94</ele>
        <time>2025-03-24T10:05:50+00:00</time>
      </trkpt>
      <trkpt lat="50.78759" lon="2.76955">
        <ele>94</ele>
        <time>2025-03-24T10:05:53+00:00</time>
      </trkpt>
      <trkpt lat="50.78736" lon="2.76967">
        <ele>93</ele>
        <time>2025-03-24T10:05:56+00:00</time>
      </trkpt>
      <trkpt lat="50.78707" lon="2.76982">
        <ele>92</ele>
        <time>2025-03-24T10:05:59+00:00</time>
      </trkpt>
      <trkpt lat="50.78695" lon="2.77015">
        <ele>91</ele>
        <time>2025-03-24T10:06:02+00:00</time>
      </trkpt>
      <trkpt lat="50.7868" lon="2.77058">
        <ele>89</ele>
        <time>2025-03-24T10:06:05+00:00</time>
      </trkpt>
      <trkpt lat="50.7867" lon="2.77081">
        <ele>89</ele>
        <time>2025-03-24T10:06:08+00:00</time>
      </trkpt>
      <trkpt lat="50.78697" lon="2.77109">
        <ele>89</ele>
        <time>2025-03-24T10:06:11+00:00</time>
      </trkpt>
      <trkpt lat="50.78721" lon="2.77135">
        <ele>89</ele>
        <time>2025-03-24T10:06:14+00:00</time>
      </trkpt>
      <trkpt lat="50.78744" lon="2.77162">
        <ele>88</ele>
        <time>2025-03-24T10:06:17+00:00</time>
      </trkpt>
      <trkpt lat="50.78768" lon="2.77189">
        <ele>88</ele>
        <time>2025-03-24T10:06:20+00:00</time>
      </trkpt>
      <trkpt lat="50.78781" lon="2.77229">
        <ele>88</ele>
        <time>2025-03-24T10:06:23+00:00</time>
      </trkpt>
      <trkpt lat="50.78795" lon="2.7727">
        <ele>88</ele>
        <time>2025-03-24T10:06:26+00:00</time>
      </trkpt>
      <trkpt lat="50.78809" lon="2.77313">
        <ele>89</ele>
        <time>2025-03-24T10:06:29+00:00</time>
      </trkpt>
      <trkpt lat="50.78819" lon="2.77349">
        <ele>89</ele>
        <time>2025-03-24T10:06:32+00:00</time>
      </trkpt>
      <trkpt lat="50.78835" lon="2.77399">
        <ele>90</ele>
        <time>2025-03-24T10:06:35+00:00</time>
      </trkpt>
      <trkpt lat="50.78849" lon="2.77433">
        <ele>90</ele>
        <time>2025-03-24T10:06:38+00:00</time>
      </trkpt>
      <trkpt lat="50.78872" lon="2.77489">
        <ele>90</ele>
        <time>2025-03-24T10:06:41+00:00</time>
      </trkpt>
      <trkpt lat="50.78879" lon="2.77531">
        <ele>89</ele>
        <time>2025-03-24T10:06:44+00:00</time>
      </trkpt>
      <trkpt lat="50.78893" lon="2.77613">
        <ele>89</ele>
        <time>2025-03-24T10:06:47+00:00</time>
      </trkpt>
      <trkpt lat="50.78914" lon="2.77639">
        <ele>89</ele>
        <time>2025-03-24T10:06:50+00:00</time>
      </trkpt>
      <trkpt lat="50.7895" lon="2.77684">
        <ele>89</ele>
        <time>2025-03-24T10:06:53+00:00</time>
      </trkpt>
      <trkpt lat="50.78969" lon="2.77647">
        <ele>91</ele>
        <time>2025-03-24T10:06:56+00:00</time>
      </trkpt>
      <trkpt lat="50.78987" lon="2.77611">
        <ele>93</ele>
        <time>2025-03-24T10:06:59+00:00</time>
      </trkpt>
      <trkpt lat="50.79009" lon="2.77567">
        <ele>94</ele>
        <time>2025-03-24T10:07:02+00:00</time>
      </trkpt>
      <trkpt lat="50.79037" lon="2.77594">
        <ele>94</ele>
        <time>2025-03-24T10:07:05+00:00</time>
      </trkpt>
      <trkpt lat="50.79065" lon="2.77621">
        <ele>94</ele>
        <time>2025-03-24T10:07:08+00:00</time>
      </trkpt>
      <trkpt lat="50.79094" lon="2.77648">
        <ele>94</ele>
        <time>2025-03-24T10:07:11+00:00</time>
      </trkpt>
      <trkpt lat="50.79134" lon="2.77686">
        <ele>94</ele>
        <time>2025-03-24T10:07:14+00:00</time>
      </trkpt>
      <trkpt lat="50.79146" lon="2.77729">
        <ele>94</ele>
        <time>2025-03-24T10:07:17+00:00</time>
      </trkpt>
      <trkpt lat="50.79157" lon="2.77772">
        <ele>94</ele>
        <time>2025-03-24T10:07:20+00:00</time>
      </trkpt>
      <trkpt lat="50.79172" lon="2.77828">
        <ele>94</ele>
        <time>2025-03-24T10:07:23+00:00</time>
      </trkpt>
      <trkpt lat="50.79187" lon="2.77872">
        <ele>95</ele>
        <time>2025-03-24T10:07:26+00:00</time>
      </trkpt>
      <trkpt lat="50.79202" lon="2.77916">
        <ele>95</ele>
        <time>2025-03-24T10:07:29+00:00</time>
      </trkpt>
      <trkpt lat="50.79229" lon="2.77996">
        <ele>98</ele>
        <time>2025-03-24T10:07:32+00:00</time>
      </trkpt>
      <trkpt lat="50.79249" lon="2.78013">
        <ele>99</ele>
        <time>2025-03-24T10:07:35+00:00</time>
      </trkpt>
      <trkpt lat="50.79272" lon="2.78033">
        <ele>99</ele>
        <time>2025-03-24T10:07:38+00:00</time>
      </trkpt>
      <trkpt lat="50.79295" lon="2.78011">
        <ele>99</ele>
        <time>2025-03-24T10:07:41+00:00</time>
      </trkpt>
      <trkpt lat="50.79337" lon="2.77974">
        <ele>97</ele>
        <time>2025-03-24T10:07:44+00:00</time>
      </trkpt>
      <trkpt lat="50.79358" lon="2.77977">
        <ele>97</ele>
        <time>2025-03-24T10:07:47+00:00</time>
      </trkpt>
      <trkpt lat="50.7938" lon="2.7798">
        <ele>98</ele>
        <time>2025-03-24T10:07:50+00:00</time>
      </trkpt>
      <trkpt lat="50.79356" lon="2.78005">
        <ele>99</ele>
        <time>2025-03-24T10:07:53+00:00</time>
      </trkpt>
      <trkpt lat="50.79309" lon="2.78055">
        <ele>103</ele>
        <time>2025-03-24T10:07:56+00:00</time>
      </trkpt>
      <trkpt lat="50.79326" lon="2.78082">
        <ele>106</ele>
        <time>2025-03-24T10:07:59+00:00</time>
      </trkpt>
      <trkpt lat="50.79349" lon="2.78118">
        <ele>111</ele>
        <time>2025-03-24T10:08:02+00:00</time>
      </trkpt>
      <trkpt lat="50.79341" lon="2.78149">
        <ele>114</ele>
        <time>2025-03-24T10:08:05+00:00</time>
      </trkpt>
      <trkpt lat="50.79333" lon="2.78181">
        <ele>116</ele>
        <time>2025-03-24T10:08:08+00:00</time>
      </trkpt>
      <trkpt lat="50.79351" lon="2.78215">
        <ele>112</ele>
        <time>2025-03-24T10:08:11+00:00</time>
      </trkpt>
      <trkpt lat="50.79386" lon="2.78281">
        <ele>109</ele>
        <time>2025-03-24T10:08:14+00:00</time>
      </trkpt>
      <trkpt lat="50.79363" lon="2.78277">
        <ele>109</ele>
        <time>2025-03-24T10:08:17+00:00</time>
      </trkpt>
      <trkpt lat="50.79338" lon="2.78272">
        <ele>110</ele>
        <time>2025-03-24T10:08:20+00:00</time>
      </trkpt>
      <trkpt lat="50.79324" lon="2.7823">
        <ele>108</ele>
        <time>2025-03-24T10:08:23+00:00</time>
      </trkpt>
      <trkpt lat="50.79284" lon="2.78245">
        <ele>107</ele>
        <time>2025-03-24T10:08:26+00:00</time>
      </trkpt>
      <trkpt lat="50.79246" lon="2.78255">
        <ele>102</ele>
        <time>2025-03-24T10:08:29+00:00</time>
      </trkpt>
      <trkpt lat="50.79235" lon="2.78288">
        <ele>100</ele>
        <time>2025-03-24T10:08:32+00:00</time>
      </trkpt>
      <trkpt lat="50.79221" lon="2.7833">
        <ele>96</ele>
        <time>2025-03-24T10:08:35+00:00</time>
      </trkpt>
      <trkpt lat="50.79189" lon="2.78315">
        <ele>94</ele>
        <time>2025-03-24T10:08:38+00:00</time>
      </trkpt>
      <trkpt lat="50.79158" lon="2.78301">
        <ele>93</ele>
        <time>2025-03-24T10:08:41+00:00</time>
      </trkpt>
      <trkpt lat="50.79126" lon="2.78286">
        <ele>92</ele>
        <time>2025-03-24T10:08:44+00:00</time>
      </trkpt>
      <trkpt lat="50.79084" lon="2.78267">
        <ele>90</ele>
        <time>2025-03-24T10:08:47+00:00</time>
      </trkpt>
      <trkpt lat="50.79049" lon="2.78268">
        <ele>87</ele>
        <time>2025-03-24T10:08:50+00:00</time>
      </trkpt>
      <trkpt lat="50.79015" lon="2.7827">
        <ele>85</ele>
        <time>2025-03-24T10:08:53+00:00</time>
      </trkpt>
      <trkpt lat="50.7898" lon="2.78272">
        <ele>84</ele>
        <time>2025-03-24T10:08:56+00:00</time>
      </trkpt>
      <trkpt lat="50.78946" lon="2.78274">
        <ele>82</ele>
        <time>2025-03-24T10:08:59+00:00</time>
      </trkpt>
      <trkpt lat="50.789" lon="2.78276">
        <ele>81</ele>
        <time>2025-03-24T10:09:02+00:00</time>
      </trkpt>
      <trkpt lat="50.7887" lon="2.78295">
        <ele>78</ele>
        <time>2025-03-24T10:09:05+00:00</time>
      </trkpt>
      <trkpt lat="50.78839" lon="2.78315">
        <ele>76</ele>
        <time>2025-03-24T10:09:08+00:00</time>
      </trkpt>
      <trkpt lat="50.78809" lon="2.78334">
        <ele>75</ele>
        <time>2025-03-24T10:09:11+00:00</time>
      </trkpt>
      <trkpt lat="50.78768" lon="2.78359">
        <ele>74</ele>
        <time>2025-03-24T10:09:14+00:00</time>
      </trkpt>
      <trkpt lat="50.78748" lon="2.78408">
        <ele>72</ele>
        <time>2025-03-24T10:09:17+00:00</time>
      </trkpt>
      <trkpt lat="50.78728" lon="2.78457">
        <ele>71</ele>
        <time>2025-03-24T10:09:20+00:00</time>
      </trkpt>
      <trkpt lat="50.78709" lon="2.78506">
        <ele>70</ele>
        <time>2025-03-24T10:09:23+00:00</time>
      </trkpt>
      <trkpt lat="50.78689" lon="2.78555">
        <ele>70</ele>
        <time>2025-03-24T10:09:26+00:00</time>
      </trkpt>
      <trkpt lat="50.78669" lon="2.78604">
        <ele>70</ele>
        <time>2025-03-24T10:09:29+00:00</time>
      </trkpt>
      <trkpt lat="50.78649" lon="2.78653">
        <ele>71</ele>
        <time>2025-03-24T10:09:32+00:00</time>
      </trkpt>
      <trkpt lat="50.78626" lon="2.7871">
        <ele>71</ele>
        <time>2025-03-24T10:09:35+00:00</time>
      </trkpt>
      <trkpt lat="50.78604" lon="2.78733">
        <ele>71</ele>
        <time>2025-03-24T10:09:38+00:00</time>
      </trkpt>
      <trkpt lat="50.78567" lon="2.78769">
        <ele>71</ele>
        <time>2025-03-24T10:09:41+00:00</time>
      </trkpt>
      <trkpt lat="50.78552" lon="2.78814">
        <ele>71</ele>
        <time>2025-03-24T10:09:44+00:00</time>
      </trkpt>
      <trkpt lat="50.78537" lon="2.78859">
        <ele>71</ele>
        <time>2025-03-24T10:09:47+00:00</time>
      </trkpt>
      <trkpt lat="50.78521" lon="2.78904">
        <ele>71</ele>
        <time>2025-03-24T10:09:50+00:00</time>
      </trkpt>
      <trkpt lat="50.78504" lon="2.78954">
        <ele>72</ele>
        <time>2025-03-24T10:09:53+00:00</time>
      </trkpt>
      <trkpt lat="50.78479" lon="2.78994">
        <ele>73</ele>
        <time>2025-03-24T10:09:56+00:00</time>
      </trkpt>
      <trkpt lat="50.78455" lon="2.79034">
        <ele>73</ele>
        <time>2025-03-24T10:09:59+00:00</time>
      </trkpt>
      <trkpt lat="50.7843" lon="2.79074">
        <ele>73</ele>
        <time>2025-03-24T10:10:02+00:00</time>
      </trkpt>
      <trkpt lat="50.78405" lon="2.79114">
        <ele>73</ele>
        <time>2025-03-24T10:10:05+00:00</time>
      </trkpt>
      <trkpt lat="50.78361" lon="2.79186">
        <ele>73</ele>
        <time>2025-03-24T10:10:08+00:00</time>
      </trkpt>
      <trkpt lat="50.78343" lon="2.79228">
        <ele>73</ele>
        <time>2025-03-24T10:10:11+00:00</time>
      </trkpt>
      <trkpt lat="50.78325" lon="2.7927">
        <ele>74</ele>
        <time>2025-03-24T10:10:14+00:00</time>
      </trkpt>
      <trkpt lat="50.7829" lon="2.79354">
        <ele>74</ele>
        <time>2025-03-24T10:10:17+00:00</time>
      </trkpt>
      <trkpt lat="50.78278" lon="2.7939">
        <ele>74</ele>
        <time>2025-03-24T10:10:20+00:00</time>
      </trkpt>
      <trkpt lat="50.78259" lon="2.79445">
        <ele>75</ele>
        <time>2025-03-24T10:10:23+00:00</time>
      </trkpt>
      <trkpt lat="50.78246" lon="2.79484">
        <ele>75</ele>
        <time>2025-03-24T10:10:26+00:00</time>
      </trkpt>
      <trkpt lat="50.7822" lon="2.79563">
        <ele>75</ele>
        <time>2025-03-24T10:10:29+00:00</time>
      </trkpt>
      <trkpt lat="50.78203" lon="2.79625">
        <ele>75</ele>
        <time>2025-03-24T10:10:32+00:00</time>
      </trkpt>
      <trkpt lat="50.78192" lon="2.79662">
        <ele>75</ele>
        <time>2025-03-24T10:10:35+00:00</time>
      </trkpt>
      <trkpt lat="50.78174" lon="2.79721">
        <ele>75</ele>
        <time>2025-03-24T10:10:38+00:00</time>
      </trkpt>
      <trkpt lat="50.78161" lon="2.79759">
        <ele>75</ele>
        <time>2025-03-24T10:10:41+00:00</time>
      </trkpt>
      <trkpt lat="50.78139" lon="2.79823">
        <ele>75</ele>
        <time>2025-03-24T10:10:44+00:00</time>
      </trkpt>
      <trkpt lat="50.78129" lon="2.79854">
        <ele>76</ele>
        <time>2025-03-24T10:10:47+00:00</time>
      </trkpt>
      <trkpt lat="50.78119" lon="2.79887">
        <ele>76</ele>
        <time>2025-03-24T10:10:50+00:00</time>
      </trkpt>
      <trkpt lat="50.7811" lon="2.7992">
        <ele>77</ele>
        <time>2025-03-24T10:10:53+00:00</time>
      </trkpt>
      <trkpt lat="50.781" lon="2.79955">
        <ele>78</ele>
        <time>2025-03-24T10:10:56+00:00</time>
      </trkpt>
      <trkpt lat="50.78084" lon="2.80012">
        <ele>79</ele>
        <time>2025-03-24T10:10:59+00:00</time>
      </trkpt>
      <trkpt lat="50.78075" lon="2.80043">
        <ele>80</ele>
        <time>2025-03-24T10:11:02+00:00</time>
      </trkpt>
      <trkpt lat="50.78065" lon="2.80075">
        <ele>81</ele>
        <time>2025-03-24T10:11:05+00:00</time>
      </trkpt>
      <trkpt lat="50.78057" lon="2.80105">
        <ele>81</ele>
        <time>2025-03-24T10:11:08+00:00</time>
      </trkpt>
      <trkpt lat="50.78032" lon="2.80098">
        <ele>81</ele>
        <time>2025-03-24T10:11:11+00:00</time>
      </trkpt>
      <trkpt lat="50.78009" lon="2.80109">
        <ele>82</ele>
        <time>2025-03-24T10:11:14+00:00</time>
      </trkpt>
      <trkpt lat="50.77979" lon="2.80124">
        <ele>82</ele>
        <time>2025-03-24T10:11:17+00:00</time>
      </trkpt>
      <trkpt lat="50.77956" lon="2.80144">
        <ele>83</ele>
        <time>2025-03-24T10:11:20+00:00</time>
      </trkpt>
      <trkpt lat="50.77922" lon="2.80175">
        <ele>84</ele>
        <time>2025-03-24T10:11:23+00:00</time>
      </trkpt>
      <trkpt lat="50.77901" lon="2.80189">
        <ele>84</ele>
        <time>2025-03-24T10:11:26+00:00</time>
      </trkpt>
      <trkpt lat="50.77876" lon="2.80207">
        <ele>84</ele>
        <time>2025-03-24T10:11:29+00:00</time>
      </trkpt>
      <trkpt lat="50.77874" lon="2.80246">
        <ele>85</ele>
        <time>2025-03-24T10:11:32+00:00</time>
      </trkpt>
      <trkpt lat="50.77872" lon="2.80301">
        <ele>88</ele>
        <time>2025-03-24T10:11:35+00:00</time>
      </trkpt>
      <trkpt lat="50.77871" lon="2.80346">
        <ele>89</ele>
        <time>2025-03-24T10:11:38+00:00</time>
      </trkpt>
      <trkpt lat="50.77869" lon="2.80392">
        <ele>91</ele>
        <time>2025-03-24T10:11:41+00:00</time>
      </trkpt>
      <trkpt lat="50.77868" lon="2.80441">
        <ele>93</ele>
        <time>2025-03-24T10:11:44+00:00</time>
      </trkpt>
      <trkpt lat="50.77873" lon="2.80483">
        <ele>94</ele>
        <time>2025-03-24T10:11:47+00:00</time>
      </trkpt>
      <trkpt lat="50.77878" lon="2.80518">
        <ele>95</ele>
        <time>2025-03-24T10:11:50+00:00</time>
      </trkpt>
      <trkpt lat="50.77883" lon="2.80559">
        <ele>98</ele>
        <time>2025-03-24T10:11:53+00:00</time>
      </trkpt>
      <trkpt lat="50.77884" lon="2.80597">
        <ele>102</ele>
        <time>2025-03-24T10:11:56+00:00</time>
      </trkpt>
      <trkpt lat="50.77885" lon="2.80647">
        <ele>106</ele>
        <time>2025-03-24T10:11:59+00:00</time>
      </trkpt>
      <trkpt lat="50.77874" lon="2.80709">
        <ele>110</ele>
        <time>2025-03-24T10:12:02+00:00</time>
      </trkpt>
      <trkpt lat="50.77878" lon="2.80751">
        <ele>113</ele>
        <time>2025-03-24T10:12:05+00:00</time>
      </trkpt>
      <trkpt lat="50.77881" lon="2.80786">
        <ele>115</ele>
        <time>2025-03-24T10:12:08+00:00</time>
      </trkpt>
      <trkpt lat="50.77884" lon="2.80823">
        <ele>117</ele>
        <time>2025-03-24T10:12:11+00:00</time>
      </trkpt>
      <trkpt lat="50.77868" lon="2.80869">
        <ele>119</ele>
        <time>2025-03-24T10:12:14+00:00</time>
      </trkpt>
      <trkpt lat="50.77852" lon="2.80914">
        <ele>122</ele>
        <time>2025-03-24T10:12:17+00:00</time>
      </trkpt>
      <trkpt lat="50.77835" lon="2.8096">
        <ele>125</ele>
        <time>2025-03-24T10:12:20+00:00</time>
      </trkpt>
      <trkpt lat="50.77812" lon="2.81027">
        <ele>126</ele>
        <time>2025-03-24T10:12:23+00:00</time>
      </trkpt>
      <trkpt lat="50.77826" lon="2.81034">
        <ele>129</ele>
        <time>2025-03-24T10:12:26+00:00</time>
      </trkpt>
      <trkpt lat="50.7784" lon="2.80992">
        <ele>125</ele>
        <time>2025-03-24T10:12:29+00:00</time>
      </trkpt>
      <trkpt lat="50.77854" lon="2.80949">
        <ele>124</ele>
        <time>2025-03-24T10:12:32+00:00</time>
      </trkpt>
      <trkpt lat="50.77868" lon="2.80907">
        <ele>122</ele>
        <time>2025-03-24T10:12:35+00:00</time>
      </trkpt>
      <trkpt lat="50.77891" lon="2.80835">
        <ele>120</ele>
        <time>2025-03-24T10:12:38+00:00</time>
      </trkpt>
      <trkpt lat="50.77908" lon="2.80879">
        <ele>120</ele>
        <time>2025-03-24T10:12:41+00:00</time>
      </trkpt>
      <trkpt lat="50.77924" lon="2.80924">
        <ele>120</ele>
        <time>2025-03-24T10:12:44+00:00</time>
      </trkpt>
      <trkpt lat="50.77941" lon="2.80968">
        <ele>120</ele>
        <time>2025-03-24T10:12:47+00:00</time>
      </trkpt>
      <trkpt lat="50.77962" lon="2.81024">
        <ele>120</ele>
        <time>2025-03-24T10:12:50+00:00</time>
      </trkpt>
      <trkpt lat="50.77981" lon="2.81067">
        <ele>120</ele>
        <time>2025-03-24T10:12:53+00:00</time>
      </trkpt>
      <trkpt lat="50.77986" lon="2.81113">
        <ele>121</ele>
        <time>2025-03-24T10:12:56+00:00</time>
      </trkpt>
      <trkpt lat="50.77991" lon="2.81159">
        <ele>122</ele>
        <time>2025-03-24T10:12:59+00:00</time>
      </trkpt>
      <trkpt lat="50.77997" lon="2.81219">
        <ele>124</ele>
        <time>2025-03-24T10:13:02+00:00</time>
      </trkpt>
      <trkpt lat="50.77985" lon="2.81284">
        <ele>123</ele>
        <time>2025-03-24T10:13:05+00:00</time>
      </trkpt>
      <trkpt lat="50.78017" lon="2.81293">
        <ele>122</ele>
        <time>2025-03-24T10:13:08+00:00</time>
      </trkpt>
      <trkpt lat="50.78048" lon="2.81303">
        <ele>120</ele>
        <time>2025-03-24T10:13:11+00:00</time>
      </trkpt>
      <trkpt lat="50.78107" lon="2.81321">
        <ele>113</ele>
        <time>2025-03-24T10:13:14+00:00</time>
      </trkpt>
      <trkpt lat="50.78133" lon="2.81318">
        <ele>108</ele>
        <time>2025-03-24T10:13:17+00:00</time>
      </trkpt>
      <trkpt lat="50.78178" lon="2.81313">
        <ele>103</ele>
        <time>2025-03-24T10:13:20+00:00</time>
      </trkpt>
      <trkpt lat="50.78201" lon="2.81305">
        <ele>100</ele>
        <time>2025-03-24T10:13:23+00:00</time>
      </trkpt>
      <trkpt lat="50.78231" lon="2.81296">
        <ele>98</ele>
        <time>2025-03-24T10:13:26+00:00</time>
      </trkpt>
      <trkpt lat="50.78234" lon="2.81349">
        <ele>97</ele>
        <time>2025-03-24T10:13:29+00:00</time>
      </trkpt>
      <trkpt lat="50.78236" lon="2.81402">
        <ele>95</ele>
        <time>2025-03-24T10:13:32+00:00</time>
      </trkpt>
      <trkpt lat="50.78239" lon="2.81455">
        <ele>94</ele>
        <time>2025-03-24T10:13:35+00:00</time>
      </trkpt>
      <trkpt lat="50.78244" lon="2.81545">
        <ele>91</ele>
        <time>2025-03-24T10:13:38+00:00</time>
      </trkpt>
      <trkpt lat="50.78271" lon="2.8152">
        <ele>88</ele>
        <time>2025-03-24T10:13:41+00:00</time>
      </trkpt>
      <trkpt lat="50.78298" lon="2.81495">
        <ele>86</ele>
        <time>2025-03-24T10:13:44+00:00</time>
      </trkpt>
      <trkpt lat="50.78344" lon="2.81453">
        <ele>82</ele>
        <time>2025-03-24T10:13:47+00:00</time>
      </trkpt>
      <trkpt lat="50.7837" lon="2.81429">
        <ele>81</ele>
        <time>2025-03-24T10:13:50+00:00</time>
      </trkpt>
      <trkpt lat="50.78396" lon="2.81406">
        <ele>80</ele>
        <time>2025-03-24T10:13:53+00:00</time>
      </trkpt>
      <trkpt lat="50.78431" lon="2.81374">
        <ele>79</ele>
        <time>2025-03-24T10:13:56+00:00</time>
      </trkpt>
      <trkpt lat="50.78451" lon="2.81356">
        <ele>77</ele>
        <time>2025-03-24T10:13:59+00:00</time>
      </trkpt>
      <trkpt lat="50.78476" lon="2.81334">
        <ele>76</ele>
        <time>2025-03-24T10:14:02+00:00</time>
      </trkpt>
      <trkpt lat="50.78499" lon="2.81309">
        <ele>76</ele>
        <time>2025-03-24T10:14:05+00:00</time>
      </trkpt>
      <trkpt lat="50.78545" lon="2.81258">
        <ele>73</ele>
        <time>2025-03-24T10:14:08+00:00</time>
      </trkpt>
      <trkpt lat="50.78553" lon="2.81234">
        <ele>73</ele>
        <time>2025-03-24T10:14:11+00:00</time>
      </trkpt>
      <trkpt lat="50.78576" lon="2.81257">
        <ele>70</ele>
        <time>2025-03-24T10:14:14+00:00</time>
      </trkpt>
      <trkpt lat="50.78599" lon="2.8128">
        <ele>68</ele>
        <time>2025-03-24T10:14:17+00:00</time>
      </trkpt>
      <trkpt lat="50.78643" lon="2.81324">
        <ele>63</ele>
        <time>2025-03-24T10:14:20+00:00</time>
      </trkpt>
      <trkpt lat="50.78661" lon="2.8135">
        <ele>61</ele>
        <time>2025-03-24T10:14:23+00:00</time>
      </trkpt>
      <trkpt lat="50.78689" lon="2.81388">
        <ele>61</ele>
        <time>2025-03-24T10:14:26+00:00</time>
      </trkpt>
      <trkpt lat="50.78693" lon="2.81432">
        <ele>63</ele>
        <time>2025-03-24T10:14:29+00:00</time>
      </trkpt>
      <trkpt lat="50.787" lon="2.81517">
        <ele>67</ele>
        <time>2025-03-24T10:14:32+00:00</time>
      </trkpt>
      <trkpt lat="50.78677" lon="2.81517">
        <ele>69</ele>
        <time>2025-03-24T10:14:35+00:00</time>
      </trkpt>
      <trkpt lat="50.7865" lon="2.81517">
        <ele>71</ele>
        <time>2025-03-24T10:14:38+00:00</time>
      </trkpt>
      <trkpt lat="50.78642" lon="2.81565">
        <ele>73</ele>
        <time>2025-03-24T10:14:41+00:00</time>
      </trkpt>
      <trkpt lat="50.78619" lon="2.8156">
        <ele>75</ele>
        <time>2025-03-24T10:14:44+00:00</time>
      </trkpt>
      <trkpt lat="50.78592" lon="2.81554">
        <ele>75</ele>
        <time>2025-03-24T10:14:47+00:00</time>
      </trkpt>
      <trkpt lat="50.78571" lon="2.81525">
        <ele>74</ele>
        <time>2025-03-24T10:14:50+00:00</time>
      </trkpt>
      <trkpt lat="50.78531" lon="2.81469">
        <ele>74</ele>
        <time>2025-03-24T10:14:53+00:00</time>
      </trkpt>
      <trkpt lat="50.78501" lon="2.81488">
        <ele>74</ele>
        <time>2025-03-24T10:14:56+00:00</time>
      </trkpt>
      <trkpt lat="50.78488" lon="2.81459">
        <ele>75</ele>
        <time>2025-03-24T10:14:59+00:00</time>
      </trkpt>
      <trkpt lat="50.78459" lon="2.81482">
        <ele>75</ele>
        <time>2025-03-24T10:15:02+00:00</time>
      </trkpt>
      <trkpt lat="50.7843" lon="2.81506">
        <ele>75</ele>
        <time>2025-03-24T10:15:05+00:00</time>
      </trkpt>
      <trkpt lat="50.78402" lon="2.8153">
        <ele>77</ele>
        <time>2025-03-24T10:15:08+00:00</time>
      </trkpt>
      <trkpt lat="50.78367" lon="2.81559">
        <ele>80</ele>
        <time>2025-03-24T10:15:11+00:00</time>
      </trkpt>
      <trkpt lat="50.78356" lon="2.81599">
        <ele>83</ele>
        <time>2025-03-24T10:15:14+00:00</time>
      </trkpt>
      <trkpt lat="50.78336" lon="2.81677">
        <ele>89</ele>
        <time>2025-03-24T10:15:17+00:00</time>
      </trkpt>
      <trkpt lat="50.78307" lon="2.81688">
        <ele>89</ele>
        <time>2025-03-24T10:15:20+00:00</time>
      </trkpt>
      <trkpt lat="50.78279" lon="2.81699">
        <ele>89</ele>
        <time>2025-03-24T10:15:23+00:00</time>
      </trkpt>
      <trkpt lat="50.78244" lon="2.81713">
        <ele>89</ele>
        <time>2025-03-24T10:15:26+00:00</time>
      </trkpt>
      <trkpt lat="50.78212" lon="2.81716">
        <ele>89</ele>
        <time>2025-03-24T10:15:29+00:00</time>
      </trkpt>
      <trkpt lat="50.78191" lon="2.8174">
        <ele>89</ele>
        <time>2025-03-24T10:15:32+00:00</time>
      </trkpt>
      <trkpt lat="50.78159" lon="2.81777">
        <ele>93</ele>
        <time>2025-03-24T10:15:35+00:00</time>
      </trkpt>
      <trkpt lat="50.78135" lon="2.81807">
        <ele>95</ele>
        <time>2025-03-24T10:15:38+00:00</time>
      </trkpt>
      <trkpt lat="50.78111" lon="2.81837">
        <ele>96</ele>
        <time>2025-03-24T10:15:41+00:00</time>
      </trkpt>
      <trkpt lat="50.78078" lon="2.8188">
        <ele>96</ele>
        <time>2025-03-24T10:15:44+00:00</time>
      </trkpt>
      <trkpt lat="50.78056" lon="2.81912">
        <ele>96</ele>
        <time>2025-03-24T10:15:47+00:00</time>
      </trkpt>
      <trkpt lat="50.78035" lon="2.81945">
        <ele>95</ele>
        <time>2025-03-24T10:15:50+00:00</time>
      </trkpt>
      <trkpt lat="50.78008" lon="2.81986">
        <ele>94</ele>
        <time>2025-03-24T10:15:53+00:00</time>
      </trkpt>
      <trkpt lat="50.7798" lon="2.82003">
        <ele>93</ele>
        <time>2025-03-24T10:15:56+00:00</time>
      </trkpt>
      <trkpt lat="50.77952" lon="2.8202">
        <ele>93</ele>
        <time>2025-03-24T10:15:59+00:00</time>
      </trkpt>
      <trkpt lat="50.77916" lon="2.82041">
        <ele>90</ele>
        <time>2025-03-24T10:16:02+00:00</time>
      </trkpt>
      <trkpt lat="50.77891" lon="2.82057">
        <ele>89</ele>
        <time>2025-03-24T10:16:05+00:00</time>
      </trkpt>
      <trkpt lat="50.77845" lon="2.82086">
        <ele>86</ele>
        <time>2025-03-24T10:16:08+00:00</time>
      </trkpt>
      <trkpt lat="50.7787" lon="2.82127">
        <ele>84</ele>
        <time>2025-03-24T10:16:11+00:00</time>
      </trkpt>
      <trkpt lat="50.77896" lon="2.82168">
        <ele>81</ele>
        <time>2025-03-24T10:16:14+00:00</time>
      </trkpt>
      <trkpt lat="50.77921" lon="2.82209">
        <ele>79</ele>
        <time>2025-03-24T10:16:17+00:00</time>
      </trkpt>
      <trkpt lat="50.77947" lon="2.8225">
        <ele>77</ele>
        <time>2025-03-24T10:16:20+00:00</time>
      </trkpt>
      <trkpt lat="50.77972" lon="2.82291">
        <ele>75</ele>
        <time>2025-03-24T10:16:23+00:00</time>
      </trkpt>
      <trkpt lat="50.7802" lon="2.82367">
        <ele>71</ele>
        <time>2025-03-24T10:16:26+00:00</time>
      </trkpt>
      <trkpt lat="50.78" lon="2.82402">
        <ele>71</ele>
        <time>2025-03-24T10:16:29+00:00</time>
      </trkpt>
      <trkpt lat="50.77981" lon="2.82437">
        <ele>71</ele>
        <time>2025-03-24T10:16:32+00:00</time>
      </trkpt>
      <trkpt lat="50.77957" lon="2.8248">
        <ele>72</ele>
        <time>2025-03-24T10:16:35+00:00</time>
      </trkpt>
      <trkpt lat="50.77941" lon="2.82514">
        <ele>73</ele>
        <time>2025-03-24T10:16:38+00:00</time>
      </trkpt>
      <trkpt lat="50.77917" lon="2.82565">
        <ele>73</ele>
        <time>2025-03-24T10:16:41+00:00</time>
      </trkpt>
      <trkpt lat="50.77928" lon="2.826">
        <ele>72</ele>
        <time>2025-03-24T10:16:44+00:00</time>
      </trkpt>
      <trkpt lat="50.77943" lon="2.82649">
        <ele>72</ele>
        <time>2025-03-24T10:16:47+00:00</time>
      </trkpt>
      <trkpt lat="50.77969" lon="2.82681">
        <ele>71</ele>
        <time>2025-03-24T10:16:50+00:00</time>
      </trkpt>
      <trkpt lat="50.77995" lon="2.82714">
        <ele>69</ele>
        <time>2025-03-24T10:16:53+00:00</time>
      </trkpt>
      <trkpt lat="50.7802" lon="2.82747">
        <ele>67</ele>
        <time>2025-03-24T10:16:56+00:00</time>
      </trkpt>
      <trkpt lat="50.78059" lon="2.82795">
        <ele>65</ele>
        <time>2025-03-24T10:16:59+00:00</time>
      </trkpt>
      <trkpt lat="50.78085" lon="2.8278">
        <ele>63</ele>
        <time>2025-03-24T10:17:02+00:00</time>
      </trkpt>
      <trkpt lat="50.78132" lon="2.82753">
        <ele>61</ele>
        <time>2025-03-24T10:17:05+00:00</time>
      </trkpt>
      <trkpt lat="50.78148" lon="2.82724">
        <ele>61</ele>
        <time>2025-03-24T10:17:08+00:00</time>
      </trkpt>
      <trkpt lat="50.78169" lon="2.82685">
        <ele>61</ele>
        <time>2025-03-24T10:17:11+00:00</time>
      </trkpt>
      <trkpt lat="50.78176" lon="2.82627">
        <ele>61</ele>
        <time>2025-03-24T10:17:14+00:00</time>
      </trkpt>
      <trkpt lat="50.78192" lon="2.8265">
        <ele>61</ele>
        <time>2025-03-24T10:17:17+00:00</time>
      </trkpt>
      <trkpt lat="50.78209" lon="2.82672">
        <ele>60</ele>
        <time>2025-03-24T10:17:20+00:00</time>
      </trkpt>
      <trkpt lat="50.78191" lon="2.82687">
        <ele>60</ele>
        <time>2025-03-24T10:17:23+00:00</time>
      </trkpt>
      <trkpt lat="50.78179" lon="2.82715">
        <ele>60</ele>
        <time>2025-03-24T10:17:26+00:00</time>
      </trkpt>
      <trkpt lat="50.78161" lon="2.82744">
        <ele>60</ele>
        <time>2025-03-24T10:17:29+00:00</time>
      </trkpt>
      <trkpt lat="50.78133" lon="2.82791">
        <ele>61</ele>
        <time>2025-03-24T10:17:32+00:00</time>
      </trkpt>
      <trkpt lat="50.78106" lon="2.82823">
        <ele>63</ele>
        <time>2025-03-24T10:17:35+00:00</time>
      </trkpt>
      <trkpt lat="50.78089" lon="2.8285">
        <ele>64</ele>
        <time>2025-03-24T10:17:38+00:00</time>
      </trkpt>
      <trkpt lat="50.78066" lon="2.82887">
        <ele>65</ele>
        <time>2025-03-24T10:17:41+00:00</time>
      </trkpt>
      <trkpt lat="50.7805" lon="2.82862">
        <ele>66</ele>
        <time>2025-03-24T10:17:44+00:00</time>
      </trkpt>
      <trkpt lat="50.78033" lon="2.82836">
        <ele>66</ele>
        <time>2025-03-24T10:17:47+00:00</time>
      </trkpt>
      <trkpt lat="50.78016" lon="2.8281">
        <ele>67</ele>
        <time>2025-03-24T10:17:50+00:00</time>
      </trkpt>
      <trkpt lat="50.77993" lon="2.82776">
        <ele>69</ele>
        <time>2025-03-24T10:17:53+00:00</time>
      </trkpt>
      <trkpt lat="50.77972" lon="2.82755">
        <ele>70</ele>
        <time>2025-03-24T10:17:56+00:00</time>
      </trkpt>
      <trkpt lat="50.77944" lon="2.82725">
        <ele>71</ele>
        <time>2025-03-24T10:17:59+00:00</time>
      </trkpt>
      <trkpt lat="50.77925" lon="2.82703">
        <ele>72</ele>
        <time>2025-03-24T10:18:02+00:00</time>
      </trkpt>
      <trkpt lat="50.779" lon="2.82674">
        <ele>73</ele>
        <time>2025-03-24T10:18:05+00:00</time>
      </trkpt>
      <trkpt lat="50.77885" lon="2.82645">
        <ele>75</ele>
        <time>2025-03-24T10:18:08+00:00</time>
      </trkpt>
      <trkpt lat="50.77866" lon="2.82608">
        <ele>76</ele>
        <time>2025-03-24T10:18:11+00:00</time>
      </trkpt>
      <trkpt lat="50.77845" lon="2.82565">
        <ele>78</ele>
        <time>2025-03-24T10:18:14+00:00</time>
      </trkpt>
      <trkpt lat="50.7783" lon="2.8253">
        <ele>79</ele>
        <time>2025-03-24T10:18:17+00:00</time>
      </trkpt>
      <trkpt lat="50.77807" lon="2.82472">
        <ele>80</ele>
        <time>2025-03-24T10:18:20+00:00</time>
      </trkpt>
      <trkpt lat="50.7779" lon="2.82443">
        <ele>80</ele>
        <time>2025-03-24T10:18:23+00:00</time>
      </trkpt>
      <trkpt lat="50.77765" lon="2.82401">
        <ele>80</ele>
        <time>2025-03-24T10:18:26+00:00</time>
      </trkpt>
      <trkpt lat="50.77747" lon="2.82367">
        <ele>81</ele>
        <time>2025-03-24T10:18:29+00:00</time>
      </trkpt>
      <trkpt lat="50.77714" lon="2.82303">
        <ele>82</ele>
        <time>2025-03-24T10:18:32+00:00</time>
      </trkpt>
      <trkpt lat="50.77689" lon="2.82293">
        <ele>83</ele>
        <time>2025-03-24T10:18:35+00:00</time>
      </trkpt>
      <trkpt lat="50.77651" lon="2.82276">
        <ele>84</ele>
        <time>2025-03-24T10:18:38+00:00</time>
      </trkpt>
      <trkpt lat="50.77654" lon="2.82236">
        <ele>84</ele>
        <time>2025-03-24T10:18:41+00:00</time>
      </trkpt>
      <trkpt lat="50.77659" lon="2.82178">
        <ele>86</ele>
        <time>2025-03-24T10:18:44+00:00</time>
      </trkpt>
      <trkpt lat="50.77675" lon="2.82118">
        <ele>87</ele>
        <time>2025-03-24T10:18:47+00:00</time>
      </trkpt>
      <trkpt lat="50.77688" lon="2.82071">
        <ele>88</ele>
        <time>2025-03-24T10:18:50+00:00</time>
      </trkpt>
      <trkpt lat="50.77705" lon="2.82027">
        <ele>90</ele>
        <time>2025-03-24T10:18:53+00:00</time>
      </trkpt>
      <trkpt lat="50.77703" lon="2.81973">
        <ele>93</ele>
        <time>2025-03-24T10:18:56+00:00</time>
      </trkpt>
      <trkpt lat="50.77699" lon="2.81933">
        <ele>94</ele>
        <time>2025-03-24T10:18:59+00:00</time>
      </trkpt>
      <trkpt lat="50.7769" lon="2.81901">
        <ele>96</ele>
        <time>2025-03-24T10:19:02+00:00</time>
      </trkpt>
      <trkpt lat="50.77686" lon="2.81843">
        <ele>96</ele>
        <time>2025-03-24T10:19:05+00:00</time>
      </trkpt>
      <trkpt lat="50.77657" lon="2.81842">
        <ele>96</ele>
        <time>2025-03-24T10:19:08+00:00</time>
      </trkpt>
      <trkpt lat="50.77601" lon="2.81839">
        <ele>90</ele>
        <time>2025-03-24T10:19:11+00:00</time>
      </trkpt>
      <trkpt lat="50.7757" lon="2.81819">
        <ele>86</ele>
        <time>2025-03-24T10:19:14+00:00</time>
      </trkpt>
      <trkpt lat="50.77547" lon="2.81769">
        <ele>84</ele>
        <time>2025-03-24T10:19:17+00:00</time>
      </trkpt>
      <trkpt lat="50.77528" lon="2.8172">
        <ele>83</ele>
        <time>2025-03-24T10:19:20+00:00</time>
      </trkpt>
      <trkpt lat="50.77526" lon="2.81676">
        <ele>82</ele>
        <time>2025-03-24T10:19:23+00:00</time>
      </trkpt>
      <trkpt lat="50.77524" lon="2.81639">
        <ele>82</ele>
        <time>2025-03-24T10:19:26+00:00</time>
      </trkpt>
      <trkpt lat="50.77521" lon="2.81595">
        <ele>83</ele>
        <time>2025-03-24T10:19:29+00:00</time>
      </trkpt>
      <trkpt lat="50.77525" lon="2.81571">
        <ele>83</ele>
        <time>2025-03-24T10:19:32+00:00</time>
      </trkpt>
      <trkpt lat="50.77521" lon="2.81547">
        <ele>84</ele>
        <time>2025-03-24T10:19:35+00:00</time>
      </trkpt>
      <trkpt lat="50.77517" lon="2.81518">
        <ele>84</ele>
        <time>2025-03-24T10:19:38+00:00</time>
      </trkpt>
      <trkpt lat="50.77511" lon="2.81483">
        <ele>86</ele>
        <time>2025-03-24T10:19:41+00:00</time>
      </trkpt>
      <trkpt lat="50.77504" lon="2.81442">
        <ele>88</ele>
        <time>2025-03-24T10:19:44+00:00</time>
      </trkpt>
      <trkpt lat="50.7749" lon="2.81413">
        <ele>90</ele>
        <time>2025-03-24T10:19:47+00:00</time>
      </trkpt>
      <trkpt lat="50.77474" lon="2.81379">
        <ele>92</ele>
        <time>2025-03-24T10:19:50+00:00</time>
      </trkpt>
      <trkpt lat="50.77437" lon="2.81357">
        <ele>92</ele>
        <time>2025-03-24T10:19:53+00:00</time>
      </trkpt>
      <trkpt lat="50.77397" lon="2.81337">
        <ele>91</ele>
        <time>2025-03-24T10:19:56+00:00</time>
      </trkpt>
      <trkpt lat="50.77374" lon="2.81357">
        <ele>89</ele>
        <time>2025-03-24T10:19:59+00:00</time>
      </trkpt>
      <trkpt lat="50.77334" lon="2.81392">
        <ele>84</ele>
        <time>2025-03-24T10:20:02+00:00</time>
      </trkpt>
      <trkpt lat="50.77304" lon="2.81413">
        <ele>82</ele>
        <time>2025-03-24T10:20:05+00:00</time>
      </trkpt>
      <trkpt lat="50.77275" lon="2.81435">
        <ele>80</ele>
        <time>2025-03-24T10:20:08+00:00</time>
      </trkpt>
      <trkpt lat="50.77245" lon="2.81456">
        <ele>77</ele>
        <time>2025-03-24T10:20:11+00:00</time>
      </trkpt>
      <trkpt lat="50.7721" lon="2.81482">
        <ele>76</ele>
        <time>2025-03-24T10:20:14+00:00</time>
      </trkpt>
      <trkpt lat="50.77216" lon="2.81438">
        <ele>78</ele>
        <time>2025-03-24T10:20:17+00:00</time>
      </trkpt>
      <trkpt lat="50.77226" lon="2.81355">
        <ele>80</ele>
        <time>2025-03-24T10:20:20+00:00</time>
      </trkpt>
      <trkpt lat="50.77249" lon="2.81338">
        <ele>81</ele>
        <time>2025-03-24T10:20:23+00:00</time>
      </trkpt>
      <trkpt lat="50.77251" lon="2.81302">
        <ele>83</ele>
        <time>2025-03-24T10:20:26+00:00</time>
      </trkpt>
      <trkpt lat="50.77252" lon="2.81261">
        <ele>83</ele>
        <time>2025-03-24T10:20:29+00:00</time>
      </trkpt>
      <trkpt lat="50.77258" lon="2.81228">
        <ele>84</ele>
        <time>2025-03-24T10:20:32+00:00</time>
      </trkpt>
      <trkpt lat="50.77263" lon="2.81194">
        <ele>85</ele>
        <time>2025-03-24T10:20:35+00:00</time>
      </trkpt>
      <trkpt lat="50.77255" lon="2.81163">
        <ele>86</ele>
        <time>2025-03-24T10:20:38+00:00</time>
      </trkpt>
      <trkpt lat="50.77245" lon="2.81132">
        <ele>87</ele>
        <time>2025-03-24T10:20:41+00:00</time>
      </trkpt>
      <trkpt lat="50.77235" lon="2.81085">
        <ele>89</ele>
        <time>2025-03-24T10:20:44+00:00</time>
      </trkpt>
      <trkpt lat="50.77226" lon="2.81038">
        <ele>88</ele>
        <time>2025-03-24T10:20:47+00:00</time>
      </trkpt>
      <trkpt lat="50.77209" lon="2.80955">
        <ele>88</ele>
        <time>2025-03-24T10:20:50+00:00</time>
      </trkpt>
      <trkpt lat="50.77203" lon="2.80907">
        <ele>88</ele>
        <time>2025-03-24T10:20:53+00:00</time>
      </trkpt>
      <trkpt lat="50.77197" lon="2.80858">
        <ele>88</ele>
        <time>2025-03-24T10:20:56+00:00</time>
      </trkpt>
      <trkpt lat="50.77188" lon="2.80778">
        <ele>87</ele>
        <time>2025-03-24T10:20:59+00:00</time>
      </trkpt>
      <trkpt lat="50.77179" lon="2.80738">
        <ele>85</ele>
        <time>2025-03-24T10:21:02+00:00</time>
      </trkpt>
      <trkpt lat="50.77163" lon="2.80668">
        <ele>85</ele>
        <time>2025-03-24T10:21:05+00:00</time>
      </trkpt>
      <trkpt lat="50.77155" lon="2.80629">
        <ele>84</ele>
        <time>2025-03-24T10:21:08+00:00</time>
      </trkpt>
      <trkpt lat="50.77144" lon="2.80574">
        <ele>84</ele>
        <time>2025-03-24T10:21:11+00:00</time>
      </trkpt>
      <trkpt lat="50.7712" lon="2.80595">
        <ele>81</ele>
        <time>2025-03-24T10:21:14+00:00</time>
      </trkpt>
      <trkpt lat="50.77077" lon="2.80632">
        <ele>75</ele>
        <time>2025-03-24T10:21:17+00:00</time>
      </trkpt>
      <trkpt lat="50.77068" lon="2.806">
        <ele>75</ele>
        <time>2025-03-24T10:21:20+00:00</time>
      </trkpt>
      <trkpt lat="50.77059" lon="2.80563">
        <ele>75</ele>
        <time>2025-03-24T10:21:23+00:00</time>
      </trkpt>
      <trkpt lat="50.77046" lon="2.80512">
        <ele>75</ele>
        <time>2025-03-24T10:21:26+00:00</time>
      </trkpt>
      <trkpt lat="50.77021" lon="2.80514">
        <ele>72</ele>
        <time>2025-03-24T10:21:29+00:00</time>
      </trkpt>
      <trkpt lat="50.76986" lon="2.80518">
        <ele>69</ele>
        <time>2025-03-24T10:21:32+00:00</time>
      </trkpt>
      <trkpt lat="50.76957" lon="2.8054">
        <ele>68</ele>
        <time>2025-03-24T10:21:35+00:00</time>
      </trkpt>
      <trkpt lat="50.76947" lon="2.80505">
        <ele>69</ele>
        <time>2025-03-24T10:21:38+00:00</time>
      </trkpt>
      <trkpt lat="50.76933" lon="2.80457">
        <ele>68</ele>
        <time>2025-03-24T10:21:41+00:00</time>
      </trkpt>
      <trkpt lat="50.76906" lon="2.80465">
        <ele>68</ele>
        <time>2025-03-24T10:21:44+00:00</time>
      </trkpt>
      <trkpt lat="50.76898" lon="2.80431">
        <ele>69</ele>
        <time>2025-03-24T10:21:47+00:00</time>
      </trkpt>
      <trkpt lat="50.76888" lon="2.80392">
        <ele>69</ele>
        <time>2025-03-24T10:21:50+00:00</time>
      </trkpt>
      <trkpt lat="50.7686" lon="2.80405">
        <ele>69</ele>
        <time>2025-03-24T10:21:53+00:00</time>
      </trkpt>
      <trkpt lat="50.76833" lon="2.80419">
        <ele>67</ele>
        <time>2025-03-24T10:21:56+00:00</time>
      </trkpt>
      <trkpt lat="50.76803" lon="2.80433">
        <ele>67</ele>
        <time>2025-03-24T10:21:59+00:00</time>
      </trkpt>
      <trkpt lat="50.76793" lon="2.80399">
        <ele>67</ele>
        <time>2025-03-24T10:22:02+00:00</time>
      </trkpt>
      <trkpt lat="50.76779" lon="2.80354">
        <ele>67</ele>
        <time>2025-03-24T10:22:05+00:00</time>
      </trkpt>
      <trkpt lat="50.76762" lon="2.80295">
        <ele>66</ele>
        <time>2025-03-24T10:22:08+00:00</time>
      </trkpt>
      <trkpt lat="50.7674" lon="2.80301">
        <ele>64</ele>
        <time>2025-03-24T10:22:11+00:00</time>
      </trkpt>
      <trkpt lat="50.76713" lon="2.80307">
        <ele>63</ele>
        <time>2025-03-24T10:22:14+00:00</time>
      </trkpt>
      <trkpt lat="50.76702" lon="2.80261">
        <ele>62</ele>
        <time>2025-03-24T10:22:17+00:00</time>
      </trkpt>
      <trkpt lat="50.76691" lon="2.80214">
        <ele>61</ele>
        <time>2025-03-24T10:22:20+00:00</time>
      </trkpt>
      <trkpt lat="50.76672" lon="2.80134">
        <ele>59</ele>
        <time>2025-03-24T10:22:23+00:00</time>
      </trkpt>
      <trkpt lat="50.76696" lon="2.80117">
        <ele>57</ele>
        <time>2025-03-24T10:22:26+00:00</time>
      </trkpt>
      <trkpt lat="50.76716" lon="2.80104">
        <ele>57</ele>
        <time>2025-03-24T10:22:29+00:00</time>
      </trkpt>
      <trkpt lat="50.76737" lon="2.8009">
        <ele>57</ele>
        <time>2025-03-24T10:22:32+00:00</time>
      </trkpt>
      <trkpt lat="50.76732" lon="2.80047">
        <ele>56</ele>
        <time>2025-03-24T10:22:35+00:00</time>
      </trkpt>
      <trkpt lat="50.76723" lon="2.79967">
        <ele>52</ele>
        <time>2025-03-24T10:22:38+00:00</time>
      </trkpt>
      <trkpt lat="50.76714" lon="2.79935">
        <ele>51</ele>
        <time>2025-03-24T10:22:41+00:00</time>
      </trkpt>
      <trkpt lat="50.76703" lon="2.799">
        <ele>50</ele>
        <time>2025-03-24T10:22:44+00:00</time>
      </trkpt>
      <trkpt lat="50.76721" lon="2.79863">
        <ele>50</ele>
        <time>2025-03-24T10:22:47+00:00</time>
      </trkpt>
      <trkpt lat="50.76732" lon="2.79901">
        <ele>52</ele>
        <time>2025-03-24T10:22:50+00:00</time>
      </trkpt>
      <trkpt lat="50.76749" lon="2.79962">
        <ele>55</ele>
        <time>2025-03-24T10:22:53+00:00</time>
      </trkpt>
      <trkpt lat="50.76777" lon="2.79938">
        <ele>57</ele>
        <time>2025-03-24T10:22:56+00:00</time>
      </trkpt>
      <trkpt lat="50.76804" lon="2.79914">
        <ele>61</ele>
        <time>2025-03-24T10:22:59+00:00</time>
      </trkpt>
      <trkpt lat="50.76856" lon="2.79869">
        <ele>62</ele>
        <time>2025-03-24T10:23:02+00:00</time>
      </trkpt>
      <trkpt lat="50.76844" lon="2.79829">
        <ele>59</ele>
        <time>2025-03-24T10:23:05+00:00</time>
      </trkpt>
      <trkpt lat="50.7682" lon="2.79752">
        <ele>57</ele>
        <time>2025-03-24T10:23:08+00:00</time>
      </trkpt>
      <trkpt lat="50.76807" lon="2.79719">
        <ele>54</ele>
        <time>2025-03-24T10:23:11+00:00</time>
      </trkpt>
      <trkpt lat="50.76788" lon="2.79673">
        <ele>50</ele>
        <time>2025-03-24T10:23:14+00:00</time>
      </trkpt>
      <trkpt lat="50.76768" lon="2.79622">
        <ele>46</ele>
        <time>2025-03-24T10:23:17+00:00</time>
      </trkpt>
      <trkpt lat="50.76793" lon="2.79584">
        <ele>46</ele>
        <time>2025-03-24T10:23:20+00:00</time>
      </trkpt>
      <trkpt lat="50.76776" lon="2.79559">
        <ele>43</ele>
        <time>2025-03-24T10:23:23+00:00</time>
      </trkpt>
      <trkpt lat="50.76755" lon="2.79528">
        <ele>42</ele>
        <time>2025-03-24T10:23:26+00:00</time>
      </trkpt>
      <trkpt lat="50.76775" lon="2.79494">
        <ele>42</ele>
        <time>2025-03-24T10:23:29+00:00</time>
      </trkpt>
      <trkpt lat="50.76794" lon="2.79459">
        <ele>42</ele>
        <time>2025-03-24T10:23:32+00:00</time>
      </trkpt>
      <trkpt lat="50.76816" lon="2.79421">
        <ele>41</ele>
        <time>2025-03-24T10:23:35+00:00</time>
      </trkpt>
      <trkpt lat="50.76789" lon="2.7937">
        <ele>41</ele>
        <time>2025-03-24T10:23:38+00:00</time>
      </trkpt>
      <trkpt lat="50.76768" lon="2.79337">
        <ele>41</ele>
        <time>2025-03-24T10:23:41+00:00</time>
      </trkpt>
      <trkpt lat="50.7677" lon="2.79286">
        <ele>42</ele>
        <time>2025-03-24T10:23:44+00:00</time>
      </trkpt>
      <trkpt lat="50.76768" lon="2.79233">
        <ele>43</ele>
        <time>2025-03-24T10:23:47+00:00</time>
      </trkpt>
      <trkpt lat="50.76793" lon="2.79215">
        <ele>43</ele>
        <time>2025-03-24T10:23:50+00:00</time>
      </trkpt>
      <trkpt lat="50.76814" lon="2.79201">
        <ele>43</ele>
        <time>2025-03-24T10:23:53+00:00</time>
      </trkpt>
      <trkpt lat="50.76837" lon="2.79185">
        <ele>44</ele>
        <time>2025-03-24T10:23:56+00:00</time>
      </trkpt>
      <trkpt lat="50.76863" lon="2.79172">
        <ele>44</ele>
        <time>2025-03-24T10:23:59+00:00</time>
      </trkpt>
      <trkpt lat="50.76913" lon="2.79147">
        <ele>44</ele>
        <time>2025-03-24T10:24:02+00:00</time>
      </trkpt>
      <trkpt lat="50.76936" lon="2.79157">
        <ele>44</ele>
        <time>2025-03-24T10:24:05+00:00</time>
      </trkpt>
      <trkpt lat="50.76967" lon="2.79171">
        <ele>44</ele>
        <time>2025-03-24T10:24:08+00:00</time>
      </trkpt>
      <trkpt lat="50.77" lon="2.79151">
        <ele>44</ele>
        <time>2025-03-24T10:24:11+00:00</time>
      </trkpt>
      <trkpt lat="50.77015" lon="2.7914">
        <ele>44</ele>
        <time>2025-03-24T10:24:14+00:00</time>
      </trkpt>
      <trkpt lat="50.77022" lon="2.79163">
        <ele>44</ele>
        <time>2025-03-24T10:24:17+00:00</time>
      </trkpt>
      <trkpt lat="50.77032" lon="2.79193">
        <ele>44</ele>
        <time>2025-03-24T10:24:20+00:00</time>
      </trkpt>
      <trkpt lat="50.77042" lon="2.79187">
        <ele>45</ele>
        <time>2025-03-24T10:24:23+00:00</time>
      </trkpt>
      <trkpt lat="50.77048" lon="2.79213">
        <ele>45</ele>
        <time>2025-03-24T10:24:26+00:00</time>
      </trkpt>
      <trkpt lat="50.77055" lon="2.79241">
        <ele>46</ele>
        <time>2025-03-24T10:24:29+00:00</time>
      </trkpt>
      <trkpt lat="50.77078" lon="2.79257">
        <ele>47</ele>
        <time>2025-03-24T10:24:32+00:00</time>
      </trkpt>
      <trkpt lat="50.77102" lon="2.79248">
        <ele>47</ele>
        <time>2025-03-24T10:24:35+00:00</time>
      </trkpt>
      <trkpt lat="50.77139" lon="2.79236">
        <ele>48</ele>
        <time>2025-03-24T10:24:38+00:00</time>
      </trkpt>
      <trkpt lat="50.77151" lon="2.79273">
        <ele>50</ele>
        <time>2025-03-24T10:24:41+00:00</time>
      </trkpt>
      <trkpt lat="50.77171" lon="2.79331">
        <ele>54</ele>
        <time>2025-03-24T10:24:44+00:00</time>
      </trkpt>
      <trkpt lat="50.77183" lon="2.79361">
        <ele>55</ele>
        <time>2025-03-24T10:24:47+00:00</time>
      </trkpt>
      <trkpt lat="50.77196" lon="2.79393">
        <ele>57</ele>
        <time>2025-03-24T10:24:50+00:00</time>
      </trkpt>
      <trkpt lat="50.77229" lon="2.79423">
        <ele>60</ele>
        <time>2025-03-24T10:24:53+00:00</time>
      </trkpt>
      <trkpt lat="50.77246" lon="2.79457">
        <ele>62</ele>
        <time>2025-03-24T10:24:56+00:00</time>
      </trkpt>
      <trkpt lat="50.77278" lon="2.79519">
        <ele>66</ele>
        <time>2025-03-24T10:24:59+00:00</time>
      </trkpt>
      <trkpt lat="50.77312" lon="2.79524">
        <ele>68</ele>
        <time>2025-03-24T10:25:02+00:00</time>
      </trkpt>
      <trkpt lat="50.77312" lon="2.79562">
        <ele>70</ele>
        <time>2025-03-24T10:25:05+00:00</time>
      </trkpt>
      <trkpt lat="50.77302" lon="2.79627">
        <ele>71</ele>
        <time>2025-03-24T10:25:08+00:00</time>
      </trkpt>
      <trkpt lat="50.77318" lon="2.79685">
        <ele>74</ele>
        <time>2025-03-24T10:25:11+00:00</time>
      </trkpt>
      <trkpt lat="50.77328" lon="2.79728">
        <ele>76</ele>
        <time>2025-03-24T10:25:14+00:00</time>
      </trkpt>
      <trkpt lat="50.77337" lon="2.79771">
        <ele>79</ele>
        <time>2025-03-24T10:25:17+00:00</time>
      </trkpt>
      <trkpt lat="50.77347" lon="2.79818">
        <ele>81</ele>
        <time>2025-03-24T10:25:20+00:00</time>
      </trkpt>
      <trkpt lat="50.7735" lon="2.79866">
        <ele>82</ele>
        <time>2025-03-24T10:25:23+00:00</time>
      </trkpt>
      <trkpt lat="50.77337" lon="2.79907">
        <ele>83</ele>
        <time>2025-03-24T10:25:26+00:00</time>
      </trkpt>
      <trkpt lat="50.77325" lon="2.79948">
        <ele>84</ele>
        <time>2025-03-24T10:25:29+00:00</time>
      </trkpt>
      <trkpt lat="50.77312" lon="2.79993">
        <ele>85</ele>
        <time>2025-03-24T10:25:32+00:00</time>
      </trkpt>
      <trkpt lat="50.77289" lon="2.80031">
        <ele>88</ele>
        <time>2025-03-24T10:25:35+00:00</time>
      </trkpt>
      <trkpt lat="50.77266" lon="2.8007">
        <ele>91</ele>
        <time>2025-03-24T10:25:38+00:00</time>
      </trkpt>
      <trkpt lat="50.77243" lon="2.80108">
        <ele>93</ele>
        <time>2025-03-24T10:25:41+00:00</time>
      </trkpt>
      <trkpt lat="50.77208" lon="2.80168">
        <ele>95</ele>
        <time>2025-03-24T10:25:44+00:00</time>
      </trkpt>
      <trkpt lat="50.77231" lon="2.80173">
        <ele>95</ele>
        <time>2025-03-24T10:25:47+00:00</time>
      </trkpt>
      <trkpt lat="50.77262" lon="2.8018">
        <ele>95</ele>
        <time>2025-03-24T10:25:50+00:00</time>
      </trkpt>
      <trkpt lat="50.77286" lon="2.80149">
        <ele>92</ele>
        <time>2025-03-24T10:25:53+00:00</time>
      </trkpt>
      <trkpt lat="50.77321" lon="2.80149">
        <ele>91</ele>
        <time>2025-03-24T10:25:56+00:00</time>
      </trkpt>
      <trkpt lat="50.77341" lon="2.8018">
        <ele>91</ele>
        <time>2025-03-24T10:25:59+00:00</time>
      </trkpt>
      <trkpt lat="50.77379" lon="2.80237">
        <ele>88</ele>
        <time>2025-03-24T10:26:02+00:00</time>
      </trkpt>
      <trkpt lat="50.77415" lon="2.80207">
        <ele>86</ele>
        <time>2025-03-24T10:26:05+00:00</time>
      </trkpt>
      <trkpt lat="50.77429" lon="2.80164">
        <ele>84</ele>
        <time>2025-03-24T10:26:08+00:00</time>
      </trkpt>
      <trkpt lat="50.77437" lon="2.80108">
        <ele>82</ele>
        <time>2025-03-24T10:26:11+00:00</time>
      </trkpt>
      <trkpt lat="50.77457" lon="2.80094">
        <ele>81</ele>
        <time>2025-03-24T10:26:14+00:00</time>
      </trkpt>
      <trkpt lat="50.77479" lon="2.80078">
        <ele>81</ele>
        <time>2025-03-24T10:26:17+00:00</time>
      </trkpt>
      <trkpt lat="50.77509" lon="2.80068">
        <ele>82</ele>
        <time>2025-03-24T10:26:20+00:00</time>
      </trkpt>
      <trkpt lat="50.77539" lon="2.80059">
        <ele>86</ele>
        <time>2025-03-24T10:26:23+00:00</time>
      </trkpt>
      <trkpt lat="50.77586" lon="2.80043">
        <ele>88</ele>
        <time>2025-03-24T10:26:26+00:00</time>
      </trkpt>
      <trkpt lat="50.77602" lon="2.80006">
        <ele>88</ele>
        <time>2025-03-24T10:26:29+00:00</time>
      </trkpt>
      <trkpt lat="50.77618" lon="2.79969">
        <ele>87</ele>
        <time>2025-03-24T10:26:32+00:00</time>
      </trkpt>
      <trkpt lat="50.77634" lon="2.79931">
        <ele>87</ele>
        <time>2025-03-24T10:26:35+00:00</time>
      </trkpt>
      <trkpt lat="50.77658" lon="2.79926">
        <ele>87</ele>
        <time>2025-03-24T10:26:38+00:00</time>
      </trkpt>
      <trkpt lat="50.77686" lon="2.7992">
        <ele>86</ele>
        <time>2025-03-24T10:26:41+00:00</time>
      </trkpt>
      <trkpt lat="50.7772" lon="2.79893">
        <ele>81</ele>
        <time>2025-03-24T10:26:44+00:00</time>
      </trkpt>
      <trkpt lat="50.77724" lon="2.79858">
        <ele>78</ele>
        <time>2025-03-24T10:26:47+00:00</time>
      </trkpt>
      <trkpt lat="50.77729" lon="2.79816">
        <ele>77</ele>
        <time>2025-03-24T10:26:50+00:00</time>
      </trkpt>
      <trkpt lat="50.77765" lon="2.79789">
        <ele>73</ele>
        <time>2025-03-24T10:26:53+00:00</time>
      </trkpt>
      <trkpt lat="50.77767" lon="2.79757">
        <ele>72</ele>
        <time>2025-03-24T10:26:56+00:00</time>
      </trkpt>
      <trkpt lat="50.77799" lon="2.79741">
        <ele>72</ele>
        <time>2025-03-24T10:26:59+00:00</time>
      </trkpt>
      <trkpt lat="50.77831" lon="2.79724">
        <ele>71</ele>
        <time>2025-03-24T10:27:02+00:00</time>
      </trkpt>
      <trkpt lat="50.77864" lon="2.79708">
        <ele>71</ele>
        <time>2025-03-24T10:27:05+00:00</time>
      </trkpt>
      <trkpt lat="50.77925" lon="2.79677">
        <ele>71</ele>
        <time>2025-03-24T10:27:08+00:00</time>
      </trkpt>
      <trkpt lat="50.77931" lon="2.79634">
        <ele>71</ele>
        <time>2025-03-24T10:27:11+00:00</time>
      </trkpt>
      <trkpt lat="50.77942" lon="2.79558">
        <ele>70</ele>
        <time>2025-03-24T10:27:14+00:00</time>
      </trkpt>
      <trkpt lat="50.77943" lon="2.79509">
        <ele>70</ele>
        <time>2025-03-24T10:27:17+00:00</time>
      </trkpt>
      <trkpt lat="50.77943" lon="2.7946">
        <ele>70</ele>
        <time>2025-03-24T10:27:20+00:00</time>
      </trkpt>
      <trkpt lat="50.77944" lon="2.79381">
        <ele>70</ele>
        <time>2025-03-24T10:27:23+00:00</time>
      </trkpt>
      <trkpt lat="50.7794" lon="2.79333">
        <ele>70</ele>
        <time>2025-03-24T10:27:26+00:00</time>
      </trkpt>
      <trkpt lat="50.77937" lon="2.79285">
        <ele>70</ele>
        <time>2025-03-24T10:27:29+00:00</time>
      </trkpt>
      <trkpt lat="50.77932" lon="2.79212">
        <ele>70</ele>
        <time>2025-03-24T10:27:32+00:00</time>
      </trkpt>
      <trkpt lat="50.77923" lon="2.79167">
        <ele>70</ele>
        <time>2025-03-24T10:27:35+00:00</time>
      </trkpt>
      <trkpt lat="50.77914" lon="2.79121">
        <ele>70</ele>
        <time>2025-03-24T10:27:38+00:00</time>
      </trkpt>
      <trkpt lat="50.77902" lon="2.79056">
        <ele>70</ele>
        <time>2025-03-24T10:27:41+00:00</time>
      </trkpt>
      <trkpt lat="50.77899" lon="2.79007">
        <ele>70</ele>
        <time>2025-03-24T10:27:44+00:00</time>
      </trkpt>
      <trkpt lat="50.77896" lon="2.78958">
        <ele>69</ele>
        <time>2025-03-24T10:27:47+00:00</time>
      </trkpt>
      <trkpt lat="50.77891" lon="2.78873">
        <ele>67</ele>
        <time>2025-03-24T10:27:50+00:00</time>
      </trkpt>
      <trkpt lat="50.77894" lon="2.78832">
        <ele>65</ele>
        <time>2025-03-24T10:27:53+00:00</time>
      </trkpt>
      <trkpt lat="50.77897" lon="2.7877">
        <ele>61</ele>
        <time>2025-03-24T10:27:56+00:00</time>
      </trkpt>
      <trkpt lat="50.77877" lon="2.78746">
        <ele>59</ele>
        <time>2025-03-24T10:27:59+00:00</time>
      </trkpt>
      <trkpt lat="50.77848" lon="2.78711">
        <ele>57</ele>
        <time>2025-03-24T10:28:02+00:00</time>
      </trkpt>
      <trkpt lat="50.77827" lon="2.78692">
        <ele>55</ele>
        <time>2025-03-24T10:28:05+00:00</time>
      </trkpt>
      <trkpt lat="50.778" lon="2.78669">
        <ele>54</ele>
        <time>2025-03-24T10:28:08+00:00</time>
      </trkpt>
      <trkpt lat="50.77777" lon="2.78656">
        <ele>53</ele>
        <time>2025-03-24T10:28:11+00:00</time>
      </trkpt>
      <trkpt lat="50.77745" lon="2.78638">
        <ele>53</ele>
        <time>2025-03-24T10:28:14+00:00</time>
      </trkpt>
      <trkpt lat="50.77734" lon="2.78618">
        <ele>53</ele>
        <time>2025-03-24T10:28:17+00:00</time>
      </trkpt>
      <trkpt lat="50.77734" lon="2.78618">
        <ele>53</ele>
        <time>2025-03-24T10:28:20+00:00</time>
      </trkpt>
      <trkpt lat="50.77735" lon="2.78594">
        <ele>53</ele>
        <time>2025-03-24T10:28:23+00:00</time>
      </trkpt>
      <trkpt lat="50.77736" lon="2.78567">
        <ele>53</ele>
        <time>2025-03-24T10:28:26+00:00</time>
      </trkpt>
      <trkpt lat="50.77731" lon="2.78523">
        <ele>54</ele>
        <time>2025-03-24T10:28:29+00:00</time>
      </trkpt>
      <trkpt lat="50.77725" lon="2.78479">
        <ele>54</ele>
        <time>2025-03-24T10:28:32+00:00</time>
      </trkpt>
      <trkpt lat="50.7772" lon="2.78434">
        <ele>55</ele>
        <time>2025-03-24T10:28:35+00:00</time>
      </trkpt>
      <trkpt lat="50.77712" lon="2.78397">
        <ele>55</ele>
        <time>2025-03-24T10:28:38+00:00</time>
      </trkpt>
      <trkpt lat="50.77702" lon="2.78348">
        <ele>56</ele>
        <time>2025-03-24T10:28:41+00:00</time>
      </trkpt>
      <trkpt lat="50.77694" lon="2.78302">
        <ele>56</ele>
        <time>2025-03-24T10:28:44+00:00</time>
      </trkpt>
      <trkpt lat="50.77687" lon="2.78256">
        <ele>58</ele>
        <time>2025-03-24T10:28:47+00:00</time>
      </trkpt>
      <trkpt lat="50.77677" lon="2.78192">
        <ele>59</ele>
        <time>2025-03-24T10:28:50+00:00</time>
      </trkpt>
      <trkpt lat="50.77663" lon="2.7816">
        <ele>60</ele>
        <time>2025-03-24T10:28:53+00:00</time>
      </trkpt>
      <trkpt lat="50.77646" lon="2.78117">
        <ele>61</ele>
        <time>2025-03-24T10:28:56+00:00</time>
      </trkpt>
      <trkpt lat="50.77614" lon="2.78074">
        <ele>62</ele>
        <time>2025-03-24T10:28:59+00:00</time>
      </trkpt>
      <trkpt lat="50.77605" lon="2.78028">
        <ele>64</ele>
        <time>2025-03-24T10:29:02+00:00</time>
      </trkpt>
      <trkpt lat="50.77593" lon="2.77976">
        <ele>66</ele>
        <time>2025-03-24T10:29:05+00:00</time>
      </trkpt>
      <trkpt lat="50.77582" lon="2.77925">
        <ele>67</ele>
        <time>2025-03-24T10:29:08+00:00</time>
      </trkpt>
      <trkpt lat="50.77571" lon="2.77878">
        <ele>69</ele>
        <time>2025-03-24T10:29:11+00:00</time>
      </trkpt>
      <trkpt lat="50.77561" lon="2.77832">
        <ele>70</ele>
        <time>2025-03-24T10:29:14+00:00</time>
      </trkpt>
      <trkpt lat="50.77543" lon="2.77752">
        <ele>72</ele>
        <time>2025-03-24T10:29:17+00:00</time>
      </trkpt>
      <trkpt lat="50.77537" lon="2.77714">
        <ele>73</ele>
        <time>2025-03-24T10:29:20+00:00</time>
      </trkpt>
      <trkpt lat="50.77521" lon="2.7769">
        <ele>74</ele>
        <time>2025-03-24T10:29:23+00:00</time>
      </trkpt>
      <trkpt lat="50.77504" lon="2.77664">
        <ele>74</ele>
        <time>2025-03-24T10:29:26+00:00</time>
      </trkpt>
      <trkpt lat="50.77486" lon="2.77633">
        <ele>74</ele>
        <time>2025-03-24T10:29:29+00:00</time>
      </trkpt>
      <trkpt lat="50.7747" lon="2.77608">
        <ele>75</ele>
        <time>2025-03-24T10:29:32+00:00</time>
      </trkpt>
      <trkpt lat="50.77452" lon="2.77579">
        <ele>75</ele>
        <time>2025-03-24T10:29:35+00:00</time>
      </trkpt>
      <trkpt lat="50.77437" lon="2.77562">
        <ele>75</ele>
        <time>2025-03-24T10:29:38+00:00</time>
      </trkpt>
      <trkpt lat="50.77415" lon="2.77573">
        <ele>75</ele>
        <time>2025-03-24T10:29:41+00:00</time>
      </trkpt>
      <trkpt lat="50.77386" lon="2.77585">
        <ele>75</ele>
        <time>2025-03-24T10:29:44+00:00</time>
      </trkpt>
      <trkpt lat="50.77365" lon="2.77601">
        <ele>75</ele>
        <time>2025-03-24T10:29:47+00:00</time>
      </trkpt>
      <trkpt lat="50.77338" lon="2.7762">
        <ele>74</ele>
        <time>2025-03-24T10:29:50+00:00</time>
      </trkpt>
      <trkpt lat="50.77316" lon="2.77631">
        <ele>74</ele>
        <time>2025-03-24T10:29:53+00:00</time>
      </trkpt>
      <trkpt lat="50.77287" lon="2.77645">
        <ele>74</ele>
        <time>2025-03-24T10:29:56+00:00</time>
      </trkpt>
      <trkpt lat="50.77256" lon="2.77658">
        <ele>74</ele>
        <time>2025-03-24T10:29:59+00:00</time>
      </trkpt>
      <trkpt lat="50.77224" lon="2.77672">
        <ele>74</ele>
        <time>2025-03-24T10:30:02+00:00</time>
      </trkpt>
      <trkpt lat="50.77193" lon="2.77686">
        <ele>74</ele>
        <time>2025-03-24T10:30:05+00:00</time>
      </trkpt>
      <trkpt lat="50.77155" lon="2.77702">
        <ele>74</ele>
        <time>2025-03-24T10:30:08+00:00</time>
      </trkpt>
      <trkpt lat="50.77151" lon="2.77666">
        <ele>74</ele>
        <time>2025-03-24T10:30:11+00:00</time>
      </trkpt>
      <trkpt lat="50.77146" lon="2.77622">
        <ele>75</ele>
        <time>2025-03-24T10:30:14+00:00</time>
      </trkpt>
      <trkpt lat="50.77139" lon="2.77586">
        <ele>75</ele>
        <time>2025-03-24T10:30:17+00:00</time>
      </trkpt>
      <trkpt lat="50.77129" lon="2.77539">
        <ele>74</ele>
        <time>2025-03-24T10:30:20+00:00</time>
      </trkpt>
      <trkpt lat="50.77116" lon="2.77505">
        <ele>74</ele>
        <time>2025-03-24T10:30:23+00:00</time>
      </trkpt>
      <trkpt lat="50.77099" lon="2.77459">
        <ele>73</ele>
        <time>2025-03-24T10:30:26+00:00</time>
      </trkpt>
      <trkpt lat="50.77084" lon="2.77411">
        <ele>71</ele>
        <time>2025-03-24T10:30:29+00:00</time>
      </trkpt>
      <trkpt lat="50.77075" lon="2.77376">
        <ele>70</ele>
        <time>2025-03-24T10:30:32+00:00</time>
      </trkpt>
      <trkpt lat="50.77065" lon="2.77333">
        <ele>68</ele>
        <time>2025-03-24T10:30:35+00:00</time>
      </trkpt>
      <trkpt lat="50.7706" lon="2.77293">
        <ele>66</ele>
        <time>2025-03-24T10:30:38+00:00</time>
      </trkpt>
      <trkpt lat="50.77054" lon="2.77236">
        <ele>63</ele>
        <time>2025-03-24T10:30:41+00:00</time>
      </trkpt>
      <trkpt lat="50.77048" lon="2.77202">
        <ele>61</ele>
        <time>2025-03-24T10:30:44+00:00</time>
      </trkpt>
      <trkpt lat="50.77041" lon="2.77164">
        <ele>59</ele>
        <time>2025-03-24T10:30:47+00:00</time>
      </trkpt>
      <trkpt lat="50.77025" lon="2.77121">
        <ele>57</ele>
        <time>2025-03-24T10:30:50+00:00</time>
      </trkpt>
      <trkpt lat="50.77008" lon="2.77078">
        <ele>54</ele>
        <time>2025-03-24T10:30:53+00:00</time>
      </trkpt>
      <trkpt lat="50.76978" lon="2.76999">
        <ele>51</ele>
        <time>2025-03-24T10:30:56+00:00</time>
      </trkpt>
      <trkpt lat="50.76967" lon="2.76962">
        <ele>50</ele>
        <time>2025-03-24T10:30:59+00:00</time>
      </trkpt>
      <trkpt lat="50.7695" lon="2.76907">
        <ele>49</ele>
        <time>2025-03-24T10:31:02+00:00</time>
      </trkpt>
      <trkpt lat="50.76955" lon="2.76867">
        <ele>48</ele>
        <time>2025-03-24T10:31:05+00:00</time>
      </trkpt>
      <trkpt lat="50.76961" lon="2.76809">
        <ele>48</ele>
        <time>2025-03-24T10:31:08+00:00</time>
      </trkpt>
      <trkpt lat="50.76976" lon="2.7677">
        <ele>49</ele>
        <time>2025-03-24T10:31:11+00:00</time>
      </trkpt>
      <trkpt lat="50.7699" lon="2.76736">
        <ele>50</ele>
        <time>2025-03-24T10:31:14+00:00</time>
      </trkpt>
      <trkpt lat="50.77011" lon="2.76684">
        <ele>52</ele>
        <time>2025-03-24T10:31:17+00:00</time>
      </trkpt>
      <trkpt lat="50.77023" lon="2.76647">
        <ele>53</ele>
        <time>2025-03-24T10:31:20+00:00</time>
      </trkpt>
      <trkpt lat="50.77043" lon="2.76589">
        <ele>54</ele>
        <time>2025-03-24T10:31:23+00:00</time>
      </trkpt>
      <trkpt lat="50.77055" lon="2.76554">
        <ele>54</ele>
        <time>2025-03-24T10:31:26+00:00</time>
      </trkpt>
      <trkpt lat="50.77073" lon="2.76505">
        <ele>55</ele>
        <time>2025-03-24T10:31:29+00:00</time>
      </trkpt>
      <trkpt lat="50.77093" lon="2.76446">
        <ele>55</ele>
        <time>2025-03-24T10:31:32+00:00</time>
      </trkpt>
      <trkpt lat="50.7711" lon="2.76408">
        <ele>57</ele>
        <time>2025-03-24T10:31:35+00:00</time>
      </trkpt>
      <trkpt lat="50.77127" lon="2.7637">
        <ele>58</ele>
        <time>2025-03-24T10:31:38+00:00</time>
      </trkpt>
      <trkpt lat="50.77148" lon="2.76324">
        <ele>58</ele>
        <time>2025-03-24T10:31:41+00:00</time>
      </trkpt>
      <trkpt lat="50.77163" lon="2.76299">
        <ele>60</ele>
        <time>2025-03-24T10:31:44+00:00</time>
      </trkpt>
      <trkpt lat="50.77179" lon="2.76274">
        <ele>60</ele>
        <time>2025-03-24T10:31:47+00:00</time>
      </trkpt>
      <trkpt lat="50.77209" lon="2.76299">
        <ele>62</ele>
        <time>2025-03-24T10:31:50+00:00</time>
      </trkpt>
      <trkpt lat="50.77239" lon="2.76324">
        <ele>64</ele>
        <time>2025-03-24T10:31:53+00:00</time>
      </trkpt>
      <trkpt lat="50.77269" lon="2.76349">
        <ele>67</ele>
        <time>2025-03-24T10:31:56+00:00</time>
      </trkpt>
      <trkpt lat="50.77328" lon="2.76398">
        <ele>70</ele>
        <time>2025-03-24T10:31:59+00:00</time>
      </trkpt>
      <trkpt lat="50.77345" lon="2.76359">
        <ele>71</ele>
        <time>2025-03-24T10:32:02+00:00</time>
      </trkpt>
      <trkpt lat="50.77362" lon="2.7632">
        <ele>73</ele>
        <time>2025-03-24T10:32:05+00:00</time>
      </trkpt>
      <trkpt lat="50.77386" lon="2.76265">
        <ele>74</ele>
        <time>2025-03-24T10:32:08+00:00</time>
      </trkpt>
      <trkpt lat="50.7741" lon="2.76262">
        <ele>76</ele>
        <time>2025-03-24T10:32:11+00:00</time>
      </trkpt>
      <trkpt lat="50.77443" lon="2.76257">
        <ele>78</ele>
        <time>2025-03-24T10:32:14+00:00</time>
      </trkpt>
      <trkpt lat="50.77466" lon="2.76253">
        <ele>78</ele>
        <time>2025-03-24T10:32:17+00:00</time>
      </trkpt>
      <trkpt lat="50.77492" lon="2.76249">
        <ele>78</ele>
        <time>2025-03-24T10:32:20+00:00</time>
      </trkpt>
      <trkpt lat="50.77524" lon="2.76245">
        <ele>81</ele>
        <time>2025-03-24T10:32:23+00:00</time>
      </trkpt>
      <trkpt lat="50.77557" lon="2.76241">
        <ele>83</ele>
        <time>2025-03-24T10:32:26+00:00</time>
      </trkpt>
      <trkpt lat="50.7759" lon="2.76237">
        <ele>83</ele>
        <time>2025-03-24T10:32:29+00:00</time>
      </trkpt>
      <trkpt lat="50.77631" lon="2.76231">
        <ele>85</ele>
        <time>2025-03-24T10:32:32+00:00</time>
      </trkpt>
      <trkpt lat="50.77662" lon="2.76222">
        <ele>85</ele>
        <time>2025-03-24T10:32:35+00:00</time>
      </trkpt>
      <trkpt lat="50.77693" lon="2.76214">
        <ele>85</ele>
        <time>2025-03-24T10:32:38+00:00</time>
      </trkpt>
      <trkpt lat="50.77752" lon="2.76197">
        <ele>86</ele>
        <time>2025-03-24T10:32:41+00:00</time>
      </trkpt>
      <trkpt lat="50.77776" lon="2.76193">
        <ele>88</ele>
        <time>2025-03-24T10:32:44+00:00</time>
      </trkpt>
      <trkpt lat="50.77808" lon="2.76187">
        <ele>89</ele>
        <time>2025-03-24T10:32:47+00:00</time>
      </trkpt>
      <trkpt lat="50.77836" lon="2.76188">
        <ele>89</ele>
        <time>2025-03-24T10:32:50+00:00</time>
      </trkpt>
      <trkpt lat="50.77865" lon="2.76189">
        <ele>90</ele>
        <time>2025-03-24T10:32:53+00:00</time>
      </trkpt>
      <trkpt lat="50.77895" lon="2.7619">
        <ele>91</ele>
        <time>2025-03-24T10:32:56+00:00</time>
      </trkpt>
      <trkpt lat="50.77924" lon="2.7619">
        <ele>92</ele>
        <time>2025-03-24T10:32:59+00:00</time>
      </trkpt>
      <trkpt lat="50.77954" lon="2.76191">
        <ele>93</ele>
        <time>2025-03-24T10:33:02+00:00</time>
      </trkpt>
      <trkpt lat="50.77987" lon="2.76192">
        <ele>94</ele>
        <time>2025-03-24T10:33:05+00:00</time>
      </trkpt>
      <trkpt lat="50.77988" lon="2.76145">
        <ele>94</ele>
        <time>2025-03-24T10:33:08+00:00</time>
      </trkpt>
      <trkpt lat="50.77988" lon="2.76099">
        <ele>94</ele>
        <time>2025-03-24T10:33:11+00:00</time>
      </trkpt>
      <trkpt lat="50.77989" lon="2.7604">
        <ele>93</ele>
        <time>2025-03-24T10:33:14+00:00</time>
      </trkpt>
      <trkpt lat="50.7799" lon="2.75993">
        <ele>93</ele>
        <time>2025-03-24T10:33:17+00:00</time>
      </trkpt>
      <trkpt lat="50.77992" lon="2.75947">
        <ele>91</ele>
        <time>2025-03-24T10:33:20+00:00</time>
      </trkpt>
      <trkpt lat="50.77993" lon="2.75892">
        <ele>90</ele>
        <time>2025-03-24T10:33:23+00:00</time>
      </trkpt>
      <trkpt lat="50.78008" lon="2.75838">
        <ele>90</ele>
        <time>2025-03-24T10:33:26+00:00</time>
      </trkpt>
      <trkpt lat="50.78002" lon="2.75798">
        <ele>90</ele>
        <time>2025-03-24T10:33:29+00:00</time>
      </trkpt>
      <trkpt lat="50.77992" lon="2.75734">
        <ele>94</ele>
        <time>2025-03-24T10:33:32+00:00</time>
      </trkpt>
      <trkpt lat="50.77998" lon="2.75701">
        <ele>97</ele>
        <time>2025-03-24T10:33:35+00:00</time>
      </trkpt>
      <trkpt lat="50.78004" lon="2.75667">
        <ele>103</ele>
        <time>2025-03-24T10:33:38+00:00</time>
      </trkpt>
      <trkpt lat="50.77985" lon="2.75633">
        <ele>103</ele>
        <time>2025-03-24T10:33:41+00:00</time>
      </trkpt>
      <trkpt lat="50.77983" lon="2.75597">
        <ele>104</ele>
        <time>2025-03-24T10:33:44+00:00</time>
      </trkpt>
      <trkpt lat="50.77982" lon="2.75557">
        <ele>106</ele>
        <time>2025-03-24T10:33:47+00:00</time>
      </trkpt>
      <trkpt lat="50.78009" lon="2.75565">
        <ele>106</ele>
        <time>2025-03-24T10:33:50+00:00</time>
      </trkpt>
      <trkpt lat="50.78056" lon="2.7558">
        <ele>107</ele>
        <time>2025-03-24T10:33:53+00:00</time>
      </trkpt>
      <trkpt lat="50.78084" lon="2.75584">
        <ele>107</ele>
        <time>2025-03-24T10:33:56+00:00</time>
      </trkpt>
      <trkpt lat="50.78097" lon="2.75583">
        <ele>108</ele>
        <time>2025-03-24T10:33:59+00:00</time>
      </trkpt>
      <trkpt lat="50.78103" lon="2.75615">
        <ele>109</ele>
        <time>2025-03-24T10:34:02+00:00</time>
      </trkpt>
      <trkpt lat="50.78112" lon="2.75667">
        <ele>109</ele>
        <time>2025-03-24T10:34:05+00:00</time>
      </trkpt>
      <trkpt lat="50.78111" lon="2.75711">
        <ele>107</ele>
        <time>2025-03-24T10:34:08+00:00</time>
      </trkpt>
      <trkpt lat="50.78111" lon="2.75748">
        <ele>107</ele>
        <time>2025-03-24T10:34:11+00:00</time>
      </trkpt>
      <trkpt lat="50.7811" lon="2.75795">
        <ele>110</ele>
        <time>2025-03-24T10:34:14+00:00</time>
      </trkpt>
      <trkpt lat="50.7812" lon="2.75804">
        <ele>108</ele>
        <time>2025-03-24T10:34:17+00:00</time>
      </trkpt>
      <trkpt lat="50.78145" lon="2.75801">
        <ele>114</ele>
        <time>2025-03-24T10:34:20+00:00</time>
      </trkpt>
      <trkpt lat="50.78171" lon="2.75791">
        <ele>119</ele>
        <time>2025-03-24T10:34:23+00:00</time>
      </trkpt>
      <trkpt lat="50.78196" lon="2.75771">
        <ele>123</ele>
        <time>2025-03-24T10:34:26+00:00</time>
      </trkpt>
      <trkpt lat="50.78218" lon="2.75763">
        <ele>125</ele>
        <time>2025-03-24T10:34:29+00:00</time>
      </trkpt>
      <trkpt lat="50.78255" lon="2.75748">
        <ele>130</ele>
        <time>2025-03-24T10:34:32+00:00</time>
      </trkpt>
      <trkpt lat="50.78278" lon="2.75741">
        <ele>131</ele>
        <time>2025-03-24T10:34:35+00:00</time>
      </trkpt>
      <trkpt lat="50.78307" lon="2.75734">
        <ele>134</ele>
        <time>2025-03-24T10:34:38+00:00</time>
      </trkpt>
      <trkpt lat="50.7834" lon="2.75721">
        <ele>136</ele>
        <time>2025-03-24T10:34:41+00:00</time>
      </trkpt>
      <trkpt lat="50.78376" lon="2.7569">
        <ele>136</ele>
        <time>2025-03-24T10:34:44+00:00</time>
      </trkpt>
      <trkpt lat="50.78369" lon="2.75656">
        <ele>135</ele>
        <time>2025-03-24T10:34:47+00:00</time>
      </trkpt>
      <trkpt lat="50.78336" lon="2.75669">
        <ele>135</ele>
        <time>2025-03-24T10:34:50+00:00</time>
      </trkpt>
      <trkpt lat="50.78302" lon="2.75682">
        <ele>135</ele>
        <time>2025-03-24T10:34:53+00:00</time>
      </trkpt>
      <trkpt lat="50.78269" lon="2.75695">
        <ele>133</ele>
        <time>2025-03-24T10:34:56+00:00</time>
      </trkpt>
      <trkpt lat="50.78236" lon="2.75708">
        <ele>130</ele>
        <time>2025-03-24T10:34:59+00:00</time>
      </trkpt>
      <trkpt lat="50.78196" lon="2.75724">
        <ele>126</ele>
        <time>2025-03-24T10:35:02+00:00</time>
      </trkpt>
      <trkpt lat="50.78194" lon="2.75673">
        <ele>125</ele>
        <time>2025-03-24T10:35:05+00:00</time>
      </trkpt>
      <trkpt lat="50.78192" lon="2.75622">
        <ele>121</ele>
        <time>2025-03-24T10:35:08+00:00</time>
      </trkpt>
      <trkpt lat="50.7819" lon="2.75571">
        <ele>118</ele>
        <time>2025-03-24T10:35:11+00:00</time>
      </trkpt>
      <trkpt lat="50.78188" lon="2.75516">
        <ele>116</ele>
        <time>2025-03-24T10:35:14+00:00</time>
      </trkpt>
      <trkpt lat="50.78214" lon="2.75511">
        <ele>116</ele>
        <time>2025-03-24T10:35:17+00:00</time>
      </trkpt>
      <trkpt lat="50.78255" lon="2.75501">
        <ele>110</ele>
        <time>2025-03-24T10:35:20+00:00</time>
      </trkpt>
      <trkpt lat="50.78285" lon="2.75475">
        <ele>109</ele>
        <time>2025-03-24T10:35:23+00:00</time>
      </trkpt>
      <trkpt lat="50.78313" lon="2.7543">
        <ele>106</ele>
        <time>2025-03-24T10:35:26+00:00</time>
      </trkpt>
      <trkpt lat="50.78337" lon="2.75389">
        <ele>105</ele>
        <time>2025-03-24T10:35:29+00:00</time>
      </trkpt>
      <trkpt lat="50.7836" lon="2.75366">
        <ele>105</ele>
        <time>2025-03-24T10:35:32+00:00</time>
      </trkpt>
      <trkpt lat="50.7838" lon="2.75354">
        <ele>106</ele>
        <time>2025-03-24T10:35:35+00:00</time>
      </trkpt>
      <trkpt lat="50.784" lon="2.75343">
        <ele>108</ele>
        <time>2025-03-24T10:35:38+00:00</time>
      </trkpt>
      <trkpt lat="50.78431" lon="2.75332">
        <ele>109</ele>
        <time>2025-03-24T10:35:41+00:00</time>
      </trkpt>
      <trkpt lat="50.78421" lon="2.75292">
        <ele>109</ele>
        <time>2025-03-24T10:35:44+00:00</time>
      </trkpt>
      <trkpt lat="50.78402" lon="2.75222">
        <ele>109</ele>
        <time>2025-03-24T10:35:47+00:00</time>
      </trkpt>
      <trkpt lat="50.78387" lon="2.75192">
        <ele>109</ele>
        <time>2025-03-24T10:35:50+00:00</time>
      </trkpt>
      <trkpt lat="50.78366" lon="2.75153">
        <ele>109</ele>
        <time>2025-03-24T10:35:53+00:00</time>
      </trkpt>
      <trkpt lat="50.7834" lon="2.75109">
        <ele>112</ele>
        <time>2025-03-24T10:35:56+00:00</time>
      </trkpt>
      <trkpt lat="50.78318" lon="2.75068">
        <ele>112</ele>
        <time>2025-03-24T10:35:59+00:00</time>
      </trkpt>
      <trkpt lat="50.78306" lon="2.75038">
        <ele>112</ele>
        <time>2025-03-24T10:36:02+00:00</time>
      </trkpt>
      <trkpt lat="50.78294" lon="2.75006">
        <ele>110</ele>
        <time>2025-03-24T10:36:05+00:00</time>
      </trkpt>
      <trkpt lat="50.78274" lon="2.74981">
        <ele>108</ele>
        <time>2025-03-24T10:36:08+00:00</time>
      </trkpt>
      <trkpt lat="50.78253" lon="2.74952">
        <ele>106</ele>
        <time>2025-03-24T10:36:11+00:00</time>
      </trkpt>
      <trkpt lat="50.78211" lon="2.74895">
        <ele>101</ele>
        <time>2025-03-24T10:36:14+00:00</time>
      </trkpt>
      <trkpt lat="50.78192" lon="2.74871">
        <ele>101</ele>
        <time>2025-03-24T10:36:17+00:00</time>
      </trkpt>
      <trkpt lat="50.78168" lon="2.74839">
        <ele>99</ele>
        <time>2025-03-24T10:36:20+00:00</time>
      </trkpt>
      <trkpt lat="50.78145" lon="2.74815">
        <ele>99</ele>
        <time>2025-03-24T10:36:23+00:00</time>
      </trkpt>
      <trkpt lat="50.78101" lon="2.74772">
        <ele>98</ele>
        <time>2025-03-24T10:36:26+00:00</time>
      </trkpt>
      <trkpt lat="50.78078" lon="2.74749">
        <ele>97</ele>
        <time>2025-03-24T10:36:29+00:00</time>
      </trkpt>
      <trkpt lat="50.78037" lon="2.7471">
        <ele>97</ele>
        <time>2025-03-24T10:36:32+00:00</time>
      </trkpt>
      <trkpt lat="50.78014" lon="2.74693">
        <ele>95</ele>
        <time>2025-03-24T10:36:35+00:00</time>
      </trkpt>
      <trkpt lat="50.78006" lon="2.7466">
        <ele>91</ele>
        <time>2025-03-24T10:36:38+00:00</time>
      </trkpt>
      <trkpt lat="50.77998" lon="2.74624">
        <ele>90</ele>
        <time>2025-03-24T10:36:41+00:00</time>
      </trkpt>
      <trkpt lat="50.77988" lon="2.74577">
        <ele>92</ele>
        <time>2025-03-24T10:36:44+00:00</time>
      </trkpt>
      <trkpt lat="50.78013" lon="2.74555">
        <ele>94</ele>
        <time>2025-03-24T10:36:47+00:00</time>
      </trkpt>
      <trkpt lat="50.78034" lon="2.74536">
        <ele>98</ele>
        <time>2025-03-24T10:36:50+00:00</time>
      </trkpt>
      <trkpt lat="50.7806" lon="2.74512">
        <ele>99</ele>
        <time>2025-03-24T10:36:53+00:00</time>
      </trkpt>
      <trkpt lat="50.78046" lon="2.74486">
        <ele>97</ele>
        <time>2025-03-24T10:36:56+00:00</time>
      </trkpt>
      <trkpt lat="50.7803" lon="2.74458">
        <ele>100</ele>
        <time>2025-03-24T10:36:59+00:00</time>
      </trkpt>
      <trkpt lat="50.78041" lon="2.74402">
        <ele>104</ele>
        <time>2025-03-24T10:37:02+00:00</time>
      </trkpt>
      <trkpt lat="50.78014" lon="2.7438">
        <ele>104</ele>
        <time>2025-03-24T10:37:05+00:00</time>
      </trkpt>
      <trkpt lat="50.77988" lon="2.74359">
        <ele>108</ele>
        <time>2025-03-24T10:37:08+00:00</time>
      </trkpt>
      <trkpt lat="50.77952" lon="2.7433">
        <ele>111</ele>
        <time>2025-03-24T10:37:11+00:00</time>
      </trkpt>
      <trkpt lat="50.77959" lon="2.74293">
        <ele>113</ele>
        <time>2025-03-24T10:37:14+00:00</time>
      </trkpt>
      <trkpt lat="50.77969" lon="2.74244">
        <ele>113</ele>
        <time>2025-03-24T10:37:17+00:00</time>
      </trkpt>
      <trkpt lat="50.77947" lon="2.7423">
        <ele>113</ele>
        <time>2025-03-24T10:37:20+00:00</time>
      </trkpt>
      <trkpt lat="50.7792" lon="2.74212">
        <ele>112</ele>
        <time>2025-03-24T10:37:23+00:00</time>
      </trkpt>
      <trkpt lat="50.77893" lon="2.74193">
        <ele>111</ele>
        <time>2025-03-24T10:37:26+00:00</time>
      </trkpt>
      <trkpt lat="50.77859" lon="2.74171">
        <ele>109</ele>
        <time>2025-03-24T10:37:29+00:00</time>
      </trkpt>
      <trkpt lat="50.77833" lon="2.74158">
        <ele>105</ele>
        <time>2025-03-24T10:37:32+00:00</time>
      </trkpt>
      <trkpt lat="50.77785" lon="2.74136">
        <ele>97</ele>
        <time>2025-03-24T10:37:35+00:00</time>
      </trkpt>
      <trkpt lat="50.77767" lon="2.74115">
        <ele>95</ele>
        <time>2025-03-24T10:37:38+00:00</time>
      </trkpt>
      <trkpt lat="50.77745" lon="2.74091">
        <ele>94</ele>
        <time>2025-03-24T10:37:41+00:00</time>
      </trkpt>
      <trkpt lat="50.77717" lon="2.74055">
        <ele>94</ele>
        <time>2025-03-24T10:37:44+00:00</time>
      </trkpt>
      <trkpt lat="50.77705" lon="2.74023">
        <ele>94</ele>
        <time>2025-03-24T10:37:47+00:00</time>
      </trkpt>
      <trkpt lat="50.77691" lon="2.73983">
        <ele>96</ele>
        <time>2025-03-24T10:37:50+00:00</time>
      </trkpt>
      <trkpt lat="50.77676" lon="2.73956">
        <ele>97</ele>
        <time>2025-03-24T10:37:53+00:00</time>
      </trkpt>
      <trkpt lat="50.77658" lon="2.73925">
        <ele>100</ele>
        <time>2025-03-24T10:37:56+00:00</time>
      </trkpt>
      <trkpt lat="50.77631" lon="2.73888">
        <ele>104</ele>
        <time>2025-03-24T10:37:59+00:00</time>
      </trkpt>
      <trkpt lat="50.77648" lon="2.73838">
        <ele>106</ele>
        <time>2025-03-24T10:38:02+00:00</time>
      </trkpt>
      <trkpt lat="50.7766" lon="2.73827">
        <ele>106</ele>
        <time>2025-03-24T10:38:05+00:00</time>
      </trkpt>
      <trkpt lat="50.77664" lon="2.73792">
        <ele>108</ele>
        <time>2025-03-24T10:38:08+00:00</time>
      </trkpt>
      <trkpt lat="50.77671" lon="2.73729">
        <ele>110</ele>
        <time>2025-03-24T10:38:11+00:00</time>
      </trkpt>
      <trkpt lat="50.77672" lon="2.73693">
        <ele>110</ele>
        <time>2025-03-24T10:38:14+00:00</time>
      </trkpt>
      <trkpt lat="50.77674" lon="2.73651">
        <ele>111</ele>
        <time>2025-03-24T10:38:17+00:00</time>
      </trkpt>
      <trkpt lat="50.7769" lon="2.73626">
        <ele>111</ele>
        <time>2025-03-24T10:38:20+00:00</time>
      </trkpt>
      <trkpt lat="50.77707" lon="2.736">
        <ele>118</ele>
        <time>2025-03-24T10:38:23+00:00</time>
      </trkpt>
      <trkpt lat="50.77732" lon="2.73578">
        <ele>132</ele>
        <time>2025-03-24T10:38:26+00:00</time>
      </trkpt>
      <trkpt lat="50.77758" lon="2.73556">
        <ele>134</ele>
        <time>2025-03-24T10:38:29+00:00</time>
      </trkpt>
      <trkpt lat="50.77786" lon="2.73532">
        <ele>138</ele>
        <time>2025-03-24T10:38:32+00:00</time>
      </trkpt>
      <trkpt lat="50.778" lon="2.735">
        <ele>139</ele>
        <time>2025-03-24T10:38:35+00:00</time>
      </trkpt>
      <trkpt lat="50.7782" lon="2.73458">
        <ele>141</ele>
        <time>2025-03-24T10:38:38+00:00</time>
      </trkpt>
      <trkpt lat="50.77839" lon="2.7341">
        <ele>142</ele>
        <time>2025-03-24T10:38:41+00:00</time>
      </trkpt>
      <trkpt lat="50.77845" lon="2.73376">
        <ele>142</ele>
        <time>2025-03-24T10:38:44+00:00</time>
      </trkpt>
      <trkpt lat="50.77852" lon="2.73337">
        <ele>142</ele>
        <time>2025-03-24T10:38:47+00:00</time>
      </trkpt>
      <trkpt lat="50.77867" lon="2.73302">
        <ele>142</ele>
        <time>2025-03-24T10:38:50+00:00</time>
      </trkpt>
      <trkpt lat="50.77893" lon="2.73245">
        <ele>142</ele>
        <time>2025-03-24T10:38:53+00:00</time>
      </trkpt>
      <trkpt lat="50.77912" lon="2.73195">
        <ele>138</ele>
        <time>2025-03-24T10:38:56+00:00</time>
      </trkpt>
      <trkpt lat="50.77932" lon="2.73165">
        <ele>138</ele>
        <time>2025-03-24T10:38:59+00:00</time>
      </trkpt>
      <trkpt lat="50.77945" lon="2.73131">
        <ele>136</ele>
        <time>2025-03-24T10:39:02+00:00</time>
      </trkpt>
      <trkpt lat="50.77964" lon="2.73083">
        <ele>135</ele>
        <time>2025-03-24T10:39:05+00:00</time>
      </trkpt>
      <trkpt lat="50.77948" lon="2.73111">
        <ele>135</ele>
        <time>2025-03-24T10:39:08+00:00</time>
      </trkpt>
      <trkpt lat="50.77927" lon="2.73147">
        <ele>135</ele>
        <time>2025-03-24T10:39:11+00:00</time>
      </trkpt>
      <trkpt lat="50.77903" lon="2.73166">
        <ele>133</ele>
        <time>2025-03-24T10:39:14+00:00</time>
      </trkpt>
      <trkpt lat="50.77883" lon="2.73189">
        <ele>129</ele>
        <time>2025-03-24T10:39:17+00:00</time>
      </trkpt>
      <trkpt lat="50.77855" lon="2.73222">
        <ele>129</ele>
        <time>2025-03-24T10:39:20+00:00</time>
      </trkpt>
      <trkpt lat="50.77839" lon="2.73251">
        <ele>128</ele>
        <time>2025-03-24T10:39:23+00:00</time>
      </trkpt>
      <trkpt lat="50.77817" lon="2.73289">
        <ele>128</ele>
        <time>2025-03-24T10:39:26+00:00</time>
      </trkpt>
      <trkpt lat="50.77803" lon="2.73315">
        <ele>129</ele>
        <time>2025-03-24T10:39:29+00:00</time>
      </trkpt>
      <trkpt lat="50.77788" lon="2.73342">
        <ele>126</ele>
        <time>2025-03-24T10:39:32+00:00</time>
      </trkpt>
      <trkpt lat="50.77764" lon="2.73361">
        <ele>124</ele>
        <time>2025-03-24T10:39:35+00:00</time>
      </trkpt>
      <trkpt lat="50.77741" lon="2.73388">
        <ele>122</ele>
        <time>2025-03-24T10:39:38+00:00</time>
      </trkpt>
      <trkpt lat="50.77731" lon="2.73351">
        <ele>114</ele>
        <time>2025-03-24T10:39:41+00:00</time>
      </trkpt>
      <trkpt lat="50.77717" lon="2.73299">
        <ele>99</ele>
        <time>2025-03-24T10:39:44+00:00</time>
      </trkpt>
      <trkpt lat="50.77709" lon="2.73268">
        <ele>92</ele>
        <time>2025-03-24T10:39:47+00:00</time>
      </trkpt>
      <trkpt lat="50.77701" lon="2.73236">
        <ele>90</ele>
        <time>2025-03-24T10:39:50+00:00</time>
      </trkpt>
      <trkpt lat="50.77694" lon="2.73199">
        <ele>87</ele>
        <time>2025-03-24T10:39:53+00:00</time>
      </trkpt>
      <trkpt lat="50.77684" lon="2.73147">
        <ele>84</ele>
        <time>2025-03-24T10:39:56+00:00</time>
      </trkpt>
      <trkpt lat="50.77672" lon="2.7314">
        <ele>83</ele>
        <time>2025-03-24T10:39:59+00:00</time>
      </trkpt>
      <trkpt lat="50.77656" lon="2.73135">
        <ele>81</ele>
        <time>2025-03-24T10:40:02+00:00</time>
      </trkpt>
      <trkpt lat="50.77638" lon="2.7313">
        <ele>78</ele>
        <time>2025-03-24T10:40:05+00:00</time>
      </trkpt>
      <trkpt lat="50.77633" lon="2.73099">
        <ele>77</ele>
        <time>2025-03-24T10:40:08+00:00</time>
      </trkpt>
      <trkpt lat="50.77609" lon="2.73085">
        <ele>75</ele>
        <time>2025-03-24T10:40:11+00:00</time>
      </trkpt>
      <trkpt lat="50.77576" lon="2.73066">
        <ele>73</ele>
        <time>2025-03-24T10:40:14+00:00</time>
      </trkpt>
      <trkpt lat="50.7757" lon="2.73036">
        <ele>71</ele>
        <time>2025-03-24T10:40:17+00:00</time>
      </trkpt>
      <trkpt lat="50.77547" lon="2.73013">
        <ele>69</ele>
        <time>2025-03-24T10:40:20+00:00</time>
      </trkpt>
      <trkpt lat="50.77528" lon="2.72995">
        <ele>69</ele>
        <time>2025-03-24T10:40:23+00:00</time>
      </trkpt>
      <trkpt lat="50.77506" lon="2.72974">
        <ele>68</ele>
        <time>2025-03-24T10:40:26+00:00</time>
      </trkpt>
      <trkpt lat="50.77498" lon="2.72942">
        <ele>65</ele>
        <time>2025-03-24T10:40:29+00:00</time>
      </trkpt>
      <trkpt lat="50.77489" lon="2.72908">
        <ele>65</ele>
        <time>2025-03-24T10:40:32+00:00</time>
      </trkpt>
      <trkpt lat="50.77477" lon="2.72908">
        <ele>63</ele>
        <time>2025-03-24T10:40:35+00:00</time>
      </trkpt>
      <trkpt lat="50.77455" lon="2.72897">
        <ele>65</ele>
        <time>2025-03-24T10:40:38+00:00</time>
      </trkpt>
      <trkpt lat="50.77418" lon="2.72878">
        <ele>67</ele>
        <time>2025-03-24T10:40:41+00:00</time>
      </trkpt>
      <trkpt lat="50.77376" lon="2.72875">
        <ele>72</ele>
        <time>2025-03-24T10:40:44+00:00</time>
      </trkpt>
      <trkpt lat="50.77356" lon="2.72862">
        <ele>72</ele>
        <time>2025-03-24T10:40:47+00:00</time>
      </trkpt>
      <trkpt lat="50.77336" lon="2.72848">
        <ele>72</ele>
        <time>2025-03-24T10:40:50+00:00</time>
      </trkpt>
      <trkpt lat="50.77331" lon="2.72821">
        <ele>69</ele>
        <time>2025-03-24T10:40:53+00:00</time>
      </trkpt>
      <trkpt lat="50.77338" lon="2.7278">
        <ele>65</ele>
        <time>2025-03-24T10:40:56+00:00</time>
      </trkpt>
      <trkpt lat="50.77369" lon="2.72742">
        <ele>59</ele>
        <time>2025-03-24T10:40:59+00:00</time>
      </trkpt>
      <trkpt lat="50.77378" lon="2.72695">
        <ele>55</ele>
        <time>2025-03-24T10:41:02+00:00</time>
      </trkpt>
      <trkpt lat="50.77393" lon="2.72656">
        <ele>51</ele>
        <time>2025-03-24T10:41:05+00:00</time>
      </trkpt>
      <trkpt lat="50.77381" lon="2.72626">
        <ele>51</ele>
        <time>2025-03-24T10:41:08+00:00</time>
      </trkpt>
      <trkpt lat="50.77372" lon="2.72594">
        <ele>49</ele>
        <time>2025-03-24T10:41:11+00:00</time>
      </trkpt>
      <trkpt lat="50.77361" lon="2.7256">
        <ele>47</ele>
        <time>2025-03-24T10:41:14+00:00</time>
      </trkpt>
      <trkpt lat="50.7736" lon="2.72525">
        <ele>46</ele>
        <time>2025-03-24T10:41:17+00:00</time>
      </trkpt>
      <trkpt lat="50.77359" lon="2.72487">
        <ele>45</ele>
        <time>2025-03-24T10:41:20+00:00</time>
      </trkpt>
      <trkpt lat="50.77353" lon="2.72454">
        <ele>44</ele>
        <time>2025-03-24T10:41:23+00:00</time>
      </trkpt>
      <trkpt lat="50.77347" lon="2.72421">
        <ele>43</ele>
        <time>2025-03-24T10:41:26+00:00</time>
      </trkpt>
      <trkpt lat="50.77346" lon="2.72383">
        <ele>42</ele>
        <time>2025-03-24T10:41:29+00:00</time>
      </trkpt>
      <trkpt lat="50.77344" lon="2.72334">
        <ele>41</ele>
        <time>2025-03-24T10:41:32+00:00</time>
      </trkpt>
      <trkpt lat="50.77335" lon="2.723">
        <ele>40</ele>
        <time>2025-03-24T10:41:35+00:00</time>
      </trkpt>
      <trkpt lat="50.77325" lon="2.7226">
        <ele>40</ele>
        <time>2025-03-24T10:41:38+00:00</time>
      </trkpt>
      <trkpt lat="50.77297" lon="2.72222">
        <ele>39</ele>
        <time>2025-03-24T10:41:41+00:00</time>
      </trkpt>
      <trkpt lat="50.77275" lon="2.72226">
        <ele>39</ele>
        <time>2025-03-24T10:41:44+00:00</time>
      </trkpt>
      <trkpt lat="50.77252" lon="2.72231">
        <ele>39</ele>
        <time>2025-03-24T10:41:47+00:00</time>
      </trkpt>
      <trkpt lat="50.77224" lon="2.72228">
        <ele>39</ele>
        <time>2025-03-24T10:41:50+00:00</time>
      </trkpt>
      <trkpt lat="50.7717" lon="2.72222">
        <ele>38</ele>
        <time>2025-03-24T10:41:53+00:00</time>
      </trkpt>
      <trkpt lat="50.77141" lon="2.72224">
        <ele>38</ele>
        <time>2025-03-24T10:41:56+00:00</time>
      </trkpt>
      <trkpt lat="50.77112" lon="2.72233">
        <ele>38</ele>
        <time>2025-03-24T10:41:59+00:00</time>
      </trkpt>
      <trkpt lat="50.77089" lon="2.72254">
        <ele>37</ele>
        <time>2025-03-24T10:42:02+00:00</time>
      </trkpt>
      <trkpt lat="50.77067" lon="2.72252">
        <ele>37</ele>
        <time>2025-03-24T10:42:05+00:00</time>
      </trkpt>
      <trkpt lat="50.77044" lon="2.72244">
        <ele>37</ele>
        <time>2025-03-24T10:42:08+00:00</time>
      </trkpt>
      <trkpt lat="50.77017" lon="2.72235">
        <ele>37</ele>
        <time>2025-03-24T10:42:11+00:00</time>
      </trkpt>
      <trkpt lat="50.76992" lon="2.72224">
        <ele>36</ele>
        <time>2025-03-24T10:42:14+00:00</time>
      </trkpt>
      <trkpt lat="50.76956" lon="2.72209">
        <ele>35</ele>
        <time>2025-03-24T10:42:17+00:00</time>
      </trkpt>
      <trkpt lat="50.76933" lon="2.72199">
        <ele>35</ele>
        <time>2025-03-24T10:42:20+00:00</time>
      </trkpt>
      <trkpt lat="50.76902" lon="2.72185">
        <ele>35</ele>
        <time>2025-03-24T10:42:23+00:00</time>
      </trkpt>
      <trkpt lat="50.7687" lon="2.72163">
        <ele>34</ele>
        <time>2025-03-24T10:42:26+00:00</time>
      </trkpt>
      <trkpt lat="50.76849" lon="2.72151">
        <ele>34</ele>
        <time>2025-03-24T10:42:29+00:00</time>
      </trkpt>
      <trkpt lat="50.76826" lon="2.72139">
        <ele>34</ele>
        <time>2025-03-24T10:42:32+00:00</time>
      </trkpt>
      <trkpt lat="50.76817" lon="2.72186">
        <ele>34</ele>
        <time>2025-03-24T10:42:35+00:00</time>
      </trkpt>
      <trkpt lat="50.76808" lon="2.72232">
        <ele>35</ele>
        <time>2025-03-24T10:42:38+00:00</time>
      </trkpt>
      <trkpt lat="50.76793" lon="2.72309">
        <ele>37</ele>
        <time>2025-03-24T10:42:41+00:00</time>
      </trkpt>
      <trkpt lat="50.76784" lon="2.72351">
        <ele>38</ele>
        <time>2025-03-24T10:42:44+00:00</time>
      </trkpt>
      <trkpt lat="50.76775" lon="2.72387">
        <ele>39</ele>
        <time>2025-03-24T10:42:47+00:00</time>
      </trkpt>
      <trkpt lat="50.76764" lon="2.72434">
        <ele>40</ele>
        <time>2025-03-24T10:42:50+00:00</time>
      </trkpt>
      <trkpt lat="50.76748" lon="2.72471">
        <ele>41</ele>
        <time>2025-03-24T10:42:53+00:00</time>
      </trkpt>
      <trkpt lat="50.76732" lon="2.72504">
        <ele>41</ele>
        <time>2025-03-24T10:42:56+00:00</time>
      </trkpt>
      <trkpt lat="50.76709" lon="2.72489">
        <ele>40</ele>
        <time>2025-03-24T10:42:59+00:00</time>
      </trkpt>
      <trkpt lat="50.76676" lon="2.72468">
        <ele>40</ele>
        <time>2025-03-24T10:43:02+00:00</time>
      </trkpt>
      <trkpt lat="50.76656" lon="2.72455">
        <ele>39</ele>
        <time>2025-03-24T10:43:05+00:00</time>
      </trkpt>
      <trkpt lat="50.76634" lon="2.72442">
        <ele>38</ele>
        <time>2025-03-24T10:43:08+00:00</time>
      </trkpt>
      <trkpt lat="50.76612" lon="2.72419">
        <ele>36</ele>
        <time>2025-03-24T10:43:11+00:00</time>
      </trkpt>
      <trkpt lat="50.76578" lon="2.72385">
        <ele>35</ele>
        <time>2025-03-24T10:43:14+00:00</time>
      </trkpt>
      <trkpt lat="50.76557" lon="2.72357">
        <ele>33</ele>
        <time>2025-03-24T10:43:17+00:00</time>
      </trkpt>
      <trkpt lat="50.7652" lon="2.72309">
        <ele>32</ele>
        <time>2025-03-24T10:43:20+00:00</time>
      </trkpt>
      <trkpt lat="50.76479" lon="2.723">
        <ele>31</ele>
        <time>2025-03-24T10:43:23+00:00</time>
      </trkpt>
      <trkpt lat="50.76458" lon="2.72255">
        <ele>31</ele>
        <time>2025-03-24T10:43:26+00:00</time>
      </trkpt>
      <trkpt lat="50.76443" lon="2.72224">
        <ele>31</ele>
        <time>2025-03-24T10:43:29+00:00</time>
      </trkpt>
      <trkpt lat="50.76422" lon="2.72182">
        <ele>31</ele>
        <time>2025-03-24T10:43:32+00:00</time>
      </trkpt>
      <trkpt lat="50.76409" lon="2.72165">
        <ele>31</ele>
        <time>2025-03-24T10:43:35+00:00</time>
      </trkpt>
      <trkpt lat="50.764" lon="2.72158">
        <ele>31</ele>
        <time>2025-03-24T10:43:38+00:00</time>
      </trkpt>
      <trkpt lat="50.76392" lon="2.72155">
        <ele>31</ele>
        <time>2025-03-24T10:43:41+00:00</time>
      </trkpt>
      <trkpt lat="50.76385" lon="2.72127">
        <ele>31</ele>
        <time>2025-03-24T10:43:44+00:00</time>
      </trkpt>
      <trkpt lat="50.76377" lon="2.72095">
        <ele>31</ele>
        <time>2025-03-24T10:43:47+00:00</time>
      </trkpt>
      <trkpt lat="50.76359" lon="2.72069">
        <ele>31</ele>
        <time>2025-03-24T10:43:50+00:00</time>
      </trkpt>
      <trkpt lat="50.76347" lon="2.72035">
        <ele>31</ele>
        <time>2025-03-24T10:43:53+00:00</time>
      </trkpt>
      <trkpt lat="50.76335" lon="2.72006">
        <ele>32</ele>
        <time>2025-03-24T10:43:56+00:00</time>
      </trkpt>
      <trkpt lat="50.76322" lon="2.71977">
        <ele>32</ele>
        <time>2025-03-24T10:43:59+00:00</time>
      </trkpt>
      <trkpt lat="50.76335" lon="2.71942">
        <ele>32</ele>
        <time>2025-03-24T10:44:02+00:00</time>
      </trkpt>
      <trkpt lat="50.76343" lon="2.71903">
        <ele>32</ele>
        <time>2025-03-24T10:44:05+00:00</time>
      </trkpt>
      <trkpt lat="50.76355" lon="2.71844">
        <ele>33</ele>
        <time>2025-03-24T10:44:08+00:00</time>
      </trkpt>
      <trkpt lat="50.76343" lon="2.71833">
        <ele>33</ele>
        <time>2025-03-24T10:44:11+00:00</time>
      </trkpt>
      <trkpt lat="50.76349" lon="2.71807">
        <ele>33</ele>
        <time>2025-03-24T10:44:14+00:00</time>
      </trkpt>
      <trkpt lat="50.76356" lon="2.71776">
        <ele>33</ele>
        <time>2025-03-24T10:44:17+00:00</time>
      </trkpt>
    </trkseg>
  </trk>
</gpx>
