<?xml version="1.0" encoding="UTF-8"?>
<gpx creator="StravaGPX" version="1.1" xmlns="http://www.topografix.com/GPX/1/1" xmlns:xsi="http://www.w3.org/2001/XMLSchema-instance" xsi:schemaLocation="http://www.topografix.com/GPX/1/1 http://www.topografix.com/GPX/1/1/gpx.xsd">
 <metadata>
  <name>OCC UTMB 2024 🏔️</name>
  <author>
   <name>Guillaume Fabien</name>
   <link href="https://www.strava.com/athletes/63575360"/>
  </author>
  <copyright author="OpenStreetMap contributors">
   <year>2020</year>
   <license>https://www.openstreetmap.org/copyright</license>
  </copyright>
  <link href="https://www.strava.com/routes/3339855866186793166"/>
 </metadata>
 <trk>
  <name>OCC UTMB 2024 🏔️</name>
  <link href="https://www.strava.com/routes/3339855866186793166"/>
  <type>trail_running</type>
  <trkseg>
   <trkpt lat="46.028670000000005" lon="7.14627">
    <ele>897.08</ele>
   </trkpt>
   <trkpt lat="46.0285" lon="7.146350000000001">
    <ele>897.39</ele>
   </trkpt>
   <trkpt lat="46.02832" lon="7.146350000000001">
    <ele>897.73</ele>
   </trkpt>
   <trkpt lat="46.028240000000004" lon="7.146280000000001">
    <ele>897.73</ele>
   </trkpt>
   <trkpt lat="46.028020000000005" lon="7.145840000000001">
    <ele>898.08</ele>
   </trkpt>
   <trkpt lat="46.027840000000005" lon="7.145620000000001">
    <ele>898.4200000000001</ele>
   </trkpt>
   <trkpt lat="46.0275" lon="7.145340000000001">
    <ele>899.5400000000001</ele>
   </trkpt>
   <trkpt lat="46.02716" lon="7.1451400000000005">
    <ele>901.24</ele>
   </trkpt>
   <trkpt lat="46.02696" lon="7.145090000000001">
    <ele>901.96</ele>
   </trkpt>
   <trkpt lat="46.02671" lon="7.145110000000001">
    <ele>904.07</ele>
   </trkpt>
   <trkpt lat="46.026070000000004" lon="7.14547">
    <ele>909.49</ele>
   </trkpt>
   <trkpt lat="46.025830000000006" lon="7.145550000000001">
    <ele>911.05</ele>
   </trkpt>
   <trkpt lat="46.025690000000004" lon="7.1455400000000004">
    <ele>911.05</ele>
   </trkpt>
   <trkpt lat="46.02553" lon="7.145530000000001">
    <ele>911.2900000000001</ele>
   </trkpt>
   <trkpt lat="46.02516000000001" lon="7.145390000000001">
    <ele>912.6400000000001</ele>
   </trkpt>
   <trkpt lat="46.02488" lon="7.14517">
    <ele>913.27</ele>
   </trkpt>
   <trkpt lat="46.02456" lon="7.145010000000001">
    <ele>914.4000000000001</ele>
   </trkpt>
   <trkpt lat="46.02431000000001" lon="7.144990000000001">
    <ele>914.61</ele>
   </trkpt>
   <trkpt lat="46.02404000000001" lon="7.145090000000001">
    <ele>914.8600000000001</ele>
   </trkpt>
   <trkpt lat="46.023520000000005" lon="7.145340000000001">
    <ele>916.7700000000001</ele>
   </trkpt>
   <trkpt lat="46.023140000000005" lon="7.145490000000001">
    <ele>917.72</ele>
   </trkpt>
   <trkpt lat="46.02302" lon="7.145510000000001">
    <ele>917.72</ele>
   </trkpt>
   <trkpt lat="46.02291" lon="7.14545">
    <ele>918.63</ele>
   </trkpt>
   <trkpt lat="46.022850000000005" lon="7.14547">
    <ele>918.63</ele>
   </trkpt>
   <trkpt lat="46.02273" lon="7.145460000000001">
    <ele>918.63</ele>
   </trkpt>
   <trkpt lat="46.02261" lon="7.145390000000001">
    <ele>919.46</ele>
   </trkpt>
   <trkpt lat="46.02239" lon="7.14519">
    <ele>919.76</ele>
   </trkpt>
   <trkpt lat="46.022130000000004" lon="7.145010000000001">
    <ele>921.0300000000001</ele>
   </trkpt>
   <trkpt lat="46.0215" lon="7.144540000000001">
    <ele>925.1700000000001</ele>
   </trkpt>
   <trkpt lat="46.02125" lon="7.144430000000001">
    <ele>927.0500000000001</ele>
   </trkpt>
   <trkpt lat="46.021080000000005" lon="7.1443900000000005">
    <ele>927.7900000000001</ele>
   </trkpt>
   <trkpt lat="46.020900000000005" lon="7.1444600000000005">
    <ele>929.8600000000001</ele>
   </trkpt>
   <trkpt lat="46.020810000000004" lon="7.144550000000001">
    <ele>931.1400000000001</ele>
   </trkpt>
   <trkpt lat="46.02076" lon="7.1447">
    <ele>932.5200000000001</ele>
   </trkpt>
   <trkpt lat="46.02067" lon="7.145110000000001">
    <ele>935.8000000000001</ele>
   </trkpt>
   <trkpt lat="46.02044" lon="7.14519">
    <ele>935.83</ele>
   </trkpt>
   <trkpt lat="46.02026" lon="7.145200000000001">
    <ele>935.9000000000001</ele>
   </trkpt>
   <trkpt lat="46.0202" lon="7.145160000000001">
    <ele>936.21</ele>
   </trkpt>
   <trkpt lat="46.02015" lon="7.145010000000001">
    <ele>937.0200000000001</ele>
   </trkpt>
   <trkpt lat="46.02013" lon="7.1447400000000005">
    <ele>938.97</ele>
   </trkpt>
   <trkpt lat="46.020030000000006" lon="7.144360000000001">
    <ele>942.09</ele>
   </trkpt>
   <trkpt lat="46.019960000000005" lon="7.1441300000000005">
    <ele>943.4800000000001</ele>
   </trkpt>
   <trkpt lat="46.01990000000001" lon="7.14367">
    <ele>948.13</ele>
   </trkpt>
   <trkpt lat="46.019850000000005" lon="7.1433800000000005">
    <ele>950.69</ele>
   </trkpt>
   <trkpt lat="46.01984" lon="7.143230000000001">
    <ele>951.57</ele>
   </trkpt>
   <trkpt lat="46.019960000000005" lon="7.142830000000001">
    <ele>954.85</ele>
   </trkpt>
   <trkpt lat="46.01999000000001" lon="7.14268">
    <ele>956.0500000000001</ele>
   </trkpt>
   <trkpt lat="46.020010000000006" lon="7.141970000000001">
    <ele>962.1800000000001</ele>
   </trkpt>
   <trkpt lat="46.01999000000001" lon="7.141900000000001">
    <ele>963.76</ele>
   </trkpt>
   <trkpt lat="46.01995" lon="7.141870000000001">
    <ele>963.76</ele>
   </trkpt>
   <trkpt lat="46.019940000000005" lon="7.14177">
    <ele>964.2100000000002</ele>
   </trkpt>
   <trkpt lat="46.01961000000001" lon="7.14099">
    <ele>969.0600000000001</ele>
   </trkpt>
   <trkpt lat="46.01944" lon="7.140670000000001">
    <ele>970.5500000000001</ele>
   </trkpt>
   <trkpt lat="46.019380000000005" lon="7.14022">
    <ele>972.23</ele>
   </trkpt>
   <trkpt lat="46.019200000000005" lon="7.139780000000001">
    <ele>975.2600000000001</ele>
   </trkpt>
   <trkpt lat="46.019130000000004" lon="7.139530000000001">
    <ele>975.86</ele>
   </trkpt>
   <trkpt lat="46.019090000000006" lon="7.139290000000001">
    <ele>975.5</ele>
   </trkpt>
   <trkpt lat="46.0189" lon="7.138850000000001">
    <ele>974.0200000000001</ele>
   </trkpt>
   <trkpt lat="46.01867000000001" lon="7.138210000000001">
    <ele>972.95</ele>
   </trkpt>
   <trkpt lat="46.01865" lon="7.13785">
    <ele>970.25</ele>
   </trkpt>
   <trkpt lat="46.01869000000001" lon="7.137560000000001">
    <ele>968.74</ele>
   </trkpt>
   <trkpt lat="46.01867000000001" lon="7.1373500000000005">
    <ele>966.5</ele>
   </trkpt>
   <trkpt lat="46.01847" lon="7.13686">
    <ele>964.5400000000001</ele>
   </trkpt>
   <trkpt lat="46.01791" lon="7.13623">
    <ele>966.85</ele>
   </trkpt>
   <trkpt lat="46.01773" lon="7.13569">
    <ele>968.1500000000001</ele>
   </trkpt>
   <trkpt lat="46.017680000000006" lon="7.135370000000001">
    <ele>968.5600000000001</ele>
   </trkpt>
   <trkpt lat="46.017680000000006" lon="7.13461">
    <ele>969.61</ele>
   </trkpt>
   <trkpt lat="46.017720000000004" lon="7.1343700000000005">
    <ele>969.9900000000001</ele>
   </trkpt>
   <trkpt lat="46.017790000000005" lon="7.134220000000001">
    <ele>970.0300000000001</ele>
   </trkpt>
   <trkpt lat="46.01802000000001" lon="7.133450000000001">
    <ele>968.9700000000001</ele>
   </trkpt>
   <trkpt lat="46.01807" lon="7.133220000000001">
    <ele>968.5</ele>
   </trkpt>
   <trkpt lat="46.01821" lon="7.132930000000001">
    <ele>967.8800000000001</ele>
   </trkpt>
   <trkpt lat="46.018440000000005" lon="7.132960000000001">
    <ele>968.0000000000001</ele>
   </trkpt>
   <trkpt lat="46.018530000000005" lon="7.133120000000001">
    <ele>968.67</ele>
   </trkpt>
   <trkpt lat="46.01858000000001" lon="7.133170000000001">
    <ele>969.35</ele>
   </trkpt>
   <trkpt lat="46.018620000000006" lon="7.13318">
    <ele>969.35</ele>
   </trkpt>
   <trkpt lat="46.01878000000001" lon="7.133140000000001">
    <ele>970.34</ele>
   </trkpt>
   <trkpt lat="46.018860000000004" lon="7.1330800000000005">
    <ele>970.6600000000001</ele>
   </trkpt>
   <trkpt lat="46.018860000000004" lon="7.132890000000001">
    <ele>970.96</ele>
   </trkpt>
   <trkpt lat="46.0189" lon="7.132720000000001">
    <ele>971.1800000000001</ele>
   </trkpt>
   <trkpt lat="46.01881" lon="7.132630000000001">
    <ele>971.71</ele>
   </trkpt>
   <trkpt lat="46.018730000000005" lon="7.132460000000001">
    <ele>972.49</ele>
   </trkpt>
   <trkpt lat="46.018600000000006" lon="7.131780000000001">
    <ele>974.55</ele>
   </trkpt>
   <trkpt lat="46.018660000000004" lon="7.131660000000001">
    <ele>974.58</ele>
   </trkpt>
   <trkpt lat="46.01877" lon="7.1313200000000005">
    <ele>975.6000000000001</ele>
   </trkpt>
   <trkpt lat="46.01881" lon="7.131120000000001">
    <ele>977.2900000000001</ele>
   </trkpt>
   <trkpt lat="46.01878000000001" lon="7.130960000000001">
    <ele>977.55</ele>
   </trkpt>
   <trkpt lat="46.018890000000006" lon="7.13081">
    <ele>978.47</ele>
   </trkpt>
   <trkpt lat="46.018860000000004" lon="7.130750000000001">
    <ele>978.98</ele>
   </trkpt>
   <trkpt lat="46.018860000000004" lon="7.13062">
    <ele>981.28</ele>
   </trkpt>
   <trkpt lat="46.01888" lon="7.1305000000000005">
    <ele>981.28</ele>
   </trkpt>
   <trkpt lat="46.01894" lon="7.130330000000001">
    <ele>984.4800000000001</ele>
   </trkpt>
   <trkpt lat="46.01896000000001" lon="7.130160000000001">
    <ele>988.2900000000001</ele>
   </trkpt>
   <trkpt lat="46.018950000000004" lon="7.129950000000001">
    <ele>988.2900000000001</ele>
   </trkpt>
   <trkpt lat="46.01881" lon="7.129550000000001">
    <ele>992.48</ele>
   </trkpt>
   <trkpt lat="46.01879" lon="7.12943">
    <ele>995.53</ele>
   </trkpt>
   <trkpt lat="46.01878000000001" lon="7.12896">
    <ele>1000.92</ele>
   </trkpt>
   <trkpt lat="46.01872" lon="7.12849">
    <ele>1007.9100000000001</ele>
   </trkpt>
   <trkpt lat="46.018570000000004" lon="7.128190000000001">
    <ele>1011.23</ele>
   </trkpt>
   <trkpt lat="46.018420000000006" lon="7.127720000000001">
    <ele>1020.3300000000002</ele>
   </trkpt>
   <trkpt lat="46.01825" lon="7.1276">
    <ele>1021.29</ele>
   </trkpt>
   <trkpt lat="46.018190000000004" lon="7.1275">
    <ele>1024.0200000000002</ele>
   </trkpt>
   <trkpt lat="46.01863" lon="7.127510000000001">
    <ele>1023.3700000000001</ele>
   </trkpt>
   <trkpt lat="46.018730000000005" lon="7.127540000000001">
    <ele>1023.46</ele>
   </trkpt>
   <trkpt lat="46.01928" lon="7.12795">
    <ele>1023.9100000000001</ele>
   </trkpt>
   <trkpt lat="46.019450000000006" lon="7.12814">
    <ele>1021.87</ele>
   </trkpt>
   <trkpt lat="46.019580000000005" lon="7.128340000000001">
    <ele>1020.2200000000001</ele>
   </trkpt>
   <trkpt lat="46.01964" lon="7.12851">
    <ele>1019.1100000000001</ele>
   </trkpt>
   <trkpt lat="46.019760000000005" lon="7.129010000000001">
    <ele>1015.84</ele>
   </trkpt>
   <trkpt lat="46.01982" lon="7.129370000000001">
    <ele>1014.7900000000001</ele>
   </trkpt>
   <trkpt lat="46.019890000000004" lon="7.12957">
    <ele>1014.38</ele>
   </trkpt>
   <trkpt lat="46.020030000000006" lon="7.12985">
    <ele>1014.2500000000001</ele>
   </trkpt>
   <trkpt lat="46.020160000000004" lon="7.1302">
    <ele>1013.8900000000002</ele>
   </trkpt>
   <trkpt lat="46.020450000000004" lon="7.130630000000001">
    <ele>1012.81</ele>
   </trkpt>
   <trkpt lat="46.02069" lon="7.131100000000001">
    <ele>1012.11</ele>
   </trkpt>
   <trkpt lat="46.02075000000001" lon="7.131430000000001">
    <ele>1011.0799999999999</ele>
   </trkpt>
   <trkpt lat="46.0208" lon="7.1321200000000005">
    <ele>1008.08</ele>
   </trkpt>
   <trkpt lat="46.020860000000006" lon="7.132300000000001">
    <ele>1007.0100000000002</ele>
   </trkpt>
   <trkpt lat="46.021010000000004" lon="7.132610000000001">
    <ele>1004.69</ele>
   </trkpt>
   <trkpt lat="46.02109" lon="7.132720000000001">
    <ele>1003.1400000000001</ele>
   </trkpt>
   <trkpt lat="46.02121" lon="7.1326600000000004">
    <ele>1003.57</ele>
   </trkpt>
   <trkpt lat="46.021420000000006" lon="7.13259">
    <ele>1007.12</ele>
   </trkpt>
   <trkpt lat="46.02158000000001" lon="7.132580000000001">
    <ele>1010.78</ele>
   </trkpt>
   <trkpt lat="46.021730000000005" lon="7.132630000000001">
    <ele>1014.3900000000001</ele>
   </trkpt>
   <trkpt lat="46.021860000000004" lon="7.13271">
    <ele>1017.22</ele>
   </trkpt>
   <trkpt lat="46.022040000000004" lon="7.132890000000001">
    <ele>1021.52</ele>
   </trkpt>
   <trkpt lat="46.022180000000006" lon="7.132960000000001">
    <ele>1026.2900000000002</ele>
   </trkpt>
   <trkpt lat="46.022290000000005" lon="7.132960000000001">
    <ele>1028.3200000000002</ele>
   </trkpt>
   <trkpt lat="46.022580000000005" lon="7.13285">
    <ele>1031.2</ele>
   </trkpt>
   <trkpt lat="46.02263000000001" lon="7.132860000000001">
    <ele>1031.56</ele>
   </trkpt>
   <trkpt lat="46.02268" lon="7.1329">
    <ele>1031.96</ele>
   </trkpt>
   <trkpt lat="46.022710000000004" lon="7.132960000000001">
    <ele>1032.9</ele>
   </trkpt>
   <trkpt lat="46.02281000000001" lon="7.133310000000001">
    <ele>1036.6000000000001</ele>
   </trkpt>
   <trkpt lat="46.02317" lon="7.133490000000001">
    <ele>1045.63</ele>
   </trkpt>
   <trkpt lat="46.023360000000004" lon="7.133640000000001">
    <ele>1048.5</ele>
   </trkpt>
   <trkpt lat="46.023480000000006" lon="7.1337600000000005">
    <ele>1050.07</ele>
   </trkpt>
   <trkpt lat="46.023540000000004" lon="7.13379">
    <ele>1051.6100000000001</ele>
   </trkpt>
   <trkpt lat="46.023790000000005" lon="7.133630000000001">
    <ele>1053.88</ele>
   </trkpt>
   <trkpt lat="46.02391" lon="7.133630000000001">
    <ele>1054.7900000000002</ele>
   </trkpt>
   <trkpt lat="46.024010000000004" lon="7.1336900000000005">
    <ele>1055.41</ele>
   </trkpt>
   <trkpt lat="46.024060000000006" lon="7.13379">
    <ele>1056.3200000000002</ele>
   </trkpt>
   <trkpt lat="46.024080000000005" lon="7.133900000000001">
    <ele>1056.92</ele>
   </trkpt>
   <trkpt lat="46.02412" lon="7.1339500000000005">
    <ele>1058.07</ele>
   </trkpt>
   <trkpt lat="46.02412" lon="7.133610000000001">
    <ele>1059.8</ele>
   </trkpt>
   <trkpt lat="46.02412" lon="7.1336">
    <ele>1059.8</ele>
   </trkpt>
   <trkpt lat="46.024100000000004" lon="7.133430000000001">
    <ele>1061.0300000000002</ele>
   </trkpt>
   <trkpt lat="46.024060000000006" lon="7.133380000000001">
    <ele>1061.0300000000002</ele>
   </trkpt>
   <trkpt lat="46.02396" lon="7.1333400000000005">
    <ele>1061.88</ele>
   </trkpt>
   <trkpt lat="46.02375000000001" lon="7.13337">
    <ele>1064.57</ele>
   </trkpt>
   <trkpt lat="46.023700000000005" lon="7.1333400000000005">
    <ele>1064.57</ele>
   </trkpt>
   <trkpt lat="46.02358" lon="7.13299">
    <ele>1066.1000000000001</ele>
   </trkpt>
   <trkpt lat="46.02344" lon="7.132740000000001">
    <ele>1068.91</ele>
   </trkpt>
   <trkpt lat="46.023410000000005" lon="7.13264">
    <ele>1070.1000000000001</ele>
   </trkpt>
   <trkpt lat="46.02342" lon="7.13257">
    <ele>1070.1000000000001</ele>
   </trkpt>
   <trkpt lat="46.023410000000005" lon="7.1325">
    <ele>1070.1000000000001</ele>
   </trkpt>
   <trkpt lat="46.02342" lon="7.132270000000001">
    <ele>1073.68</ele>
   </trkpt>
   <trkpt lat="46.02346000000001" lon="7.132090000000001">
    <ele>1075.17</ele>
   </trkpt>
   <trkpt lat="46.02355000000001" lon="7.131830000000001">
    <ele>1076.91</ele>
   </trkpt>
   <trkpt lat="46.02356" lon="7.131690000000001">
    <ele>1077.23</ele>
   </trkpt>
   <trkpt lat="46.023540000000004" lon="7.13161">
    <ele>1077.23</ele>
   </trkpt>
   <trkpt lat="46.02344" lon="7.13142">
    <ele>1079.55</ele>
   </trkpt>
   <trkpt lat="46.023230000000005" lon="7.131290000000001">
    <ele>1083.56</ele>
   </trkpt>
   <trkpt lat="46.02308000000001" lon="7.131150000000001">
    <ele>1085.6000000000001</ele>
   </trkpt>
   <trkpt lat="46.023010000000006" lon="7.1310400000000005">
    <ele>1087.72</ele>
   </trkpt>
   <trkpt lat="46.02297" lon="7.130470000000001">
    <ele>1093.25</ele>
   </trkpt>
   <trkpt lat="46.02286" lon="7.13006">
    <ele>1103.67</ele>
   </trkpt>
   <trkpt lat="46.022850000000005" lon="7.12987">
    <ele>1103.67</ele>
   </trkpt>
   <trkpt lat="46.022890000000004" lon="7.12947">
    <ele>1107.8600000000001</ele>
   </trkpt>
   <trkpt lat="46.022800000000004" lon="7.129410000000001">
    <ele>1108.29</ele>
   </trkpt>
   <trkpt lat="46.02268" lon="7.1294200000000005">
    <ele>1108.5200000000002</ele>
   </trkpt>
   <trkpt lat="46.02252000000001" lon="7.1295">
    <ele>1108.72</ele>
   </trkpt>
   <trkpt lat="46.022380000000005" lon="7.1295">
    <ele>1109.31</ele>
   </trkpt>
   <trkpt lat="46.02221" lon="7.1294">
    <ele>1110.14</ele>
   </trkpt>
   <trkpt lat="46.022110000000005" lon="7.12931">
    <ele>1111.24</ele>
   </trkpt>
   <trkpt lat="46.022000000000006" lon="7.12917">
    <ele>1114.0800000000002</ele>
   </trkpt>
   <trkpt lat="46.0221" lon="7.128900000000001">
    <ele>1116.56</ele>
   </trkpt>
   <trkpt lat="46.022290000000005" lon="7.128540000000001">
    <ele>1124.0400000000002</ele>
   </trkpt>
   <trkpt lat="46.022240000000004" lon="7.128450000000001">
    <ele>1124.3400000000001</ele>
   </trkpt>
   <trkpt lat="46.0221" lon="7.12832">
    <ele>1124.7900000000002</ele>
   </trkpt>
   <trkpt lat="46.02179" lon="7.128120000000001">
    <ele>1125.3000000000002</ele>
   </trkpt>
   <trkpt lat="46.02160000000001" lon="7.128050000000001">
    <ele>1125.7</ele>
   </trkpt>
   <trkpt lat="46.02149000000001" lon="7.12804">
    <ele>1125.99</ele>
   </trkpt>
   <trkpt lat="46.021300000000004" lon="7.1281300000000005">
    <ele>1126.98</ele>
   </trkpt>
   <trkpt lat="46.021260000000005" lon="7.128100000000001">
    <ele>1127.3500000000001</ele>
   </trkpt>
   <trkpt lat="46.02113000000001" lon="7.127790000000001">
    <ele>1130.93</ele>
   </trkpt>
   <trkpt lat="46.02109" lon="7.12776">
    <ele>1130.93</ele>
   </trkpt>
   <trkpt lat="46.02102000000001" lon="7.127770000000001">
    <ele>1133.34</ele>
   </trkpt>
   <trkpt lat="46.021" lon="7.127730000000001">
    <ele>1133.34</ele>
   </trkpt>
   <trkpt lat="46.02098" lon="7.127630000000001">
    <ele>1135.7</ele>
   </trkpt>
   <trkpt lat="46.02105" lon="7.127280000000001">
    <ele>1139.21</ele>
   </trkpt>
   <trkpt lat="46.020990000000005" lon="7.126860000000001">
    <ele>1144.16</ele>
   </trkpt>
   <trkpt lat="46.02116" lon="7.126010000000001">
    <ele>1160.4</ele>
   </trkpt>
   <trkpt lat="46.021170000000005" lon="7.12579">
    <ele>1162.1100000000001</ele>
   </trkpt>
   <trkpt lat="46.021190000000004" lon="7.12572">
    <ele>1165.41</ele>
   </trkpt>
   <trkpt lat="46.02123" lon="7.125680000000001">
    <ele>1165.41</ele>
   </trkpt>
   <trkpt lat="46.021190000000004" lon="7.12565">
    <ele>1165.8200000000002</ele>
   </trkpt>
   <trkpt lat="46.02114" lon="7.12544">
    <ele>1166.59</ele>
   </trkpt>
   <trkpt lat="46.021060000000006" lon="7.125290000000001">
    <ele>1166.74</ele>
   </trkpt>
   <trkpt lat="46.020950000000006" lon="7.124950000000001">
    <ele>1167.64</ele>
   </trkpt>
   <trkpt lat="46.020830000000004" lon="7.12483">
    <ele>1168.44</ele>
   </trkpt>
   <trkpt lat="46.02074" lon="7.1248000000000005">
    <ele>1168.71</ele>
   </trkpt>
   <trkpt lat="46.020680000000006" lon="7.1248000000000005">
    <ele>1170.13</ele>
   </trkpt>
   <trkpt lat="46.020590000000006" lon="7.1247300000000005">
    <ele>1170.13</ele>
   </trkpt>
   <trkpt lat="46.020500000000006" lon="7.124650000000001">
    <ele>1170.74</ele>
   </trkpt>
   <trkpt lat="46.02046000000001" lon="7.124530000000001">
    <ele>1171.48</ele>
   </trkpt>
   <trkpt lat="46.020300000000006" lon="7.124530000000001">
    <ele>1173.8300000000002</ele>
   </trkpt>
   <trkpt lat="46.02017" lon="7.124490000000001">
    <ele>1176.0000000000002</ele>
   </trkpt>
   <trkpt lat="46.020070000000004" lon="7.124390000000001">
    <ele>1177.72</ele>
   </trkpt>
   <trkpt lat="46.02009" lon="7.124140000000001">
    <ele>1178.92</ele>
   </trkpt>
   <trkpt lat="46.02008000000001" lon="7.124040000000001">
    <ele>1179.94</ele>
   </trkpt>
   <trkpt lat="46.020010000000006" lon="7.123920000000001">
    <ele>1180.74</ele>
   </trkpt>
   <trkpt lat="46.01991" lon="7.12389">
    <ele>1181.22</ele>
   </trkpt>
   <trkpt lat="46.0197" lon="7.1239300000000005">
    <ele>1183.81</ele>
   </trkpt>
   <trkpt lat="46.019600000000004" lon="7.123880000000001">
    <ele>1183.81</ele>
   </trkpt>
   <trkpt lat="46.019510000000004" lon="7.1239300000000005">
    <ele>1185.94</ele>
   </trkpt>
   <trkpt lat="46.01939" lon="7.123920000000001">
    <ele>1185.94</ele>
   </trkpt>
   <trkpt lat="46.01894" lon="7.123730000000001">
    <ele>1187.99</ele>
   </trkpt>
   <trkpt lat="46.018800000000006" lon="7.1237200000000005">
    <ele>1188.45</ele>
   </trkpt>
   <trkpt lat="46.01868" lon="7.123740000000001">
    <ele>1189.4</ele>
   </trkpt>
   <trkpt lat="46.018440000000005" lon="7.1235100000000005">
    <ele>1193.0500000000002</ele>
   </trkpt>
   <trkpt lat="46.018330000000006" lon="7.12344">
    <ele>1193.0500000000002</ele>
   </trkpt>
   <trkpt lat="46.018170000000005" lon="7.1234">
    <ele>1195.4600000000003</ele>
   </trkpt>
   <trkpt lat="46.01807" lon="7.1234">
    <ele>1196.39</ele>
   </trkpt>
   <trkpt lat="46.01794" lon="7.12335">
    <ele>1198.0600000000002</ele>
   </trkpt>
   <trkpt lat="46.017520000000005" lon="7.1230400000000005">
    <ele>1201.0700000000002</ele>
   </trkpt>
   <trkpt lat="46.01744" lon="7.122940000000001">
    <ele>1201.77</ele>
   </trkpt>
   <trkpt lat="46.017320000000005" lon="7.12262">
    <ele>1204.39</ele>
   </trkpt>
   <trkpt lat="46.017210000000006" lon="7.1222">
    <ele>1207.47</ele>
   </trkpt>
   <trkpt lat="46.017160000000004" lon="7.122070000000001">
    <ele>1208.2400000000002</ele>
   </trkpt>
   <trkpt lat="46.01709" lon="7.12199">
    <ele>1208.76</ele>
   </trkpt>
   <trkpt lat="46.017" lon="7.121970000000001">
    <ele>1209.09</ele>
   </trkpt>
   <trkpt lat="46.01681000000001" lon="7.121720000000001">
    <ele>1210.92</ele>
   </trkpt>
   <trkpt lat="46.01702" lon="7.121740000000001">
    <ele>1215.45</ele>
   </trkpt>
   <trkpt lat="46.017050000000005" lon="7.121720000000001">
    <ele>1215.45</ele>
   </trkpt>
   <trkpt lat="46.017" lon="7.12152">
    <ele>1218.48</ele>
   </trkpt>
   <trkpt lat="46.01686" lon="7.121180000000001">
    <ele>1233.18</ele>
   </trkpt>
   <trkpt lat="46.01672000000001" lon="7.120990000000001">
    <ele>1239.1000000000001</ele>
   </trkpt>
   <trkpt lat="46.01673" lon="7.120730000000001">
    <ele>1245.94</ele>
   </trkpt>
   <trkpt lat="46.016510000000004" lon="7.120870000000001">
    <ele>1251.5500000000002</ele>
   </trkpt>
   <trkpt lat="46.016600000000004" lon="7.120400000000001">
    <ele>1265.0700000000002</ele>
   </trkpt>
   <trkpt lat="46.016600000000004" lon="7.120240000000001">
    <ele>1271.91</ele>
   </trkpt>
   <trkpt lat="46.01670000000001" lon="7.119980000000001">
    <ele>1278.14</ele>
   </trkpt>
   <trkpt lat="46.01679" lon="7.119890000000001">
    <ele>1285.9600000000003</ele>
   </trkpt>
   <trkpt lat="46.016760000000005" lon="7.119840000000001">
    <ele>1285.9600000000003</ele>
   </trkpt>
   <trkpt lat="46.016690000000004" lon="7.119840000000001">
    <ele>1285.9600000000003</ele>
   </trkpt>
   <trkpt lat="46.01661000000001" lon="7.119730000000001">
    <ele>1298.0800000000002</ele>
   </trkpt>
   <trkpt lat="46.01664" lon="7.1196600000000005">
    <ele>1298.0800000000002</ele>
   </trkpt>
   <trkpt lat="46.01661000000001" lon="7.119580000000001">
    <ele>1302.28</ele>
   </trkpt>
   <trkpt lat="46.01643000000001" lon="7.119300000000001">
    <ele>1316.8500000000001</ele>
   </trkpt>
   <trkpt lat="46.016420000000004" lon="7.11929">
    <ele>1316.8500000000001</ele>
   </trkpt>
   <trkpt lat="46.016690000000004" lon="7.119230000000001">
    <ele>1320.91</ele>
   </trkpt>
   <trkpt lat="46.016780000000004" lon="7.119140000000001">
    <ele>1321.5400000000002</ele>
   </trkpt>
   <trkpt lat="46.016920000000006" lon="7.1190500000000005">
    <ele>1321.5400000000002</ele>
   </trkpt>
   <trkpt lat="46.017120000000006" lon="7.118970000000001">
    <ele>1320.89</ele>
   </trkpt>
   <trkpt lat="46.01765" lon="7.118920000000001">
    <ele>1324.89</ele>
   </trkpt>
   <trkpt lat="46.01771" lon="7.118930000000001">
    <ele>1325.93</ele>
   </trkpt>
   <trkpt lat="46.01782" lon="7.119000000000001">
    <ele>1326.6</ele>
   </trkpt>
   <trkpt lat="46.01794" lon="7.119180000000001">
    <ele>1330.8600000000001</ele>
   </trkpt>
   <trkpt lat="46.01845" lon="7.11981">
    <ele>1344.92</ele>
   </trkpt>
   <trkpt lat="46.018550000000005" lon="7.11997">
    <ele>1349.8100000000002</ele>
   </trkpt>
   <trkpt lat="46.01865" lon="7.1199900000000005">
    <ele>1351.48</ele>
   </trkpt>
   <trkpt lat="46.018820000000005" lon="7.120080000000001">
    <ele>1353.48</ele>
   </trkpt>
   <trkpt lat="46.01881" lon="7.120010000000001">
    <ele>1354.23</ele>
   </trkpt>
   <trkpt lat="46.018570000000004" lon="7.119650000000001">
    <ele>1357.6200000000001</ele>
   </trkpt>
   <trkpt lat="46.01843" lon="7.119490000000001">
    <ele>1357.21</ele>
   </trkpt>
   <trkpt lat="46.01823" lon="7.11913">
    <ele>1356.18</ele>
   </trkpt>
   <trkpt lat="46.018260000000005" lon="7.11899">
    <ele>1357.2600000000002</ele>
   </trkpt>
   <trkpt lat="46.018260000000005" lon="7.11889">
    <ele>1358.75</ele>
   </trkpt>
   <trkpt lat="46.01822000000001" lon="7.118720000000001">
    <ele>1361.5400000000002</ele>
   </trkpt>
   <trkpt lat="46.01822000000001" lon="7.118480000000001">
    <ele>1365.0300000000002</ele>
   </trkpt>
   <trkpt lat="46.01831000000001" lon="7.118580000000001">
    <ele>1368.89</ele>
   </trkpt>
   <trkpt lat="46.01829" lon="7.1181600000000005">
    <ele>1380.3100000000002</ele>
   </trkpt>
   <trkpt lat="46.018370000000004" lon="7.118270000000001">
    <ele>1380.3100000000002</ele>
   </trkpt>
   <trkpt lat="46.01845" lon="7.11849">
    <ele>1385.61</ele>
   </trkpt>
   <trkpt lat="46.018480000000004" lon="7.1184400000000005">
    <ele>1385.61</ele>
   </trkpt>
   <trkpt lat="46.0185" lon="7.118130000000001">
    <ele>1391.67</ele>
   </trkpt>
   <trkpt lat="46.01854" lon="7.118">
    <ele>1395.85</ele>
   </trkpt>
   <trkpt lat="46.01859" lon="7.117990000000001">
    <ele>1395.85</ele>
   </trkpt>
   <trkpt lat="46.018750000000004" lon="7.118250000000001">
    <ele>1402.29</ele>
   </trkpt>
   <trkpt lat="46.018840000000004" lon="7.118100000000001">
    <ele>1405.8400000000001</ele>
   </trkpt>
   <trkpt lat="46.01899" lon="7.118240000000001">
    <ele>1409.46</ele>
   </trkpt>
   <trkpt lat="46.01916000000001" lon="7.118250000000001">
    <ele>1410.91</ele>
   </trkpt>
   <trkpt lat="46.019270000000006" lon="7.11835">
    <ele>1410.1000000000001</ele>
   </trkpt>
   <trkpt lat="46.019380000000005" lon="7.118500000000001">
    <ele>1408.8</ele>
   </trkpt>
   <trkpt lat="46.01961000000001" lon="7.118710000000001">
    <ele>1408.7900000000002</ele>
   </trkpt>
   <trkpt lat="46.019890000000004" lon="7.118850000000001">
    <ele>1410.89</ele>
   </trkpt>
   <trkpt lat="46.01999000000001" lon="7.118850000000001">
    <ele>1412.26</ele>
   </trkpt>
   <trkpt lat="46.0202" lon="7.118970000000001">
    <ele>1412.68</ele>
   </trkpt>
   <trkpt lat="46.02037000000001" lon="7.119000000000001">
    <ele>1412.0100000000002</ele>
   </trkpt>
   <trkpt lat="46.02051" lon="7.118900000000001">
    <ele>1411.8000000000002</ele>
   </trkpt>
   <trkpt lat="46.02056" lon="7.118720000000001">
    <ele>1410.44</ele>
   </trkpt>
   <trkpt lat="46.0206" lon="7.118690000000001">
    <ele>1409.68</ele>
   </trkpt>
   <trkpt lat="46.02067" lon="7.118710000000001">
    <ele>1407.8700000000001</ele>
   </trkpt>
   <trkpt lat="46.020700000000005" lon="7.1188">
    <ele>1405.8400000000001</ele>
   </trkpt>
   <trkpt lat="46.020790000000005" lon="7.118880000000001">
    <ele>1404.0</ele>
   </trkpt>
   <trkpt lat="46.020900000000005" lon="7.118920000000001">
    <ele>1402.8400000000001</ele>
   </trkpt>
   <trkpt lat="46.02098" lon="7.11901">
    <ele>1402.0100000000002</ele>
   </trkpt>
   <trkpt lat="46.02127" lon="7.11922">
    <ele>1402.1000000000001</ele>
   </trkpt>
   <trkpt lat="46.02161" lon="7.1192400000000005">
    <ele>1402.0</ele>
   </trkpt>
   <trkpt lat="46.021770000000004" lon="7.119350000000001">
    <ele>1402.92</ele>
   </trkpt>
   <trkpt lat="46.021860000000004" lon="7.119470000000001">
    <ele>1403.28</ele>
   </trkpt>
   <trkpt lat="46.02194" lon="7.119530000000001">
    <ele>1403.8400000000001</ele>
   </trkpt>
   <trkpt lat="46.02214" lon="7.11962">
    <ele>1406.5</ele>
   </trkpt>
   <trkpt lat="46.02221" lon="7.119700000000001">
    <ele>1407.34</ele>
   </trkpt>
   <trkpt lat="46.022400000000005" lon="7.120030000000001">
    <ele>1406.44</ele>
   </trkpt>
   <trkpt lat="46.022650000000006" lon="7.12009">
    <ele>1402.0800000000002</ele>
   </trkpt>
   <trkpt lat="46.02275" lon="7.120080000000001">
    <ele>1404.03</ele>
   </trkpt>
   <trkpt lat="46.022830000000006" lon="7.120150000000001">
    <ele>1405.42</ele>
   </trkpt>
   <trkpt lat="46.02302" lon="7.12021">
    <ele>1407.72</ele>
   </trkpt>
   <trkpt lat="46.02315" lon="7.12037">
    <ele>1411.04</ele>
   </trkpt>
   <trkpt lat="46.02329" lon="7.12051">
    <ele>1413.19</ele>
   </trkpt>
   <trkpt lat="46.023430000000005" lon="7.1206000000000005">
    <ele>1416.3500000000001</ele>
   </trkpt>
   <trkpt lat="46.02353" lon="7.12063">
    <ele>1418.02</ele>
   </trkpt>
   <trkpt lat="46.023830000000004" lon="7.12063">
    <ele>1424.89</ele>
   </trkpt>
   <trkpt lat="46.02394" lon="7.1207400000000005">
    <ele>1426.98</ele>
   </trkpt>
   <trkpt lat="46.02398" lon="7.120800000000001">
    <ele>1427.45</ele>
   </trkpt>
   <trkpt lat="46.023990000000005" lon="7.120920000000001">
    <ele>1427.43</ele>
   </trkpt>
   <trkpt lat="46.024190000000004" lon="7.1208800000000005">
    <ele>1430.0400000000002</ele>
   </trkpt>
   <trkpt lat="46.024330000000006" lon="7.1208800000000005">
    <ele>1431.5300000000002</ele>
   </trkpt>
   <trkpt lat="46.024390000000004" lon="7.120900000000001">
    <ele>1431.66</ele>
   </trkpt>
   <trkpt lat="46.02445" lon="7.12096">
    <ele>1431.7300000000002</ele>
   </trkpt>
   <trkpt lat="46.024440000000006" lon="7.12105">
    <ele>1431.7300000000002</ele>
   </trkpt>
   <trkpt lat="46.02451000000001" lon="7.121250000000001">
    <ele>1434.67</ele>
   </trkpt>
   <trkpt lat="46.02469000000001" lon="7.12159">
    <ele>1439.7300000000002</ele>
   </trkpt>
   <trkpt lat="46.025020000000005" lon="7.12157">
    <ele>1446.6100000000001</ele>
   </trkpt>
   <trkpt lat="46.02526" lon="7.121510000000001">
    <ele>1448.68</ele>
   </trkpt>
   <trkpt lat="46.02554000000001" lon="7.1211400000000005">
    <ele>1454.88</ele>
   </trkpt>
   <trkpt lat="46.025710000000004" lon="7.121060000000001">
    <ele>1461.42</ele>
   </trkpt>
   <trkpt lat="46.026030000000006" lon="7.121020000000001">
    <ele>1464.5400000000002</ele>
   </trkpt>
   <trkpt lat="46.026050000000005" lon="7.121060000000001">
    <ele>1464.5400000000002</ele>
   </trkpt>
   <trkpt lat="46.02584" lon="7.121220000000001">
    <ele>1467.5800000000002</ele>
   </trkpt>
   <trkpt lat="46.0257" lon="7.121390000000001">
    <ele>1471.17</ele>
   </trkpt>
   <trkpt lat="46.02563000000001" lon="7.1215">
    <ele>1471.17</ele>
   </trkpt>
   <trkpt lat="46.02557" lon="7.121690000000001">
    <ele>1472.02</ele>
   </trkpt>
   <trkpt lat="46.025400000000005" lon="7.121980000000001">
    <ele>1474.7400000000002</ele>
   </trkpt>
   <trkpt lat="46.02539" lon="7.122090000000001">
    <ele>1475.23</ele>
   </trkpt>
   <trkpt lat="46.02546" lon="7.122470000000001">
    <ele>1475.93</ele>
   </trkpt>
   <trkpt lat="46.02557" lon="7.122490000000001">
    <ele>1475.95</ele>
   </trkpt>
   <trkpt lat="46.02568" lon="7.122370000000001">
    <ele>1475.5800000000002</ele>
   </trkpt>
   <trkpt lat="46.025740000000006" lon="7.1224300000000005">
    <ele>1474.66</ele>
   </trkpt>
   <trkpt lat="46.025980000000004" lon="7.121860000000001">
    <ele>1464.56</ele>
   </trkpt>
   <trkpt lat="46.025740000000006" lon="7.1224300000000005">
    <ele>1474.66</ele>
   </trkpt>
   <trkpt lat="46.025890000000004" lon="7.122540000000001">
    <ele>1474.26</ele>
   </trkpt>
   <trkpt lat="46.02608" lon="7.122520000000001">
    <ele>1476.11</ele>
   </trkpt>
   <trkpt lat="46.026320000000005" lon="7.12232">
    <ele>1475.7300000000002</ele>
   </trkpt>
   <trkpt lat="46.02648000000001" lon="7.122090000000001">
    <ele>1475.2900000000002</ele>
   </trkpt>
   <trkpt lat="46.02671" lon="7.121600000000001">
    <ele>1474.99</ele>
   </trkpt>
   <trkpt lat="46.02704000000001" lon="7.121090000000001">
    <ele>1476.22</ele>
   </trkpt>
   <trkpt lat="46.02713000000001" lon="7.120900000000001">
    <ele>1476.31</ele>
   </trkpt>
   <trkpt lat="46.027240000000006" lon="7.12056">
    <ele>1476.5600000000002</ele>
   </trkpt>
   <trkpt lat="46.027460000000005" lon="7.12035">
    <ele>1475.78</ele>
   </trkpt>
   <trkpt lat="46.027640000000005" lon="7.120340000000001">
    <ele>1475.17</ele>
   </trkpt>
   <trkpt lat="46.02779" lon="7.120290000000001">
    <ele>1474.93</ele>
   </trkpt>
   <trkpt lat="46.02788" lon="7.12023">
    <ele>1474.76</ele>
   </trkpt>
   <trkpt lat="46.027950000000004" lon="7.12016">
    <ele>1474.69</ele>
   </trkpt>
   <trkpt lat="46.02807000000001" lon="7.11995">
    <ele>1474.7</ele>
   </trkpt>
   <trkpt lat="46.028130000000004" lon="7.119770000000001">
    <ele>1474.7</ele>
   </trkpt>
   <trkpt lat="46.028200000000005" lon="7.118850000000001">
    <ele>1475.0200000000002</ele>
   </trkpt>
   <trkpt lat="46.028290000000005" lon="7.118500000000001">
    <ele>1475.1200000000001</ele>
   </trkpt>
   <trkpt lat="46.028330000000004" lon="7.1184">
    <ele>1475.1200000000001</ele>
   </trkpt>
   <trkpt lat="46.028580000000005" lon="7.118060000000001">
    <ele>1474.89</ele>
   </trkpt>
   <trkpt lat="46.028800000000004" lon="7.11788">
    <ele>1474.8500000000001</ele>
   </trkpt>
   <trkpt lat="46.02897" lon="7.117700000000001">
    <ele>1474.67</ele>
   </trkpt>
   <trkpt lat="46.02913" lon="7.11746">
    <ele>1474.7100000000003</ele>
   </trkpt>
   <trkpt lat="46.02928000000001" lon="7.117280000000001">
    <ele>1475.03</ele>
   </trkpt>
   <trkpt lat="46.02971" lon="7.1170100000000005">
    <ele>1474.43</ele>
   </trkpt>
   <trkpt lat="46.02987" lon="7.11685">
    <ele>1474.42</ele>
   </trkpt>
   <trkpt lat="46.029990000000005" lon="7.116680000000001">
    <ele>1474.52</ele>
   </trkpt>
   <trkpt lat="46.030280000000005" lon="7.116180000000001">
    <ele>1474.9</ele>
   </trkpt>
   <trkpt lat="46.03041" lon="7.115850000000001">
    <ele>1474.99</ele>
   </trkpt>
   <trkpt lat="46.03060000000001" lon="7.115170000000001">
    <ele>1475.15</ele>
   </trkpt>
   <trkpt lat="46.03074500228943" lon="7.1144500017452454">
    <ele>1475.54</ele>
   </trkpt>
   <trkpt lat="46.03089000000001" lon="7.11373">
    <ele>1476.73</ele>
   </trkpt>
   <trkpt lat="46.031060000000004" lon="7.113180000000001">
    <ele>1480.43</ele>
   </trkpt>
   <trkpt lat="46.031290000000006" lon="7.112550000000001">
    <ele>1485.91</ele>
   </trkpt>
   <trkpt lat="46.03139" lon="7.11221">
    <ele>1486.8600000000001</ele>
   </trkpt>
   <trkpt lat="46.03157" lon="7.111530000000001">
    <ele>1488.28</ele>
   </trkpt>
   <trkpt lat="46.03173" lon="7.110530000000001">
    <ele>1487.5600000000002</ele>
   </trkpt>
   <trkpt lat="46.03186" lon="7.10986">
    <ele>1488.1000000000001</ele>
   </trkpt>
   <trkpt lat="46.031870000000005" lon="7.109470000000001">
    <ele>1488.4</ele>
   </trkpt>
   <trkpt lat="46.03184" lon="7.109070000000001">
    <ele>1489.18</ele>
   </trkpt>
   <trkpt lat="46.031940000000006" lon="7.108630000000001">
    <ele>1490.3000000000002</ele>
   </trkpt>
   <trkpt lat="46.03195" lon="7.10843">
    <ele>1490.5000000000002</ele>
   </trkpt>
   <trkpt lat="46.03192000000001" lon="7.10831">
    <ele>1491.95</ele>
   </trkpt>
   <trkpt lat="46.031890000000004" lon="7.1082600000000005">
    <ele>1491.95</ele>
   </trkpt>
   <trkpt lat="46.03148" lon="7.107970000000001">
    <ele>1497.74</ele>
   </trkpt>
   <trkpt lat="46.03144" lon="7.107870000000001">
    <ele>1498.2000000000003</ele>
   </trkpt>
   <trkpt lat="46.03144" lon="7.107780000000001">
    <ele>1499.17</ele>
   </trkpt>
   <trkpt lat="46.03154000000001" lon="7.1073200000000005">
    <ele>1500.69</ele>
   </trkpt>
   <trkpt lat="46.03163000000001" lon="7.107">
    <ele>1501.92</ele>
   </trkpt>
   <trkpt lat="46.031710000000004" lon="7.106870000000001">
    <ele>1502.2700000000002</ele>
   </trkpt>
   <trkpt lat="46.03181000000001" lon="7.1067800000000005">
    <ele>1502.5300000000002</ele>
   </trkpt>
   <trkpt lat="46.031780000000005" lon="7.1067100000000005">
    <ele>1502.55</ele>
   </trkpt>
   <trkpt lat="46.032030000000006" lon="7.106440000000001">
    <ele>1502.0300000000002</ele>
   </trkpt>
   <trkpt lat="46.032180000000004" lon="7.10627">
    <ele>1500.73</ele>
   </trkpt>
   <trkpt lat="46.032230000000006" lon="7.1061700000000005">
    <ele>1500.28</ele>
   </trkpt>
   <trkpt lat="46.0324" lon="7.105360000000001">
    <ele>1499.33</ele>
   </trkpt>
   <trkpt lat="46.032450000000004" lon="7.105320000000001">
    <ele>1499.33</ele>
   </trkpt>
   <trkpt lat="46.032410000000006" lon="7.104760000000001">
    <ele>1498.9500000000003</ele>
   </trkpt>
   <trkpt lat="46.03242" lon="7.104450000000001">
    <ele>1498.45</ele>
   </trkpt>
   <trkpt lat="46.03247" lon="7.104260000000001">
    <ele>1498.2900000000002</ele>
   </trkpt>
   <trkpt lat="46.03257000000001" lon="7.104080000000001">
    <ele>1498.6000000000001</ele>
   </trkpt>
   <trkpt lat="46.03282" lon="7.103750000000001">
    <ele>1500.04</ele>
   </trkpt>
   <trkpt lat="46.033010000000004" lon="7.1034500000000005">
    <ele>1499.98</ele>
   </trkpt>
   <trkpt lat="46.03322000000001" lon="7.103210000000001">
    <ele>1499.1100000000001</ele>
   </trkpt>
   <trkpt lat="46.033480000000004" lon="7.1030500000000005">
    <ele>1497.93</ele>
   </trkpt>
   <trkpt lat="46.033550000000005" lon="7.1029100000000005">
    <ele>1496.43</ele>
   </trkpt>
   <trkpt lat="46.03379" lon="7.10249">
    <ele>1492.1100000000001</ele>
   </trkpt>
   <trkpt lat="46.03385" lon="7.102410000000001">
    <ele>1491.88</ele>
   </trkpt>
   <trkpt lat="46.03389000000001" lon="7.1023000000000005">
    <ele>1491.88</ele>
   </trkpt>
   <trkpt lat="46.034040000000005" lon="7.102">
    <ele>1488.64</ele>
   </trkpt>
   <trkpt lat="46.034150000000004" lon="7.10158">
    <ele>1485.36</ele>
   </trkpt>
   <trkpt lat="46.03417" lon="7.10139">
    <ele>1482.99</ele>
   </trkpt>
   <trkpt lat="46.033950000000004" lon="7.100560000000001">
    <ele>1476.8300000000002</ele>
   </trkpt>
   <trkpt lat="46.033910000000006" lon="7.100370000000001">
    <ele>1475.5200000000002</ele>
   </trkpt>
   <trkpt lat="46.033910000000006" lon="7.100200000000001">
    <ele>1473.67</ele>
   </trkpt>
   <trkpt lat="46.03396" lon="7.09996">
    <ele>1471.43</ele>
   </trkpt>
   <trkpt lat="46.03398000000001" lon="7.099430000000001">
    <ele>1468.5100000000002</ele>
   </trkpt>
   <trkpt lat="46.03401" lon="7.099270000000001">
    <ele>1467.71</ele>
   </trkpt>
   <trkpt lat="46.03408" lon="7.09909">
    <ele>1466.96</ele>
   </trkpt>
   <trkpt lat="46.03419" lon="7.098920000000001">
    <ele>1465.51</ele>
   </trkpt>
   <trkpt lat="46.0343" lon="7.098820000000001">
    <ele>1464.3100000000002</ele>
   </trkpt>
   <trkpt lat="46.034380000000006" lon="7.098800000000001">
    <ele>1463.0700000000002</ele>
   </trkpt>
   <trkpt lat="46.03454000000001" lon="7.09867">
    <ele>1463.0700000000002</ele>
   </trkpt>
   <trkpt lat="46.034600000000005" lon="7.098580000000001">
    <ele>1459.14</ele>
   </trkpt>
   <trkpt lat="46.03468" lon="7.0983600000000004">
    <ele>1459.14</ele>
   </trkpt>
   <trkpt lat="46.034850000000006" lon="7.098140000000001">
    <ele>1457.33</ele>
   </trkpt>
   <trkpt lat="46.0354" lon="7.0976300000000005">
    <ele>1451.45</ele>
   </trkpt>
   <trkpt lat="46.035610000000005" lon="7.097370000000001">
    <ele>1445.99</ele>
   </trkpt>
   <trkpt lat="46.036010000000005" lon="7.097">
    <ele>1442.4800000000002</ele>
   </trkpt>
   <trkpt lat="46.03618" lon="7.096730000000001">
    <ele>1440.5500000000002</ele>
   </trkpt>
   <trkpt lat="46.036350000000006" lon="7.096240000000001">
    <ele>1438.05</ele>
   </trkpt>
   <trkpt lat="46.036460000000005" lon="7.0961300000000005">
    <ele>1437.4900000000002</ele>
   </trkpt>
   <trkpt lat="46.0367" lon="7.09604">
    <ele>1436.7</ele>
   </trkpt>
   <trkpt lat="46.03746" lon="7.09585">
    <ele>1435.3700000000001</ele>
   </trkpt>
   <trkpt lat="46.037780000000005" lon="7.095700000000001">
    <ele>1433.89</ele>
   </trkpt>
   <trkpt lat="46.038030000000006" lon="7.0955">
    <ele>1432.3300000000002</ele>
   </trkpt>
   <trkpt lat="46.03813" lon="7.095370000000001">
    <ele>1431.6100000000001</ele>
   </trkpt>
   <trkpt lat="46.03868000000001" lon="7.094950000000001">
    <ele>1425.4</ele>
   </trkpt>
   <trkpt lat="46.03919000077642" lon="7.094520003994074">
    <ele>1420.41</ele>
   </trkpt>
   <trkpt lat="46.0397" lon="7.0940900000000005">
    <ele>1416.5800000000002</ele>
   </trkpt>
   <trkpt lat="46.039770000000004" lon="7.09407">
    <ele>1416.5800000000002</ele>
   </trkpt>
   <trkpt lat="46.039930000000005" lon="7.09391">
    <ele>1415.43</ele>
   </trkpt>
   <trkpt lat="46.04017" lon="7.09306">
    <ele>1412.6200000000001</ele>
   </trkpt>
   <trkpt lat="46.040350000000004" lon="7.0928">
    <ele>1411.07</ele>
   </trkpt>
   <trkpt lat="46.040670000000006" lon="7.092440000000001">
    <ele>1409.76</ele>
   </trkpt>
   <trkpt lat="46.040910000000004" lon="7.091900000000001">
    <ele>1408.0400000000002</ele>
   </trkpt>
   <trkpt lat="46.041230000000006" lon="7.091500000000001">
    <ele>1406.7200000000003</ele>
   </trkpt>
   <trkpt lat="46.04133" lon="7.091310000000001">
    <ele>1405.89</ele>
   </trkpt>
   <trkpt lat="46.041540000000005" lon="7.090800000000001">
    <ele>1403.48</ele>
   </trkpt>
   <trkpt lat="46.04186000000001" lon="7.090330000000001">
    <ele>1402.77</ele>
   </trkpt>
   <trkpt lat="46.042080000000006" lon="7.09008">
    <ele>1401.51</ele>
   </trkpt>
   <trkpt lat="46.042570000000005" lon="7.08968">
    <ele>1399.22</ele>
   </trkpt>
   <trkpt lat="46.04276" lon="7.08924">
    <ele>1397.7700000000002</ele>
   </trkpt>
   <trkpt lat="46.0429" lon="7.089060000000001">
    <ele>1397.38</ele>
   </trkpt>
   <trkpt lat="46.043040000000005" lon="7.089010000000001">
    <ele>1397.38</ele>
   </trkpt>
   <trkpt lat="46.04321" lon="7.089080000000001">
    <ele>1395.3000000000002</ele>
   </trkpt>
   <trkpt lat="46.04334" lon="7.089090000000001">
    <ele>1395.3000000000002</ele>
   </trkpt>
   <trkpt lat="46.043870000000005" lon="7.08884">
    <ele>1394.23</ele>
   </trkpt>
   <trkpt lat="46.04415" lon="7.088620000000001">
    <ele>1395.21</ele>
   </trkpt>
   <trkpt lat="46.04421000000001" lon="7.08853">
    <ele>1396.17</ele>
   </trkpt>
   <trkpt lat="46.044180000000004" lon="7.08837">
    <ele>1397.8000000000002</ele>
   </trkpt>
   <trkpt lat="46.04421000000001" lon="7.08828">
    <ele>1398.39</ele>
   </trkpt>
   <trkpt lat="46.04431" lon="7.08811">
    <ele>1400.65</ele>
   </trkpt>
   <trkpt lat="46.04462" lon="7.087820000000001">
    <ele>1400.3500000000001</ele>
   </trkpt>
   <trkpt lat="46.04468000000001" lon="7.08767">
    <ele>1399.89</ele>
   </trkpt>
   <trkpt lat="46.0448" lon="7.08755">
    <ele>1399.8600000000001</ele>
   </trkpt>
   <trkpt lat="46.04513" lon="7.0875">
    <ele>1398.56</ele>
   </trkpt>
   <trkpt lat="46.04534" lon="7.087680000000001">
    <ele>1395.04</ele>
   </trkpt>
   <trkpt lat="46.045550000000006" lon="7.087630000000001">
    <ele>1388.3500000000001</ele>
   </trkpt>
   <trkpt lat="46.04561" lon="7.08757">
    <ele>1387.72</ele>
   </trkpt>
   <trkpt lat="46.04574" lon="7.087280000000001">
    <ele>1385.5400000000002</ele>
   </trkpt>
   <trkpt lat="46.045840000000005" lon="7.087180000000001">
    <ele>1384.56</ele>
   </trkpt>
   <trkpt lat="46.04592" lon="7.087020000000001">
    <ele>1383.2900000000002</ele>
   </trkpt>
   <trkpt lat="46.04618000000001" lon="7.08668">
    <ele>1376.3899999999999</ele>
   </trkpt>
   <trkpt lat="46.04634" lon="7.086290000000001">
    <ele>1372.26</ele>
   </trkpt>
   <trkpt lat="46.04643" lon="7.086150000000001">
    <ele>1372.17</ele>
   </trkpt>
   <trkpt lat="46.04654" lon="7.085920000000001">
    <ele>1372.65</ele>
   </trkpt>
   <trkpt lat="46.04693" lon="7.085520000000001">
    <ele>1375.3700000000001</ele>
   </trkpt>
   <trkpt lat="46.047090000000004" lon="7.08539">
    <ele>1373.9800000000002</ele>
   </trkpt>
   <trkpt lat="46.047230000000006" lon="7.08541">
    <ele>1370.7900000000002</ele>
   </trkpt>
   <trkpt lat="46.04764" lon="7.08518">
    <ele>1355.28</ele>
   </trkpt>
   <trkpt lat="46.04786000000001" lon="7.0849">
    <ele>1346.93</ele>
   </trkpt>
   <trkpt lat="46.04809" lon="7.0848">
    <ele>1341.0900000000001</ele>
   </trkpt>
   <trkpt lat="46.04818" lon="7.084810000000001">
    <ele>1340.54</ele>
   </trkpt>
   <trkpt lat="46.048370000000006" lon="7.08457">
    <ele>1338.26</ele>
   </trkpt>
   <trkpt lat="46.0484" lon="7.0844700000000005">
    <ele>1337.1000000000001</ele>
   </trkpt>
   <trkpt lat="46.048280000000005" lon="7.084350000000001">
    <ele>1335.2</ele>
   </trkpt>
   <trkpt lat="46.048190000000005" lon="7.084230000000001">
    <ele>1333.8400000000001</ele>
   </trkpt>
   <trkpt lat="46.048140000000004" lon="7.08391">
    <ele>1332.72</ele>
   </trkpt>
   <trkpt lat="46.04806000000001" lon="7.083740000000001">
    <ele>1332.66</ele>
   </trkpt>
   <trkpt lat="46.048120000000004" lon="7.083600000000001">
    <ele>1332.88</ele>
   </trkpt>
   <trkpt lat="46.048120000000004" lon="7.08335">
    <ele>1332.7600000000002</ele>
   </trkpt>
   <trkpt lat="46.04827" lon="7.083030000000001">
    <ele>1332.4</ele>
   </trkpt>
   <trkpt lat="46.04845" lon="7.08286">
    <ele>1332.8200000000002</ele>
   </trkpt>
   <trkpt lat="46.04880000000001" lon="7.08262">
    <ele>1338.45</ele>
   </trkpt>
   <trkpt lat="46.04914" lon="7.08253">
    <ele>1342.5</ele>
   </trkpt>
   <trkpt lat="46.049240000000005" lon="7.082450000000001">
    <ele>1342.87</ele>
   </trkpt>
   <trkpt lat="46.04921" lon="7.0823100000000005">
    <ele>1342.03</ele>
   </trkpt>
   <trkpt lat="46.04928" lon="7.08213">
    <ele>1341.02</ele>
   </trkpt>
   <trkpt lat="46.04925" lon="7.081970000000001">
    <ele>1339.88</ele>
   </trkpt>
   <trkpt lat="46.049260000000004" lon="7.081910000000001">
    <ele>1339.88</ele>
   </trkpt>
   <trkpt lat="46.049310000000006" lon="7.081770000000001">
    <ele>1335.5800000000002</ele>
   </trkpt>
   <trkpt lat="46.04946" lon="7.081530000000001">
    <ele>1334.26</ele>
   </trkpt>
   <trkpt lat="46.049600000000005" lon="7.081360000000001">
    <ele>1331.4800000000002</ele>
   </trkpt>
   <trkpt lat="46.04965000000001" lon="7.081230000000001">
    <ele>1330.24</ele>
   </trkpt>
   <trkpt lat="46.049690000000005" lon="7.080890000000001">
    <ele>1330.84</ele>
   </trkpt>
   <trkpt lat="46.04966" lon="7.080190000000001">
    <ele>1334.63</ele>
   </trkpt>
   <trkpt lat="46.04972" lon="7.079940000000001">
    <ele>1335.41</ele>
   </trkpt>
   <trkpt lat="46.04997" lon="7.07934">
    <ele>1338.6200000000001</ele>
   </trkpt>
   <trkpt lat="46.05013" lon="7.07854">
    <ele>1340.71</ele>
   </trkpt>
   <trkpt lat="46.050340000000006" lon="7.078010000000001">
    <ele>1342.44</ele>
   </trkpt>
   <trkpt lat="46.050810000000006" lon="7.077140000000001">
    <ele>1344.98</ele>
   </trkpt>
   <trkpt lat="46.050990000000006" lon="7.07687">
    <ele>1347.3400000000001</ele>
   </trkpt>
   <trkpt lat="46.05118" lon="7.07664">
    <ele>1347.3400000000001</ele>
   </trkpt>
   <trkpt lat="46.051300000000005" lon="7.076440000000001">
    <ele>1349.8700000000001</ele>
   </trkpt>
   <trkpt lat="46.051460000000006" lon="7.0760000000000005">
    <ele>1350.4900000000002</ele>
   </trkpt>
   <trkpt lat="46.05154" lon="7.075850000000001">
    <ele>1351.7800000000002</ele>
   </trkpt>
   <trkpt lat="46.05191000000001" lon="7.075330000000001">
    <ele>1353.8500000000001</ele>
   </trkpt>
   <trkpt lat="46.05201" lon="7.07516">
    <ele>1353.8500000000001</ele>
   </trkpt>
   <trkpt lat="46.05212" lon="7.07486">
    <ele>1355.0600000000002</ele>
   </trkpt>
   <trkpt lat="46.052130000000005" lon="7.074840000000001">
    <ele>1355.0600000000002</ele>
   </trkpt>
   <trkpt lat="46.05218000000001" lon="7.074470000000001">
    <ele>1355.5600000000002</ele>
   </trkpt>
   <trkpt lat="46.05236000000001" lon="7.074110000000001">
    <ele>1357.4700000000003</ele>
   </trkpt>
   <trkpt lat="46.052400000000006" lon="7.073810000000001">
    <ele>1359.5300000000002</ele>
   </trkpt>
   <trkpt lat="46.05237" lon="7.0737000000000005">
    <ele>1359.5300000000002</ele>
   </trkpt>
   <trkpt lat="46.052220000000005" lon="7.073410000000001">
    <ele>1361.07</ele>
   </trkpt>
   <trkpt lat="46.052170000000004" lon="7.073010000000001">
    <ele>1361.93</ele>
   </trkpt>
   <trkpt lat="46.05219" lon="7.072730000000001">
    <ele>1362.5</ele>
   </trkpt>
   <trkpt lat="46.052130000000005" lon="7.0724100000000005">
    <ele>1363.8100000000002</ele>
   </trkpt>
   <trkpt lat="46.05176" lon="7.0718700000000005">
    <ele>1365.52</ele>
   </trkpt>
   <trkpt lat="46.051680000000005" lon="7.071700000000001">
    <ele>1366.45</ele>
   </trkpt>
   <trkpt lat="46.05115000000001" lon="7.0711200000000005">
    <ele>1370.8500000000001</ele>
   </trkpt>
   <trkpt lat="46.05106000000001" lon="7.070990000000001">
    <ele>1375.48</ele>
   </trkpt>
   <trkpt lat="46.050720000000005" lon="7.0706500000000005">
    <ele>1376.78</ele>
   </trkpt>
   <trkpt lat="46.050450000000005" lon="7.07021">
    <ele>1382.24</ele>
   </trkpt>
   <trkpt lat="46.05033" lon="7.07009">
    <ele>1383.21</ele>
   </trkpt>
   <trkpt lat="46.05019" lon="7.07">
    <ele>1385.21</ele>
   </trkpt>
   <trkpt lat="46.050070000000005" lon="7.06993">
    <ele>1386.12</ele>
   </trkpt>
   <trkpt lat="46.04994000000001" lon="7.069890000000001">
    <ele>1386.9</ele>
   </trkpt>
   <trkpt lat="46.04983000000001" lon="7.0697600000000005">
    <ele>1388.65</ele>
   </trkpt>
   <trkpt lat="46.04966" lon="7.06946">
    <ele>1391.01</ele>
   </trkpt>
   <trkpt lat="46.04919" lon="7.068840000000001">
    <ele>1397.68</ele>
   </trkpt>
   <trkpt lat="46.049130000000005" lon="7.068740000000001">
    <ele>1397.68</ele>
   </trkpt>
   <trkpt lat="46.04885" lon="7.068440000000001">
    <ele>1402.0700000000002</ele>
   </trkpt>
   <trkpt lat="46.048750000000005" lon="7.068280000000001">
    <ele>1402.95</ele>
   </trkpt>
   <trkpt lat="46.04865" lon="7.068200000000001">
    <ele>1403.8700000000001</ele>
   </trkpt>
   <trkpt lat="46.04831" lon="7.067740000000001">
    <ele>1409.43</ele>
   </trkpt>
   <trkpt lat="46.04829" lon="7.067620000000001">
    <ele>1409.43</ele>
   </trkpt>
   <trkpt lat="46.0482" lon="7.067480000000001">
    <ele>1411.3000000000002</ele>
   </trkpt>
   <trkpt lat="46.048100000000005" lon="7.0673900000000005">
    <ele>1413.55</ele>
   </trkpt>
   <trkpt lat="46.047990000000006" lon="7.067220000000001">
    <ele>1413.55</ele>
   </trkpt>
   <trkpt lat="46.04789" lon="7.06686">
    <ele>1417.75</ele>
   </trkpt>
   <trkpt lat="46.047740000000005" lon="7.066520000000001">
    <ele>1419.68</ele>
   </trkpt>
   <trkpt lat="46.04773" lon="7.06608">
    <ele>1423.0500000000002</ele>
   </trkpt>
   <trkpt lat="46.04771" lon="7.065930000000001">
    <ele>1424.16</ele>
   </trkpt>
   <trkpt lat="46.047670000000004" lon="7.065840000000001">
    <ele>1425.1200000000001</ele>
   </trkpt>
   <trkpt lat="46.04762" lon="7.065840000000001">
    <ele>1425.7700000000002</ele>
   </trkpt>
   <trkpt lat="46.047270000000005" lon="7.06559">
    <ele>1433.92</ele>
   </trkpt>
   <trkpt lat="46.0471" lon="7.065250000000001">
    <ele>1441.07</ele>
   </trkpt>
   <trkpt lat="46.047050000000006" lon="7.06503">
    <ele>1444.98</ele>
   </trkpt>
   <trkpt lat="46.04695" lon="7.0650200000000005">
    <ele>1444.98</ele>
   </trkpt>
   <trkpt lat="46.04693" lon="7.064960000000001">
    <ele>1451.63</ele>
   </trkpt>
   <trkpt lat="46.046870000000006" lon="7.064920000000001">
    <ele>1451.63</ele>
   </trkpt>
   <trkpt lat="46.046820000000004" lon="7.0648100000000005">
    <ele>1454.0600000000002</ele>
   </trkpt>
   <trkpt lat="46.046670000000006" lon="7.0646">
    <ele>1457.4</ele>
   </trkpt>
   <trkpt lat="46.04639" lon="7.064000000000001">
    <ele>1470.01</ele>
   </trkpt>
   <trkpt lat="46.046220000000005" lon="7.063400000000001">
    <ele>1484.22</ele>
   </trkpt>
   <trkpt lat="46.046150000000004" lon="7.06296">
    <ele>1488.55</ele>
   </trkpt>
   <trkpt lat="46.04608" lon="7.062810000000001">
    <ele>1491.1100000000001</ele>
   </trkpt>
   <trkpt lat="46.04600000000001" lon="7.062460000000001">
    <ele>1495.5600000000002</ele>
   </trkpt>
   <trkpt lat="46.04569" lon="7.062">
    <ele>1507.15</ele>
   </trkpt>
   <trkpt lat="46.0454" lon="7.06181">
    <ele>1517.67</ele>
   </trkpt>
   <trkpt lat="46.04527" lon="7.06165">
    <ele>1518.8300000000002</ele>
   </trkpt>
   <trkpt lat="46.0452" lon="7.061540000000001">
    <ele>1520.93</ele>
   </trkpt>
   <trkpt lat="46.0452" lon="7.061470000000001">
    <ele>1521.83</ele>
   </trkpt>
   <trkpt lat="46.045080000000006" lon="7.061190000000001">
    <ele>1525.64</ele>
   </trkpt>
   <trkpt lat="46.04487" lon="7.061020000000001">
    <ele>1531.16</ele>
   </trkpt>
   <trkpt lat="46.044740000000004" lon="7.0607500000000005">
    <ele>1537.8</ele>
   </trkpt>
   <trkpt lat="46.04467" lon="7.0607500000000005">
    <ele>1543.0800000000002</ele>
   </trkpt>
   <trkpt lat="46.04449" lon="7.06064">
    <ele>1547.3100000000002</ele>
   </trkpt>
   <trkpt lat="46.04430000000001" lon="7.060860000000001">
    <ele>1557.77</ele>
   </trkpt>
   <trkpt lat="46.044140000000006" lon="7.060790000000001">
    <ele>1560.6700000000003</ele>
   </trkpt>
   <trkpt lat="46.043940000000006" lon="7.060250000000001">
    <ele>1572.41</ele>
   </trkpt>
   <trkpt lat="46.04388" lon="7.06015">
    <ele>1573.26</ele>
   </trkpt>
   <trkpt lat="46.043850000000006" lon="7.060010000000001">
    <ele>1574.6100000000001</ele>
   </trkpt>
   <trkpt lat="46.04399" lon="7.0598600000000005">
    <ele>1577.0300000000002</ele>
   </trkpt>
   <trkpt lat="46.04408" lon="7.059660000000001">
    <ele>1580.1600000000003</ele>
   </trkpt>
   <trkpt lat="46.04408" lon="7.05956">
    <ele>1582.89</ele>
   </trkpt>
   <trkpt lat="46.04395" lon="7.0596000000000005">
    <ele>1587.32</ele>
   </trkpt>
   <trkpt lat="46.04388" lon="7.05954">
    <ele>1590.1600000000003</ele>
   </trkpt>
   <trkpt lat="46.043870000000005" lon="7.059520000000001">
    <ele>1590.1600000000003</ele>
   </trkpt>
   <trkpt lat="46.043960000000006" lon="7.059410000000001">
    <ele>1592.15</ele>
   </trkpt>
   <trkpt lat="46.04417" lon="7.058870000000001">
    <ele>1603.5800000000002</ele>
   </trkpt>
   <trkpt lat="46.04428" lon="7.058700000000001">
    <ele>1607.5900000000001</ele>
   </trkpt>
   <trkpt lat="46.04431" lon="7.058520000000001">
    <ele>1609.67</ele>
   </trkpt>
   <trkpt lat="46.044450000000005" lon="7.05829">
    <ele>1617.63</ele>
   </trkpt>
   <trkpt lat="46.044470000000004" lon="7.058180000000001">
    <ele>1617.63</ele>
   </trkpt>
   <trkpt lat="46.04442" lon="7.058090000000001">
    <ele>1621.16</ele>
   </trkpt>
   <trkpt lat="46.044320000000006" lon="7.0581000000000005">
    <ele>1622.26</ele>
   </trkpt>
   <trkpt lat="46.04424" lon="7.057970000000001">
    <ele>1625.0600000000002</ele>
   </trkpt>
   <trkpt lat="46.044180000000004" lon="7.0578">
    <ele>1627.19</ele>
   </trkpt>
   <trkpt lat="46.04419" lon="7.057600000000001">
    <ele>1629.0600000000002</ele>
   </trkpt>
   <trkpt lat="46.044230000000006" lon="7.05745">
    <ele>1629.97</ele>
   </trkpt>
   <trkpt lat="46.044250000000005" lon="7.057290000000001">
    <ele>1630.1200000000001</ele>
   </trkpt>
   <trkpt lat="46.044320000000006" lon="7.057250000000001">
    <ele>1629.96</ele>
   </trkpt>
   <trkpt lat="46.044380000000004" lon="7.057250000000001">
    <ele>1629.7400000000002</ele>
   </trkpt>
   <trkpt lat="46.044450000000005" lon="7.057180000000001">
    <ele>1628.98</ele>
   </trkpt>
   <trkpt lat="46.04449" lon="7.05717">
    <ele>1628.3400000000001</ele>
   </trkpt>
   <trkpt lat="46.04455" lon="7.0571">
    <ele>1626.3500000000001</ele>
   </trkpt>
   <trkpt lat="46.044540000000005" lon="7.057040000000001">
    <ele>1625.0000000000002</ele>
   </trkpt>
   <trkpt lat="46.044450000000005" lon="7.0568800000000005">
    <ele>1620.78</ele>
   </trkpt>
   <trkpt lat="46.04442" lon="7.056750000000001">
    <ele>1619.1200000000001</ele>
   </trkpt>
   <trkpt lat="46.044540000000005" lon="7.0567">
    <ele>1618.95</ele>
   </trkpt>
   <trkpt lat="46.044760000000004" lon="7.05651">
    <ele>1619.3000000000002</ele>
   </trkpt>
   <trkpt lat="46.04487" lon="7.056280000000001">
    <ele>1615.5100000000002</ele>
   </trkpt>
   <trkpt lat="46.04505" lon="7.056140000000001">
    <ele>1613.7100000000003</ele>
   </trkpt>
   <trkpt lat="46.04513" lon="7.0561300000000005">
    <ele>1612.7</ele>
   </trkpt>
   <trkpt lat="46.04518" lon="7.05609">
    <ele>1612.16</ele>
   </trkpt>
   <trkpt lat="46.045210000000004" lon="7.05602">
    <ele>1612.16</ele>
   </trkpt>
   <trkpt lat="46.045280000000005" lon="7.05602">
    <ele>1609.8700000000001</ele>
   </trkpt>
   <trkpt lat="46.04533000000001" lon="7.05606">
    <ele>1609.2400000000002</ele>
   </trkpt>
   <trkpt lat="46.04545" lon="7.056210000000001">
    <ele>1607.17</ele>
   </trkpt>
   <trkpt lat="46.04554" lon="7.056240000000001">
    <ele>1606.17</ele>
   </trkpt>
   <trkpt lat="46.04561" lon="7.056220000000001">
    <ele>1606.0700000000002</ele>
   </trkpt>
   <trkpt lat="46.04580000000001" lon="7.056220000000001">
    <ele>1608.4600000000003</ele>
   </trkpt>
   <trkpt lat="46.045950000000005" lon="7.056280000000001">
    <ele>1610.5200000000002</ele>
   </trkpt>
   <trkpt lat="46.04601" lon="7.0562700000000005">
    <ele>1614.0200000000002</ele>
   </trkpt>
   <trkpt lat="46.04607" lon="7.056290000000001">
    <ele>1615.1000000000001</ele>
   </trkpt>
   <trkpt lat="46.0461" lon="7.056360000000001">
    <ele>1616.0400000000002</ele>
   </trkpt>
   <trkpt lat="46.04618000000001" lon="7.056430000000001">
    <ele>1617.2600000000002</ele>
   </trkpt>
   <trkpt lat="46.04643" lon="7.0567400000000005">
    <ele>1619.25</ele>
   </trkpt>
   <trkpt lat="46.04654" lon="7.056820000000001">
    <ele>1625.14</ele>
   </trkpt>
   <trkpt lat="46.046670000000006" lon="7.056870000000001">
    <ele>1626.5200000000002</ele>
   </trkpt>
   <trkpt lat="46.046800000000005" lon="7.0569500000000005">
    <ele>1632.8200000000002</ele>
   </trkpt>
   <trkpt lat="46.046980000000005" lon="7.05714">
    <ele>1639.3200000000002</ele>
   </trkpt>
   <trkpt lat="46.047090000000004" lon="7.057200000000001">
    <ele>1642.0100000000002</ele>
   </trkpt>
   <trkpt lat="46.047470000000004" lon="7.057340000000001">
    <ele>1653.52</ele>
   </trkpt>
   <trkpt lat="46.04787" lon="7.057300000000001">
    <ele>1669.8000000000002</ele>
   </trkpt>
   <trkpt lat="46.04802" lon="7.05726">
    <ele>1674.68</ele>
   </trkpt>
   <trkpt lat="46.04822" lon="7.057430000000001">
    <ele>1684.1200000000001</ele>
   </trkpt>
   <trkpt lat="46.048390000000005" lon="7.05752">
    <ele>1688.4800000000002</ele>
   </trkpt>
   <trkpt lat="46.04854" lon="7.057580000000001">
    <ele>1695.3500000000001</ele>
   </trkpt>
   <trkpt lat="46.04863" lon="7.0575600000000005">
    <ele>1698.7500000000002</ele>
   </trkpt>
   <trkpt lat="46.048750000000005" lon="7.057600000000001">
    <ele>1701.9700000000003</ele>
   </trkpt>
   <trkpt lat="46.048880000000004" lon="7.057720000000001">
    <ele>1706.19</ele>
   </trkpt>
   <trkpt lat="46.049130000000005" lon="7.058020000000001">
    <ele>1710.79</ele>
   </trkpt>
   <trkpt lat="46.04937" lon="7.058210000000001">
    <ele>1714.97</ele>
   </trkpt>
   <trkpt lat="46.04961" lon="7.05836">
    <ele>1720.8000000000002</ele>
   </trkpt>
   <trkpt lat="46.049910000000004" lon="7.05827">
    <ele>1731.0200000000002</ele>
   </trkpt>
   <trkpt lat="46.05006" lon="7.05827">
    <ele>1735.95</ele>
   </trkpt>
   <trkpt lat="46.050050000000006" lon="7.05822">
    <ele>1737.8300000000002</ele>
   </trkpt>
   <trkpt lat="46.04992000000001" lon="7.058140000000001">
    <ele>1742.8400000000001</ele>
   </trkpt>
   <trkpt lat="46.04988" lon="7.058040000000001">
    <ele>1742.8400000000001</ele>
   </trkpt>
   <trkpt lat="46.049710000000005" lon="7.057830000000001">
    <ele>1753.03</ele>
   </trkpt>
   <trkpt lat="46.049620000000004" lon="7.05766">
    <ele>1756.7800000000002</ele>
   </trkpt>
   <trkpt lat="46.049600000000005" lon="7.057570000000001">
    <ele>1757.8000000000002</ele>
   </trkpt>
   <trkpt lat="46.049400000000006" lon="7.05738">
    <ele>1760.97</ele>
   </trkpt>
   <trkpt lat="46.04936000000001" lon="7.057200000000001">
    <ele>1762.66</ele>
   </trkpt>
   <trkpt lat="46.049310000000006" lon="7.05712">
    <ele>1763.26</ele>
   </trkpt>
   <trkpt lat="46.04919" lon="7.05703">
    <ele>1766.15</ele>
   </trkpt>
   <trkpt lat="46.049170000000004" lon="7.056970000000001">
    <ele>1767.4900000000002</ele>
   </trkpt>
   <trkpt lat="46.049260000000004" lon="7.056870000000001">
    <ele>1773.24</ele>
   </trkpt>
   <trkpt lat="46.049330000000005" lon="7.056830000000001">
    <ele>1773.24</ele>
   </trkpt>
   <trkpt lat="46.04939" lon="7.056830000000001">
    <ele>1777.26</ele>
   </trkpt>
   <trkpt lat="46.04943" lon="7.05677">
    <ele>1777.26</ele>
   </trkpt>
   <trkpt lat="46.049490000000006" lon="7.05679">
    <ele>1780.0300000000002</ele>
   </trkpt>
   <trkpt lat="46.049490000000006" lon="7.05665">
    <ele>1784.5300000000002</ele>
   </trkpt>
   <trkpt lat="46.049400000000006" lon="7.0566">
    <ele>1785.98</ele>
   </trkpt>
   <trkpt lat="46.04945" lon="7.05656">
    <ele>1787.3600000000001</ele>
   </trkpt>
   <trkpt lat="46.049510000000005" lon="7.056540000000001">
    <ele>1787.3600000000001</ele>
   </trkpt>
   <trkpt lat="46.049600000000005" lon="7.056610000000001">
    <ele>1791.29</ele>
   </trkpt>
   <trkpt lat="46.049620000000004" lon="7.05653">
    <ele>1794.04</ele>
   </trkpt>
   <trkpt lat="46.04957" lon="7.056360000000001">
    <ele>1798.46</ele>
   </trkpt>
   <trkpt lat="46.049290000000006" lon="7.056190000000001">
    <ele>1809.44</ele>
   </trkpt>
   <trkpt lat="46.04928" lon="7.056140000000001">
    <ele>1809.44</ele>
   </trkpt>
   <trkpt lat="46.049350000000004" lon="7.056050000000001">
    <ele>1812.15</ele>
   </trkpt>
   <trkpt lat="46.04948" lon="7.05597">
    <ele>1817.14</ele>
   </trkpt>
   <trkpt lat="46.049530000000004" lon="7.05588">
    <ele>1817.14</ele>
   </trkpt>
   <trkpt lat="46.04966" lon="7.055770000000001">
    <ele>1823.5500000000002</ele>
   </trkpt>
   <trkpt lat="46.049670000000006" lon="7.055750000000001">
    <ele>1823.5500000000002</ele>
   </trkpt>
   <trkpt lat="46.049510000000005" lon="7.05564">
    <ele>1831.5800000000002</ele>
   </trkpt>
   <trkpt lat="46.049510000000005" lon="7.055580000000001">
    <ele>1831.5800000000002</ele>
   </trkpt>
   <trkpt lat="46.04954" lon="7.055490000000001">
    <ele>1832.8700000000001</ele>
   </trkpt>
   <trkpt lat="46.04959" lon="7.055440000000001">
    <ele>1834.0800000000002</ele>
   </trkpt>
   <trkpt lat="46.04965000000001" lon="7.055420000000001">
    <ele>1835.22</ele>
   </trkpt>
   <trkpt lat="46.04972" lon="7.05536">
    <ele>1837.26</ele>
   </trkpt>
   <trkpt lat="46.049800000000005" lon="7.05536">
    <ele>1839.9900000000002</ele>
   </trkpt>
   <trkpt lat="46.050520000000006" lon="7.055670000000001">
    <ele>1860.2900000000002</ele>
   </trkpt>
   <trkpt lat="46.05066" lon="7.05571">
    <ele>1862.95</ele>
   </trkpt>
   <trkpt lat="46.051" lon="7.055770000000001">
    <ele>1867.5100000000002</ele>
   </trkpt>
   <trkpt lat="46.05116" lon="7.05576">
    <ele>1871.96</ele>
   </trkpt>
   <trkpt lat="46.05174" lon="7.0559">
    <ele>1878.81</ele>
   </trkpt>
   <trkpt lat="46.05199" lon="7.0559">
    <ele>1879.5300000000002</ele>
   </trkpt>
   <trkpt lat="46.052220000000005" lon="7.05609">
    <ele>1881.88</ele>
   </trkpt>
   <trkpt lat="46.052350000000004" lon="7.056170000000001">
    <ele>1882.5900000000001</ele>
   </trkpt>
   <trkpt lat="46.052440000000004" lon="7.05618">
    <ele>1883.5000000000002</ele>
   </trkpt>
   <trkpt lat="46.052870000000006" lon="7.0561300000000005">
    <ele>1887.3600000000001</ele>
   </trkpt>
   <trkpt lat="46.053200000000004" lon="7.056070000000001">
    <ele>1891.76</ele>
   </trkpt>
   <trkpt lat="46.05387" lon="7.05569">
    <ele>1900.5400000000002</ele>
   </trkpt>
   <trkpt lat="46.05415000000001" lon="7.05555">
    <ele>1905.96</ele>
   </trkpt>
   <trkpt lat="46.05454" lon="7.055460000000001">
    <ele>1910.1000000000001</ele>
   </trkpt>
   <trkpt lat="46.054700000000004" lon="7.05548">
    <ele>1911.0900000000001</ele>
   </trkpt>
   <trkpt lat="46.05481" lon="7.0555200000000005">
    <ele>1914.47</ele>
   </trkpt>
   <trkpt lat="46.05492" lon="7.055530000000001">
    <ele>1914.47</ele>
   </trkpt>
   <trkpt lat="46.055130000000005" lon="7.055510000000001">
    <ele>1915.7700000000002</ele>
   </trkpt>
   <trkpt lat="46.05574000000001" lon="7.055320000000001">
    <ele>1924.2</ele>
   </trkpt>
   <trkpt lat="46.05584" lon="7.0552600000000005">
    <ele>1924.2</ele>
   </trkpt>
   <trkpt lat="46.05592" lon="7.055160000000001">
    <ele>1926.0300000000002</ele>
   </trkpt>
   <trkpt lat="46.055930000000004" lon="7.05515">
    <ele>1926.0300000000002</ele>
   </trkpt>
   <trkpt lat="46.055960000000006" lon="7.05496">
    <ele>1926.29</ele>
   </trkpt>
   <trkpt lat="46.055960000000006" lon="7.054790000000001">
    <ele>1929.65</ele>
   </trkpt>
   <trkpt lat="46.055890000000005" lon="7.054030000000001">
    <ele>1934.7600000000002</ele>
   </trkpt>
   <trkpt lat="46.0559" lon="7.053850000000001">
    <ele>1935.78</ele>
   </trkpt>
   <trkpt lat="46.05586" lon="7.053170000000001">
    <ele>1941.8400000000001</ele>
   </trkpt>
   <trkpt lat="46.05575" lon="7.052580000000001">
    <ele>1946.3500000000001</ele>
   </trkpt>
   <trkpt lat="46.05574000000001" lon="7.052060000000001">
    <ele>1951.3300000000002</ele>
   </trkpt>
   <trkpt lat="46.05577" lon="7.051780000000001">
    <ele>1952.47</ele>
   </trkpt>
   <trkpt lat="46.05576000000001" lon="7.051430000000001">
    <ele>1956.7</ele>
   </trkpt>
   <trkpt lat="46.05568" lon="7.051290000000001">
    <ele>1958.3000000000002</ele>
   </trkpt>
   <trkpt lat="46.05565000000001" lon="7.051150000000001">
    <ele>1959.81</ele>
   </trkpt>
   <trkpt lat="46.05565000000001" lon="7.05088">
    <ele>1962.15</ele>
   </trkpt>
   <trkpt lat="46.055580000000006" lon="7.050680000000001">
    <ele>1963.27</ele>
   </trkpt>
   <trkpt lat="46.055530000000005" lon="7.05048">
    <ele>1965.2300000000002</ele>
   </trkpt>
   <trkpt lat="46.05554" lon="7.0501700000000005">
    <ele>1970.68</ele>
   </trkpt>
   <trkpt lat="46.05552" lon="7.05013">
    <ele>1970.68</ele>
   </trkpt>
   <trkpt lat="46.05545" lon="7.05008">
    <ele>1971.54</ele>
   </trkpt>
   <trkpt lat="46.05541" lon="7.04987">
    <ele>1972.53</ele>
   </trkpt>
   <trkpt lat="46.05536" lon="7.0497000000000005">
    <ele>1973.6000000000001</ele>
   </trkpt>
   <trkpt lat="46.055350000000004" lon="7.049510000000001">
    <ele>1974.25</ele>
   </trkpt>
   <trkpt lat="46.05525" lon="7.049340000000001">
    <ele>1975.69</ele>
   </trkpt>
   <trkpt lat="46.0553" lon="7.048780000000001">
    <ele>1981.47</ele>
   </trkpt>
   <trkpt lat="46.05532" lon="7.0487400000000004">
    <ele>1981.47</ele>
   </trkpt>
   <trkpt lat="46.05538000000001" lon="7.0487">
    <ele>1981.98</ele>
   </trkpt>
   <trkpt lat="46.05543" lon="7.048290000000001">
    <ele>1986.64</ele>
   </trkpt>
   <trkpt lat="46.055260000000004" lon="7.04764">
    <ele>1991.41</ele>
   </trkpt>
   <trkpt lat="46.05525" lon="7.04745">
    <ele>1992.45</ele>
   </trkpt>
   <trkpt lat="46.0553" lon="7.04727">
    <ele>1992.8300000000002</ele>
   </trkpt>
   <trkpt lat="46.055310000000006" lon="7.046950000000001">
    <ele>1995.2800000000002</ele>
   </trkpt>
   <trkpt lat="46.05537" lon="7.046600000000001">
    <ele>1997.2200000000003</ele>
   </trkpt>
   <trkpt lat="46.055490000000006" lon="7.046380000000001">
    <ele>1998.39</ele>
   </trkpt>
   <trkpt lat="46.055670000000006" lon="7.046250000000001">
    <ele>1999.5300000000002</ele>
   </trkpt>
   <trkpt lat="46.05583" lon="7.046220000000001">
    <ele>2000.1200000000003</ele>
   </trkpt>
   <trkpt lat="46.05595" lon="7.04628">
    <ele>2001.4700000000003</ele>
   </trkpt>
   <trkpt lat="46.05601" lon="7.04626">
    <ele>2001.8899999999999</ele>
   </trkpt>
   <trkpt lat="46.056090000000005" lon="7.04616">
    <ele>2002.4800000000002</ele>
   </trkpt>
   <trkpt lat="46.056140000000006" lon="7.04605">
    <ele>2003.0200000000002</ele>
   </trkpt>
   <trkpt lat="46.05631" lon="7.045910000000001">
    <ele>2003.7000000000003</ele>
   </trkpt>
   <trkpt lat="46.056430000000006" lon="7.045750000000001">
    <ele>2005.1499999999999</ele>
   </trkpt>
   <trkpt lat="46.05646" lon="7.045630000000001">
    <ele>2005.92</ele>
   </trkpt>
   <trkpt lat="46.05655" lon="7.045560000000001">
    <ele>2006.2800000000002</ele>
   </trkpt>
   <trkpt lat="46.056580000000004" lon="7.045420000000001">
    <ele>2007.21</ele>
   </trkpt>
   <trkpt lat="46.05666" lon="7.04532">
    <ele>2008.7300000000002</ele>
   </trkpt>
   <trkpt lat="46.056920000000005" lon="7.0449">
    <ele>2017.0000000000002</ele>
   </trkpt>
   <trkpt lat="46.05706000000001" lon="7.044740000000001">
    <ele>2020.0800000000002</ele>
   </trkpt>
   <trkpt lat="46.057230000000004" lon="7.044600000000001">
    <ele>2025.56</ele>
   </trkpt>
   <trkpt lat="46.057570000000005" lon="7.0444700000000005">
    <ele>2033.2099999999998</ele>
   </trkpt>
   <trkpt lat="46.057570000000005" lon="7.04443">
    <ele>2033.2099999999998</ele>
   </trkpt>
   <trkpt lat="46.057390000000005" lon="7.044300000000001">
    <ele>2039.73</ele>
   </trkpt>
   <trkpt lat="46.05738" lon="7.044230000000001">
    <ele>2040.9200000000003</ele>
   </trkpt>
   <trkpt lat="46.05731" lon="7.044160000000001">
    <ele>2042.4900000000002</ele>
   </trkpt>
   <trkpt lat="46.057210000000005" lon="7.043830000000001">
    <ele>2040.91</ele>
   </trkpt>
   <trkpt lat="46.057230000000004" lon="7.04358">
    <ele>2036.6600000000003</ele>
   </trkpt>
   <trkpt lat="46.057320000000004" lon="7.0433">
    <ele>2033.2700000000002</ele>
   </trkpt>
   <trkpt lat="46.0574" lon="7.043170000000001">
    <ele>2032.1800000000003</ele>
   </trkpt>
   <trkpt lat="46.057520000000004" lon="7.043050000000001">
    <ele>2030.25</ele>
   </trkpt>
   <trkpt lat="46.057500000000005" lon="7.04253">
    <ele>2022.2600000000002</ele>
   </trkpt>
   <trkpt lat="46.05754" lon="7.042350000000001">
    <ele>2020.3100000000002</ele>
   </trkpt>
   <trkpt lat="46.05762000000001" lon="7.0421700000000005">
    <ele>2019.2300000000002</ele>
   </trkpt>
   <trkpt lat="46.057770000000005" lon="7.04196">
    <ele>2019.9700000000003</ele>
   </trkpt>
   <trkpt lat="46.05781" lon="7.041830000000001">
    <ele>2020.3999999999999</ele>
   </trkpt>
   <trkpt lat="46.057840000000006" lon="7.041530000000001">
    <ele>2021.1900000000003</ele>
   </trkpt>
   <trkpt lat="46.057840000000006" lon="7.040850000000001">
    <ele>2020.28</ele>
   </trkpt>
   <trkpt lat="46.05781" lon="7.0407">
    <ele>2019.3000000000002</ele>
   </trkpt>
   <trkpt lat="46.057660000000006" lon="7.04037">
    <ele>2014.6900000000003</ele>
   </trkpt>
   <trkpt lat="46.0576" lon="7.04018">
    <ele>2011.99</ele>
   </trkpt>
   <trkpt lat="46.05747" lon="7.039930000000001">
    <ele>2008.4600000000003</ele>
   </trkpt>
   <trkpt lat="46.057430000000004" lon="7.039770000000001">
    <ele>2006.7000000000003</ele>
   </trkpt>
   <trkpt lat="46.057430000000004" lon="7.039580000000001">
    <ele>2004.8799999999999</ele>
   </trkpt>
   <trkpt lat="46.057550000000006" lon="7.038930000000001">
    <ele>1991.7300000000002</ele>
   </trkpt>
   <trkpt lat="46.057550000000006" lon="7.038570000000001">
    <ele>1986.7500000000002</ele>
   </trkpt>
   <trkpt lat="46.05763" lon="7.03833">
    <ele>1980.0300000000002</ele>
   </trkpt>
   <trkpt lat="46.05763" lon="7.038150000000001">
    <ele>1980.0300000000002</ele>
   </trkpt>
   <trkpt lat="46.0576" lon="7.03793">
    <ele>1974.6200000000001</ele>
   </trkpt>
   <trkpt lat="46.05762000000001" lon="7.037710000000001">
    <ele>1970.1800000000003</ele>
   </trkpt>
   <trkpt lat="46.0576" lon="7.037230000000001">
    <ele>1964.0900000000001</ele>
   </trkpt>
   <trkpt lat="46.05762000000001" lon="7.0369">
    <ele>1957.18</ele>
   </trkpt>
   <trkpt lat="46.05769" lon="7.036300000000001">
    <ele>1946.16</ele>
   </trkpt>
   <trkpt lat="46.05765" lon="7.036060000000001">
    <ele>1941.9700000000003</ele>
   </trkpt>
   <trkpt lat="46.05758" lon="7.035870000000001">
    <ele>1938.4900000000002</ele>
   </trkpt>
   <trkpt lat="46.057480000000005" lon="7.03568">
    <ele>1935.52</ele>
   </trkpt>
   <trkpt lat="46.057300000000005" lon="7.035570000000001">
    <ele>1927.79</ele>
   </trkpt>
   <trkpt lat="46.057050000000004" lon="7.03551">
    <ele>1922.92</ele>
   </trkpt>
   <trkpt lat="46.05678" lon="7.035410000000001">
    <ele>1915.7100000000003</ele>
   </trkpt>
   <trkpt lat="46.05657" lon="7.035290000000001">
    <ele>1912.4500000000003</ele>
   </trkpt>
   <trkpt lat="46.05635" lon="7.03523">
    <ele>1905.2300000000002</ele>
   </trkpt>
   <trkpt lat="46.05626" lon="7.03509">
    <ele>1901.69</ele>
   </trkpt>
   <trkpt lat="46.056090000000005" lon="7.035010000000001">
    <ele>1895.5100000000002</ele>
   </trkpt>
   <trkpt lat="46.05583" lon="7.03439">
    <ele>1886.94</ele>
   </trkpt>
   <trkpt lat="46.055800000000005" lon="7.034160000000001">
    <ele>1883.38</ele>
   </trkpt>
   <trkpt lat="46.05579" lon="7.033930000000001">
    <ele>1883.38</ele>
   </trkpt>
   <trkpt lat="46.055890000000005" lon="7.033650000000001">
    <ele>1880.2800000000002</ele>
   </trkpt>
   <trkpt lat="46.055890000000005" lon="7.033640000000001">
    <ele>1878.0800000000002</ele>
   </trkpt>
   <trkpt lat="46.055780000000006" lon="7.03359">
    <ele>1878.0900000000001</ele>
   </trkpt>
   <trkpt lat="46.05568" lon="7.03359">
    <ele>1878.4</ele>
   </trkpt>
   <trkpt lat="46.05538000000001" lon="7.033670000000001">
    <ele>1880.2500000000002</ele>
   </trkpt>
   <trkpt lat="46.05509000000001" lon="7.033720000000001">
    <ele>1881.39</ele>
   </trkpt>
   <trkpt lat="46.05501" lon="7.033640000000001">
    <ele>1880.81</ele>
   </trkpt>
   <trkpt lat="46.05494" lon="7.033530000000001">
    <ele>1880.2800000000002</ele>
   </trkpt>
   <trkpt lat="46.055565002243014" lon="7.0328200079845775">
    <ele>1879.3100000000002</ele>
   </trkpt>
   <trkpt lat="46.05619" lon="7.03211">
    <ele>1873.7100000000003</ele>
   </trkpt>
   <trkpt lat="46.05621000000001" lon="7.0320100000000005">
    <ele>1871.88</ele>
   </trkpt>
   <trkpt lat="46.05631" lon="7.03176">
    <ele>1867.3100000000002</ele>
   </trkpt>
   <trkpt lat="46.05635" lon="7.031580000000001">
    <ele>1865.7700000000002</ele>
   </trkpt>
   <trkpt lat="46.056520000000006" lon="7.03134">
    <ele>1862.03</ele>
   </trkpt>
   <trkpt lat="46.056520000000006" lon="7.0311200000000005">
    <ele>1857.5700000000002</ele>
   </trkpt>
   <trkpt lat="46.05655" lon="7.0309800000000005">
    <ele>1856.1600000000003</ele>
   </trkpt>
   <trkpt lat="46.05678" lon="7.03042">
    <ele>1853.23</ele>
   </trkpt>
   <trkpt lat="46.05686" lon="7.03035">
    <ele>1852.7000000000003</ele>
   </trkpt>
   <trkpt lat="46.05693" lon="7.030170000000001">
    <ele>1851.5500000000002</ele>
   </trkpt>
   <trkpt lat="46.05709" lon="7.03">
    <ele>1850.0100000000002</ele>
   </trkpt>
   <trkpt lat="46.057280000000006" lon="7.029840000000001">
    <ele>1846.14</ele>
   </trkpt>
   <trkpt lat="46.05736" lon="7.029680000000001">
    <ele>1844.8600000000001</ele>
   </trkpt>
   <trkpt lat="46.05762000000001" lon="7.02955">
    <ele>1840.93</ele>
   </trkpt>
   <trkpt lat="46.057790000000004" lon="7.02939">
    <ele>1839.2</ele>
   </trkpt>
   <trkpt lat="46.05807" lon="7.029300000000001">
    <ele>1838.54</ele>
   </trkpt>
   <trkpt lat="46.058150000000005" lon="7.029230000000001">
    <ele>1838.6100000000001</ele>
   </trkpt>
   <trkpt lat="46.05818000000001" lon="7.029160000000001">
    <ele>1838.5800000000002</ele>
   </trkpt>
   <trkpt lat="46.05828" lon="7.02866">
    <ele>1837.1200000000001</ele>
   </trkpt>
   <trkpt lat="46.058400000000006" lon="7.02824">
    <ele>1833.13</ele>
   </trkpt>
   <trkpt lat="46.058440000000004" lon="7.02777">
    <ele>1825.89</ele>
   </trkpt>
   <trkpt lat="46.058460000000004" lon="7.027240000000001">
    <ele>1819.29</ele>
   </trkpt>
   <trkpt lat="46.05845" lon="7.02695">
    <ele>1813.5100000000002</ele>
   </trkpt>
   <trkpt lat="46.058370000000004" lon="7.026720000000001">
    <ele>1808.89</ele>
   </trkpt>
   <trkpt lat="46.05801" lon="7.026020000000001">
    <ele>1791.3600000000001</ele>
   </trkpt>
   <trkpt lat="46.057860000000005" lon="7.025530000000001">
    <ele>1782.1000000000001</ele>
   </trkpt>
   <trkpt lat="46.0578" lon="7.025430000000001">
    <ele>1779.3700000000001</ele>
   </trkpt>
   <trkpt lat="46.057570000000005" lon="7.025340000000001">
    <ele>1773.0100000000002</ele>
   </trkpt>
   <trkpt lat="46.057370000000006" lon="7.02519">
    <ele>1762.8100000000002</ele>
   </trkpt>
   <trkpt lat="46.05724000000001" lon="7.02514">
    <ele>1758.39</ele>
   </trkpt>
   <trkpt lat="46.05716" lon="7.02505">
    <ele>1755.7600000000002</ele>
   </trkpt>
   <trkpt lat="46.05678" lon="7.024830000000001">
    <ele>1745.2200000000003</ele>
   </trkpt>
   <trkpt lat="46.056700000000006" lon="7.024830000000001">
    <ele>1745.2200000000003</ele>
   </trkpt>
   <trkpt lat="46.05626" lon="7.024730000000001">
    <ele>1738.14</ele>
   </trkpt>
   <trkpt lat="46.0561" lon="7.024590000000001">
    <ele>1733.88</ele>
   </trkpt>
   <trkpt lat="46.055870000000006" lon="7.0242700000000005">
    <ele>1729.21</ele>
   </trkpt>
   <trkpt lat="46.05581" lon="7.02404">
    <ele>1729.21</ele>
   </trkpt>
   <trkpt lat="46.055730000000004" lon="7.02301">
    <ele>1723.14</ele>
   </trkpt>
   <trkpt lat="46.055820000000004" lon="7.022640000000001">
    <ele>1718.63</ele>
   </trkpt>
   <trkpt lat="46.05579" lon="7.022430000000001">
    <ele>1718.63</ele>
   </trkpt>
   <trkpt lat="46.055780000000006" lon="7.0221800000000005">
    <ele>1718.63</ele>
   </trkpt>
   <trkpt lat="46.055870000000006" lon="7.02181">
    <ele>1715.96</ele>
   </trkpt>
   <trkpt lat="46.055980000000005" lon="7.02165">
    <ele>1714.46</ele>
   </trkpt>
   <trkpt lat="46.05617" lon="7.021170000000001">
    <ele>1709.95</ele>
   </trkpt>
   <trkpt lat="46.05635" lon="7.020830000000001">
    <ele>1708.7500000000002</ele>
   </trkpt>
   <trkpt lat="46.05668000000001" lon="7.020390000000001">
    <ele>1704.66</ele>
   </trkpt>
   <trkpt lat="46.056740000000005" lon="7.01998">
    <ele>1697.0</ele>
   </trkpt>
   <trkpt lat="46.05662" lon="7.019730000000001">
    <ele>1693.48</ele>
   </trkpt>
   <trkpt lat="46.05673" lon="7.0196000000000005">
    <ele>1688.95</ele>
   </trkpt>
   <trkpt lat="46.05675" lon="7.019310000000001">
    <ele>1687.66</ele>
   </trkpt>
   <trkpt lat="46.05706000000001" lon="7.0189">
    <ele>1682.5100000000002</ele>
   </trkpt>
   <trkpt lat="46.057170000000006" lon="7.0187800000000005">
    <ele>1680.63</ele>
   </trkpt>
   <trkpt lat="46.057300000000005" lon="7.018370000000001">
    <ele>1674.0900000000001</ele>
   </trkpt>
   <trkpt lat="46.057320000000004" lon="7.018000000000001">
    <ele>1670.1000000000001</ele>
   </trkpt>
   <trkpt lat="46.05729" lon="7.017600000000001">
    <ele>1665.3700000000001</ele>
   </trkpt>
   <trkpt lat="46.057300000000005" lon="7.0174900000000004">
    <ele>1665.3700000000001</ele>
   </trkpt>
   <trkpt lat="46.05729" lon="7.01719">
    <ele>1662.3600000000001</ele>
   </trkpt>
   <trkpt lat="46.05734" lon="7.01679">
    <ele>1656.95</ele>
   </trkpt>
   <trkpt lat="46.05735000000001" lon="7.01651">
    <ele>1654.5900000000001</ele>
   </trkpt>
   <trkpt lat="46.057320000000004" lon="7.01609">
    <ele>1653.5400000000002</ele>
   </trkpt>
   <trkpt lat="46.05725" lon="7.015670000000001">
    <ele>1649.73</ele>
   </trkpt>
   <trkpt lat="46.057100000000005" lon="7.0152600000000005">
    <ele>1641.55</ele>
   </trkpt>
   <trkpt lat="46.057120000000005" lon="7.01503">
    <ele>1640.8300000000002</ele>
   </trkpt>
   <trkpt lat="46.05711" lon="7.0148">
    <ele>1640.9600000000003</ele>
   </trkpt>
   <trkpt lat="46.05706000000001" lon="7.014640000000001">
    <ele>1640.5</ele>
   </trkpt>
   <trkpt lat="46.05695" lon="7.01449">
    <ele>1638.9300000000003</ele>
   </trkpt>
   <trkpt lat="46.05691" lon="7.014380000000001">
    <ele>1637.65</ele>
   </trkpt>
   <trkpt lat="46.05697000000001" lon="7.01433">
    <ele>1636.1100000000001</ele>
   </trkpt>
   <trkpt lat="46.057100000000005" lon="7.01433">
    <ele>1633.22</ele>
   </trkpt>
   <trkpt lat="46.05731" lon="7.013990000000001">
    <ele>1630.74</ele>
   </trkpt>
   <trkpt lat="46.0574" lon="7.01376">
    <ele>1631.9500000000003</ele>
   </trkpt>
   <trkpt lat="46.057370000000006" lon="7.01351">
    <ele>1632.03</ele>
   </trkpt>
   <trkpt lat="46.057390000000005" lon="7.01304">
    <ele>1635.28</ele>
   </trkpt>
   <trkpt lat="46.05735000000001" lon="7.01259">
    <ele>1633.01</ele>
   </trkpt>
   <trkpt lat="46.05727" lon="7.012200000000001">
    <ele>1626.4600000000003</ele>
   </trkpt>
   <trkpt lat="46.057210000000005" lon="7.012080000000001">
    <ele>1623.7800000000002</ele>
   </trkpt>
   <trkpt lat="46.057210000000005" lon="7.0118100000000005">
    <ele>1619.0000000000002</ele>
   </trkpt>
   <trkpt lat="46.05715000000001" lon="7.01163">
    <ele>1615.73</ele>
   </trkpt>
   <trkpt lat="46.057230000000004" lon="7.011540000000001">
    <ele>1608.72</ele>
   </trkpt>
   <trkpt lat="46.05724000000001" lon="7.01132">
    <ele>1605.3400000000001</ele>
   </trkpt>
   <trkpt lat="46.0572" lon="7.0112000000000005">
    <ele>1602.1200000000001</ele>
   </trkpt>
   <trkpt lat="46.057210000000005" lon="7.011120000000001">
    <ele>1599.14</ele>
   </trkpt>
   <trkpt lat="46.05725" lon="7.01104">
    <ele>1597.7800000000002</ele>
   </trkpt>
   <trkpt lat="46.05725" lon="7.0108500000000005">
    <ele>1594.1900000000003</ele>
   </trkpt>
   <trkpt lat="46.05727" lon="7.01071">
    <ele>1591.18</ele>
   </trkpt>
   <trkpt lat="46.057300000000005" lon="7.01062">
    <ele>1591.18</ele>
   </trkpt>
   <trkpt lat="46.057550000000006" lon="7.010320000000001">
    <ele>1585.5400000000002</ele>
   </trkpt>
   <trkpt lat="46.057590000000005" lon="7.01015">
    <ele>1584.18</ele>
   </trkpt>
   <trkpt lat="46.057770000000005" lon="7.00982">
    <ele>1582.66</ele>
   </trkpt>
   <trkpt lat="46.05778" lon="7.009710000000001">
    <ele>1581.6000000000001</ele>
   </trkpt>
   <trkpt lat="46.05776" lon="7.009430000000001">
    <ele>1580.27</ele>
   </trkpt>
   <trkpt lat="46.0578" lon="7.00914">
    <ele>1579.46</ele>
   </trkpt>
   <trkpt lat="46.0578" lon="7.008820000000001">
    <ele>1576.95</ele>
   </trkpt>
   <trkpt lat="46.057750000000006" lon="7.00851">
    <ele>1573.5700000000002</ele>
   </trkpt>
   <trkpt lat="46.057750000000006" lon="7.00839">
    <ele>1571.0900000000001</ele>
   </trkpt>
   <trkpt lat="46.05772" lon="7.00827">
    <ele>1568.8200000000002</ele>
   </trkpt>
   <trkpt lat="46.05773000000001" lon="7.00816">
    <ele>1567.41</ele>
   </trkpt>
   <trkpt lat="46.05782000000001" lon="7.007860000000001">
    <ele>1558.5000000000002</ele>
   </trkpt>
   <trkpt lat="46.05781" lon="7.00769">
    <ele>1555.97</ele>
   </trkpt>
   <trkpt lat="46.05783" lon="7.007610000000001">
    <ele>1554.9100000000003</ele>
   </trkpt>
   <trkpt lat="46.0578" lon="7.007390000000001">
    <ele>1551.93</ele>
   </trkpt>
   <trkpt lat="46.05776" lon="7.00724">
    <ele>1550.46</ele>
   </trkpt>
   <trkpt lat="46.057750000000006" lon="7.00696">
    <ele>1545.9900000000002</ele>
   </trkpt>
   <trkpt lat="46.057700000000004" lon="7.00675">
    <ele>1543.7</ele>
   </trkpt>
   <trkpt lat="46.057660000000006" lon="7.00633">
    <ele>1539.2700000000002</ele>
   </trkpt>
   <trkpt lat="46.0576" lon="7.006100000000001">
    <ele>1537.93</ele>
   </trkpt>
   <trkpt lat="46.05754" lon="7.006010000000001">
    <ele>1537.4800000000002</ele>
   </trkpt>
   <trkpt lat="46.05751" lon="7.005890000000001">
    <ele>1536.21</ele>
   </trkpt>
   <trkpt lat="46.05754" lon="7.005560000000001">
    <ele>1531.38</ele>
   </trkpt>
   <trkpt lat="46.05751" lon="7.005450000000001">
    <ele>1530.75</ele>
   </trkpt>
   <trkpt lat="46.05747" lon="7.0050300000000005">
    <ele>1527.0800000000002</ele>
   </trkpt>
   <trkpt lat="46.057500000000005" lon="7.004670000000001">
    <ele>1523.0700000000002</ele>
   </trkpt>
   <trkpt lat="46.0574" lon="7.00424">
    <ele>1520.14</ele>
   </trkpt>
   <trkpt lat="46.05742" lon="7.004040000000001">
    <ele>1519.9300000000003</ele>
   </trkpt>
   <trkpt lat="46.057410000000004" lon="7.00389">
    <ele>1519.65</ele>
   </trkpt>
   <trkpt lat="46.05733" lon="7.003520000000001">
    <ele>1520.5900000000001</ele>
   </trkpt>
   <trkpt lat="46.05733" lon="7.003380000000001">
    <ele>1521.42</ele>
   </trkpt>
   <trkpt lat="46.05736" lon="7.003240000000001">
    <ele>1522.51</ele>
   </trkpt>
   <trkpt lat="46.057410000000004" lon="7.003170000000001">
    <ele>1523.8400000000001</ele>
   </trkpt>
   <trkpt lat="46.05751" lon="7.00311">
    <ele>1526.2300000000002</ele>
   </trkpt>
   <trkpt lat="46.057590000000005" lon="7.0029900000000005">
    <ele>1527.65</ele>
   </trkpt>
   <trkpt lat="46.05763" lon="7.0028500000000005">
    <ele>1528.5400000000002</ele>
   </trkpt>
   <trkpt lat="46.05765" lon="7.00264">
    <ele>1529.7200000000003</ele>
   </trkpt>
   <trkpt lat="46.05765" lon="7.0024500000000005">
    <ele>1530.24</ele>
   </trkpt>
   <trkpt lat="46.05763" lon="7.002250000000001">
    <ele>1532.41</ele>
   </trkpt>
   <trkpt lat="46.057640000000006" lon="7.002120000000001">
    <ele>1533.2800000000002</ele>
   </trkpt>
   <trkpt lat="46.057610000000004" lon="7.002040000000001">
    <ele>1533.53</ele>
   </trkpt>
   <trkpt lat="46.057590000000005" lon="7.001860000000001">
    <ele>1533.63</ele>
   </trkpt>
   <trkpt lat="46.05767" lon="7.001620000000001">
    <ele>1533.53</ele>
   </trkpt>
   <trkpt lat="46.05767" lon="7.001480000000001">
    <ele>1533.2100000000003</ele>
   </trkpt>
   <trkpt lat="46.05772" lon="7.001340000000001">
    <ele>1532.49</ele>
   </trkpt>
   <trkpt lat="46.05769" lon="7.00121">
    <ele>1532.39</ele>
   </trkpt>
   <trkpt lat="46.057640000000006" lon="7.001130000000001">
    <ele>1532.38</ele>
   </trkpt>
   <trkpt lat="46.05747" lon="7.001080000000001">
    <ele>1532.67</ele>
   </trkpt>
   <trkpt lat="46.05727" lon="7.001060000000001">
    <ele>1533.3000000000002</ele>
   </trkpt>
   <trkpt lat="46.05704" lon="7.000750000000001">
    <ele>1532.93</ele>
   </trkpt>
   <trkpt lat="46.056920000000005" lon="7.0007">
    <ele>1532.8400000000001</ele>
   </trkpt>
   <trkpt lat="46.0568" lon="7.0007">
    <ele>1532.79</ele>
   </trkpt>
   <trkpt lat="46.056720000000006" lon="7.000750000000001">
    <ele>1532.79</ele>
   </trkpt>
   <trkpt lat="46.05662" lon="7.000870000000001">
    <ele>1532.73</ele>
   </trkpt>
   <trkpt lat="46.05651" lon="7.00088">
    <ele>1532.73</ele>
   </trkpt>
   <trkpt lat="46.056400000000004" lon="7.0008300000000006">
    <ele>1532.71</ele>
   </trkpt>
   <trkpt lat="46.05633" lon="7.000710000000001">
    <ele>1532.65</ele>
   </trkpt>
   <trkpt lat="46.056090000000005" lon="7.0006200000000005">
    <ele>1532.46</ele>
   </trkpt>
   <trkpt lat="46.055710000000005" lon="7.00027">
    <ele>1532.63</ele>
   </trkpt>
   <trkpt lat="46.055550000000004" lon="7.0002200000000006">
    <ele>1532.55</ele>
   </trkpt>
   <trkpt lat="46.055350000000004" lon="7.000210000000001">
    <ele>1532.18</ele>
   </trkpt>
   <trkpt lat="46.055220000000006" lon="7.00025">
    <ele>1532.18</ele>
   </trkpt>
   <trkpt lat="46.05516" lon="7.000290000000001">
    <ele>1532.07</ele>
   </trkpt>
   <trkpt lat="46.05481" lon="7.0006200000000005">
    <ele>1532.1</ele>
   </trkpt>
   <trkpt lat="46.054590000000005" lon="7.00063">
    <ele>1531.5100000000002</ele>
   </trkpt>
   <trkpt lat="46.05449" lon="7.00058">
    <ele>1531.44</ele>
   </trkpt>
   <trkpt lat="46.05434" lon="7.00058">
    <ele>1531.63</ele>
   </trkpt>
   <trkpt lat="46.054230000000004" lon="7.000560000000001">
    <ele>1532.2300000000002</ele>
   </trkpt>
   <trkpt lat="46.05355" lon="7.00063">
    <ele>1532.66</ele>
   </trkpt>
   <trkpt lat="46.05330000000001" lon="7.000610000000001">
    <ele>1532.93</ele>
   </trkpt>
   <trkpt lat="46.052980000000005" lon="7.00074">
    <ele>1533.23</ele>
   </trkpt>
   <trkpt lat="46.052800000000005" lon="7.00084">
    <ele>1531.6900000000003</ele>
   </trkpt>
   <trkpt lat="46.052960000000006" lon="7.000450000000001">
    <ele>1518.2600000000002</ele>
   </trkpt>
   <trkpt lat="46.052910000000004" lon="7.0003">
    <ele>1512.82</ele>
   </trkpt>
   <trkpt lat="46.052710000000005" lon="7.00025">
    <ele>1509.09</ele>
   </trkpt>
   <trkpt lat="46.052780000000006" lon="7.00018">
    <ele>1509.09</ele>
   </trkpt>
   <trkpt lat="46.05266" lon="7.00006">
    <ele>1495.6</ele>
   </trkpt>
   <trkpt lat="46.05286" lon="6.999960000000001">
    <ele>1485.88</ele>
   </trkpt>
   <trkpt lat="46.05279" lon="6.99983">
    <ele>1482.49</ele>
   </trkpt>
   <trkpt lat="46.05266" lon="6.9998000000000005">
    <ele>1479.88</ele>
   </trkpt>
   <trkpt lat="46.05266" lon="6.999600000000001">
    <ele>1479.69</ele>
   </trkpt>
   <trkpt lat="46.052620000000005" lon="6.999600000000001">
    <ele>1476.89</ele>
   </trkpt>
   <trkpt lat="46.052620000000005" lon="6.99962">
    <ele>1476.89</ele>
   </trkpt>
   <trkpt lat="46.05268" lon="6.99962">
    <ele>1476.3300000000002</ele>
   </trkpt>
   <trkpt lat="46.052980000000005" lon="6.999490000000001">
    <ele>1468.88</ele>
   </trkpt>
   <trkpt lat="46.053090000000005" lon="6.99941">
    <ele>1467.72</ele>
   </trkpt>
   <trkpt lat="46.053180000000005" lon="6.9992600000000005">
    <ele>1461.06</ele>
   </trkpt>
   <trkpt lat="46.053020000000004" lon="6.999130000000001">
    <ele>1450.8400000000001</ele>
   </trkpt>
   <trkpt lat="46.05303000000001" lon="6.998990000000001">
    <ele>1448.15</ele>
   </trkpt>
   <trkpt lat="46.05294000000001" lon="6.998760000000001">
    <ele>1443.4</ele>
   </trkpt>
   <trkpt lat="46.052820000000004" lon="6.998640000000001">
    <ele>1437.0900000000001</ele>
   </trkpt>
   <trkpt lat="46.05286" lon="6.998460000000001">
    <ele>1430.2400000000002</ele>
   </trkpt>
   <trkpt lat="46.052710000000005" lon="6.998270000000001">
    <ele>1417.95</ele>
   </trkpt>
   <trkpt lat="46.05281" lon="6.99807">
    <ele>1408.4500000000003</ele>
   </trkpt>
   <trkpt lat="46.05263" lon="6.997910000000001">
    <ele>1396.49</ele>
   </trkpt>
   <trkpt lat="46.052690000000005" lon="6.9977800000000006">
    <ele>1396.49</ele>
   </trkpt>
   <trkpt lat="46.052620000000005" lon="6.99767">
    <ele>1392.4</ele>
   </trkpt>
   <trkpt lat="46.05275" lon="6.997630000000001">
    <ele>1386.42</ele>
   </trkpt>
   <trkpt lat="46.052640000000004" lon="6.997510000000001">
    <ele>1378.91</ele>
   </trkpt>
   <trkpt lat="46.05263" lon="6.99725">
    <ele>1374.1000000000001</ele>
   </trkpt>
   <trkpt lat="46.052870000000006" lon="6.997160000000001">
    <ele>1369.0000000000002</ele>
   </trkpt>
   <trkpt lat="46.05292" lon="6.997170000000001">
    <ele>1369.0000000000002</ele>
   </trkpt>
   <trkpt lat="46.05297" lon="6.99725">
    <ele>1369.0000000000002</ele>
   </trkpt>
   <trkpt lat="46.053110000000004" lon="6.997380000000001">
    <ele>1364.51</ele>
   </trkpt>
   <trkpt lat="46.053200000000004" lon="6.997400000000001">
    <ele>1364.51</ele>
   </trkpt>
   <trkpt lat="46.05370000004209" lon="6.997330000630858">
    <ele>1354.9</ele>
   </trkpt>
   <trkpt lat="46.0542" lon="6.997260000000001">
    <ele>1347.9</ele>
   </trkpt>
   <trkpt lat="46.05445" lon="6.997190000000001">
    <ele>1344.24</ele>
   </trkpt>
   <trkpt lat="46.05472" lon="6.997070000000001">
    <ele>1337.71</ele>
   </trkpt>
   <trkpt lat="46.055040000000005" lon="6.997120000000001">
    <ele>1331.5800000000002</ele>
   </trkpt>
   <trkpt lat="46.05507" lon="6.99706">
    <ele>1329.42</ele>
   </trkpt>
   <trkpt lat="46.055060000000005" lon="6.99701">
    <ele>1329.42</ele>
   </trkpt>
   <trkpt lat="46.05536" lon="6.99692">
    <ele>1324.3200000000002</ele>
   </trkpt>
   <trkpt lat="46.05586" lon="6.996720000000001">
    <ele>1307.67</ele>
   </trkpt>
   <trkpt lat="46.056160000000006" lon="6.99666">
    <ele>1305.6100000000001</ele>
   </trkpt>
   <trkpt lat="46.056450000000005" lon="6.99657">
    <ele>1298.8200000000002</ele>
   </trkpt>
   <trkpt lat="46.056760000000004" lon="6.99643">
    <ele>1293.8400000000001</ele>
   </trkpt>
   <trkpt lat="46.05688000000001" lon="6.99633">
    <ele>1293.16</ele>
   </trkpt>
   <trkpt lat="46.05695" lon="6.996200000000001">
    <ele>1293.08</ele>
   </trkpt>
   <trkpt lat="46.056960000000004" lon="6.996060000000001">
    <ele>1293.2800000000002</ele>
   </trkpt>
   <trkpt lat="46.05691" lon="6.99584">
    <ele>1294.2</ele>
   </trkpt>
   <trkpt lat="46.056900000000006" lon="6.995830000000001">
    <ele>1294.25</ele>
   </trkpt>
   <trkpt lat="46.056740000000005" lon="6.995990000000001">
    <ele>1296.27</ele>
   </trkpt>
   <trkpt lat="46.05659000000001" lon="6.996060000000001">
    <ele>1298.42</ele>
   </trkpt>
   <trkpt lat="46.05655" lon="6.995850000000001">
    <ele>1300.1200000000001</ele>
   </trkpt>
   <trkpt lat="46.05646" lon="6.995520000000001">
    <ele>1302.1</ele>
   </trkpt>
   <trkpt lat="46.056250000000006" lon="6.995290000000001">
    <ele>1302.88</ele>
   </trkpt>
   <trkpt lat="46.056160000000006" lon="6.995450000000001">
    <ele>1303.53</ele>
   </trkpt>
   <trkpt lat="46.05594000000001" lon="6.995690000000001">
    <ele>1307.5500000000002</ele>
   </trkpt>
   <trkpt lat="46.056070000000005" lon="6.995330000000001">
    <ele>1307.69</ele>
   </trkpt>
   <trkpt lat="46.05606" lon="6.995220000000001">
    <ele>1307.9900000000002</ele>
   </trkpt>
   <trkpt lat="46.05613" lon="6.994960000000001">
    <ele>1308.5200000000002</ele>
   </trkpt>
   <trkpt lat="46.05603000000001" lon="6.99488">
    <ele>1308.68</ele>
   </trkpt>
   <trkpt lat="46.05581" lon="6.994860000000001">
    <ele>1307.53</ele>
   </trkpt>
   <trkpt lat="46.05500000000001" lon="6.994910000000001">
    <ele>1306.89</ele>
   </trkpt>
   <trkpt lat="46.054460000000006" lon="6.994770000000001">
    <ele>1306.5900000000001</ele>
   </trkpt>
   <trkpt lat="46.05411" lon="6.994650000000001">
    <ele>1307.08</ele>
   </trkpt>
   <trkpt lat="46.05373" lon="6.9946">
    <ele>1308.64</ele>
   </trkpt>
   <trkpt lat="46.05353" lon="6.99455">
    <ele>1308.88</ele>
   </trkpt>
   <trkpt lat="46.05292" lon="6.994330000000001">
    <ele>1307.62</ele>
   </trkpt>
   <trkpt lat="46.052530000000004" lon="6.9942400000000005">
    <ele>1305.79</ele>
   </trkpt>
   <trkpt lat="46.05247000000001" lon="6.99401">
    <ele>1305.9</ele>
   </trkpt>
   <trkpt lat="46.052350000000004" lon="6.99399">
    <ele>1305.94</ele>
   </trkpt>
   <trkpt lat="46.05199" lon="6.994210000000001">
    <ele>1307.3400000000001</ele>
   </trkpt>
   <trkpt lat="46.05147" lon="6.99429">
    <ele>1310.2600000000002</ele>
   </trkpt>
   <trkpt lat="46.05063666679937" lon="6.994371672828667">
    <ele>1313.92</ele>
   </trkpt>
   <trkpt lat="46.04980333354058" lon="6.994453343192835">
    <ele>1318.66</ele>
   </trkpt>
   <trkpt lat="46.048970000223605" lon="6.994535011092655">
    <ele>1321.94</ele>
   </trkpt>
   <trkpt lat="46.04813666684849" lon="6.9946166765282705">
    <ele>1325.86</ele>
   </trkpt>
   <trkpt lat="46.047303333415186" lon="6.994698339499829">
    <ele>1329.59</ele>
   </trkpt>
   <trkpt lat="46.04647000000001" lon="6.99478">
    <ele>1334.1900000000003</ele>
   </trkpt>
   <trkpt lat="46.046170000000004" lon="6.994750000000001">
    <ele>1336.03</ele>
   </trkpt>
   <trkpt lat="46.045770000000005" lon="6.99464">
    <ele>1337.43</ele>
   </trkpt>
   <trkpt lat="46.04515000000001" lon="6.99476">
    <ele>1342.33</ele>
   </trkpt>
   <trkpt lat="46.0448" lon="6.99488">
    <ele>1343.97</ele>
   </trkpt>
   <trkpt lat="46.044250000000005" lon="6.99528">
    <ele>1348.39</ele>
   </trkpt>
   <trkpt lat="46.04406" lon="6.995470000000001">
    <ele>1350.3100000000002</ele>
   </trkpt>
   <trkpt lat="46.043960000000006" lon="6.99563">
    <ele>1350.9</ele>
   </trkpt>
   <trkpt lat="46.043820000000004" lon="6.996090000000001">
    <ele>1354.2500000000002</ele>
   </trkpt>
   <trkpt lat="46.04375" lon="6.99619">
    <ele>1355.6100000000001</ele>
   </trkpt>
   <trkpt lat="46.04366" lon="6.99619">
    <ele>1356.89</ele>
   </trkpt>
   <trkpt lat="46.043600000000005" lon="6.9961400000000005">
    <ele>1356.89</ele>
   </trkpt>
   <trkpt lat="46.043490000000006" lon="6.99589">
    <ele>1360.6299999999999</ele>
   </trkpt>
   <trkpt lat="46.043380000000006" lon="6.995800000000001">
    <ele>1363.6100000000001</ele>
   </trkpt>
   <trkpt lat="46.0433" lon="6.995800000000001">
    <ele>1363.6100000000001</ele>
   </trkpt>
   <trkpt lat="46.04317" lon="6.995830000000001">
    <ele>1364.77</ele>
   </trkpt>
   <trkpt lat="46.04283" lon="6.996090000000001">
    <ele>1370.26</ele>
   </trkpt>
   <trkpt lat="46.04263" lon="6.996130000000001">
    <ele>1372.43</ele>
   </trkpt>
   <trkpt lat="46.04236" lon="6.996110000000001">
    <ele>1375.3500000000001</ele>
   </trkpt>
   <trkpt lat="46.04190500002648" lon="6.996185000617337">
    <ele>1378.6200000000001</ele>
   </trkpt>
   <trkpt lat="46.041450000000005" lon="6.99626">
    <ele>1381.88</ele>
   </trkpt>
   <trkpt lat="46.04126" lon="6.99638">
    <ele>1381.6000000000001</ele>
   </trkpt>
   <trkpt lat="46.04102" lon="6.9965">
    <ele>1380.5900000000001</ele>
   </trkpt>
   <trkpt lat="46.04095" lon="6.996510000000001">
    <ele>1379.39</ele>
   </trkpt>
   <trkpt lat="46.04026" lon="6.9963500000000005">
    <ele>1378.9900000000002</ele>
   </trkpt>
   <trkpt lat="46.040090000000006" lon="6.996370000000001">
    <ele>1379.6200000000001</ele>
   </trkpt>
   <trkpt lat="46.03987" lon="6.9964200000000005">
    <ele>1380.8100000000002</ele>
   </trkpt>
   <trkpt lat="46.039770000000004" lon="6.996510000000001">
    <ele>1380.8100000000002</ele>
   </trkpt>
   <trkpt lat="46.039680000000004" lon="6.99664">
    <ele>1383.01</ele>
   </trkpt>
   <trkpt lat="46.039530000000006" lon="6.9968">
    <ele>1383.6200000000001</ele>
   </trkpt>
   <trkpt lat="46.039060000000006" lon="6.997140000000001">
    <ele>1387.65</ele>
   </trkpt>
   <trkpt lat="46.038920000000005" lon="6.997260000000001">
    <ele>1388.9</ele>
   </trkpt>
   <trkpt lat="46.03877000000001" lon="6.997440000000001">
    <ele>1390.65</ele>
   </trkpt>
   <trkpt lat="46.03839000000001" lon="6.998030000000001">
    <ele>1396.5400000000002</ele>
   </trkpt>
   <trkpt lat="46.03826" lon="6.9981800000000005">
    <ele>1398.5100000000002</ele>
   </trkpt>
   <trkpt lat="46.038250000000005" lon="6.998150000000001">
    <ele>1401.17</ele>
   </trkpt>
   <trkpt lat="46.03808" lon="6.998130000000001">
    <ele>1403.91</ele>
   </trkpt>
   <trkpt lat="46.03786" lon="6.99802">
    <ele>1412.29</ele>
   </trkpt>
   <trkpt lat="46.037600000000005" lon="6.998120000000001">
    <ele>1419.07</ele>
   </trkpt>
   <trkpt lat="46.03746" lon="6.99828">
    <ele>1420.59</ele>
   </trkpt>
   <trkpt lat="46.03743" lon="6.99826">
    <ele>1421.5300000000002</ele>
   </trkpt>
   <trkpt lat="46.037400000000005" lon="6.998290000000001">
    <ele>1421.5300000000002</ele>
   </trkpt>
   <trkpt lat="46.03717" lon="6.9986500000000005">
    <ele>1428.76</ele>
   </trkpt>
   <trkpt lat="46.037130000000005" lon="6.998760000000001">
    <ele>1428.76</ele>
   </trkpt>
   <trkpt lat="46.03707000000001" lon="6.9991200000000005">
    <ele>1431.5500000000002</ele>
   </trkpt>
   <trkpt lat="46.03703" lon="6.99922">
    <ele>1434.0600000000002</ele>
   </trkpt>
   <trkpt lat="46.03694" lon="6.9999400000000005">
    <ele>1442.7200000000003</ele>
   </trkpt>
   <trkpt lat="46.036750000000005" lon="7.000140000000001">
    <ele>1442.7200000000003</ele>
   </trkpt>
   <trkpt lat="46.0367" lon="7.00027">
    <ele>1447.3300000000002</ele>
   </trkpt>
   <trkpt lat="46.036640000000006" lon="7.000520000000001">
    <ele>1450.39</ele>
   </trkpt>
   <trkpt lat="46.036590000000004" lon="7.000560000000001">
    <ele>1450.39</ele>
   </trkpt>
   <trkpt lat="46.036550000000005" lon="7.00053">
    <ele>1450.39</ele>
   </trkpt>
   <trkpt lat="46.036590000000004" lon="7.00032">
    <ele>1453.2500000000002</ele>
   </trkpt>
   <trkpt lat="46.03660000000001" lon="7.00013">
    <ele>1454.6000000000001</ele>
   </trkpt>
   <trkpt lat="46.03658" lon="7.000050000000001">
    <ele>1454.6000000000001</ele>
   </trkpt>
   <trkpt lat="46.036570000000005" lon="7.00004">
    <ele>1446.5100000000002</ele>
   </trkpt>
   <trkpt lat="46.03647" lon="7.00009">
    <ele>1452.4</ele>
   </trkpt>
   <trkpt lat="46.03642000000001" lon="7.0002">
    <ele>1452.44</ele>
   </trkpt>
   <trkpt lat="46.03636" lon="7.000100000000001">
    <ele>1459.94</ele>
   </trkpt>
   <trkpt lat="46.03631" lon="6.999980000000001">
    <ele>1464.41</ele>
   </trkpt>
   <trkpt lat="46.03624000000001" lon="7.00023">
    <ele>1463.4900000000002</ele>
   </trkpt>
   <trkpt lat="46.036120000000004" lon="7.000430000000001">
    <ele>1468.02</ele>
   </trkpt>
   <trkpt lat="46.03609" lon="7.000560000000001">
    <ele>1467.2800000000002</ele>
   </trkpt>
   <trkpt lat="46.035990000000005" lon="7.000560000000001">
    <ele>1474.2700000000002</ele>
   </trkpt>
   <trkpt lat="46.035900000000005" lon="7.000500000000001">
    <ele>1482.19</ele>
   </trkpt>
   <trkpt lat="46.03589" lon="7.0005500000000005">
    <ele>1490.9500000000003</ele>
   </trkpt>
   <trkpt lat="46.03578" lon="7.000610000000001">
    <ele>1492.75</ele>
   </trkpt>
   <trkpt lat="46.035610000000005" lon="7.000610000000001">
    <ele>1495.1100000000001</ele>
   </trkpt>
   <trkpt lat="46.03551" lon="7.000660000000001">
    <ele>1496.22</ele>
   </trkpt>
   <trkpt lat="46.035470000000004" lon="7.0007600000000005">
    <ele>1497.0800000000002</ele>
   </trkpt>
   <trkpt lat="46.035410000000006" lon="7.00105">
    <ele>1498.5300000000002</ele>
   </trkpt>
   <trkpt lat="46.03535" lon="7.001130000000001">
    <ele>1499.3700000000001</ele>
   </trkpt>
   <trkpt lat="46.035070000000005" lon="7.00133">
    <ele>1502.14</ele>
   </trkpt>
   <trkpt lat="46.03495" lon="7.00147">
    <ele>1504.66</ele>
   </trkpt>
   <trkpt lat="46.03481" lon="7.001740000000001">
    <ele>1507.1100000000001</ele>
   </trkpt>
   <trkpt lat="46.034690000000005" lon="7.002020000000001">
    <ele>1509.9900000000002</ele>
   </trkpt>
   <trkpt lat="46.034600000000005" lon="7.002400000000001">
    <ele>1515.18</ele>
   </trkpt>
   <trkpt lat="46.03457" lon="7.0024500000000005">
    <ele>1515.18</ele>
   </trkpt>
   <trkpt lat="46.03454000000001" lon="7.002440000000001">
    <ele>1516.67</ele>
   </trkpt>
   <trkpt lat="46.03448" lon="7.002630000000001">
    <ele>1517.5200000000002</ele>
   </trkpt>
   <trkpt lat="46.034310000000005" lon="7.002960000000001">
    <ele>1522.94</ele>
   </trkpt>
   <trkpt lat="46.03423" lon="7.003260000000001">
    <ele>1527.3600000000001</ele>
   </trkpt>
   <trkpt lat="46.034090000000006" lon="7.003470000000001">
    <ele>1531.67</ele>
   </trkpt>
   <trkpt lat="46.034000000000006" lon="7.003660000000001">
    <ele>1538.3600000000001</ele>
   </trkpt>
   <trkpt lat="46.033910000000006" lon="7.0037">
    <ele>1540.63</ele>
   </trkpt>
   <trkpt lat="46.033750000000005" lon="7.003710000000001">
    <ele>1545.94</ele>
   </trkpt>
   <trkpt lat="46.033620000000006" lon="7.003690000000001">
    <ele>1550.38</ele>
   </trkpt>
   <trkpt lat="46.03349" lon="7.0036000000000005">
    <ele>1554.19</ele>
   </trkpt>
   <trkpt lat="46.033440000000006" lon="7.003710000000001">
    <ele>1555.0000000000002</ele>
   </trkpt>
   <trkpt lat="46.03342000000001" lon="7.0038100000000005">
    <ele>1555.44</ele>
   </trkpt>
   <trkpt lat="46.033390000000004" lon="7.004220000000001">
    <ele>1558.93</ele>
   </trkpt>
   <trkpt lat="46.033350000000006" lon="7.00431">
    <ele>1559.8700000000001</ele>
   </trkpt>
   <trkpt lat="46.03325" lon="7.004440000000001">
    <ele>1561.05</ele>
   </trkpt>
   <trkpt lat="46.03314" lon="7.00452">
    <ele>1562.0600000000002</ele>
   </trkpt>
   <trkpt lat="46.033010000000004" lon="7.0046800000000005">
    <ele>1563.6200000000001</ele>
   </trkpt>
   <trkpt lat="46.032900000000005" lon="7.00478">
    <ele>1564.4900000000002</ele>
   </trkpt>
   <trkpt lat="46.032880000000006" lon="7.00492">
    <ele>1564.65</ele>
   </trkpt>
   <trkpt lat="46.032900000000005" lon="7.005380000000001">
    <ele>1563.23</ele>
   </trkpt>
   <trkpt lat="46.032880000000006" lon="7.00539">
    <ele>1563.23</ele>
   </trkpt>
   <trkpt lat="46.0328" lon="7.005680000000001">
    <ele>1566.7700000000002</ele>
   </trkpt>
   <trkpt lat="46.03273" lon="7.00581">
    <ele>1568.0800000000002</ele>
   </trkpt>
   <trkpt lat="46.032630000000005" lon="7.00588">
    <ele>1569.6000000000001</ele>
   </trkpt>
   <trkpt lat="46.032590000000006" lon="7.00593">
    <ele>1570.2</ele>
   </trkpt>
   <trkpt lat="46.032590000000006" lon="7.006010000000001">
    <ele>1570.88</ele>
   </trkpt>
   <trkpt lat="46.03264" lon="7.00609">
    <ele>1572.41</ele>
   </trkpt>
   <trkpt lat="46.03262" lon="7.00628">
    <ele>1574.98</ele>
   </trkpt>
   <trkpt lat="46.03266000000001" lon="7.006410000000001">
    <ele>1576.5000000000002</ele>
   </trkpt>
   <trkpt lat="46.03266000000001" lon="7.0065800000000005">
    <ele>1577.73</ele>
   </trkpt>
   <trkpt lat="46.032610000000005" lon="7.006660000000001">
    <ele>1577.77</ele>
   </trkpt>
   <trkpt lat="46.03255" lon="7.006690000000001">
    <ele>1577.49</ele>
   </trkpt>
   <trkpt lat="46.032500000000006" lon="7.006810000000001">
    <ele>1577.38</ele>
   </trkpt>
   <trkpt lat="46.032430000000005" lon="7.006900000000001">
    <ele>1577.39</ele>
   </trkpt>
   <trkpt lat="46.03235" lon="7.007060000000001">
    <ele>1577.59</ele>
   </trkpt>
   <trkpt lat="46.03219000000001" lon="7.007580000000001">
    <ele>1579.0600000000002</ele>
   </trkpt>
   <trkpt lat="46.032160000000005" lon="7.00778">
    <ele>1580.38</ele>
   </trkpt>
   <trkpt lat="46.03204" lon="7.008220000000001">
    <ele>1584.3200000000002</ele>
   </trkpt>
   <trkpt lat="46.031960000000005" lon="7.008310000000001">
    <ele>1583.65</ele>
   </trkpt>
   <trkpt lat="46.0317" lon="7.00846">
    <ele>1588.3</ele>
   </trkpt>
   <trkpt lat="46.03159" lon="7.008570000000001">
    <ele>1590.8700000000001</ele>
   </trkpt>
   <trkpt lat="46.031400000000005" lon="7.008960000000001">
    <ele>1596.93</ele>
   </trkpt>
   <trkpt lat="46.03135" lon="7.008940000000001">
    <ele>1598.13</ele>
   </trkpt>
   <trkpt lat="46.031270000000006" lon="7.009010000000001">
    <ele>1600.75</ele>
   </trkpt>
   <trkpt lat="46.031200000000005" lon="7.008960000000001">
    <ele>1604.93</ele>
   </trkpt>
   <trkpt lat="46.031020000000005" lon="7.009010000000001">
    <ele>1609.99</ele>
   </trkpt>
   <trkpt lat="46.030770000000004" lon="7.008890000000001">
    <ele>1617.0000000000002</ele>
   </trkpt>
   <trkpt lat="46.030620000000006" lon="7.00893">
    <ele>1621.79</ele>
   </trkpt>
   <trkpt lat="46.03049" lon="7.009010000000001">
    <ele>1626.8600000000001</ele>
   </trkpt>
   <trkpt lat="46.03045" lon="7.009">
    <ele>1626.8600000000001</ele>
   </trkpt>
   <trkpt lat="46.030260000000006" lon="7.009130000000001">
    <ele>1631.7400000000002</ele>
   </trkpt>
   <trkpt lat="46.0302" lon="7.00919">
    <ele>1634.46</ele>
   </trkpt>
   <trkpt lat="46.030170000000005" lon="7.009150000000001">
    <ele>1634.46</ele>
   </trkpt>
   <trkpt lat="46.030210000000004" lon="7.008890000000001">
    <ele>1643.14</ele>
   </trkpt>
   <trkpt lat="46.030280000000005" lon="7.00874">
    <ele>1646.3</ele>
   </trkpt>
   <trkpt lat="46.030300000000004" lon="7.008660000000001">
    <ele>1648.0800000000002</ele>
   </trkpt>
   <trkpt lat="46.030240000000006" lon="7.0087">
    <ele>1651.8000000000002</ele>
   </trkpt>
   <trkpt lat="46.03025" lon="7.0086">
    <ele>1653.6000000000001</ele>
   </trkpt>
   <trkpt lat="46.03018" lon="7.0086">
    <ele>1655.3200000000002</ele>
   </trkpt>
   <trkpt lat="46.030190000000005" lon="7.00832">
    <ele>1662.74</ele>
   </trkpt>
   <trkpt lat="46.03025" lon="7.00804">
    <ele>1667.55</ele>
   </trkpt>
   <trkpt lat="46.03029" lon="7.00797">
    <ele>1668.47</ele>
   </trkpt>
   <trkpt lat="46.03032" lon="7.007810000000001">
    <ele>1670.65</ele>
   </trkpt>
   <trkpt lat="46.030240000000006" lon="7.007790000000001">
    <ele>1673.25</ele>
   </trkpt>
   <trkpt lat="46.030080000000005" lon="7.008000000000001">
    <ele>1680.17</ele>
   </trkpt>
   <trkpt lat="46.02946" lon="7.008420000000001">
    <ele>1699.8400000000001</ele>
   </trkpt>
   <trkpt lat="46.029270000000004" lon="7.008680000000001">
    <ele>1707.2</ele>
   </trkpt>
   <trkpt lat="46.029180000000004" lon="7.00867">
    <ele>1708.69</ele>
   </trkpt>
   <trkpt lat="46.029090000000004" lon="7.008710000000001">
    <ele>1713.3</ele>
   </trkpt>
   <trkpt lat="46.028830000000006" lon="7.008920000000001">
    <ele>1721.5</ele>
   </trkpt>
   <trkpt lat="46.028650000000006" lon="7.008970000000001">
    <ele>1728.35</ele>
   </trkpt>
   <trkpt lat="46.02835" lon="7.009250000000001">
    <ele>1738.13</ele>
   </trkpt>
   <trkpt lat="46.028180000000006" lon="7.009500000000001">
    <ele>1743.0400000000002</ele>
   </trkpt>
   <trkpt lat="46.028090000000006" lon="7.009710000000001">
    <ele>1744.5100000000002</ele>
   </trkpt>
   <trkpt lat="46.02797" lon="7.009860000000001">
    <ele>1749.17</ele>
   </trkpt>
   <trkpt lat="46.02785" lon="7.00996">
    <ele>1750.6200000000001</ele>
   </trkpt>
   <trkpt lat="46.027590000000004" lon="7.010250000000001">
    <ele>1755.42</ele>
   </trkpt>
   <trkpt lat="46.027590000000004" lon="7.010390000000001">
    <ele>1756.5800000000002</ele>
   </trkpt>
   <trkpt lat="46.027550000000005" lon="7.0105200000000005">
    <ele>1757.69</ele>
   </trkpt>
   <trkpt lat="46.02747" lon="7.0105900000000005">
    <ele>1758.21</ele>
   </trkpt>
   <trkpt lat="46.027260000000005" lon="7.010700000000001">
    <ele>1761.2800000000002</ele>
   </trkpt>
   <trkpt lat="46.02734" lon="7.010790000000001">
    <ele>1762.6000000000001</ele>
   </trkpt>
   <trkpt lat="46.02723" lon="7.01083">
    <ele>1764.41</ele>
   </trkpt>
   <trkpt lat="46.027010000000004" lon="7.011150000000001">
    <ele>1771.8100000000002</ele>
   </trkpt>
   <trkpt lat="46.026880000000006" lon="7.011270000000001">
    <ele>1776.0600000000002</ele>
   </trkpt>
   <trkpt lat="46.026810000000005" lon="7.011400000000001">
    <ele>1777.9</ele>
   </trkpt>
   <trkpt lat="46.026700000000005" lon="7.01149">
    <ele>1779.7900000000002</ele>
   </trkpt>
   <trkpt lat="46.02667" lon="7.011610000000001">
    <ele>1780.3300000000002</ele>
   </trkpt>
   <trkpt lat="46.02658" lon="7.011690000000001">
    <ele>1780.5900000000001</ele>
   </trkpt>
   <trkpt lat="46.02644" lon="7.0116700000000005">
    <ele>1782.28</ele>
   </trkpt>
   <trkpt lat="46.02637000000001" lon="7.011610000000001">
    <ele>1783.24</ele>
   </trkpt>
   <trkpt lat="46.02624" lon="7.011640000000001">
    <ele>1787.19</ele>
   </trkpt>
   <trkpt lat="46.026230000000005" lon="7.011620000000001">
    <ele>1788.92</ele>
   </trkpt>
   <trkpt lat="46.02624" lon="7.01163">
    <ele>1788.92</ele>
   </trkpt>
   <trkpt lat="46.026210000000006" lon="7.0115300000000005">
    <ele>1788.92</ele>
   </trkpt>
   <trkpt lat="46.026270000000004" lon="7.011450000000001">
    <ele>1797.47</ele>
   </trkpt>
   <trkpt lat="46.02619000000001" lon="7.011330000000001">
    <ele>1797.47</ele>
   </trkpt>
   <trkpt lat="46.0262" lon="7.011240000000001">
    <ele>1804.27</ele>
   </trkpt>
   <trkpt lat="46.02608" lon="7.01107">
    <ele>1810.99</ele>
   </trkpt>
   <trkpt lat="46.025960000000005" lon="7.01104">
    <ele>1810.99</ele>
   </trkpt>
   <trkpt lat="46.02590000000001" lon="7.01095">
    <ele>1819.23</ele>
   </trkpt>
   <trkpt lat="46.025940000000006" lon="7.01081">
    <ele>1819.23</ele>
   </trkpt>
   <trkpt lat="46.02591" lon="7.010720000000001">
    <ele>1822.6000000000001</ele>
   </trkpt>
   <trkpt lat="46.02581000000001" lon="7.01067">
    <ele>1829.5</ele>
   </trkpt>
   <trkpt lat="46.02586" lon="7.0106">
    <ele>1829.5</ele>
   </trkpt>
   <trkpt lat="46.025740000000006" lon="7.010610000000001">
    <ele>1838.2200000000003</ele>
   </trkpt>
   <trkpt lat="46.02573" lon="7.0105200000000005">
    <ele>1838.2200000000003</ele>
   </trkpt>
   <trkpt lat="46.02562" lon="7.01048">
    <ele>1838.2200000000003</ele>
   </trkpt>
   <trkpt lat="46.02552000000001" lon="7.010420000000001">
    <ele>1847.17</ele>
   </trkpt>
   <trkpt lat="46.02554000000001" lon="7.010250000000001">
    <ele>1850.5200000000002</ele>
   </trkpt>
   <trkpt lat="46.02552000000001" lon="7.0101">
    <ele>1853.4</ele>
   </trkpt>
   <trkpt lat="46.02544" lon="7.00992">
    <ele>1855.69</ele>
   </trkpt>
   <trkpt lat="46.025360000000006" lon="7.009810000000001">
    <ele>1859.5900000000001</ele>
   </trkpt>
   <trkpt lat="46.025200000000005" lon="7.009690000000001">
    <ele>1864.1600000000003</ele>
   </trkpt>
   <trkpt lat="46.02476" lon="7.009410000000001">
    <ele>1878.75</ele>
   </trkpt>
   <trkpt lat="46.024730000000005" lon="7.009360000000001">
    <ele>1878.75</ele>
   </trkpt>
   <trkpt lat="46.024840000000005" lon="7.00921">
    <ele>1887.5700000000002</ele>
   </trkpt>
   <trkpt lat="46.02467" lon="7.0091600000000005">
    <ele>1891.8000000000002</ele>
   </trkpt>
   <trkpt lat="46.02447" lon="7.009030000000001">
    <ele>1894.5</ele>
   </trkpt>
   <trkpt lat="46.02441" lon="7.00888">
    <ele>1899.58</ele>
   </trkpt>
   <trkpt lat="46.02432" lon="7.008730000000001">
    <ele>1905.63</ele>
   </trkpt>
   <trkpt lat="46.024240000000006" lon="7.00867">
    <ele>1905.63</ele>
   </trkpt>
   <trkpt lat="46.024280000000005" lon="7.008640000000001">
    <ele>1906.8</ele>
   </trkpt>
   <trkpt lat="46.024480000000004" lon="7.008710000000001">
    <ele>1911.8100000000002</ele>
   </trkpt>
   <trkpt lat="46.02456" lon="7.008710000000001">
    <ele>1913.8300000000002</ele>
   </trkpt>
   <trkpt lat="46.024480000000004" lon="7.0086">
    <ele>1916.0400000000002</ele>
   </trkpt>
   <trkpt lat="46.02441" lon="7.00846">
    <ele>1920.6100000000001</ele>
   </trkpt>
   <trkpt lat="46.024330000000006" lon="7.008430000000001">
    <ele>1920.6100000000001</ele>
   </trkpt>
   <trkpt lat="46.024170000000005" lon="7.00825">
    <ele>1927.0500000000002</ele>
   </trkpt>
   <trkpt lat="46.024100000000004" lon="7.0083">
    <ele>1927.0500000000002</ele>
   </trkpt>
   <trkpt lat="46.02373" lon="7.008380000000001">
    <ele>1938.02</ele>
   </trkpt>
   <trkpt lat="46.0238" lon="7.00827">
    <ele>1940.23</ele>
   </trkpt>
   <trkpt lat="46.02385" lon="7.008120000000001">
    <ele>1941.2600000000002</ele>
   </trkpt>
   <trkpt lat="46.023790000000005" lon="7.00806">
    <ele>1944.3000000000002</ele>
   </trkpt>
   <trkpt lat="46.02364" lon="7.008100000000001">
    <ele>1948.71</ele>
   </trkpt>
   <trkpt lat="46.02373" lon="7.007960000000001">
    <ele>1951.95</ele>
   </trkpt>
   <trkpt lat="46.023540000000004" lon="7.0080100000000005">
    <ele>1955.5900000000001</ele>
   </trkpt>
   <trkpt lat="46.023430000000005" lon="7.008000000000001">
    <ele>1959.6100000000001</ele>
   </trkpt>
   <trkpt lat="46.0234" lon="7.007880000000001">
    <ele>1962.17</ele>
   </trkpt>
   <trkpt lat="46.023300000000006" lon="7.00785">
    <ele>1962.17</ele>
   </trkpt>
   <trkpt lat="46.02324" lon="7.007750000000001">
    <ele>1968.1100000000001</ele>
   </trkpt>
   <trkpt lat="46.0232" lon="7.0077300000000005">
    <ele>1968.1100000000001</ele>
   </trkpt>
   <trkpt lat="46.02315" lon="7.0077300000000005">
    <ele>1970.3600000000001</ele>
   </trkpt>
   <trkpt lat="46.023070000000004" lon="7.007670000000001">
    <ele>1972.5100000000002</ele>
   </trkpt>
   <trkpt lat="46.02326" lon="7.00759">
    <ele>1975.5500000000002</ele>
   </trkpt>
   <trkpt lat="46.02338" lon="7.007560000000001">
    <ele>1980.2700000000002</ele>
   </trkpt>
   <trkpt lat="46.02342" lon="7.007580000000001">
    <ele>1980.2700000000002</ele>
   </trkpt>
   <trkpt lat="46.023450000000004" lon="7.007560000000001">
    <ele>1980.2700000000002</ele>
   </trkpt>
   <trkpt lat="46.023340000000005" lon="7.0074700000000005">
    <ele>1980.2700000000002</ele>
   </trkpt>
   <trkpt lat="46.02326" lon="7.007350000000001">
    <ele>1986.18</ele>
   </trkpt>
   <trkpt lat="46.02318" lon="7.0073300000000005">
    <ele>1986.18</ele>
   </trkpt>
   <trkpt lat="46.02317" lon="7.007300000000001">
    <ele>1986.18</ele>
   </trkpt>
   <trkpt lat="46.023030000000006" lon="7.007270000000001">
    <ele>1996.3200000000002</ele>
   </trkpt>
   <trkpt lat="46.02281000000001" lon="7.0071900000000005">
    <ele>1996.3200000000002</ele>
   </trkpt>
   <trkpt lat="46.022780000000004" lon="7.007130000000001">
    <ele>1996.3200000000002</ele>
   </trkpt>
   <trkpt lat="46.02266" lon="7.00698">
    <ele>2001.1900000000003</ele>
   </trkpt>
   <trkpt lat="46.022490000000005" lon="7.00691">
    <ele>2004.8600000000004</ele>
   </trkpt>
   <trkpt lat="46.02248" lon="7.00689">
    <ele>2004.8600000000004</ele>
   </trkpt>
   <trkpt lat="46.02253" lon="7.00684">
    <ele>2005.8100000000002</ele>
   </trkpt>
   <trkpt lat="46.02255" lon="7.006730000000001">
    <ele>2007.7800000000002</ele>
   </trkpt>
   <trkpt lat="46.02257" lon="7.006710000000001">
    <ele>2007.7800000000002</ele>
   </trkpt>
   <trkpt lat="46.02261" lon="7.006710000000001">
    <ele>2010.84</ele>
   </trkpt>
   <trkpt lat="46.022670000000005" lon="7.00675">
    <ele>2010.84</ele>
   </trkpt>
   <trkpt lat="46.022740000000006" lon="7.006740000000001">
    <ele>2012.8000000000004</ele>
   </trkpt>
   <trkpt lat="46.022760000000005" lon="7.00668">
    <ele>2012.8000000000004</ele>
   </trkpt>
   <trkpt lat="46.02284" lon="7.006590000000001">
    <ele>2015.5500000000002</ele>
   </trkpt>
   <trkpt lat="46.02291" lon="7.006590000000001">
    <ele>2015.5500000000002</ele>
   </trkpt>
   <trkpt lat="46.02304" lon="7.006640000000001">
    <ele>2019.3600000000001</ele>
   </trkpt>
   <trkpt lat="46.02306" lon="7.006620000000001">
    <ele>2019.3600000000001</ele>
   </trkpt>
   <trkpt lat="46.023010000000006" lon="7.006600000000001">
    <ele>2022.04</ele>
   </trkpt>
   <trkpt lat="46.022960000000005" lon="7.006520000000001">
    <ele>2022.04</ele>
   </trkpt>
   <trkpt lat="46.02291" lon="7.00649">
    <ele>2023.9100000000003</ele>
   </trkpt>
   <trkpt lat="46.02288" lon="7.006430000000001">
    <ele>2025.9300000000003</ele>
   </trkpt>
   <trkpt lat="46.022690000000004" lon="7.00626">
    <ele>2030.2700000000002</ele>
   </trkpt>
   <trkpt lat="46.02257" lon="7.00616">
    <ele>2035.1799999999998</ele>
   </trkpt>
   <trkpt lat="46.02253" lon="7.006170000000001">
    <ele>2035.1799999999998</ele>
   </trkpt>
   <trkpt lat="46.022400000000005" lon="7.0059700000000005">
    <ele>2041.43</ele>
   </trkpt>
   <trkpt lat="46.022310000000004" lon="7.005870000000001">
    <ele>2041.43</ele>
   </trkpt>
   <trkpt lat="46.022270000000006" lon="7.005770000000001">
    <ele>2041.43</ele>
   </trkpt>
   <trkpt lat="46.022200000000005" lon="7.00569">
    <ele>2046.39</ele>
   </trkpt>
   <trkpt lat="46.022130000000004" lon="7.00574">
    <ele>2046.39</ele>
   </trkpt>
   <trkpt lat="46.02206" lon="7.00569">
    <ele>2050.5</ele>
   </trkpt>
   <trkpt lat="46.02196000000001" lon="7.005680000000001">
    <ele>2050.5</ele>
   </trkpt>
   <trkpt lat="46.02185" lon="7.005590000000001">
    <ele>2054.4900000000002</ele>
   </trkpt>
   <trkpt lat="46.02168" lon="7.005520000000001">
    <ele>2056.6</ele>
   </trkpt>
   <trkpt lat="46.021770000000004" lon="7.005440000000001">
    <ele>2060.9900000000002</ele>
   </trkpt>
   <trkpt lat="46.021890000000006" lon="7.005260000000001">
    <ele>2065.09</ele>
   </trkpt>
   <trkpt lat="46.02207000000001" lon="7.005230000000001">
    <ele>2068.96</ele>
   </trkpt>
   <trkpt lat="46.022240000000004" lon="7.00527">
    <ele>2072.39</ele>
   </trkpt>
   <trkpt lat="46.02237" lon="7.00539">
    <ele>2077.13</ele>
   </trkpt>
   <trkpt lat="46.02255" lon="7.005490000000001">
    <ele>2085.95</ele>
   </trkpt>
   <trkpt lat="46.022670000000005" lon="7.005590000000001">
    <ele>2089.42</ele>
   </trkpt>
   <trkpt lat="46.022710000000004" lon="7.005590000000001">
    <ele>2090.2700000000004</ele>
   </trkpt>
   <trkpt lat="46.022780000000004" lon="7.005630000000001">
    <ele>2091.7000000000003</ele>
   </trkpt>
   <trkpt lat="46.022800000000004" lon="7.00562">
    <ele>2091.7000000000003</ele>
   </trkpt>
   <trkpt lat="46.022780000000004" lon="7.005440000000001">
    <ele>2093.1800000000003</ele>
   </trkpt>
   <trkpt lat="46.02279" lon="7.0053600000000005">
    <ele>2093.5200000000004</ele>
   </trkpt>
   <trkpt lat="46.02281000000001" lon="7.0053600000000005">
    <ele>2093.9</ele>
   </trkpt>
   <trkpt lat="46.022830000000006" lon="7.005330000000001">
    <ele>2093.9</ele>
   </trkpt>
   <trkpt lat="46.02281000000001" lon="7.0052900000000005">
    <ele>2094.43</ele>
   </trkpt>
   <trkpt lat="46.02281000000001" lon="7.005170000000001">
    <ele>2096.08</ele>
   </trkpt>
   <trkpt lat="46.02277" lon="7.00511">
    <ele>2097.15</ele>
   </trkpt>
   <trkpt lat="46.02279" lon="7.005050000000001">
    <ele>2097.15</ele>
   </trkpt>
   <trkpt lat="46.02297" lon="7.00511">
    <ele>2105.1900000000005</ele>
   </trkpt>
   <trkpt lat="46.023030000000006" lon="7.00515">
    <ele>2105.1900000000005</ele>
   </trkpt>
   <trkpt lat="46.02309" lon="7.005120000000001">
    <ele>2106.36</ele>
   </trkpt>
   <trkpt lat="46.02306" lon="7.0050300000000005">
    <ele>2107.64</ele>
   </trkpt>
   <trkpt lat="46.02308000000001" lon="7.005020000000001">
    <ele>2107.64</ele>
   </trkpt>
   <trkpt lat="46.02302" lon="7.004930000000001">
    <ele>2111.6800000000003</ele>
   </trkpt>
   <trkpt lat="46.02291" lon="7.0048200000000005">
    <ele>2113.05</ele>
   </trkpt>
   <trkpt lat="46.02282" lon="7.0046800000000005">
    <ele>2113.63</ele>
   </trkpt>
   <trkpt lat="46.02262" lon="7.004460000000001">
    <ele>2115.63</ele>
   </trkpt>
   <trkpt lat="46.02241" lon="7.00436">
    <ele>2117.7200000000003</ele>
   </trkpt>
   <trkpt lat="46.02234000000001" lon="7.00436">
    <ele>2118.6200000000003</ele>
   </trkpt>
   <trkpt lat="46.022310000000004" lon="7.004390000000001">
    <ele>2119.76</ele>
   </trkpt>
   <trkpt lat="46.022240000000004" lon="7.004390000000001">
    <ele>2122.36</ele>
   </trkpt>
   <trkpt lat="46.022220000000004" lon="7.004460000000001">
    <ele>2123.55</ele>
   </trkpt>
   <trkpt lat="46.0221" lon="7.00452">
    <ele>2127.31</ele>
   </trkpt>
   <trkpt lat="46.02205000000001" lon="7.00436">
    <ele>2129.51</ele>
   </trkpt>
   <trkpt lat="46.022020000000005" lon="7.00436">
    <ele>2129.51</ele>
   </trkpt>
   <trkpt lat="46.02197" lon="7.0044200000000005">
    <ele>2132.4400000000005</ele>
   </trkpt>
   <trkpt lat="46.021890000000006" lon="7.004410000000001">
    <ele>2135.88</ele>
   </trkpt>
   <trkpt lat="46.021840000000005" lon="7.0043500000000005">
    <ele>2137.74</ele>
   </trkpt>
   <trkpt lat="46.021750000000004" lon="7.0041">
    <ele>2147.4300000000003</ele>
   </trkpt>
   <trkpt lat="46.02167" lon="7.003970000000001">
    <ele>2151.21</ele>
   </trkpt>
   <trkpt lat="46.021550000000005" lon="7.003950000000001">
    <ele>2158.44</ele>
   </trkpt>
   <trkpt lat="46.02158000000001" lon="7.003870000000001">
    <ele>2158.44</ele>
   </trkpt>
   <trkpt lat="46.021530000000006" lon="7.003830000000001">
    <ele>2158.44</ele>
   </trkpt>
   <trkpt lat="46.02149000000001" lon="7.00372">
    <ele>2164.03</ele>
   </trkpt>
   <trkpt lat="46.02149000000001" lon="7.0036000000000005">
    <ele>2169.3</ele>
   </trkpt>
   <trkpt lat="46.02143" lon="7.0034600000000005">
    <ele>2172.72</ele>
   </trkpt>
   <trkpt lat="46.02091" lon="7.00281">
    <ele>2196.5600000000004</ele>
   </trkpt>
   <trkpt lat="46.02055000000001" lon="7.002110000000001">
    <ele>2216.69</ele>
   </trkpt>
   <trkpt lat="46.020450000000004" lon="7.002040000000001">
    <ele>2221.3100000000004</ele>
   </trkpt>
   <trkpt lat="46.02038" lon="7.001790000000001">
    <ele>2226.34</ele>
   </trkpt>
   <trkpt lat="46.020270000000004" lon="7.0016300000000005">
    <ele>2230.7200000000003</ele>
   </trkpt>
   <trkpt lat="46.0202" lon="7.001480000000001">
    <ele>2236.0299999999997</ele>
   </trkpt>
   <trkpt lat="46.02013" lon="7.001460000000001">
    <ele>2237.14</ele>
   </trkpt>
   <trkpt lat="46.020100000000006" lon="7.001390000000001">
    <ele>2238.1200000000003</ele>
   </trkpt>
   <trkpt lat="46.019850000000005" lon="7.0012300000000005">
    <ele>2244.79</ele>
   </trkpt>
   <trkpt lat="46.0197" lon="7.001060000000001">
    <ele>2249.6500000000005</ele>
   </trkpt>
   <trkpt lat="46.019600000000004" lon="7.0008300000000006">
    <ele>2255.92</ele>
   </trkpt>
   <trkpt lat="46.019600000000004" lon="7.00079">
    <ele>2255.92</ele>
   </trkpt>
   <trkpt lat="46.019380000000005" lon="7.000360000000001">
    <ele>2264.21</ele>
   </trkpt>
   <trkpt lat="46.019220000000004" lon="7.00023">
    <ele>2269.9100000000003</ele>
   </trkpt>
   <trkpt lat="46.01896000000001" lon="6.99992">
    <ele>2280.82</ele>
   </trkpt>
   <trkpt lat="46.01896000000001" lon="6.999890000000001">
    <ele>2280.82</ele>
   </trkpt>
   <trkpt lat="46.01899" lon="6.999860000000001">
    <ele>2281.88</ele>
   </trkpt>
   <trkpt lat="46.01881" lon="6.99964">
    <ele>2284.5</ele>
   </trkpt>
   <trkpt lat="46.018730000000005" lon="6.9996100000000006">
    <ele>2284.44</ele>
   </trkpt>
   <trkpt lat="46.01861" lon="6.999510000000001">
    <ele>2284.2200000000003</ele>
   </trkpt>
   <trkpt lat="46.018480000000004" lon="6.99929">
    <ele>2282.9</ele>
   </trkpt>
   <trkpt lat="46.01825" lon="6.999060000000001">
    <ele>2279.94</ele>
   </trkpt>
   <trkpt lat="46.01816" lon="6.99903">
    <ele>2279.4</ele>
   </trkpt>
   <trkpt lat="46.01809" lon="6.99896">
    <ele>2277.9100000000003</ele>
   </trkpt>
   <trkpt lat="46.018060000000006" lon="6.998970000000001">
    <ele>2277.2400000000002</ele>
   </trkpt>
   <trkpt lat="46.01802000000001" lon="6.99891">
    <ele>2276.84</ele>
   </trkpt>
   <trkpt lat="46.017830000000004" lon="6.99875">
    <ele>2277.15</ele>
   </trkpt>
   <trkpt lat="46.01765" lon="6.998730000000001">
    <ele>2276.4900000000002</ele>
   </trkpt>
   <trkpt lat="46.017610000000005" lon="6.998710000000001">
    <ele>2276.34</ele>
   </trkpt>
   <trkpt lat="46.01753" lon="6.998600000000001">
    <ele>2276.32</ele>
   </trkpt>
   <trkpt lat="46.017450000000004" lon="6.998430000000001">
    <ele>2276.0800000000004</ele>
   </trkpt>
   <trkpt lat="46.01742" lon="6.998170000000001">
    <ele>2276.58</ele>
   </trkpt>
   <trkpt lat="46.01733" lon="6.99802">
    <ele>2277.9100000000003</ele>
   </trkpt>
   <trkpt lat="46.017300000000006" lon="6.997940000000001">
    <ele>2278.34</ele>
   </trkpt>
   <trkpt lat="46.01729" lon="6.99783">
    <ele>2278.81</ele>
   </trkpt>
   <trkpt lat="46.017300000000006" lon="6.997940000000001">
    <ele>2277.9100000000003</ele>
   </trkpt>
   <trkpt lat="46.01733" lon="6.99802">
    <ele>2277.55</ele>
   </trkpt>
   <trkpt lat="46.01742" lon="6.998170000000001">
    <ele>2276.58</ele>
   </trkpt>
   <trkpt lat="46.017450000000004" lon="6.998430000000001">
    <ele>2276.28</ele>
   </trkpt>
   <trkpt lat="46.01753" lon="6.998600000000001">
    <ele>2276.28</ele>
   </trkpt>
   <trkpt lat="46.017610000000005" lon="6.998710000000001">
    <ele>2276.4900000000002</ele>
   </trkpt>
   <trkpt lat="46.01765" lon="6.998730000000001">
    <ele>2276.4900000000002</ele>
   </trkpt>
   <trkpt lat="46.017830000000004" lon="6.99875">
    <ele>2277.11</ele>
   </trkpt>
   <trkpt lat="46.01802000000001" lon="6.99891">
    <ele>2277.2400000000002</ele>
   </trkpt>
   <trkpt lat="46.018060000000006" lon="6.998970000000001">
    <ele>2277.9100000000003</ele>
   </trkpt>
   <trkpt lat="46.01809" lon="6.99896">
    <ele>2278.7000000000003</ele>
   </trkpt>
   <trkpt lat="46.01816" lon="6.99903">
    <ele>2279.94</ele>
   </trkpt>
   <trkpt lat="46.01825" lon="6.999060000000001">
    <ele>2279.94</ele>
   </trkpt>
   <trkpt lat="46.018480000000004" lon="6.99929">
    <ele>2282.9</ele>
   </trkpt>
   <trkpt lat="46.01861" lon="6.999510000000001">
    <ele>2284.37</ele>
   </trkpt>
   <trkpt lat="46.018730000000005" lon="6.9996100000000006">
    <ele>2284.52</ele>
   </trkpt>
   <trkpt lat="46.01881" lon="6.99964">
    <ele>2284.34</ele>
   </trkpt>
   <trkpt lat="46.01899" lon="6.999860000000001">
    <ele>2281.88</ele>
   </trkpt>
   <trkpt lat="46.01896000000001" lon="6.999890000000001">
    <ele>2281.88</ele>
   </trkpt>
   <trkpt lat="46.01896000000001" lon="6.99992">
    <ele>2277.4900000000002</ele>
   </trkpt>
   <trkpt lat="46.019220000000004" lon="7.00023">
    <ele>2269.9100000000003</ele>
   </trkpt>
   <trkpt lat="46.019380000000005" lon="7.000360000000001">
    <ele>2264.21</ele>
   </trkpt>
   <trkpt lat="46.019600000000004" lon="7.00079">
    <ele>2251.91</ele>
   </trkpt>
   <trkpt lat="46.019600000000004" lon="7.0008300000000006">
    <ele>2251.91</ele>
   </trkpt>
   <trkpt lat="46.0197" lon="7.001060000000001">
    <ele>2249.6500000000005</ele>
   </trkpt>
   <trkpt lat="46.019850000000005" lon="7.0012300000000005">
    <ele>2243.67</ele>
   </trkpt>
   <trkpt lat="46.020100000000006" lon="7.001390000000001">
    <ele>2238.1200000000003</ele>
   </trkpt>
   <trkpt lat="46.02013" lon="7.001460000000001">
    <ele>2236.0299999999997</ele>
   </trkpt>
   <trkpt lat="46.0202" lon="7.001480000000001">
    <ele>2234.78</ele>
   </trkpt>
   <trkpt lat="46.020270000000004" lon="7.0016300000000005">
    <ele>2230.7200000000003</ele>
   </trkpt>
   <trkpt lat="46.02038" lon="7.001790000000001">
    <ele>2226.34</ele>
   </trkpt>
   <trkpt lat="46.020450000000004" lon="7.002040000000001">
    <ele>2221.3100000000004</ele>
   </trkpt>
   <trkpt lat="46.02055000000001" lon="7.002110000000001">
    <ele>2216.69</ele>
   </trkpt>
   <trkpt lat="46.02091" lon="7.00281">
    <ele>2196.5600000000004</ele>
   </trkpt>
   <trkpt lat="46.02143" lon="7.0034600000000005">
    <ele>2169.3</ele>
   </trkpt>
   <trkpt lat="46.02149000000001" lon="7.0036000000000005">
    <ele>2164.03</ele>
   </trkpt>
   <trkpt lat="46.02149000000001" lon="7.00372">
    <ele>2164.03</ele>
   </trkpt>
   <trkpt lat="46.021530000000006" lon="7.003830000000001">
    <ele>2158.44</ele>
   </trkpt>
   <trkpt lat="46.02158000000001" lon="7.003870000000001">
    <ele>2158.44</ele>
   </trkpt>
   <trkpt lat="46.021550000000005" lon="7.003950000000001">
    <ele>2151.21</ele>
   </trkpt>
   <trkpt lat="46.02167" lon="7.003970000000001">
    <ele>2151.21</ele>
   </trkpt>
   <trkpt lat="46.021750000000004" lon="7.0041">
    <ele>2147.4300000000003</ele>
   </trkpt>
   <trkpt lat="46.021840000000005" lon="7.0043500000000005">
    <ele>2135.88</ele>
   </trkpt>
   <trkpt lat="46.021890000000006" lon="7.004410000000001">
    <ele>2132.4400000000005</ele>
   </trkpt>
   <trkpt lat="46.02197" lon="7.0044200000000005">
    <ele>2130.8900000000003</ele>
   </trkpt>
   <trkpt lat="46.022020000000005" lon="7.00436">
    <ele>2128.32</ele>
   </trkpt>
   <trkpt lat="46.02205000000001" lon="7.00436">
    <ele>2128.32</ele>
   </trkpt>
   <trkpt lat="46.0221" lon="7.00452">
    <ele>2124.59</ele>
   </trkpt>
   <trkpt lat="46.022220000000004" lon="7.004460000000001">
    <ele>2122.36</ele>
   </trkpt>
   <trkpt lat="46.022240000000004" lon="7.004390000000001">
    <ele>2122.36</ele>
   </trkpt>
   <trkpt lat="46.022310000000004" lon="7.004390000000001">
    <ele>2118.6200000000003</ele>
   </trkpt>
   <trkpt lat="46.02234000000001" lon="7.00436">
    <ele>2118.6200000000003</ele>
   </trkpt>
   <trkpt lat="46.02241" lon="7.00436">
    <ele>2117.0400000000004</ele>
   </trkpt>
   <trkpt lat="46.02262" lon="7.004460000000001">
    <ele>2114.2400000000002</ele>
   </trkpt>
   <trkpt lat="46.02282" lon="7.0046800000000005">
    <ele>2113.63</ele>
   </trkpt>
   <trkpt lat="46.02291" lon="7.0048200000000005">
    <ele>2113.05</ele>
   </trkpt>
   <trkpt lat="46.02302" lon="7.004930000000001">
    <ele>2111.6800000000003</ele>
   </trkpt>
   <trkpt lat="46.02310000000001" lon="7.0047500000000005">
    <ele>2114.2100000000005</ele>
   </trkpt>
   <trkpt lat="46.023230000000005" lon="7.00471">
    <ele>2117.3700000000003</ele>
   </trkpt>
   <trkpt lat="46.02333" lon="7.0046100000000004">
    <ele>2121.1800000000003</ele>
   </trkpt>
   <trkpt lat="46.02337000000001" lon="7.00459">
    <ele>2121.1800000000003</ele>
   </trkpt>
   <trkpt lat="46.023450000000004" lon="7.004620000000001">
    <ele>2124.8500000000004</ele>
   </trkpt>
   <trkpt lat="46.023630000000004" lon="7.0046100000000004">
    <ele>2131.85</ele>
   </trkpt>
   <trkpt lat="46.023680000000006" lon="7.00464">
    <ele>2133.62</ele>
   </trkpt>
   <trkpt lat="46.023810000000005" lon="7.00466">
    <ele>2137.41</ele>
   </trkpt>
   <trkpt lat="46.024170000000005" lon="7.004860000000001">
    <ele>2143.69</ele>
   </trkpt>
   <trkpt lat="46.02436" lon="7.004930000000001">
    <ele>2148.5000000000005</ele>
   </trkpt>
   <trkpt lat="46.02452" lon="7.0050300000000005">
    <ele>2149.1600000000003</ele>
   </trkpt>
   <trkpt lat="46.024550000000005" lon="7.00504">
    <ele>2149.1600000000003</ele>
   </trkpt>
   <trkpt lat="46.024620000000006" lon="7.005020000000001">
    <ele>2148.11</ele>
   </trkpt>
   <trkpt lat="46.02465" lon="7.005050000000001">
    <ele>2147.31</ele>
   </trkpt>
   <trkpt lat="46.02467" lon="7.00513">
    <ele>2146.32</ele>
   </trkpt>
   <trkpt lat="46.02478000000001" lon="7.005260000000001">
    <ele>2142.7400000000002</ele>
   </trkpt>
   <trkpt lat="46.025000000000006" lon="7.0054300000000005">
    <ele>2138.4</ele>
   </trkpt>
   <trkpt lat="46.025130000000004" lon="7.005630000000001">
    <ele>2134.3300000000004</ele>
   </trkpt>
   <trkpt lat="46.02534000000001" lon="7.00579">
    <ele>2130.3900000000003</ele>
   </trkpt>
   <trkpt lat="46.025400000000005" lon="7.00586">
    <ele>2129.6400000000003</ele>
   </trkpt>
   <trkpt lat="46.0255" lon="7.005870000000001">
    <ele>2129.41</ele>
   </trkpt>
   <trkpt lat="46.02559" lon="7.005910000000001">
    <ele>2129.53</ele>
   </trkpt>
   <trkpt lat="46.025710000000004" lon="7.0060400000000005">
    <ele>2128.52</ele>
   </trkpt>
   <trkpt lat="46.02601000000001" lon="7.006120000000001">
    <ele>2124.9700000000003</ele>
   </trkpt>
   <trkpt lat="46.02611" lon="7.006080000000001">
    <ele>2122.83</ele>
   </trkpt>
   <trkpt lat="46.026160000000004" lon="7.006">
    <ele>2121.7300000000005</ele>
   </trkpt>
   <trkpt lat="46.02622" lon="7.005990000000001">
    <ele>2121.3700000000003</ele>
   </trkpt>
   <trkpt lat="46.02628000000001" lon="7.005920000000001">
    <ele>2121.14</ele>
   </trkpt>
   <trkpt lat="46.02631" lon="7.005920000000001">
    <ele>2121.14</ele>
   </trkpt>
   <trkpt lat="46.026320000000005" lon="7.00579">
    <ele>2121.6700000000005</ele>
   </trkpt>
   <trkpt lat="46.02628000000001" lon="7.00565">
    <ele>2124.13</ele>
   </trkpt>
   <trkpt lat="46.026360000000004" lon="7.005470000000001">
    <ele>2126.78</ele>
   </trkpt>
   <trkpt lat="46.0264" lon="7.00546">
    <ele>2126.91</ele>
   </trkpt>
   <trkpt lat="46.02658" lon="7.005300000000001">
    <ele>2124.76</ele>
   </trkpt>
   <trkpt lat="46.026630000000004" lon="7.005280000000001">
    <ele>2124.53</ele>
   </trkpt>
   <trkpt lat="46.026720000000005" lon="7.005210000000001">
    <ele>2124.36</ele>
   </trkpt>
   <trkpt lat="46.02687" lon="7.005140000000001">
    <ele>2124.46</ele>
   </trkpt>
   <trkpt lat="46.027060000000006" lon="7.004950000000001">
    <ele>2124.3700000000003</ele>
   </trkpt>
   <trkpt lat="46.02711" lon="7.00494">
    <ele>2123.79</ele>
   </trkpt>
   <trkpt lat="46.027190000000004" lon="7.00487">
    <ele>2122.94</ele>
   </trkpt>
   <trkpt lat="46.02731000000001" lon="7.004720000000001">
    <ele>2118.07</ele>
   </trkpt>
   <trkpt lat="46.02741" lon="7.004560000000001">
    <ele>2114.55</ele>
   </trkpt>
   <trkpt lat="46.027480000000004" lon="7.0045">
    <ele>2111.3500000000004</ele>
   </trkpt>
   <trkpt lat="46.0275" lon="7.0044200000000005">
    <ele>2109.56</ele>
   </trkpt>
   <trkpt lat="46.027530000000006" lon="7.00438">
    <ele>2109.56</ele>
   </trkpt>
   <trkpt lat="46.027530000000006" lon="7.004300000000001">
    <ele>2103.98</ele>
   </trkpt>
   <trkpt lat="46.027550000000005" lon="7.00431">
    <ele>2103.98</ele>
   </trkpt>
   <trkpt lat="46.02756" lon="7.004270000000001">
    <ele>2103.98</ele>
   </trkpt>
   <trkpt lat="46.02763" lon="7.0044">
    <ele>2096.19</ele>
   </trkpt>
   <trkpt lat="46.02767" lon="7.00436">
    <ele>2096.19</ele>
   </trkpt>
   <trkpt lat="46.027680000000004" lon="7.004290000000001">
    <ele>2094.44</ele>
   </trkpt>
   <trkpt lat="46.027660000000004" lon="7.004180000000001">
    <ele>2091.69</ele>
   </trkpt>
   <trkpt lat="46.027680000000004" lon="7.00398">
    <ele>2088.9900000000002</ele>
   </trkpt>
   <trkpt lat="46.027660000000004" lon="7.0037">
    <ele>2087.6200000000003</ele>
   </trkpt>
   <trkpt lat="46.027730000000005" lon="7.003410000000001">
    <ele>2082.34</ele>
   </trkpt>
   <trkpt lat="46.027730000000005" lon="7.003150000000001">
    <ele>2079.18</ele>
   </trkpt>
   <trkpt lat="46.02763" lon="7.0029200000000005">
    <ele>2081.0</ele>
   </trkpt>
   <trkpt lat="46.02756" lon="7.0025">
    <ele>2076.5200000000004</ele>
   </trkpt>
   <trkpt lat="46.02745" lon="7.002280000000001">
    <ele>2076.7000000000003</ele>
   </trkpt>
   <trkpt lat="46.02738" lon="7.002070000000001">
    <ele>2078.6800000000003</ele>
   </trkpt>
   <trkpt lat="46.02740000000001" lon="7.00166">
    <ele>2079.44</ele>
   </trkpt>
   <trkpt lat="46.027370000000005" lon="7.001320000000001">
    <ele>2080.7200000000003</ele>
   </trkpt>
   <trkpt lat="46.027350000000006" lon="7.001170000000001">
    <ele>2081.51</ele>
   </trkpt>
   <trkpt lat="46.02729" lon="7.001">
    <ele>2082.64</ele>
   </trkpt>
   <trkpt lat="46.02725" lon="7.000800000000001">
    <ele>2085.28</ele>
   </trkpt>
   <trkpt lat="46.027210000000004" lon="7.000730000000001">
    <ele>2086.0600000000004</ele>
   </trkpt>
   <trkpt lat="46.02716" lon="7.000400000000001">
    <ele>2091.25</ele>
   </trkpt>
   <trkpt lat="46.027170000000005" lon="7.00032">
    <ele>2092.01</ele>
   </trkpt>
   <trkpt lat="46.027150000000006" lon="7.000140000000001">
    <ele>2093.42</ele>
   </trkpt>
   <trkpt lat="46.027190000000004" lon="7.000000000000001">
    <ele>2093.84</ele>
   </trkpt>
   <trkpt lat="46.0272" lon="6.999820000000001">
    <ele>2093.9400000000005</ele>
   </trkpt>
   <trkpt lat="46.027260000000005" lon="6.999630000000001">
    <ele>2094.9300000000003</ele>
   </trkpt>
   <trkpt lat="46.027300000000004" lon="6.99959">
    <ele>2095.45</ele>
   </trkpt>
   <trkpt lat="46.02736" lon="6.9993300000000005">
    <ele>2097.34</ele>
   </trkpt>
   <trkpt lat="46.027460000000005" lon="6.999180000000001">
    <ele>2099.34</ele>
   </trkpt>
   <trkpt lat="46.027570000000004" lon="6.99884">
    <ele>2104.11</ele>
   </trkpt>
   <trkpt lat="46.027550000000005" lon="6.998530000000001">
    <ele>2104.55</ele>
   </trkpt>
   <trkpt lat="46.02761" lon="6.99849">
    <ele>2103.93</ele>
   </trkpt>
   <trkpt lat="46.027640000000005" lon="6.998430000000001">
    <ele>2103.0</ele>
   </trkpt>
   <trkpt lat="46.02769000000001" lon="6.998430000000001">
    <ele>2102.8700000000003</ele>
   </trkpt>
   <trkpt lat="46.02776" lon="6.99833">
    <ele>2102.9300000000003</ele>
   </trkpt>
   <trkpt lat="46.02783" lon="6.997990000000001">
    <ele>2101.11</ele>
   </trkpt>
   <trkpt lat="46.02787000000001" lon="6.997980000000001">
    <ele>2100.76</ele>
   </trkpt>
   <trkpt lat="46.027910000000006" lon="6.9979000000000005">
    <ele>2099.7700000000004</ele>
   </trkpt>
   <trkpt lat="46.027950000000004" lon="6.99788">
    <ele>2099.7700000000004</ele>
   </trkpt>
   <trkpt lat="46.02799" lon="6.99783">
    <ele>2099.4900000000002</ele>
   </trkpt>
   <trkpt lat="46.02805" lon="6.997820000000001">
    <ele>2099.2900000000004</ele>
   </trkpt>
   <trkpt lat="46.02808" lon="6.997750000000001">
    <ele>2099.1600000000003</ele>
   </trkpt>
   <trkpt lat="46.02812" lon="6.997730000000001">
    <ele>2098.97</ele>
   </trkpt>
   <trkpt lat="46.028240000000004" lon="6.9975700000000005">
    <ele>2098.9</ele>
   </trkpt>
   <trkpt lat="46.0283" lon="6.997260000000001">
    <ele>2098.25</ele>
   </trkpt>
   <trkpt lat="46.028380000000006" lon="6.997210000000001">
    <ele>2097.56</ele>
   </trkpt>
   <trkpt lat="46.0285" lon="6.996900000000001">
    <ele>2094.8700000000003</ele>
   </trkpt>
   <trkpt lat="46.028620000000004" lon="6.996740000000001">
    <ele>2095.6200000000003</ele>
   </trkpt>
   <trkpt lat="46.02863000000001" lon="6.996460000000001">
    <ele>2097.77</ele>
   </trkpt>
   <trkpt lat="46.028670000000005" lon="6.996270000000001">
    <ele>2097.5800000000004</ele>
   </trkpt>
   <trkpt lat="46.028800000000004" lon="6.996200000000001">
    <ele>2096.68</ele>
   </trkpt>
   <trkpt lat="46.028890000000004" lon="6.996150000000001">
    <ele>2095.82</ele>
   </trkpt>
   <trkpt lat="46.02895" lon="6.996150000000001">
    <ele>2094.9600000000005</ele>
   </trkpt>
   <trkpt lat="46.02906" lon="6.9960700000000005">
    <ele>2093.57</ele>
   </trkpt>
   <trkpt lat="46.02931" lon="6.995990000000001">
    <ele>2091.1600000000003</ele>
   </trkpt>
   <trkpt lat="46.029360000000004" lon="6.995990000000001">
    <ele>2090.52</ele>
   </trkpt>
   <trkpt lat="46.0294" lon="6.99603">
    <ele>2089.77</ele>
   </trkpt>
   <trkpt lat="46.02944" lon="6.99603">
    <ele>2088.9</ele>
   </trkpt>
   <trkpt lat="46.02947" lon="6.996080000000001">
    <ele>2086.92</ele>
   </trkpt>
   <trkpt lat="46.029540000000004" lon="6.9961">
    <ele>2086.01</ele>
   </trkpt>
   <trkpt lat="46.029590000000006" lon="6.995940000000001">
    <ele>2085.04</ele>
   </trkpt>
   <trkpt lat="46.02962" lon="6.99572">
    <ele>2086.67</ele>
   </trkpt>
   <trkpt lat="46.02975000000001" lon="6.995310000000001">
    <ele>2091.34</ele>
   </trkpt>
   <trkpt lat="46.029810000000005" lon="6.9952000000000005">
    <ele>2092.23</ele>
   </trkpt>
   <trkpt lat="46.02982" lon="6.99509">
    <ele>2091.88</ele>
   </trkpt>
   <trkpt lat="46.02995000000001" lon="6.994840000000001">
    <ele>2088.17</ele>
   </trkpt>
   <trkpt lat="46.03007" lon="6.994020000000001">
    <ele>2084.1600000000003</ele>
   </trkpt>
   <trkpt lat="46.03029" lon="6.993600000000001">
    <ele>2085.1200000000003</ele>
   </trkpt>
   <trkpt lat="46.030330000000006" lon="6.993550000000001">
    <ele>2085.1200000000003</ele>
   </trkpt>
   <trkpt lat="46.03038" lon="6.99352">
    <ele>2085.34</ele>
   </trkpt>
   <trkpt lat="46.030460000000005" lon="6.9934">
    <ele>2084.9100000000003</ele>
   </trkpt>
   <trkpt lat="46.030570000000004" lon="6.9931600000000005">
    <ele>2080.87</ele>
   </trkpt>
   <trkpt lat="46.030840000000005" lon="6.99295">
    <ele>2077.6400000000003</ele>
   </trkpt>
   <trkpt lat="46.030930000000005" lon="6.9928300000000005">
    <ele>2075.92</ele>
   </trkpt>
   <trkpt lat="46.031000000000006" lon="6.9927">
    <ele>2072.6600000000003</ele>
   </trkpt>
   <trkpt lat="46.03108" lon="6.99265">
    <ele>2071.6</ele>
   </trkpt>
   <trkpt lat="46.031270000000006" lon="6.992590000000001">
    <ele>2068.71</ele>
   </trkpt>
   <trkpt lat="46.031420000000004" lon="6.9926200000000005">
    <ele>2067.92</ele>
   </trkpt>
   <trkpt lat="46.03168" lon="6.992610000000001">
    <ele>2065.76</ele>
   </trkpt>
   <trkpt lat="46.031740000000006" lon="6.9926200000000005">
    <ele>2065.7000000000003</ele>
   </trkpt>
   <trkpt lat="46.031800000000004" lon="6.99258">
    <ele>2065.61</ele>
   </trkpt>
   <trkpt lat="46.03181000000001" lon="6.99251">
    <ele>2062.94</ele>
   </trkpt>
   <trkpt lat="46.031780000000005" lon="6.99244">
    <ele>2063.1000000000004</ele>
   </trkpt>
   <trkpt lat="46.03179" lon="6.99216">
    <ele>2062.79</ele>
   </trkpt>
   <trkpt lat="46.03163000000001" lon="6.991530000000001">
    <ele>2064.2400000000002</ele>
   </trkpt>
   <trkpt lat="46.03161" lon="6.991370000000001">
    <ele>2065.77</ele>
   </trkpt>
   <trkpt lat="46.031560000000006" lon="6.99131">
    <ele>2067.65</ele>
   </trkpt>
   <trkpt lat="46.031510000000004" lon="6.99091">
    <ele>2069.98</ele>
   </trkpt>
   <trkpt lat="46.03154000000001" lon="6.990850000000001">
    <ele>2069.7400000000002</ele>
   </trkpt>
   <trkpt lat="46.03144" lon="6.990450000000001">
    <ele>2069.35</ele>
   </trkpt>
   <trkpt lat="46.03145000000001" lon="6.9903900000000005">
    <ele>2069.76</ele>
   </trkpt>
   <trkpt lat="46.031330000000004" lon="6.990240000000001">
    <ele>2070.94</ele>
   </trkpt>
   <trkpt lat="46.03126" lon="6.99007">
    <ele>2072.92</ele>
   </trkpt>
   <trkpt lat="46.03126" lon="6.989980000000001">
    <ele>2075.4300000000003</ele>
   </trkpt>
   <trkpt lat="46.031200000000005" lon="6.989850000000001">
    <ele>2076.09</ele>
   </trkpt>
   <trkpt lat="46.03121" lon="6.98972">
    <ele>2077.5200000000004</ele>
   </trkpt>
   <trkpt lat="46.03112" lon="6.9895700000000005">
    <ele>2080.08</ele>
   </trkpt>
   <trkpt lat="46.0311" lon="6.9893600000000005">
    <ele>2083.9700000000003</ele>
   </trkpt>
   <trkpt lat="46.03117" lon="6.989190000000001">
    <ele>2086.23</ele>
   </trkpt>
   <trkpt lat="46.03116000000001" lon="6.989140000000001">
    <ele>2086.23</ele>
   </trkpt>
   <trkpt lat="46.031090000000006" lon="6.989000000000001">
    <ele>2088.09</ele>
   </trkpt>
   <trkpt lat="46.03092" lon="6.988840000000001">
    <ele>2090.36</ele>
   </trkpt>
   <trkpt lat="46.030370000000005" lon="6.98826">
    <ele>2099.5099999999998</ele>
   </trkpt>
   <trkpt lat="46.03013000000001" lon="6.987640000000001">
    <ele>2102.97</ele>
   </trkpt>
   <trkpt lat="46.03007" lon="6.98758">
    <ele>2103.06</ele>
   </trkpt>
   <trkpt lat="46.02987" lon="6.98725">
    <ele>2104.66</ele>
   </trkpt>
   <trkpt lat="46.029740000000004" lon="6.98688">
    <ele>2106.9900000000002</ele>
   </trkpt>
   <trkpt lat="46.02966000000001" lon="6.98678">
    <ele>2108.6</ele>
   </trkpt>
   <trkpt lat="46.02949" lon="6.9866600000000005">
    <ele>2111.66</ele>
   </trkpt>
   <trkpt lat="46.02931" lon="6.9863800000000005">
    <ele>2113.82</ele>
   </trkpt>
   <trkpt lat="46.02922" lon="6.986020000000001">
    <ele>2117.1900000000005</ele>
   </trkpt>
   <trkpt lat="46.02913" lon="6.985880000000001">
    <ele>2118.3</ele>
   </trkpt>
   <trkpt lat="46.029120000000006" lon="6.9858">
    <ele>2119.2000000000003</ele>
   </trkpt>
   <trkpt lat="46.02904" lon="6.9857000000000005">
    <ele>2120.03</ele>
   </trkpt>
   <trkpt lat="46.02891" lon="6.985220000000001">
    <ele>2122.7400000000002</ele>
   </trkpt>
   <trkpt lat="46.02864" lon="6.98484">
    <ele>2123.28</ele>
   </trkpt>
   <trkpt lat="46.02861" lon="6.98465">
    <ele>2124.25</ele>
   </trkpt>
   <trkpt lat="46.02853" lon="6.98439">
    <ele>2124.51</ele>
   </trkpt>
   <trkpt lat="46.02846" lon="6.984240000000001">
    <ele>2125.2</ele>
   </trkpt>
   <trkpt lat="46.028420000000004" lon="6.984020000000001">
    <ele>2125.36</ele>
   </trkpt>
   <trkpt lat="46.02837" lon="6.983950000000001">
    <ele>2125.62</ele>
   </trkpt>
   <trkpt lat="46.02832" lon="6.983910000000001">
    <ele>2125.9300000000003</ele>
   </trkpt>
   <trkpt lat="46.028270000000006" lon="6.98383">
    <ele>2126.69</ele>
   </trkpt>
   <trkpt lat="46.02823" lon="6.983810000000001">
    <ele>2127.0299999999997</ele>
   </trkpt>
   <trkpt lat="46.028220000000005" lon="6.98371">
    <ele>2127.2999999999997</ele>
   </trkpt>
   <trkpt lat="46.028110000000005" lon="6.98329">
    <ele>2127.48</ele>
   </trkpt>
   <trkpt lat="46.028090000000006" lon="6.983020000000001">
    <ele>2126.77</ele>
   </trkpt>
   <trkpt lat="46.028020000000005" lon="6.9827200000000005">
    <ele>2126.6800000000003</ele>
   </trkpt>
   <trkpt lat="46.02801" lon="6.98221">
    <ele>2126.32</ele>
   </trkpt>
   <trkpt lat="46.028040000000004" lon="6.982010000000001">
    <ele>2125.7300000000005</ele>
   </trkpt>
   <trkpt lat="46.028020000000005" lon="6.98181">
    <ele>2124.6500000000005</ele>
   </trkpt>
   <trkpt lat="46.028040000000004" lon="6.98155">
    <ele>2122.6200000000003</ele>
   </trkpt>
   <trkpt lat="46.028110000000005" lon="6.98118">
    <ele>2123.75</ele>
   </trkpt>
   <trkpt lat="46.02814" lon="6.980700000000001">
    <ele>2128.13</ele>
   </trkpt>
   <trkpt lat="46.028130000000004" lon="6.9805600000000005">
    <ele>2128.9700000000003</ele>
   </trkpt>
   <trkpt lat="46.028180000000006" lon="6.9803500000000005">
    <ele>2131.33</ele>
   </trkpt>
   <trkpt lat="46.028090000000006" lon="6.98024">
    <ele>2131.33</ele>
   </trkpt>
   <trkpt lat="46.02806" lon="6.98017">
    <ele>2131.91</ele>
   </trkpt>
   <trkpt lat="46.027890000000006" lon="6.979970000000001">
    <ele>2133.17</ele>
   </trkpt>
   <trkpt lat="46.02785" lon="6.979850000000001">
    <ele>2133.17</ele>
   </trkpt>
   <trkpt lat="46.02776" lon="6.979780000000001">
    <ele>2133.47</ele>
   </trkpt>
   <trkpt lat="46.027590000000004" lon="6.979360000000001">
    <ele>2137.1600000000003</ele>
   </trkpt>
   <trkpt lat="46.027370000000005" lon="6.978940000000001">
    <ele>2142.05</ele>
   </trkpt>
   <trkpt lat="46.027390000000004" lon="6.97876">
    <ele>2145.23</ele>
   </trkpt>
   <trkpt lat="46.02736" lon="6.97862">
    <ele>2146.79</ele>
   </trkpt>
   <trkpt lat="46.027240000000006" lon="6.9783800000000005">
    <ele>2147.27</ele>
   </trkpt>
   <trkpt lat="46.027190000000004" lon="6.97813">
    <ele>2148.13</ele>
   </trkpt>
   <trkpt lat="46.02711" lon="6.977920000000001">
    <ele>2151.1</ele>
   </trkpt>
   <trkpt lat="46.027060000000006" lon="6.977690000000001">
    <ele>2153.17</ele>
   </trkpt>
   <trkpt lat="46.027060000000006" lon="6.97756">
    <ele>2155.4700000000003</ele>
   </trkpt>
   <trkpt lat="46.02702" lon="6.977410000000001">
    <ele>2156.1700000000005</ele>
   </trkpt>
   <trkpt lat="46.02694" lon="6.977270000000001">
    <ele>2158.46</ele>
   </trkpt>
   <trkpt lat="46.026920000000004" lon="6.97719">
    <ele>2158.46</ele>
   </trkpt>
   <trkpt lat="46.026880000000006" lon="6.9771600000000005">
    <ele>2159.0800000000004</ele>
   </trkpt>
   <trkpt lat="46.02687" lon="6.976710000000001">
    <ele>2163.6900000000005</ele>
   </trkpt>
   <trkpt lat="46.02676" lon="6.9764800000000005">
    <ele>2169.67</ele>
   </trkpt>
   <trkpt lat="46.02657000000001" lon="6.97623">
    <ele>2178.07</ele>
   </trkpt>
   <trkpt lat="46.0264" lon="6.975810000000001">
    <ele>2184.36</ele>
   </trkpt>
   <trkpt lat="46.02644" lon="6.9754700000000005">
    <ele>2188.76</ele>
   </trkpt>
   <trkpt lat="46.026430000000005" lon="6.975230000000001">
    <ele>2190.08</ele>
   </trkpt>
   <trkpt lat="46.02631" lon="6.97496">
    <ele>2194.77</ele>
   </trkpt>
   <trkpt lat="46.026300000000006" lon="6.974810000000001">
    <ele>2197.11</ele>
   </trkpt>
   <trkpt lat="46.026430000000005" lon="6.974640000000001">
    <ele>2202.5</ele>
   </trkpt>
   <trkpt lat="46.02644" lon="6.97456">
    <ele>2205.62</ele>
   </trkpt>
   <trkpt lat="46.02647" lon="6.974530000000001">
    <ele>2205.62</ele>
   </trkpt>
   <trkpt lat="46.02647" lon="6.974340000000001">
    <ele>2209.74</ele>
   </trkpt>
   <trkpt lat="46.0264" lon="6.9742500000000005">
    <ele>2209.03</ele>
   </trkpt>
   <trkpt lat="46.026340000000005" lon="6.9741100000000005">
    <ele>2208.1400000000003</ele>
   </trkpt>
   <trkpt lat="46.026270000000004" lon="6.97386">
    <ele>2205.82</ele>
   </trkpt>
   <trkpt lat="46.02624" lon="6.973470000000001">
    <ele>2202.9900000000002</ele>
   </trkpt>
   <trkpt lat="46.02626" lon="6.973400000000001">
    <ele>2202.4700000000003</ele>
   </trkpt>
   <trkpt lat="46.026230000000005" lon="6.97329">
    <ele>2200.79</ele>
   </trkpt>
   <trkpt lat="46.02622" lon="6.972790000000001">
    <ele>2197.67</ele>
   </trkpt>
   <trkpt lat="46.02617" lon="6.972150000000001">
    <ele>2195.94</ele>
   </trkpt>
   <trkpt lat="46.02617" lon="6.971940000000001">
    <ele>2196.73</ele>
   </trkpt>
   <trkpt lat="46.0262" lon="6.971760000000001">
    <ele>2196.9800000000005</ele>
   </trkpt>
   <trkpt lat="46.02628000000001" lon="6.97156">
    <ele>2197.62</ele>
   </trkpt>
   <trkpt lat="46.026270000000004" lon="6.97121">
    <ele>2200.45</ele>
   </trkpt>
   <trkpt lat="46.02629" lon="6.9708000000000006">
    <ele>2203.04</ele>
   </trkpt>
   <trkpt lat="46.02626" lon="6.9705900000000005">
    <ele>2202.7900000000004</ele>
   </trkpt>
   <trkpt lat="46.02628000000001" lon="6.970440000000001">
    <ele>2201.9700000000003</ele>
   </trkpt>
   <trkpt lat="46.026300000000006" lon="6.97034">
    <ele>2200.88</ele>
   </trkpt>
   <trkpt lat="46.02611" lon="6.97015">
    <ele>2199.44</ele>
   </trkpt>
   <trkpt lat="46.02635" lon="6.97017">
    <ele>2200.81</ele>
   </trkpt>
   <trkpt lat="46.02669" lon="6.970280000000001">
    <ele>2202.77</ele>
   </trkpt>
   <trkpt lat="46.026790000000005" lon="6.970230000000001">
    <ele>2203.02</ele>
   </trkpt>
   <trkpt lat="46.02691" lon="6.970260000000001">
    <ele>2202.5200000000004</ele>
   </trkpt>
   <trkpt lat="46.027150000000006" lon="6.97048">
    <ele>2199.2400000000002</ele>
   </trkpt>
   <trkpt lat="46.02729" lon="6.970560000000001">
    <ele>2198.21</ele>
   </trkpt>
   <trkpt lat="46.02736" lon="6.97057">
    <ele>2197.41</ele>
   </trkpt>
   <trkpt lat="46.02740000000001" lon="6.97055">
    <ele>2196.9700000000003</ele>
   </trkpt>
   <trkpt lat="46.02745" lon="6.970390000000001">
    <ele>2195.55</ele>
   </trkpt>
   <trkpt lat="46.027440000000006" lon="6.970040000000001">
    <ele>2192.8</ele>
   </trkpt>
   <trkpt lat="46.027390000000004" lon="6.969810000000001">
    <ele>2190.78</ele>
   </trkpt>
   <trkpt lat="46.027390000000004" lon="6.96973">
    <ele>2190.35</ele>
   </trkpt>
   <trkpt lat="46.027420000000006" lon="6.96966">
    <ele>2189.98</ele>
   </trkpt>
   <trkpt lat="46.02758" lon="6.96956">
    <ele>2188.85</ele>
   </trkpt>
   <trkpt lat="46.027820000000006" lon="6.969200000000001">
    <ele>2189.03</ele>
   </trkpt>
   <trkpt lat="46.02803" lon="6.968380000000001">
    <ele>2193.92</ele>
   </trkpt>
   <trkpt lat="46.028130000000004" lon="6.967890000000001">
    <ele>2195.9500000000003</ele>
   </trkpt>
   <trkpt lat="46.028240000000004" lon="6.967460000000001">
    <ele>2197.29</ele>
   </trkpt>
   <trkpt lat="46.028380000000006" lon="6.967020000000001">
    <ele>2198.1800000000003</ele>
   </trkpt>
   <trkpt lat="46.02868" lon="6.966310000000001">
    <ele>2200.53</ele>
   </trkpt>
   <trkpt lat="46.02875" lon="6.9663">
    <ele>2200.6800000000003</ele>
   </trkpt>
   <trkpt lat="46.028890000000004" lon="6.9661800000000005">
    <ele>2200.45</ele>
   </trkpt>
   <trkpt lat="46.028870000000005" lon="6.96597">
    <ele>2199.3</ele>
   </trkpt>
   <trkpt lat="46.028760000000005" lon="6.965890000000001">
    <ele>2196.8300000000004</ele>
   </trkpt>
   <trkpt lat="46.028740000000006" lon="6.965800000000001">
    <ele>2196.8300000000004</ele>
   </trkpt>
   <trkpt lat="46.02875" lon="6.965700000000001">
    <ele>2195.79</ele>
   </trkpt>
   <trkpt lat="46.02873" lon="6.96567">
    <ele>2195.79</ele>
   </trkpt>
   <trkpt lat="46.028710000000004" lon="6.965450000000001">
    <ele>2195.17</ele>
   </trkpt>
   <trkpt lat="46.028740000000006" lon="6.9651700000000005">
    <ele>2195.16</ele>
   </trkpt>
   <trkpt lat="46.02873" lon="6.965000000000001">
    <ele>2195.16</ele>
   </trkpt>
   <trkpt lat="46.02866" lon="6.964670000000001">
    <ele>2194.77</ele>
   </trkpt>
   <trkpt lat="46.028690000000005" lon="6.9643500000000005">
    <ele>2194.84</ele>
   </trkpt>
   <trkpt lat="46.02868" lon="6.964080000000001">
    <ele>2195.3</ele>
   </trkpt>
   <trkpt lat="46.02884" lon="6.9633400000000005">
    <ele>2196.69</ele>
   </trkpt>
   <trkpt lat="46.02890000000001" lon="6.9631300000000005">
    <ele>2196.6400000000003</ele>
   </trkpt>
   <trkpt lat="46.02890000000001" lon="6.962930000000001">
    <ele>2196.82</ele>
   </trkpt>
   <trkpt lat="46.02897" lon="6.96262">
    <ele>2197.73</ele>
   </trkpt>
   <trkpt lat="46.02901000000001" lon="6.96234">
    <ele>2198.0000000000005</ele>
   </trkpt>
   <trkpt lat="46.02899" lon="6.962180000000001">
    <ele>2197.84</ele>
   </trkpt>
   <trkpt lat="46.02902" lon="6.961640000000001">
    <ele>2198.5800000000004</ele>
   </trkpt>
   <trkpt lat="46.028960000000005" lon="6.961340000000001">
    <ele>2199.19</ele>
   </trkpt>
   <trkpt lat="46.02901000000001" lon="6.961040000000001">
    <ele>2200.36</ele>
   </trkpt>
   <trkpt lat="46.02933" lon="6.960570000000001">
    <ele>2200.69</ele>
   </trkpt>
   <trkpt lat="46.02955" lon="6.96034">
    <ele>2201.29</ele>
   </trkpt>
   <trkpt lat="46.02967" lon="6.960240000000001">
    <ele>2200.79</ele>
   </trkpt>
   <trkpt lat="46.029700000000005" lon="6.960210000000001">
    <ele>2200.6200000000003</ele>
   </trkpt>
   <trkpt lat="46.029630000000004" lon="6.960090000000001">
    <ele>2200.9500000000003</ele>
   </trkpt>
   <trkpt lat="46.02962" lon="6.960030000000001">
    <ele>2200.9500000000003</ele>
   </trkpt>
   <trkpt lat="46.02964" lon="6.95997">
    <ele>2200.9500000000003</ele>
   </trkpt>
   <trkpt lat="46.029630000000004" lon="6.9598">
    <ele>2200.6400000000003</ele>
   </trkpt>
   <trkpt lat="46.02951" lon="6.959420000000001">
    <ele>2199.19</ele>
   </trkpt>
   <trkpt lat="46.02937000000001" lon="6.959110000000001">
    <ele>2197.08</ele>
   </trkpt>
   <trkpt lat="46.02919000000001" lon="6.95884">
    <ele>2193.34</ele>
   </trkpt>
   <trkpt lat="46.02915" lon="6.9587">
    <ele>2191.1200000000003</ele>
   </trkpt>
   <trkpt lat="46.02919000000001" lon="6.95858">
    <ele>2191.1200000000003</ele>
   </trkpt>
   <trkpt lat="46.02926" lon="6.958450000000001">
    <ele>2188.79</ele>
   </trkpt>
   <trkpt lat="46.029300000000006" lon="6.9583200000000005">
    <ele>2187.19</ele>
   </trkpt>
   <trkpt lat="46.02948000000001" lon="6.95802">
    <ele>2181.5800000000004</ele>
   </trkpt>
   <trkpt lat="46.02951" lon="6.957540000000001">
    <ele>2176.4100000000003</ele>
   </trkpt>
   <trkpt lat="46.02935" lon="6.9577800000000005">
    <ele>2172.76</ele>
   </trkpt>
   <trkpt lat="46.02910000000001" lon="6.95795">
    <ele>2168.57</ele>
   </trkpt>
   <trkpt lat="46.02892000000001" lon="6.958030000000001">
    <ele>2165.42</ele>
   </trkpt>
   <trkpt lat="46.02816000000001" lon="6.9578500000000005">
    <ele>2147.77</ele>
   </trkpt>
   <trkpt lat="46.02799" lon="6.957840000000001">
    <ele>2144.53</ele>
   </trkpt>
   <trkpt lat="46.02787000000001" lon="6.95781">
    <ele>2142.69</ele>
   </trkpt>
   <trkpt lat="46.02779" lon="6.95776">
    <ele>2140.7700000000004</ele>
   </trkpt>
   <trkpt lat="46.02761" lon="6.95772">
    <ele>2133.7200000000003</ele>
   </trkpt>
   <trkpt lat="46.027480000000004" lon="6.957610000000001">
    <ele>2132.66</ele>
   </trkpt>
   <trkpt lat="46.027440000000006" lon="6.95748">
    <ele>2130.38</ele>
   </trkpt>
   <trkpt lat="46.02756" lon="6.95741">
    <ele>2127.85</ele>
   </trkpt>
   <trkpt lat="46.027660000000004" lon="6.957300000000001">
    <ele>2125.13</ele>
   </trkpt>
   <trkpt lat="46.027680000000004" lon="6.9572">
    <ele>2125.13</ele>
   </trkpt>
   <trkpt lat="46.027660000000004" lon="6.9571000000000005">
    <ele>2123.76</ele>
   </trkpt>
   <trkpt lat="46.02769000000001" lon="6.95701">
    <ele>2122.2700000000004</ele>
   </trkpt>
   <trkpt lat="46.02778000000001" lon="6.95692">
    <ele>2120.69</ele>
   </trkpt>
   <trkpt lat="46.027770000000004" lon="6.95673">
    <ele>2118.2700000000004</ele>
   </trkpt>
   <trkpt lat="46.02787000000001" lon="6.95666">
    <ele>2116.23</ele>
   </trkpt>
   <trkpt lat="46.02787000000001" lon="6.95664">
    <ele>2116.23</ele>
   </trkpt>
   <trkpt lat="46.02776" lon="6.956530000000001">
    <ele>2114.59</ele>
   </trkpt>
   <trkpt lat="46.02747" lon="6.95633">
    <ele>2109.6700000000005</ele>
   </trkpt>
   <trkpt lat="46.02729" lon="6.95605">
    <ele>2103.7400000000002</ele>
   </trkpt>
   <trkpt lat="46.027280000000005" lon="6.955990000000001">
    <ele>2103.7400000000002</ele>
   </trkpt>
   <trkpt lat="46.027120000000004" lon="6.95565">
    <ele>2099.07</ele>
   </trkpt>
   <trkpt lat="46.02713000000001" lon="6.955570000000001">
    <ele>2098.31</ele>
   </trkpt>
   <trkpt lat="46.0272" lon="6.95539">
    <ele>2096.15</ele>
   </trkpt>
   <trkpt lat="46.027150000000006" lon="6.95544">
    <ele>2094.63</ele>
   </trkpt>
   <trkpt lat="46.027060000000006" lon="6.955470000000001">
    <ele>2092.29</ele>
   </trkpt>
   <trkpt lat="46.02696" lon="6.955470000000001">
    <ele>2090.65</ele>
   </trkpt>
   <trkpt lat="46.026740000000004" lon="6.955360000000001">
    <ele>2086.17</ele>
   </trkpt>
   <trkpt lat="46.02669" lon="6.955360000000001">
    <ele>2086.17</ele>
   </trkpt>
   <trkpt lat="46.02637000000001" lon="6.955520000000001">
    <ele>2079.44</ele>
   </trkpt>
   <trkpt lat="46.02633" lon="6.955610000000001">
    <ele>2076.78</ele>
   </trkpt>
   <trkpt lat="46.02619000000001" lon="6.955540000000001">
    <ele>2074.59</ele>
   </trkpt>
   <trkpt lat="46.026140000000005" lon="6.95556">
    <ele>2073.44</ele>
   </trkpt>
   <trkpt lat="46.026120000000006" lon="6.955550000000001">
    <ele>2073.44</ele>
   </trkpt>
   <trkpt lat="46.026050000000005" lon="6.955380000000001">
    <ele>2072.3100000000004</ele>
   </trkpt>
   <trkpt lat="46.02593" lon="6.955240000000001">
    <ele>2070.82</ele>
   </trkpt>
   <trkpt lat="46.02581000000001" lon="6.955140000000001">
    <ele>2069.7000000000003</ele>
   </trkpt>
   <trkpt lat="46.02564" lon="6.955100000000001">
    <ele>2065.6000000000004</ele>
   </trkpt>
   <trkpt lat="46.02501" lon="6.955000000000001">
    <ele>2053.37</ele>
   </trkpt>
   <trkpt lat="46.02465" lon="6.95497">
    <ele>2048.41</ele>
   </trkpt>
   <trkpt lat="46.024530000000006" lon="6.954980000000001">
    <ele>2045.7300000000002</ele>
   </trkpt>
   <trkpt lat="46.02451000000001" lon="6.954960000000001">
    <ele>2045.7300000000002</ele>
   </trkpt>
   <trkpt lat="46.024570000000004" lon="6.95481">
    <ele>2042.46</ele>
   </trkpt>
   <trkpt lat="46.02483" lon="6.95434">
    <ele>2036.53</ele>
   </trkpt>
   <trkpt lat="46.02485" lon="6.954230000000001">
    <ele>2032.3600000000001</ele>
   </trkpt>
   <trkpt lat="46.024980000000006" lon="6.953990000000001">
    <ele>2028.9300000000003</ele>
   </trkpt>
   <trkpt lat="46.025000000000006" lon="6.95389">
    <ele>2028.9300000000003</ele>
   </trkpt>
   <trkpt lat="46.02505" lon="6.953850000000001">
    <ele>2026.4700000000003</ele>
   </trkpt>
   <trkpt lat="46.0251" lon="6.953850000000001">
    <ele>2026.4700000000003</ele>
   </trkpt>
   <trkpt lat="46.02519" lon="6.9537700000000005">
    <ele>2023.9200000000003</ele>
   </trkpt>
   <trkpt lat="46.025270000000006" lon="6.9535800000000005">
    <ele>2020.7700000000002</ele>
   </trkpt>
   <trkpt lat="46.02534000000001" lon="6.9535100000000005">
    <ele>2020.7700000000002</ele>
   </trkpt>
   <trkpt lat="46.025330000000004" lon="6.95349">
    <ele>2020.7700000000002</ele>
   </trkpt>
   <trkpt lat="46.02525000000001" lon="6.953500000000001">
    <ele>2018.2800000000002</ele>
   </trkpt>
   <trkpt lat="46.02516000000001" lon="6.95347">
    <ele>2015.19</ele>
   </trkpt>
   <trkpt lat="46.025090000000006" lon="6.95349">
    <ele>2015.19</ele>
   </trkpt>
   <trkpt lat="46.02492" lon="6.95349">
    <ele>2011.3700000000003</ele>
   </trkpt>
   <trkpt lat="46.02494" lon="6.953390000000001">
    <ele>2007.7199999999998</ele>
   </trkpt>
   <trkpt lat="46.02487000000001" lon="6.953360000000001">
    <ele>2007.7199999999998</ele>
   </trkpt>
   <trkpt lat="46.02485" lon="6.953270000000001">
    <ele>2006.1400000000003</ele>
   </trkpt>
   <trkpt lat="46.02481" lon="6.9532300000000005">
    <ele>2006.1400000000003</ele>
   </trkpt>
   <trkpt lat="46.02465" lon="6.95312">
    <ele>2001.8000000000002</ele>
   </trkpt>
   <trkpt lat="46.02436" lon="6.952680000000001">
    <ele>1998.8200000000002</ele>
   </trkpt>
   <trkpt lat="46.02449000000001" lon="6.952310000000001">
    <ele>1999.17</ele>
   </trkpt>
   <trkpt lat="46.02451000000001" lon="6.95213">
    <ele>1998.9</ele>
   </trkpt>
   <trkpt lat="46.02449000000001" lon="6.9518200000000006">
    <ele>1998.02</ele>
   </trkpt>
   <trkpt lat="46.0245" lon="6.95176">
    <ele>1997.3700000000001</ele>
   </trkpt>
   <trkpt lat="46.02460000000001" lon="6.951530000000001">
    <ele>1996.6200000000001</ele>
   </trkpt>
   <trkpt lat="46.024480000000004" lon="6.95143">
    <ele>1996.3400000000001</ele>
   </trkpt>
   <trkpt lat="46.024330000000006" lon="6.95143">
    <ele>1996.5800000000002</ele>
   </trkpt>
   <trkpt lat="46.02427" lon="6.951410000000001">
    <ele>1996.6100000000001</ele>
   </trkpt>
   <trkpt lat="46.024170000000005" lon="6.951130000000001">
    <ele>1995.9</ele>
   </trkpt>
   <trkpt lat="46.02411" lon="6.951090000000001">
    <ele>1995.9</ele>
   </trkpt>
   <trkpt lat="46.024080000000005" lon="6.951040000000001">
    <ele>1995.9</ele>
   </trkpt>
   <trkpt lat="46.023920000000004" lon="6.95096">
    <ele>1995.64</ele>
   </trkpt>
   <trkpt lat="46.02384000000001" lon="6.950950000000001">
    <ele>1995.4600000000003</ele>
   </trkpt>
   <trkpt lat="46.023790000000005" lon="6.950900000000001">
    <ele>1995.4600000000003</ele>
   </trkpt>
   <trkpt lat="46.02373" lon="6.95075">
    <ele>1994.93</ele>
   </trkpt>
   <trkpt lat="46.02369" lon="6.950690000000001">
    <ele>1994.93</ele>
   </trkpt>
   <trkpt lat="46.02356" lon="6.95063">
    <ele>1994.52</ele>
   </trkpt>
   <trkpt lat="46.02349" lon="6.950570000000001">
    <ele>1994.52</ele>
   </trkpt>
   <trkpt lat="46.02346000000001" lon="6.950570000000001">
    <ele>1994.52</ele>
   </trkpt>
   <trkpt lat="46.023390000000006" lon="6.95049">
    <ele>1994.02</ele>
   </trkpt>
   <trkpt lat="46.02331" lon="6.95044">
    <ele>1994.02</ele>
   </trkpt>
   <trkpt lat="46.023250000000004" lon="6.95035">
    <ele>1993.71</ele>
   </trkpt>
   <trkpt lat="46.02318" lon="6.9501800000000005">
    <ele>1993.44</ele>
   </trkpt>
   <trkpt lat="46.023070000000004" lon="6.95009">
    <ele>1993.0400000000002</ele>
   </trkpt>
   <trkpt lat="46.02284" lon="6.949800000000001">
    <ele>1992.69</ele>
   </trkpt>
   <trkpt lat="46.02279" lon="6.94976">
    <ele>1992.69</ele>
   </trkpt>
   <trkpt lat="46.02262" lon="6.949700000000001">
    <ele>1992.5700000000002</ele>
   </trkpt>
   <trkpt lat="46.022400000000005" lon="6.949540000000001">
    <ele>1992.32</ele>
   </trkpt>
   <trkpt lat="46.02226" lon="6.9495000000000005">
    <ele>1992.2800000000002</ele>
   </trkpt>
   <trkpt lat="46.02217" lon="6.949420000000001">
    <ele>1992.23</ele>
   </trkpt>
   <trkpt lat="46.0221" lon="6.949400000000001">
    <ele>1992.23</ele>
   </trkpt>
   <trkpt lat="46.02201" lon="6.949300000000001">
    <ele>1992.23</ele>
   </trkpt>
   <trkpt lat="46.021860000000004" lon="6.949230000000001">
    <ele>1992.05</ele>
   </trkpt>
   <trkpt lat="46.021770000000004" lon="6.949140000000001">
    <ele>1991.9700000000003</ele>
   </trkpt>
   <trkpt lat="46.02159" lon="6.949050000000001">
    <ele>1992.08</ele>
   </trkpt>
   <trkpt lat="46.02145" lon="6.948840000000001">
    <ele>1994.52</ele>
   </trkpt>
   <trkpt lat="46.02140000000001" lon="6.948830000000001">
    <ele>1995.21</ele>
   </trkpt>
   <trkpt lat="46.021330000000006" lon="6.948760000000001">
    <ele>1995.21</ele>
   </trkpt>
   <trkpt lat="46.02125" lon="6.948740000000001">
    <ele>1997.15</ele>
   </trkpt>
   <trkpt lat="46.02109" lon="6.9486300000000005">
    <ele>2001.16</ele>
   </trkpt>
   <trkpt lat="46.020810000000004" lon="6.948580000000001">
    <ele>2005.09</ele>
   </trkpt>
   <trkpt lat="46.02042" lon="6.94826">
    <ele>2014.18</ele>
   </trkpt>
   <trkpt lat="46.020230000000005" lon="6.948010000000001">
    <ele>2016.89</ele>
   </trkpt>
   <trkpt lat="46.020140000000005" lon="6.94798">
    <ele>2018.0200000000004</ele>
   </trkpt>
   <trkpt lat="46.019940000000005" lon="6.94777">
    <ele>2021.2500000000002</ele>
   </trkpt>
   <trkpt lat="46.019830000000006" lon="6.947690000000001">
    <ele>2022.13</ele>
   </trkpt>
   <trkpt lat="46.01977" lon="6.947590000000001">
    <ele>2022.3400000000001</ele>
   </trkpt>
   <trkpt lat="46.019760000000005" lon="6.947470000000001">
    <ele>2022.17</ele>
   </trkpt>
   <trkpt lat="46.019690000000004" lon="6.9473">
    <ele>2021.7500000000002</ele>
   </trkpt>
   <trkpt lat="46.01962" lon="6.947190000000001">
    <ele>2021.7200000000003</ele>
   </trkpt>
   <trkpt lat="46.01943000000001" lon="6.947010000000001">
    <ele>2021.8100000000004</ele>
   </trkpt>
   <trkpt lat="46.019310000000004" lon="6.94695">
    <ele>2022.0100000000002</ele>
   </trkpt>
   <trkpt lat="46.019110000000005" lon="6.947010000000001">
    <ele>2023.2300000000002</ele>
   </trkpt>
   <trkpt lat="46.01896000000001" lon="6.947010000000001">
    <ele>2023.2300000000002</ele>
   </trkpt>
   <trkpt lat="46.018800000000006" lon="6.94688">
    <ele>2025.7300000000002</ele>
   </trkpt>
   <trkpt lat="46.01869000000001" lon="6.946860000000001">
    <ele>2026.4200000000003</ele>
   </trkpt>
   <trkpt lat="46.01843" lon="6.946720000000001">
    <ele>2030.6000000000001</ele>
   </trkpt>
   <trkpt lat="46.01831000000001" lon="6.94669">
    <ele>2030.6000000000001</ele>
   </trkpt>
   <trkpt lat="46.01816" lon="6.946600000000001">
    <ele>2031.53</ele>
   </trkpt>
   <trkpt lat="46.01805" lon="6.94657">
    <ele>2032.5700000000002</ele>
   </trkpt>
   <trkpt lat="46.018010000000004" lon="6.946530000000001">
    <ele>2033.6700000000003</ele>
   </trkpt>
   <trkpt lat="46.017810000000004" lon="6.94643">
    <ele>2036.47</ele>
   </trkpt>
   <trkpt lat="46.01762" lon="6.94624">
    <ele>2038.5</ele>
   </trkpt>
   <trkpt lat="46.01747" lon="6.94613">
    <ele>2037.7200000000003</ele>
   </trkpt>
   <trkpt lat="46.01738" lon="6.9461200000000005">
    <ele>2036.76</ele>
   </trkpt>
   <trkpt lat="46.01711" lon="6.94573">
    <ele>2033.08</ele>
   </trkpt>
   <trkpt lat="46.016960000000005" lon="6.94568">
    <ele>2033.3700000000001</ele>
   </trkpt>
   <trkpt lat="46.016850000000005" lon="6.9455800000000005">
    <ele>2034.1</ele>
   </trkpt>
   <trkpt lat="46.01672000000001" lon="6.94542">
    <ele>2035.27</ele>
   </trkpt>
   <trkpt lat="46.016650000000006" lon="6.94528">
    <ele>2036.9</ele>
   </trkpt>
   <trkpt lat="46.016580000000005" lon="6.945220000000001">
    <ele>2037.63</ele>
   </trkpt>
   <trkpt lat="46.01653" lon="6.94521">
    <ele>2039.18</ele>
   </trkpt>
   <trkpt lat="46.01644" lon="6.94514">
    <ele>2040.43</ele>
   </trkpt>
   <trkpt lat="46.01637" lon="6.94505">
    <ele>2041.3100000000002</ele>
   </trkpt>
   <trkpt lat="46.016310000000004" lon="6.945010000000001">
    <ele>2042.02</ele>
   </trkpt>
   <trkpt lat="46.01615" lon="6.9449700000000005">
    <ele>2043.6400000000003</ele>
   </trkpt>
   <trkpt lat="46.01606" lon="6.94481">
    <ele>2043.94</ele>
   </trkpt>
   <trkpt lat="46.015930000000004" lon="6.94472">
    <ele>2044.8300000000002</ele>
   </trkpt>
   <trkpt lat="46.01588" lon="6.9446200000000005">
    <ele>2045.1200000000001</ele>
   </trkpt>
   <trkpt lat="46.01577" lon="6.944500000000001">
    <ele>2045.2700000000004</ele>
   </trkpt>
   <trkpt lat="46.015750000000004" lon="6.9443600000000005">
    <ele>2045.21</ele>
   </trkpt>
   <trkpt lat="46.01567000000001" lon="6.944190000000001">
    <ele>2045.63</ele>
   </trkpt>
   <trkpt lat="46.015480000000004" lon="6.943930000000001">
    <ele>2047.41</ele>
   </trkpt>
   <trkpt lat="46.01541" lon="6.943860000000001">
    <ele>2048.32</ele>
   </trkpt>
   <trkpt lat="46.01532" lon="6.943860000000001">
    <ele>2049.69</ele>
   </trkpt>
   <trkpt lat="46.01522000000001" lon="6.943740000000001">
    <ele>2052.03</ele>
   </trkpt>
   <trkpt lat="46.01505" lon="6.943230000000001">
    <ele>2055.63</ele>
   </trkpt>
   <trkpt lat="46.015150000000006" lon="6.9430000000000005">
    <ele>2054.7</ele>
   </trkpt>
   <trkpt lat="46.015100000000004" lon="6.942660000000001">
    <ele>2054.7</ele>
   </trkpt>
   <trkpt lat="46.015150000000006" lon="6.942260000000001">
    <ele>2053.1</ele>
   </trkpt>
   <trkpt lat="46.015150000000006" lon="6.942080000000001">
    <ele>2051.33</ele>
   </trkpt>
   <trkpt lat="46.015130000000006" lon="6.942050000000001">
    <ele>2051.33</ele>
   </trkpt>
   <trkpt lat="46.015080000000005" lon="6.942050000000001">
    <ele>2049.96</ele>
   </trkpt>
   <trkpt lat="46.01505" lon="6.942010000000001">
    <ele>2049.96</ele>
   </trkpt>
   <trkpt lat="46.01505" lon="6.941960000000001">
    <ele>2049.32</ele>
   </trkpt>
   <trkpt lat="46.015010000000004" lon="6.941870000000001">
    <ele>2048.2</ele>
   </trkpt>
   <trkpt lat="46.01502000000001" lon="6.94167">
    <ele>2047.3799999999999</ele>
   </trkpt>
   <trkpt lat="46.014990000000004" lon="6.941580000000001">
    <ele>2046.4100000000003</ele>
   </trkpt>
   <trkpt lat="46.014880000000005" lon="6.94143">
    <ele>2045.15</ele>
   </trkpt>
   <trkpt lat="46.014700000000005" lon="6.941260000000001">
    <ele>2043.6100000000001</ele>
   </trkpt>
   <trkpt lat="46.014660000000006" lon="6.941160000000001">
    <ele>2043.4200000000003</ele>
   </trkpt>
   <trkpt lat="46.014590000000005" lon="6.94108">
    <ele>2043.5700000000004</ele>
   </trkpt>
   <trkpt lat="46.014500000000005" lon="6.940900000000001">
    <ele>2044.0300000000002</ele>
   </trkpt>
   <trkpt lat="46.01435" lon="6.94085">
    <ele>2043.5400000000002</ele>
   </trkpt>
   <trkpt lat="46.01427" lon="6.9407700000000006">
    <ele>2041.97</ele>
   </trkpt>
   <trkpt lat="46.01417000000001" lon="6.94071">
    <ele>2039.3799999999999</ele>
   </trkpt>
   <trkpt lat="46.01408000000001" lon="6.9405600000000005">
    <ele>2037.8400000000001</ele>
   </trkpt>
   <trkpt lat="46.013980000000004" lon="6.940550000000001">
    <ele>2035.9700000000003</ele>
   </trkpt>
   <trkpt lat="46.013920000000006" lon="6.94059">
    <ele>2035.31</ele>
   </trkpt>
   <trkpt lat="46.01391" lon="6.94068">
    <ele>2034.5600000000004</ele>
   </trkpt>
   <trkpt lat="46.01409" lon="6.9409600000000005">
    <ele>2028.5700000000002</ele>
   </trkpt>
   <trkpt lat="46.01409" lon="6.94101">
    <ele>2028.5700000000002</ele>
   </trkpt>
   <trkpt lat="46.013960000000004" lon="6.941070000000001">
    <ele>2027.74</ele>
   </trkpt>
   <trkpt lat="46.013850000000005" lon="6.941020000000001">
    <ele>2023.7800000000004</ele>
   </trkpt>
   <trkpt lat="46.013690000000004" lon="6.9408">
    <ele>2016.3600000000001</ele>
   </trkpt>
   <trkpt lat="46.013540000000006" lon="6.9407000000000005">
    <ele>2016.3600000000001</ele>
   </trkpt>
   <trkpt lat="46.01343000000001" lon="6.940480000000001">
    <ele>2014.6200000000003</ele>
   </trkpt>
   <trkpt lat="46.01333" lon="6.9404200000000005">
    <ele>2010.0800000000004</ele>
   </trkpt>
   <trkpt lat="46.0133" lon="6.9406300000000005">
    <ele>2008.3999999999999</ele>
   </trkpt>
   <trkpt lat="46.01324" lon="6.94082">
    <ele>2006.23</ele>
   </trkpt>
   <trkpt lat="46.013270000000006" lon="6.940980000000001">
    <ele>2004.33</ele>
   </trkpt>
   <trkpt lat="46.01323000000001" lon="6.941050000000001">
    <ele>2003.0</ele>
   </trkpt>
   <trkpt lat="46.013160000000006" lon="6.941020000000001">
    <ele>2001.3100000000002</ele>
   </trkpt>
   <trkpt lat="46.013130000000004" lon="6.941040000000001">
    <ele>2001.3100000000002</ele>
   </trkpt>
   <trkpt lat="46.01308" lon="6.941190000000001">
    <ele>1999.66</ele>
   </trkpt>
   <trkpt lat="46.01303" lon="6.941230000000001">
    <ele>1998.0700000000002</ele>
   </trkpt>
   <trkpt lat="46.013000000000005" lon="6.941300000000001">
    <ele>1998.0700000000002</ele>
   </trkpt>
   <trkpt lat="46.01294" lon="6.94132">
    <ele>1995.74</ele>
   </trkpt>
   <trkpt lat="46.01286" lon="6.9412">
    <ele>1993.23</ele>
   </trkpt>
   <trkpt lat="46.01281" lon="6.941050000000001">
    <ele>1991.45</ele>
   </trkpt>
   <trkpt lat="46.012730000000005" lon="6.940980000000001">
    <ele>1990.52</ele>
   </trkpt>
   <trkpt lat="46.01263" lon="6.940970000000001">
    <ele>1986.67</ele>
   </trkpt>
   <trkpt lat="46.01249000000001" lon="6.941070000000001">
    <ele>1984.79</ele>
   </trkpt>
   <trkpt lat="46.012280000000004" lon="6.94108">
    <ele>1980.8500000000001</ele>
   </trkpt>
   <trkpt lat="46.01214" lon="6.941000000000001">
    <ele>1979.0</ele>
   </trkpt>
   <trkpt lat="46.012100000000004" lon="6.94092">
    <ele>1977.3</ele>
   </trkpt>
   <trkpt lat="46.01209" lon="6.94078">
    <ele>1976.1000000000001</ele>
   </trkpt>
   <trkpt lat="46.01203" lon="6.94068">
    <ele>1976.1000000000001</ele>
   </trkpt>
   <trkpt lat="46.012" lon="6.940670000000001">
    <ele>1976.1000000000001</ele>
   </trkpt>
   <trkpt lat="46.011950000000006" lon="6.940760000000001">
    <ele>1971.5600000000002</ele>
   </trkpt>
   <trkpt lat="46.01183" lon="6.9407700000000006">
    <ele>1971.5600000000002</ele>
   </trkpt>
   <trkpt lat="46.011750000000006" lon="6.940740000000001">
    <ele>1970.29</ele>
   </trkpt>
   <trkpt lat="46.01171" lon="6.94068">
    <ele>1970.29</ele>
   </trkpt>
   <trkpt lat="46.01165" lon="6.940290000000001">
    <ele>1966.49</ele>
   </trkpt>
   <trkpt lat="46.01162" lon="6.94026">
    <ele>1966.49</ele>
   </trkpt>
   <trkpt lat="46.01158" lon="6.940250000000001">
    <ele>1966.49</ele>
   </trkpt>
   <trkpt lat="46.011520000000004" lon="6.940290000000001">
    <ele>1962.97</ele>
   </trkpt>
   <trkpt lat="46.01144" lon="6.9404900000000005">
    <ele>1960.67</ele>
   </trkpt>
   <trkpt lat="46.01142" lon="6.940480000000001">
    <ele>1960.67</ele>
   </trkpt>
   <trkpt lat="46.011390000000006" lon="6.940370000000001">
    <ele>1958.05</ele>
   </trkpt>
   <trkpt lat="46.01129" lon="6.940250000000001">
    <ele>1956.4800000000002</ele>
   </trkpt>
   <trkpt lat="46.01124" lon="6.940110000000001">
    <ele>1954.68</ele>
   </trkpt>
   <trkpt lat="46.0112" lon="6.939820000000001">
    <ele>1952.71</ele>
   </trkpt>
   <trkpt lat="46.01106" lon="6.93958">
    <ele>1948.53</ele>
   </trkpt>
   <trkpt lat="46.01106" lon="6.939570000000001">
    <ele>1948.53</ele>
   </trkpt>
   <trkpt lat="46.010940000000005" lon="6.9401">
    <ele>1940.1500000000003</ele>
   </trkpt>
   <trkpt lat="46.010780000000004" lon="6.9398800000000005">
    <ele>1929.3200000000002</ele>
   </trkpt>
   <trkpt lat="46.010630000000006" lon="6.940040000000001">
    <ele>1924.2200000000003</ele>
   </trkpt>
   <trkpt lat="46.01071" lon="6.941140000000001">
    <ele>1906.02</ele>
   </trkpt>
   <trkpt lat="46.01088" lon="6.941650000000001">
    <ele>1901.1100000000001</ele>
   </trkpt>
   <trkpt lat="46.01086" lon="6.942200000000001">
    <ele>1893.7100000000003</ele>
   </trkpt>
   <trkpt lat="46.010810000000006" lon="6.942340000000001">
    <ele>1890.33</ele>
   </trkpt>
   <trkpt lat="46.01068" lon="6.94228">
    <ele>1887.4</ele>
   </trkpt>
   <trkpt lat="46.01048" lon="6.942050000000001">
    <ele>1877.63</ele>
   </trkpt>
   <trkpt lat="46.01023000000001" lon="6.94181">
    <ele>1862.68</ele>
   </trkpt>
   <trkpt lat="46.009910000000005" lon="6.941560000000001">
    <ele>1848.5900000000001</ele>
   </trkpt>
   <trkpt lat="46.00949000000001" lon="6.94134">
    <ele>1834.17</ele>
   </trkpt>
   <trkpt lat="46.009420000000006" lon="6.941330000000001">
    <ele>1832.91</ele>
   </trkpt>
   <trkpt lat="46.00938000000001" lon="6.941400000000001">
    <ele>1830.6700000000003</ele>
   </trkpt>
   <trkpt lat="46.009460000000004" lon="6.941590000000001">
    <ele>1829.66</ele>
   </trkpt>
   <trkpt lat="46.009620000000005" lon="6.94207">
    <ele>1821.3700000000001</ele>
   </trkpt>
   <trkpt lat="46.009530000000005" lon="6.94256">
    <ele>1809.23</ele>
   </trkpt>
   <trkpt lat="46.009530000000005" lon="6.9427">
    <ele>1806.3600000000001</ele>
   </trkpt>
   <trkpt lat="46.009510000000006" lon="6.94282">
    <ele>1804.24</ele>
   </trkpt>
   <trkpt lat="46.009310000000006" lon="6.94249">
    <ele>1796.61</ele>
   </trkpt>
   <trkpt lat="46.00911000000001" lon="6.942430000000001">
    <ele>1792.14</ele>
   </trkpt>
   <trkpt lat="46.00898" lon="6.94223">
    <ele>1789.5500000000002</ele>
   </trkpt>
   <trkpt lat="46.00918" lon="6.943090000000001">
    <ele>1776.0600000000002</ele>
   </trkpt>
   <trkpt lat="46.00920000000001" lon="6.9439400000000004">
    <ele>1765.8500000000001</ele>
   </trkpt>
   <trkpt lat="46.009170000000005" lon="6.944000000000001">
    <ele>1764.8300000000002</ele>
   </trkpt>
   <trkpt lat="46.00911000000001" lon="6.944020000000001">
    <ele>1761.43</ele>
   </trkpt>
   <trkpt lat="46.00902000000001" lon="6.94397">
    <ele>1760.3400000000001</ele>
   </trkpt>
   <trkpt lat="46.00887" lon="6.943840000000001">
    <ele>1757.65</ele>
   </trkpt>
   <trkpt lat="46.008790000000005" lon="6.943670000000001">
    <ele>1754.89</ele>
   </trkpt>
   <trkpt lat="46.008500000000005" lon="6.94338">
    <ele>1747.21</ele>
   </trkpt>
   <trkpt lat="46.008480000000006" lon="6.9434000000000005">
    <ele>1747.21</ele>
   </trkpt>
   <trkpt lat="46.008340000000004" lon="6.9434000000000005">
    <ele>1744.79</ele>
   </trkpt>
   <trkpt lat="46.00831" lon="6.943480000000001">
    <ele>1744.79</ele>
   </trkpt>
   <trkpt lat="46.00833" lon="6.943630000000001">
    <ele>1742.6100000000001</ele>
   </trkpt>
   <trkpt lat="46.008320000000005" lon="6.94404">
    <ele>1738.2400000000002</ele>
   </trkpt>
   <trkpt lat="46.008300000000006" lon="6.94406">
    <ele>1738.2400000000002</ele>
   </trkpt>
   <trkpt lat="46.00826000000001" lon="6.94406">
    <ele>1736.5700000000002</ele>
   </trkpt>
   <trkpt lat="46.00813" lon="6.943960000000001">
    <ele>1733.89</ele>
   </trkpt>
   <trkpt lat="46.00809" lon="6.9439">
    <ele>1731.8000000000002</ele>
   </trkpt>
   <trkpt lat="46.008030000000005" lon="6.94373">
    <ele>1726.9200000000003</ele>
   </trkpt>
   <trkpt lat="46.008" lon="6.94369">
    <ele>1726.9200000000003</ele>
   </trkpt>
   <trkpt lat="46.00795" lon="6.943740000000001">
    <ele>1725.71</ele>
   </trkpt>
   <trkpt lat="46.007920000000006" lon="6.94383">
    <ele>1724.5800000000002</ele>
   </trkpt>
   <trkpt lat="46.00789" lon="6.944020000000001">
    <ele>1721.68</ele>
   </trkpt>
   <trkpt lat="46.0078" lon="6.9443600000000005">
    <ele>1716.46</ele>
   </trkpt>
   <trkpt lat="46.007720000000006" lon="6.944380000000001">
    <ele>1714.77</ele>
   </trkpt>
   <trkpt lat="46.007560000000005" lon="6.944520000000001">
    <ele>1710.4</ele>
   </trkpt>
   <trkpt lat="46.00732000000001" lon="6.94465">
    <ele>1706.4</ele>
   </trkpt>
   <trkpt lat="46.00712" lon="6.944640000000001">
    <ele>1702.29</ele>
   </trkpt>
   <trkpt lat="46.007070000000006" lon="6.944560000000001">
    <ele>1698.67</ele>
   </trkpt>
   <trkpt lat="46.00699" lon="6.944330000000001">
    <ele>1694.8100000000002</ele>
   </trkpt>
   <trkpt lat="46.00694000000001" lon="6.94411">
    <ele>1691.8300000000002</ele>
   </trkpt>
   <trkpt lat="46.00695" lon="6.943930000000001">
    <ele>1689.75</ele>
   </trkpt>
   <trkpt lat="46.00704" lon="6.943770000000001">
    <ele>1688.19</ele>
   </trkpt>
   <trkpt lat="46.00703" lon="6.943700000000001">
    <ele>1687.34</ele>
   </trkpt>
   <trkpt lat="46.00692" lon="6.94373">
    <ele>1683.6100000000001</ele>
   </trkpt>
   <trkpt lat="46.00676000000001" lon="6.943860000000001">
    <ele>1678.14</ele>
   </trkpt>
   <trkpt lat="46.00668" lon="6.94406">
    <ele>1672.95</ele>
   </trkpt>
   <trkpt lat="46.006600000000006" lon="6.944170000000001">
    <ele>1670.8700000000001</ele>
   </trkpt>
   <trkpt lat="46.0065" lon="6.944120000000001">
    <ele>1669.9800000000002</ele>
   </trkpt>
   <trkpt lat="46.00641" lon="6.944030000000001">
    <ele>1667.5300000000002</ele>
   </trkpt>
   <trkpt lat="46.00632" lon="6.94397">
    <ele>1664.9900000000002</ele>
   </trkpt>
   <trkpt lat="46.006260000000005" lon="6.944050000000001">
    <ele>1663.41</ele>
   </trkpt>
   <trkpt lat="46.006260000000005" lon="6.94418">
    <ele>1662.71</ele>
   </trkpt>
   <trkpt lat="46.00643" lon="6.9444300000000005">
    <ele>1657.38</ele>
   </trkpt>
   <trkpt lat="46.00645" lon="6.944660000000001">
    <ele>1657.38</ele>
   </trkpt>
   <trkpt lat="46.006460000000004" lon="6.945150000000001">
    <ele>1651.3000000000002</ele>
   </trkpt>
   <trkpt lat="46.00638000000001" lon="6.945290000000001">
    <ele>1648.53</ele>
   </trkpt>
   <trkpt lat="46.00632" lon="6.94526">
    <ele>1645.41</ele>
   </trkpt>
   <trkpt lat="46.006170000000004" lon="6.94495">
    <ele>1640.8</ele>
   </trkpt>
   <trkpt lat="46.00612" lon="6.94507">
    <ele>1639.3300000000002</ele>
   </trkpt>
   <trkpt lat="46.00614" lon="6.9455100000000005">
    <ele>1634.1200000000001</ele>
   </trkpt>
   <trkpt lat="46.00627" lon="6.945970000000001">
    <ele>1629.8700000000001</ele>
   </trkpt>
   <trkpt lat="46.00629000000001" lon="6.946140000000001">
    <ele>1620.51</ele>
   </trkpt>
   <trkpt lat="46.0061" lon="6.946110000000001">
    <ele>1618.0700000000002</ele>
   </trkpt>
   <trkpt lat="46.00596" lon="6.94589">
    <ele>1612.0</ele>
   </trkpt>
   <trkpt lat="46.00578" lon="6.94568">
    <ele>1606.3200000000002</ele>
   </trkpt>
   <trkpt lat="46.00556" lon="6.94519">
    <ele>1599.2700000000002</ele>
   </trkpt>
   <trkpt lat="46.005520000000004" lon="6.94528">
    <ele>1597.0700000000002</ele>
   </trkpt>
   <trkpt lat="46.005500000000005" lon="6.94552">
    <ele>1592.57</ele>
   </trkpt>
   <trkpt lat="46.00556" lon="6.9458">
    <ele>1589.63</ele>
   </trkpt>
   <trkpt lat="46.00551" lon="6.945970000000001">
    <ele>1585.13</ele>
   </trkpt>
   <trkpt lat="46.0056" lon="6.946440000000001">
    <ele>1576.2500000000002</ele>
   </trkpt>
   <trkpt lat="46.005610000000004" lon="6.946700000000001">
    <ele>1572.68</ele>
   </trkpt>
   <trkpt lat="46.00603000069974" lon="6.947029997671179">
    <ele>1558.0</ele>
   </trkpt>
   <trkpt lat="46.00645" lon="6.947360000000001">
    <ele>1547.5800000000002</ele>
   </trkpt>
   <trkpt lat="46.00656" lon="6.947470000000001">
    <ele>1544.15</ele>
   </trkpt>
   <trkpt lat="46.00652" lon="6.947540000000001">
    <ele>1544.15</ele>
   </trkpt>
   <trkpt lat="46.00639" lon="6.947550000000001">
    <ele>1537.92</ele>
   </trkpt>
   <trkpt lat="46.006370000000004" lon="6.947620000000001">
    <ele>1537.92</ele>
   </trkpt>
   <trkpt lat="46.006510000000006" lon="6.947780000000001">
    <ele>1533.29</ele>
   </trkpt>
   <trkpt lat="46.006460000000004" lon="6.947870000000001">
    <ele>1531.0400000000002</ele>
   </trkpt>
   <trkpt lat="46.006190000000004" lon="6.94793">
    <ele>1525.3200000000002</ele>
   </trkpt>
   <trkpt lat="46.00578" lon="6.947730000000001">
    <ele>1520.5300000000002</ele>
   </trkpt>
   <trkpt lat="46.00554" lon="6.947680000000001">
    <ele>1517.65</ele>
   </trkpt>
   <trkpt lat="46.00529" lon="6.947730000000001">
    <ele>1510.45</ele>
   </trkpt>
   <trkpt lat="46.00508000000001" lon="6.9477">
    <ele>1507.2</ele>
   </trkpt>
   <trkpt lat="46.00486" lon="6.9476">
    <ele>1502.9800000000002</ele>
   </trkpt>
   <trkpt lat="46.00450000000001" lon="6.94725">
    <ele>1495.64</ele>
   </trkpt>
   <trkpt lat="46.00424" lon="6.946940000000001">
    <ele>1493.1000000000001</ele>
   </trkpt>
   <trkpt lat="46.003910000000005" lon="6.94643">
    <ele>1484.25</ele>
   </trkpt>
   <trkpt lat="46.00388" lon="6.946540000000001">
    <ele>1484.4400000000003</ele>
   </trkpt>
   <trkpt lat="46.003690000000006" lon="6.9468000000000005">
    <ele>1484.48</ele>
   </trkpt>
   <trkpt lat="46.00363" lon="6.94681">
    <ele>1484.48</ele>
   </trkpt>
   <trkpt lat="46.00356" lon="6.9467300000000005">
    <ele>1482.3000000000002</ele>
   </trkpt>
   <trkpt lat="46.003350000000005" lon="6.94634">
    <ele>1479.0800000000002</ele>
   </trkpt>
   <trkpt lat="46.003310000000006" lon="6.9462">
    <ele>1477.51</ele>
   </trkpt>
   <trkpt lat="46.002660000000006" lon="6.946670000000001">
    <ele>1477.8600000000001</ele>
   </trkpt>
   <trkpt lat="46.00249" lon="6.946280000000001">
    <ele>1472.0000000000002</ele>
   </trkpt>
   <trkpt lat="46.002280000000006" lon="6.94589">
    <ele>1468.6000000000001</ele>
   </trkpt>
   <trkpt lat="46.001960000000004" lon="6.946280000000001">
    <ele>1470.76</ele>
   </trkpt>
   <trkpt lat="46.001720000000006" lon="6.94669">
    <ele>1473.63</ele>
   </trkpt>
   <trkpt lat="46.00173" lon="6.946930000000001">
    <ele>1474.97</ele>
   </trkpt>
   <trkpt lat="46.00124" lon="6.9477">
    <ele>1477.06</ele>
   </trkpt>
   <trkpt lat="46.00101" lon="6.948">
    <ele>1478.0700000000002</ele>
   </trkpt>
   <trkpt lat="46.00068" lon="6.948860000000001">
    <ele>1479.48</ele>
   </trkpt>
   <trkpt lat="46.000550000000004" lon="6.949020000000001">
    <ele>1478.8400000000001</ele>
   </trkpt>
   <trkpt lat="46.0005" lon="6.949050000000001">
    <ele>1478.8400000000001</ele>
   </trkpt>
   <trkpt lat="46.0003" lon="6.949070000000001">
    <ele>1477.41</ele>
   </trkpt>
   <trkpt lat="46.00025" lon="6.949090000000001">
    <ele>1477.41</ele>
   </trkpt>
   <trkpt lat="46.00021" lon="6.949140000000001">
    <ele>1476.7700000000002</ele>
   </trkpt>
   <trkpt lat="46.00014" lon="6.949380000000001">
    <ele>1476.6100000000001</ele>
   </trkpt>
   <trkpt lat="45.999950000000005" lon="6.9497100000000005">
    <ele>1476.5300000000002</ele>
   </trkpt>
   <trkpt lat="45.999790000000004" lon="6.9497800000000005">
    <ele>1475.14</ele>
   </trkpt>
   <trkpt lat="45.99965" lon="6.949750000000001">
    <ele>1474.66</ele>
   </trkpt>
   <trkpt lat="45.99954" lon="6.9497100000000005">
    <ele>1474.5400000000002</ele>
   </trkpt>
   <trkpt lat="45.99949" lon="6.94953">
    <ele>1474.94</ele>
   </trkpt>
   <trkpt lat="45.99931" lon="6.949260000000001">
    <ele>1476.0000000000002</ele>
   </trkpt>
   <trkpt lat="45.99922" lon="6.949040000000001">
    <ele>1476.66</ele>
   </trkpt>
   <trkpt lat="45.99925" lon="6.94868">
    <ele>1477.77</ele>
   </trkpt>
   <trkpt lat="45.99916" lon="6.948160000000001">
    <ele>1482.25</ele>
   </trkpt>
   <trkpt lat="45.999010000000006" lon="6.94784">
    <ele>1484.5900000000001</ele>
   </trkpt>
   <trkpt lat="45.999010000000006" lon="6.94765">
    <ele>1486.4100000000003</ele>
   </trkpt>
   <trkpt lat="45.99855" lon="6.946700000000001">
    <ele>1492.1000000000001</ele>
   </trkpt>
   <trkpt lat="45.998200000000004" lon="6.9461200000000005">
    <ele>1496.2700000000002</ele>
   </trkpt>
   <trkpt lat="45.998160000000006" lon="6.9458400000000005">
    <ele>1498.01</ele>
   </trkpt>
   <trkpt lat="45.99799" lon="6.945220000000001">
    <ele>1501.97</ele>
   </trkpt>
   <trkpt lat="45.997640000000004" lon="6.944520000000001">
    <ele>1508.04</ele>
   </trkpt>
   <trkpt lat="45.997550000000004" lon="6.944240000000001">
    <ele>1509.7600000000002</ele>
   </trkpt>
   <trkpt lat="45.997350000000004" lon="6.94378">
    <ele>1511.8500000000001</ele>
   </trkpt>
   <trkpt lat="45.99700000000001" lon="6.943480000000001">
    <ele>1515.24</ele>
   </trkpt>
   <trkpt lat="45.99691000000001" lon="6.943270000000001">
    <ele>1516.93</ele>
   </trkpt>
   <trkpt lat="45.996430000000004" lon="6.942710000000001">
    <ele>1520.75</ele>
   </trkpt>
   <trkpt lat="45.99625" lon="6.94223">
    <ele>1518.52</ele>
   </trkpt>
   <trkpt lat="45.996190000000006" lon="6.941680000000001">
    <ele>1515.4</ele>
   </trkpt>
   <trkpt lat="45.99609" lon="6.94127">
    <ele>1511.9300000000003</ele>
   </trkpt>
   <trkpt lat="45.995850000000004" lon="6.9408900000000004">
    <ele>1508.3200000000002</ele>
   </trkpt>
   <trkpt lat="45.995670000000004" lon="6.9404200000000005">
    <ele>1504.07</ele>
   </trkpt>
   <trkpt lat="45.995340000000006" lon="6.93993">
    <ele>1497.6</ele>
   </trkpt>
   <trkpt lat="45.994710000000005" lon="6.9391300000000005">
    <ele>1489.3100000000002</ele>
   </trkpt>
   <trkpt lat="45.99466" lon="6.9389400000000006">
    <ele>1488.18</ele>
   </trkpt>
   <trkpt lat="45.99447000000001" lon="6.938650000000001">
    <ele>1485.78</ele>
   </trkpt>
   <trkpt lat="45.994460000000004" lon="6.938400000000001">
    <ele>1484.3300000000002</ele>
   </trkpt>
   <trkpt lat="45.994310000000006" lon="6.937930000000001">
    <ele>1478.7400000000002</ele>
   </trkpt>
   <trkpt lat="45.99374" lon="6.937030000000001">
    <ele>1468.01</ele>
   </trkpt>
   <trkpt lat="45.993365001266824" lon="6.936489996334123">
    <ele>1457.0400000000002</ele>
   </trkpt>
   <trkpt lat="45.992990000000006" lon="6.935950000000001">
    <ele>1441.2600000000002</ele>
   </trkpt>
   <trkpt lat="45.992580000000004" lon="6.93557">
    <ele>1427.2</ele>
   </trkpt>
   <trkpt lat="45.992230000000006" lon="6.93515">
    <ele>1419.24</ele>
   </trkpt>
   <trkpt lat="45.99206" lon="6.9351400000000005">
    <ele>1416.65</ele>
   </trkpt>
   <trkpt lat="45.991820000000004" lon="6.93503">
    <ele>1414.3500000000001</ele>
   </trkpt>
   <trkpt lat="45.99163" lon="6.935130000000001">
    <ele>1410.68</ele>
   </trkpt>
   <trkpt lat="45.991400000000006" lon="6.93512">
    <ele>1410.68</ele>
   </trkpt>
   <trkpt lat="45.99127000000001" lon="6.93503">
    <ele>1407.37</ele>
   </trkpt>
   <trkpt lat="45.990750000000006" lon="6.93437">
    <ele>1400.5900000000001</ele>
   </trkpt>
   <trkpt lat="45.99034" lon="6.934060000000001">
    <ele>1397.91</ele>
   </trkpt>
   <trkpt lat="45.990120000000005" lon="6.93374">
    <ele>1395.8400000000001</ele>
   </trkpt>
   <trkpt lat="45.98977000000001" lon="6.93336">
    <ele>1391.5600000000002</ele>
   </trkpt>
   <trkpt lat="45.989610000000006" lon="6.933230000000001">
    <ele>1390.5500000000002</ele>
   </trkpt>
   <trkpt lat="45.989470000000004" lon="6.933000000000001">
    <ele>1389.8000000000002</ele>
   </trkpt>
   <trkpt lat="45.98939" lon="6.932760000000001">
    <ele>1389.5300000000002</ele>
   </trkpt>
   <trkpt lat="45.98933" lon="6.93238">
    <ele>1388.68</ele>
   </trkpt>
   <trkpt lat="45.989250000000006" lon="6.932320000000001">
    <ele>1388.68</ele>
   </trkpt>
   <trkpt lat="45.98913" lon="6.93231">
    <ele>1388.5400000000002</ele>
   </trkpt>
   <trkpt lat="45.989020000000004" lon="6.93207">
    <ele>1387.15</ele>
   </trkpt>
   <trkpt lat="45.98888" lon="6.93191">
    <ele>1382.83</ele>
   </trkpt>
   <trkpt lat="45.988870000000006" lon="6.93184">
    <ele>1382.83</ele>
   </trkpt>
   <trkpt lat="45.988890000000005" lon="6.93177">
    <ele>1381.97</ele>
   </trkpt>
   <trkpt lat="45.98912000000001" lon="6.93123">
    <ele>1377.6100000000001</ele>
   </trkpt>
   <trkpt lat="45.989160000000005" lon="6.9309400000000005">
    <ele>1374.67</ele>
   </trkpt>
   <trkpt lat="45.989110000000004" lon="6.93078">
    <ele>1372.46</ele>
   </trkpt>
   <trkpt lat="45.98904" lon="6.930840000000001">
    <ele>1369.94</ele>
   </trkpt>
   <trkpt lat="45.98894000000001" lon="6.931010000000001">
    <ele>1366.6</ele>
   </trkpt>
   <trkpt lat="45.9889" lon="6.93102">
    <ele>1366.6</ele>
   </trkpt>
   <trkpt lat="45.988870000000006" lon="6.930980000000001">
    <ele>1366.6</ele>
   </trkpt>
   <trkpt lat="45.988850000000006" lon="6.930750000000001">
    <ele>1359.7100000000003</ele>
   </trkpt>
   <trkpt lat="45.988820000000004" lon="6.930720000000001">
    <ele>1359.7100000000003</ele>
   </trkpt>
   <trkpt lat="45.98877" lon="6.930740000000001">
    <ele>1358.68</ele>
   </trkpt>
   <trkpt lat="45.988620000000004" lon="6.931080000000001">
    <ele>1348.0400000000002</ele>
   </trkpt>
   <trkpt lat="45.98847000000001" lon="6.931240000000001">
    <ele>1345.6800000000003</ele>
   </trkpt>
   <trkpt lat="45.988310000000006" lon="6.93146">
    <ele>1341.2400000000002</ele>
   </trkpt>
   <trkpt lat="45.98821" lon="6.93156">
    <ele>1336.68</ele>
   </trkpt>
   <trkpt lat="45.98812" lon="6.9316">
    <ele>1335.6000000000001</ele>
   </trkpt>
   <trkpt lat="45.9881" lon="6.931570000000001">
    <ele>1334.6100000000001</ele>
   </trkpt>
   <trkpt lat="45.9881" lon="6.93151">
    <ele>1333.72</ele>
   </trkpt>
   <trkpt lat="45.98821" lon="6.931150000000001">
    <ele>1330.1100000000001</ele>
   </trkpt>
   <trkpt lat="45.988260000000004" lon="6.9309">
    <ele>1326.8300000000002</ele>
   </trkpt>
   <trkpt lat="45.98827000000001" lon="6.930350000000001">
    <ele>1318.3400000000001</ele>
   </trkpt>
   <trkpt lat="45.988240000000005" lon="6.9303300000000005">
    <ele>1314.14</ele>
   </trkpt>
   <trkpt lat="45.98819" lon="6.93034">
    <ele>1314.14</ele>
   </trkpt>
   <trkpt lat="45.98798" lon="6.93069">
    <ele>1304.78</ele>
   </trkpt>
   <trkpt lat="45.987820000000006" lon="6.930510000000001">
    <ele>1299.3600000000001</ele>
   </trkpt>
   <trkpt lat="45.98783" lon="6.930440000000001">
    <ele>1299.15</ele>
   </trkpt>
   <trkpt lat="45.98787" lon="6.930350000000001">
    <ele>1298.64</ele>
   </trkpt>
   <trkpt lat="45.987970000000004" lon="6.929990000000001">
    <ele>1298.17</ele>
   </trkpt>
   <trkpt lat="45.98814" lon="6.9297">
    <ele>1296.5900000000001</ele>
   </trkpt>
   <trkpt lat="45.9883" lon="6.929290000000001">
    <ele>1292.92</ele>
   </trkpt>
   <trkpt lat="45.98796" lon="6.92942">
    <ele>1289.53</ele>
   </trkpt>
   <trkpt lat="45.987320000000004" lon="6.929600000000001">
    <ele>1285.2400000000002</ele>
   </trkpt>
   <trkpt lat="45.987080000000006" lon="6.92973">
    <ele>1283.0100000000002</ele>
   </trkpt>
   <trkpt lat="45.98691" lon="6.92977">
    <ele>1281.53</ele>
   </trkpt>
   <trkpt lat="45.98649" lon="6.929670000000001">
    <ele>1279.3400000000001</ele>
   </trkpt>
   <trkpt lat="45.98617" lon="6.92966">
    <ele>1278.39</ele>
   </trkpt>
   <trkpt lat="45.985890000000005" lon="6.9295800000000005">
    <ele>1275.88</ele>
   </trkpt>
   <trkpt lat="45.985580000000006" lon="6.929600000000001">
    <ele>1273.21</ele>
   </trkpt>
   <trkpt lat="45.985400000000006" lon="6.929530000000001">
    <ele>1271.41</ele>
   </trkpt>
   <trkpt lat="45.98508" lon="6.92928">
    <ele>1270.0</ele>
   </trkpt>
   <trkpt lat="45.98501" lon="6.92921">
    <ele>1270.0</ele>
   </trkpt>
   <trkpt lat="45.98489000000001" lon="6.929030000000001">
    <ele>1268.39</ele>
   </trkpt>
   <trkpt lat="45.984840000000005" lon="6.929010000000001">
    <ele>1268.39</ele>
   </trkpt>
   <trkpt lat="45.984640000000006" lon="6.92905">
    <ele>1267.43</ele>
   </trkpt>
   <trkpt lat="45.98442000000001" lon="6.929170000000001">
    <ele>1265.71</ele>
   </trkpt>
   <trkpt lat="45.98429" lon="6.92928">
    <ele>1264.95</ele>
   </trkpt>
   <trkpt lat="45.984190000000005" lon="6.92919">
    <ele>1264.8300000000002</ele>
   </trkpt>
   <trkpt lat="45.984140000000004" lon="6.9290400000000005">
    <ele>1264.71</ele>
   </trkpt>
   <trkpt lat="45.984120000000004" lon="6.92879">
    <ele>1263.56</ele>
   </trkpt>
   <trkpt lat="45.98413" lon="6.927510000000001">
    <ele>1261.44</ele>
   </trkpt>
   <trkpt lat="45.98406000000001" lon="6.927250000000001">
    <ele>1261.27</ele>
   </trkpt>
   <trkpt lat="45.98386000000001" lon="6.926730000000001">
    <ele>1257.2</ele>
   </trkpt>
   <trkpt lat="45.983520000000006" lon="6.926590000000001">
    <ele>1255.7500000000002</ele>
   </trkpt>
   <trkpt lat="45.98358" lon="6.926340000000001">
    <ele>1257.44</ele>
   </trkpt>
   <trkpt lat="45.983540000000005" lon="6.926260000000001">
    <ele>1260.75</ele>
   </trkpt>
   <trkpt lat="45.9834" lon="6.926190000000001">
    <ele>1262.01</ele>
   </trkpt>
   <trkpt lat="45.98342" lon="6.92597">
    <ele>1263.8100000000002</ele>
   </trkpt>
   <trkpt lat="45.9834" lon="6.925840000000001">
    <ele>1265.16</ele>
   </trkpt>
   <trkpt lat="45.98330000000001" lon="6.925660000000001">
    <ele>1268.67</ele>
   </trkpt>
   <trkpt lat="45.98302" lon="6.925520000000001">
    <ele>1277.5400000000002</ele>
   </trkpt>
   <trkpt lat="45.98301000000001" lon="6.925420000000001">
    <ele>1278.49</ele>
   </trkpt>
   <trkpt lat="45.982910000000004" lon="6.925230000000001">
    <ele>1281.43</ele>
   </trkpt>
   <trkpt lat="45.98281" lon="6.92515">
    <ele>1283.19</ele>
   </trkpt>
   <trkpt lat="45.98274000000001" lon="6.9250300000000005">
    <ele>1284.5700000000002</ele>
   </trkpt>
   <trkpt lat="45.98266" lon="6.92475">
    <ele>1288.5900000000001</ele>
   </trkpt>
   <trkpt lat="45.982470000000006" lon="6.92433">
    <ele>1295.15</ele>
   </trkpt>
   <trkpt lat="45.98207" lon="6.923330000000001">
    <ele>1314.18</ele>
   </trkpt>
   <trkpt lat="45.98171000000001" lon="6.922700000000001">
    <ele>1325.21</ele>
   </trkpt>
   <trkpt lat="45.9816" lon="6.9224000000000006">
    <ele>1328.33</ele>
   </trkpt>
   <trkpt lat="45.981440000000006" lon="6.922210000000001">
    <ele>1331.19</ele>
   </trkpt>
   <trkpt lat="45.98138" lon="6.92208">
    <ele>1333.99</ele>
   </trkpt>
   <trkpt lat="45.98091" lon="6.921310000000001">
    <ele>1348.69</ele>
   </trkpt>
   <trkpt lat="45.98077000000001" lon="6.92105">
    <ele>1352.57</ele>
   </trkpt>
   <trkpt lat="45.9804" lon="6.9206">
    <ele>1361.2900000000002</ele>
   </trkpt>
   <trkpt lat="45.980230000000006" lon="6.9204300000000005">
    <ele>1364.6299999999999</ele>
   </trkpt>
   <trkpt lat="45.98004" lon="6.92032">
    <ele>1368.6299999999999</ele>
   </trkpt>
   <trkpt lat="45.97992000000001" lon="6.920190000000001">
    <ele>1372.6200000000001</ele>
   </trkpt>
   <trkpt lat="45.979850000000006" lon="6.91987">
    <ele>1376.89</ele>
   </trkpt>
   <trkpt lat="45.97955500125908" lon="6.91934499730456">
    <ele>1386.3100000000002</ele>
   </trkpt>
   <trkpt lat="45.979260000000004" lon="6.91882">
    <ele>1394.3700000000001</ele>
   </trkpt>
   <trkpt lat="45.97883" lon="6.918270000000001">
    <ele>1405.18</ele>
   </trkpt>
   <trkpt lat="45.97876" lon="6.918">
    <ele>1410.42</ele>
   </trkpt>
   <trkpt lat="45.978640000000006" lon="6.91776">
    <ele>1413.73</ele>
   </trkpt>
   <trkpt lat="45.978440000000006" lon="6.917470000000001">
    <ele>1420.3500000000001</ele>
   </trkpt>
   <trkpt lat="45.97842000000001" lon="6.91682">
    <ele>1426.15</ele>
   </trkpt>
   <trkpt lat="45.97814" lon="6.91647">
    <ele>1436.1000000000001</ele>
   </trkpt>
   <trkpt lat="45.978030000000004" lon="6.915990000000001">
    <ele>1444.4</ele>
   </trkpt>
   <trkpt lat="45.97804000000001" lon="6.91572">
    <ele>1446.15</ele>
   </trkpt>
   <trkpt lat="45.978190000000005" lon="6.91551">
    <ele>1450.16</ele>
   </trkpt>
   <trkpt lat="45.9782" lon="6.91542">
    <ele>1453.84</ele>
   </trkpt>
   <trkpt lat="45.978170000000006" lon="6.915100000000001">
    <ele>1456.1000000000001</ele>
   </trkpt>
   <trkpt lat="45.978080000000006" lon="6.91492">
    <ele>1458.66</ele>
   </trkpt>
   <trkpt lat="45.978010000000005" lon="6.914680000000001">
    <ele>1462.46</ele>
   </trkpt>
   <trkpt lat="45.9778" lon="6.9141200000000005">
    <ele>1467.5300000000002</ele>
   </trkpt>
   <trkpt lat="45.97755" lon="6.91359">
    <ele>1473.3100000000002</ele>
   </trkpt>
   <trkpt lat="45.97742" lon="6.91321">
    <ele>1475.3100000000002</ele>
   </trkpt>
   <trkpt lat="45.97724" lon="6.913010000000001">
    <ele>1479.72</ele>
   </trkpt>
   <trkpt lat="45.97710000000001" lon="6.9127600000000005">
    <ele>1482.1000000000001</ele>
   </trkpt>
   <trkpt lat="45.976940000000006" lon="6.912420000000001">
    <ele>1488.3000000000002</ele>
   </trkpt>
   <trkpt lat="45.976850000000006" lon="6.912310000000001">
    <ele>1490.79</ele>
   </trkpt>
   <trkpt lat="45.976760000000006" lon="6.91197">
    <ele>1494.97</ele>
   </trkpt>
   <trkpt lat="45.976490000000005" lon="6.91152">
    <ele>1505.44</ele>
   </trkpt>
   <trkpt lat="45.97634" lon="6.91152">
    <ele>1510.5000000000002</ele>
   </trkpt>
   <trkpt lat="45.97626" lon="6.911480000000001">
    <ele>1510.5000000000002</ele>
   </trkpt>
   <trkpt lat="45.97621" lon="6.911420000000001">
    <ele>1512.69</ele>
   </trkpt>
   <trkpt lat="45.976150000000004" lon="6.91138">
    <ele>1513.42</ele>
   </trkpt>
   <trkpt lat="45.97608" lon="6.91129">
    <ele>1514.0800000000002</ele>
   </trkpt>
   <trkpt lat="45.97607000000001" lon="6.910990000000001">
    <ele>1516.67</ele>
   </trkpt>
   <trkpt lat="45.97601" lon="6.9107400000000005">
    <ele>1520.1100000000001</ele>
   </trkpt>
   <trkpt lat="45.9759" lon="6.91061">
    <ele>1520.91</ele>
   </trkpt>
   <trkpt lat="45.97571000000001" lon="6.91054">
    <ele>1522.1000000000001</ele>
   </trkpt>
   <trkpt lat="45.975570000000005" lon="6.910310000000001">
    <ele>1521.8500000000001</ele>
   </trkpt>
   <trkpt lat="45.975390000000004" lon="6.910150000000001">
    <ele>1521.3600000000001</ele>
   </trkpt>
   <trkpt lat="45.97525" lon="6.9101300000000005">
    <ele>1521.3600000000001</ele>
   </trkpt>
   <trkpt lat="45.974920000000004" lon="6.909680000000001">
    <ele>1521.3200000000002</ele>
   </trkpt>
   <trkpt lat="45.97457000000001" lon="6.909630000000001">
    <ele>1519.0400000000002</ele>
   </trkpt>
   <trkpt lat="45.974450000000004" lon="6.909540000000001">
    <ele>1518.92</ele>
   </trkpt>
   <trkpt lat="45.97433" lon="6.90927">
    <ele>1518.4</ele>
   </trkpt>
   <trkpt lat="45.9742" lon="6.90908">
    <ele>1518.3500000000001</ele>
   </trkpt>
   <trkpt lat="45.97404" lon="6.909070000000001">
    <ele>1518.7100000000003</ele>
   </trkpt>
   <trkpt lat="45.973960000000005" lon="6.909040000000001">
    <ele>1518.78</ele>
   </trkpt>
   <trkpt lat="45.97393" lon="6.9089100000000006">
    <ele>1518.99</ele>
   </trkpt>
   <trkpt lat="45.973650000000006" lon="6.908580000000001">
    <ele>1523.0800000000002</ele>
   </trkpt>
   <trkpt lat="45.97359" lon="6.9084">
    <ele>1523.0800000000002</ele>
   </trkpt>
   <trkpt lat="45.973220000000005" lon="6.907960000000001">
    <ele>1520.5400000000002</ele>
   </trkpt>
   <trkpt lat="45.973110000000005" lon="6.90779">
    <ele>1521.09</ele>
   </trkpt>
   <trkpt lat="45.97299" lon="6.907710000000001">
    <ele>1522.5700000000002</ele>
   </trkpt>
   <trkpt lat="45.972770000000004" lon="6.90749">
    <ele>1525.6900000000003</ele>
   </trkpt>
   <trkpt lat="45.972620000000006" lon="6.907470000000001">
    <ele>1525.41</ele>
   </trkpt>
   <trkpt lat="45.97249" lon="6.907220000000001">
    <ele>1525.22</ele>
   </trkpt>
   <trkpt lat="45.972390000000004" lon="6.907150000000001">
    <ele>1525.39</ele>
   </trkpt>
   <trkpt lat="45.972210000000004" lon="6.90706">
    <ele>1525.95</ele>
   </trkpt>
   <trkpt lat="45.97214" lon="6.906930000000001">
    <ele>1527.3300000000002</ele>
   </trkpt>
   <trkpt lat="45.97213000000001" lon="6.906630000000001">
    <ele>1527.8100000000002</ele>
   </trkpt>
   <trkpt lat="45.97205" lon="6.90624">
    <ele>1526.0800000000002</ele>
   </trkpt>
   <trkpt lat="45.971900000000005" lon="6.90615">
    <ele>1528.3200000000002</ele>
   </trkpt>
   <trkpt lat="45.97182" lon="6.906160000000001">
    <ele>1530.4</ele>
   </trkpt>
   <trkpt lat="45.97175000000001" lon="6.906230000000001">
    <ele>1531.5</ele>
   </trkpt>
   <trkpt lat="45.971680000000006" lon="6.906200000000001">
    <ele>1531.71</ele>
   </trkpt>
   <trkpt lat="45.971520000000005" lon="6.906300000000001">
    <ele>1532.49</ele>
   </trkpt>
   <trkpt lat="45.97139000000001" lon="6.9061900000000005">
    <ele>1536.73</ele>
   </trkpt>
   <trkpt lat="45.97124" lon="6.90589">
    <ele>1540.18</ele>
   </trkpt>
   <trkpt lat="45.9712" lon="6.9057">
    <ele>1541.7900000000002</ele>
   </trkpt>
   <trkpt lat="45.9709" lon="6.9053">
    <ele>1551.5</ele>
   </trkpt>
   <trkpt lat="45.970600000000005" lon="6.9048300000000005">
    <ele>1555.6000000000001</ele>
   </trkpt>
   <trkpt lat="45.97048" lon="6.904800000000001">
    <ele>1556.51</ele>
   </trkpt>
   <trkpt lat="45.970420000000004" lon="6.904660000000001">
    <ele>1558.07</ele>
   </trkpt>
   <trkpt lat="45.970330000000004" lon="6.90462">
    <ele>1558.5700000000002</ele>
   </trkpt>
   <trkpt lat="45.969950000000004" lon="6.904170000000001">
    <ele>1561.86</ele>
   </trkpt>
   <trkpt lat="45.9699" lon="6.903880000000001">
    <ele>1564.1</ele>
   </trkpt>
   <trkpt lat="45.96978000000001" lon="6.903880000000001">
    <ele>1564.1</ele>
   </trkpt>
   <trkpt lat="45.96938" lon="6.90329">
    <ele>1570.68</ele>
   </trkpt>
   <trkpt lat="45.968970000000006" lon="6.902870000000001">
    <ele>1577.0000000000002</ele>
   </trkpt>
   <trkpt lat="45.968650000000004" lon="6.90261">
    <ele>1580.4</ele>
   </trkpt>
   <trkpt lat="45.9682650007476" lon="6.9021999971657655">
    <ele>1582.5900000000001</ele>
   </trkpt>
   <trkpt lat="45.96788" lon="6.901790000000001">
    <ele>1583.74</ele>
   </trkpt>
   <trkpt lat="45.967650000000006" lon="6.901610000000001">
    <ele>1582.17</ele>
   </trkpt>
   <trkpt lat="45.96734000000001" lon="6.90148">
    <ele>1580.2600000000002</ele>
   </trkpt>
   <trkpt lat="45.96726" lon="6.901370000000001">
    <ele>1580.0400000000002</ele>
   </trkpt>
   <trkpt lat="45.967150000000004" lon="6.90129">
    <ele>1581.0400000000002</ele>
   </trkpt>
   <trkpt lat="45.96705" lon="6.901180000000001">
    <ele>1583.05</ele>
   </trkpt>
   <trkpt lat="45.96681" lon="6.901120000000001">
    <ele>1584.15</ele>
   </trkpt>
   <trkpt lat="45.96669000000001" lon="6.901050000000001">
    <ele>1583.94</ele>
   </trkpt>
   <trkpt lat="45.966460000000005" lon="6.90085">
    <ele>1583.65</ele>
   </trkpt>
   <trkpt lat="45.966370000000005" lon="6.900760000000001">
    <ele>1586.1600000000003</ele>
   </trkpt>
   <trkpt lat="45.96632" lon="6.90059">
    <ele>1587.2100000000003</ele>
   </trkpt>
   <trkpt lat="45.96627" lon="6.900530000000001">
    <ele>1591.74</ele>
   </trkpt>
   <trkpt lat="45.96627" lon="6.90045">
    <ele>1591.74</ele>
   </trkpt>
   <trkpt lat="45.96631000000001" lon="6.9004">
    <ele>1591.74</ele>
   </trkpt>
   <trkpt lat="45.96643" lon="6.900370000000001">
    <ele>1598.89</ele>
   </trkpt>
   <trkpt lat="45.96636" lon="6.900200000000001">
    <ele>1601.3400000000001</ele>
   </trkpt>
   <trkpt lat="45.966280000000005" lon="6.9000900000000005">
    <ele>1601.3400000000001</ele>
   </trkpt>
   <trkpt lat="45.966280000000005" lon="6.899830000000001">
    <ele>1608.93</ele>
   </trkpt>
   <trkpt lat="45.966080000000005" lon="6.89932">
    <ele>1617.5000000000002</ele>
   </trkpt>
   <trkpt lat="45.96575000000001" lon="6.8986600000000005">
    <ele>1630.18</ele>
   </trkpt>
   <trkpt lat="45.96567" lon="6.898460000000001">
    <ele>1633.8600000000001</ele>
   </trkpt>
   <trkpt lat="45.96566000000001" lon="6.898390000000001">
    <ele>1633.8600000000001</ele>
   </trkpt>
   <trkpt lat="45.96571" lon="6.898370000000001">
    <ele>1637.6100000000001</ele>
   </trkpt>
   <trkpt lat="45.965770000000006" lon="6.898420000000001">
    <ele>1637.6100000000001</ele>
   </trkpt>
   <trkpt lat="45.96582" lon="6.89843">
    <ele>1640.3</ele>
   </trkpt>
   <trkpt lat="45.965860000000006" lon="6.898390000000001">
    <ele>1643.24</ele>
   </trkpt>
   <trkpt lat="45.96587" lon="6.898280000000001">
    <ele>1644.6600000000003</ele>
   </trkpt>
   <trkpt lat="45.96585" lon="6.898130000000001">
    <ele>1646.98</ele>
   </trkpt>
   <trkpt lat="45.96555" lon="6.897880000000001">
    <ele>1653.1000000000001</ele>
   </trkpt>
   <trkpt lat="45.965450000000004" lon="6.897760000000001">
    <ele>1655.25</ele>
   </trkpt>
   <trkpt lat="45.96546000000001" lon="6.897690000000001">
    <ele>1658.71</ele>
   </trkpt>
   <trkpt lat="45.96558" lon="6.89766">
    <ele>1658.71</ele>
   </trkpt>
   <trkpt lat="45.965590000000006" lon="6.897620000000001">
    <ele>1663.25</ele>
   </trkpt>
   <trkpt lat="45.96551" lon="6.897450000000001">
    <ele>1664.44</ele>
   </trkpt>
   <trkpt lat="45.965520000000005" lon="6.8974">
    <ele>1664.44</ele>
   </trkpt>
   <trkpt lat="45.965610000000005" lon="6.897380000000001">
    <ele>1668.14</ele>
   </trkpt>
   <trkpt lat="45.965630000000004" lon="6.89735">
    <ele>1669.0</ele>
   </trkpt>
   <trkpt lat="45.96578" lon="6.897410000000001">
    <ele>1673.6200000000001</ele>
   </trkpt>
   <trkpt lat="45.96604000000001" lon="6.897360000000001">
    <ele>1678.2500000000002</ele>
   </trkpt>
   <trkpt lat="45.966120000000004" lon="6.897410000000001">
    <ele>1678.2500000000002</ele>
   </trkpt>
   <trkpt lat="45.96613000000001" lon="6.89733">
    <ele>1696.1800000000003</ele>
   </trkpt>
   <trkpt lat="45.96622000000001" lon="6.8973700000000004">
    <ele>1696.1800000000003</ele>
   </trkpt>
   <trkpt lat="45.96622000000001" lon="6.89728">
    <ele>1696.1800000000003</ele>
   </trkpt>
   <trkpt lat="45.96632" lon="6.8971100000000005">
    <ele>1697.66</ele>
   </trkpt>
   <trkpt lat="45.96631000000001" lon="6.897030000000001">
    <ele>1701.81</ele>
   </trkpt>
   <trkpt lat="45.96618" lon="6.896920000000001">
    <ele>1705.3200000000002</ele>
   </trkpt>
   <trkpt lat="45.96607" lon="6.89662">
    <ele>1707.14</ele>
   </trkpt>
   <trkpt lat="45.96598" lon="6.896310000000001">
    <ele>1708.2</ele>
   </trkpt>
   <trkpt lat="45.96587" lon="6.89608">
    <ele>1710.08</ele>
   </trkpt>
   <trkpt lat="45.9658" lon="6.895880000000001">
    <ele>1711.41</ele>
   </trkpt>
   <trkpt lat="45.96566000000001" lon="6.8958">
    <ele>1715.1900000000003</ele>
   </trkpt>
   <trkpt lat="45.96544" lon="6.895510000000001">
    <ele>1719.51</ele>
   </trkpt>
   <trkpt lat="45.96529" lon="6.89517">
    <ele>1726.0300000000002</ele>
   </trkpt>
   <trkpt lat="45.965250000000005" lon="6.89498">
    <ele>1730.45</ele>
   </trkpt>
   <trkpt lat="45.965160000000004" lon="6.894900000000001">
    <ele>1730.45</ele>
   </trkpt>
   <trkpt lat="45.96508" lon="6.894880000000001">
    <ele>1734.5400000000002</ele>
   </trkpt>
   <trkpt lat="45.965070000000004" lon="6.89477">
    <ele>1734.5400000000002</ele>
   </trkpt>
   <trkpt lat="45.96501000000001" lon="6.894760000000001">
    <ele>1734.5400000000002</ele>
   </trkpt>
   <trkpt lat="45.96499" lon="6.89472">
    <ele>1734.5400000000002</ele>
   </trkpt>
   <trkpt lat="45.965050000000005" lon="6.89463">
    <ele>1740.91</ele>
   </trkpt>
   <trkpt lat="45.965" lon="6.89456">
    <ele>1740.91</ele>
   </trkpt>
   <trkpt lat="45.964920000000006" lon="6.894520000000001">
    <ele>1740.91</ele>
   </trkpt>
   <trkpt lat="45.964890000000004" lon="6.894400000000001">
    <ele>1747.03</ele>
   </trkpt>
   <trkpt lat="45.964830000000006" lon="6.894270000000001">
    <ele>1747.98</ele>
   </trkpt>
   <trkpt lat="45.96482" lon="6.89416">
    <ele>1749.6</ele>
   </trkpt>
   <trkpt lat="45.9647" lon="6.89383">
    <ele>1752.97</ele>
   </trkpt>
   <trkpt lat="45.96445000000001" lon="6.893420000000001">
    <ele>1755.63</ele>
   </trkpt>
   <trkpt lat="45.96441" lon="6.8933800000000005">
    <ele>1757.3</ele>
   </trkpt>
   <trkpt lat="45.96435" lon="6.893000000000001">
    <ele>1763.68</ele>
   </trkpt>
   <trkpt lat="45.9643" lon="6.892130000000001">
    <ele>1775.21</ele>
   </trkpt>
   <trkpt lat="45.96405" lon="6.89099">
    <ele>1789.4800000000002</ele>
   </trkpt>
   <trkpt lat="45.96403" lon="6.89031">
    <ele>1802.79</ele>
   </trkpt>
   <trkpt lat="45.96396000000001" lon="6.88975">
    <ele>1809.8500000000001</ele>
   </trkpt>
   <trkpt lat="45.96383" lon="6.88954">
    <ele>1812.54</ele>
   </trkpt>
   <trkpt lat="45.96356" lon="6.889460000000001">
    <ele>1820.17</ele>
   </trkpt>
   <trkpt lat="45.96343" lon="6.88919">
    <ele>1826.04</ele>
   </trkpt>
   <trkpt lat="45.96332" lon="6.88876">
    <ele>1833.77</ele>
   </trkpt>
   <trkpt lat="45.962830000000004" lon="6.887790000000001">
    <ele>1844.44</ele>
   </trkpt>
   <trkpt lat="45.962770000000006" lon="6.8877500000000005">
    <ele>1846.7600000000002</ele>
   </trkpt>
   <trkpt lat="45.962720000000004" lon="6.887740000000001">
    <ele>1846.7600000000002</ele>
   </trkpt>
   <trkpt lat="45.962590000000006" lon="6.88778">
    <ele>1847.42</ele>
   </trkpt>
   <trkpt lat="45.9624" lon="6.8878200000000005">
    <ele>1848.5300000000002</ele>
   </trkpt>
   <trkpt lat="45.96224" lon="6.887760000000001">
    <ele>1850.2800000000002</ele>
   </trkpt>
   <trkpt lat="45.96215" lon="6.887700000000001">
    <ele>1853.3300000000002</ele>
   </trkpt>
   <trkpt lat="45.962070000000004" lon="6.8876100000000005">
    <ele>1853.3300000000002</ele>
   </trkpt>
   <trkpt lat="45.96193" lon="6.887020000000001">
    <ele>1864.0200000000002</ele>
   </trkpt>
   <trkpt lat="45.96191" lon="6.88668">
    <ele>1871.49</ele>
   </trkpt>
   <trkpt lat="45.96193" lon="6.88637">
    <ele>1874.8000000000002</ele>
   </trkpt>
   <trkpt lat="45.961960000000005" lon="6.8863">
    <ele>1875.8600000000001</ele>
   </trkpt>
   <trkpt lat="45.961940000000006" lon="6.886260000000001">
    <ele>1877.7800000000002</ele>
   </trkpt>
   <trkpt lat="45.96191" lon="6.88625">
    <ele>1877.7800000000002</ele>
   </trkpt>
   <trkpt lat="45.961830000000006" lon="6.886290000000001">
    <ele>1879.96</ele>
   </trkpt>
   <trkpt lat="45.96143000000001" lon="6.8867400000000005">
    <ele>1886.03</ele>
   </trkpt>
   <trkpt lat="45.96123" lon="6.88684">
    <ele>1887.64</ele>
   </trkpt>
   <trkpt lat="45.961110000000005" lon="6.886880000000001">
    <ele>1888.38</ele>
   </trkpt>
   <trkpt lat="45.96097" lon="6.88684">
    <ele>1888.38</ele>
   </trkpt>
   <trkpt lat="45.96076" lon="6.88684">
    <ele>1893.64</ele>
   </trkpt>
   <trkpt lat="45.9607" lon="6.886800000000001">
    <ele>1894.0400000000002</ele>
   </trkpt>
   <trkpt lat="45.96054" lon="6.8865300000000005">
    <ele>1894.18</ele>
   </trkpt>
   <trkpt lat="45.960530000000006" lon="6.88642">
    <ele>1893.66</ele>
   </trkpt>
   <trkpt lat="45.960440000000006" lon="6.88611">
    <ele>1890.3500000000001</ele>
   </trkpt>
   <trkpt lat="45.96036" lon="6.8859900000000005">
    <ele>1889.3300000000002</ele>
   </trkpt>
   <trkpt lat="45.96022000000001" lon="6.88588">
    <ele>1886.5900000000001</ele>
   </trkpt>
   <trkpt lat="45.96014" lon="6.88602">
    <ele>1883.64</ele>
   </trkpt>
   <trkpt lat="45.960100000000004" lon="6.886150000000001">
    <ele>1882.0800000000002</ele>
   </trkpt>
   <trkpt lat="45.95998" lon="6.886380000000001">
    <ele>1871.6800000000003</ele>
   </trkpt>
   <trkpt lat="45.9598" lon="6.88644">
    <ele>1863.5800000000002</ele>
   </trkpt>
   <trkpt lat="45.95962" lon="6.886410000000001">
    <ele>1855.25</ele>
   </trkpt>
   <trkpt lat="45.95949" lon="6.886330000000001">
    <ele>1853.4</ele>
   </trkpt>
   <trkpt lat="45.959410000000005" lon="6.886190000000001">
    <ele>1852.72</ele>
   </trkpt>
   <trkpt lat="45.95926" lon="6.886030000000001">
    <ele>1849.2800000000002</ele>
   </trkpt>
   <trkpt lat="45.95893" lon="6.8855900000000005">
    <ele>1834.7900000000002</ele>
   </trkpt>
   <trkpt lat="45.95882" lon="6.885490000000001">
    <ele>1834.7900000000002</ele>
   </trkpt>
   <trkpt lat="45.958330000000004" lon="6.885250000000001">
    <ele>1824.64</ele>
   </trkpt>
   <trkpt lat="45.958200000000005" lon="6.88515">
    <ele>1817.43</ele>
   </trkpt>
   <trkpt lat="45.958090000000006" lon="6.88501">
    <ele>1815.4800000000002</ele>
   </trkpt>
   <trkpt lat="45.95756" lon="6.884100000000001">
    <ele>1798.0800000000002</ele>
   </trkpt>
   <trkpt lat="45.957100000000004" lon="6.88316">
    <ele>1784.4700000000003</ele>
   </trkpt>
   <trkpt lat="45.956770000000006" lon="6.8826600000000004">
    <ele>1774.8700000000001</ele>
   </trkpt>
   <trkpt lat="45.95664000000001" lon="6.882390000000001">
    <ele>1767.44</ele>
   </trkpt>
   <trkpt lat="45.95665" lon="6.88201">
    <ele>1762.94</ele>
   </trkpt>
   <trkpt lat="45.95676" lon="6.881590000000001">
    <ele>1758.0700000000002</ele>
   </trkpt>
   <trkpt lat="45.95687" lon="6.881">
    <ele>1750.3600000000001</ele>
   </trkpt>
   <trkpt lat="45.95687" lon="6.880820000000001">
    <ele>1748.8300000000002</ele>
   </trkpt>
   <trkpt lat="45.95682" lon="6.88086">
    <ele>1748.25</ele>
   </trkpt>
   <trkpt lat="45.95674" lon="6.880980000000001">
    <ele>1747.0200000000002</ele>
   </trkpt>
   <trkpt lat="45.95671" lon="6.88119">
    <ele>1746.8000000000002</ele>
   </trkpt>
   <trkpt lat="45.956450000000004" lon="6.8818600000000005">
    <ele>1743.5</ele>
   </trkpt>
   <trkpt lat="45.95627" lon="6.882250000000001">
    <ele>1737.9700000000003</ele>
   </trkpt>
   <trkpt lat="45.95606" lon="6.88264">
    <ele>1735.47</ele>
   </trkpt>
   <trkpt lat="45.956" lon="6.8829400000000005">
    <ele>1733.33</ele>
   </trkpt>
   <trkpt lat="45.95606" lon="6.883680000000001">
    <ele>1726.6800000000003</ele>
   </trkpt>
   <trkpt lat="45.956210000000006" lon="6.884480000000001">
    <ele>1717.3400000000001</ele>
   </trkpt>
   <trkpt lat="45.95638" lon="6.88496">
    <ele>1712.77</ele>
   </trkpt>
   <trkpt lat="45.95644" lon="6.88536">
    <ele>1707.7600000000002</ele>
   </trkpt>
   <trkpt lat="45.95658" lon="6.885660000000001">
    <ele>1703.3200000000002</ele>
   </trkpt>
   <trkpt lat="45.95656" lon="6.885860000000001">
    <ele>1701.81</ele>
   </trkpt>
   <trkpt lat="45.95649" lon="6.886080000000001">
    <ele>1698.6000000000001</ele>
   </trkpt>
   <trkpt lat="45.9564" lon="6.885750000000001">
    <ele>1694.2</ele>
   </trkpt>
   <trkpt lat="45.95604" lon="6.885400000000001">
    <ele>1686.13</ele>
   </trkpt>
   <trkpt lat="45.955920000000006" lon="6.885140000000001">
    <ele>1682.4200000000003</ele>
   </trkpt>
   <trkpt lat="45.95588" lon="6.884930000000001">
    <ele>1679.0600000000002</ele>
   </trkpt>
   <trkpt lat="45.955850000000005" lon="6.885110000000001">
    <ele>1675.44</ele>
   </trkpt>
   <trkpt lat="45.95588" lon="6.885420000000001">
    <ele>1672.9</ele>
   </trkpt>
   <trkpt lat="45.956030000000005" lon="6.885610000000001">
    <ele>1670.17</ele>
   </trkpt>
   <trkpt lat="45.95593" lon="6.885610000000001">
    <ele>1666.1500000000003</ele>
   </trkpt>
   <trkpt lat="45.95581000000001" lon="6.8855200000000005">
    <ele>1662.3400000000001</ele>
   </trkpt>
   <trkpt lat="45.955600000000004" lon="6.885440000000001">
    <ele>1659.0800000000002</ele>
   </trkpt>
   <trkpt lat="45.955560000000006" lon="6.88536">
    <ele>1659.0800000000002</ele>
   </trkpt>
   <trkpt lat="45.95561000000001" lon="6.885160000000001">
    <ele>1655.72</ele>
   </trkpt>
   <trkpt lat="45.95561000000001" lon="6.885040000000001">
    <ele>1654.3400000000001</ele>
   </trkpt>
   <trkpt lat="45.955470000000005" lon="6.884600000000001">
    <ele>1647.3700000000001</ele>
   </trkpt>
   <trkpt lat="45.955450000000006" lon="6.884620000000001">
    <ele>1647.3700000000001</ele>
   </trkpt>
   <trkpt lat="45.955450000000006" lon="6.88503">
    <ele>1643.63</ele>
   </trkpt>
   <trkpt lat="45.955400000000004" lon="6.885160000000001">
    <ele>1639.76</ele>
   </trkpt>
   <trkpt lat="45.955330000000004" lon="6.88527">
    <ele>1637.9500000000003</ele>
   </trkpt>
   <trkpt lat="45.95535" lon="6.885000000000001">
    <ele>1634.6200000000001</ele>
   </trkpt>
   <trkpt lat="45.955330000000004" lon="6.88487">
    <ele>1632.8400000000001</ele>
   </trkpt>
   <trkpt lat="45.955200000000005" lon="6.8847000000000005">
    <ele>1629.1100000000001</ele>
   </trkpt>
   <trkpt lat="45.95499" lon="6.88431">
    <ele>1621.48</ele>
   </trkpt>
   <trkpt lat="45.954840000000004" lon="6.883920000000001">
    <ele>1614.88</ele>
   </trkpt>
   <trkpt lat="45.95483" lon="6.884530000000001">
    <ele>1609.4</ele>
   </trkpt>
   <trkpt lat="45.95497" lon="6.88487">
    <ele>1604.71</ele>
   </trkpt>
   <trkpt lat="45.95499" lon="6.885040000000001">
    <ele>1602.3</ele>
   </trkpt>
   <trkpt lat="45.954980000000006" lon="6.885510000000001">
    <ele>1596.69</ele>
   </trkpt>
   <trkpt lat="45.95501" lon="6.885930000000001">
    <ele>1591.5400000000002</ele>
   </trkpt>
   <trkpt lat="45.955000000000005" lon="6.88621">
    <ele>1589.38</ele>
   </trkpt>
   <trkpt lat="45.955000000000005" lon="6.886220000000001">
    <ele>1589.38</ele>
   </trkpt>
   <trkpt lat="45.954890000000006" lon="6.885870000000001">
    <ele>1582.9</ele>
   </trkpt>
   <trkpt lat="45.954710000000006" lon="6.885510000000001">
    <ele>1579.0400000000002</ele>
   </trkpt>
   <trkpt lat="45.95465" lon="6.88527">
    <ele>1574.7700000000002</ele>
   </trkpt>
   <trkpt lat="45.95458000000001" lon="6.88513">
    <ele>1573.18</ele>
   </trkpt>
   <trkpt lat="45.954420000000006" lon="6.8849800000000005">
    <ele>1569.1200000000001</ele>
   </trkpt>
   <trkpt lat="45.9543" lon="6.88482">
    <ele>1567.66</ele>
   </trkpt>
   <trkpt lat="45.954130000000006" lon="6.88442">
    <ele>1563.49</ele>
   </trkpt>
   <trkpt lat="45.95402000000001" lon="6.884270000000001">
    <ele>1558.03</ele>
   </trkpt>
   <trkpt lat="45.953880000000005" lon="6.884220000000001">
    <ele>1556.44</ele>
   </trkpt>
   <trkpt lat="45.95384000000001" lon="6.8840200000000005">
    <ele>1553.17</ele>
   </trkpt>
   <trkpt lat="45.9538" lon="6.88407">
    <ele>1551.95</ele>
   </trkpt>
   <trkpt lat="45.95374" lon="6.883970000000001">
    <ele>1547.91</ele>
   </trkpt>
   <trkpt lat="45.953720000000004" lon="6.88419">
    <ele>1546.67</ele>
   </trkpt>
   <trkpt lat="45.953680000000006" lon="6.8842300000000005">
    <ele>1542.07</ele>
   </trkpt>
   <trkpt lat="45.95362" lon="6.883970000000001">
    <ele>1538.42</ele>
   </trkpt>
   <trkpt lat="45.95358" lon="6.883960000000001">
    <ele>1535.66</ele>
   </trkpt>
   <trkpt lat="45.95349" lon="6.884110000000001">
    <ele>1531.83</ele>
   </trkpt>
   <trkpt lat="45.953500000000005" lon="6.884290000000001">
    <ele>1531.83</ele>
   </trkpt>
   <trkpt lat="45.953430000000004" lon="6.884200000000001">
    <ele>1525.88</ele>
   </trkpt>
   <trkpt lat="45.95338" lon="6.884030000000001">
    <ele>1525.88</ele>
   </trkpt>
   <trkpt lat="45.953340000000004" lon="6.88417">
    <ele>1519.71</ele>
   </trkpt>
   <trkpt lat="45.95326" lon="6.8839500000000005">
    <ele>1516.21</ele>
   </trkpt>
   <trkpt lat="45.953250000000004" lon="6.8840900000000005">
    <ele>1512.96</ele>
   </trkpt>
   <trkpt lat="45.95327" lon="6.88435">
    <ele>1508.15</ele>
   </trkpt>
   <trkpt lat="45.953210000000006" lon="6.88435">
    <ele>1508.15</ele>
   </trkpt>
   <trkpt lat="45.953210000000006" lon="6.88447">
    <ele>1505.57</ele>
   </trkpt>
   <trkpt lat="45.953140000000005" lon="6.884460000000001">
    <ele>1502.8300000000002</ele>
   </trkpt>
   <trkpt lat="45.953120000000006" lon="6.884620000000001">
    <ele>1500.01</ele>
   </trkpt>
   <trkpt lat="45.95304" lon="6.88475">
    <ele>1494.25</ele>
   </trkpt>
   <trkpt lat="45.953" lon="6.8849800000000005">
    <ele>1487.6</ele>
   </trkpt>
   <trkpt lat="45.95290000000001" lon="6.88482">
    <ele>1485.16</ele>
   </trkpt>
   <trkpt lat="45.9528" lon="6.884440000000001">
    <ele>1478.67</ele>
   </trkpt>
   <trkpt lat="45.952760000000005" lon="6.884720000000001">
    <ele>1469.44</ele>
   </trkpt>
   <trkpt lat="45.95266" lon="6.8845600000000005">
    <ele>1469.44</ele>
   </trkpt>
   <trkpt lat="45.95252000000001" lon="6.884440000000001">
    <ele>1460.3100000000002</ele>
   </trkpt>
   <trkpt lat="45.952490000000004" lon="6.88473">
    <ele>1457.6200000000001</ele>
   </trkpt>
   <trkpt lat="45.95241" lon="6.884740000000001">
    <ele>1451.92</ele>
   </trkpt>
   <trkpt lat="45.952360000000006" lon="6.8847000000000005">
    <ele>1451.92</ele>
   </trkpt>
   <trkpt lat="45.95223000000001" lon="6.884670000000001">
    <ele>1448.93</ele>
   </trkpt>
   <trkpt lat="45.952270000000006" lon="6.88485">
    <ele>1444.3400000000001</ele>
   </trkpt>
   <trkpt lat="45.95215" lon="6.88487">
    <ele>1440.22</ele>
   </trkpt>
   <trkpt lat="45.952070000000006" lon="6.88475">
    <ele>1437.84</ele>
   </trkpt>
   <trkpt lat="45.9521" lon="6.88454">
    <ele>1436.62</ele>
   </trkpt>
   <trkpt lat="45.952110000000005" lon="6.88421">
    <ele>1431.75</ele>
   </trkpt>
   <trkpt lat="45.95199" lon="6.884010000000001">
    <ele>1430.08</ele>
   </trkpt>
   <trkpt lat="45.95185" lon="6.883920000000001">
    <ele>1429.1200000000001</ele>
   </trkpt>
   <trkpt lat="45.951730000000005" lon="6.88372">
    <ele>1425.92</ele>
   </trkpt>
   <trkpt lat="45.951510000000006" lon="6.882720000000001">
    <ele>1418.92</ele>
   </trkpt>
   <trkpt lat="45.951550000000005" lon="6.88243">
    <ele>1417.37</ele>
   </trkpt>
   <trkpt lat="45.95149000000001" lon="6.88222">
    <ele>1415.68</ele>
   </trkpt>
   <trkpt lat="45.95145" lon="6.881690000000001">
    <ele>1411.6000000000001</ele>
   </trkpt>
   <trkpt lat="45.95134" lon="6.88149">
    <ele>1407.22</ele>
   </trkpt>
   <trkpt lat="45.951330000000006" lon="6.881340000000001">
    <ele>1405.52</ele>
   </trkpt>
   <trkpt lat="45.95129000000001" lon="6.88116">
    <ele>1403.5000000000002</ele>
   </trkpt>
   <trkpt lat="45.951280000000004" lon="6.8808300000000004">
    <ele>1401.07</ele>
   </trkpt>
   <trkpt lat="45.951220000000006" lon="6.880680000000001">
    <ele>1399.92</ele>
   </trkpt>
   <trkpt lat="45.95109" lon="6.88067">
    <ele>1397.89</ele>
   </trkpt>
   <trkpt lat="45.950660000000006" lon="6.88032">
    <ele>1392.7</ele>
   </trkpt>
   <trkpt lat="45.95037000000001" lon="6.880240000000001">
    <ele>1390.5</ele>
   </trkpt>
   <trkpt lat="45.95017000000001" lon="6.880310000000001">
    <ele>1386.88</ele>
   </trkpt>
   <trkpt lat="45.949850000000005" lon="6.880560000000001">
    <ele>1383.85</ele>
   </trkpt>
   <trkpt lat="45.949690000000004" lon="6.88062">
    <ele>1382.36</ele>
   </trkpt>
   <trkpt lat="45.94943000000001" lon="6.881010000000001">
    <ele>1380.5200000000002</ele>
   </trkpt>
   <trkpt lat="45.94917" lon="6.88112">
    <ele>1378.66</ele>
   </trkpt>
   <trkpt lat="45.948910000000005" lon="6.881030000000001">
    <ele>1376.78</ele>
   </trkpt>
   <trkpt lat="45.948570000000004" lon="6.880700000000001">
    <ele>1373.5300000000002</ele>
   </trkpt>
   <trkpt lat="45.948570000000004" lon="6.88053">
    <ele>1372.73</ele>
   </trkpt>
   <trkpt lat="45.94845" lon="6.88032">
    <ele>1370.09</ele>
   </trkpt>
   <trkpt lat="45.94802000000001" lon="6.88006">
    <ele>1366.06</ele>
   </trkpt>
   <trkpt lat="45.94793000000001" lon="6.87987">
    <ele>1363.22</ele>
   </trkpt>
   <trkpt lat="45.94776" lon="6.87959">
    <ele>1361.2600000000002</ele>
   </trkpt>
   <trkpt lat="45.94778" lon="6.879370000000001">
    <ele>1358.84</ele>
   </trkpt>
   <trkpt lat="45.94769" lon="6.87924">
    <ele>1358.84</ele>
   </trkpt>
   <trkpt lat="45.94746000000001" lon="6.879090000000001">
    <ele>1357.01</ele>
   </trkpt>
   <trkpt lat="45.94731" lon="6.878940000000001">
    <ele>1355.23</ele>
   </trkpt>
   <trkpt lat="45.947140000000005" lon="6.8788100000000005">
    <ele>1353.55</ele>
   </trkpt>
   <trkpt lat="45.94709" lon="6.8786000000000005">
    <ele>1352.0500000000002</ele>
   </trkpt>
   <trkpt lat="45.946600000000004" lon="6.87851">
    <ele>1347.91</ele>
   </trkpt>
   <trkpt lat="45.94655" lon="6.87828">
    <ele>1346.66</ele>
   </trkpt>
   <trkpt lat="45.946400000000004" lon="6.87821">
    <ele>1345.5800000000002</ele>
   </trkpt>
   <trkpt lat="45.946200000000005" lon="6.878010000000001">
    <ele>1343.17</ele>
   </trkpt>
   <trkpt lat="45.94615" lon="6.8779">
    <ele>1342.8000000000002</ele>
   </trkpt>
   <trkpt lat="45.9461" lon="6.877870000000001">
    <ele>1342.4900000000002</ele>
   </trkpt>
   <trkpt lat="45.94603" lon="6.877860000000001">
    <ele>1342.26</ele>
   </trkpt>
   <trkpt lat="45.94595" lon="6.877790000000001">
    <ele>1341.73</ele>
   </trkpt>
   <trkpt lat="45.94592" lon="6.87736">
    <ele>1339.5700000000002</ele>
   </trkpt>
   <trkpt lat="45.94583" lon="6.877110000000001">
    <ele>1337.42</ele>
   </trkpt>
   <trkpt lat="45.945730000000005" lon="6.8770500000000006">
    <ele>1335.32</ele>
   </trkpt>
   <trkpt lat="45.94558000000001" lon="6.87708">
    <ele>1332.71</ele>
   </trkpt>
   <trkpt lat="45.94538000000001" lon="6.8771">
    <ele>1329.4800000000002</ele>
   </trkpt>
   <trkpt lat="45.94534" lon="6.877090000000001">
    <ele>1329.4800000000002</ele>
   </trkpt>
   <trkpt lat="45.94525" lon="6.876950000000001">
    <ele>1326.88</ele>
   </trkpt>
   <trkpt lat="45.94520000000001" lon="6.8769100000000005">
    <ele>1324.98</ele>
   </trkpt>
   <trkpt lat="45.94516" lon="6.8769100000000005">
    <ele>1324.98</ele>
   </trkpt>
   <trkpt lat="45.945060000000005" lon="6.87699">
    <ele>1317.8500000000001</ele>
   </trkpt>
   <trkpt lat="45.944840000000006" lon="6.876880000000001">
    <ele>1314.95</ele>
   </trkpt>
   <trkpt lat="45.944750000000006" lon="6.8767700000000005">
    <ele>1314.95</ele>
   </trkpt>
   <trkpt lat="45.94462" lon="6.87668">
    <ele>1311.18</ele>
   </trkpt>
   <trkpt lat="45.94433" lon="6.8766300000000005">
    <ele>1303.2100000000003</ele>
   </trkpt>
   <trkpt lat="45.944030000000005" lon="6.876600000000001">
    <ele>1299.0300000000002</ele>
   </trkpt>
   <trkpt lat="45.94379000000001" lon="6.876430000000001">
    <ele>1288.99</ele>
   </trkpt>
   <trkpt lat="45.94339" lon="6.87607">
    <ele>1277.63</ele>
   </trkpt>
   <trkpt lat="45.94306" lon="6.8759500000000005">
    <ele>1273.29</ele>
   </trkpt>
   <trkpt lat="45.942820000000005" lon="6.875920000000001">
    <ele>1269.3700000000001</ele>
   </trkpt>
   <trkpt lat="45.942640000000004" lon="6.8758300000000006">
    <ele>1263.83</ele>
   </trkpt>
   <trkpt lat="45.942600000000006" lon="6.8757600000000005">
    <ele>1263.83</ele>
   </trkpt>
   <trkpt lat="45.94256" lon="6.875590000000001">
    <ele>1261.8</ele>
   </trkpt>
   <trkpt lat="45.94263" lon="6.875240000000001">
    <ele>1253.36</ele>
   </trkpt>
   <trkpt lat="45.94261" lon="6.875050000000001">
    <ele>1253.36</ele>
   </trkpt>
   <trkpt lat="45.942530000000005" lon="6.874930000000001">
    <ele>1249.8600000000001</ele>
   </trkpt>
   <trkpt lat="45.942420000000006" lon="6.874860000000001">
    <ele>1246.24</ele>
   </trkpt>
   <trkpt lat="45.942280000000004" lon="6.874860000000001">
    <ele>1244.52</ele>
   </trkpt>
   <trkpt lat="45.94200000000001" lon="6.8749400000000005">
    <ele>1238.3600000000001</ele>
   </trkpt>
   <trkpt lat="45.941790000000005" lon="6.87511">
    <ele>1234.45</ele>
   </trkpt>
   <trkpt lat="45.94163" lon="6.875170000000001">
    <ele>1229.5200000000002</ele>
   </trkpt>
   <trkpt lat="45.941500000000005" lon="6.8751500000000005">
    <ele>1225.5</ele>
   </trkpt>
   <trkpt lat="45.941280000000006" lon="6.875050000000001">
    <ele>1221.68</ele>
   </trkpt>
   <trkpt lat="45.94109" lon="6.874890000000001">
    <ele>1218.1000000000001</ele>
   </trkpt>
   <trkpt lat="45.940900000000006" lon="6.874670000000001">
    <ele>1213.43</ele>
   </trkpt>
   <trkpt lat="45.94041000000001" lon="6.87429">
    <ele>1204.3600000000001</ele>
   </trkpt>
   <trkpt lat="45.940020000000004" lon="6.874070000000001">
    <ele>1203.38</ele>
   </trkpt>
   <trkpt lat="45.939350000000005" lon="6.87321">
    <ele>1203.95</ele>
   </trkpt>
   <trkpt lat="45.93900000000001" lon="6.872700000000001">
    <ele>1204.0700000000002</ele>
   </trkpt>
   <trkpt lat="45.93869" lon="6.872380000000001">
    <ele>1199.7300000000002</ele>
   </trkpt>
   <trkpt lat="45.93844000000001" lon="6.872070000000001">
    <ele>1195.3600000000001</ele>
   </trkpt>
   <trkpt lat="45.937920000000005" lon="6.871860000000001">
    <ele>1188.8700000000001</ele>
   </trkpt>
   <trkpt lat="45.93769" lon="6.871910000000001">
    <ele>1183.0800000000002</ele>
   </trkpt>
   <trkpt lat="45.937540000000006" lon="6.87206">
    <ele>1183.0800000000002</ele>
   </trkpt>
   <trkpt lat="45.937490000000004" lon="6.872090000000001">
    <ele>1181.92</ele>
   </trkpt>
   <trkpt lat="45.937400000000004" lon="6.8721000000000005">
    <ele>1180.69</ele>
   </trkpt>
   <trkpt lat="45.937200000000004" lon="6.872070000000001">
    <ele>1178.67</ele>
   </trkpt>
   <trkpt lat="45.937180000000005" lon="6.87208">
    <ele>1178.67</ele>
   </trkpt>
   <trkpt lat="45.93717" lon="6.872120000000001">
    <ele>1178.67</ele>
   </trkpt>
   <trkpt lat="45.937250000000006" lon="6.872260000000001">
    <ele>1173.69</ele>
   </trkpt>
   <trkpt lat="45.937520000000006" lon="6.872520000000001">
    <ele>1166.2100000000003</ele>
   </trkpt>
   <trkpt lat="45.93753" lon="6.872630000000001">
    <ele>1166.2100000000003</ele>
   </trkpt>
   <trkpt lat="45.93748" lon="6.87267">
    <ele>1166.2100000000003</ele>
   </trkpt>
   <trkpt lat="45.937070000000006" lon="6.87272">
    <ele>1157.91</ele>
   </trkpt>
   <trkpt lat="45.93661" lon="6.872610000000001">
    <ele>1153.93</ele>
   </trkpt>
   <trkpt lat="45.936150000000005" lon="6.87218">
    <ele>1146.17</ele>
   </trkpt>
   <trkpt lat="45.93578" lon="6.871690000000001">
    <ele>1139.37</ele>
   </trkpt>
   <trkpt lat="45.93545" lon="6.8715">
    <ele>1135.72</ele>
   </trkpt>
   <trkpt lat="45.934740000000005" lon="6.870990000000001">
    <ele>1128.42</ele>
   </trkpt>
   <trkpt lat="45.93457" lon="6.87089">
    <ele>1126.64</ele>
   </trkpt>
   <trkpt lat="45.934290000000004" lon="6.870760000000001">
    <ele>1125.42</ele>
   </trkpt>
   <trkpt lat="45.93363" lon="6.870760000000001">
    <ele>1121.66</ele>
   </trkpt>
   <trkpt lat="45.93321" lon="6.8708100000000005">
    <ele>1119.66</ele>
   </trkpt>
   <trkpt lat="45.93244499990605" lon="6.870825000208765">
    <ele>1106.13</ele>
   </trkpt>
   <trkpt lat="45.93168000000001" lon="6.87084">
    <ele>1088.1200000000001</ele>
   </trkpt>
   <trkpt lat="45.93150000000001" lon="6.87089">
    <ele>1086.16</ele>
   </trkpt>
   <trkpt lat="45.931360000000005" lon="6.870900000000001">
    <ele>1082.8500000000001</ele>
   </trkpt>
   <trkpt lat="45.9313" lon="6.870920000000001">
    <ele>1082.8500000000001</ele>
   </trkpt>
   <trkpt lat="45.93112000000001" lon="6.870900000000001">
    <ele>1079.29</ele>
   </trkpt>
   <trkpt lat="45.931070000000005" lon="6.871">
    <ele>1071.82</ele>
   </trkpt>
   <trkpt lat="45.93115" lon="6.871130000000001">
    <ele>1071.2</ele>
   </trkpt>
   <trkpt lat="45.931180000000005" lon="6.87129">
    <ele>1070.9</ele>
   </trkpt>
   <trkpt lat="45.931140000000006" lon="6.871410000000001">
    <ele>1068.5600000000002</ele>
   </trkpt>
   <trkpt lat="45.931050000000006" lon="6.87145">
    <ele>1066.5500000000002</ele>
   </trkpt>
   <trkpt lat="45.930960000000006" lon="6.87154">
    <ele>1064.65</ele>
   </trkpt>
   <trkpt lat="45.93081" lon="6.871910000000001">
    <ele>1060.07</ele>
   </trkpt>
   <trkpt lat="45.93081" lon="6.8718900000000005">
    <ele>1060.3500000000001</ele>
   </trkpt>
   <trkpt lat="45.93068" lon="6.871790000000001">
    <ele>1059.5400000000002</ele>
   </trkpt>
   <trkpt lat="45.930640000000004" lon="6.871790000000001">
    <ele>1059.05</ele>
   </trkpt>
   <trkpt lat="45.930620000000005" lon="6.871810000000001">
    <ele>1059.05</ele>
   </trkpt>
   <trkpt lat="45.93063" lon="6.871860000000001">
    <ele>1059.05</ele>
   </trkpt>
   <trkpt lat="45.930800000000005" lon="6.8720300000000005">
    <ele>1057.66</ele>
   </trkpt>
   <trkpt lat="45.930820000000004" lon="6.87213">
    <ele>1057.66</ele>
   </trkpt>
   <trkpt lat="45.93079" lon="6.872160000000001">
    <ele>1056.66</ele>
   </trkpt>
   <trkpt lat="45.93075" lon="6.87215">
    <ele>1056.66</ele>
   </trkpt>
   <trkpt lat="45.930580000000006" lon="6.87199">
    <ele>1055.3700000000001</ele>
   </trkpt>
   <trkpt lat="45.930490000000006" lon="6.87194">
    <ele>1055.3700000000001</ele>
   </trkpt>
   <trkpt lat="45.93045" lon="6.871980000000001">
    <ele>1055.3700000000001</ele>
   </trkpt>
   <trkpt lat="45.93045" lon="6.872020000000001">
    <ele>1055.3700000000001</ele>
   </trkpt>
   <trkpt lat="45.930510000000005" lon="6.872120000000001">
    <ele>1054.1299999999999</ele>
   </trkpt>
   <trkpt lat="45.93075" lon="6.87232">
    <ele>1053.5100000000002</ele>
   </trkpt>
   <trkpt lat="45.930800000000005" lon="6.87241">
    <ele>1052.5300000000002</ele>
   </trkpt>
   <trkpt lat="45.930800000000005" lon="6.872470000000001">
    <ele>1052.5300000000002</ele>
   </trkpt>
   <trkpt lat="45.93074000000001" lon="6.8726">
    <ele>1051.86</ele>
   </trkpt>
   <trkpt lat="45.93059" lon="6.872540000000001">
    <ele>1050.8200000000002</ele>
   </trkpt>
   <trkpt lat="45.930060000000005" lon="6.872230000000001">
    <ele>1046.84</ele>
   </trkpt>
   <trkpt lat="45.92974" lon="6.872170000000001">
    <ele>1046.23</ele>
   </trkpt>
   <trkpt lat="45.92967" lon="6.872310000000001">
    <ele>1046.1599999999999</ele>
   </trkpt>
   <trkpt lat="45.92962000000001" lon="6.8726400000000005">
    <ele>1045.7500000000002</ele>
   </trkpt>
   <trkpt lat="45.92906000000001" lon="6.87251">
    <ele>1043.92</ele>
   </trkpt>
   <trkpt lat="45.92898" lon="6.872440000000001">
    <ele>1043.92</ele>
   </trkpt>
   <trkpt lat="45.928740000000005" lon="6.872400000000001">
    <ele>1043.53</ele>
   </trkpt>
   <trkpt lat="45.92853" lon="6.87234">
    <ele>1043.53</ele>
   </trkpt>
   <trkpt lat="45.927910000000004" lon="6.872050000000001">
    <ele>1043.0600000000002</ele>
   </trkpt>
   <trkpt lat="45.927780000000006" lon="6.872020000000001">
    <ele>1043.28</ele>
   </trkpt>
   <trkpt lat="45.92779" lon="6.8719600000000005">
    <ele>1043.28</ele>
   </trkpt>
   <trkpt lat="45.92699333389839" lon="6.8717199931252315">
    <ele>1041.68</ele>
   </trkpt>
   <trkpt lat="45.92619666729435" lon="6.8714799931442325">
    <ele>1041.3100000000002</ele>
   </trkpt>
   <trkpt lat="45.9254" lon="6.87124">
    <ele>1042.1</ele>
   </trkpt>
  </trkseg>
 </trk>
</gpx>
