<?xml version="1.0" encoding="UTF-8"?>
<gpx creator="Garmin Connect" version="1.1"
  xsi:schemaLocation="http://www.topografix.com/GPX/1/1 http://www.topografix.com/GPX/11.xsd"
  xmlns:ns3="http://www.garmin.com/xmlschemas/TrackPointExtension/v1"
  xmlns="http://www.topografix.com/GPX/1/1"
  xmlns:xsi="http://www.w3.org/2001/XMLSchema-instance" xmlns:ns2="http://www.garmin.com/xmlschemas/GpxExtensions/v3">
  <metadata>
    <name>TPR 2024  Le Roc du Roy </name>
    <link href="connect.garmin.com">
      <text>Garmin Connect</text>
    </link>
    <time>2025-02-26T16:37:13.000Z</time>
  </metadata>
  <trk>
    <name>TPR 2024  Le Roc du Roy </name>
    <trkseg>
      <trkpt lat="49.926213221624494" lon="4.520105822011828">
        <ele>383.56</ele>
        <time>2025-02-26T16:37:13.000Z</time>
      </trkpt>
      <trkpt lat="49.92641254328191" lon="4.52010540291667">
        <ele>383.44</ele>
        <time>2025-02-26T16:37:13.007Z</time>
      </trkpt>
      <trkpt lat="49.92669970728457" lon="4.519955450668931">
        <ele>383.34</ele>
        <time>2025-02-26T16:37:13.024Z</time>
      </trkpt>
      <trkpt lat="49.92682577110827" lon="4.519734000787139">
        <ele>383.19</ele>
        <time>2025-02-26T16:37:13.047Z</time>
      </trkpt>
      <trkpt lat="49.926951583474874" lon="4.519513305276632">
        <ele>383.09</ele>
        <time>2025-02-26T16:37:13.076Z</time>
      </trkpt>
      <trkpt lat="49.92701536975801" lon="4.519445495679975">
        <ele>382.98</ele>
        <time>2025-02-26T16:37:13.108Z</time>
      </trkpt>
      <trkpt lat="49.92703925818205" lon="4.519358575344086">
        <ele>382.83</ele>
        <time>2025-02-26T16:37:13.142Z</time>
      </trkpt>
      <trkpt lat="49.92702626623213" lon="4.519321024417877">
        <ele>382.72</ele>
        <time>2025-02-26T16:37:13.177Z</time>
      </trkpt>
      <trkpt lat="49.92704512551427" lon="4.519298644736409">
        <ele>382.64</ele>
        <time>2025-02-26T16:37:13.213Z</time>
      </trkpt>
      <trkpt lat="49.92686307057738" lon="4.519240390509367">
        <ele>382.55</ele>
        <time>2025-02-26T16:37:13.255Z</time>
      </trkpt>
      <trkpt lat="49.9267603084445" lon="4.51927718706429">
        <ele>382.55</ele>
        <time>2025-02-26T16:37:13.301Z</time>
      </trkpt>
      <trkpt lat="49.926690235733986" lon="4.519330495968461">
        <ele>382.6</ele>
        <time>2025-02-26T16:37:13.349Z</time>
      </trkpt>
      <trkpt lat="49.92660968564451" lon="4.5194340124726295">
        <ele>382.67</ele>
        <time>2025-02-26T16:37:13.401Z</time>
      </trkpt>
      <trkpt lat="49.926550425589085" lon="4.519553538411856">
        <ele>382.76</ele>
        <time>2025-02-26T16:37:13.456Z</time>
      </trkpt>
      <trkpt lat="49.92651128210127" lon="4.519585222005844">
        <ele>382.87</ele>
        <time>2025-02-26T16:37:13.512Z</time>
      </trkpt>
      <trkpt lat="49.926403826102614" lon="4.519569966942072">
        <ele>383.02</ele>
        <time>2025-02-26T16:37:13.572Z</time>
      </trkpt>
      <trkpt lat="49.92624322883785" lon="4.519437784329057">
        <ele>383.16</ele>
        <time>2025-02-26T16:37:13.638Z</time>
      </trkpt>
      <trkpt lat="49.92610651999712" lon="4.519287580624223">
        <ele>383.3</ele>
        <time>2025-02-26T16:37:13.710Z</time>
      </trkpt>
      <trkpt lat="49.92597014643252" lon="4.519137712195516">
        <ele>383.42</ele>
        <time>2025-02-26T16:37:13.787Z</time>
      </trkpt>
      <trkpt lat="49.925743751227856" lon="4.519009469076991">
        <ele>383.57</ele>
        <time>2025-02-26T16:37:13.872Z</time>
      </trkpt>
      <trkpt lat="49.9256344512105" lon="4.518879968672991">
        <ele>383.69</ele>
        <time>2025-02-26T16:37:13.962Z</time>
      </trkpt>
      <trkpt lat="49.92548449896276" lon="4.51873286627233">
        <ele>383.84</ele>
        <time>2025-02-26T16:37:14.058Z</time>
      </trkpt>
      <trkpt lat="49.92533488199115" lon="4.518586099147797">
        <ele>383.99</ele>
        <time>2025-02-26T16:37:14.160Z</time>
      </trkpt>
      <trkpt lat="49.92519021034241" lon="4.518520552664995">
        <ele>384.13</ele>
        <time>2025-02-26T16:37:14.267Z</time>
      </trkpt>
      <trkpt lat="49.925131034106016" lon="4.518512757495046">
        <ele>384.25</ele>
        <time>2025-02-26T16:37:14.376Z</time>
      </trkpt>
      <trkpt lat="49.92511502467096" lon="4.518540753051639">
        <ele>384.34</ele>
        <time>2025-02-26T16:37:14.485Z</time>
      </trkpt>
      <trkpt lat="49.92516690865159" lon="4.5185911282896996">
        <ele>384.42</ele>
        <time>2025-02-26T16:37:14.597Z</time>
      </trkpt>
      <trkpt lat="49.925346449017525" lon="4.5187021885067225">
        <ele>384.42</ele>
        <time>2025-02-26T16:37:14.715Z</time>
      </trkpt>
      <trkpt lat="49.92547678761184" lon="4.518819283694029">
        <ele>384.39</ele>
        <time>2025-02-26T16:37:14.838Z</time>
      </trkpt>
      <trkpt lat="49.92564367130399" lon="4.51892388984561">
        <ele>384.33</ele>
        <time>2025-02-26T16:37:14.967Z</time>
      </trkpt>
      <trkpt lat="49.9258104711771" lon="4.519028579816222">
        <ele>384.26</ele>
        <time>2025-02-26T16:37:15.102Z</time>
      </trkpt>
      <trkpt lat="49.92597894743085" lon="4.51921172440052">
        <ele>384.19</ele>
        <time>2025-02-26T16:37:15.244Z</time>
      </trkpt>
      <trkpt lat="49.92621020413935" lon="4.519400484859943">
        <ele>384.11</ele>
        <time>2025-02-26T16:37:15.395Z</time>
      </trkpt>
      <trkpt lat="49.92644120939076" lon="4.519589077681303">
        <ele>384.0</ele>
        <time>2025-02-26T16:37:15.554Z</time>
      </trkpt>
      <trkpt lat="49.926526453346014" lon="4.5196914207190275">
        <ele>383.91</ele>
        <time>2025-02-26T16:37:15.717Z</time>
      </trkpt>
      <trkpt lat="49.92657691240311" lon="4.5197865553200245">
        <ele>383.83</ele>
        <time>2025-02-26T16:37:15.883Z</time>
      </trkpt>
      <trkpt lat="49.92667137645185" lon="4.520081263035536">
        <ele>383.75</ele>
        <time>2025-02-26T16:37:16.056Z</time>
      </trkpt>
      <trkpt lat="49.9266947619617" lon="4.520351830869913">
        <ele>383.68</ele>
        <time>2025-02-26T16:37:16.235Z</time>
      </trkpt>
      <trkpt lat="49.926718063652515" lon="4.520621057599783">
        <ele>383.58</ele>
        <time>2025-02-26T16:37:16.419Z</time>
      </trkpt>
      <trkpt lat="49.926719488576055" lon="4.520979970693588">
        <ele>383.45</ele>
        <time>2025-02-26T16:37:16.611Z</time>
      </trkpt>
      <trkpt lat="49.926720997318625" lon="4.521337039768696">
        <ele>383.25</ele>
        <time>2025-02-26T16:37:16.811Z</time>
      </trkpt>
      <trkpt lat="49.92663851939142" lon="4.521662592887878">
        <ele>383.12</ele>
        <time>2025-02-26T16:37:17.018Z</time>
      </trkpt>
      <trkpt lat="49.926557801663876" lon="4.521882450208068">
        <ele>382.95</ele>
        <time>2025-02-26T16:37:17.231Z</time>
      </trkpt>
      <trkpt lat="49.92641941644251" lon="4.522035671398044">
        <ele>382.83</ele>
        <time>2025-02-26T16:37:17.449Z</time>
      </trkpt>
      <trkpt lat="49.92630835622549" lon="4.522134829312563">
        <ele>382.72</ele>
        <time>2025-02-26T16:37:17.672Z</time>
      </trkpt>
      <trkpt lat="49.92621883749962" lon="4.5221891440451145">
        <ele>382.61</ele>
        <time>2025-02-26T16:37:17.898Z</time>
      </trkpt>
      <trkpt lat="49.92608933709562" lon="4.522314788773656">
        <ele>382.45</ele>
        <time>2025-02-26T16:37:18.129Z</time>
      </trkpt>
      <trkpt lat="49.926057402044535" lon="4.5225463807582855">
        <ele>382.19</ele>
        <time>2025-02-26T16:37:18.365Z</time>
      </trkpt>
      <trkpt lat="49.92611272260547" lon="4.522732794284821">
        <ele>381.92</ele>
        <time>2025-02-26T16:37:18.606Z</time>
      </trkpt>
      <trkpt lat="49.92614038288593" lon="4.522977210581303">
        <ele>381.58</ele>
        <time>2025-02-26T16:37:18.852Z</time>
      </trkpt>
      <trkpt lat="49.9261680431664" lon="4.523220453411341">
        <ele>381.3</ele>
        <time>2025-02-26T16:37:19.103Z</time>
      </trkpt>
      <trkpt lat="49.92612521164119" lon="4.523515831679106">
        <ele>381.03</ele>
        <time>2025-02-26T16:37:19.361Z</time>
      </trkpt>
      <trkpt lat="49.926001159474254" lon="4.523746836930513">
        <ele>380.78</ele>
        <time>2025-02-26T16:37:19.625Z</time>
      </trkpt>
      <trkpt lat="49.925840981304646" lon="4.5238301530480385">
        <ele>380.57</ele>
        <time>2025-02-26T16:37:19.895Z</time>
      </trkpt>
      <trkpt lat="49.9256809707731" lon="4.523913469165564">
        <ele>380.38</ele>
        <time>2025-02-26T16:37:20.170Z</time>
      </trkpt>
      <trkpt lat="49.92559748701751" lon="4.52400709502399">
        <ele>380.17</ele>
        <time>2025-02-26T16:37:20.449Z</time>
      </trkpt>
      <trkpt lat="49.925475027412176" lon="4.524246817454696">
        <ele>379.96</ele>
        <time>2025-02-26T16:37:20.735Z</time>
      </trkpt>
      <trkpt lat="49.92543856613338" lon="4.52428562566638">
        <ele>379.79</ele>
        <time>2025-02-26T16:37:21.022Z</time>
      </trkpt>
      <trkpt lat="49.925264390185475" lon="4.5241111144423485">
        <ele>379.66</ele>
        <time>2025-02-26T16:37:21.316Z</time>
      </trkpt>
      <trkpt lat="49.925153413787484" lon="4.524308843538165">
        <ele>379.46</ele>
        <time>2025-02-26T16:37:21.616Z</time>
      </trkpt>
      <trkpt lat="49.92491151206195" lon="4.524559881538153">
        <ele>379.18</ele>
        <time>2025-02-26T16:37:21.925Z</time>
      </trkpt>
      <trkpt lat="49.92476273328066" lon="4.524700362235308">
        <ele>378.98</ele>
        <time>2025-02-26T16:37:22.240Z</time>
      </trkpt>
      <trkpt lat="49.92461428977549" lon="4.524840759113431">
        <ele>378.79</ele>
        <time>2025-02-26T16:37:22.561Z</time>
      </trkpt>
      <trkpt lat="49.92446375079453" lon="4.524960201233625">
        <ele>378.66</ele>
        <time>2025-02-26T16:37:22.888Z</time>
      </trkpt>
      <trkpt lat="49.924313463270664" lon="4.525079559534788">
        <ele>378.57</ele>
        <time>2025-02-26T16:37:23.220Z</time>
      </trkpt>
      <trkpt lat="49.92416074499488" lon="4.525179639458656">
        <ele>378.48</ele>
        <time>2025-02-26T16:37:23.558Z</time>
      </trkpt>
      <trkpt lat="49.924087738618255" lon="4.525144100189209">
        <ele>378.43</ele>
        <time>2025-02-26T16:37:23.898Z</time>
      </trkpt>
      <trkpt lat="49.92406393401325" lon="4.525157930329442">
        <ele>378.38</ele>
        <time>2025-02-26T16:37:24.239Z</time>
      </trkpt>
      <trkpt lat="49.92403233423829" lon="4.525094395503402">
        <ele>378.37</ele>
        <time>2025-02-26T16:37:24.582Z</time>
      </trkpt>
      <trkpt lat="49.923965111374855" lon="4.5250835828483105">
        <ele>378.37</ele>
        <time>2025-02-26T16:37:24.927Z</time>
      </trkpt>
      <trkpt lat="49.923901576548815" lon="4.524969505146146">
        <ele>378.39</ele>
        <time>2025-02-26T16:37:25.275Z</time>
      </trkpt>
      <trkpt lat="49.92383787408471" lon="4.524706564843655">
        <ele>378.44</ele>
        <time>2025-02-26T16:37:25.629Z</time>
      </trkpt>
      <trkpt lat="49.923774506896734" lon="4.524444965645671">
        <ele>378.49</ele>
        <time>2025-02-26T16:37:25.989Z</time>
      </trkpt>
      <trkpt lat="49.923686161637306" lon="4.524009022861719">
        <ele>378.54</ele>
        <time>2025-02-26T16:37:26.359Z</time>
      </trkpt>
      <trkpt lat="49.92359831929207" lon="4.523575427010655">
        <ele>378.62</ele>
        <time>2025-02-26T16:37:26.739Z</time>
      </trkpt>
      <trkpt lat="49.923510728403926" lon="4.523423295468092">
        <ele>378.72</ele>
        <time>2025-02-26T16:37:27.123Z</time>
      </trkpt>
      <trkpt lat="49.923333367332816" lon="4.523715823888779">
        <ele>378.79</ele>
        <time>2025-02-26T16:37:27.516Z</time>
      </trkpt>
      <trkpt lat="49.92315667681396" lon="4.524007514119148">
        <ele>378.83</ele>
        <time>2025-02-26T16:37:27.918Z</time>
      </trkpt>
      <trkpt lat="49.922967748716474" lon="4.524295348674059">
        <ele>378.82</ele>
        <time>2025-02-26T16:37:28.329Z</time>
      </trkpt>
      <trkpt lat="49.92277890443802" lon="4.524583267048001">
        <ele>378.78</ele>
        <time>2025-02-26T16:37:28.748Z</time>
      </trkpt>
      <trkpt lat="49.92258997634053" lon="4.524871185421944">
        <ele>378.73</ele>
        <time>2025-02-26T16:37:29.176Z</time>
      </trkpt>
      <trkpt lat="49.92240222170949" lon="4.5251575112342834">
        <ele>378.7</ele>
        <time>2025-02-26T16:37:29.613Z</time>
      </trkpt>
      <trkpt lat="49.92227699607611" lon="4.525325149297714">
        <ele>378.7</ele>
        <time>2025-02-26T16:37:30.056Z</time>
      </trkpt>
      <trkpt lat="49.92215218953788" lon="4.525492452085018">
        <ele>378.73</ele>
        <time>2025-02-26T16:37:30.504Z</time>
      </trkpt>
      <trkpt lat="49.9219217710197" lon="4.525690348818898">
        <ele>378.72</ele>
        <time>2025-02-26T16:37:30.961Z</time>
      </trkpt>
      <trkpt lat="49.92175539024174" lon="4.525868631899357">
        <ele>378.76</ele>
        <time>2025-02-26T16:37:31.425Z</time>
      </trkpt>
      <trkpt lat="49.92161985486746" lon="4.5260601583868265">
        <ele>378.82</ele>
        <time>2025-02-26T16:37:31.895Z</time>
      </trkpt>
      <trkpt lat="49.921484822407365" lon="4.526251349598169">
        <ele>378.92</ele>
        <time>2025-02-26T16:37:32.371Z</time>
      </trkpt>
      <trkpt lat="49.921297738328576" lon="4.526580590754747">
        <ele>379.02</ele>
        <time>2025-02-26T16:37:32.856Z</time>
      </trkpt>
      <trkpt lat="49.921106211841106" lon="4.52696037478745">
        <ele>379.09</ele>
        <time>2025-02-26T16:37:33.352Z</time>
      </trkpt>
      <trkpt lat="49.92091468535364" lon="4.527340242639184">
        <ele>379.17</ele>
        <time>2025-02-26T16:37:33.858Z</time>
      </trkpt>
      <trkpt lat="49.92072424851358" lon="4.527718182653189">
        <ele>379.31</ele>
        <time>2025-02-26T16:37:34.374Z</time>
      </trkpt>
      <trkpt lat="49.92057345807552" lon="4.528062762692571">
        <ele>379.42</ele>
        <time>2025-02-26T16:37:34.899Z</time>
      </trkpt>
      <trkpt lat="49.92042333818972" lon="4.528406085446477">
        <ele>379.39</ele>
        <time>2025-02-26T16:37:35.433Z</time>
      </trkpt>
      <trkpt lat="49.92030448280275" lon="4.528573974967003">
        <ele>379.34</ele>
        <time>2025-02-26T16:37:35.973Z</time>
      </trkpt>
      <trkpt lat="49.92017355747521" lon="4.5286915730685">
        <ele>379.29</ele>
        <time>2025-02-26T16:37:36.518Z</time>
      </trkpt>
      <trkpt lat="49.919927129521966" lon="4.52884160913527">
        <ele>379.25</ele>
        <time>2025-02-26T16:37:37.072Z</time>
      </trkpt>
      <trkpt lat="49.91983207874" lon="4.5289242547005415">
        <ele>379.17</ele>
        <time>2025-02-26T16:37:37.629Z</time>
      </trkpt>
      <trkpt lat="49.919682210311294" lon="4.5290933176875114">
        <ele>379.05</ele>
        <time>2025-02-26T16:37:38.192Z</time>
      </trkpt>
      <trkpt lat="49.9194919411093" lon="4.529340919107199">
        <ele>378.92</ele>
        <time>2025-02-26T16:37:38.764Z</time>
      </trkpt>
      <trkpt lat="49.919302174821496" lon="4.529588017612696">
        <ele>378.78</ele>
        <time>2025-02-26T16:37:39.344Z</time>
      </trkpt>
      <trkpt lat="49.919252721592784" lon="4.529706537723541">
        <ele>378.55</ele>
        <time>2025-02-26T16:37:39.927Z</time>
      </trkpt>
      <trkpt lat="49.919258588925004" lon="4.529748950153589">
        <ele>378.25</ele>
        <time>2025-02-26T16:37:40.511Z</time>
      </trkpt>
      <trkpt lat="49.91931156255305" lon="4.529826734215021">
        <ele>377.88</ele>
        <time>2025-02-26T16:37:41.097Z</time>
      </trkpt>
      <trkpt lat="49.91941709071398" lon="4.529914408922195">
        <ele>377.43</ele>
        <time>2025-02-26T16:37:41.687Z</time>
      </trkpt>
      <trkpt lat="49.91963837295771" lon="4.530079197138548">
        <ele>376.88</ele>
        <time>2025-02-26T16:37:42.285Z</time>
      </trkpt>
      <trkpt lat="49.91985973902047" lon="4.530244069173932">
        <ele>376.25</ele>
        <time>2025-02-26T16:37:42.892Z</time>
      </trkpt>
      <trkpt lat="49.92008110508323" lon="4.5304088573902845">
        <ele>375.56</ele>
        <time>2025-02-26T16:37:43.507Z</time>
      </trkpt>
      <trkpt lat="49.92030205205083" lon="4.530573394149542">
        <ele>374.8</ele>
        <time>2025-02-26T16:37:44.130Z</time>
      </trkpt>
      <trkpt lat="49.9205332249403" lon="4.530731895938516">
        <ele>374.02</ele>
        <time>2025-02-26T16:37:44.762Z</time>
      </trkpt>
      <trkpt lat="49.92076431401074" lon="4.530890313908458">
        <ele>373.18</ele>
        <time>2025-02-26T16:37:45.402Z</time>
      </trkpt>
      <trkpt lat="49.920921474695206" lon="4.530963571742177">
        <ele>372.28</ele>
        <time>2025-02-26T16:37:46.047Z</time>
      </trkpt>
      <trkpt lat="49.92107863537967" lon="4.531036913394928">
        <ele>371.3</ele>
        <time>2025-02-26T16:37:46.698Z</time>
      </trkpt>
      <trkpt lat="49.92121391929686" lon="4.5311168767511845">
        <ele>370.26</ele>
        <time>2025-02-26T16:37:47.354Z</time>
      </trkpt>
      <trkpt lat="49.9212396517396" lon="4.531141435727477">
        <ele>369.2</ele>
        <time>2025-02-26T16:37:48.011Z</time>
      </trkpt>
      <trkpt lat="49.92128575220704" lon="4.531260039657354">
        <ele>368.05</ele>
        <time>2025-02-26T16:37:48.671Z</time>
      </trkpt>
      <trkpt lat="49.921276196837425" lon="4.531509904190898">
        <ele>366.87</ele>
        <time>2025-02-26T16:37:49.336Z</time>
      </trkpt>
      <trkpt lat="49.92126672528684" lon="4.531758427619934">
        <ele>365.61</ele>
        <time>2025-02-26T16:37:50.006Z</time>
      </trkpt>
      <trkpt lat="49.92128709331155" lon="4.532064702361822">
        <ele>364.24</ele>
        <time>2025-02-26T16:37:50.683Z</time>
      </trkpt>
      <trkpt lat="49.92130737751722" lon="4.532369300723076">
        <ele>362.86</ele>
        <time>2025-02-26T16:37:51.367Z</time>
      </trkpt>
      <trkpt lat="49.92130922153592" lon="4.532703151926398">
        <ele>361.41</ele>
        <time>2025-02-26T16:37:52.058Z</time>
      </trkpt>
      <trkpt lat="49.92131106555462" lon="4.533035242930055">
        <ele>359.93</ele>
        <time>2025-02-26T16:37:52.756Z</time>
      </trkpt>
      <trkpt lat="49.921270748600364" lon="4.5333825051784515">
        <ele>358.42</ele>
        <time>2025-02-26T16:37:53.462Z</time>
      </trkpt>
      <trkpt lat="49.921230766922235" lon="4.533728007227182">
        <ele>356.92</ele>
        <time>2025-02-26T16:37:54.175Z</time>
      </trkpt>
      <trkpt lat="49.92116505280137" lon="4.53397854231298">
        <ele>355.34</ele>
        <time>2025-02-26T16:37:54.894Z</time>
      </trkpt>
      <trkpt lat="49.921001605689526" lon="4.534381628036499">
        <ele>353.72</ele>
        <time>2025-02-26T16:37:55.623Z</time>
      </trkpt>
      <trkpt lat="49.92083815857768" lon="4.534784713760018">
        <ele>352.01</ele>
        <time>2025-02-26T16:37:56.363Z</time>
      </trkpt>
      <trkpt lat="49.92067580111325" lon="4.535185368731618">
        <ele>350.27</ele>
        <time>2025-02-26T16:37:57.113Z</time>
      </trkpt>
      <trkpt lat="49.920514365658164" lon="4.535516202449799">
        <ele>348.54</ele>
        <time>2025-02-26T16:37:57.872Z</time>
      </trkpt>
      <trkpt lat="49.92035301402211" lon="4.535847036167979">
        <ele>346.81</ele>
        <time>2025-02-26T16:37:58.640Z</time>
      </trkpt>
      <trkpt lat="49.92019258439541" lon="4.536176109686494">
        <ele>345.08</ele>
        <time>2025-02-26T16:37:59.416Z</time>
      </trkpt>
      <trkpt lat="49.92009501904249" lon="4.536403678357601">
        <ele>343.37</ele>
        <time>2025-02-26T16:38:00.198Z</time>
      </trkpt>
      <trkpt lat="49.919997956603765" lon="4.536630408838391">
        <ele>341.62</ele>
        <time>2025-02-26T16:38:00.986Z</time>
      </trkpt>
      <trkpt lat="49.91990927606821" lon="4.536867532879114">
        <ele>339.9</ele>
        <time>2025-02-26T16:38:01.780Z</time>
      </trkpt>
      <trkpt lat="49.919845489785075" lon="4.537090994417667">
        <ele>338.19</ele>
        <time>2025-02-26T16:38:02.579Z</time>
      </trkpt>
      <trkpt lat="49.91978203877807" lon="4.53731345012784">
        <ele>336.54</ele>
        <time>2025-02-26T16:38:03.384Z</time>
      </trkpt>
      <trkpt lat="49.91968682035804" lon="4.537685355171561">
        <ele>334.87</ele>
        <time>2025-02-26T16:38:04.197Z</time>
      </trkpt>
      <trkpt lat="49.919646168127656" lon="4.537952821701765">
        <ele>333.27</ele>
        <time>2025-02-26T16:38:05.016Z</time>
      </trkpt>
      <trkpt lat="49.9196058511734" lon="4.538218947127461">
        <ele>331.74</ele>
        <time>2025-02-26T16:38:05.841Z</time>
      </trkpt>
      <trkpt lat="49.91957341320813" lon="4.538628151640296">
        <ele>330.25</ele>
        <time>2025-02-26T16:38:06.675Z</time>
      </trkpt>
      <trkpt lat="49.91957760415971" lon="4.5387569814920425">
        <ele>328.89</ele>
        <time>2025-02-26T16:38:07.512Z</time>
      </trkpt>
      <trkpt lat="49.91963988170028" lon="4.53905638307333">
        <ele>327.53</ele>
        <time>2025-02-26T16:38:08.356Z</time>
      </trkpt>
      <trkpt lat="49.91970190778375" lon="4.539354359731078">
        <ele>326.23</ele>
        <time>2025-02-26T16:38:09.206Z</time>
      </trkpt>
      <trkpt lat="49.91972889751196" lon="4.539584359154105">
        <ele>325.08</ele>
        <time>2025-02-26T16:38:10.061Z</time>
      </trkpt>
      <trkpt lat="49.919780949130654" lon="4.539684941992164">
        <ele>324.07</ele>
        <time>2025-02-26T16:38:10.919Z</time>
      </trkpt>
      <trkpt lat="49.91981053724885" lon="4.539693994447589">
        <ele>323.19</ele>
        <time>2025-02-26T16:38:11.778Z</time>
      </trkpt>
      <trkpt lat="49.920010194182396" lon="4.5396587904542685">
        <ele>322.35</ele>
        <time>2025-02-26T16:38:12.644Z</time>
      </trkpt>
      <trkpt lat="49.92025754414499" lon="4.539574217051268">
        <ele>321.66</ele>
        <time>2025-02-26T16:38:13.518Z</time>
      </trkpt>
      <trkpt lat="49.92050497792661" lon="4.5394897274672985">
        <ele>321.18</ele>
        <time>2025-02-26T16:38:14.401Z</time>
      </trkpt>
      <trkpt lat="49.92076917551458" lon="4.539347318932414">
        <ele>320.89</ele>
        <time>2025-02-26T16:38:15.293Z</time>
      </trkpt>
      <trkpt lat="49.920978052541614" lon="4.5393200777471066">
        <ele>320.61</ele>
        <time>2025-02-26T16:38:16.192Z</time>
      </trkpt>
      <trkpt lat="49.92118701338768" lon="4.5392930041998625">
        <ele>320.43</ele>
        <time>2025-02-26T16:38:17.098Z</time>
      </trkpt>
      <trkpt lat="49.92134576663375" lon="4.539189403876662">
        <ele>320.49</ele>
        <time>2025-02-26T16:38:18.010Z</time>
      </trkpt>
      <trkpt lat="49.92151726037264" lon="4.539029225707054">
        <ele>320.77</ele>
        <time>2025-02-26T16:38:18.928Z</time>
      </trkpt>
      <trkpt lat="49.921688586473465" lon="4.538869298994541">
        <ele>321.18</ele>
        <time>2025-02-26T16:38:19.853Z</time>
      </trkpt>
      <trkpt lat="49.92194968275726" lon="4.538659919053316">
        <ele>321.66</ele>
        <time>2025-02-26T16:38:20.788Z</time>
      </trkpt>
      <trkpt lat="49.92221052758396" lon="4.538450790569186">
        <ele>322.22</ele>
        <time>2025-02-26T16:38:21.733Z</time>
      </trkpt>
      <trkpt lat="49.92237648926675" lon="4.538252977654338">
        <ele>323.0</ele>
        <time>2025-02-26T16:38:22.685Z</time>
      </trkpt>
      <trkpt lat="49.922542199492455" lon="4.538055583834648">
        <ele>323.95</ele>
        <time>2025-02-26T16:38:23.644Z</time>
      </trkpt>
      <trkpt lat="49.92264756001532" lon="4.538042759522796">
        <ele>324.94</ele>
        <time>2025-02-26T16:38:24.606Z</time>
      </trkpt>
      <trkpt lat="49.922728864476085" lon="4.538166644051671">
        <ele>326.09</ele>
        <time>2025-02-26T16:38:25.572Z</time>
      </trkpt>
      <trkpt lat="49.9228628911078" lon="4.53849446028471">
        <ele>327.34</ele>
        <time>2025-02-26T16:38:26.546Z</time>
      </trkpt>
      <trkpt lat="49.92299641482532" lon="4.538821019232273">
        <ele>328.8</ele>
        <time>2025-02-26T16:38:27.529Z</time>
      </trkpt>
      <trkpt lat="49.923096830025315" lon="4.53916241414845">
        <ele>330.35</ele>
        <time>2025-02-26T16:38:28.520Z</time>
      </trkpt>
      <trkpt lat="49.92319682613015" lon="4.539502300322056">
        <ele>332.02</ele>
        <time>2025-02-26T16:38:29.519Z</time>
      </trkpt>
      <trkpt lat="49.923238568007946" lon="4.539733557030559">
        <ele>333.78</ele>
        <time>2025-02-26T16:38:30.523Z</time>
      </trkpt>
      <trkpt lat="49.923127088695765" lon="4.539967831224203">
        <ele>335.63</ele>
        <time>2025-02-26T16:38:31.533Z</time>
      </trkpt>
      <trkpt lat="49.923016615211964" lon="4.540320625528693">
        <ele>337.68</ele>
        <time>2025-02-26T16:38:32.552Z</time>
      </trkpt>
      <trkpt lat="49.9229733645916" lon="4.540512235835195">
        <ele>339.77</ele>
        <time>2025-02-26T16:38:33.575Z</time>
      </trkpt>
      <trkpt lat="49.92299138568342" lon="4.540708037093282">
        <ele>341.88</ele>
        <time>2025-02-26T16:38:34.602Z</time>
      </trkpt>
      <trkpt lat="49.922972274944186" lon="4.5410815346986055">
        <ele>344.11</ele>
        <time>2025-02-26T16:38:35.637Z</time>
      </trkpt>
      <trkpt lat="49.9229836743325" lon="4.541342128068209">
        <ele>346.2</ele>
        <time>2025-02-26T16:38:36.678Z</time>
      </trkpt>
      <trkpt lat="49.92305584251881" lon="4.5416309684515">
        <ele>348.28</ele>
        <time>2025-02-26T16:38:37.726Z</time>
      </trkpt>
      <trkpt lat="49.92319079115987" lon="4.541905224323273">
        <ele>350.35</ele>
        <time>2025-02-26T16:38:38.781Z</time>
      </trkpt>
      <trkpt lat="49.9233254045248" lon="4.542178558185697">
        <ele>352.37</ele>
        <time>2025-02-26T16:38:39.844Z</time>
      </trkpt>
      <trkpt lat="49.92346337065101" lon="4.5424960646778345">
        <ele>354.31</ele>
        <time>2025-02-26T16:38:40.915Z</time>
      </trkpt>
      <trkpt lat="49.92366646416485" lon="4.5428320951759815">
        <ele>356.18</ele>
        <time>2025-02-26T16:38:41.996Z</time>
      </trkpt>
      <trkpt lat="49.92379143834114" lon="4.5430688839405775">
        <ele>357.88</ele>
        <time>2025-02-26T16:38:43.083Z</time>
      </trkpt>
      <trkpt lat="49.9239160772413" lon="4.54330500215292">
        <ele>359.38</ele>
        <time>2025-02-26T16:38:44.177Z</time>
      </trkpt>
      <trkpt lat="49.92397064343095" lon="4.543457804247737">
        <ele>360.77</ele>
        <time>2025-02-26T16:38:45.275Z</time>
      </trkpt>
      <trkpt lat="49.92399570532143" lon="4.543632231652737">
        <ele>362.04</ele>
        <time>2025-02-26T16:38:46.377Z</time>
      </trkpt>
      <trkpt lat="49.92398925125599" lon="4.54367489553988">
        <ele>363.17</ele>
        <time>2025-02-26T16:38:47.479Z</time>
      </trkpt>
      <trkpt lat="49.924063766375184" lon="4.5439839363098145">
        <ele>364.99</ele>
        <time>2025-02-26T16:38:48.589Z</time>
      </trkpt>
      <trkpt lat="49.92414951324463" lon="4.543919563293457">
        <ele>365.68</ele>
        <time>2025-02-26T16:38:49.702Z</time>
      </trkpt>
      <trkpt lat="49.92417097091675" lon="4.544284343719482">
        <ele>366.28</ele>
        <time>2025-02-26T16:38:50.823Z</time>
      </trkpt>
      <trkpt lat="49.92417097091675" lon="4.5446062088012695">
        <ele>366.75</ele>
        <time>2025-02-26T16:38:51.951Z</time>
      </trkpt>
      <trkpt lat="49.92424624040723" lon="4.54484274610877">
        <ele>367.03</ele>
        <time>2025-02-26T16:38:53.084Z</time>
      </trkpt>
      <trkpt lat="49.92432117462158" lon="4.545078277587891">
        <ele>367.1</ele>
        <time>2025-02-26T16:38:54.223Z</time>
      </trkpt>
      <trkpt lat="49.924278259277344" lon="4.5453572273254395">
        <ele>366.99</ele>
        <time>2025-02-26T16:38:55.368Z</time>
      </trkpt>
      <trkpt lat="49.92408514022827" lon="4.545507431030273">
        <ele>366.79</ele>
        <time>2025-02-26T16:38:56.520Z</time>
      </trkpt>
      <trkpt lat="49.92384910583496" lon="4.545421600341797">
        <ele>366.39</ele>
        <time>2025-02-26T16:38:57.680Z</time>
      </trkpt>
      <trkpt lat="49.92365422658622" lon="4.5456163957715034">
        <ele>365.69</ele>
        <time>2025-02-26T16:38:58.848Z</time>
      </trkpt>
      <trkpt lat="49.92365405894816" lon="4.545616647228599">
        <ele>364.95</ele>
        <time>2025-02-26T16:39:00.016Z</time>
      </trkpt>
      <trkpt lat="49.92359161376953" lon="4.545679092407227">
        <ele>364.01</ele>
        <time>2025-02-26T16:39:01.187Z</time>
      </trkpt>
      <trkpt lat="49.92347334511578" lon="4.545937003567815">
        <ele>362.88</ele>
        <time>2025-02-26T16:39:02.364Z</time>
      </trkpt>
      <trkpt lat="49.92335557937622" lon="4.546194076538086">
        <ele>361.63</ele>
        <time>2025-02-26T16:39:03.548Z</time>
      </trkpt>
      <trkpt lat="49.92328022606671" lon="4.54655977897346">
        <ele>360.31</ele>
        <time>2025-02-26T16:39:04.740Z</time>
      </trkpt>
      <trkpt lat="49.92320537567139" lon="4.546923637390137">
        <ele>358.88</ele>
        <time>2025-02-26T16:39:05.941Z</time>
      </trkpt>
      <trkpt lat="49.92309808731079" lon="4.547052383422852">
        <ele>357.38</ele>
        <time>2025-02-26T16:39:07.146Z</time>
      </trkpt>
      <trkpt lat="49.92281913757324" lon="4.5470809657126665">
        <ele>355.69</ele>
        <time>2025-02-26T16:39:08.361Z</time>
      </trkpt>
      <trkpt lat="49.92254018783569" lon="4.5471095480024815">
        <ele>353.87</ele>
        <time>2025-02-26T16:39:09.585Z</time>
      </trkpt>
      <trkpt lat="49.922261741012335" lon="4.547138130292296">
        <ele>351.89</ele>
        <time>2025-02-26T16:39:10.818Z</time>
      </trkpt>
      <trkpt lat="49.922261321917176" lon="4.547138214111328">
        <ele>350.21</ele>
        <time>2025-02-26T16:39:12.051Z</time>
      </trkpt>
      <trkpt lat="49.922261238098145" lon="4.547138214111328">
        <ele>348.52</ele>
        <time>2025-02-26T16:39:13.284Z</time>
      </trkpt>
      <trkpt lat="49.922261321917176" lon="4.547138214111328">
        <ele>350.21</ele>
        <time>2025-02-26T16:39:14.517Z</time>
      </trkpt>
      <trkpt lat="49.92219686508179" lon="4.547224044799805">
        <ele>345.04</ele>
        <time>2025-02-26T16:39:15.753Z</time>
      </trkpt>
      <trkpt lat="49.92219686508179" lon="4.547417163848877">
        <ele>343.36</ele>
        <time>2025-02-26T16:39:16.993Z</time>
      </trkpt>
      <trkpt lat="49.92209485732019" lon="4.547422444447875">
        <ele>341.58</ele>
        <time>2025-02-26T16:39:18.237Z</time>
      </trkpt>
      <trkpt lat="49.922094354406" lon="4.547422528266907">
        <ele>339.93</ele>
        <time>2025-02-26T16:39:19.481Z</time>
      </trkpt>
      <trkpt lat="49.92195814847946" lon="4.547431580722332">
        <ele>338.2</ele>
        <time>2025-02-26T16:39:20.729Z</time>
      </trkpt>
      <trkpt lat="49.921775590628386" lon="4.547439878806472">
        <ele>336.49</ele>
        <time>2025-02-26T16:39:21.983Z</time>
      </trkpt>
      <trkpt lat="49.92158263921738" lon="4.547474244609475">
        <ele>334.86</ele>
        <time>2025-02-26T16:39:23.244Z</time>
      </trkpt>
      <trkpt lat="49.9213844910264" lon="4.547461420297623">
        <ele>333.24</ele>
        <time>2025-02-26T16:39:24.511Z</time>
      </trkpt>
      <trkpt lat="49.92118198424578" lon="4.547491846606135">
        <ele>331.67</ele>
        <time>2025-02-26T16:39:25.785Z</time>
      </trkpt>
      <trkpt lat="49.92102138698101" lon="4.547487907111645">
        <ele>330.17</ele>
        <time>2025-02-26T16:39:27.065Z</time>
      </trkpt>
      <trkpt lat="49.92076431401074" lon="4.547523278743029">
        <ele>328.71</ele>
        <time>2025-02-26T16:39:28.353Z</time>
      </trkpt>
      <trkpt lat="49.92066725157201" lon="4.547572061419487">
        <ele>327.38</ele>
        <time>2025-02-26T16:39:29.645Z</time>
      </trkpt>
      <trkpt lat="49.9206455424428" lon="4.5476278848946095">
        <ele>326.15</ele>
        <time>2025-02-26T16:39:30.938Z</time>
      </trkpt>
      <trkpt lat="49.92066465318203" lon="4.547811867669225">
        <ele>325.01</ele>
        <time>2025-02-26T16:39:32.235Z</time>
      </trkpt>
      <trkpt lat="49.92070958018303" lon="4.547957377508283">
        <ele>323.91</ele>
        <time>2025-02-26T16:39:33.535Z</time>
      </trkpt>
      <trkpt lat="49.92079599760473" lon="4.548077825456858">
        <ele>322.87</ele>
        <time>2025-02-26T16:39:34.839Z</time>
      </trkpt>
      <trkpt lat="49.92082491517067" lon="4.5481485687196255">
        <ele>321.82</ele>
        <time>2025-02-26T16:39:36.145Z</time>
      </trkpt>
      <trkpt lat="49.92084511555731" lon="4.548311177641153">
        <ele>320.77</ele>
        <time>2025-02-26T16:39:37.455Z</time>
      </trkpt>
      <trkpt lat="49.92084855213761" lon="4.548271028324962">
        <ele>319.75</ele>
        <time>2025-02-26T16:39:38.766Z</time>
      </trkpt>
      <trkpt lat="49.92082826793194" lon="4.548289552330971">
        <ele>318.72</ele>
        <time>2025-02-26T16:39:40.077Z</time>
      </trkpt>
      <trkpt lat="49.92092021740973" lon="4.548372449353337">
        <ele>317.75</ele>
        <time>2025-02-26T16:39:41.392Z</time>
      </trkpt>
      <trkpt lat="49.92099791765213" lon="4.548588870093226">
        <ele>316.74</ele>
        <time>2025-02-26T16:39:42.712Z</time>
      </trkpt>
      <trkpt lat="49.92102323099971" lon="4.548833621665835">
        <ele>315.71</ele>
        <time>2025-02-26T16:39:44.038Z</time>
      </trkpt>
      <trkpt lat="49.921020632609725" lon="4.549049288034439">
        <ele>314.62</ele>
        <time>2025-02-26T16:39:45.368Z</time>
      </trkpt>
      <trkpt lat="49.92096363566816" lon="4.54926528967917">
        <ele>313.43</ele>
        <time>2025-02-26T16:39:46.703Z</time>
      </trkpt>
      <trkpt lat="49.92095600813627" lon="4.549360675737262">
        <ele>312.26</ele>
        <time>2025-02-26T16:39:48.040Z</time>
      </trkpt>
      <trkpt lat="49.92097998037934" lon="4.5496738236397505">
        <ele>311.05</ele>
        <time>2025-02-26T16:39:49.384Z</time>
      </trkpt>
      <trkpt lat="49.92108064703643" lon="4.550009770318866">
        <ele>309.9</ele>
        <time>2025-02-26T16:39:50.736Z</time>
      </trkpt>
      <trkpt lat="49.92106874473393" lon="4.550232728943229">
        <ele>308.57</ele>
        <time>2025-02-26T16:39:52.093Z</time>
      </trkpt>
      <trkpt lat="49.92111476138234" lon="4.55053037032485">
        <ele>307.21</ele>
        <time>2025-02-26T16:39:53.457Z</time>
      </trkpt>
      <trkpt lat="49.92116069421172" lon="4.550826586782932">
        <ele>305.83</ele>
        <time>2025-02-26T16:39:54.827Z</time>
      </trkpt>
      <trkpt lat="49.92122456431389" lon="4.55094862729311">
        <ele>304.48</ele>
        <time>2025-02-26T16:39:56.200Z</time>
      </trkpt>
      <trkpt lat="49.92124384269118" lon="4.551022388041019">
        <ele>303.03</ele>
        <time>2025-02-26T16:39:57.575Z</time>
      </trkpt>
      <trkpt lat="49.92122967727482" lon="4.551093969494104">
        <ele>301.49</ele>
        <time>2025-02-26T16:39:58.952Z</time>
      </trkpt>
      <trkpt lat="49.921162370592356" lon="4.551118863746524">
        <ele>299.85</ele>
        <time>2025-02-26T16:40:00.331Z</time>
      </trkpt>
      <trkpt lat="49.92108592763543" lon="4.551124479621649">
        <ele>298.16</ele>
        <time>2025-02-26T16:40:01.713Z</time>
      </trkpt>
      <trkpt lat="49.92095869034529" lon="4.551197653636336">
        <ele>296.4</ele>
        <time>2025-02-26T16:40:03.099Z</time>
      </trkpt>
      <trkpt lat="49.92084796540439" lon="4.551231851801276">
        <ele>294.63</ele>
        <time>2025-02-26T16:40:04.489Z</time>
      </trkpt>
      <trkpt lat="49.92077764123678" lon="4.551231851801276">
        <ele>292.94</ele>
        <time>2025-02-26T16:40:05.881Z</time>
      </trkpt>
      <trkpt lat="49.92048150859773" lon="4.5512977335602045">
        <ele>290.82</ele>
        <time>2025-02-26T16:40:07.283Z</time>
      </trkpt>
      <trkpt lat="49.92041939869523" lon="4.551329668611288">
        <ele>289.17</ele>
        <time>2025-02-26T16:40:08.687Z</time>
      </trkpt>
      <trkpt lat="49.920407831668854" lon="4.551385156810284">
        <ele>287.7</ele>
        <time>2025-02-26T16:40:10.093Z</time>
      </trkpt>
      <trkpt lat="49.920432390645146" lon="4.551847167313099">
        <ele>286.44</ele>
        <time>2025-02-26T16:40:11.509Z</time>
      </trkpt>
      <trkpt lat="49.92042241618037" lon="4.552002232521772">
        <ele>285.16</ele>
        <time>2025-02-26T16:40:12.928Z</time>
      </trkpt>
      <trkpt lat="49.92035251110792" lon="4.552354272454977">
        <ele>283.83</ele>
        <time>2025-02-26T16:40:14.355Z</time>
      </trkpt>
      <trkpt lat="49.92034412920475" lon="4.552741013467312">
        <ele>282.71</ele>
        <time>2025-02-26T16:40:15.790Z</time>
      </trkpt>
      <trkpt lat="49.92027916945517" lon="4.553116271272302">
        <ele>281.71</ele>
        <time>2025-02-26T16:40:17.234Z</time>
      </trkpt>
      <trkpt lat="49.920251509174705" lon="4.5535495318472385">
        <ele>281.01</ele>
        <time>2025-02-26T16:40:18.687Z</time>
      </trkpt>
      <trkpt lat="49.920176323503256" lon="4.5539330039173365">
        <ele>280.41</ele>
        <time>2025-02-26T16:40:20.149Z</time>
      </trkpt>
      <trkpt lat="49.920101556926966" lon="4.554314631968737">
        <ele>279.98</ele>
        <time>2025-02-26T16:40:21.619Z</time>
      </trkpt>
      <trkpt lat="49.92006869986653" lon="4.554592072963715">
        <ele>279.83</ele>
        <time>2025-02-26T16:40:23.095Z</time>
      </trkpt>
      <trkpt lat="49.920036094263196" lon="4.554868172854185">
        <ele>279.89</ele>
        <time>2025-02-26T16:40:24.577Z</time>
      </trkpt>
      <trkpt lat="49.92004523053765" lon="4.554960960522294">
        <ele>280.18</ele>
        <time>2025-02-26T16:40:26.061Z</time>
      </trkpt>
      <trkpt lat="49.920053109526634" lon="4.55497688613832">
        <ele>280.67</ele>
        <time>2025-02-26T16:40:27.546Z</time>
      </trkpt>
      <trkpt lat="49.92008118890226" lon="4.554935647174716">
        <ele>281.38</ele>
        <time>2025-02-26T16:40:29.032Z</time>
      </trkpt>
      <trkpt lat="49.9201116990298" lon="4.554672539234161">
        <ele>282.24</ele>
        <time>2025-02-26T16:40:30.524Z</time>
      </trkpt>
      <trkpt lat="49.9201634991914" lon="4.5544686913490295">
        <ele>283.39</ele>
        <time>2025-02-26T16:40:32.021Z</time>
      </trkpt>
      <trkpt lat="49.9202448874712" lon="4.554297449067235">
        <ele>284.81</ele>
        <time>2025-02-26T16:40:33.522Z</time>
      </trkpt>
      <trkpt lat="49.92030599154532" lon="4.554225029423833">
        <ele>286.41</ele>
        <time>2025-02-26T16:40:35.026Z</time>
      </trkpt>
      <trkpt lat="49.920357121154666" lon="4.554199296981096">
        <ele>288.2</ele>
        <time>2025-02-26T16:40:36.532Z</time>
      </trkpt>
      <trkpt lat="49.92041554301977" lon="4.554266016930342">
        <ele>290.2</ele>
        <time>2025-02-26T16:40:38.040Z</time>
      </trkpt>
      <trkpt lat="49.92047606036067" lon="4.5543856266886">
        <ele>292.41</ele>
        <time>2025-02-26T16:40:39.551Z</time>
      </trkpt>
      <trkpt lat="49.92050942033529" lon="4.554401049390435">
        <ele>294.71</ele>
        <time>2025-02-26T16:40:41.063Z</time>
      </trkpt>
      <trkpt lat="49.92055468261242" lon="4.5542595628649">
        <ele>297.14</ele>
        <time>2025-02-26T16:40:42.579Z</time>
      </trkpt>
      <trkpt lat="49.92071494460106" lon="4.553966196253896">
        <ele>299.91</ele>
        <time>2025-02-26T16:40:44.103Z</time>
      </trkpt>
      <trkpt lat="49.920764062553644" lon="4.553890507668257">
        <ele>302.62</ele>
        <time>2025-02-26T16:40:45.629Z</time>
      </trkpt>
      <trkpt lat="49.92086565122008" lon="4.553795792162418">
        <ele>305.53</ele>
        <time>2025-02-26T16:40:47.159Z</time>
      </trkpt>
      <trkpt lat="49.92093094624579" lon="4.553790092468262">
        <ele>308.47</ele>
        <time>2025-02-26T16:40:48.692Z</time>
      </trkpt>
      <trkpt lat="49.92095232009888" lon="4.554262161254883">
        <ele>311.46</ele>
        <time>2025-02-26T16:40:50.235Z</time>
      </trkpt>
      <trkpt lat="49.92102758958936" lon="4.554541697725654">
        <ele>314.52</ele>
        <time>2025-02-26T16:40:51.784Z</time>
      </trkpt>
      <trkpt lat="49.92110252380371" lon="4.5548200607299805">
        <ele>317.57</ele>
        <time>2025-02-26T16:40:53.340Z</time>
      </trkpt>
      <trkpt lat="49.92132782936096" lon="4.55478779040277">
        <ele>320.74</ele>
        <time>2025-02-26T16:40:54.903Z</time>
      </trkpt>
      <trkpt lat="49.92155313491821" lon="4.554755687713623">
        <ele>323.87</ele>
        <time>2025-02-26T16:40:56.474Z</time>
      </trkpt>
      <trkpt lat="49.921701746061444" lon="4.55496221780777">
        <ele>326.85</ele>
        <time>2025-02-26T16:40:58.052Z</time>
      </trkpt>
      <trkpt lat="49.92185010574758" lon="4.555168244987726">
        <ele>329.8</ele>
        <time>2025-02-26T16:40:59.636Z</time>
      </trkpt>
      <trkpt lat="49.92193937301636" lon="4.555292129516602">
        <ele>332.66</ele>
        <time>2025-02-26T16:41:01.224Z</time>
      </trkpt>
      <trkpt lat="49.92216467857361" lon="4.55529204569757">
        <ele>335.53</ele>
        <time>2025-02-26T16:41:02.820Z</time>
      </trkpt>
      <trkpt lat="49.92239006794989" lon="4.555292129516602">
        <ele>338.29</ele>
        <time>2025-02-26T16:41:04.423Z</time>
      </trkpt>
      <trkpt lat="49.92238998413086" lon="4.555292129516602">
        <ele>340.81</ele>
        <time>2025-02-26T16:41:06.026Z</time>
      </trkpt>
      <trkpt lat="49.922494757920504" lon="4.554832549765706">
        <ele>343.36</ele>
        <time>2025-02-26T16:41:07.640Z</time>
      </trkpt>
      <trkpt lat="49.922541696578264" lon="4.554626941680908">
        <ele>345.68</ele>
        <time>2025-02-26T16:41:09.258Z</time>
      </trkpt>
      <trkpt lat="49.92256885394454" lon="4.554141294211149">
        <ele>347.89</ele>
        <time>2025-02-26T16:41:10.887Z</time>
      </trkpt>
      <trkpt lat="49.92259609512985" lon="4.553655730560422">
        <ele>349.96</ele>
        <time>2025-02-26T16:41:12.526Z</time>
      </trkpt>
      <trkpt lat="49.922596933320165" lon="4.553639888763428">
        <ele>351.84</ele>
        <time>2025-02-26T16:41:14.166Z</time>
      </trkpt>
      <trkpt lat="49.92262316867709" lon="4.553154157474637">
        <ele>353.56</ele>
        <time>2025-02-26T16:41:15.816Z</time>
      </trkpt>
      <trkpt lat="49.92263146676123" lon="4.553001271560788">
        <ele>355.15</ele>
        <time>2025-02-26T16:41:17.470Z</time>
      </trkpt>
      <trkpt lat="49.92263146676123" lon="4.553001439198852">
        <ele>356.6</ele>
        <time>2025-02-26T16:41:19.124Z</time>
      </trkpt>
      <trkpt lat="49.922876888886094" lon="4.55270086415112">
        <ele>358.06</ele>
        <time>2025-02-26T16:41:20.788Z</time>
      </trkpt>
      <trkpt lat="49.92287672124803" lon="4.552701115608215">
        <ele>359.21</ele>
        <time>2025-02-26T16:41:22.452Z</time>
      </trkpt>
      <trkpt lat="49.92303782142699" lon="4.552282523363829">
        <ele>360.32</ele>
        <time>2025-02-26T16:41:24.127Z</time>
      </trkpt>
      <trkpt lat="49.923199005424976" lon="4.55186384730041">
        <ele>361.19</ele>
        <time>2025-02-26T16:41:25.812Z</time>
      </trkpt>
      <trkpt lat="49.92328776977956" lon="4.5516331773251295">
        <ele>361.89</ele>
        <time>2025-02-26T16:41:27.503Z</time>
      </trkpt>
      <trkpt lat="49.92328768596053" lon="4.551633512601256">
        <ele>362.44</ele>
        <time>2025-02-26T16:41:29.194Z</time>
      </trkpt>
      <trkpt lat="49.923484241589904" lon="4.552014134824276">
        <ele>363.03</ele>
        <time>2025-02-26T16:41:30.895Z</time>
      </trkpt>
      <trkpt lat="49.923680797219276" lon="4.552394757047296">
        <ele>363.34</ele>
        <time>2025-02-26T16:41:32.607Z</time>
      </trkpt>
      <trkpt lat="49.92380174808204" lon="4.552628947421908">
        <ele>363.45</ele>
        <time>2025-02-26T16:41:34.325Z</time>
      </trkpt>
      <trkpt lat="49.92380174808204" lon="4.552628863602877">
        <ele>363.33</ele>
        <time>2025-02-26T16:41:36.043Z</time>
      </trkpt>
      <trkpt lat="49.92380619049072" lon="4.552717208862305">
        <ele>363.07</ele>
        <time>2025-02-26T16:41:37.763Z</time>
      </trkpt>
      <trkpt lat="49.92391347885132" lon="4.552738666534424">
        <ele>362.71</ele>
        <time>2025-02-26T16:41:39.487Z</time>
      </trkpt>
      <trkpt lat="49.92393493652344" lon="4.552974700927734">
        <ele>362.23</ele>
        <time>2025-02-26T16:41:41.216Z</time>
      </trkpt>
      <trkpt lat="49.923999309539795" lon="4.553124904632568">
        <ele>361.67</ele>
        <time>2025-02-26T16:41:42.949Z</time>
      </trkpt>
      <trkpt lat="49.923999309539795" lon="4.553382396697998">
        <ele>361.02</ele>
        <time>2025-02-26T16:41:44.687Z</time>
      </trkpt>
      <trkpt lat="49.92410659790039" lon="4.55357551574707">
        <ele>360.24</ele>
        <time>2025-02-26T16:41:46.431Z</time>
      </trkpt>
      <trkpt lat="49.924278259277344" lon="4.553704261779785">
        <ele>359.38</ele>
        <time>2025-02-26T16:41:48.181Z</time>
      </trkpt>
      <trkpt lat="49.92440700531006" lon="4.553897380828857">
        <ele>358.38</ele>
        <time>2025-02-26T16:41:49.937Z</time>
      </trkpt>
      <trkpt lat="49.924471378326416" lon="4.554176330566406">
        <ele>357.4</ele>
        <time>2025-02-26T16:41:51.700Z</time>
      </trkpt>
      <trkpt lat="49.92457866668701" lon="4.554197788238525">
        <ele>356.37</ele>
        <time>2025-02-26T16:41:53.466Z</time>
      </trkpt>
      <trkpt lat="49.924771785736084" lon="4.554390907287598">
        <ele>355.24</ele>
        <time>2025-02-26T16:41:55.240Z</time>
      </trkpt>
      <trkpt lat="49.92483615875244" lon="4.554541110992432">
        <ele>354.2</ele>
        <time>2025-02-26T16:41:57.018Z</time>
      </trkpt>
      <trkpt lat="49.92483523674309" lon="4.554549073800445">
        <ele>353.22</ele>
        <time>2025-02-26T16:41:58.796Z</time>
      </trkpt>
      <trkpt lat="49.924832386896014" lon="4.554574219509959">
        <ele>352.23</ele>
        <time>2025-02-26T16:42:00.575Z</time>
      </trkpt>
      <trkpt lat="49.924828028306365" lon="4.55461286008358">
        <ele>351.26</ele>
        <time>2025-02-26T16:42:02.354Z</time>
      </trkpt>
      <trkpt lat="49.92484437301755" lon="4.554612273350358">
        <ele>350.29</ele>
        <time>2025-02-26T16:42:04.134Z</time>
      </trkpt>
      <trkpt lat="49.9249298684299" lon="4.554609507322311">
        <ele>349.32</ele>
        <time>2025-02-26T16:42:05.917Z</time>
      </trkpt>
      <trkpt lat="49.92494612932205" lon="4.554609255865216">
        <ele>348.4</ele>
        <time>2025-02-26T16:42:07.700Z</time>
      </trkpt>
      <trkpt lat="49.925106978043914" lon="4.554607160389423">
        <ele>347.46</ele>
        <time>2025-02-26T16:42:09.489Z</time>
      </trkpt>
      <trkpt lat="49.92534393444657" lon="4.554603975266218">
        <ele>346.55</ele>
        <time>2025-02-26T16:42:11.286Z</time>
      </trkpt>
      <trkpt lat="49.92558089084923" lon="4.554600790143013">
        <ele>345.7</ele>
        <time>2025-02-26T16:42:13.090Z</time>
      </trkpt>
      <trkpt lat="49.92576294578612" lon="4.554639346897602">
        <ele>344.87</ele>
        <time>2025-02-26T16:42:14.901Z</time>
      </trkpt>
      <trkpt lat="49.92595002986491" lon="4.554787455126643">
        <ele>344.08</ele>
        <time>2025-02-26T16:42:16.719Z</time>
      </trkpt>
      <trkpt lat="49.92604306899011" lon="4.555145278573036">
        <ele>343.36</ele>
        <time>2025-02-26T16:42:18.545Z</time>
      </trkpt>
      <trkpt lat="49.926098892465234" lon="4.555192468687892">
        <ele>342.71</ele>
        <time>2025-02-26T16:42:20.373Z</time>
      </trkpt>
      <trkpt lat="49.92627650499344" lon="4.555191043764353">
        <ele>342.05</ele>
        <time>2025-02-26T16:42:22.207Z</time>
      </trkpt>
      <trkpt lat="49.926306176930666" lon="4.555160533636808">
        <ele>341.48</ele>
        <time>2025-02-26T16:42:24.042Z</time>
      </trkpt>
      <trkpt lat="49.92633962072432" lon="4.555044360458851">
        <ele>340.95</ele>
        <time>2025-02-26T16:42:25.880Z</time>
      </trkpt>
      <trkpt lat="49.92636585608125" lon="4.55505165271461">
        <ele>340.45</ele>
        <time>2025-02-26T16:42:27.719Z</time>
      </trkpt>
      <trkpt lat="49.926464930176735" lon="4.555348455905914">
        <ele>339.86</ele>
        <time>2025-02-26T16:42:29.565Z</time>
      </trkpt>
      <trkpt lat="49.92642813362181" lon="4.555433783680201">
        <ele>339.43</ele>
        <time>2025-02-26T16:42:31.413Z</time>
      </trkpt>
      <trkpt lat="49.926397958770394" lon="4.555588765069842">
        <ele>338.98</ele>
        <time>2025-02-26T16:42:33.265Z</time>
      </trkpt>
      <trkpt lat="49.92629620246589" lon="4.555701669305563">
        <ele>338.61</ele>
        <time>2025-02-26T16:42:35.121Z</time>
      </trkpt>
      <trkpt lat="49.9261281453073" lon="4.55572497099638">
        <ele>338.28</ele>
        <time>2025-02-26T16:42:36.982Z</time>
      </trkpt>
      <trkpt lat="49.92601851001382" lon="4.555769227445126">
        <ele>337.89</ele>
        <time>2025-02-26T16:42:38.847Z</time>
      </trkpt>
      <trkpt lat="49.925803262740374" lon="4.555954299867153">
        <ele>337.44</ele>
        <time>2025-02-26T16:42:40.720Z</time>
      </trkpt>
      <trkpt lat="49.92567099630833" lon="4.556037029251456">
        <ele>336.97</ele>
        <time>2025-02-26T16:42:42.598Z</time>
      </trkpt>
      <trkpt lat="49.92552406154573" lon="4.55598589964211">
        <ele>336.55</ele>
        <time>2025-02-26T16:42:44.481Z</time>
      </trkpt>
      <trkpt lat="49.92531241849065" lon="4.556155800819397">
        <ele>336.01</ele>
        <time>2025-02-26T16:42:46.372Z</time>
      </trkpt>
      <trkpt lat="49.92521711625159" lon="4.5562030747532845">
        <ele>335.43</ele>
        <time>2025-02-26T16:42:48.267Z</time>
      </trkpt>
      <trkpt lat="49.925016621127725" lon="4.5562133844941854">
        <ele>334.81</ele>
        <time>2025-02-26T16:42:50.168Z</time>
      </trkpt>
      <trkpt lat="49.9249023757875" lon="4.556122776120901">
        <ele>334.16</ele>
        <time>2025-02-26T16:42:52.074Z</time>
      </trkpt>
      <trkpt lat="49.92480958811939" lon="4.556165104731917">
        <ele>333.3</ele>
        <time>2025-02-26T16:42:53.983Z</time>
      </trkpt>
      <trkpt lat="49.924672711640596" lon="4.5562925934791565">
        <ele>332.31</ele>
        <time>2025-02-26T16:42:55.897Z</time>
      </trkpt>
      <trkpt lat="49.9245360866189" lon="4.556419998407364">
        <ele>331.28</ele>
        <time>2025-02-26T16:42:57.816Z</time>
      </trkpt>
      <trkpt lat="49.92440599948168" lon="4.556459728628397">
        <ele>330.18</ele>
        <time>2025-02-26T16:42:59.740Z</time>
      </trkpt>
      <trkpt lat="49.92425663396716" lon="4.556467272341251">
        <ele>329.0</ele>
        <time>2025-02-26T16:43:01.669Z</time>
      </trkpt>
      <trkpt lat="49.924083799123764" lon="4.556643292307854">
        <ele>327.63</ele>
        <time>2025-02-26T16:43:03.605Z</time>
      </trkpt>
      <trkpt lat="49.923911299556494" lon="4.556819144636393">
        <ele>326.1</ele>
        <time>2025-02-26T16:43:05.548Z</time>
      </trkpt>
      <trkpt lat="49.92377324961126" lon="4.556859461590648">
        <ele>324.53</ele>
        <time>2025-02-26T16:43:07.495Z</time>
      </trkpt>
      <trkpt lat="49.92364400066435" lon="4.556964905932546">
        <ele>322.82</ele>
        <time>2025-02-26T16:43:09.447Z</time>
      </trkpt>
      <trkpt lat="49.92363352328539" lon="4.5570501498878">
        <ele>320.93</ele>
        <time>2025-02-26T16:43:11.401Z</time>
      </trkpt>
      <trkpt lat="49.923835108056664" lon="4.557232791557908">
        <ele>318.75</ele>
        <time>2025-02-26T16:43:13.363Z</time>
      </trkpt>
      <trkpt lat="49.92397869005799" lon="4.557439154013991">
        <ele>316.46</ele>
        <time>2025-02-26T16:43:15.331Z</time>
      </trkpt>
      <trkpt lat="49.92402261123061" lon="4.557561194524169">
        <ele>314.2</ele>
        <time>2025-02-26T16:43:17.302Z</time>
      </trkpt>
      <trkpt lat="49.924053037539124" lon="4.557596985250711">
        <ele>311.95</ele>
        <time>2025-02-26T16:43:19.275Z</time>
      </trkpt>
      <trkpt lat="49.92427649907768" lon="4.55759103409946">
        <ele>309.51</ele>
        <time>2025-02-26T16:43:21.255Z</time>
      </trkpt>
      <trkpt lat="49.924545139074326" lon="4.5575592666864395">
        <ele>307.07</ele>
        <time>2025-02-26T16:43:23.244Z</time>
      </trkpt>
      <trkpt lat="49.924642285332084" lon="4.557529427111149">
        <ele>304.81</ele>
        <time>2025-02-26T16:43:25.236Z</time>
      </trkpt>
      <trkpt lat="49.924897346645594" lon="4.557539317756891">
        <ele>302.45</ele>
        <time>2025-02-26T16:43:27.237Z</time>
      </trkpt>
      <trkpt lat="49.92498611100018" lon="4.557566894218326">
        <ele>300.14</ele>
        <time>2025-02-26T16:43:29.241Z</time>
      </trkpt>
      <trkpt lat="49.92501737549901" lon="4.55759790726006">
        <ele>297.89</ele>
        <time>2025-02-26T16:43:31.246Z</time>
      </trkpt>
      <trkpt lat="49.92505006492138" lon="4.557688515633345">
        <ele>295.63</ele>
        <time>2025-02-26T16:43:33.253Z</time>
      </trkpt>
      <trkpt lat="49.925047466531396" lon="4.557802509516478">
        <ele>293.43</ele>
        <time>2025-02-26T16:43:35.263Z</time>
      </trkpt>
      <trkpt lat="49.924891982227564" lon="4.55817642621696">
        <ele>291.12</ele>
        <time>2025-02-26T16:43:37.282Z</time>
      </trkpt>
      <trkpt lat="49.924698024988174" lon="4.558553863316774">
        <ele>289.02</ele>
        <time>2025-02-26T16:43:39.312Z</time>
      </trkpt>
      <trkpt lat="49.92450482212007" lon="4.558930043131113">
        <ele>287.12</ele>
        <time>2025-02-26T16:43:41.352Z</time>
      </trkpt>
      <trkpt lat="49.92429175414145" lon="4.559270096942782">
        <ele>285.51</ele>
        <time>2025-02-26T16:43:43.402Z</time>
      </trkpt>
      <trkpt lat="49.924079440534115" lon="4.559609312564135">
        <ele>284.14</ele>
        <time>2025-02-26T16:43:45.463Z</time>
      </trkpt>
      <trkpt lat="49.92387944832444" lon="4.559890776872635">
        <ele>283.05</ele>
        <time>2025-02-26T16:43:47.533Z</time>
      </trkpt>
      <trkpt lat="49.923779452219605" lon="4.560085739940405">
        <ele>282.07</ele>
        <time>2025-02-26T16:43:49.608Z</time>
      </trkpt>
      <trkpt lat="49.9236864130944" lon="4.560339460149407">
        <ele>281.24</ele>
        <time>2025-02-26T16:43:51.689Z</time>
      </trkpt>
      <trkpt lat="49.923593793064356" lon="4.560592258349061">
        <ele>280.65</ele>
        <time>2025-02-26T16:43:53.777Z</time>
      </trkpt>
      <trkpt lat="49.923418276011944" lon="4.560878919437528">
        <ele>280.34</ele>
        <time>2025-02-26T16:43:55.873Z</time>
      </trkpt>
      <trkpt lat="49.92328952997923" lon="4.561049407348037">
        <ele>280.22</ele>
        <time>2025-02-26T16:43:57.975Z</time>
      </trkpt>
      <trkpt lat="49.92316111922264" lon="4.561219643801451">
        <ele>280.29</ele>
        <time>2025-02-26T16:44:00.082Z</time>
      </trkpt>
      <trkpt lat="49.92299725301564" lon="4.561348222196102">
        <ele>280.53</ele>
        <time>2025-02-26T16:44:02.195Z</time>
      </trkpt>
      <trkpt lat="49.92283581756055" lon="4.5613970048725605">
        <ele>281.08</ele>
        <time>2025-02-26T16:44:04.314Z</time>
      </trkpt>
      <trkpt lat="49.92260321974754" lon="4.561415612697601">
        <ele>281.83</ele>
        <time>2025-02-26T16:44:06.441Z</time>
      </trkpt>
      <trkpt lat="49.9225777387619" lon="4.561397088691592">
        <ele>283.0</ele>
        <time>2025-02-26T16:44:08.569Z</time>
      </trkpt>
      <trkpt lat="49.92255913093686" lon="4.561343528330326">
        <ele>284.43</ele>
        <time>2025-02-26T16:44:10.698Z</time>
      </trkpt>
      <trkpt lat="49.92254982702434" lon="4.5612335577607155">
        <ele>286.13</ele>
        <time>2025-02-26T16:44:12.829Z</time>
      </trkpt>
      <trkpt lat="49.92252895608544" lon="4.561174130067229">
        <ele>288.0</ele>
        <time>2025-02-26T16:44:14.962Z</time>
      </trkpt>
      <trkpt lat="49.9225296266377" lon="4.560945555567741">
        <ele>290.21</ele>
        <time>2025-02-26T16:44:17.100Z</time>
      </trkpt>
      <trkpt lat="49.92249911651015" lon="4.560770122334361">
        <ele>292.53</ele>
        <time>2025-02-26T16:44:19.242Z</time>
      </trkpt>
      <trkpt lat="49.92251864634454" lon="4.560382626950741">
        <ele>295.24</ele>
        <time>2025-02-26T16:44:21.392Z</time>
      </trkpt>
      <trkpt lat="49.92248620837927" lon="4.5602651964873075">
        <ele>297.8</ele>
        <time>2025-02-26T16:44:23.545Z</time>
      </trkpt>
      <trkpt lat="49.92251445539296" lon="4.560019019991159">
        <ele>300.54</ele>
        <time>2025-02-26T16:44:25.703Z</time>
      </trkpt>
      <trkpt lat="49.92249794304371" lon="4.559757420793176">
        <ele>303.29</ele>
        <time>2025-02-26T16:44:27.867Z</time>
      </trkpt>
      <trkpt lat="49.9225137848407" lon="4.559393143281341">
        <ele>306.2</ele>
        <time>2025-02-26T16:44:30.039Z</time>
      </trkpt>
      <trkpt lat="49.922494757920504" lon="4.559302367269993">
        <ele>308.83</ele>
        <time>2025-02-26T16:44:32.213Z</time>
      </trkpt>
      <trkpt lat="49.922506995499134" lon="4.5591033808887005">
        <ele>311.54</ele>
        <time>2025-02-26T16:44:34.391Z</time>
      </trkpt>
      <trkpt lat="49.92250238545239" lon="4.558789562433958">
        <ele>314.25</ele>
        <time>2025-02-26T16:44:36.576Z</time>
      </trkpt>
      <trkpt lat="49.92249794304371" lon="4.558477504178882">
        <ele>316.73</ele>
        <time>2025-02-26T16:44:38.768Z</time>
      </trkpt>
      <trkpt lat="49.92246609181166" lon="4.558189334347844">
        <ele>319.02</ele>
        <time>2025-02-26T16:44:40.966Z</time>
      </trkpt>
      <trkpt lat="49.92244622670114" lon="4.557748613879085">
        <ele>321.17</ele>
        <time>2025-02-26T16:44:43.173Z</time>
      </trkpt>
      <trkpt lat="49.92242661304772" lon="4.557676278054714">
        <ele>322.95</ele>
        <time>2025-02-26T16:44:45.382Z</time>
      </trkpt>
      <trkpt lat="49.92239434272051" lon="4.557694382965565">
        <ele>324.49</ele>
        <time>2025-02-26T16:44:47.592Z</time>
      </trkpt>
      <trkpt lat="49.92226584814489" lon="4.557912144809961">
        <ele>325.74</ele>
        <time>2025-02-26T16:44:49.809Z</time>
      </trkpt>
      <trkpt lat="49.92213785648346" lon="4.558129403740168">
        <ele>326.73</ele>
        <time>2025-02-26T16:44:52.032Z</time>
      </trkpt>
      <trkpt lat="49.9220063444227" lon="4.558304501697421">
        <ele>327.48</ele>
        <time>2025-02-26T16:44:54.261Z</time>
      </trkpt>
      <trkpt lat="49.92181532084942" lon="4.558310117572546">
        <ele>327.92</ele>
        <time>2025-02-26T16:44:56.496Z</time>
      </trkpt>
      <trkpt lat="49.92176595143974" lon="4.558384465053678">
        <ele>328.14</ele>
        <time>2025-02-26T16:44:58.733Z</time>
      </trkpt>
      <trkpt lat="49.92164835333824" lon="4.558484544977546">
        <ele>328.0</ele>
        <time>2025-02-26T16:45:00.975Z</time>
      </trkpt>
      <trkpt lat="49.92165162228048" lon="4.558591246604919">
        <ele>327.77</ele>
        <time>2025-02-26T16:45:03.219Z</time>
      </trkpt>
      <trkpt lat="49.9217246286571" lon="4.5587484911084175">
        <ele>327.3</ele>
        <time>2025-02-26T16:45:05.467Z</time>
      </trkpt>
      <trkpt lat="49.921762850135565" lon="4.558914955705404">
        <ele>326.52</ele>
        <time>2025-02-26T16:45:07.719Z</time>
      </trkpt>
      <trkpt lat="49.92176603525877" lon="4.559008665382862">
        <ele>325.46</ele>
        <time>2025-02-26T16:45:09.973Z</time>
      </trkpt>
      <trkpt lat="49.92172102443874" lon="4.559107907116413">
        <ele>324.12</ele>
        <time>2025-02-26T16:45:12.230Z</time>
      </trkpt>
      <trkpt lat="49.92155933752656" lon="4.5592146925628185">
        <ele>322.54</ele>
        <time>2025-02-26T16:45:14.493Z</time>
      </trkpt>
      <trkpt lat="49.92154844105244" lon="4.559242520481348">
        <ele>320.84</ele>
        <time>2025-02-26T16:45:16.756Z</time>
      </trkpt>
      <trkpt lat="49.92154760286212" lon="4.55962716601789">
        <ele>318.69</ele>
        <time>2025-02-26T16:45:19.028Z</time>
      </trkpt>
      <trkpt lat="49.921546848490834" lon="4.560009799897671">
        <ele>316.39</ele>
        <time>2025-02-26T16:45:21.308Z</time>
      </trkpt>
      <trkpt lat="49.921566965058446" lon="4.560133013874292">
        <ele>314.0</ele>
        <time>2025-02-26T16:45:23.591Z</time>
      </trkpt>
      <trkpt lat="49.92155137471855" lon="4.560171319171786">
        <ele>311.55</ele>
        <time>2025-02-26T16:45:25.875Z</time>
      </trkpt>
      <trkpt lat="49.921491779387" lon="4.560208283364773">
        <ele>308.96</ele>
        <time>2025-02-26T16:45:28.161Z</time>
      </trkpt>
      <trkpt lat="49.921496557071805" lon="4.560299310833216">
        <ele>306.18</ele>
        <time>2025-02-26T16:45:30.449Z</time>
      </trkpt>
      <trkpt lat="49.92145540192723" lon="4.560329150408506">
        <ele>303.33</ele>
        <time>2025-02-26T16:45:32.738Z</time>
      </trkpt>
      <trkpt lat="49.92137619294226" lon="4.560441300272942">
        <ele>300.28</ele>
        <time>2025-02-26T16:45:35.031Z</time>
      </trkpt>
      <trkpt lat="49.92135263979435" lon="4.5605821162462234">
        <ele>297.17</ele>
        <time>2025-02-26T16:45:37.327Z</time>
      </trkpt>
      <trkpt lat="49.921383149921894" lon="4.56076274625957">
        <ele>293.96</ele>
        <time>2025-02-26T16:45:39.627Z</time>
      </trkpt>
      <trkpt lat="49.92134157568216" lon="4.56088931299746">
        <ele>290.71</ele>
        <time>2025-02-26T16:45:41.930Z</time>
      </trkpt>
      <trkpt lat="49.921328416094184" lon="4.561082096770406">
        <ele>287.37</ele>
        <time>2025-02-26T16:45:44.237Z</time>
      </trkpt>
      <trkpt lat="49.92134375497699" lon="4.561167256906629">
        <ele>284.15</ele>
        <time>2025-02-26T16:45:46.546Z</time>
      </trkpt>
      <trkpt lat="49.92126856930554" lon="4.561445284634829">
        <ele>280.73</ele>
        <time>2025-02-26T16:45:48.862Z</time>
      </trkpt>
      <trkpt lat="49.921207716688514" lon="4.561542849987745">
        <ele>277.53</ele>
        <time>2025-02-26T16:45:51.180Z</time>
      </trkpt>
      <trkpt lat="49.921155497431755" lon="4.561674781143665">
        <ele>274.33</ele>
        <time>2025-02-26T16:45:53.502Z</time>
      </trkpt>
      <trkpt lat="49.92103295400739" lon="4.561776537448168">
        <ele>271.12</ele>
        <time>2025-02-26T16:45:55.828Z</time>
      </trkpt>
      <trkpt lat="49.921035803854465" lon="4.561880808323622">
        <ele>268.11</ele>
        <time>2025-02-26T16:45:58.157Z</time>
      </trkpt>
      <trkpt lat="49.920998169109225" lon="4.561995640397072">
        <ele>265.13</ele>
        <time>2025-02-26T16:46:00.488Z</time>
      </trkpt>
      <trkpt lat="49.921007389202714" lon="4.5622198563069105">
        <ele>262.2</ele>
        <time>2025-02-26T16:46:02.824Z</time>
      </trkpt>
      <trkpt lat="49.92102314718068" lon="4.562293449416757">
        <ele>259.48</ele>
        <time>2025-02-26T16:46:05.162Z</time>
      </trkpt>
      <trkpt lat="49.921047454699874" lon="4.562312476336956">
        <ele>256.92</ele>
        <time>2025-02-26T16:46:07.501Z</time>
      </trkpt>
      <trkpt lat="49.92105566896498" lon="4.562344998121262">
        <ele>254.47</ele>
        <time>2025-02-26T16:46:09.841Z</time>
      </trkpt>
      <trkpt lat="49.92101250216365" lon="4.562423788011074">
        <ele>252.11</ele>
        <time>2025-02-26T16:46:12.183Z</time>
      </trkpt>
      <trkpt lat="49.92101853713393" lon="4.56245387904346">
        <ele>249.92</ele>
        <time>2025-02-26T16:46:14.526Z</time>
      </trkpt>
      <trkpt lat="49.921031864359975" lon="4.562438875436783">
        <ele>247.91</ele>
        <time>2025-02-26T16:46:16.869Z</time>
      </trkpt>
      <trkpt lat="49.920915607362986" lon="4.562470307573676">
        <ele>245.97</ele>
        <time>2025-02-26T16:46:19.216Z</time>
      </trkpt>
      <trkpt lat="49.920953242108226" lon="4.562827292829752">
        <ele>244.0</ele>
        <time>2025-02-26T16:46:21.571Z</time>
      </trkpt>
      <trkpt lat="49.92094796150923" lon="4.562909686937928">
        <ele>242.4</ele>
        <time>2025-02-26T16:46:23.928Z</time>
      </trkpt>
      <trkpt lat="49.92092767730355" lon="4.562973305583">
        <ele>240.96</ele>
        <time>2025-02-26T16:46:26.286Z</time>
      </trkpt>
      <trkpt lat="49.92079029791057" lon="4.563167849555612">
        <ele>239.64</ele>
        <time>2025-02-26T16:46:28.650Z</time>
      </trkpt>
      <trkpt lat="49.920693235471845" lon="4.5632582902908325">
        <ele>238.55</ele>
        <time>2025-02-26T16:46:31.018Z</time>
      </trkpt>
      <trkpt lat="49.92060891352594" lon="4.563307408243418">
        <ele>237.65</ele>
        <time>2025-02-26T16:46:33.389Z</time>
      </trkpt>
      <trkpt lat="49.920618971809745" lon="4.5633631478995085">
        <ele>236.88</ele>
        <time>2025-02-26T16:46:35.761Z</time>
      </trkpt>
      <trkpt lat="49.92055610753596" lon="4.563338421285152">
        <ele>236.31</ele>
        <time>2025-02-26T16:46:38.136Z</time>
      </trkpt>
      <trkpt lat="49.92048335261643" lon="4.563341606408358">
        <ele>235.9</ele>
        <time>2025-02-26T16:46:40.513Z</time>
      </trkpt>
      <trkpt lat="49.92047128267586" lon="4.563460545614362">
        <ele>235.62</ele>
        <time>2025-02-26T16:46:42.893Z</time>
      </trkpt>
      <trkpt lat="49.920471366494894" lon="4.563460294157267">
        <ele>235.49</ele>
        <time>2025-02-26T16:46:45.273Z</time>
      </trkpt>
      <trkpt lat="49.920471450313926" lon="4.563460126519203">
        <ele>235.51</ele>
        <time>2025-02-26T16:46:47.653Z</time>
      </trkpt>
      <trkpt lat="49.92047153413296" lon="4.563459875062108">
        <ele>235.69</ele>
        <time>2025-02-26T16:46:50.033Z</time>
      </trkpt>
      <trkpt lat="49.92048058658838" lon="4.563479823991656">
        <ele>236.02</ele>
        <time>2025-02-26T16:46:52.413Z</time>
      </trkpt>
      <trkpt lat="49.92051570676267" lon="4.56355718895793">
        <ele>236.48</ele>
        <time>2025-02-26T16:46:54.795Z</time>
      </trkpt>
      <trkpt lat="49.9205731227994" lon="4.563759779557586">
        <ele>237.08</ele>
        <time>2025-02-26T16:46:57.182Z</time>
      </trkpt>
      <trkpt lat="49.92062173783779" lon="4.564191196113825">
        <ele>237.77</ele>
        <time>2025-02-26T16:46:59.578Z</time>
      </trkpt>
      <trkpt lat="49.92061008699238" lon="4.5642605144530535">
        <ele>238.7</ele>
        <time>2025-02-26T16:47:01.976Z</time>
      </trkpt>
      <trkpt lat="49.92050673812628" lon="4.56446067430079">
        <ele>239.82</ele>
        <time>2025-02-26T16:47:04.379Z</time>
      </trkpt>
      <trkpt lat="49.92039651609957" lon="4.564612805843353">
        <ele>241.08</ele>
        <time>2025-02-26T16:47:06.787Z</time>
      </trkpt>
      <trkpt lat="49.92029073648155" lon="4.564703581854701">
        <ele>242.57</ele>
        <time>2025-02-26T16:47:09.199Z</time>
      </trkpt>
      <trkpt lat="49.92028352804482" lon="4.564872141927481">
        <ele>244.05</ele>
        <time>2025-02-26T16:47:11.615Z</time>
      </trkpt>
      <trkpt lat="49.9202982801944" lon="4.565134830772877">
        <ele>245.6</ele>
        <time>2025-02-26T16:47:14.037Z</time>
      </trkpt>
      <trkpt lat="49.92028201930225" lon="4.565175147727132">
        <ele>247.31</ele>
        <time>2025-02-26T16:47:16.460Z</time>
      </trkpt>
      <trkpt lat="49.920137682929635" lon="4.565285034477711">
        <ele>249.25</ele>
        <time>2025-02-26T16:47:18.888Z</time>
      </trkpt>
      <trkpt lat="49.92007833905518" lon="4.56537002697587">
        <ele>251.25</ele>
        <time>2025-02-26T16:47:21.319Z</time>
      </trkpt>
      <trkpt lat="49.9200376868248" lon="4.565509250387549">
        <ele>253.34</ele>
        <time>2025-02-26T16:47:23.753Z</time>
      </trkpt>
      <trkpt lat="49.92003886029124" lon="4.565651156008244">
        <ele>255.42</ele>
        <time>2025-02-26T16:47:26.190Z</time>
      </trkpt>
      <trkpt lat="49.919986724853516" lon="4.565707985311747">
        <ele>257.68</ele>
        <time>2025-02-26T16:47:28.629Z</time>
      </trkpt>
      <trkpt lat="49.9198820348829" lon="4.5659739430993795">
        <ele>260.1</ele>
        <time>2025-02-26T16:47:31.075Z</time>
      </trkpt>
      <trkpt lat="49.91980190388858" lon="4.56637317314744">
        <ele>262.44</ele>
        <time>2025-02-26T16:47:33.530Z</time>
      </trkpt>
      <trkpt lat="49.919722275808454" lon="4.566770475357771">
        <ele>265.06</ele>
        <time>2025-02-26T16:47:35.994Z</time>
      </trkpt>
      <trkpt lat="49.91967575624585" lon="4.56695219501853">
        <ele>267.62</ele>
        <time>2025-02-26T16:47:38.462Z</time>
      </trkpt>
      <trkpt lat="49.91961264051497" lon="4.567076833918691">
        <ele>270.24</ele>
        <time>2025-02-26T16:47:40.934Z</time>
      </trkpt>
      <trkpt lat="49.91952228359878" lon="4.567062500864267">
        <ele>272.95</ele>
        <time>2025-02-26T16:47:43.409Z</time>
      </trkpt>
      <trkpt lat="49.91924081929028" lon="4.567146152257919">
        <ele>275.81</ele>
        <time>2025-02-26T16:47:45.893Z</time>
      </trkpt>
      <trkpt lat="49.91895625367761" lon="4.567133830860257">
        <ele>278.78</ele>
        <time>2025-02-26T16:47:48.387Z</time>
      </trkpt>
      <trkpt lat="49.91887620650232" lon="4.56715939566493">
        <ele>281.56</ele>
        <time>2025-02-26T16:47:50.883Z</time>
      </trkpt>
      <trkpt lat="49.9186597019434" lon="4.5671796798706055">
        <ele>284.48</ele>
        <time>2025-02-26T16:47:53.387Z</time>
      </trkpt>
      <trkpt lat="49.918594574555755" lon="4.567211614921689">
        <ele>287.27</ele>
        <time>2025-02-26T16:47:55.893Z</time>
      </trkpt>
      <trkpt lat="49.91846046410501" lon="4.567216308787465">
        <ele>290.1</ele>
        <time>2025-02-26T16:47:58.403Z</time>
      </trkpt>
      <trkpt lat="49.91815511137247" lon="4.567277329042554">
        <ele>293.07</ele>
        <time>2025-02-26T16:48:00.924Z</time>
      </trkpt>
      <trkpt lat="49.917936427518725" lon="4.567274814471602">
        <ele>295.99</ele>
        <time>2025-02-26T16:48:03.452Z</time>
      </trkpt>
      <trkpt lat="49.91778706200421" lon="4.5673116110265255">
        <ele>298.87</ele>
        <time>2025-02-26T16:48:05.985Z</time>
      </trkpt>
      <trkpt lat="49.91762244142592" lon="4.567384533584118">
        <ele>301.74</ele>
        <time>2025-02-26T16:48:08.524Z</time>
      </trkpt>
      <trkpt lat="49.91750727407634" lon="4.567372379824519">
        <ele>304.62</ele>
        <time>2025-02-26T16:48:11.067Z</time>
      </trkpt>
      <trkpt lat="49.91736335679889" lon="4.567392496392131">
        <ele>307.5</ele>
        <time>2025-02-26T16:48:13.614Z</time>
      </trkpt>
      <trkpt lat="49.91718079894781" lon="4.567381599918008">
        <ele>310.33</ele>
        <time>2025-02-26T16:48:16.167Z</time>
      </trkpt>
      <trkpt lat="49.91703352890909" lon="4.567417139187455">
        <ele>313.11</ele>
        <time>2025-02-26T16:48:18.725Z</time>
      </trkpt>
      <trkpt lat="49.916842421516776" lon="4.5674073323607445">
        <ele>315.84</ele>
        <time>2025-02-26T16:48:21.290Z</time>
      </trkpt>
      <trkpt lat="49.91681811399758" lon="4.567387970164418">
        <ele>318.47</ele>
        <time>2025-02-26T16:48:23.856Z</time>
      </trkpt>
      <trkpt lat="49.91676488891244" lon="4.567383695393801">
        <ele>321.07</ele>
        <time>2025-02-26T16:48:26.424Z</time>
      </trkpt>
      <trkpt lat="49.91666765883565" lon="4.567457539960742">
        <ele>323.67</ele>
        <time>2025-02-26T16:48:28.995Z</time>
      </trkpt>
      <trkpt lat="49.91657193750143" lon="4.567483272403479">
        <ele>326.24</ele>
        <time>2025-02-26T16:48:31.569Z</time>
      </trkpt>
      <trkpt lat="49.91650245152414" lon="4.567543538287282">
        <ele>328.76</ele>
        <time>2025-02-26T16:48:34.146Z</time>
      </trkpt>
      <trkpt lat="49.91641745902598" lon="4.567575976252556">
        <ele>331.26</ele>
        <time>2025-02-26T16:48:36.726Z</time>
      </trkpt>
      <trkpt lat="49.91614077240229" lon="4.567590896040201">
        <ele>333.87</ele>
        <time>2025-02-26T16:48:39.315Z</time>
      </trkpt>
      <trkpt lat="49.91586425341666" lon="4.5676058158278465">
        <ele>336.48</ele>
        <time>2025-02-26T16:48:41.913Z</time>
      </trkpt>
      <trkpt lat="49.915769789367914" lon="4.5676281955093145">
        <ele>338.9</ele>
        <time>2025-02-26T16:48:44.515Z</time>
      </trkpt>
      <trkpt lat="49.91566744633019" lon="4.567630290985107">
        <ele>341.3</ele>
        <time>2025-02-26T16:48:47.120Z</time>
      </trkpt>
      <trkpt lat="49.91552805528045" lon="4.567668428644538">
        <ele>343.71</ele>
        <time>2025-02-26T16:48:49.730Z</time>
      </trkpt>
      <trkpt lat="49.915457647293806" lon="4.5676585379987955">
        <ele>346.02</ele>
        <time>2025-02-26T16:48:52.342Z</time>
      </trkpt>
      <trkpt lat="49.91531616076827" lon="4.567678403109312">
        <ele>348.33</ele>
        <time>2025-02-26T16:48:54.959Z</time>
      </trkpt>
      <trkpt lat="49.915233263745904" lon="4.567716289311647">
        <ele>350.56</ele>
        <time>2025-02-26T16:48:57.579Z</time>
      </trkpt>
      <trkpt lat="49.915144834667444" lon="4.5677106734365225">
        <ele>352.77</ele>
        <time>2025-02-26T16:49:00.202Z</time>
      </trkpt>
      <trkpt lat="49.915076941251755" lon="4.567739842459559">
        <ele>354.91</ele>
        <time>2025-02-26T16:49:02.827Z</time>
      </trkpt>
      <trkpt lat="49.91503176279366" lon="4.567722408100963">
        <ele>356.99</ele>
        <time>2025-02-26T16:49:05.454Z</time>
      </trkpt>
      <trkpt lat="49.91490779444575" lon="4.567753253504634">
        <ele>359.08</ele>
        <time>2025-02-26T16:49:08.085Z</time>
      </trkpt>
      <trkpt lat="49.914845852181315" lon="4.567736070603132">
        <ele>361.05</ele>
        <time>2025-02-26T16:49:10.718Z</time>
      </trkpt>
      <trkpt lat="49.914763290435076" lon="4.567738082259893">
        <ele>362.97</ele>
        <time>2025-02-26T16:49:13.354Z</time>
      </trkpt>
      <trkpt lat="49.91467645391822" lon="4.5677698496729136">
        <ele>364.79</ele>
        <time>2025-02-26T16:49:15.993Z</time>
      </trkpt>
      <trkpt lat="49.91451661102474" lon="4.567760042846203">
        <ele>366.59</ele>
        <time>2025-02-26T16:49:18.637Z</time>
      </trkpt>
      <trkpt lat="49.91440529935062" lon="4.567818883806467">
        <ele>368.27</ele>
        <time>2025-02-26T16:49:21.285Z</time>
      </trkpt>
      <trkpt lat="49.914297591894865" lon="4.5678414311259985">
        <ele>369.85</ele>
        <time>2025-02-26T16:49:23.937Z</time>
      </trkpt>
      <trkpt lat="49.914044039323926" lon="4.567853584885597">
        <ele>371.39</ele>
        <time>2025-02-26T16:49:26.597Z</time>
      </trkpt>
      <trkpt lat="49.91388201713562" lon="4.567885855212808">
        <ele>372.78</ele>
        <time>2025-02-26T16:49:29.262Z</time>
      </trkpt>
      <trkpt lat="49.91366107016802" lon="4.567877808585763">
        <ele>374.1</ele>
        <time>2025-02-26T16:49:31.935Z</time>
      </trkpt>
      <trkpt lat="49.913429813459516" lon="4.5679274294525385">
        <ele>375.3</ele>
        <time>2025-02-26T16:49:34.616Z</time>
      </trkpt>
      <trkpt lat="49.913157066330314" lon="4.567952575162053">
        <ele>376.35</ele>
        <time>2025-02-26T16:49:37.306Z</time>
      </trkpt>
      <trkpt lat="49.91288440302014" lon="4.567977804690599">
        <ele>377.28</ele>
        <time>2025-02-26T16:49:40.005Z</time>
      </trkpt>
      <trkpt lat="49.912851210683584" lon="4.56808190792799">
        <ele>377.95</ele>
        <time>2025-02-26T16:49:42.706Z</time>
      </trkpt>
      <trkpt lat="49.91288364864886" lon="4.568333113566041">
        <ele>378.37</ele>
        <time>2025-02-26T16:49:45.413Z</time>
      </trkpt>
      <trkpt lat="49.9129160027951" lon="4.568583061918616">
        <ele>378.64</ele>
        <time>2025-02-26T16:49:48.125Z</time>
      </trkpt>
      <trkpt lat="49.912916673347354" lon="4.568956894800067">
        <ele>378.7</ele>
        <time>2025-02-26T16:49:50.845Z</time>
      </trkpt>
      <trkpt lat="49.912945590913296" lon="4.569330811500549">
        <ele>378.58</ele>
        <time>2025-02-26T16:49:53.574Z</time>
      </trkpt>
      <trkpt lat="49.91295455954969" lon="4.569626860320568">
        <ele>378.35</ele>
        <time>2025-02-26T16:49:56.309Z</time>
      </trkpt>
      <trkpt lat="49.912963612005115" lon="4.569921316578984">
        <ele>378.03</ele>
        <time>2025-02-26T16:49:59.050Z</time>
      </trkpt>
      <trkpt lat="49.912991942837834" lon="4.570205463096499">
        <ele>377.55</ele>
        <time>2025-02-26T16:50:01.797Z</time>
      </trkpt>
      <trkpt lat="49.91299965418875" lon="4.570564711466432">
        <ele>376.97</ele>
        <time>2025-02-26T16:50:04.552Z</time>
      </trkpt>
      <trkpt lat="49.91304592229426" lon="4.570996630936861">
        <ele>376.25</ele>
        <time>2025-02-26T16:50:07.317Z</time>
      </trkpt>
      <trkpt lat="49.91309193894267" lon="4.571426203474402">
        <ele>375.27</ele>
        <time>2025-02-26T16:50:10.091Z</time>
      </trkpt>
      <trkpt lat="49.91315731778741" lon="4.571429640054703">
        <ele>374.02</ele>
        <time>2025-02-26T16:50:12.867Z</time>
      </trkpt>
      <trkpt lat="49.9133737385273" lon="4.571310030296445">
        <ele>372.51</ele>
        <time>2025-02-26T16:50:15.651Z</time>
      </trkpt>
      <trkpt lat="49.91362921893597" lon="4.571252781897783">
        <ele>370.87</ele>
        <time>2025-02-26T16:50:18.443Z</time>
      </trkpt>
      <trkpt lat="49.913758803159" lon="4.57124775275588">
        <ele>369.09</ele>
        <time>2025-02-26T16:50:21.240Z</time>
      </trkpt>
      <trkpt lat="49.9138674326241" lon="4.571220679208636">
        <ele>367.12</ele>
        <time>2025-02-26T16:50:24.040Z</time>
      </trkpt>
      <trkpt lat="49.91407706402242" lon="4.57122134976089">
        <ele>364.97</ele>
        <time>2025-02-26T16:50:26.847Z</time>
      </trkpt>
      <trkpt lat="49.91426180116832" lon="4.571158988401294">
        <ele>362.6</ele>
        <time>2025-02-26T16:50:29.661Z</time>
      </trkpt>
      <trkpt lat="49.914444610476494" lon="4.5711625926196575">
        <ele>360.11</ele>
        <time>2025-02-26T16:50:32.481Z</time>
      </trkpt>
      <trkpt lat="49.914627419784665" lon="4.571166196838021">
        <ele>357.46</ele>
        <time>2025-02-26T16:50:35.307Z</time>
      </trkpt>
      <trkpt lat="49.91478843614459" lon="4.571137446910143">
        <ele>354.66</ele>
        <time>2025-02-26T16:50:38.138Z</time>
      </trkpt>
      <trkpt lat="49.914949452504516" lon="4.571108780801296">
        <ele>351.7</ele>
        <time>2025-02-26T16:50:40.975Z</time>
      </trkpt>
      <trkpt lat="49.91499446332455" lon="4.5711184199899435">
        <ele>348.71</ele>
        <time>2025-02-26T16:50:43.813Z</time>
      </trkpt>
      <trkpt lat="49.915144834667444" lon="4.57106938585639">
        <ele>345.5</ele>
        <time>2025-02-26T16:50:46.656Z</time>
      </trkpt>
      <trkpt lat="49.915316412225366" lon="4.571050191298127">
        <ele>342.14</ele>
        <time>2025-02-26T16:50:49.505Z</time>
      </trkpt>
      <trkpt lat="49.91548798978329" lon="4.571031080558896">
        <ele>338.72</ele>
        <time>2025-02-26T16:50:52.360Z</time>
      </trkpt>
      <trkpt lat="49.91564590483904" lon="4.5710174180567265">
        <ele>335.23</ele>
        <time>2025-02-26T16:50:55.220Z</time>
      </trkpt>
      <trkpt lat="49.91580381989479" lon="4.571003839373589">
        <ele>331.65</ele>
        <time>2025-02-26T16:50:58.085Z</time>
      </trkpt>
      <trkpt lat="49.91603876464069" lon="4.571014819666743">
        <ele>327.97</ele>
        <time>2025-02-26T16:51:00.958Z</time>
      </trkpt>
      <trkpt lat="49.9163094162941" lon="4.570971569046378">
        <ele>324.2</ele>
        <time>2025-02-26T16:51:03.840Z</time>
      </trkpt>
      <trkpt lat="49.91658015176654" lon="4.570928318426013">
        <ele>320.44</ele>
        <time>2025-02-26T16:51:06.731Z</time>
      </trkpt>
      <trkpt lat="49.91685088723898" lon="4.57088515162468">
        <ele>316.58</ele>
        <time>2025-02-26T16:51:09.632Z</time>
      </trkpt>
      <trkpt lat="49.91704232990742" lon="4.570875093340874">
        <ele>312.75</ele>
        <time>2025-02-26T16:51:12.539Z</time>
      </trkpt>
      <trkpt lat="49.91723385639489" lon="4.5708651188761">
        <ele>308.93</ele>
        <time>2025-02-26T16:51:15.452Z</time>
      </trkpt>
      <trkpt lat="49.91742705926299" lon="4.570812061429024">
        <ele>305.12</ele>
        <time>2025-02-26T16:51:18.372Z</time>
      </trkpt>
      <trkpt lat="49.91756418719888" lon="4.570866376161575">
        <ele>301.38</ele>
        <time>2025-02-26T16:51:21.297Z</time>
      </trkpt>
      <trkpt lat="49.91772369481623" lon="4.570856401696801">
        <ele>297.64</ele>
        <time>2025-02-26T16:51:24.227Z</time>
      </trkpt>
      <trkpt lat="49.917883202433586" lon="4.570846511051059">
        <ele>293.96</ele>
        <time>2025-02-26T16:51:27.162Z</time>
      </trkpt>
      <trkpt lat="49.91799183189869" lon="4.570857072249055">
        <ele>290.46</ele>
        <time>2025-02-26T16:51:30.101Z</time>
      </trkpt>
      <trkpt lat="49.91812669672072" lon="4.57079915329814">
        <ele>287.01</ele>
        <time>2025-02-26T16:51:33.045Z</time>
      </trkpt>
      <trkpt lat="49.918329287320375" lon="4.570761602371931">
        <ele>283.61</ele>
        <time>2025-02-26T16:51:35.995Z</time>
      </trkpt>
      <trkpt lat="49.918443113565445" lon="4.570778366178274">
        <ele>280.39</ele>
        <time>2025-02-26T16:51:38.949Z</time>
      </trkpt>
      <trkpt lat="49.918551156297326" lon="4.570759339258075">
        <ele>277.28</ele>
        <time>2025-02-26T16:51:41.907Z</time>
      </trkpt>
      <trkpt lat="49.91867059841752" lon="4.570772331207991">
        <ele>274.28</ele>
        <time>2025-02-26T16:51:44.869Z</time>
      </trkpt>
      <trkpt lat="49.91875818930566" lon="4.570755399763584">
        <ele>271.36</ele>
        <time>2025-02-26T16:51:47.834Z</time>
      </trkpt>
      <trkpt lat="49.91887712851167" lon="4.570778114721179">
        <ele>268.5</ele>
        <time>2025-02-26T16:51:50.803Z</time>
      </trkpt>
      <trkpt lat="49.919071504846215" lon="4.570765793323517">
        <ele>265.69</ele>
        <time>2025-02-26T16:51:53.778Z</time>
      </trkpt>
      <trkpt lat="49.91937501356006" lon="4.570710388943553">
        <ele>262.91</ele>
        <time>2025-02-26T16:51:56.763Z</time>
      </trkpt>
      <trkpt lat="49.91945246234536" lon="4.570739641785622">
        <ele>260.48</ele>
        <time>2025-02-26T16:51:59.751Z</time>
      </trkpt>
      <trkpt lat="49.91955413483083" lon="4.570713741704822">
        <ele>258.18</ele>
        <time>2025-02-26T16:52:02.743Z</time>
      </trkpt>
      <trkpt lat="49.919660752639174" lon="4.570718351751566">
        <ele>256.0</ele>
        <time>2025-02-26T16:52:05.738Z</time>
      </trkpt>
      <trkpt lat="49.91976846009493" lon="4.570696726441383">
        <ele>253.94</ele>
        <time>2025-02-26T16:52:08.737Z</time>
      </trkpt>
      <trkpt lat="49.91982772015035" lon="4.570854641497135">
        <ele>252.03</ele>
        <time>2025-02-26T16:52:11.740Z</time>
      </trkpt>
      <trkpt lat="49.91985663771629" lon="4.570999816060066">
        <ele>250.28</ele>
        <time>2025-02-26T16:52:14.746Z</time>
      </trkpt>
      <trkpt lat="49.919880190864205" lon="4.571306174620986">
        <ele>248.68</ele>
        <time>2025-02-26T16:52:17.759Z</time>
      </trkpt>
      <trkpt lat="49.9198994692415" lon="4.571358561515808">
        <ele>247.18</ele>
        <time>2025-02-26T16:52:20.773Z</time>
      </trkpt>
      <trkpt lat="49.91989410482347" lon="4.57154874689877">
        <ele>245.82</ele>
        <time>2025-02-26T16:52:23.791Z</time>
      </trkpt>
      <trkpt lat="49.91994833573699" lon="4.571904055774212">
        <ele>244.53</ele>
        <time>2025-02-26T16:52:26.817Z</time>
      </trkpt>
      <trkpt lat="49.920002399012446" lon="4.572257520630956">
        <ele>243.25</ele>
        <time>2025-02-26T16:52:29.851Z</time>
      </trkpt>
      <trkpt lat="49.92013223469257" lon="4.572665970772505">
        <ele>241.98</ele>
        <time>2025-02-26T16:52:32.894Z</time>
      </trkpt>
      <trkpt lat="49.920179173350334" lon="4.573038881644607">
        <ele>240.88</ele>
        <time>2025-02-26T16:52:35.946Z</time>
      </trkpt>
      <trkpt lat="49.920212449505925" lon="4.573167040944099">
        <ele>239.88</ele>
        <time>2025-02-26T16:52:39.001Z</time>
      </trkpt>
      <trkpt lat="49.920302303507924" lon="4.573256224393845">
        <ele>238.89</ele>
        <time>2025-02-26T16:52:42.059Z</time>
      </trkpt>
      <trkpt lat="49.920360054820776" lon="4.573353957384825">
        <ele>237.99</ele>
        <time>2025-02-26T16:52:45.120Z</time>
      </trkpt>
      <trkpt lat="49.920405400916934" lon="4.573497287929058">
        <ele>237.16</ele>
        <time>2025-02-26T16:52:48.185Z</time>
      </trkpt>
      <trkpt lat="49.92036759853363" lon="4.573736507445574">
        <ele>236.46</ele>
        <time>2025-02-26T16:52:51.255Z</time>
      </trkpt>
      <trkpt lat="49.92047597654164" lon="4.574101623147726">
        <ele>235.79</ele>
        <time>2025-02-26T16:52:54.333Z</time>
      </trkpt>
      <trkpt lat="49.92058401927352" lon="4.574465146288276">
        <ele>235.05</ele>
        <time>2025-02-26T16:52:57.420Z</time>
      </trkpt>
      <trkpt lat="49.92061494849622" lon="4.574797069653869">
        <ele>234.34</ele>
        <time>2025-02-26T16:53:00.514Z</time>
      </trkpt>
      <trkpt lat="49.92068996652961" lon="4.57514064386487">
        <ele>233.65</ele>
        <time>2025-02-26T16:53:03.616Z</time>
      </trkpt>
      <trkpt lat="49.920725505799055" lon="4.575432417914271">
        <ele>233.0</ele>
        <time>2025-02-26T16:53:06.725Z</time>
      </trkpt>
      <trkpt lat="49.92076096124947" lon="4.5757227670401335">
        <ele>232.37</ele>
        <time>2025-02-26T16:53:09.840Z</time>
      </trkpt>
      <trkpt lat="49.92074193432927" lon="4.576019486412406">
        <ele>231.84</ele>
        <time>2025-02-26T16:53:12.961Z</time>
      </trkpt>
      <trkpt lat="49.920723075047135" lon="4.576314697042108">
        <ele>231.36</ele>
        <time>2025-02-26T16:53:16.089Z</time>
      </trkpt>
      <trkpt lat="49.920770432800055" lon="4.576627509668469">
        <ele>230.89</ele>
        <time>2025-02-26T16:53:19.224Z</time>
      </trkpt>
      <trkpt lat="49.92081762291491" lon="4.576938729733229">
        <ele>230.4</ele>
        <time>2025-02-26T16:53:22.366Z</time>
      </trkpt>
      <trkpt lat="49.92087101563811" lon="4.577173758298159">
        <ele>229.86</ele>
        <time>2025-02-26T16:53:25.513Z</time>
      </trkpt>
      <trkpt lat="49.92090932093561" lon="4.5773071981966496">
        <ele>229.39</ele>
        <time>2025-02-26T16:53:28.663Z</time>
      </trkpt>
      <trkpt lat="49.9209597799927" lon="4.577383724972606">
        <ele>228.95</ele>
        <time>2025-02-26T16:53:31.815Z</time>
      </trkpt>
      <trkpt lat="49.92104225791991" lon="4.577411552891135">
        <ele>228.54</ele>
        <time>2025-02-26T16:53:34.970Z</time>
      </trkpt>
      <trkpt lat="49.92120168171823" lon="4.577653789892793">
        <ele>228.12</ele>
        <time>2025-02-26T16:53:38.133Z</time>
      </trkpt>
      <trkpt lat="49.921375354751945" lon="4.578007087111473">
        <ele>227.78</ele>
        <time>2025-02-26T16:53:41.305Z</time>
      </trkpt>
      <trkpt lat="49.92154902778566" lon="4.578360468149185">
        <ele>227.52</ele>
        <time>2025-02-26T16:53:44.487Z</time>
      </trkpt>
      <trkpt lat="49.921721778810024" lon="4.5787120051681995">
        <ele>227.47</ele>
        <time>2025-02-26T16:53:47.678Z</time>
      </trkpt>
      <trkpt lat="49.92185488343239" lon="4.5790795516222715">
        <ele>227.54</ele>
        <time>2025-02-26T16:53:50.878Z</time>
      </trkpt>
      <trkpt lat="49.921987568959594" lon="4.579445673152804">
        <ele>227.66</ele>
        <time>2025-02-26T16:53:54.087Z</time>
      </trkpt>
      <trkpt lat="49.92202092893422" lon="4.579587997868657">
        <ele>228.05</ele>
        <time>2025-02-26T16:53:57.300Z</time>
      </trkpt>
      <trkpt lat="49.922115644440055" lon="4.579854039475322">
        <ele>228.54</ele>
        <time>2025-02-26T16:54:00.519Z</time>
      </trkpt>
      <trkpt lat="49.92211036384106" lon="4.580013211816549">
        <ele>229.3</ele>
        <time>2025-02-26T16:54:03.742Z</time>
      </trkpt>
      <trkpt lat="49.922066275030375" lon="4.58007481880486">
        <ele>230.3</ele>
        <time>2025-02-26T16:54:06.967Z</time>
      </trkpt>
      <trkpt lat="49.92189369164407" lon="4.580180095508695">
        <ele>231.66</ele>
        <time>2025-02-26T16:54:10.198Z</time>
      </trkpt>
      <trkpt lat="49.921721359714866" lon="4.580285372212529">
        <ele>233.21</ele>
        <time>2025-02-26T16:54:13.435Z</time>
      </trkpt>
      <trkpt lat="49.921634774655104" lon="4.580412609502673">
        <ele>234.86</ele>
        <time>2025-02-26T16:54:16.676Z</time>
      </trkpt>
      <trkpt lat="49.92146856151521" lon="4.58049894310534">
        <ele>236.79</ele>
        <time>2025-02-26T16:54:19.923Z</time>
      </trkpt>
      <trkpt lat="49.921302516013384" lon="4.580585276708007">
        <ele>238.86</ele>
        <time>2025-02-26T16:54:23.176Z</time>
      </trkpt>
      <trkpt lat="49.921286422759295" lon="4.580609332770109">
        <ele>240.93</ele>
        <time>2025-02-26T16:54:26.429Z</time>
      </trkpt>
      <trkpt lat="49.921244429424405" lon="4.580625174567103">
        <ele>243.2</ele>
        <time>2025-02-26T16:54:29.684Z</time>
      </trkpt>
      <trkpt lat="49.921199921518564" lon="4.580691810697317">
        <ele>245.64</ele>
        <time>2025-02-26T16:54:32.941Z</time>
      </trkpt>
      <trkpt lat="49.92115977220237" lon="4.580695163458586">
        <ele>248.23</ele>
        <time>2025-02-26T16:54:36.199Z</time>
      </trkpt>
      <trkpt lat="49.92101350799203" lon="4.580774288624525">
        <ele>251.08</ele>
        <time>2025-02-26T16:54:39.462Z</time>
      </trkpt>
      <trkpt lat="49.92094167508185" lon="4.580833716318011">
        <ele>253.99</ele>
        <time>2025-02-26T16:54:42.728Z</time>
      </trkpt>
      <trkpt lat="49.920851988717914" lon="4.580863723531365">
        <ele>257.05</ele>
        <time>2025-02-26T16:54:45.997Z</time>
      </trkpt>
      <trkpt lat="49.9207110889256" lon="4.580956846475601">
        <ele>260.3</ele>
        <time>2025-02-26T16:54:49.271Z</time>
      </trkpt>
      <trkpt lat="49.92062760517001" lon="4.580983417108655">
        <ele>263.6</ele>
        <time>2025-02-26T16:54:52.548Z</time>
      </trkpt>
      <trkpt lat="49.9205488152802" lon="4.581040497869253">
        <ele>266.99</ele>
        <time>2025-02-26T16:54:55.828Z</time>
      </trkpt>
      <trkpt lat="49.920380590483546" lon="4.581117359921336">
        <ele>270.57</ele>
        <time>2025-02-26T16:54:59.114Z</time>
      </trkpt>
      <trkpt lat="49.920190908014774" lon="4.581237556412816">
        <ele>274.15</ele>
        <time>2025-02-26T16:55:02.407Z</time>
      </trkpt>
      <trkpt lat="49.920178251340985" lon="4.581266809254885">
        <ele>277.69</ele>
        <time>2025-02-26T16:55:05.701Z</time>
      </trkpt>
      <trkpt lat="49.92007188498974" lon="4.581348951905966">
        <ele>281.36</ele>
        <time>2025-02-26T16:55:08.999Z</time>
      </trkpt>
      <trkpt lat="49.91998974233866" lon="4.581395052373409">
        <ele>285.02</ele>
        <time>2025-02-26T16:55:12.299Z</time>
      </trkpt>
      <trkpt lat="49.91993157193065" lon="4.581408044323325">
        <ele>288.66</ele>
        <time>2025-02-26T16:55:15.601Z</time>
      </trkpt>
      <trkpt lat="49.9197752494365" lon="4.581510052084923">
        <ele>292.4</ele>
        <time>2025-02-26T16:55:18.909Z</time>
      </trkpt>
      <trkpt lat="49.91961909458041" lon="4.58161205984652">
        <ele>296.1</ele>
        <time>2025-02-26T16:55:22.223Z</time>
      </trkpt>
      <trkpt lat="49.919375432655215" lon="4.581724628806114">
        <ele>299.91</ele>
        <time>2025-02-26T16:55:25.545Z</time>
      </trkpt>
      <trkpt lat="49.91920947097242" lon="4.581829234957695">
        <ele>303.52</ele>
        <time>2025-02-26T16:55:28.873Z</time>
      </trkpt>
      <trkpt lat="49.919043676927686" lon="4.581933841109276">
        <ele>307.04</ele>
        <time>2025-02-26T16:55:32.207Z</time>
      </trkpt>
      <trkpt lat="49.918860448524356" lon="4.5820205099880695">
        <ele>310.43</ele>
        <time>2025-02-26T16:55:35.548Z</time>
      </trkpt>
      <trkpt lat="49.918717285618186" lon="4.5821162313222885">
        <ele>313.67</ele>
        <time>2025-02-26T16:55:38.894Z</time>
      </trkpt>
      <trkpt lat="49.91868811659515" lon="4.582151183858514">
        <ele>316.66</ele>
        <time>2025-02-26T16:55:42.241Z</time>
      </trkpt>
      <trkpt lat="49.91859474219382" lon="4.582187561318278">
        <ele>319.55</ele>
        <time>2025-02-26T16:55:45.591Z</time>
      </trkpt>
      <trkpt lat="49.91843783296645" lon="4.582288479432464">
        <ele>322.32</ele>
        <time>2025-02-26T16:55:48.947Z</time>
      </trkpt>
      <trkpt lat="49.918416291475296" lon="4.582342961803079">
        <ele>324.71</ele>
        <time>2025-02-26T16:55:52.304Z</time>
      </trkpt>
      <trkpt lat="49.918257454410195" lon="4.582425272092223">
        <ele>327.04</ele>
        <time>2025-02-26T16:55:55.667Z</time>
      </trkpt>
      <trkpt lat="49.91823851130903" lon="4.58245980553329">
        <ele>328.93</ele>
        <time>2025-02-26T16:55:59.031Z</time>
      </trkpt>
      <trkpt lat="49.91817120462656" lon="4.582492159679532">
        <ele>330.63</ele>
        <time>2025-02-26T16:56:02.397Z</time>
      </trkpt>
      <trkpt lat="49.91810272447765" lon="4.582487465813756">
        <ele>332.02</ele>
        <time>2025-02-26T16:56:05.765Z</time>
      </trkpt>
      <trkpt lat="49.9180066678673" lon="4.582569357007742">
        <ele>333.13</ele>
        <time>2025-02-26T16:56:09.137Z</time>
      </trkpt>
      <trkpt lat="49.9178462382406" lon="4.582649571821094">
        <ele>334.0</ele>
        <time>2025-02-26T16:56:12.515Z</time>
      </trkpt>
      <trkpt lat="49.91777281276882" lon="4.58266356959939">
        <ele>334.44</ele>
        <time>2025-02-26T16:56:15.895Z</time>
      </trkpt>
      <trkpt lat="49.917741380631924" lon="4.582690307870507">
        <ele>334.53</ele>
        <time>2025-02-26T16:56:19.276Z</time>
      </trkpt>
      <trkpt lat="49.9175510276109" lon="4.582756273448467">
        <ele>334.34</ele>
        <time>2025-02-26T16:56:22.664Z</time>
      </trkpt>
      <trkpt lat="49.917409624904394" lon="4.582873787730932">
        <ele>333.81</ele>
        <time>2025-02-26T16:56:26.057Z</time>
      </trkpt>
      <trkpt lat="49.91733913309872" lon="4.582900777459145">
        <ele>332.88</ele>
        <time>2025-02-26T16:56:29.453Z</time>
      </trkpt>
      <trkpt lat="49.9170655477792" lon="4.5830560103058815">
        <ele>331.66</ele>
        <time>2025-02-26T16:56:32.858Z</time>
      </trkpt>
      <trkpt lat="49.916792046278715" lon="4.58321132697165">
        <ele>329.93</ele>
        <time>2025-02-26T16:56:36.273Z</time>
      </trkpt>
      <trkpt lat="49.91651879623532" lon="4.583366559818387">
        <ele>327.74</ele>
        <time>2025-02-26T16:56:39.698Z</time>
      </trkpt>
      <trkpt lat="49.91624747402966" lon="4.58355288952589">
        <ele>325.14</ele>
        <time>2025-02-26T16:56:43.133Z</time>
      </trkpt>
      <trkpt lat="49.916145550087094" lon="4.583608629181981">
        <ele>322.43</ele>
        <time>2025-02-26T16:56:46.571Z</time>
      </trkpt>
      <trkpt lat="49.916050834581256" lon="4.583631092682481">
        <ele>319.42</ele>
        <time>2025-02-26T16:56:50.013Z</time>
      </trkpt>
      <trkpt lat="49.915968189015985" lon="4.5836924482136965">
        <ele>316.17</ele>
        <time>2025-02-26T16:56:53.458Z</time>
      </trkpt>
      <trkpt lat="49.915929632261395" lon="4.583741063252091">
        <ele>312.71</ele>
        <time>2025-02-26T16:56:56.904Z</time>
      </trkpt>
      <trkpt lat="49.915854865685105" lon="4.583787750452757">
        <ele>308.99</ele>
        <time>2025-02-26T16:57:00.353Z</time>
      </trkpt>
      <trkpt lat="49.91559410467744" lon="4.583915825933218">
        <ele>304.67</ele>
        <time>2025-02-26T16:57:03.811Z</time>
      </trkpt>
      <trkpt lat="49.91550726816058" lon="4.584020096808672">
        <ele>300.48</ele>
        <time>2025-02-26T16:57:07.273Z</time>
      </trkpt>
      <trkpt lat="49.915367709472775" lon="4.584108358249068">
        <ele>296.02</ele>
        <time>2025-02-26T16:57:10.740Z</time>
      </trkpt>
      <trkpt lat="49.91533233784139" lon="4.58409913815558">
        <ele>291.66</ele>
        <time>2025-02-26T16:57:14.208Z</time>
      </trkpt>
      <trkpt lat="49.91522898897529" lon="4.58413140848279">
        <ele>287.02</ele>
        <time>2025-02-26T16:57:17.679Z</time>
      </trkpt>
      <trkpt lat="49.91511097177863" lon="4.58425504155457">
        <ele>282.21</ele>
        <time>2025-02-26T16:57:21.155Z</time>
      </trkpt>
      <trkpt lat="49.91504450328648" lon="4.584287730976939">
        <ele>277.51</ele>
        <time>2025-02-26T16:57:24.634Z</time>
      </trkpt>
      <trkpt lat="49.91493553854525" lon="4.584281947463751">
        <ele>272.73</ele>
        <time>2025-02-26T16:57:28.116Z</time>
      </trkpt>
      <trkpt lat="49.914897568523884" lon="4.584331484511495">
        <ele>268.01</ele>
        <time>2025-02-26T16:57:31.600Z</time>
      </trkpt>
      <trkpt lat="49.91475775837898" lon="4.584432737901807">
        <ele>263.11</ele>
        <time>2025-02-26T16:57:35.089Z</time>
      </trkpt>
      <trkpt lat="49.914689445868134" lon="4.584430893883109">
        <ele>258.35</ele>
        <time>2025-02-26T16:57:38.580Z</time>
      </trkpt>
      <trkpt lat="49.91460210643709" lon="4.584479006007314">
        <ele>253.57</ele>
        <time>2025-02-26T16:57:42.074Z</time>
      </trkpt>
      <trkpt lat="49.91454276256263" lon="4.58453306928277">
        <ele>248.91</ele>
        <time>2025-02-26T16:57:45.571Z</time>
      </trkpt>
      <trkpt lat="49.91446581669152" lon="4.584567854180932">
        <ele>244.31</ele>
        <time>2025-02-26T16:57:49.070Z</time>
      </trkpt>
      <trkpt lat="49.914321480318904" lon="4.58467380143702">
        <ele>239.69</ele>
        <time>2025-02-26T16:57:52.575Z</time>
      </trkpt>
      <trkpt lat="49.9142387509346" lon="4.584707412868738">
        <ele>235.3</ele>
        <time>2025-02-26T16:57:56.083Z</time>
      </trkpt>
      <trkpt lat="49.91405644454062" lon="4.584820065647364">
        <ele>230.94</ele>
        <time>2025-02-26T16:57:59.597Z</time>
      </trkpt>
      <trkpt lat="49.91383859887719" lon="4.58487362600863">
        <ele>226.78</ele>
        <time>2025-02-26T16:58:03.118Z</time>
      </trkpt>
      <trkpt lat="49.9137915764004" lon="4.584937831386924">
        <ele>222.86</ele>
        <time>2025-02-26T16:58:06.642Z</time>
      </trkpt>
      <trkpt lat="49.9137448053807" lon="4.585327003151178">
        <ele>219.01</ele>
        <time>2025-02-26T16:58:10.174Z</time>
      </trkpt>
      <trkpt lat="49.913690658286214" lon="4.585647946223617">
        <ele>215.33</ele>
        <time>2025-02-26T16:58:13.713Z</time>
      </trkpt>
      <trkpt lat="49.913636930286884" lon="4.585967296734452">
        <ele>211.91</ele>
        <time>2025-02-26T16:58:17.259Z</time>
      </trkpt>
      <trkpt lat="49.91355378180742" lon="4.586181873455644">
        <ele>208.7</ele>
        <time>2025-02-26T16:58:20.811Z</time>
      </trkpt>
      <trkpt lat="49.91347105242312" lon="4.58639569580555">
        <ele>205.76</ele>
        <time>2025-02-26T16:58:24.368Z</time>
      </trkpt>
      <trkpt lat="49.9133959505707" lon="4.586684703826904">
        <ele>203.09</ele>
        <time>2025-02-26T16:58:27.932Z</time>
      </trkpt>
      <trkpt lat="49.913321351632476" lon="4.586972454562783">
        <ele>200.64</ele>
        <time>2025-02-26T16:58:31.503Z</time>
      </trkpt>
      <trkpt lat="49.91327223367989" lon="4.587359866127372">
        <ele>198.44</ele>
        <time>2025-02-26T16:58:35.082Z</time>
      </trkpt>
      <trkpt lat="49.913223534822464" lon="4.587745349854231">
        <ele>196.51</ele>
        <time>2025-02-26T16:58:38.669Z</time>
      </trkpt>
      <trkpt lat="49.91315153427422" lon="4.588129576295614">
        <ele>194.89</ele>
        <time>2025-02-26T16:58:42.265Z</time>
      </trkpt>
      <trkpt lat="49.91310887038708" lon="4.588279528543353">
        <ele>193.69</ele>
        <time>2025-02-26T16:58:45.865Z</time>
      </trkpt>
      <trkpt lat="49.91309026256204" lon="4.588450184091926">
        <ele>192.81</ele>
        <time>2025-02-26T16:58:49.468Z</time>
      </trkpt>
      <trkpt lat="49.913115575909615" lon="4.588622348383069">
        <ele>192.25</ele>
        <time>2025-02-26T16:58:53.075Z</time>
      </trkpt>
      <trkpt lat="49.9131956230849" lon="4.58885938860476">
        <ele>192.03</ele>
        <time>2025-02-26T16:58:56.688Z</time>
      </trkpt>
      <trkpt lat="49.913275334984064" lon="4.589095506817102">
        <ele>192.16</ele>
        <time>2025-02-26T16:59:00.307Z</time>
      </trkpt>
      <trkpt lat="49.9133806116879" lon="4.589336067438126">
        <ele>192.59</ele>
        <time>2025-02-26T16:59:03.932Z</time>
      </trkpt>
      <trkpt lat="49.913485553115606" lon="4.589575789868832">
        <ele>193.33</ele>
        <time>2025-02-26T16:59:07.563Z</time>
      </trkpt>
      <trkpt lat="49.913543639704585" lon="4.589511668309569">
        <ele>194.4</ele>
        <time>2025-02-26T16:59:11.197Z</time>
      </trkpt>
      <trkpt lat="49.91382334381342" lon="4.589314945042133">
        <ele>195.95</ele>
        <time>2025-02-26T16:59:14.841Z</time>
      </trkpt>
      <trkpt lat="49.913940439000726" lon="4.589187037199736">
        <ele>197.66</ele>
        <time>2025-02-26T16:59:18.490Z</time>
      </trkpt>
      <trkpt lat="49.91408955305815" lon="4.589061643928289">
        <ele>199.68</ele>
        <time>2025-02-26T16:59:22.144Z</time>
      </trkpt>
      <trkpt lat="49.914319133386016" lon="4.588978327810764">
        <ele>202.02</ele>
        <time>2025-02-26T16:59:25.806Z</time>
      </trkpt>
      <trkpt lat="49.914371939376" lon="4.588985703885555">
        <ele>204.37</ele>
        <time>2025-02-26T16:59:29.470Z</time>
      </trkpt>
      <trkpt lat="49.91448492743075" lon="4.588895682245493">
        <ele>207.01</ele>
        <time>2025-02-26T16:59:33.138Z</time>
      </trkpt>
      <trkpt lat="49.914644518867135" lon="4.588813288137317">
        <ele>209.86</ele>
        <time>2025-02-26T16:59:36.812Z</time>
      </trkpt>
      <trkpt lat="49.91469615139067" lon="4.588761404156685">
        <ele>212.78</ele>
        <time>2025-02-26T16:59:40.488Z</time>
      </trkpt>
      <trkpt lat="49.91479673422873" lon="4.588703149929643">
        <ele>215.89</ele>
        <time>2025-02-26T16:59:44.167Z</time>
      </trkpt>
      <trkpt lat="49.91486429236829" lon="4.588681608438492">
        <ele>219.12</ele>
        <time>2025-02-26T16:59:47.849Z</time>
      </trkpt>
      <trkpt lat="49.914955319836736" lon="4.588739275932312">
        <ele>222.49</ele>
        <time>2025-02-26T16:59:51.534Z</time>
      </trkpt>
      <trkpt lat="49.915006533265114" lon="4.588723266497254">
        <ele>225.92</ele>
        <time>2025-02-26T16:59:55.221Z</time>
      </trkpt>
      <trkpt lat="49.915049532428384" lon="4.588740868493915">
        <ele>229.44</ele>
        <time>2025-02-26T16:59:58.909Z</time>
      </trkpt>
      <trkpt lat="49.91521415300667" lon="4.588746065273881">
        <ele>233.17</ele>
        <time>2025-02-26T17:00:02.603Z</time>
      </trkpt>
      <trkpt lat="49.91527492180467" lon="4.588774563744664">
        <ele>236.85</ele>
        <time>2025-02-26T17:00:06.299Z</time>
      </trkpt>
      <trkpt lat="49.9153733253479" lon="4.588750004768372">
        <ele>240.61</ele>
        <time>2025-02-26T17:00:09.998Z</time>
      </trkpt>
      <trkpt lat="49.915412133559585" lon="4.588486813008785">
        <ele>244.34</ele>
        <time>2025-02-26T17:00:13.703Z</time>
      </trkpt>
      <trkpt lat="49.91544725373387" lon="4.588411375880241">
        <ele>248.06</ele>
        <time>2025-02-26T17:00:17.410Z</time>
      </trkpt>
      <trkpt lat="49.91550140082836" lon="4.588350439444184">
        <ele>251.79</ele>
        <time>2025-02-26T17:00:21.119Z</time>
      </trkpt>
      <trkpt lat="49.91553517989814" lon="4.5883524511009455">
        <ele>255.45</ele>
        <time>2025-02-26T17:00:24.829Z</time>
      </trkpt>
      <trkpt lat="49.915620842948556" lon="4.588263351470232">
        <ele>259.16</ele>
        <time>2025-02-26T17:00:28.543Z</time>
      </trkpt>
      <trkpt lat="49.91574162617326" lon="4.588172407820821">
        <ele>262.89</ele>
        <time>2025-02-26T17:00:32.261Z</time>
      </trkpt>
      <trkpt lat="49.915844639763236" lon="4.5879734214395285">
        <ele>266.55</ele>
        <time>2025-02-26T17:00:35.985Z</time>
      </trkpt>
      <trkpt lat="49.91607111878693" lon="4.587871748954058">
        <ele>270.17</ele>
        <time>2025-02-26T17:00:39.717Z</time>
      </trkpt>
      <trkpt lat="49.91612643934786" lon="4.587838472798467">
        <ele>273.4</ele>
        <time>2025-02-26T17:00:43.451Z</time>
      </trkpt>
      <trkpt lat="49.91617849096656" lon="4.587780553847551">
        <ele>276.47</ele>
        <time>2025-02-26T17:00:47.187Z</time>
      </trkpt>
      <trkpt lat="49.91625677794218" lon="4.587779464200139">
        <ele>279.37</ele>
        <time>2025-02-26T17:00:50.925Z</time>
      </trkpt>
      <trkpt lat="49.9163059797138" lon="4.587800586596131">
        <ele>282.03</ele>
        <time>2025-02-26T17:00:54.665Z</time>
      </trkpt>
      <trkpt lat="49.91635316982865" lon="4.5878485310822725">
        <ele>284.48</ele>
        <time>2025-02-26T17:00:58.407Z</time>
      </trkpt>
      <trkpt lat="49.91644386202097" lon="4.587877532467246">
        <ele>286.76</ele>
        <time>2025-02-26T17:01:02.152Z</time>
      </trkpt>
      <trkpt lat="49.91659289225936" lon="4.587846351787448">
        <ele>288.85</ele>
        <time>2025-02-26T17:01:05.902Z</time>
      </trkpt>
      <trkpt lat="49.916712418198586" lon="4.587848866358399">
        <ele>290.67</ele>
        <time>2025-02-26T17:01:09.656Z</time>
      </trkpt>
      <trkpt lat="49.91688475012779" lon="4.58787334151566">
        <ele>292.29</ele>
        <time>2025-02-26T17:01:13.416Z</time>
      </trkpt>
      <trkpt lat="49.917057082057" lon="4.587897900491953">
        <ele>293.66</ele>
        <time>2025-02-26T17:01:17.182Z</time>
      </trkpt>
      <trkpt lat="49.91713729687035" lon="4.587928578257561">
        <ele>294.62</ele>
        <time>2025-02-26T17:01:20.950Z</time>
      </trkpt>
      <trkpt lat="49.91733385249972" lon="4.587960010394454">
        <ele>295.39</ele>
        <time>2025-02-26T17:01:24.725Z</time>
      </trkpt>
      <trkpt lat="49.91742647252977" lon="4.58800720050931">
        <ele>295.72</ele>
        <time>2025-02-26T17:01:28.503Z</time>
      </trkpt>
      <trkpt lat="49.91746846586466" lon="4.588085990399122">
        <ele>295.77</ele>
        <time>2025-02-26T17:01:32.283Z</time>
      </trkpt>
      <trkpt lat="49.917501071467996" lon="4.588168635964394">
        <ele>295.55</ele>
        <time>2025-02-26T17:01:36.065Z</time>
      </trkpt>
      <trkpt lat="49.91752236150205" lon="4.588309284299612">
        <ele>295.06</ele>
        <time>2025-02-26T17:01:39.851Z</time>
      </trkpt>
      <trkpt lat="49.917576760053635" lon="4.588427888229489">
        <ele>294.27</ele>
        <time>2025-02-26T17:01:43.640Z</time>
      </trkpt>
      <trkpt lat="49.91759955883026" lon="4.5886351726949215">
        <ele>293.18</ele>
        <time>2025-02-26T17:01:47.433Z</time>
      </trkpt>
      <trkpt lat="49.917667619884014" lon="4.588813204318285">
        <ele>291.72</ele>
        <time>2025-02-26T17:01:51.231Z</time>
      </trkpt>
      <trkpt lat="49.917661752551794" lon="4.588904902338982">
        <ele>290.21</ele>
        <time>2025-02-26T17:01:55.031Z</time>
      </trkpt>
      <trkpt lat="49.91769184358418" lon="4.589087963104248">
        <ele>288.31</ele>
        <time>2025-02-26T17:01:58.835Z</time>
      </trkpt>
      <trkpt lat="49.91767826490104" lon="4.589200196787715">
        <ele>286.35</ele>
        <time>2025-02-26T17:02:02.641Z</time>
      </trkpt>
      <trkpt lat="49.917732160538435" lon="4.589385185390711">
        <ele>284.0</ele>
        <time>2025-02-26T17:02:06.452Z</time>
      </trkpt>
      <trkpt lat="49.91772570647299" lon="4.589463472366333">
        <ele>281.65</ele>
        <time>2025-02-26T17:02:10.264Z</time>
      </trkpt>
      <trkpt lat="49.917784882709384" lon="4.5895743649452925">
        <ele>279.01</ele>
        <time>2025-02-26T17:02:14.079Z</time>
      </trkpt>
      <trkpt lat="49.917782451957464" lon="4.589603114873171">
        <ele>276.36</ele>
        <time>2025-02-26T17:02:17.895Z</time>
      </trkpt>
      <trkpt lat="49.917798629030585" lon="4.589587859809399">
        <ele>273.52</ele>
        <time>2025-02-26T17:02:21.712Z</time>
      </trkpt>
      <trkpt lat="49.917807932943106" lon="4.5896099880337715">
        <ele>270.56</ele>
        <time>2025-02-26T17:02:25.529Z</time>
      </trkpt>
      <trkpt lat="49.917825451120734" lon="4.589597415179014">
        <ele>267.46</ele>
        <time>2025-02-26T17:02:29.347Z</time>
      </trkpt>
      <trkpt lat="49.917851435020566" lon="4.58961384370923">
        <ele>264.22</ele>
        <time>2025-02-26T17:02:33.166Z</time>
      </trkpt>
      <trkpt lat="49.9178927578032" lon="4.589732615277171">
        <ele>260.86</ele>
        <time>2025-02-26T17:02:36.988Z</time>
      </trkpt>
      <trkpt lat="49.918026281520724" lon="4.5897860918194056">
        <ele>257.2</ele>
        <time>2025-02-26T17:02:40.814Z</time>
      </trkpt>
      <trkpt lat="49.918075148016214" lon="4.589779134839773">
        <ele>253.67</ele>
        <time>2025-02-26T17:02:44.642Z</time>
      </trkpt>
      <trkpt lat="49.91812367923558" lon="4.589745942503214">
        <ele>250.09</ele>
        <time>2025-02-26T17:02:48.472Z</time>
      </trkpt>
      <trkpt lat="49.9182503297925" lon="4.589728508144617">
        <ele>246.32</ele>
        <time>2025-02-26T17:02:52.306Z</time>
      </trkpt>
      <trkpt lat="49.918275475502014" lon="4.589707888662815">
        <ele>242.79</ele>
        <time>2025-02-26T17:02:56.141Z</time>
      </trkpt>
      <trkpt lat="49.918358037248254" lon="4.5897051226347685">
        <ele>239.14</ele>
        <time>2025-02-26T17:02:59.979Z</time>
      </trkpt>
      <trkpt lat="49.918409334495664" lon="4.589669499546289">
        <ele>235.58</ele>
        <time>2025-02-26T17:03:03.819Z</time>
      </trkpt>
      <trkpt lat="49.91846197284758" lon="4.589668577536941">
        <ele>232.06</ele>
        <time>2025-02-26T17:03:07.660Z</time>
      </trkpt>
      <trkpt lat="49.918511006981134" lon="4.589640498161316">
        <ele>228.6</ele>
        <time>2025-02-26T17:03:11.503Z</time>
      </trkpt>
      <trkpt lat="49.91856909357011" lon="4.589660447090864">
        <ele>225.2</ele>
        <time>2025-02-26T17:03:15.348Z</time>
      </trkpt>
      <trkpt lat="49.918661545962095" lon="4.5896214712411165">
        <ele>221.8</ele>
        <time>2025-02-26T17:03:19.196Z</time>
      </trkpt>
      <trkpt lat="49.91873706690967" lon="4.589645192027092">
        <ele>218.57</ele>
        <time>2025-02-26T17:03:23.047Z</time>
      </trkpt>
      <trkpt lat="49.91870295256376" lon="4.589673355221748">
        <ele>215.66</ele>
        <time>2025-02-26T17:03:26.899Z</time>
      </trkpt>
      <trkpt lat="49.918700605630875" lon="4.589662794023752">
        <ele>212.8</ele>
        <time>2025-02-26T17:03:30.751Z</time>
      </trkpt>
      <trkpt lat="49.91881803609431" lon="4.589637229219079">
        <ele>209.81</ele>
        <time>2025-02-26T17:03:34.607Z</time>
      </trkpt>
      <trkpt lat="49.91888802498579" lon="4.58964167162776">
        <ele>207.07</ele>
        <time>2025-02-26T17:03:38.466Z</time>
      </trkpt>
      <trkpt lat="49.91896463558078" lon="4.589623985812068">
        <ele>204.44</ele>
        <time>2025-02-26T17:03:42.327Z</time>
      </trkpt>
      <trkpt lat="49.919009394943714" lon="4.589681485667825">
        <ele>202.09</ele>
        <time>2025-02-26T17:03:46.190Z</time>
      </trkpt>
      <trkpt lat="49.91911282762885" lon="4.589951299130917">
        <ele>199.89</ele>
        <time>2025-02-26T17:03:50.060Z</time>
      </trkpt>
      <trkpt lat="49.91921592503786" lon="4.590220106765628">
        <ele>197.82</ele>
        <time>2025-02-26T17:03:53.937Z</time>
      </trkpt>
      <trkpt lat="49.91929840296507" lon="4.590513473376632">
        <ele>196.02</ele>
        <time>2025-02-26T17:03:57.821Z</time>
      </trkpt>
      <trkpt lat="49.9193521309644" lon="4.5907836221158504">
        <ele>194.48</ele>
        <time>2025-02-26T17:04:01.711Z</time>
      </trkpt>
      <trkpt lat="49.91946838796139" lon="4.591001383960247">
        <ele>192.99</ele>
        <time>2025-02-26T17:04:05.607Z</time>
      </trkpt>
      <trkpt lat="49.91954131051898" lon="4.591268766671419">
        <ele>191.74</ele>
        <time>2025-02-26T17:04:09.509Z</time>
      </trkpt>
      <trkpt lat="49.9195627681911" lon="4.5914815831929445">
        <ele>190.71</ele>
        <time>2025-02-26T17:04:13.416Z</time>
      </trkpt>
      <trkpt lat="49.91955195553601" lon="4.591637067496777">
        <ele>189.88</ele>
        <time>2025-02-26T17:04:17.326Z</time>
      </trkpt>
      <trkpt lat="49.919570814818144" lon="4.592016180977225">
        <ele>189.27</ele>
        <time>2025-02-26T17:04:21.244Z</time>
      </trkpt>
      <trkpt lat="49.91955530829728" lon="4.59213855676353">
        <ele>188.85</ele>
        <time>2025-02-26T17:04:25.165Z</time>
      </trkpt>
      <trkpt lat="49.9195714853704" lon="4.592376099899411">
        <ele>188.6</ele>
        <time>2025-02-26T17:04:29.091Z</time>
      </trkpt>
      <trkpt lat="49.919626638293266" lon="4.592631077393889">
        <ele>188.46</ele>
        <time>2025-02-26T17:04:33.023Z</time>
      </trkpt>
      <trkpt lat="49.91961599327624" lon="4.592748340219259">
        <ele>188.53</ele>
        <time>2025-02-26T17:04:36.957Z</time>
      </trkpt>
      <trkpt lat="49.919636277481914" lon="4.5930330734699965">
        <ele>188.77</ele>
        <time>2025-02-26T17:04:40.897Z</time>
      </trkpt>
      <trkpt lat="49.91969830356538" lon="4.593164166435599">
        <ele>189.04</ele>
        <time>2025-02-26T17:04:44.841Z</time>
      </trkpt>
      <trkpt lat="49.91970651783049" lon="4.593242621049285">
        <ele>189.53</ele>
        <time>2025-02-26T17:04:48.787Z</time>
      </trkpt>
      <trkpt lat="49.91963602602482" lon="4.593472788110375">
        <ele>190.31</ele>
        <time>2025-02-26T17:04:52.738Z</time>
      </trkpt>
      <trkpt lat="49.919597301632166" lon="4.593529282137752">
        <ele>191.15</ele>
        <time>2025-02-26T17:04:56.691Z</time>
      </trkpt>
      <trkpt lat="49.919615322723985" lon="4.593647383153439">
        <ele>192.01</ele>
        <time>2025-02-26T17:05:00.647Z</time>
      </trkpt>
      <trkpt lat="49.91961549036205" lon="4.593886099755764">
        <ele>193.04</ele>
        <time>2025-02-26T17:05:04.608Z</time>
      </trkpt>
      <trkpt lat="49.919634852558374" lon="4.594000093638897">
        <ele>194.09</ele>
        <time>2025-02-26T17:05:08.571Z</time>
      </trkpt>
      <trkpt lat="49.91962630301714" lon="4.594096569344401">
        <ele>195.33</ele>
        <time>2025-02-26T17:05:12.536Z</time>
      </trkpt>
      <trkpt lat="49.91959461942315" lon="4.594165636226535">
        <ele>196.72</ele>
        <time>2025-02-26T17:05:16.503Z</time>
      </trkpt>
      <trkpt lat="49.91957441903651" lon="4.594299411401153">
        <ele>198.14</ele>
        <time>2025-02-26T17:05:20.473Z</time>
      </trkpt>
      <trkpt lat="49.919557739049196" lon="4.594697384163737">
        <ele>199.66</ele>
        <time>2025-02-26T17:05:24.452Z</time>
      </trkpt>
      <trkpt lat="49.91953879594803" lon="4.594728564843535">
        <ele>201.17</ele>
        <time>2025-02-26T17:05:28.432Z</time>
      </trkpt>
      <trkpt lat="49.91956234909594" lon="4.594786232337356">
        <ele>202.63</ele>
        <time>2025-02-26T17:05:32.413Z</time>
      </trkpt>
      <trkpt lat="49.91951390169561" lon="4.594912128522992">
        <ele>204.3</ele>
        <time>2025-02-26T17:05:36.397Z</time>
      </trkpt>
      <trkpt lat="49.91951641626656" lon="4.595009693875909">
        <ele>205.85</ele>
        <time>2025-02-26T17:05:40.383Z</time>
      </trkpt>
      <trkpt lat="49.919556733220816" lon="4.595093680545688">
        <ele>207.35</ele>
        <time>2025-02-26T17:05:44.372Z</time>
      </trkpt>
      <trkpt lat="49.91955639794469" lon="4.595312783494592">
        <ele>209.0</ele>
        <time>2025-02-26T17:05:48.365Z</time>
      </trkpt>
      <trkpt lat="49.91965941153467" lon="4.595668176189065">
        <ele>210.31</ele>
        <time>2025-02-26T17:05:52.367Z</time>
      </trkpt>
      <trkpt lat="49.919778518378735" lon="4.5959958247840405">
        <ele>211.73</ele>
        <time>2025-02-26T17:05:56.377Z</time>
      </trkpt>
      <trkpt lat="49.919771645218134" lon="4.596354905515909">
        <ele>213.58</ele>
        <time>2025-02-26T17:06:00.395Z</time>
      </trkpt>
      <trkpt lat="49.91983316838741" lon="4.596615917980671">
        <ele>215.17</ele>
        <time>2025-02-26T17:06:04.419Z</time>
      </trkpt>
      <trkpt lat="49.91983199492097" lon="4.596674423664808">
        <ele>216.61</ele>
        <time>2025-02-26T17:06:08.444Z</time>
      </trkpt>
      <trkpt lat="49.91979695856571" lon="4.596785064786673">
        <ele>218.09</ele>
        <time>2025-02-26T17:06:12.472Z</time>
      </trkpt>
      <trkpt lat="49.91983509622514" lon="4.596830243244767">
        <ele>219.31</ele>
        <time>2025-02-26T17:06:16.501Z</time>
      </trkpt>
      <trkpt lat="49.91983794607222" lon="4.597022607922554">
        <ele>220.64</ele>
        <time>2025-02-26T17:06:20.534Z</time>
      </trkpt>
      <trkpt lat="49.91992972791195" lon="4.597294265404344">
        <ele>221.78</ele>
        <time>2025-02-26T17:06:24.574Z</time>
      </trkpt>
      <trkpt lat="49.91998806595802" lon="4.59759509190917">
        <ele>222.83</ele>
        <time>2025-02-26T17:06:28.621Z</time>
      </trkpt>
      <trkpt lat="49.920065347105265" lon="4.59787018597126">
        <ele>223.68</ele>
        <time>2025-02-26T17:06:32.674Z</time>
      </trkpt>
      <trkpt lat="49.920197278261185" lon="4.598180735483766">
        <ele>224.44</ele>
        <time>2025-02-26T17:06:36.735Z</time>
      </trkpt>
      <trkpt lat="49.92027757689357" lon="4.598303949460387">
        <ele>224.99</ele>
        <time>2025-02-26T17:06:40.800Z</time>
      </trkpt>
      <trkpt lat="49.92038184776902" lon="4.598544342443347">
        <ele>225.5</ele>
        <time>2025-02-26T17:06:44.871Z</time>
      </trkpt>
      <trkpt lat="49.92047555744648" lon="4.5986151695251465">
        <ele>225.74</ele>
        <time>2025-02-26T17:06:48.946Z</time>
      </trkpt>
      <trkpt lat="49.92055476643145" lon="4.598748693242669">
        <ele>225.92</ele>
        <time>2025-02-26T17:06:53.024Z</time>
      </trkpt>
      <trkpt lat="49.9206058960408" lon="4.598782891407609">
        <ele>225.94</ele>
        <time>2025-02-26T17:06:57.104Z</time>
      </trkpt>
      <trkpt lat="49.92070614360273" lon="4.598911888897419">
        <ele>225.81</ele>
        <time>2025-02-26T17:07:01.189Z</time>
      </trkpt>
      <trkpt lat="49.92069457657635" lon="4.599070977419615">
        <ele>225.7</ele>
        <time>2025-02-26T17:07:05.277Z</time>
      </trkpt>
      <trkpt lat="49.92066306062043" lon="4.5991317462176085">
        <ele>225.47</ele>
        <time>2025-02-26T17:07:09.367Z</time>
      </trkpt>
      <trkpt lat="49.92067689076066" lon="4.599138535559177">
        <ele>225.05</ele>
        <time>2025-02-26T17:07:13.457Z</time>
      </trkpt>
      <trkpt lat="49.920580331236124" lon="4.599150605499744">
        <ele>224.6</ele>
        <time>2025-02-26T17:07:17.551Z</time>
      </trkpt>
      <trkpt lat="49.92045124992728" lon="4.59909712895751">
        <ele>224.05</ele>
        <time>2025-02-26T17:07:21.649Z</time>
      </trkpt>
      <trkpt lat="49.92028218694031" lon="4.59894860163331">
        <ele>223.41</ele>
        <time>2025-02-26T17:07:25.753Z</time>
      </trkpt>
      <trkpt lat="49.920257879421115" lon="4.5989940315485">
        <ele>222.61</ele>
        <time>2025-02-26T17:07:29.859Z</time>
      </trkpt>
      <trkpt lat="49.92017758078873" lon="4.59931212477386">
        <ele>221.62</ele>
        <time>2025-02-26T17:07:33.972Z</time>
      </trkpt>
      <trkpt lat="49.920315714553" lon="4.5995725505054">
        <ele>220.55</ele>
        <time>2025-02-26T17:07:38.092Z</time>
      </trkpt>
      <trkpt lat="49.920453848317266" lon="4.599832976236939">
        <ele>219.44</ele>
        <time>2025-02-26T17:07:42.220Z</time>
      </trkpt>
      <trkpt lat="49.92059139534831" lon="4.600092144683003">
        <ele>218.27</ele>
        <time>2025-02-26T17:07:46.355Z</time>
      </trkpt>
      <trkpt lat="49.92058468982577" lon="4.600160792469978">
        <ele>217.22</ele>
        <time>2025-02-26T17:07:50.491Z</time>
      </trkpt>
      <trkpt lat="49.92053800262511" lon="4.600187195464969">
        <ele>216.19</ele>
        <time>2025-02-26T17:07:54.629Z</time>
      </trkpt>
      <trkpt lat="49.920368855819106" lon="4.6001320425421">
        <ele>215.22</ele>
        <time>2025-02-26T17:07:58.773Z</time>
      </trkpt>
      <trkpt lat="49.92011832073331" lon="4.600143693387508">
        <ele>214.18</ele>
        <time>2025-02-26T17:08:02.925Z</time>
      </trkpt>
      <trkpt lat="49.92004330269992" lon="4.600133551284671">
        <ele>213.26</ele>
        <time>2025-02-26T17:08:07.080Z</time>
      </trkpt>
      <trkpt lat="49.91988438181579" lon="4.600163893774152">
        <ele>212.31</ele>
        <time>2025-02-26T17:08:11.240Z</time>
      </trkpt>
      <trkpt lat="49.91972805932164" lon="4.600158948451281">
        <ele>211.49</ele>
        <time>2025-02-26T17:08:15.405Z</time>
      </trkpt>
      <trkpt lat="49.91960040293634" lon="4.600134724751115">
        <ele>210.77</ele>
        <time>2025-02-26T17:08:19.575Z</time>
      </trkpt>
      <trkpt lat="49.91936210542917" lon="4.600216867402196">
        <ele>210.03</ele>
        <time>2025-02-26T17:08:23.753Z</time>
      </trkpt>
      <trkpt lat="49.91912556812167" lon="4.600342009216547">
        <ele>209.27</ele>
        <time>2025-02-26T17:08:27.939Z</time>
      </trkpt>
      <trkpt lat="49.91909706965089" lon="4.600338824093342">
        <ele>208.89</ele>
        <time>2025-02-26T17:08:32.126Z</time>
      </trkpt>
      <trkpt lat="49.91885625757277" lon="4.600235894322395">
        <ele>208.66</ele>
        <time>2025-02-26T17:08:36.321Z</time>
      </trkpt>
      <trkpt lat="49.91861569695175" lon="4.6001330483704805">
        <ele>208.58</ele>
        <time>2025-02-26T17:08:40.525Z</time>
      </trkpt>
      <trkpt lat="49.91838184185326" lon="4.60001184605062">
        <ele>208.67</ele>
        <time>2025-02-26T17:08:44.737Z</time>
      </trkpt>
      <trkpt lat="49.91819718852639" lon="4.599843872711062">
        <ele>208.94</ele>
        <time>2025-02-26T17:08:48.956Z</time>
      </trkpt>
      <trkpt lat="49.91809140890837" lon="4.599781846627593">
        <ele>209.24</ele>
        <time>2025-02-26T17:08:53.179Z</time>
      </trkpt>
      <trkpt lat="49.91783500649035" lon="4.599669529125094">
        <ele>209.7</ele>
        <time>2025-02-26T17:08:57.411Z</time>
      </trkpt>
      <trkpt lat="49.917578771710396" lon="4.599557379260659">
        <ele>210.16</ele>
        <time>2025-02-26T17:09:01.652Z</time>
      </trkpt>
      <trkpt lat="49.91746318526566" lon="4.599486133083701">
        <ele>210.82</ele>
        <time>2025-02-26T17:09:05.897Z</time>
      </trkpt>
      <trkpt lat="49.91726922802627" lon="4.599277004599571">
        <ele>211.78</ele>
        <time>2025-02-26T17:09:10.150Z</time>
      </trkpt>
      <trkpt lat="49.91715774871409" lon="4.599210703745484">
        <ele>212.62</ele>
        <time>2025-02-26T17:09:14.407Z</time>
      </trkpt>
      <trkpt lat="49.917153641581535" lon="4.599173488095403">
        <ele>213.54</ele>
        <time>2025-02-26T17:09:18.664Z</time>
      </trkpt>
      <trkpt lat="49.91722270846367" lon="4.599030744284391">
        <ele>214.67</ele>
        <time>2025-02-26T17:09:22.925Z</time>
      </trkpt>
      <trkpt lat="49.917302671819925" lon="4.5988009963184595">
        <ele>215.93</ele>
        <time>2025-02-26T17:09:27.192Z</time>
      </trkpt>
      <trkpt lat="49.917450696229935" lon="4.598586084321141">
        <ele>217.14</ele>
        <time>2025-02-26T17:09:31.466Z</time>
      </trkpt>
      <trkpt lat="49.917481038719416" lon="4.598551047965884">
        <ele>218.27</ele>
        <time>2025-02-26T17:09:35.741Z</time>
      </trkpt>
      <trkpt lat="49.91757206618786" lon="4.598518777638674">
        <ele>219.43</ele>
        <time>2025-02-26T17:09:40.019Z</time>
      </trkpt>
      <trkpt lat="49.917665272951126" lon="4.598459601402283">
        <ele>220.64</ele>
        <time>2025-02-26T17:09:44.300Z</time>
      </trkpt>
      <trkpt lat="49.917783960700035" lon="4.598332028836012">
        <ele>221.93</ele>
        <time>2025-02-26T17:09:48.586Z</time>
      </trkpt>
      <trkpt lat="49.91783559322357" lon="4.59830797277391">
        <ele>223.13</ele>
        <time>2025-02-26T17:09:52.874Z</time>
      </trkpt>
      <trkpt lat="49.91789158433676" lon="4.598339824005961">
        <ele>224.28</ele>
        <time>2025-02-26T17:09:57.164Z</time>
      </trkpt>
      <trkpt lat="49.91800297982991" lon="4.5984782092273235">
        <ele>225.37</ele>
        <time>2025-02-26T17:10:01.459Z</time>
      </trkpt>
      <trkpt lat="49.91814614273608" lon="4.598743747919798">
        <ele>226.36</ele>
        <time>2025-02-26T17:10:05.761Z</time>
      </trkpt>
      <trkpt lat="49.91819953545928" lon="4.598731845617294">
        <ele>227.51</ele>
        <time>2025-02-26T17:10:10.065Z</time>
      </trkpt>
      <trkpt lat="49.918250581249595" lon="4.598650708794594">
        <ele>228.69</ele>
        <time>2025-02-26T17:10:14.371Z</time>
      </trkpt>
      <trkpt lat="49.91825519129634" lon="4.598562782630324">
        <ele>229.84</ele>
        <time>2025-02-26T17:10:18.679Z</time>
      </trkpt>
      <trkpt lat="49.918290227651596" lon="4.598453398793936">
        <ele>230.97</ele>
        <time>2025-02-26T17:10:22.990Z</time>
      </trkpt>
      <trkpt lat="49.918319983407855" lon="4.598425654694438">
        <ele>232.03</ele>
        <time>2025-02-26T17:10:27.302Z</time>
      </trkpt>
      <trkpt lat="49.91848049685359" lon="4.598413584753871">
        <ele>233.07</ele>
        <time>2025-02-26T17:10:31.619Z</time>
      </trkpt>
      <trkpt lat="49.918558364734054" lon="4.5982860121876">
        <ele>234.15</ele>
        <time>2025-02-26T17:10:35.940Z</time>
      </trkpt>
      <trkpt lat="49.918653164058924" lon="4.598252065479755">
        <ele>235.14</ele>
        <time>2025-02-26T17:10:40.265Z</time>
      </trkpt>
      <trkpt lat="49.91868727840483" lon="4.59825960919261">
        <ele>236.06</ele>
        <time>2025-02-26T17:10:44.591Z</time>
      </trkpt>
      <trkpt lat="49.91875031031668" lon="4.59831090644002">
        <ele>236.92</ele>
        <time>2025-02-26T17:10:48.919Z</time>
      </trkpt>
      <trkpt lat="49.91893144324422" lon="4.598685326054692">
        <ele>237.54</ele>
        <time>2025-02-26T17:10:53.257Z</time>
      </trkpt>
      <trkpt lat="49.91904937662184" lon="4.598735198378563">
        <ele>238.37</ele>
        <time>2025-02-26T17:10:57.599Z</time>
      </trkpt>
      <trkpt lat="49.91923587396741" lon="4.598723463714123">
        <ele>239.23</ele>
        <time>2025-02-26T17:11:01.947Z</time>
      </trkpt>
      <trkpt lat="49.919453635811806" lon="4.598676608875394">
        <ele>240.07</ele>
        <time>2025-02-26T17:11:06.303Z</time>
      </trkpt>
      <trkpt lat="49.919622698798776" lon="4.598658671602607">
        <ele>240.83</ele>
        <time>2025-02-26T17:11:10.664Z</time>
      </trkpt>
      <trkpt lat="49.919634433463216" lon="4.598568817600608">
        <ele>241.59</ele>
        <time>2025-02-26T17:11:15.027Z</time>
      </trkpt>
      <trkpt lat="49.91960685700178" lon="4.598416769877076">
        <ele>242.37</ele>
        <time>2025-02-26T17:11:19.394Z</time>
      </trkpt>
      <trkpt lat="49.91959260776639" lon="4.598403358832002">
        <ele>243.07</ele>
        <time>2025-02-26T17:11:23.761Z</time>
      </trkpt>
      <trkpt lat="49.91952178068459" lon="4.598461193963885">
        <ele>243.73</ele>
        <time>2025-02-26T17:11:28.131Z</time>
      </trkpt>
      <trkpt lat="49.919465789571404" lon="4.598476532846689">
        <ele>244.38</ele>
        <time>2025-02-26T17:11:32.503Z</time>
      </trkpt>
      <trkpt lat="49.919348526746035" lon="4.598445603623986">
        <ele>245.01</ele>
        <time>2025-02-26T17:11:36.879Z</time>
      </trkpt>
      <trkpt lat="49.91928222589195" lon="4.598387181758881">
        <ele>245.62</ele>
        <time>2025-02-26T17:11:41.257Z</time>
      </trkpt>
      <trkpt lat="49.91912514902651" lon="4.598312499001622">
        <ele>246.19</ele>
        <time>2025-02-26T17:11:45.641Z</time>
      </trkpt>
      <trkpt lat="49.9189271684736" lon="4.598172940313816">
        <ele>246.77</ele>
        <time>2025-02-26T17:11:50.032Z</time>
      </trkpt>
      <trkpt lat="49.91879045963287" lon="4.598000692203641">
        <ele>247.35</ele>
        <time>2025-02-26T17:11:54.429Z</time>
      </trkpt>
      <trkpt lat="49.91865408606827" lon="4.597828947007656">
        <ele>247.87</ele>
        <time>2025-02-26T17:11:58.832Z</time>
      </trkpt>
      <trkpt lat="49.918478317558765" lon="4.597671534866095">
        <ele>248.35</ele>
        <time>2025-02-26T17:12:03.242Z</time>
      </trkpt>
      <trkpt lat="49.918302884325385" lon="4.59751445800066">
        <ele>248.79</ele>
        <time>2025-02-26T17:12:07.658Z</time>
      </trkpt>
      <trkpt lat="49.91804136894643" lon="4.5973920822143555">
        <ele>249.16</ele>
        <time>2025-02-26T17:12:12.084Z</time>
      </trkpt>
      <trkpt lat="49.917892003431916" lon="4.597381521016359">
        <ele>249.37</ele>
        <time>2025-02-26T17:12:16.515Z</time>
      </trkpt>
      <trkpt lat="49.91759905591607" lon="4.597421335056424">
        <ele>249.54</ele>
        <time>2025-02-26T17:12:20.955Z</time>
      </trkpt>
      <trkpt lat="49.91738447919488" lon="4.597376408055425">
        <ele>249.78</ele>
        <time>2025-02-26T17:12:25.403Z</time>
      </trkpt>
      <trkpt lat="49.91714760661125" lon="4.59735763259232">
        <ele>249.8</ele>
        <time>2025-02-26T17:12:29.859Z</time>
      </trkpt>
      <trkpt lat="49.91691090166569" lon="4.597338940948248">
        <ele>249.69</ele>
        <time>2025-02-26T17:12:34.322Z</time>
      </trkpt>
      <trkpt lat="49.91670613177121" lon="4.597287643700838">
        <ele>249.59</ele>
        <time>2025-02-26T17:12:38.792Z</time>
      </trkpt>
      <trkpt lat="49.91643321700394" lon="4.597291499376297">
        <ele>249.41</ele>
        <time>2025-02-26T17:12:43.271Z</time>
      </trkpt>
      <trkpt lat="49.91627597250044" lon="4.597346400842071">
        <ele>249.15</ele>
        <time>2025-02-26T17:12:47.756Z</time>
      </trkpt>
      <trkpt lat="49.91611889563501" lon="4.597401386126876">
        <ele>248.82</ele>
        <time>2025-02-26T17:12:52.246Z</time>
      </trkpt>
      <trkpt lat="49.91591555066407" lon="4.597392166033387">
        <ele>248.55</ele>
        <time>2025-02-26T17:12:56.743Z</time>
      </trkpt>
      <trkpt lat="49.91567733697593" lon="4.597324356436729">
        <ele>248.13</ele>
        <time>2025-02-26T17:13:01.248Z</time>
      </trkpt>
      <trkpt lat="49.91543920710683" lon="4.597256714478135">
        <ele>247.67</ele>
        <time>2025-02-26T17:13:05.761Z</time>
      </trkpt>
      <trkpt lat="49.91525421850383" lon="4.597101649269462">
        <ele>247.1</ele>
        <time>2025-02-26T17:13:10.281Z</time>
      </trkpt>
      <trkpt lat="49.91512178443372" lon="4.596951697021723">
        <ele>246.54</ele>
        <time>2025-02-26T17:13:14.807Z</time>
      </trkpt>
      <trkpt lat="49.91507853381336" lon="4.596847929060459">
        <ele>246.02</ele>
        <time>2025-02-26T17:13:19.335Z</time>
      </trkpt>
      <trkpt lat="49.91501960903406" lon="4.59656311199069">
        <ele>245.5</ele>
        <time>2025-02-26T17:13:23.870Z</time>
      </trkpt>
      <trkpt lat="49.91502597928047" lon="4.596246611326933">
        <ele>245.0</ele>
        <time>2025-02-26T17:13:28.412Z</time>
      </trkpt>
      <trkpt lat="49.915069648995996" lon="4.595853500068188">
        <ele>244.37</ele>
        <time>2025-02-26T17:13:32.962Z</time>
      </trkpt>
      <trkpt lat="49.915113151073456" lon="4.595462651923299">
        <ele>243.85</ele>
        <time>2025-02-26T17:13:37.521Z</time>
      </trkpt>
      <trkpt lat="49.91516654379666" lon="4.595104828476906">
        <ele>243.33</ele>
        <time>2025-02-26T17:13:42.088Z</time>
      </trkpt>
      <trkpt lat="49.91521993651986" lon="4.594747005030513">
        <ele>242.67</ele>
        <time>2025-02-26T17:13:46.663Z</time>
      </trkpt>
      <trkpt lat="49.91527299396694" lon="4.59439211525023">
        <ele>242.03</ele>
        <time>2025-02-26T17:13:51.245Z</time>
      </trkpt>
      <trkpt lat="49.91535572335124" lon="4.593927673995495">
        <ele>241.44</ele>
        <time>2025-02-26T17:13:55.838Z</time>
      </trkpt>
      <trkpt lat="49.915438033640385" lon="4.59346566349268">
        <ele>240.83</ele>
        <time>2025-02-26T17:14:00.441Z</time>
      </trkpt>
      <trkpt lat="49.9154718965292" lon="4.593216888606548">
        <ele>240.14</ele>
        <time>2025-02-26T17:14:05.050Z</time>
      </trkpt>
      <trkpt lat="49.91550559177995" lon="4.5929694548249245">
        <ele>239.4</ele>
        <time>2025-02-26T17:14:09.664Z</time>
      </trkpt>
      <trkpt lat="49.91550735197961" lon="4.592646919190884">
        <ele>238.55</ele>
        <time>2025-02-26T17:14:14.285Z</time>
      </trkpt>
      <trkpt lat="49.915531408041716" lon="4.592281552031636">
        <ele>237.67</ele>
        <time>2025-02-26T17:14:18.914Z</time>
      </trkpt>
      <trkpt lat="49.91558471694589" lon="4.59192163310945">
        <ele>236.75</ele>
        <time>2025-02-26T17:14:23.551Z</time>
      </trkpt>
      <trkpt lat="49.915637858211994" lon="4.591563642024994">
        <ele>235.72</ele>
        <time>2025-02-26T17:14:28.196Z</time>
      </trkpt>
      <trkpt lat="49.9156238604337" lon="4.591302210465074">
        <ele>234.61</ele>
        <time>2025-02-26T17:14:32.846Z</time>
      </trkpt>
      <trkpt lat="49.91560994647443" lon="4.591042287647724">
        <ele>233.48</ele>
        <time>2025-02-26T17:14:37.502Z</time>
      </trkpt>
      <trkpt lat="49.9155580624938" lon="4.590722601860762">
        <ele>232.21</ele>
        <time>2025-02-26T17:14:42.165Z</time>
      </trkpt>
      <trkpt lat="49.915558230131865" lon="4.590723272413015">
        <ele>230.92</ele>
        <time>2025-02-26T17:14:46.828Z</time>
      </trkpt>
      <trkpt lat="49.91555839776993" lon="4.590723942965269">
        <ele>229.56</ele>
        <time>2025-02-26T17:14:51.491Z</time>
      </trkpt>
      <trkpt lat="49.91555856540799" lon="4.5907246973365545">
        <ele>228.14</ele>
        <time>2025-02-26T17:14:56.154Z</time>
      </trkpt>
      <trkpt lat="49.91555496118963" lon="4.59070248529315">
        <ele>226.64</ele>
        <time>2025-02-26T17:15:00.818Z</time>
      </trkpt>
      <trkpt lat="49.91550760343671" lon="4.590408867225051">
        <ele>225.07</ele>
        <time>2025-02-26T17:15:05.488Z</time>
      </trkpt>
      <trkpt lat="49.915469298139215" lon="4.590393612161279">
        <ele>223.43</ele>
        <time>2025-02-26T17:15:10.160Z</time>
      </trkpt>
      <trkpt lat="49.915276849642396" lon="4.5904976315796375">
        <ele>221.56</ele>
        <time>2025-02-26T17:15:14.838Z</time>
      </trkpt>
      <trkpt lat="49.91521842777729" lon="4.5905910898">
        <ele>219.77</ele>
        <time>2025-02-26T17:15:19.519Z</time>
      </trkpt>
      <trkpt lat="49.91498691961169" lon="4.590804912149906">
        <ele>217.77</ele>
        <time>2025-02-26T17:15:24.209Z</time>
      </trkpt>
      <trkpt lat="49.91482950747013" lon="4.590828213840723">
        <ele>215.88</ele>
        <time>2025-02-26T17:15:28.904Z</time>
      </trkpt>
      <trkpt lat="49.91471744142473" lon="4.590791752561927">
        <ele>214.05</ele>
        <time>2025-02-26T17:15:33.603Z</time>
      </trkpt>
      <trkpt lat="49.91456665098667" lon="4.590861573815346">
        <ele>212.17</ele>
        <time>2025-02-26T17:15:38.307Z</time>
      </trkpt>
      <trkpt lat="49.91441594436765" lon="4.590931395068765">
        <ele>210.31</ele>
        <time>2025-02-26T17:15:43.017Z</time>
      </trkpt>
      <trkpt lat="49.9141991045326" lon="4.59092628210783">
        <ele>208.46</ele>
        <time>2025-02-26T17:15:47.734Z</time>
      </trkpt>
      <trkpt lat="49.91407547146082" lon="4.59104647859931">
        <ele>206.73</ele>
        <time>2025-02-26T17:15:52.456Z</time>
      </trkpt>
      <trkpt lat="49.91399592719972" lon="4.591179331764579">
        <ele>205.1</ele>
        <time>2025-02-26T17:15:57.182Z</time>
      </trkpt>
      <trkpt lat="49.91399777121842" lon="4.591242866590619">
        <ele>203.61</ele>
        <time>2025-02-26T17:16:01.909Z</time>
      </trkpt>
      <trkpt lat="49.91410480812192" lon="4.591545704752207">
        <ele>202.2</ele>
        <time>2025-02-26T17:16:06.644Z</time>
      </trkpt>
      <trkpt lat="49.91412291303277" lon="4.591658273711801">
        <ele>200.88</ele>
        <time>2025-02-26T17:16:11.381Z</time>
      </trkpt>
      <trkpt lat="49.914101622998714" lon="4.591799341142178">
        <ele>199.61</ele>
        <time>2025-02-26T17:16:16.121Z</time>
      </trkpt>
      <trkpt lat="49.91407848894596" lon="4.591858182102442">
        <ele>198.48</ele>
        <time>2025-02-26T17:16:20.863Z</time>
      </trkpt>
      <trkpt lat="49.91392174735665" lon="4.59205356426537">
        <ele>197.45</ele>
        <time>2025-02-26T17:16:25.611Z</time>
      </trkpt>
      <trkpt lat="49.9138708692044" lon="4.592258417978883">
        <ele>196.57</ele>
        <time>2025-02-26T17:16:30.364Z</time>
      </trkpt>
      <trkpt lat="49.91370381787419" lon="4.592433348298073">
        <ele>195.9</ele>
        <time>2025-02-26T17:16:35.124Z</time>
      </trkpt>
      <trkpt lat="49.91355621255934" lon="4.592630239203572">
        <ele>195.33</ele>
        <time>2025-02-26T17:16:39.890Z</time>
      </trkpt>
      <trkpt lat="49.913444314152" lon="4.592817993834615">
        <ele>194.91</ele>
        <time>2025-02-26T17:16:44.662Z</time>
      </trkpt>
      <trkpt lat="49.913400476798415" lon="4.592961659654975">
        <ele>194.49</ele>
        <time>2025-02-26T17:16:49.437Z</time>
      </trkpt>
      <trkpt lat="49.91336585953832" lon="4.593014130368829">
        <ele>194.19</ele>
        <time>2025-02-26T17:16:54.214Z</time>
      </trkpt>
      <trkpt lat="49.91328866221011" lon="4.59304740652442">
        <ele>194.01</ele>
        <time>2025-02-26T17:16:58.994Z</time>
      </trkpt>
      <trkpt lat="49.91318271495402" lon="4.593127034604549">
        <ele>193.94</ele>
        <time>2025-02-26T17:17:03.777Z</time>
      </trkpt>
      <trkpt lat="49.9130595009774" lon="4.593192161992192">
        <ele>194.01</ele>
        <time>2025-02-26T17:17:08.565Z</time>
      </trkpt>
      <trkpt lat="49.91298406384885" lon="4.593194089829922">
        <ele>194.16</ele>
        <time>2025-02-26T17:17:13.355Z</time>
      </trkpt>
      <trkpt lat="49.912957241758704" lon="4.593158969655633">
        <ele>194.41</ele>
        <time>2025-02-26T17:17:18.147Z</time>
      </trkpt>
      <trkpt lat="49.91293461062014" lon="4.593051681295037">
        <ele>194.75</ele>
        <time>2025-02-26T17:17:22.941Z</time>
      </trkpt>
      <trkpt lat="49.91292430087924" lon="4.592831237241626">
        <ele>195.14</ele>
        <time>2025-02-26T17:17:27.740Z</time>
      </trkpt>
      <trkpt lat="49.91285112686455" lon="4.592392947524786">
        <ele>195.71</ele>
        <time>2025-02-26T17:17:32.548Z</time>
      </trkpt>
      <trkpt lat="49.91282229311764" lon="4.592369981110096">
        <ele>196.41</ele>
        <time>2025-02-26T17:17:37.358Z</time>
      </trkpt>
      <trkpt lat="49.91276202723384" lon="4.592366712167859">
        <ele>197.25</ele>
        <time>2025-02-26T17:17:42.170Z</time>
      </trkpt>
      <trkpt lat="49.91271559149027" lon="4.5924740843474865">
        <ele>198.14</ele>
        <time>2025-02-26T17:17:46.984Z</time>
      </trkpt>
      <trkpt lat="49.912606878206134" lon="4.5925026666373014">
        <ele>199.21</ele>
        <time>2025-02-26T17:17:51.802Z</time>
      </trkpt>
      <trkpt lat="49.91257888264954" lon="4.592540385201573">
        <ele>200.28</ele>
        <time>2025-02-26T17:17:56.621Z</time>
      </trkpt>
      <trkpt lat="49.912504870444536" lon="4.592535858973861">
        <ele>201.51</ele>
        <time>2025-02-26T17:18:01.443Z</time>
      </trkpt>
      <trkpt lat="49.912437312304974" lon="4.59249185398221">
        <ele>202.8</ele>
        <time>2025-02-26T17:18:06.267Z</time>
      </trkpt>
      <trkpt lat="49.91238970309496" lon="4.592523789033294">
        <ele>204.13</ele>
        <time>2025-02-26T17:18:11.093Z</time>
      </trkpt>
      <trkpt lat="49.91235055960715" lon="4.592510210350156">
        <ele>205.5</ele>
        <time>2025-02-26T17:18:15.920Z</time>
      </trkpt>
      <trkpt lat="49.912314182147384" lon="4.59252655506134">
        <ele>206.92</ele>
        <time>2025-02-26T17:18:20.749Z</time>
      </trkpt>
      <trkpt lat="49.91223614662886" lon="4.592715064063668">
        <ele>208.48</ele>
        <time>2025-02-26T17:18:25.582Z</time>
      </trkpt>
      <trkpt lat="49.91220806725323" lon="4.592859400436282">
        <ele>209.97</ele>
        <time>2025-02-26T17:18:30.419Z</time>
      </trkpt>
      <trkpt lat="49.91215123794973" lon="4.592962581664324">
        <ele>211.57</ele>
        <time>2025-02-26T17:18:35.258Z</time>
      </trkpt>
      <trkpt lat="49.912159787490964" lon="4.593054698780179">
        <ele>213.16</ele>
        <time>2025-02-26T17:18:40.100Z</time>
      </trkpt>
      <trkpt lat="49.91210882551968" lon="4.593228958547115">
        <ele>214.88</ele>
        <time>2025-02-26T17:18:44.946Z</time>
      </trkpt>
      <trkpt lat="49.911976139992476" lon="4.593556942418218">
        <ele>216.7</ele>
        <time>2025-02-26T17:18:49.800Z</time>
      </trkpt>
      <trkpt lat="49.911915455013514" lon="4.593756347894669">
        <ele>218.48</ele>
        <time>2025-02-26T17:18:54.659Z</time>
      </trkpt>
      <trkpt lat="49.91180255077779" lon="4.593972768634558">
        <ele>220.35</ele>
        <time>2025-02-26T17:18:59.524Z</time>
      </trkpt>
      <trkpt lat="49.91169006563723" lon="4.594188602641225">
        <ele>222.37</ele>
        <time>2025-02-26T17:19:04.395Z</time>
      </trkpt>
      <trkpt lat="49.911623848602176" lon="4.594362527132034">
        <ele>224.42</ele>
        <time>2025-02-26T17:19:09.270Z</time>
      </trkpt>
      <trkpt lat="49.911564253270626" lon="4.594634771347046">
        <ele>226.51</ele>
        <time>2025-02-26T17:19:14.151Z</time>
      </trkpt>
      <trkpt lat="49.911460150033236" lon="4.594862759113312">
        <ele>228.71</ele>
        <time>2025-02-26T17:19:19.038Z</time>
      </trkpt>
      <trkpt lat="49.91141840815544" lon="4.595071217045188">
        <ele>230.91</ele>
        <time>2025-02-26T17:19:23.930Z</time>
      </trkpt>
      <trkpt lat="49.91136317141354" lon="4.595111953094602">
        <ele>233.28</ele>
        <time>2025-02-26T17:19:28.824Z</time>
      </trkpt>
      <trkpt lat="49.91131849586964" lon="4.595117485150695">
        <ele>235.73</ele>
        <time>2025-02-26T17:19:33.719Z</time>
      </trkpt>
      <trkpt lat="49.91126426495612" lon="4.595096698030829">
        <ele>238.26</ele>
        <time>2025-02-26T17:19:38.616Z</time>
      </trkpt>
      <trkpt lat="49.911214308813214" lon="4.595005586743355">
        <ele>240.93</ele>
        <time>2025-02-26T17:19:43.516Z</time>
      </trkpt>
      <trkpt lat="49.91115362383425" lon="4.594970131292939">
        <ele>243.75</ele>
        <time>2025-02-26T17:19:48.418Z</time>
      </trkpt>
      <trkpt lat="49.911118587478995" lon="4.594970718026161">
        <ele>246.59</ele>
        <time>2025-02-26T17:19:53.321Z</time>
      </trkpt>
      <trkpt lat="49.91094835102558" lon="4.5948278065770864">
        <ele>249.82</ele>
        <time>2025-02-26T17:19:58.231Z</time>
      </trkpt>
      <trkpt lat="49.91086947731674" lon="4.594813389703631">
        <ele>252.91</ele>
        <time>2025-02-26T17:20:03.143Z</time>
      </trkpt>
      <trkpt lat="49.91073561832309" lon="4.594728397205472">
        <ele>256.21</ele>
        <time>2025-02-26T17:20:08.060Z</time>
      </trkpt>
      <trkpt lat="49.910687170922756" lon="4.594737617298961">
        <ele>259.38</ele>
        <time>2025-02-26T17:20:12.979Z</time>
      </trkpt>
      <trkpt lat="49.91057686507702" lon="4.594632089138031">
        <ele>262.83</ele>
        <time>2025-02-26T17:20:17.902Z</time>
      </trkpt>
      <trkpt lat="49.91046488285065" lon="4.594548940658569">
        <ele>266.33</ele>
        <time>2025-02-26T17:20:22.829Z</time>
      </trkpt>
      <trkpt lat="49.910406628623605" lon="4.594523878768086">
        <ele>269.72</ele>
        <time>2025-02-26T17:20:27.758Z</time>
      </trkpt>
      <trkpt lat="49.91029548458755" lon="4.5944116450846195">
        <ele>273.31</ele>
        <time>2025-02-26T17:20:32.692Z</time>
      </trkpt>
      <trkpt lat="49.91025013849139" lon="4.594453722238541">
        <ele>276.67</ele>
        <time>2025-02-26T17:20:37.628Z</time>
      </trkpt>
      <trkpt lat="49.91018073633313" lon="4.594432096928358">
        <ele>280.14</ele>
        <time>2025-02-26T17:20:42.566Z</time>
      </trkpt>
      <trkpt lat="49.910104712471366" lon="4.594320198521018">
        <ele>283.66</ele>
        <time>2025-02-26T17:20:47.507Z</time>
      </trkpt>
      <trkpt lat="49.910086607560515" lon="4.594247108325362">
        <ele>287.0</ele>
        <time>2025-02-26T17:20:52.450Z</time>
      </trkpt>
      <trkpt lat="49.9100529961288" lon="4.594213915988803">
        <ele>290.3</ele>
        <time>2025-02-26T17:20:57.394Z</time>
      </trkpt>
      <trkpt lat="49.91001728922129" lon="4.594204947352409">
        <ele>293.56</ele>
        <time>2025-02-26T17:21:02.340Z</time>
      </trkpt>
      <trkpt lat="49.90992181934416" lon="4.5941277500241995">
        <ele>296.85</ele>
        <time>2025-02-26T17:21:07.289Z</time>
      </trkpt>
      <trkpt lat="49.90987764671445" lon="4.5940544083714485">
        <ele>300.04</ele>
        <time>2025-02-26T17:21:12.240Z</time>
      </trkpt>
      <trkpt lat="49.909786116331816" lon="4.594038566574454">
        <ele>303.18</ele>
        <time>2025-02-26T17:21:17.194Z</time>
      </trkpt>
      <trkpt lat="49.90966600365937" lon="4.593944940716028">
        <ele>306.29</ele>
        <time>2025-02-26T17:21:22.153Z</time>
      </trkpt>
      <trkpt lat="49.90954144857824" lon="4.593755761161447">
        <ele>309.35</ele>
        <time>2025-02-26T17:21:27.118Z</time>
      </trkpt>
      <trkpt lat="49.90933776833117" lon="4.593601617962122">
        <ele>312.3</ele>
        <time>2025-02-26T17:21:32.090Z</time>
      </trkpt>
      <trkpt lat="49.909198796376586" lon="4.593429118394852">
        <ele>315.05</ele>
        <time>2025-02-26T17:21:37.068Z</time>
      </trkpt>
      <trkpt lat="49.909155713394284" lon="4.593446971848607">
        <ele>317.69</ele>
        <time>2025-02-26T17:21:42.048Z</time>
      </trkpt>
      <trkpt lat="49.909093687310815" lon="4.5934231672436">
        <ele>320.21</ele>
        <time>2025-02-26T17:21:47.030Z</time>
      </trkpt>
      <trkpt lat="49.909046748653054" lon="4.593468764796853">
        <ele>322.6</ele>
        <time>2025-02-26T17:21:52.014Z</time>
      </trkpt>
      <trkpt lat="49.90895605646074" lon="4.593669511377811">
        <ele>324.92</ele>
        <time>2025-02-26T17:21:57.003Z</time>
      </trkpt>
      <trkpt lat="49.90885413251817" lon="4.593818625435233">
        <ele>327.13</ele>
        <time>2025-02-26T17:22:01.997Z</time>
      </trkpt>
      <trkpt lat="49.90880115889013" lon="4.593954244628549">
        <ele>329.17</ele>
        <time>2025-02-26T17:22:06.994Z</time>
      </trkpt>
      <trkpt lat="49.90864081308246" lon="4.594140741974115">
        <ele>331.17</ele>
        <time>2025-02-26T17:22:11.998Z</time>
      </trkpt>
      <trkpt lat="49.90848080255091" lon="4.594326904043555">
        <ele>332.95</ele>
        <time>2025-02-26T17:22:17.008Z</time>
      </trkpt>
      <trkpt lat="49.90835742093623" lon="4.594647595658898">
        <ele>334.65</ele>
        <time>2025-02-26T17:22:22.026Z</time>
      </trkpt>
      <trkpt lat="49.90829078480601" lon="4.594907099381089">
        <ele>336.07</ele>
        <time>2025-02-26T17:22:27.051Z</time>
      </trkpt>
      <trkpt lat="49.90827209316194" lon="4.595117401331663">
        <ele>337.27</ele>
        <time>2025-02-26T17:22:32.080Z</time>
      </trkpt>
      <trkpt lat="49.908273266628385" lon="4.595153024420142">
        <ele>338.13</ele>
        <time>2025-02-26T17:22:37.110Z</time>
      </trkpt>
      <trkpt lat="49.908298747614026" lon="4.595198454335332">
        <ele>338.77</ele>
        <time>2025-02-26T17:22:42.141Z</time>
      </trkpt>
      <trkpt lat="49.90851684473455" lon="4.595242291688919">
        <ele>339.13</ele>
        <time>2025-02-26T17:22:47.179Z</time>
      </trkpt>
      <trkpt lat="49.908641735091805" lon="4.595285626128316">
        <ele>339.26</ele>
        <time>2025-02-26T17:22:52.222Z</time>
      </trkpt>
      <trkpt lat="49.908780455589294" lon="4.595411019399762">
        <ele>339.22</ele>
        <time>2025-02-26T17:22:57.270Z</time>
      </trkpt>
      <trkpt lat="49.90898690186441" lon="4.595701536163688">
        <ele>338.98</ele>
        <time>2025-02-26T17:23:02.327Z</time>
      </trkpt>
      <trkpt lat="49.909086311236024" lon="4.5959436893463135">
        <ele>338.55</ele>
        <time>2025-02-26T17:23:07.391Z</time>
      </trkpt>
      <trkpt lat="49.90918538533151" lon="4.59618492051959">
        <ele>337.86</ele>
        <time>2025-02-26T17:23:12.461Z</time>
      </trkpt>
      <trkpt lat="49.909232407808304" lon="4.5960240717977285">
        <ele>336.85</ele>
        <time>2025-02-26T17:23:17.535Z</time>
      </trkpt>
      <trkpt lat="49.90924095734954" lon="4.595882669091225">
        <ele>335.7</ele>
        <time>2025-02-26T17:23:22.612Z</time>
      </trkpt>
      <trkpt lat="49.909264259040356" lon="4.595828857272863">
        <ele>334.39</ele>
        <time>2025-02-26T17:23:27.690Z</time>
      </trkpt>
      <trkpt lat="49.9092445615679" lon="4.5956724509596825">
        <ele>332.87</ele>
        <time>2025-02-26T17:23:32.771Z</time>
      </trkpt>
      <trkpt lat="49.90930264815688" lon="4.595496514812112">
        <ele>331.05</ele>
        <time>2025-02-26T17:23:37.857Z</time>
      </trkpt>
      <trkpt lat="49.90935863927007" lon="4.595442870631814">
        <ele>329.18</ele>
        <time>2025-02-26T17:23:42.945Z</time>
      </trkpt>
      <trkpt lat="49.90935796871781" lon="4.595417641103268">
        <ele>327.32</ele>
        <time>2025-02-26T17:23:48.033Z</time>
      </trkpt>
      <trkpt lat="49.90938998758793" lon="4.595407582819462">
        <ele>325.28</ele>
        <time>2025-02-26T17:23:53.123Z</time>
      </trkpt>
      <trkpt lat="49.90942670032382" lon="4.595281099900603">
        <ele>323.03</ele>
        <time>2025-02-26T17:23:58.216Z</time>
      </trkpt>
      <trkpt lat="49.90949249826372" lon="4.595291074365377">
        <ele>320.7</ele>
        <time>2025-02-26T17:24:03.311Z</time>
      </trkpt>
      <trkpt lat="49.9095228407532" lon="4.59533222950995">
        <ele>318.38</ele>
        <time>2025-02-26T17:24:08.407Z</time>
      </trkpt>
      <trkpt lat="49.909544633701444" lon="4.59542409516871">
        <ele>316.02</ele>
        <time>2025-02-26T17:24:13.505Z</time>
      </trkpt>
      <trkpt lat="49.90968989208341" lon="4.59558242931962">
        <ele>313.28</ele>
        <time>2025-02-26T17:24:18.609Z</time>
      </trkpt>
      <trkpt lat="49.909710846841335" lon="4.595581004396081">
        <ele>310.72</ele>
        <time>2025-02-26T17:24:23.714Z</time>
      </trkpt>
      <trkpt lat="49.90973783656955" lon="4.595532976090908">
        <ele>308.06</ele>
        <time>2025-02-26T17:24:28.820Z</time>
      </trkpt>
      <trkpt lat="49.909749906510115" lon="4.595404481515288">
        <ele>305.37</ele>
        <time>2025-02-26T17:24:33.929Z</time>
      </trkpt>
      <trkpt lat="49.909766586497426" lon="4.595404313877225">
        <ele>302.68</ele>
        <time>2025-02-26T17:24:39.039Z</time>
      </trkpt>
      <trkpt lat="49.9097712803632" lon="4.59538109600544">
        <ele>299.98</ele>
        <time>2025-02-26T17:24:44.149Z</time>
      </trkpt>
      <trkpt lat="49.90983573719859" lon="4.595587458461523">
        <ele>297.14</ele>
        <time>2025-02-26T17:24:49.264Z</time>
      </trkpt>
      <trkpt lat="49.909850070253015" lon="4.595730369910598">
        <ele>294.31</ele>
        <time>2025-02-26T17:24:54.382Z</time>
      </trkpt>
      <trkpt lat="49.909883849322796" lon="4.595723580569029">
        <ele>291.45</ele>
        <time>2025-02-26T17:24:59.501Z</time>
      </trkpt>
      <trkpt lat="49.90988778881729" lon="4.595632217824459">
        <ele>288.7</ele>
        <time>2025-02-26T17:25:04.622Z</time>
      </trkpt>
      <trkpt lat="49.910054840147495" lon="4.596001943573356">
        <ele>285.31</ele>
        <time>2025-02-26T17:25:09.753Z</time>
      </trkpt>
      <trkpt lat="49.91007646545768" lon="4.596089534461498">
        <ele>282.42</ele>
        <time>2025-02-26T17:25:14.886Z</time>
      </trkpt>
      <trkpt lat="49.91006498225033" lon="4.596221633255482">
        <ele>279.67</ele>
        <time>2025-02-26T17:25:20.022Z</time>
      </trkpt>
      <trkpt lat="49.910089960321784" lon="4.5963554084300995">
        <ele>276.84</ele>
        <time>2025-02-26T17:25:25.161Z</time>
      </trkpt>
      <trkpt lat="49.91009431891143" lon="4.596507791429758">
        <ele>274.09</ele>
        <time>2025-02-26T17:25:30.303Z</time>
      </trkpt>
      <trkpt lat="49.910152070224285" lon="4.596736701205373">
        <ele>271.22</ele>
        <time>2025-02-26T17:25:35.450Z</time>
      </trkpt>
      <trkpt lat="49.91016757674515" lon="4.596875170245767">
        <ele>268.46</ele>
        <time>2025-02-26T17:25:40.600Z</time>
      </trkpt>
      <trkpt lat="49.91025893948972" lon="4.597113383933902">
        <ele>265.47</ele>
        <time>2025-02-26T17:25:45.756Z</time>
      </trkpt>
      <trkpt lat="49.91026329807937" lon="4.59717096760869">
        <ele>262.72</ele>
        <time>2025-02-26T17:25:50.914Z</time>
      </trkpt>
      <trkpt lat="49.91034619510174" lon="4.597442792728543">
        <ele>259.76</ele>
        <time>2025-02-26T17:25:56.078Z</time>
      </trkpt>
      <trkpt lat="49.910340243950486" lon="4.59747975692153">
        <ele>257.06</ele>
        <time>2025-02-26T17:26:01.243Z</time>
      </trkpt>
      <trkpt lat="49.91037620231509" lon="4.597665583714843">
        <ele>254.24</ele>
        <time>2025-02-26T17:26:06.412Z</time>
      </trkpt>
      <trkpt lat="49.910430600866675" lon="4.597759293392301">
        <ele>251.45</ele>
        <time>2025-02-26T17:26:11.584Z</time>
      </trkpt>
      <trkpt lat="49.91044887341559" lon="4.59776901639998">
        <ele>248.72</ele>
        <time>2025-02-26T17:26:16.757Z</time>
      </trkpt>
      <trkpt lat="49.91048055700958" lon="4.597754515707493">
        <ele>245.99</ele>
        <time>2025-02-26T17:26:21.931Z</time>
      </trkpt>
      <trkpt lat="49.91049346514046" lon="4.5977275259792805">
        <ele>243.29</ele>
        <time>2025-02-26T17:26:27.105Z</time>
      </trkpt>
      <trkpt lat="49.910590862855315" lon="4.597383616492152">
        <ele>240.42</ele>
        <time>2025-02-26T17:26:32.287Z</time>
      </trkpt>
      <trkpt lat="49.91061952896416" lon="4.597335420548916">
        <ele>237.72</ele>
        <time>2025-02-26T17:26:37.471Z</time>
      </trkpt>
      <trkpt lat="49.910738384351134" lon="4.597369367256761">
        <ele>234.99</ele>
        <time>2025-02-26T17:26:42.659Z</time>
      </trkpt>
      <trkpt lat="49.91083553060889" lon="4.5973761565983295">
        <ele>232.37</ele>
        <time>2025-02-26T17:26:47.850Z</time>
      </trkpt>
      <trkpt lat="49.910964611917734" lon="4.597470872104168">
        <ele>229.79</ele>
        <time>2025-02-26T17:26:53.046Z</time>
      </trkpt>
      <trkpt lat="49.91122964769602" lon="4.597623590379953">
        <ele>227.09</ele>
        <time>2025-02-26T17:26:58.251Z</time>
      </trkpt>
      <trkpt lat="49.911322770640254" lon="4.597750324755907">
        <ele>224.56</ele>
        <time>2025-02-26T17:27:03.460Z</time>
      </trkpt>
      <trkpt lat="49.91138504818082" lon="4.5977740455418825">
        <ele>222.11</ele>
        <time>2025-02-26T17:27:08.672Z</time>
      </trkpt>
      <trkpt lat="49.9115364253521" lon="4.597912095487118">
        <ele>219.62</ele>
        <time>2025-02-26T17:27:13.889Z</time>
      </trkpt>
      <trkpt lat="49.911689227446914" lon="4.598128767684102">
        <ele>217.22</ele>
        <time>2025-02-26T17:27:19.113Z</time>
      </trkpt>
      <trkpt lat="49.911822248250246" lon="4.598218789324164">
        <ele>214.96</ele>
        <time>2025-02-26T17:27:24.342Z</time>
      </trkpt>
      <trkpt lat="49.911967255175114" lon="4.598358096554875">
        <ele>212.81</ele>
        <time>2025-02-26T17:27:29.577Z</time>
      </trkpt>
      <trkpt lat="49.91217604838312" lon="4.5985079649835825">
        <ele>210.72</ele>
        <time>2025-02-26T17:27:34.820Z</time>
      </trkpt>
      <trkpt lat="49.91228082217276" lon="4.59862070158124">
        <ele>208.85</ele>
        <time>2025-02-26T17:27:40.067Z</time>
      </trkpt>
      <trkpt lat="49.91246983408928" lon="4.598777191713452">
        <ele>207.06</ele>
        <time>2025-02-26T17:27:45.321Z</time>
      </trkpt>
      <trkpt lat="49.912658678367734" lon="4.598933598026633">
        <ele>205.39</ele>
        <time>2025-02-26T17:27:50.582Z</time>
      </trkpt>
      <trkpt lat="49.912726655602455" lon="4.598952876403928">
        <ele>203.97</ele>
        <time>2025-02-26T17:27:55.845Z</time>
      </trkpt>
      <trkpt lat="49.912771666422486" lon="4.599034432321787">
        <ele>202.76</ele>
        <time>2025-02-26T17:28:01.111Z</time>
      </trkpt>
      <trkpt lat="49.912800500169396" lon="4.599172230809927">
        <ele>201.77</ele>
        <time>2025-02-26T17:28:06.380Z</time>
      </trkpt>
      <trkpt lat="49.91287258453667" lon="4.599390076473355">
        <ele>200.93</ele>
        <time>2025-02-26T17:28:11.654Z</time>
      </trkpt>
      <trkpt lat="49.91294450126588" lon="4.5996070839464664">
        <ele>200.34</ele>
        <time>2025-02-26T17:28:16.933Z</time>
      </trkpt>
      <trkpt lat="49.913109289482236" lon="4.599958285689354">
        <ele>199.96</ele>
        <time>2025-02-26T17:28:22.222Z</time>
      </trkpt>
      <trkpt lat="49.91322420537472" lon="4.6002585254609585">
        <ele>199.77</ele>
        <time>2025-02-26T17:28:27.518Z</time>
      </trkpt>
      <trkpt lat="49.91333920508623" lon="4.600558849051595">
        <ele>199.79</ele>
        <time>2025-02-26T17:28:32.822Z</time>
      </trkpt>
      <trkpt lat="49.91345345042646" lon="4.600857328623533">
        <ele>200.02</ele>
        <time>2025-02-26T17:28:38.133Z</time>
      </trkpt>
      <trkpt lat="49.91359611041844" lon="4.6011656150221825">
        <ele>200.45</ele>
        <time>2025-02-26T17:28:43.452Z</time>
      </trkpt>
      <trkpt lat="49.913801131770015" lon="4.60149435326457">
        <ele>201.1</ele>
        <time>2025-02-26T17:28:48.781Z</time>
      </trkpt>
      <trkpt lat="49.91400556638837" lon="4.601822169497609">
        <ele>202.03</ele>
        <time>2025-02-26T17:28:54.120Z</time>
      </trkpt>
      <trkpt lat="49.91423707455397" lon="4.602071112021804">
        <ele>203.14</ele>
        <time>2025-02-26T17:28:59.469Z</time>
      </trkpt>
      <trkpt lat="49.91446950472891" lon="4.602270852774382">
        <ele>204.46</ele>
        <time>2025-02-26T17:29:04.826Z</time>
      </trkpt>
      <trkpt lat="49.91451619192958" lon="4.602364646270871">
        <ele>205.95</ele>
        <time>2025-02-26T17:29:10.186Z</time>
      </trkpt>
      <trkpt lat="49.91441451944411" lon="4.602704532444477">
        <ele>207.84</ele>
        <time>2025-02-26T17:29:15.554Z</time>
      </trkpt>
      <trkpt lat="49.91431343369186" lon="4.603042993694544">
        <ele>209.83</ele>
        <time>2025-02-26T17:29:20.930Z</time>
      </trkpt>
      <trkpt lat="49.914198350161314" lon="4.603367121890187">
        <ele>211.94</ele>
        <time>2025-02-26T17:29:26.314Z</time>
      </trkpt>
      <trkpt lat="49.9140833504498" lon="4.603691250085831">
        <ele>214.08</ele>
        <time>2025-02-26T17:29:31.706Z</time>
      </trkpt>
      <trkpt lat="49.91396910510957" lon="4.604013366624713">
        <ele>216.33</ele>
        <time>2025-02-26T17:29:37.106Z</time>
      </trkpt>
      <trkpt lat="49.913933984935284" lon="4.604133730754256">
        <ele>218.54</ele>
        <time>2025-02-26T17:29:42.509Z</time>
      </trkpt>
      <trkpt lat="49.91392903961241" lon="4.604215370491147">
        <ele>220.82</ele>
        <time>2025-02-26T17:29:47.914Z</time>
      </trkpt>
      <trkpt lat="49.913878329098225" lon="4.604347888380289">
        <ele>223.18</ele>
        <time>2025-02-26T17:29:53.322Z</time>
      </trkpt>
      <trkpt lat="49.91377456113696" lon="4.604737060144544">
        <ele>225.75</ele>
        <time>2025-02-26T17:29:58.739Z</time>
      </trkpt>
      <trkpt lat="49.91368261165917" lon="4.604972256347537">
        <ele>228.33</ele>
        <time>2025-02-26T17:30:04.162Z</time>
      </trkpt>
      <trkpt lat="49.91360650397837" lon="4.605345753952861">
        <ele>231.03</ele>
        <time>2025-02-26T17:30:09.593Z</time>
      </trkpt>
      <trkpt lat="49.913587141782045" lon="4.605393949896097">
        <ele>233.56</ele>
        <time>2025-02-26T17:30:15.026Z</time>
      </trkpt>
      <trkpt lat="49.91357867605984" lon="4.605379281565547">
        <ele>236.07</ele>
        <time>2025-02-26T17:30:20.459Z</time>
      </trkpt>
      <trkpt lat="49.913562750443816" lon="4.605397637933493">
        <ele>238.61</ele>
        <time>2025-02-26T17:30:25.893Z</time>
      </trkpt>
      <trkpt lat="49.91353651508689" lon="4.605543315410614">
        <ele>241.28</ele>
        <time>2025-02-26T17:30:31.330Z</time>
      </trkpt>
      <trkpt lat="49.91350466385484" lon="4.605614226311445">
        <ele>243.9</ele>
        <time>2025-02-26T17:30:36.769Z</time>
      </trkpt>
      <trkpt lat="49.91351019591093" lon="4.605641970410943">
        <ele>246.44</ele>
        <time>2025-02-26T17:30:42.208Z</time>
      </trkpt>
      <trkpt lat="49.913441045209765" lon="4.605784630402923">
        <ele>249.2</ele>
        <time>2025-02-26T17:30:47.651Z</time>
      </trkpt>
      <trkpt lat="49.91346426308155" lon="4.605827210471034">
        <ele>251.73</ele>
        <time>2025-02-26T17:30:53.095Z</time>
      </trkpt>
      <trkpt lat="49.913450349122286" lon="4.6058968640863895">
        <ele>254.32</ele>
        <time>2025-02-26T17:30:58.541Z</time>
      </trkpt>
      <trkpt lat="49.91345982067287" lon="4.6059256978333">
        <ele>256.83</ele>
        <time>2025-02-26T17:31:03.988Z</time>
      </trkpt>
      <trkpt lat="49.913419000804424" lon="4.605999207124114">
        <ele>259.45</ele>
        <time>2025-02-26T17:31:09.437Z</time>
      </trkpt>
      <trkpt lat="49.913414139300585" lon="4.6060453075915575">
        <ele>261.98</ele>
        <time>2025-02-26T17:31:14.887Z</time>
      </trkpt>
      <trkpt lat="49.91336460225284" lon="4.6061106864362955">
        <ele>264.57</ele>
        <time>2025-02-26T17:31:20.339Z</time>
      </trkpt>
      <trkpt lat="49.91334892809391" lon="4.606170281767845">
        <ele>267.1</ele>
        <time>2025-02-26T17:31:25.792Z</time>
      </trkpt>
      <trkpt lat="49.91332403384149" lon="4.606185536831617">
        <ele>269.59</ele>
        <time>2025-02-26T17:31:31.246Z</time>
      </trkpt>
      <trkpt lat="49.91324197500944" lon="4.606405980885029">
        <ele>272.36</ele>
        <time>2025-02-26T17:31:36.706Z</time>
      </trkpt>
      <trkpt lat="49.91320928558707" lon="4.606549646705389">
        <ele>274.97</ele>
        <time>2025-02-26T17:31:42.169Z</time>
      </trkpt>
      <trkpt lat="49.91305916570127" lon="4.606819208711386">
        <ele>277.91</ele>
        <time>2025-02-26T17:31:47.640Z</time>
      </trkpt>
      <trkpt lat="49.91317064501345" lon="4.607045687735081">
        <ele>280.33</ele>
        <time>2025-02-26T17:31:53.117Z</time>
      </trkpt>
      <trkpt lat="49.91320727393031" lon="4.607154987752438">
        <ele>282.72</ele>
        <time>2025-02-26T17:31:58.596Z</time>
      </trkpt>
      <trkpt lat="49.91326737217605" lon="4.607391692698002">
        <ele>285.12</ele>
        <time>2025-02-26T17:32:04.081Z</time>
      </trkpt>
      <trkpt lat="49.913327218964696" lon="4.607627307996154">
        <ele>287.49</ele>
        <time>2025-02-26T17:32:09.571Z</time>
      </trkpt>
      <trkpt lat="49.91353056393564" lon="4.607964428141713">
        <ele>289.71</ele>
        <time>2025-02-26T17:32:15.071Z</time>
      </trkpt>
      <trkpt lat="49.91355998441577" lon="4.608109770342708">
        <ele>292.17</ele>
        <time>2025-02-26T17:32:20.575Z</time>
      </trkpt>
      <trkpt lat="49.91363424807787" lon="4.608183279633522">
        <ele>294.55</ele>
        <time>2025-02-26T17:32:26.082Z</time>
      </trkpt>
      <trkpt lat="49.913663836196065" lon="4.608240108937025">
        <ele>297.04</ele>
        <time>2025-02-26T17:32:31.590Z</time>
      </trkpt>
      <trkpt lat="49.913662327453494" lon="4.608363742008805">
        <ele>299.65</ele>
        <time>2025-02-26T17:32:37.101Z</time>
      </trkpt>
      <trkpt lat="49.91364003159106" lon="4.6083910670131445">
        <ele>302.3</ele>
        <time>2025-02-26T17:32:42.613Z</time>
      </trkpt>
      <trkpt lat="49.91364506073296" lon="4.608473209664226">
        <ele>304.99</ele>
        <time>2025-02-26T17:32:48.127Z</time>
      </trkpt>
      <trkpt lat="49.91357272490859" lon="4.60865518078208">
        <ele>307.93</ele>
        <time>2025-02-26T17:32:53.645Z</time>
      </trkpt>
      <trkpt lat="49.91350424475968" lon="4.608769761398435">
        <ele>310.9</ele>
        <time>2025-02-26T17:32:59.166Z</time>
      </trkpt>
      <trkpt lat="49.91338714957237" lon="4.609072431921959">
        <ele>314.16</ele>
        <time>2025-02-26T17:33:04.695Z</time>
      </trkpt>
      <trkpt lat="49.913303749635816" lon="4.609173098579049">
        <ele>317.22</ele>
        <time>2025-02-26T17:33:10.228Z</time>
      </trkpt>
      <trkpt lat="49.91322370246053" lon="4.609340066090226">
        <ele>320.36</ele>
        <time>2025-02-26T17:33:15.765Z</time>
      </trkpt>
      <trkpt lat="49.91323158144951" lon="4.60947509855032">
        <ele>323.43</ele>
        <time>2025-02-26T17:33:21.305Z</time>
      </trkpt>
      <trkpt lat="49.91318958811462" lon="4.6096583269536495">
        <ele>326.62</ele>
        <time>2025-02-26T17:33:26.849Z</time>
      </trkpt>
      <trkpt lat="49.913111301139" lon="4.609812553972006">
        <ele>329.83</ele>
        <time>2025-02-26T17:33:32.397Z</time>
      </trkpt>
      <trkpt lat="49.91301281377673" lon="4.61014405824244">
        <ele>333.29</ele>
        <time>2025-02-26T17:33:37.953Z</time>
      </trkpt>
      <trkpt lat="49.91291751153767" lon="4.610288562253118">
        <ele>336.63</ele>
        <time>2025-02-26T17:33:43.514Z</time>
      </trkpt>
      <trkpt lat="49.9128676392138" lon="4.610296357423067">
        <ele>339.78</ele>
        <time>2025-02-26T17:33:49.076Z</time>
      </trkpt>
      <trkpt lat="49.9128036852926" lon="4.610265428200364">
        <ele>342.91</ele>
        <time>2025-02-26T17:33:54.641Z</time>
      </trkpt>
      <trkpt lat="49.91276546381414" lon="4.610284036025405">
        <ele>346.06</ele>
        <time>2025-02-26T17:34:00.207Z</time>
      </trkpt>
      <trkpt lat="49.9127606023103" lon="4.610372968018055">
        <ele>349.22</ele>
        <time>2025-02-26T17:34:05.775Z</time>
      </trkpt>
      <trkpt lat="49.912700252607465" lon="4.610539097338915">
        <ele>352.48</ele>
        <time>2025-02-26T17:34:11.347Z</time>
      </trkpt>
      <trkpt lat="49.912643088027835" lon="4.610624508932233">
        <ele>355.63</ele>
        <time>2025-02-26T17:34:16.922Z</time>
      </trkpt>
      <trkpt lat="49.91260461509228" lon="4.61081201210618">
        <ele>358.76</ele>
        <time>2025-02-26T17:34:22.501Z</time>
      </trkpt>
      <trkpt lat="49.9125293456018" lon="4.611026672646403">
        <ele>361.9</ele>
        <time>2025-02-26T17:34:28.085Z</time>
      </trkpt>
      <trkpt lat="49.912523394450545" lon="4.611136307939887">
        <ele>364.86</ele>
        <time>2025-02-26T17:34:33.672Z</time>
      </trkpt>
      <trkpt lat="49.91241032257676" lon="4.611424058675766">
        <ele>368.0</ele>
        <time>2025-02-26T17:34:39.266Z</time>
      </trkpt>
      <trkpt lat="49.91232038475573" lon="4.611810799688101">
        <ele>371.09</ele>
        <time>2025-02-26T17:34:44.869Z</time>
      </trkpt>
      <trkpt lat="49.91227503865957" lon="4.611880956217647">
        <ele>373.85</ele>
        <time>2025-02-26T17:34:50.474Z</time>
      </trkpt>
      <trkpt lat="49.91226447746158" lon="4.611979611217976">
        <ele>376.49</ele>
        <time>2025-02-26T17:34:56.081Z</time>
      </trkpt>
      <trkpt lat="49.91222449578345" lon="4.612086396664381">
        <ele>379.07</ele>
        <time>2025-02-26T17:35:01.691Z</time>
      </trkpt>
      <trkpt lat="49.91222759708762" lon="4.612169796600938">
        <ele>381.5</ele>
        <time>2025-02-26T17:35:07.302Z</time>
      </trkpt>
      <trkpt lat="49.912158362567425" lon="4.612381523475051">
        <ele>383.92</ele>
        <time>2025-02-26T17:35:12.919Z</time>
      </trkpt>
      <trkpt lat="49.91204269230366" lon="4.61256911046803">
        <ele>386.27</ele>
        <time>2025-02-26T17:35:18.541Z</time>
      </trkpt>
      <trkpt lat="49.912013188004494" lon="4.612634824588895">
        <ele>388.34</ele>
        <time>2025-02-26T17:35:24.165Z</time>
      </trkpt>
      <trkpt lat="49.91201360709965" lon="4.612677656114101">
        <ele>390.26</ele>
        <time>2025-02-26T17:35:29.790Z</time>
      </trkpt>
      <trkpt lat="49.911942444741726" lon="4.612841689959168">
        <ele>392.13</ele>
        <time>2025-02-26T17:35:35.419Z</time>
      </trkpt>
      <trkpt lat="49.91186055354774" lon="4.613228011876345">
        <ele>393.86</ele>
        <time>2025-02-26T17:35:41.057Z</time>
      </trkpt>
      <trkpt lat="49.91186239756644" lon="4.6132976654917">
        <ele>395.39</ele>
        <time>2025-02-26T17:35:46.696Z</time>
      </trkpt>
      <trkpt lat="49.91182669065893" lon="4.61338902823627">
        <ele>396.81</ele>
        <time>2025-02-26T17:35:52.338Z</time>
      </trkpt>
      <trkpt lat="49.91181017830968" lon="4.613494388759136">
        <ele>398.06</ele>
        <time>2025-02-26T17:35:57.982Z</time>
      </trkpt>
      <trkpt lat="49.9117468111217" lon="4.6136916149407625">
        <ele>399.2</ele>
        <time>2025-02-26T17:36:03.631Z</time>
      </trkpt>
      <trkpt lat="49.911657962948084" lon="4.613890685141087">
        <ele>400.24</ele>
        <time>2025-02-26T17:36:09.285Z</time>
      </trkpt>
      <trkpt lat="49.91159727796912" lon="4.614105261862278">
        <ele>401.08</ele>
        <time>2025-02-26T17:36:14.944Z</time>
      </trkpt>
      <trkpt lat="49.911487475037575" lon="4.614412123337388">
        <ele>401.77</ele>
        <time>2025-02-26T17:36:20.611Z</time>
      </trkpt>
      <trkpt lat="49.91137825883925" lon="4.614717727527022">
        <ele>402.35</ele>
        <time>2025-02-26T17:36:26.285Z</time>
      </trkpt>
      <trkpt lat="49.911374654620886" lon="4.614823590964079">
        <ele>402.84</ele>
        <time>2025-02-26T17:36:31.961Z</time>
      </trkpt>
      <trkpt lat="49.91140809841454" lon="4.614916546270251">
        <ele>403.2</ele>
        <time>2025-02-26T17:36:37.640Z</time>
      </trkpt>
      <trkpt lat="49.91150281392038" lon="4.615088207647204">
        <ele>403.43</ele>
        <time>2025-02-26T17:36:43.323Z</time>
      </trkpt>
      <trkpt lat="49.911661399528384" lon="4.615505626425147">
        <ele>403.6</ele>
        <time>2025-02-26T17:36:49.017Z</time>
      </trkpt>
      <trkpt lat="49.91173658519983" lon="4.615626493468881">
        <ele>403.58</ele>
        <time>2025-02-26T17:36:54.715Z</time>
      </trkpt>
      <trkpt lat="49.91188368760049" lon="4.615940814837813">
        <ele>403.48</ele>
        <time>2025-02-26T17:37:00.421Z</time>
      </trkpt>
      <trkpt lat="49.9119627289474" lon="4.616136280819774">
        <ele>403.18</ele>
        <time>2025-02-26T17:37:06.132Z</time>
      </trkpt>
      <trkpt lat="49.91204763762653" lon="4.61629394441843">
        <ele>402.75</ele>
        <time>2025-02-26T17:37:11.847Z</time>
      </trkpt>
      <trkpt lat="49.91215894930065" lon="4.61657683365047">
        <ele>402.2</ele>
        <time>2025-02-26T17:37:17.569Z</time>
      </trkpt>
      <trkpt lat="49.91214117966592" lon="4.616718236356974">
        <ele>401.52</ele>
        <time>2025-02-26T17:37:23.295Z</time>
      </trkpt>
      <trkpt lat="49.91224645636976" lon="4.616959886625409">
        <ele>400.65</ele>
        <time>2025-02-26T17:37:29.027Z</time>
      </trkpt>
      <trkpt lat="49.91229264065623" lon="4.617187371477485">
        <ele>399.6</ele>
        <time>2025-02-26T17:37:34.764Z</time>
      </trkpt>
      <trkpt lat="49.91238827817142" lon="4.617435224354267">
        <ele>398.37</ele>
        <time>2025-02-26T17:37:40.507Z</time>
      </trkpt>
      <trkpt lat="49.91244116798043" lon="4.617527173832059">
        <ele>396.98</ele>
        <time>2025-02-26T17:37:46.253Z</time>
      </trkpt>
      <trkpt lat="49.91267460398376" lon="4.617834370583296">
        <ele>395.29</ele>
        <time>2025-02-26T17:37:52.009Z</time>
      </trkpt>
      <trkpt lat="49.91291834972799" lon="4.618046097457409">
        <ele>393.32</ele>
        <time>2025-02-26T17:37:57.774Z</time>
      </trkpt>
      <trkpt lat="49.912999738007784" lon="4.618067052215338">
        <ele>391.42</ele>
        <time>2025-02-26T17:38:03.542Z</time>
      </trkpt>
      <trkpt lat="49.91307416930795" lon="4.618116840720177">
        <ele>389.4</ele>
        <time>2025-02-26T17:38:09.313Z</time>
      </trkpt>
      <trkpt lat="49.913141056895256" lon="4.618190182372928">
        <ele>387.27</ele>
        <time>2025-02-26T17:38:15.087Z</time>
      </trkpt>
      <trkpt lat="49.913329146802425" lon="4.618351450189948">
        <ele>384.97</ele>
        <time>2025-02-26T17:38:20.868Z</time>
      </trkpt>
      <trkpt lat="49.913517320528626" lon="4.618512801826">
        <ele>382.6</ele>
        <time>2025-02-26T17:38:26.656Z</time>
      </trkpt>
      <trkpt lat="49.9137051589787" lon="4.618673902004957">
        <ele>380.11</ele>
        <time>2025-02-26T17:38:32.451Z</time>
      </trkpt>
      <trkpt lat="49.91383206099272" lon="4.61888805963099">
        <ele>377.54</ele>
        <time>2025-02-26T17:38:38.252Z</time>
      </trkpt>
      <trkpt lat="49.91395871154964" lon="4.619101630523801">
        <ele>374.87</ele>
        <time>2025-02-26T17:38:44.060Z</time>
      </trkpt>
      <trkpt lat="49.91402216255665" lon="4.619183102622628">
        <ele>372.18</ele>
        <time>2025-02-26T17:38:49.870Z</time>
      </trkpt>
      <trkpt lat="49.914054684340954" lon="4.619190562516451">
        <ele>369.44</ele>
        <time>2025-02-26T17:38:55.681Z</time>
      </trkpt>
      <trkpt lat="49.91409852169454" lon="4.619159884750843">
        <ele>366.62</ele>
        <time>2025-02-26T17:39:01.494Z</time>
      </trkpt>
      <trkpt lat="49.91418736986816" lon="4.61905661970377">
        <ele>363.68</ele>
        <time>2025-02-26T17:39:07.311Z</time>
      </trkpt>
      <trkpt lat="49.91429541260004" lon="4.618995264172554">
        <ele>360.64</ele>
        <time>2025-02-26T17:39:13.132Z</time>
      </trkpt>
      <trkpt lat="49.91437462158501" lon="4.618908008560538">
        <ele>357.58</ele>
        <time>2025-02-26T17:39:18.956Z</time>
      </trkpt>
      <trkpt lat="49.91448367014527" lon="4.618703406304121">
        <ele>354.4</ele>
        <time>2025-02-26T17:39:24.786Z</time>
      </trkpt>
      <trkpt lat="49.91455089300871" lon="4.6186101995408535">
        <ele>351.2</ele>
        <time>2025-02-26T17:39:30.619Z</time>
      </trkpt>
      <trkpt lat="49.91457838565111" lon="4.618438957259059">
        <ele>348.01</ele>
        <time>2025-02-26T17:39:36.455Z</time>
      </trkpt>
      <trkpt lat="49.91468567401171" lon="4.6179828979074955">
        <ele>344.49</ele>
        <time>2025-02-26T17:39:42.302Z</time>
      </trkpt>
      <trkpt lat="49.914792543277144" lon="4.61752918548882">
        <ele>340.92</ele>
        <time>2025-02-26T17:39:48.159Z</time>
      </trkpt>
      <trkpt lat="49.91487787105143" lon="4.617338748648763">
        <ele>337.55</ele>
        <time>2025-02-26T17:39:54.021Z</time>
      </trkpt>
      <trkpt lat="49.91490175947547" lon="4.617214109748602">
        <ele>334.25</ele>
        <time>2025-02-26T17:39:59.886Z</time>
      </trkpt>
      <trkpt lat="49.914916679263115" lon="4.616886712610722">
        <ele>330.9</ele>
        <time>2025-02-26T17:40:05.758Z</time>
      </trkpt>
      <trkpt lat="49.91493159905076" lon="4.616561243310571">
        <ele>327.49</ele>
        <time>2025-02-26T17:40:11.637Z</time>
      </trkpt>
      <trkpt lat="49.9150038510561" lon="4.6162983030080795">
        <ele>324.1</ele>
        <time>2025-02-26T17:40:17.522Z</time>
      </trkpt>
      <trkpt lat="49.91507576778531" lon="4.616036619991064">
        <ele>320.67</ele>
        <time>2025-02-26T17:40:23.413Z</time>
      </trkpt>
      <trkpt lat="49.91514072753489" lon="4.6157254837453365">
        <ele>317.24</ele>
        <time>2025-02-26T17:40:29.311Z</time>
      </trkpt>
      <trkpt lat="49.915230832993984" lon="4.615440499037504">
        <ele>313.85</ele>
        <time>2025-02-26T17:40:35.216Z</time>
      </trkpt>
      <trkpt lat="49.91532060317695" lon="4.615156855434179">
        <ele>310.49</ele>
        <time>2025-02-26T17:40:41.128Z</time>
      </trkpt>
      <trkpt lat="49.91538589820266" lon="4.6150012873113155">
        <ele>307.19</ele>
        <time>2025-02-26T17:40:47.044Z</time>
      </trkpt>
      <trkpt lat="49.915416995063424" lon="4.6148687694221735">
        <ele>303.95</ele>
        <time>2025-02-26T17:40:52.963Z</time>
      </trkpt>
      <trkpt lat="49.91558136418462" lon="4.614467192441225">
        <ele>300.55</ele>
        <time>2025-02-26T17:40:58.892Z</time>
      </trkpt>
      <trkpt lat="49.915636936202645" lon="4.614253202453256">
        <ele>297.29</ele>
        <time>2025-02-26T17:41:04.826Z</time>
      </trkpt>
      <trkpt lat="49.9156426358968" lon="4.614053210243583">
        <ele>294.12</ele>
        <time>2025-02-26T17:41:10.765Z</time>
      </trkpt>
      <trkpt lat="49.91557658649981" lon="4.613600671291351">
        <ele>290.96</ele>
        <time>2025-02-26T17:41:16.714Z</time>
      </trkpt>
      <trkpt lat="49.91563081741333" lon="4.613183923065662">
        <ele>287.75</ele>
        <time>2025-02-26T17:41:22.672Z</time>
      </trkpt>
      <trkpt lat="49.9156117066741" lon="4.612908745184541">
        <ele>284.68</ele>
        <time>2025-02-26T17:41:28.636Z</time>
      </trkpt>
      <trkpt lat="49.91563559509814" lon="4.612627113237977">
        <ele>281.57</ele>
        <time>2025-02-26T17:41:34.606Z</time>
      </trkpt>
      <trkpt lat="49.91562771610916" lon="4.612457463517785">
        <ele>278.54</ele>
        <time>2025-02-26T17:41:40.580Z</time>
      </trkpt>
      <trkpt lat="49.91567331366241" lon="4.612014647573233">
        <ele>275.3</ele>
        <time>2025-02-26T17:41:46.563Z</time>
      </trkpt>
      <trkpt lat="49.91569963283837" lon="4.611570909619331">
        <ele>272.24</ele>
        <time>2025-02-26T17:41:52.556Z</time>
      </trkpt>
      <trkpt lat="49.915725868195295" lon="4.6111296862363815">
        <ele>269.28</ele>
        <time>2025-02-26T17:41:58.558Z</time>
      </trkpt>
      <trkpt lat="49.91577791981399" lon="4.610858783125877">
        <ele>266.39</ele>
        <time>2025-02-26T17:42:04.566Z</time>
      </trkpt>
      <trkpt lat="49.91582980379462" lon="4.610589304938912">
        <ele>263.55</ele>
        <time>2025-02-26T17:42:10.581Z</time>
      </trkpt>
      <trkpt lat="49.915910521522164" lon="4.610338769853115">
        <ele>260.8</ele>
        <time>2025-02-26T17:42:16.602Z</time>
      </trkpt>
      <trkpt lat="49.9160002078861" lon="4.610195690765977">
        <ele>258.05</ele>
        <time>2025-02-26T17:42:22.627Z</time>
      </trkpt>
      <trkpt lat="49.91615477018058" lon="4.610035428777337">
        <ele>255.26</ele>
        <time>2025-02-26T17:42:28.658Z</time>
      </trkpt>
      <trkpt lat="49.91636415012181" lon="4.609897714108229">
        <ele>252.44</ele>
        <time>2025-02-26T17:42:34.697Z</time>
      </trkpt>
      <trkpt lat="49.916422571986914" lon="4.6098309103399515">
        <ele>249.71</ele>
        <time>2025-02-26T17:42:40.738Z</time>
      </trkpt>
      <trkpt lat="49.91650999523699" lon="4.60963586345315">
        <ele>246.99</ele>
        <time>2025-02-26T17:42:46.784Z</time>
      </trkpt>
      <trkpt lat="49.91662801243365" lon="4.6092982403934">
        <ele>244.22</ele>
        <time>2025-02-26T17:42:52.838Z</time>
      </trkpt>
      <trkpt lat="49.916728008538485" lon="4.6091285068541765">
        <ele>241.52</ele>
        <time>2025-02-26T17:42:58.897Z</time>
      </trkpt>
      <trkpt lat="49.91691676899791" lon="4.608943434432149">
        <ele>238.78</ele>
        <time>2025-02-26T17:43:04.964Z</time>
      </trkpt>
      <trkpt lat="49.917076863348484" lon="4.608832122758031">
        <ele>236.08</ele>
        <time>2025-02-26T17:43:11.037Z</time>
      </trkpt>
      <trkpt lat="49.917134027928114" lon="4.608754338696599">
        <ele>233.46</ele>
        <time>2025-02-26T17:43:17.112Z</time>
      </trkpt>
      <trkpt lat="49.91729395464063" lon="4.608668005093932">
        <ele>230.77</ele>
        <time>2025-02-26T17:43:23.193Z</time>
      </trkpt>
      <trkpt lat="49.9174318369478" lon="4.608631879091263">
        <ele>228.08</ele>
        <time>2025-02-26T17:43:29.279Z</time>
      </trkpt>
      <trkpt lat="49.91757860407233" lon="4.6085533406585455">
        <ele>225.39</ele>
        <time>2025-02-26T17:43:35.370Z</time>
      </trkpt>
      <trkpt lat="49.917633002623916" lon="4.608506402000785">
        <ele>222.85</ele>
        <time>2025-02-26T17:43:41.463Z</time>
      </trkpt>
      <trkpt lat="49.917788906022906" lon="4.608448902145028">
        <ele>220.25</ele>
        <time>2025-02-26T17:43:47.561Z</time>
      </trkpt>
      <trkpt lat="49.91792821325362" lon="4.60837178863585">
        <ele>217.73</ele>
        <time>2025-02-26T17:43:53.664Z</time>
      </trkpt>
      <trkpt lat="49.91809903644025" lon="4.608174730092287">
        <ele>215.25</ele>
        <time>2025-02-26T17:43:59.774Z</time>
      </trkpt>
      <trkpt lat="49.91825225763023" lon="4.607771476730704">
        <ele>212.87</ele>
        <time>2025-02-26T17:44:05.894Z</time>
      </trkpt>
      <trkpt lat="49.918329203501344" lon="4.60732321254909">
        <ele>210.63</ele>
        <time>2025-02-26T17:44:12.024Z</time>
      </trkpt>
      <trkpt lat="49.91834965534508" lon="4.607091955840588">
        <ele>208.46</ele>
        <time>2025-02-26T17:44:18.159Z</time>
      </trkpt>
      <trkpt lat="49.9183399323374" lon="4.606612510979176">
        <ele>206.28</ele>
        <time>2025-02-26T17:44:24.305Z</time>
      </trkpt>
      <trkpt lat="49.91830883547664" lon="4.60620766505599">
        <ele>204.21</ele>
        <time>2025-02-26T17:44:30.459Z</time>
      </trkpt>
      <trkpt lat="49.918277990072966" lon="4.605805082246661">
        <ele>202.12</ele>
        <time>2025-02-26T17:44:36.622Z</time>
      </trkpt>
      <trkpt lat="49.91829877719283" lon="4.605446001514792">
        <ele>200.03</ele>
        <time>2025-02-26T17:44:42.793Z</time>
      </trkpt>
      <trkpt lat="49.9183195643127" lon="4.605089016258717">
        <ele>197.99</ele>
        <time>2025-02-26T17:44:48.972Z</time>
      </trkpt>
      <trkpt lat="49.91835543885827" lon="4.60504274815321">
        <ele>196.43</ele>
        <time>2025-02-26T17:44:55.152Z</time>
      </trkpt>
      <trkpt lat="49.918409921228886" lon="4.605052135884762">
        <ele>195.05</ele>
        <time>2025-02-26T17:45:01.334Z</time>
      </trkpt>
      <trkpt lat="49.91848980076611" lon="4.604983236640692">
        <ele>193.72</ele>
        <time>2025-02-26T17:45:07.519Z</time>
      </trkpt>
      <trkpt lat="49.918700689449906" lon="4.605110306292772">
        <ele>192.64</ele>
        <time>2025-02-26T17:45:13.712Z</time>
      </trkpt>
      <trkpt lat="49.91891149431467" lon="4.605237375944853">
        <ele>191.71</ele>
        <time>2025-02-26T17:45:19.912Z</time>
      </trkpt>
      <trkpt lat="49.91909162141383" lon="4.605385232716799">
        <ele>190.9</ele>
        <time>2025-02-26T17:45:26.119Z</time>
      </trkpt>
      <trkpt lat="49.91916839964688" lon="4.605496879667044">
        <ele>190.26</ele>
        <time>2025-02-26T17:45:32.330Z</time>
      </trkpt>
      <trkpt lat="49.91914208047092" lon="4.605606095865369">
        <ele>189.84</ele>
        <time>2025-02-26T17:45:38.543Z</time>
      </trkpt>
      <trkpt lat="49.919074941426516" lon="4.605669379234314">
        <ele>189.54</ele>
        <time>2025-02-26T17:45:44.759Z</time>
      </trkpt>
      <trkpt lat="49.91906329058111" lon="4.605710031464696">
        <ele>189.29</ele>
        <time>2025-02-26T17:45:50.976Z</time>
      </trkpt>
      <trkpt lat="49.919104194268584" lon="4.60577666759491">
        <ele>189.12</ele>
        <time>2025-02-26T17:45:57.195Z</time>
      </trkpt>
      <trkpt lat="49.91908307187259" lon="4.605873981490731">
        <ele>189.13</ele>
        <time>2025-02-26T17:46:03.416Z</time>
      </trkpt>
      <trkpt lat="49.91909271106124" lon="4.606022424995899">
        <ele>189.25</ele>
        <time>2025-02-26T17:46:09.640Z</time>
      </trkpt>
      <trkpt lat="49.91915289312601" lon="4.606206156313419">
        <ele>189.44</ele>
        <time>2025-02-26T17:46:15.868Z</time>
      </trkpt>
      <trkpt lat="49.91916982457042" lon="4.606399107724428">
        <ele>189.77</ele>
        <time>2025-02-26T17:46:22.101Z</time>
      </trkpt>
      <trkpt lat="49.919219110161066" lon="4.606598010286689">
        <ele>190.15</ele>
        <time>2025-02-26T17:46:28.338Z</time>
      </trkpt>
      <trkpt lat="49.91929069161415" lon="4.606732958927751">
        <ele>190.55</ele>
        <time>2025-02-26T17:46:34.579Z</time>
      </trkpt>
      <trkpt lat="49.91938104853034" lon="4.607027918100357">
        <ele>191.11</ele>
        <time>2025-02-26T17:46:40.827Z</time>
      </trkpt>
      <trkpt lat="49.91954818367958" lon="4.607207709923387">
        <ele>191.59</ele>
        <time>2025-02-26T17:46:47.082Z</time>
      </trkpt>
      <trkpt lat="49.91973577067256" lon="4.607206452637911">
        <ele>192.06</ele>
        <time>2025-02-26T17:46:53.343Z</time>
      </trkpt>
      <trkpt lat="49.91984272375703" lon="4.607265125960112">
        <ele>192.59</ele>
        <time>2025-02-26T17:46:59.608Z</time>
      </trkpt>
      <trkpt lat="49.91999217309058" lon="4.607397308573127">
        <ele>193.16</ele>
        <time>2025-02-26T17:47:05.879Z</time>
      </trkpt>
      <trkpt lat="49.920119661837816" lon="4.607560420408845">
        <ele>193.79</ele>
        <time>2025-02-26T17:47:12.155Z</time>
      </trkpt>
      <trkpt lat="49.9203503318131" lon="4.60768673568964">
        <ele>194.35</ele>
        <time>2025-02-26T17:47:18.439Z</time>
      </trkpt>
      <trkpt lat="49.92049458436668" lon="4.607791258022189">
        <ele>194.99</ele>
        <time>2025-02-26T17:47:24.729Z</time>
      </trkpt>
      <trkpt lat="49.92062232457101" lon="4.607899803668261">
        <ele>195.68</ele>
        <time>2025-02-26T17:47:31.023Z</time>
      </trkpt>
      <trkpt lat="49.92070714943111" lon="4.608008852228522">
        <ele>196.45</ele>
        <time>2025-02-26T17:47:37.321Z</time>
      </trkpt>
      <trkpt lat="49.92090512998402" lon="4.608171042054892">
        <ele>197.22</ele>
        <time>2025-02-26T17:47:43.627Z</time>
      </trkpt>
      <trkpt lat="49.9211030267179" lon="4.608333064243197">
        <ele>198.08</ele>
        <time>2025-02-26T17:47:49.940Z</time>
      </trkpt>
      <trkpt lat="49.921167735010386" lon="4.608359886333346">
        <ele>198.97</ele>
        <time>2025-02-26T17:47:56.255Z</time>
      </trkpt>
      <trkpt lat="49.92132866755128" lon="4.608536073938012">
        <ele>200.07</ele>
        <time>2025-02-26T17:48:02.577Z</time>
      </trkpt>
      <trkpt lat="49.92148934863508" lon="4.608712010085583">
        <ele>201.23</ele>
        <time>2025-02-26T17:48:08.905Z</time>
      </trkpt>
      <trkpt lat="49.921755976974964" lon="4.60888291709125">
        <ele>202.3</ele>
        <time>2025-02-26T17:48:15.243Z</time>
      </trkpt>
      <trkpt lat="49.92202243767679" lon="4.609053824096918">
        <ele>203.33</ele>
        <time>2025-02-26T17:48:21.591Z</time>
      </trkpt>
      <trkpt lat="49.922157134860754" lon="4.609212409704924">
        <ele>204.62</ele>
        <time>2025-02-26T17:48:27.944Z</time>
      </trkpt>
      <trkpt lat="49.922224190086126" lon="4.609259013086557">
        <ele>205.92</ele>
        <time>2025-02-26T17:48:34.300Z</time>
      </trkpt>
      <trkpt lat="49.92237523198128" lon="4.60942137055099">
        <ele>207.33</ele>
        <time>2025-02-26T17:48:40.662Z</time>
      </trkpt>
      <trkpt lat="49.92241580039263" lon="4.609480798244476">
        <ele>208.81</ele>
        <time>2025-02-26T17:48:47.026Z</time>
      </trkpt>
      <trkpt lat="49.92261671461165" lon="4.609802747145295">
        <ele>210.4</ele>
        <time>2025-02-26T17:48:53.399Z</time>
      </trkpt>
      <trkpt lat="49.92274948395789" lon="4.610198037698865">
        <ele>212.22</ele>
        <time>2025-02-26T17:48:59.782Z</time>
      </trkpt>
      <trkpt lat="49.92272031493485" lon="4.610331729054451">
        <ele>214.07</ele>
        <time>2025-02-26T17:49:06.168Z</time>
      </trkpt>
      <trkpt lat="49.92274462245405" lon="4.610494421795011">
        <ele>215.96</ele>
        <time>2025-02-26T17:49:12.558Z</time>
      </trkpt>
      <trkpt lat="49.92282081395388" lon="4.610639177262783">
        <ele>217.86</ele>
        <time>2025-02-26T17:49:18.952Z</time>
      </trkpt>
      <trkpt lat="49.92295081727207" lon="4.611016362905502">
        <ele>219.94</ele>
        <time>2025-02-26T17:49:25.355Z</time>
      </trkpt>
      <trkpt lat="49.9229939840734" lon="4.6112678200006485">
        <ele>222.07</ele>
        <time>2025-02-26T17:49:31.764Z</time>
      </trkpt>
      <trkpt lat="49.92303698323667" lon="4.611518103629351">
        <ele>224.23</ele>
        <time>2025-02-26T17:49:38.178Z</time>
      </trkpt>
      <trkpt lat="49.92314636707306" lon="4.611927475780249">
        <ele>226.44</ele>
        <time>2025-02-26T17:49:44.602Z</time>
      </trkpt>
      <trkpt lat="49.923157431185246" lon="4.61208438500762">
        <ele>228.65</ele>
        <time>2025-02-26T17:49:51.029Z</time>
      </trkpt>
      <trkpt lat="49.92312281392515" lon="4.612275660037994">
        <ele>230.96</ele>
        <time>2025-02-26T17:49:57.460Z</time>
      </trkpt>
      <trkpt lat="49.923054752871394" lon="4.612557291984558">
        <ele>233.35</ele>
        <time>2025-02-26T17:50:03.898Z</time>
      </trkpt>
      <trkpt lat="49.92302969098091" lon="4.61258671246469">
        <ele>235.62</ele>
        <time>2025-02-26T17:50:10.337Z</time>
      </trkpt>
      <trkpt lat="49.92294369265437" lon="4.612632393836975">
        <ele>237.96</ele>
        <time>2025-02-26T17:50:16.779Z</time>
      </trkpt>
      <trkpt lat="49.922787537798285" lon="4.612632058560848">
        <ele>240.35</ele>
        <time>2025-02-26T17:50:23.226Z</time>
      </trkpt>
      <trkpt lat="49.92272425442934" lon="4.612614875659347">
        <ele>242.71</ele>
        <time>2025-02-26T17:50:29.675Z</time>
      </trkpt>
      <trkpt lat="49.922572541981936" lon="4.61264044046402">
        <ele>245.14</ele>
        <time>2025-02-26T17:50:36.129Z</time>
      </trkpt>
      <trkpt lat="49.92237833328545" lon="4.612632310017943">
        <ele>247.61</ele>
        <time>2025-02-26T17:50:42.590Z</time>
      </trkpt>
      <trkpt lat="49.922283785417676" lon="4.6126496605575085">
        <ele>250.02</ele>
        <time>2025-02-26T17:50:49.054Z</time>
      </trkpt>
      <trkpt lat="49.92220030166209" lon="4.612685786560178">
        <ele>252.43</ele>
        <time>2025-02-26T17:50:55.521Z</time>
      </trkpt>
      <trkpt lat="49.92197667248547" lon="4.612702466547489">
        <ele>254.94</ele>
        <time>2025-02-26T17:51:01.995Z</time>
      </trkpt>
      <trkpt lat="49.92175321094692" lon="4.612719230353832">
        <ele>257.43</ele>
        <time>2025-02-26T17:51:08.477Z</time>
      </trkpt>
      <trkpt lat="49.92149890400469" lon="4.612856023013592">
        <ele>259.95</ele>
        <time>2025-02-26T17:51:14.968Z</time>
      </trkpt>
      <trkpt lat="49.92138541303575" lon="4.6128773130476475">
        <ele>262.33</ele>
        <time>2025-02-26T17:51:21.463Z</time>
      </trkpt>
      <trkpt lat="49.921242920681834" lon="4.613002706319094">
        <ele>264.77</ele>
        <time>2025-02-26T17:51:27.963Z</time>
      </trkpt>
      <trkpt lat="49.92109841667116" lon="4.613170092925429">
        <ele>267.16</ele>
        <time>2025-02-26T17:51:34.469Z</time>
      </trkpt>
      <trkpt lat="49.920954247936606" lon="4.61333722807467">
        <ele>269.54</ele>
        <time>2025-02-26T17:51:40.981Z</time>
      </trkpt>
      <trkpt lat="49.92090554907918" lon="4.61342129856348">
        <ele>271.77</ele>
        <time>2025-02-26T17:51:47.496Z</time>
      </trkpt>
      <trkpt lat="49.920892640948296" lon="4.61361575871706">
        <ele>273.99</ele>
        <time>2025-02-26T17:51:54.015Z</time>
      </trkpt>
      <trkpt lat="49.920849055051804" lon="4.613683233037591">
        <ele>276.11</ele>
        <time>2025-02-26T17:52:00.536Z</time>
      </trkpt>
      <trkpt lat="49.92081561125815" lon="4.61369052529335">
        <ele>278.14</ele>
        <time>2025-02-26T17:52:07.058Z</time>
      </trkpt>
      <trkpt lat="49.92054068483412" lon="4.613521881401539">
        <ele>280.07</ele>
        <time>2025-02-26T17:52:13.590Z</time>
      </trkpt>
      <trkpt lat="49.92037019692361" lon="4.613540908321738">
        <ele>282.05</ele>
        <time>2025-02-26T17:52:20.128Z</time>
      </trkpt>
      <trkpt lat="49.9201946798712" lon="4.613607292994857">
        <ele>284.02</ele>
        <time>2025-02-26T17:52:26.672Z</time>
      </trkpt>
      <trkpt lat="49.919976415112615" lon="4.613660518079996">
        <ele>285.94</ele>
        <time>2025-02-26T17:52:33.223Z</time>
      </trkpt>
      <trkpt lat="49.91975152865052" lon="4.6137528866529465">
        <ele>287.84</ele>
        <time>2025-02-26T17:52:39.782Z</time>
      </trkpt>
      <trkpt lat="49.91952672600746" lon="4.613845255225897">
        <ele>289.68</ele>
        <time>2025-02-26T17:52:46.348Z</time>
      </trkpt>
      <trkpt lat="49.919302091002464" lon="4.613937623798847">
        <ele>291.34</ele>
        <time>2025-02-26T17:52:52.922Z</time>
      </trkpt>
      <trkpt lat="49.91903303191066" lon="4.614118169993162">
        <ele>293.06</ele>
        <time>2025-02-26T17:52:59.506Z</time>
      </trkpt>
      <trkpt lat="49.91873178631067" lon="4.614196037873626">
        <ele>294.65</ele>
        <time>2025-02-26T17:53:06.100Z</time>
      </trkpt>
      <trkpt lat="49.91853036917746" lon="4.614310450851917">
        <ele>296.16</ele>
        <time>2025-02-26T17:53:12.701Z</time>
      </trkpt>
      <trkpt lat="49.918329203501344" lon="4.6144249476492405">
        <ele>297.59</ele>
        <time>2025-02-26T17:53:19.310Z</time>
      </trkpt>
      <trkpt lat="49.91811613552272" lon="4.6145324036479">
        <ele>298.94</ele>
        <time>2025-02-26T17:53:25.926Z</time>
      </trkpt>
      <trkpt lat="49.917903235182166" lon="4.6146399434655905">
        <ele>300.23</ele>
        <time>2025-02-26T17:53:32.549Z</time>
      </trkpt>
      <trkpt lat="49.91765018552542" lon="4.614798361435533">
        <ele>301.65</ele>
        <time>2025-02-26T17:53:39.182Z</time>
      </trkpt>
      <trkpt lat="49.917468801140785" lon="4.614875894039869">
        <ele>302.9</ele>
        <time>2025-02-26T17:53:45.821Z</time>
      </trkpt>
      <trkpt lat="49.91728758439422" lon="4.614953426644206">
        <ele>304.13</ele>
        <time>2025-02-26T17:53:52.466Z</time>
      </trkpt>
      <trkpt lat="49.91718029603362" lon="4.615038251504302">
        <ele>305.25</ele>
        <time>2025-02-26T17:53:59.115Z</time>
      </trkpt>
      <trkpt lat="49.917037300765514" lon="4.615188036113977">
        <ele>306.33</ele>
        <time>2025-02-26T17:54:05.770Z</time>
      </trkpt>
      <trkpt lat="49.916858011856675" lon="4.61528392508626">
        <ele>307.31</ele>
        <time>2025-02-26T17:54:12.431Z</time>
      </trkpt>
      <trkpt lat="49.91667897440493" lon="4.615379814058542">
        <ele>308.3</ele>
        <time>2025-02-26T17:54:19.099Z</time>
      </trkpt>
      <trkpt lat="49.9166133441031" lon="4.615488778799772">
        <ele>309.27</ele>
        <time>2025-02-26T17:54:25.770Z</time>
      </trkpt>
      <trkpt lat="49.916466576978564" lon="4.615674437955022">
        <ele>310.24</ele>
        <time>2025-02-26T17:54:32.447Z</time>
      </trkpt>
      <trkpt lat="49.916376722976565" lon="4.615736631676555">
        <ele>311.15</ele>
        <time>2025-02-26T17:54:39.127Z</time>
      </trkpt>
      <trkpt lat="49.91634084843099" lon="4.615742666646838">
        <ele>312.0</ele>
        <time>2025-02-26T17:54:45.809Z</time>
      </trkpt>
      <trkpt lat="49.91635400801897" lon="4.615797568112612">
        <ele>312.85</ele>
        <time>2025-02-26T17:54:52.492Z</time>
      </trkpt>
      <trkpt lat="49.916343949735165" lon="4.615860600024462">
        <ele>313.71</ele>
        <time>2025-02-26T17:54:59.176Z</time>
      </trkpt>
      <trkpt lat="49.916412346065044" lon="4.615845177322626">
        <ele>314.5</ele>
        <time>2025-02-26T17:55:05.863Z</time>
      </trkpt>
      <trkpt lat="49.91646548733115" lon="4.615879543125629">
        <ele>315.32</ele>
        <time>2025-02-26T17:55:12.551Z</time>
      </trkpt>
      <trkpt lat="49.91660672239959" lon="4.616052461788058">
        <ele>316.2</ele>
        <time>2025-02-26T17:55:19.245Z</time>
      </trkpt>
      <trkpt lat="49.91670713759959" lon="4.616154469549656">
        <ele>317.06</ele>
        <time>2025-02-26T17:55:25.943Z</time>
      </trkpt>
      <trkpt lat="49.91674820892513" lon="4.616177100688219">
        <ele>317.91</ele>
        <time>2025-02-26T17:55:32.643Z</time>
      </trkpt>
      <trkpt lat="49.91694535128772" lon="4.616388157010078">
        <ele>318.92</ele>
        <time>2025-02-26T17:55:39.351Z</time>
      </trkpt>
      <trkpt lat="49.91703654639423" lon="4.6164381969720125">
        <ele>319.85</ele>
        <time>2025-02-26T17:55:46.062Z</time>
      </trkpt>
      <trkpt lat="49.917110642418265" lon="4.616416906937957">
        <ele>320.76</ele>
        <time>2025-02-26T17:55:52.776Z</time>
      </trkpt>
      <trkpt lat="49.91714308038354" lon="4.616428557783365">
        <ele>321.7</ele>
        <time>2025-02-26T17:55:59.491Z</time>
      </trkpt>
      <trkpt lat="49.917252296581864" lon="4.616615055128932">
        <ele>322.77</ele>
        <time>2025-02-26T17:56:06.211Z</time>
      </trkpt>
      <trkpt lat="49.917322620749474" lon="4.616797612980008">
        <ele>323.86</ele>
        <time>2025-02-26T17:56:12.936Z</time>
      </trkpt>
      <trkpt lat="49.91747039370239" lon="4.616989307105541">
        <ele>325.01</ele>
        <time>2025-02-26T17:56:19.667Z</time>
      </trkpt>
      <trkpt lat="49.917522529140115" lon="4.617018140852451">
        <ele>326.08</ele>
        <time>2025-02-26T17:56:26.400Z</time>
      </trkpt>
      <trkpt lat="49.917573407292366" lon="4.61696776561439">
        <ele>327.14</ele>
        <time>2025-02-26T17:56:33.135Z</time>
      </trkpt>
      <trkpt lat="49.91778915748" lon="4.61694722995162">
        <ele>328.28</ele>
        <time>2025-02-26T17:56:39.877Z</time>
      </trkpt>
      <trkpt lat="49.91787808947265" lon="4.616961479187012">
        <ele>329.43</ele>
        <time>2025-02-26T17:56:46.622Z</time>
      </trkpt>
      <trkpt lat="49.91793483495712" lon="4.617065079510212">
        <ele>330.65</ele>
        <time>2025-02-26T17:56:53.370Z</time>
      </trkpt>
      <trkpt lat="49.91803550161421" lon="4.617173038423061">
        <ele>331.89</ele>
        <time>2025-02-26T17:57:00.122Z</time>
      </trkpt>
      <trkpt lat="49.91821713745594" lon="4.617318632081151">
        <ele>333.18</ele>
        <time>2025-02-26T17:57:06.881Z</time>
      </trkpt>
      <trkpt lat="49.91844026371837" lon="4.617524407804012">
        <ele>334.49</ele>
        <time>2025-02-26T17:57:13.649Z</time>
      </trkpt>
      <trkpt lat="49.91866322234273" lon="4.61773001588881">
        <ele>335.88</ele>
        <time>2025-02-26T17:57:20.425Z</time>
      </trkpt>
      <trkpt lat="49.91881317459047" lon="4.617910059168935">
        <ele>337.32</ele>
        <time>2025-02-26T17:57:27.208Z</time>
      </trkpt>
      <trkpt lat="49.918962959200144" lon="4.618089767172933">
        <ele>338.81</ele>
        <time>2025-02-26T17:57:33.997Z</time>
      </trkpt>
      <trkpt lat="49.919132022187114" lon="4.618241228163242">
        <ele>340.35</ele>
        <time>2025-02-26T17:57:40.793Z</time>
      </trkpt>
      <trkpt lat="49.91917887702584" lon="4.618266122415662">
        <ele>341.83</ele>
        <time>2025-02-26T17:57:47.590Z</time>
      </trkpt>
      <trkpt lat="49.91932153701782" lon="4.618303254246712">
        <ele>343.38</ele>
        <time>2025-02-26T17:57:54.392Z</time>
      </trkpt>
      <trkpt lat="49.91950417868793" lon="4.61830853484571">
        <ele>344.95</ele>
        <time>2025-02-26T17:58:01.200Z</time>
      </trkpt>
      <trkpt lat="49.919738033786416" lon="4.618354216217995">
        <ele>346.51</ele>
        <time>2025-02-26T17:58:08.016Z</time>
      </trkpt>
      <trkpt lat="49.91991673596203" lon="4.618298811838031">
        <ele>348.0</ele>
        <time>2025-02-26T17:58:14.838Z</time>
      </trkpt>
      <trkpt lat="49.92009552195668" lon="4.618243491277099">
        <ele>349.53</ele>
        <time>2025-02-26T17:58:21.666Z</time>
      </trkpt>
      <trkpt lat="49.92038427852094" lon="4.618239384144545">
        <ele>351.19</ele>
        <time>2025-02-26T17:58:28.504Z</time>
      </trkpt>
      <trkpt lat="49.92048343643546" lon="4.6182572375983">
        <ele>352.86</ele>
        <time>2025-02-26T17:58:35.345Z</time>
      </trkpt>
      <trkpt lat="49.92065392434597" lon="4.618322029709816">
        <ele>354.63</ele>
        <time>2025-02-26T17:58:42.192Z</time>
      </trkpt>
      <trkpt lat="49.92081577889621" lon="4.618459325283766">
        <ele>356.45</ele>
        <time>2025-02-26T17:58:49.045Z</time>
      </trkpt>
      <trkpt lat="49.920946368947625" lon="4.6184703055769205">
        <ele>358.08</ele>
        <time>2025-02-26T17:58:55.903Z</time>
      </trkpt>
      <trkpt lat="49.92115876637399" lon="4.618555633351207">
        <ele>359.74</ele>
        <time>2025-02-26T17:59:02.768Z</time>
      </trkpt>
      <trkpt lat="49.92129606194794" lon="4.618520345538855">
        <ele>361.22</ele>
        <time>2025-02-26T17:59:09.638Z</time>
      </trkpt>
      <trkpt lat="49.921558080241084" lon="4.618497965857387">
        <ele>362.71</ele>
        <time>2025-02-26T17:59:16.516Z</time>
      </trkpt>
      <trkpt lat="49.921795623376966" lon="4.6185483410954475">
        <ele>364.34</ele>
        <time>2025-02-26T17:59:23.402Z</time>
      </trkpt>
      <trkpt lat="49.92203325033188" lon="4.61859880015254">
        <ele>365.93</ele>
        <time>2025-02-26T17:59:30.296Z</time>
      </trkpt>
      <trkpt lat="49.92227079346776" lon="4.618649259209633">
        <ele>367.45</ele>
        <time>2025-02-26T17:59:37.198Z</time>
      </trkpt>
      <trkpt lat="49.922503642737865" lon="4.618744477629662">
        <ele>368.83</ele>
        <time>2025-02-26T17:59:44.108Z</time>
      </trkpt>
      <trkpt lat="49.92266985587776" lon="4.618905996903777">
        <ele>370.12</ele>
        <time>2025-02-26T17:59:51.025Z</time>
      </trkpt>
      <trkpt lat="49.92271386086941" lon="4.618992498144507">
        <ele>371.23</ele>
        <time>2025-02-26T17:59:57.944Z</time>
      </trkpt>
      <trkpt lat="49.92274118587375" lon="4.619094505906105">
        <ele>372.26</ele>
        <time>2025-02-26T18:00:04.866Z</time>
      </trkpt>
      <trkpt lat="49.922784101217985" lon="4.619321990758181">
        <ele>373.21</ele>
        <time>2025-02-26T18:00:11.793Z</time>
      </trkpt>
      <trkpt lat="49.922801703214645" lon="4.619536818936467">
        <ele>374.03</ele>
        <time>2025-02-26T18:00:18.724Z</time>
      </trkpt>
      <trkpt lat="49.922792818397284" lon="4.620021041482687">
        <ele>374.71</ele>
        <time>2025-02-26T18:00:25.666Z</time>
      </trkpt>
      <trkpt lat="49.92278384976089" lon="4.620505766943097">
        <ele>375.33</ele>
        <time>2025-02-26T18:00:32.618Z</time>
      </trkpt>
      <trkpt lat="49.92278393357992" lon="4.620504844933748">
        <ele>375.72</ele>
        <time>2025-02-26T18:00:39.570Z</time>
      </trkpt>
      <trkpt lat="49.92278401739895" lon="4.620503755286336">
        <ele>375.97</ele>
        <time>2025-02-26T18:00:46.522Z</time>
      </trkpt>
      <trkpt lat="49.922784101217985" lon="4.620502665638924">
        <ele>376.07</ele>
        <time>2025-02-26T18:00:53.474Z</time>
      </trkpt>
      <trkpt lat="49.922782592475414" lon="4.62052445858717">
        <ele>376.04</ele>
        <time>2025-02-26T18:01:00.427Z</time>
      </trkpt>
      <trkpt lat="49.92276440374553" lon="4.620791841298342">
        <ele>375.9</ele>
        <time>2025-02-26T18:01:07.386Z</time>
      </trkpt>
      <trkpt lat="49.92272048257291" lon="4.621156621724367">
        <ele>375.61</ele>
        <time>2025-02-26T18:01:14.353Z</time>
      </trkpt>
      <trkpt lat="49.922676561400294" lon="4.6215214021503925">
        <ele>375.12</ele>
        <time>2025-02-26T18:01:21.328Z</time>
      </trkpt>
      <trkpt lat="49.922633059322834" lon="4.62188333272934">
        <ele>374.46</ele>
        <time>2025-02-26T18:01:28.311Z</time>
      </trkpt>
      <trkpt lat="49.92263372987509" lon="4.622223051264882">
        <ele>373.69</ele>
        <time>2025-02-26T18:01:35.301Z</time>
      </trkpt>
      <trkpt lat="49.922586707398295" lon="4.622600320726633">
        <ele>372.82</ele>
        <time>2025-02-26T18:01:42.299Z</time>
      </trkpt>
      <trkpt lat="49.922586623579264" lon="4.62270618416369">
        <ele>371.77</ele>
        <time>2025-02-26T18:01:49.299Z</time>
      </trkpt>
      <trkpt lat="49.92261914536357" lon="4.622843060642481">
        <ele>370.57</ele>
        <time>2025-02-26T18:01:56.303Z</time>
      </trkpt>
      <trkpt lat="49.92267278954387" lon="4.622877007350326">
        <ele>369.21</ele>
        <time>2025-02-26T18:02:03.309Z</time>
      </trkpt>
      <trkpt lat="49.922761553898454" lon="4.6228808630257845">
        <ele>367.69</ele>
        <time>2025-02-26T18:02:10.317Z</time>
      </trkpt>
      <trkpt lat="49.92297629825771" lon="4.623078340664506">
        <ele>365.95</ele>
        <time>2025-02-26T18:02:17.334Z</time>
      </trkpt>
      <trkpt lat="49.92306464351714" lon="4.623093092814088">
        <ele>364.23</ele>
        <time>2025-02-26T18:02:24.354Z</time>
      </trkpt>
      <trkpt lat="49.923209231346846" lon="4.623076915740967">
        <ele>362.35</ele>
        <time>2025-02-26T18:02:31.379Z</time>
      </trkpt>
      <trkpt lat="49.9233584292233" lon="4.623120417818427">
        <ele>360.44</ele>
        <time>2025-02-26T18:02:38.409Z</time>
      </trkpt>
      <trkpt lat="49.923488683998585" lon="4.623111113905907">
        <ele>358.46</ele>
        <time>2025-02-26T18:02:45.443Z</time>
      </trkpt>
      <trkpt lat="49.92353595793247" lon="4.6231435518711805">
        <ele>356.58</ele>
        <time>2025-02-26T18:02:52.479Z</time>
      </trkpt>
      <trkpt lat="49.92375179193914" lon="4.623365085572004">
        <ele>354.57</ele>
        <time>2025-02-26T18:02:59.523Z</time>
      </trkpt>
      <trkpt lat="49.92396737448871" lon="4.623586367815733">
        <ele>352.61</ele>
        <time>2025-02-26T18:03:06.576Z</time>
      </trkpt>
      <trkpt lat="49.924080949276686" lon="4.623726848512888">
        <ele>350.78</ele>
        <time>2025-02-26T18:03:13.634Z</time>
      </trkpt>
      <trkpt lat="49.92428722791374" lon="4.6239216439425945">
        <ele>348.98</ele>
        <time>2025-02-26T18:03:20.700Z</time>
      </trkpt>
      <trkpt lat="49.92449350655079" lon="4.624116523191333">
        <ele>347.15</ele>
        <time>2025-02-26T18:03:27.774Z</time>
      </trkpt>
      <trkpt lat="49.92469936609268" lon="4.6243109833449125">
        <ele>345.37</ele>
        <time>2025-02-26T18:03:34.856Z</time>
      </trkpt>
      <trkpt lat="49.924870021641254" lon="4.624527487903833">
        <ele>343.69</ele>
        <time>2025-02-26T18:03:41.945Z</time>
      </trkpt>
      <trkpt lat="49.92504042573273" lon="4.624743657186627">
        <ele>342.06</ele>
        <time>2025-02-26T18:03:49.042Z</time>
      </trkpt>
      <trkpt lat="49.92519565857947" lon="4.624854465946555">
        <ele>340.49</ele>
        <time>2025-02-26T18:03:56.144Z</time>
      </trkpt>
      <trkpt lat="49.925350807607174" lon="4.624965274706483">
        <ele>339.04</ele>
        <time>2025-02-26T18:04:03.252Z</time>
      </trkpt>
      <trkpt lat="49.92548483423889" lon="4.6251200046390295">
        <ele>337.77</ele>
        <time>2025-02-26T18:04:10.366Z</time>
      </trkpt>
      <trkpt lat="49.925618693232536" lon="4.625274566933513">
        <ele>336.64</ele>
        <time>2025-02-26T18:04:17.485Z</time>
      </trkpt>
      <trkpt lat="49.92569756694138" lon="4.625345729291439">
        <ele>335.65</ele>
        <time>2025-02-26T18:04:24.607Z</time>
      </trkpt>
      <trkpt lat="49.925697734579444" lon="4.6253458969295025">
        <ele>334.86</ele>
        <time>2025-02-26T18:04:31.729Z</time>
      </trkpt>
      <trkpt lat="49.925697818398476" lon="4.625345980748534">
        <ele>334.23</ele>
        <time>2025-02-26T18:04:38.851Z</time>
      </trkpt>
      <trkpt lat="49.92569790221751" lon="4.625346064567566">
        <ele>333.74</ele>
        <time>2025-02-26T18:04:45.973Z</time>
      </trkpt>
      <trkpt lat="49.92569739930332" lon="4.6253706235438585">
        <ele>333.42</ele>
        <time>2025-02-26T18:04:53.096Z</time>
      </trkpt>
      <trkpt lat="49.92569446563721" lon="4.625544548034668">
        <ele>333.41</ele>
        <time>2025-02-26T18:05:00.223Z</time>
      </trkpt>
      <trkpt lat="49.9258017539978" lon="4.6257805824279785">
        <ele>333.36</ele>
        <time>2025-02-26T18:05:07.356Z</time>
      </trkpt>
      <trkpt lat="49.92588758468628" lon="4.626145362854004">
        <ele>333.67</ele>
        <time>2025-02-26T18:05:14.497Z</time>
      </trkpt>
      <trkpt lat="49.92603778839111" lon="4.626338481903076">
        <ele>333.78</ele>
        <time>2025-02-26T18:05:21.645Z</time>
      </trkpt>
      <trkpt lat="49.92605312727392" lon="4.626431101933122">
        <ele>334.19</ele>
        <time>2025-02-26T18:05:28.795Z</time>
      </trkpt>
      <trkpt lat="49.92605321109295" lon="4.626431185752153">
        <ele>334.66</ele>
        <time>2025-02-26T18:05:35.945Z</time>
      </trkpt>
      <trkpt lat="49.92605723440647" lon="4.626455325633287">
        <ele>335.26</ele>
        <time>2025-02-26T18:05:43.095Z</time>
      </trkpt>
      <trkpt lat="49.92605924606323" lon="4.626467227935791">
        <ele>335.95</ele>
        <time>2025-02-26T18:05:50.246Z</time>
      </trkpt>
      <trkpt lat="49.92605363018811" lon="4.626520620658994">
        <ele>336.81</ele>
        <time>2025-02-26T18:05:57.398Z</time>
      </trkpt>
      <trkpt lat="49.926016330718994" lon="4.626874923706055">
        <ele>338.12</ele>
        <time>2025-02-26T18:06:04.557Z</time>
      </trkpt>
      <trkpt lat="49.92605924606323" lon="4.627046585083008">
        <ele>339.14</ele>
        <time>2025-02-26T18:06:11.720Z</time>
      </trkpt>
      <trkpt lat="49.92612361907959" lon="4.6271538734436035">
        <ele>340.14</ele>
        <time>2025-02-26T18:06:18.887Z</time>
      </trkpt>
      <trkpt lat="49.926230907440186" lon="4.62749719619751">
        <ele>341.3</ele>
        <time>2025-02-26T18:06:26.062Z</time>
      </trkpt>
      <trkpt lat="49.92642402648926" lon="4.627861976623535">
        <ele>342.32</ele>
        <time>2025-02-26T18:06:33.247Z</time>
      </trkpt>
      <trkpt lat="49.92646660655737" lon="4.628089796751738">
        <ele>343.59</ele>
        <time>2025-02-26T18:06:40.437Z</time>
      </trkpt>
      <trkpt lat="49.92646660655737" lon="4.6280895452946424">
        <ele>344.83</ele>
        <time>2025-02-26T18:06:47.627Z</time>
      </trkpt>
      <trkpt lat="49.92646660655737" lon="4.628089210018516">
        <ele>346.11</ele>
        <time>2025-02-26T18:06:54.817Z</time>
      </trkpt>
      <trkpt lat="49.92647096514702" lon="4.628112679347396">
        <ele>347.44</ele>
        <time>2025-02-26T18:07:02.008Z</time>
      </trkpt>
      <trkpt lat="49.926482951268554" lon="4.628176046535373">
        <ele>348.81</ele>
        <time>2025-02-26T18:07:09.200Z</time>
      </trkpt>
      <trkpt lat="49.926515221595764" lon="4.628293560817838">
        <ele>350.22</ele>
        <time>2025-02-26T18:07:16.395Z</time>
      </trkpt>
      <trkpt lat="49.92658345028758" lon="4.628480393439531">
        <ele>351.6</ele>
        <time>2025-02-26T18:07:23.594Z</time>
      </trkpt>
      <trkpt lat="49.926588563248515" lon="4.628561278805137">
        <ele>353.04</ele>
        <time>2025-02-26T18:07:30.795Z</time>
      </trkpt>
      <trkpt lat="49.92656718939543" lon="4.628615844994783">
        <ele>354.54</ele>
        <time>2025-02-26T18:07:37.998Z</time>
      </trkpt>
      <trkpt lat="49.92653299123049" lon="4.6286526415497065">
        <ele>356.05</ele>
        <time>2025-02-26T18:07:45.202Z</time>
      </trkpt>
      <trkpt lat="49.92646895349026" lon="4.628661191090941">
        <ele>357.56</ele>
        <time>2025-02-26T18:07:52.408Z</time>
      </trkpt>
      <trkpt lat="49.926457135006785" lon="4.628675524145365">
        <ele>358.95</ele>
        <time>2025-02-26T18:07:59.615Z</time>
      </trkpt>
      <trkpt lat="49.926455710083246" lon="4.628836624324322">
        <ele>360.38</ele>
        <time>2025-02-26T18:08:06.825Z</time>
      </trkpt>
      <trkpt lat="49.92649007588625" lon="4.628870906308293">
        <ele>361.67</ele>
        <time>2025-02-26T18:08:14.036Z</time>
      </trkpt>
      <trkpt lat="49.92650968953967" lon="4.628930501639843">
        <ele>362.97</ele>
        <time>2025-02-26T18:08:21.249Z</time>
      </trkpt>
      <trkpt lat="49.92648261599243" lon="4.628846263512969">
        <ele>364.27</ele>
        <time>2025-02-26T18:08:28.464Z</time>
      </trkpt>
      <trkpt lat="49.926527962088585" lon="4.628929831087589">
        <ele>365.47</ele>
        <time>2025-02-26T18:08:35.681Z</time>
      </trkpt>
      <trkpt lat="49.92654690518975" lon="4.628927484154701">
        <ele>366.65</ele>
        <time>2025-02-26T18:08:42.899Z</time>
      </trkpt>
      <trkpt lat="49.9265134613961" lon="4.629047596827149">
        <ele>367.94</ele>
        <time>2025-02-26T18:08:50.120Z</time>
      </trkpt>
      <trkpt lat="49.92646954022348" lon="4.629130996763706">
        <ele>369.2</ele>
        <time>2025-02-26T18:08:57.343Z</time>
      </trkpt>
      <trkpt lat="49.926401395350695" lon="4.629194866865873">
        <ele>370.44</ele>
        <time>2025-02-26T18:09:04.569Z</time>
      </trkpt>
      <trkpt lat="49.926363341510296" lon="4.629259072244167">
        <ele>371.59</ele>
        <time>2025-02-26T18:09:11.797Z</time>
      </trkpt>
      <trkpt lat="49.92631229571998" lon="4.629277847707272">
        <ele>372.73</ele>
        <time>2025-02-26T18:09:19.026Z</time>
      </trkpt>
      <trkpt lat="49.92625211365521" lon="4.629194615408778">
        <ele>373.88</ele>
        <time>2025-02-26T18:09:26.258Z</time>
      </trkpt>
      <trkpt lat="49.9262335896492" lon="4.629134349524975">
        <ele>374.88</ele>
        <time>2025-02-26T18:09:33.491Z</time>
      </trkpt>
      <trkpt lat="49.92620182223618" lon="4.629112556576729">
        <ele>375.84</ele>
        <time>2025-02-26T18:09:40.726Z</time>
      </trkpt>
      <trkpt lat="49.92598925717175" lon="4.6290587447583675">
        <ele>376.85</ele>
        <time>2025-02-26T18:09:47.968Z</time>
      </trkpt>
      <trkpt lat="49.92581876926124" lon="4.629074251279235">
        <ele>377.77</ele>
        <time>2025-02-26T18:09:55.215Z</time>
      </trkpt>
      <trkpt lat="49.925797479227185" lon="4.629092272371054">
        <ele>378.56</ele>
        <time>2025-02-26T18:10:02.463Z</time>
      </trkpt>
      <trkpt lat="49.92573947645724" lon="4.6293729823082685">
        <ele>379.36</ele>
        <time>2025-02-26T18:10:09.718Z</time>
      </trkpt>
      <trkpt lat="49.92576847784221" lon="4.629641370847821">
        <ele>379.99</ele>
        <time>2025-02-26T18:10:16.979Z</time>
      </trkpt>
      <trkpt lat="49.92571416310966" lon="4.6298981085419655">
        <ele>380.61</ele>
        <time>2025-02-26T18:10:24.245Z</time>
      </trkpt>
      <trkpt lat="49.92566244676709" lon="4.6299858670681715">
        <ele>381.19</ele>
        <time>2025-02-26T18:10:31.514Z</time>
      </trkpt>
      <trkpt lat="49.92557309567928" lon="4.6301119308918715">
        <ele>381.75</ele>
        <time>2025-02-26T18:10:38.787Z</time>
      </trkpt>
      <trkpt lat="49.92550436407328" lon="4.630157444626093">
        <ele>382.28</ele>
        <time>2025-02-26T18:10:46.062Z</time>
      </trkpt>
      <trkpt lat="49.92542590945959" lon="4.630158701911569">
        <ele>382.8</ele>
        <time>2025-02-26T18:10:53.340Z</time>
      </trkpt>
      <trkpt lat="49.925380647182465" lon="4.630141435191035">
        <ele>383.25</ele>
        <time>2025-02-26T18:11:00.620Z</time>
      </trkpt>
      <trkpt lat="49.92531409487128" lon="4.6301625575870275">
        <ele>383.66</ele>
        <time>2025-02-26T18:11:07.902Z</time>
      </trkpt>
      <trkpt lat="49.92518090642989" lon="4.630391970276833">
        <ele>384.01</ele>
        <time>2025-02-26T18:11:15.191Z</time>
      </trkpt>
      <trkpt lat="49.925041096284986" lon="4.630739483982325">
        <ele>384.27</ele>
        <time>2025-02-26T18:11:22.488Z</time>
      </trkpt>
      <trkpt lat="49.924968257546425" lon="4.630806036293507">
        <ele>384.56</ele>
        <time>2025-02-26T18:11:29.788Z</time>
      </trkpt>
      <trkpt lat="49.92483599111438" lon="4.630970153957605">
        <ele>384.81</ele>
        <time>2025-02-26T18:11:37.094Z</time>
      </trkpt>
      <trkpt lat="49.92468846961856" lon="4.631099738180637">
        <ele>385.04</ele>
        <time>2025-02-26T18:11:44.405Z</time>
      </trkpt>
      <trkpt lat="49.9244895670563" lon="4.631342478096485">
        <ele>385.18</ele>
        <time>2025-02-26T18:11:51.725Z</time>
      </trkpt>
      <trkpt lat="49.924408262595534" lon="4.631418418139219">
        <ele>385.41</ele>
        <time>2025-02-26T18:11:59.048Z</time>
      </trkpt>
      <trkpt lat="49.9241888243705" lon="4.631737265735865">
        <ele>385.53</ele>
        <time>2025-02-26T18:12:06.381Z</time>
      </trkpt>
      <trkpt lat="49.92404306307435" lon="4.631803231313825">
        <ele>385.76</ele>
        <time>2025-02-26T18:12:13.719Z</time>
      </trkpt>
      <trkpt lat="49.92398916743696" lon="4.631845224648714">
        <ele>385.97</ele>
        <time>2025-02-26T18:12:21.059Z</time>
      </trkpt>
      <trkpt lat="49.923904007300735" lon="4.6320438757538795">
        <ele>386.1</ele>
        <time>2025-02-26T18:12:28.404Z</time>
      </trkpt>
      <trkpt lat="49.92380610667169" lon="4.632190642878413">
        <ele>386.31</ele>
        <time>2025-02-26T18:12:35.754Z</time>
      </trkpt>
      <trkpt lat="49.92373410612345" lon="4.632413433864713">
        <ele>386.46</ele>
        <time>2025-02-26T18:12:43.109Z</time>
      </trkpt>
      <trkpt lat="49.92366252467036" lon="4.632635302841663">
        <ele>386.64</ele>
        <time>2025-02-26T18:12:50.470Z</time>
      </trkpt>
      <trkpt lat="49.92356118746102" lon="4.632754158228636">
        <ele>386.92</ele>
        <time>2025-02-26T18:12:57.835Z</time>
      </trkpt>
      <trkpt lat="49.92337862960994" lon="4.632859518751502">
        <ele>387.27</ele>
        <time>2025-02-26T18:13:05.206Z</time>
      </trkpt>
      <trkpt lat="49.92326061241329" lon="4.632906289771199">
        <ele>387.68</ele>
        <time>2025-02-26T18:13:12.581Z</time>
      </trkpt>
      <trkpt lat="49.92317704483867" lon="4.63284719735384">
        <ele>388.16</ele>
        <time>2025-02-26T18:13:19.959Z</time>
      </trkpt>
      <trkpt lat="49.923108564689755" lon="4.632770083844662">
        <ele>388.65</ele>
        <time>2025-02-26T18:13:27.340Z</time>
      </trkpt>
      <trkpt lat="49.92307210341096" lon="4.632644020020962">
        <ele>389.15</ele>
        <time>2025-02-26T18:13:34.724Z</time>
      </trkpt>
      <trkpt lat="49.92305492050946" lon="4.632498258724809">
        <ele>389.66</ele>
        <time>2025-02-26T18:13:42.111Z</time>
      </trkpt>
      <trkpt lat="49.923041593283415" lon="4.632155271247029">
        <ele>390.26</ele>
        <time>2025-02-26T18:13:49.506Z</time>
      </trkpt>
      <trkpt lat="49.92299163714051" lon="4.631909178569913">
        <ele>390.82</ele>
        <time>2025-02-26T18:13:56.906Z</time>
      </trkpt>
      <trkpt lat="49.92294201627374" lon="4.631664426997304">
        <ele>391.39</ele>
        <time>2025-02-26T18:14:04.312Z</time>
      </trkpt>
      <trkpt lat="49.92283900268376" lon="4.63140576146543">
        <ele>391.96</ele>
        <time>2025-02-26T18:14:11.724Z</time>
      </trkpt>
      <trkpt lat="49.92273649200797" lon="4.631148269400001">
        <ele>392.48</ele>
        <time>2025-02-26T18:14:19.143Z</time>
      </trkpt>
      <trkpt lat="49.92264018394053" lon="4.630970070138574">
        <ele>392.97</ele>
        <time>2025-02-26T18:14:26.567Z</time>
      </trkpt>
      <trkpt lat="49.922520658001304" lon="4.630684414878488">
        <ele>393.48</ele>
        <time>2025-02-26T18:14:33.998Z</time>
      </trkpt>
      <trkpt lat="49.92239400744438" lon="4.630537899211049">
        <ele>393.94</ele>
        <time>2025-02-26T18:14:41.435Z</time>
      </trkpt>
      <trkpt lat="49.92226777598262" lon="4.630391802638769">
        <ele>394.34</ele>
        <time>2025-02-26T18:14:48.877Z</time>
      </trkpt>
      <trkpt lat="49.9221133813262" lon="4.630246963351965">
        <ele>394.72</ele>
        <time>2025-02-26T18:14:56.325Z</time>
      </trkpt>
      <trkpt lat="49.921959321945906" lon="4.630102375522256">
        <ele>395.04</ele>
        <time>2025-02-26T18:15:03.779Z</time>
      </trkpt>
      <trkpt lat="49.92184373550117" lon="4.630013108253479">
        <ele>395.29</ele>
        <time>2025-02-26T18:15:11.237Z</time>
      </trkpt>
      <trkpt lat="49.92170350626111" lon="4.629943957552314">
        <ele>395.46</ele>
        <time>2025-02-26T18:15:18.700Z</time>
      </trkpt>
      <trkpt lat="49.92153796367347" lon="4.629881177097559">
        <ele>395.56</ele>
        <time>2025-02-26T18:15:26.169Z</time>
      </trkpt>
      <trkpt lat="49.9213725887239" lon="4.629818480461836">
        <ele>395.59</ele>
        <time>2025-02-26T18:15:33.644Z</time>
      </trkpt>
      <trkpt lat="49.921296229586005" lon="4.629757795482874">
        <ele>395.63</ele>
        <time>2025-02-26T18:15:41.121Z</time>
      </trkpt>
      <trkpt lat="49.92119614966214" lon="4.629725189879537">
        <ele>395.63</ele>
        <time>2025-02-26T18:15:48.602Z</time>
      </trkpt>
      <trkpt lat="49.921124735847116" lon="4.629689315333962">
        <ele>395.64</ele>
        <time>2025-02-26T18:15:56.085Z</time>
      </trkpt>
      <trkpt lat="49.921106630936265" lon="4.629665007814765">
        <ele>395.64</ele>
        <time>2025-02-26T18:16:03.569Z</time>
      </trkpt>
      <trkpt lat="49.921105122193694" lon="4.629657296463847">
        <ele>395.62</ele>
        <time>2025-02-26T18:16:11.053Z</time>
      </trkpt>
      <trkpt lat="49.921105122193694" lon="4.62965696118772">
        <ele>395.59</ele>
        <time>2025-02-26T18:16:18.537Z</time>
      </trkpt>
      <trkpt lat="49.921090034767985" lon="4.629648998379707">
        <ele>395.54</ele>
        <time>2025-02-26T18:16:26.022Z</time>
      </trkpt>
      <trkpt lat="49.92103815078735" lon="4.629621505737305">
        <ele>395.47</ele>
        <time>2025-02-26T18:16:33.509Z</time>
      </trkpt>
      <trkpt lat="49.9208318721503" lon="4.629909340292215">
        <ele>395.43</ele>
        <time>2025-02-26T18:16:41.005Z</time>
      </trkpt>
      <trkpt lat="49.92062559351325" lon="4.630197258666158">
        <ele>395.29</ele>
        <time>2025-02-26T18:16:48.510Z</time>
      </trkpt>
      <trkpt lat="49.9204193148762" lon="4.6304851770401">
        <ele>395.17</ele>
        <time>2025-02-26T18:16:56.024Z</time>
      </trkpt>
      <trkpt lat="49.92021312005818" lon="4.6307730954140425">
        <ele>395.09</ele>
        <time>2025-02-26T18:17:03.548Z</time>
      </trkpt>
      <trkpt lat="49.920008182525635" lon="4.631059169769287">
        <ele>394.95</ele>
        <time>2025-02-26T18:17:11.081Z</time>
      </trkpt>
      <trkpt lat="49.919846998527646" lon="4.631316997110844">
        <ele>394.9</ele>
        <time>2025-02-26T18:17:18.622Z</time>
      </trkpt>
      <trkpt lat="49.91968631744385" lon="4.6315741539001465">
        <ele>394.88</ele>
        <time>2025-02-26T18:17:26.170Z</time>
      </trkpt>
      <trkpt lat="49.91945028305054" lon="4.631853103637695">
        <ele>394.92</ele>
        <time>2025-02-26T18:17:33.728Z</time>
      </trkpt>
      <trkpt lat="49.91924626752734" lon="4.632003307342529">
        <ele>394.92</ele>
        <time>2025-02-26T18:17:41.294Z</time>
      </trkpt>
      <trkpt lat="49.91904258728027" lon="4.632153511047363">
        <ele>395.05</ele>
        <time>2025-02-26T18:17:48.867Z</time>
      </trkpt>
      <trkpt lat="49.91887075826526" lon="4.6323145274072886">
        <ele>395.16</ele>
        <time>2025-02-26T18:17:56.447Z</time>
      </trkpt>
      <trkpt lat="49.91869926452637" lon="4.63247537612915">
        <ele>395.25</ele>
        <time>2025-02-26T18:18:04.034Z</time>
      </trkpt>
      <trkpt lat="49.918477311730385" lon="4.632697245106101">
        <ele>395.39</ele>
        <time>2025-02-26T18:18:11.630Z</time>
      </trkpt>
      <trkpt lat="49.9182553589344" lon="4.632919197902083">
        <ele>395.57</ele>
        <time>2025-02-26T18:18:19.234Z</time>
      </trkpt>
      <trkpt lat="49.918034076690674" lon="4.633140563964844">
        <ele>395.77</ele>
        <time>2025-02-26T18:18:26.847Z</time>
      </trkpt>
      <trkpt lat="49.91779351606965" lon="4.633355224505067">
        <ele>395.95</ele>
        <time>2025-02-26T18:18:34.469Z</time>
      </trkpt>
      <trkpt lat="49.91755303926766" lon="4.633569968864322">
        <ele>396.16</ele>
        <time>2025-02-26T18:18:42.101Z</time>
      </trkpt>
      <trkpt lat="49.91731256246567" lon="4.6337847132235765">
        <ele>396.35</ele>
        <time>2025-02-26T18:18:49.742Z</time>
      </trkpt>
      <trkpt lat="49.917072085663676" lon="4.633999457582831">
        <ele>396.44</ele>
        <time>2025-02-26T18:18:57.392Z</time>
      </trkpt>
      <trkpt lat="49.916832447052" lon="4.634213447570801">
        <ele>396.54</ele>
        <time>2025-02-26T18:19:05.051Z</time>
      </trkpt>
      <trkpt lat="49.916639076545835" lon="4.634438920766115">
        <ele>396.69</ele>
        <time>2025-02-26T18:19:12.718Z</time>
      </trkpt>
      <trkpt lat="49.91644620895386" lon="4.634664058685303">
        <ele>396.87</ele>
        <time>2025-02-26T18:19:20.394Z</time>
      </trkpt>
      <trkpt lat="49.91631746292114" lon="4.634771347045898">
        <ele>397.03</ele>
        <time>2025-02-26T18:19:28.074Z</time>
      </trkpt>
      <trkpt lat="49.91610984317958" lon="4.634613851085305">
        <ele>397.06</ele>
        <time>2025-02-26T18:19:35.762Z</time>
      </trkpt>
      <trkpt lat="49.915902307257056" lon="4.634456438943744">
        <ele>397.06</ele>
        <time>2025-02-26T18:19:43.458Z</time>
      </trkpt>
      <trkpt lat="49.91569519042969" lon="4.634299278259277">
        <ele>396.99</ele>
        <time>2025-02-26T18:19:51.162Z</time>
      </trkpt>
      <trkpt lat="49.915448343381286" lon="4.63419190607965">
        <ele>396.92</ele>
        <time>2025-02-26T18:19:58.874Z</time>
      </trkpt>
      <trkpt lat="49.91520166397095" lon="4.634084701538086">
        <ele>396.85</ele>
        <time>2025-02-26T18:20:06.595Z</time>
      </trkpt>
      <trkpt lat="49.91495833732188" lon="4.633905747905374">
        <ele>396.74</ele>
        <time>2025-02-26T18:20:14.325Z</time>
      </trkpt>
      <trkpt lat="49.91471501067281" lon="4.633726878091693">
        <ele>396.59</ele>
        <time>2025-02-26T18:20:22.064Z</time>
      </trkpt>
      <trkpt lat="49.9144721031189" lon="4.633548259735107">
        <ele>396.47</ele>
        <time>2025-02-26T18:20:29.812Z</time>
      </trkpt>
      <trkpt lat="49.914192985743284" lon="4.633374335244298">
        <ele>396.38</ele>
        <time>2025-02-26T18:20:37.570Z</time>
      </trkpt>
      <trkpt lat="49.913913952186704" lon="4.6332004107534885">
        <ele>396.27</ele>
        <time>2025-02-26T18:20:45.338Z</time>
      </trkpt>
      <trkpt lat="49.91363491863012" lon="4.633026570081711">
        <ele>396.13</ele>
        <time>2025-02-26T18:20:53.116Z</time>
      </trkpt>
      <trkpt lat="49.91335580125451" lon="4.632852645590901">
        <ele>396.0</ele>
        <time>2025-02-26T18:21:00.904Z</time>
      </trkpt>
      <trkpt lat="49.91307676769793" lon="4.632678804919124">
        <ele>395.95</ele>
        <time>2025-02-26T18:21:08.702Z</time>
      </trkpt>
      <trkpt lat="49.91279773414135" lon="4.632504880428314">
        <ele>395.96</ele>
        <time>2025-02-26T18:21:16.510Z</time>
      </trkpt>
      <trkpt lat="49.91251861676574" lon="4.6323310397565365">
        <ele>395.98</ele>
        <time>2025-02-26T18:21:24.328Z</time>
      </trkpt>
      <trkpt lat="49.91223958320916" lon="4.632157199084759">
        <ele>395.94</ele>
        <time>2025-02-26T18:21:32.156Z</time>
      </trkpt>
      <trkpt lat="49.911960549652576" lon="4.631983274593949">
        <ele>395.9</ele>
        <time>2025-02-26T18:21:39.994Z</time>
      </trkpt>
      <trkpt lat="49.91168260574341" lon="4.631810188293457">
        <ele>395.85</ele>
        <time>2025-02-26T18:21:47.842Z</time>
      </trkpt>
      <trkpt lat="49.91140365600586" lon="4.631702899932861">
        <ele>395.75</ele>
        <time>2025-02-26T18:21:55.700Z</time>
      </trkpt>
      <trkpt lat="49.91117826662958" lon="4.631778001785278">
        <ele>395.65</ele>
        <time>2025-02-26T18:22:03.565Z</time>
      </trkpt>
      <trkpt lat="49.91095304489136" lon="4.631853103637695">
        <ele>395.53</ele>
        <time>2025-02-26T18:22:11.438Z</time>
      </trkpt>
      <trkpt lat="49.910820024088025" lon="4.631872046738863">
        <ele>395.44</ele>
        <time>2025-02-26T18:22:19.315Z</time>
      </trkpt>
      <trkpt lat="49.91081977263093" lon="4.631872130557895">
        <ele>395.4</ele>
        <time>2025-02-26T18:22:27.192Z</time>
      </trkpt>
      <trkpt lat="49.91080401465297" lon="4.631874309852719">
        <ele>395.36</ele>
        <time>2025-02-26T18:22:35.070Z</time>
      </trkpt>
      <trkpt lat="49.91065263748169" lon="4.631896018981934">
        <ele>395.3</ele>
        <time>2025-02-26T18:22:42.953Z</time>
      </trkpt>
      <trkpt lat="49.910888923332095" lon="4.631606005132198">
        <ele>395.28</ele>
        <time>2025-02-26T18:22:50.846Z</time>
      </trkpt>
      <trkpt lat="49.91112470626831" lon="4.631316661834717">
        <ele>395.28</ele>
        <time>2025-02-26T18:22:58.749Z</time>
      </trkpt>
      <trkpt lat="49.91129653528333" lon="4.631044417619705">
        <ele>395.3</ele>
        <time>2025-02-26T18:23:06.660Z</time>
      </trkpt>
      <trkpt lat="49.911468448117375" lon="4.630772257223725">
        <ele>395.34</ele>
        <time>2025-02-26T18:23:14.579Z</time>
      </trkpt>
      <trkpt lat="49.91163969039917" lon="4.6305012702941895">
        <ele>395.42</ele>
        <time>2025-02-26T18:23:22.507Z</time>
      </trkpt>
      <trkpt lat="49.9114465713501" lon="4.630179405212402">
        <ele>395.51</ele>
        <time>2025-02-26T18:23:30.444Z</time>
      </trkpt>
      <trkpt lat="49.91118907928467" lon="4.630007743835449">
        <ele>395.53</ele>
        <time>2025-02-26T18:23:38.390Z</time>
      </trkpt>
      <trkpt lat="49.910909961909056" lon="4.629853181540966">
        <ele>395.59</ele>
        <time>2025-02-26T18:23:46.346Z</time>
      </trkpt>
      <trkpt lat="49.910630928352475" lon="4.629698619246483">
        <ele>395.64</ele>
        <time>2025-02-26T18:23:54.312Z</time>
      </trkpt>
      <trkpt lat="49.910351894795895" lon="4.629544056952">
        <ele>395.73</ele>
        <time>2025-02-26T18:24:02.288Z</time>
      </trkpt>
      <trkpt lat="49.910072861239314" lon="4.6293894946575165">
        <ele>395.77</ele>
        <time>2025-02-26T18:24:10.274Z</time>
      </trkpt>
      <trkpt lat="49.909794330596924" lon="4.62923526763916">
        <ele>395.77</ele>
        <time>2025-02-26T18:24:18.270Z</time>
      </trkpt>
      <trkpt lat="49.90977102890611" lon="4.629223952069879">
        <ele>395.83</ele>
        <time>2025-02-26T18:24:26.267Z</time>
      </trkpt>
      <trkpt lat="49.90977069362998" lon="4.629223784431815">
        <ele>395.88</ele>
        <time>2025-02-26T18:24:34.264Z</time>
      </trkpt>
      <trkpt lat="49.909755773842335" lon="4.629216492176056">
        <ele>395.94</ele>
        <time>2025-02-26T18:24:42.261Z</time>
      </trkpt>
      <trkpt lat="49.90955678746104" lon="4.629120267927647">
        <ele>396.01</ele>
        <time>2025-02-26T18:24:50.265Z</time>
      </trkpt>
      <trkpt lat="49.909342881292105" lon="4.629016751423478">
        <ele>396.08</ele>
        <time>2025-02-26T18:24:58.277Z</time>
      </trkpt>
      <trkpt lat="49.90912914276123" lon="4.628913402557373">
        <ele>396.13</ele>
        <time>2025-02-26T18:25:06.296Z</time>
      </trkpt>
      <trkpt lat="49.90888439118862" lon="4.62875884026289">
        <ele>396.19</ele>
        <time>2025-02-26T18:25:14.324Z</time>
      </trkpt>
      <trkpt lat="49.90863963961601" lon="4.628604277968407">
        <ele>396.26</ele>
        <time>2025-02-26T18:25:22.361Z</time>
      </trkpt>
      <trkpt lat="49.908394971862435" lon="4.6284497156739235">
        <ele>396.31</ele>
        <time>2025-02-26T18:25:30.407Z</time>
      </trkpt>
      <trkpt lat="49.908150220289826" lon="4.62829515337944">
        <ele>396.3</ele>
        <time>2025-02-26T18:25:38.461Z</time>
      </trkpt>
      <trkpt lat="49.90790605545044" lon="4.628140926361084">
        <ele>396.28</ele>
        <time>2025-02-26T18:25:46.524Z</time>
      </trkpt>
      <trkpt lat="49.90770195610821" lon="4.627893827855587">
        <ele>396.35</ele>
        <time>2025-02-26T18:25:54.596Z</time>
      </trkpt>
      <trkpt lat="49.907498359680176" lon="4.627647399902344">
        <ele>396.4</ele>
        <time>2025-02-26T18:26:02.676Z</time>
      </trkpt>
      <trkpt lat="49.907283782958984" lon="4.6273040771484375">
        <ele>396.46</ele>
        <time>2025-02-26T18:26:10.767Z</time>
      </trkpt>
      <trkpt lat="49.90711212158203" lon="4.626960754394531">
        <ele>396.47</ele>
        <time>2025-02-26T18:26:18.867Z</time>
      </trkpt>
      <trkpt lat="49.907047748565674" lon="4.626703262329102">
        <ele>396.51</ele>
        <time>2025-02-26T18:26:26.973Z</time>
      </trkpt>
      <trkpt lat="49.90691908635199" lon="4.626939296722412">
        <ele>396.47</ele>
        <time>2025-02-26T18:26:35.086Z</time>
      </trkpt>
      <trkpt lat="49.90683300420642" lon="4.626670405268669">
        <ele>396.47</ele>
        <time>2025-02-26T18:26:43.205Z</time>
      </trkpt>
      <trkpt lat="49.906747341156006" lon="4.626402854919434">
        <ele>396.46</ele>
        <time>2025-02-26T18:26:51.331Z</time>
      </trkpt>
      <trkpt lat="49.906661259010434" lon="4.625972528010607">
        <ele>396.54</ele>
        <time>2025-02-26T18:26:59.466Z</time>
      </trkpt>
      <trkpt lat="49.90657517686486" lon="4.625542284920812">
        <ele>396.6</ele>
        <time>2025-02-26T18:27:07.611Z</time>
      </trkpt>
      <trkpt lat="49.906489849090576" lon="4.625115394592285">
        <ele>396.54</ele>
        <time>2025-02-26T18:27:15.766Z</time>
      </trkpt>
      <trkpt lat="49.906436037272215" lon="4.62468858808279">
        <ele>396.39</ele>
        <time>2025-02-26T18:27:23.930Z</time>
      </trkpt>
      <trkpt lat="49.906382225453854" lon="4.624261865392327">
        <ele>396.37</ele>
        <time>2025-02-26T18:27:32.103Z</time>
      </trkpt>
      <trkpt lat="49.90632841363549" lon="4.623835142701864">
        <ele>396.37</ele>
        <time>2025-02-26T18:27:40.286Z</time>
      </trkpt>
      <trkpt lat="49.90627468563616" lon="4.623408420011401">
        <ele>396.32</ele>
        <time>2025-02-26T18:27:48.478Z</time>
      </trkpt>
      <trkpt lat="49.9062208738178" lon="4.622981697320938">
        <ele>396.34</ele>
        <time>2025-02-26T18:27:56.680Z</time>
      </trkpt>
      <trkpt lat="49.90616798400879" lon="4.622561931610107">
        <ele>396.33</ele>
        <time>2025-02-26T18:28:04.891Z</time>
      </trkpt>
      <trkpt lat="49.90609874948859" lon="4.622267559170723">
        <ele>396.31</ele>
        <time>2025-02-26T18:28:13.109Z</time>
      </trkpt>
      <trkpt lat="49.90609430707991" lon="4.622243754565716">
        <ele>396.26</ele>
        <time>2025-02-26T18:28:21.327Z</time>
      </trkpt>
      <trkpt lat="49.9060776270926" lon="4.6221530623734">
        <ele>396.21</ele>
        <time>2025-02-26T18:28:29.547Z</time>
      </trkpt>
      <trkpt lat="49.90606983192265" lon="4.621872687712312">
        <ele>396.14</ele>
        <time>2025-02-26T18:28:37.773Z</time>
      </trkpt>
      <trkpt lat="49.9060430098325" lon="4.621618548408151">
        <ele>396.05</ele>
        <time>2025-02-26T18:28:46.005Z</time>
      </trkpt>
      <trkpt lat="49.90605549886823" lon="4.6213161293417215">
        <ele>395.97</ele>
        <time>2025-02-26T18:28:54.243Z</time>
      </trkpt>
      <trkpt lat="49.906068071722984" lon="4.621015470474958">
        <ele>395.88</ele>
        <time>2025-02-26T18:29:02.488Z</time>
      </trkpt>
      <trkpt lat="49.90603060461581" lon="4.620849089697003">
        <ele>395.74</ele>
        <time>2025-02-26T18:29:10.737Z</time>
      </trkpt>
      <trkpt lat="49.906015768647194" lon="4.620822183787823">
        <ele>395.59</ele>
        <time>2025-02-26T18:29:18.986Z</time>
      </trkpt>
      <trkpt lat="49.90602180361748" lon="4.620862333104014">
        <ele>395.43</ele>
        <time>2025-02-26T18:29:27.236Z</time>
      </trkpt>
      <trkpt lat="49.90591577254236" lon="4.620529236271977">
        <ele>395.23</ele>
        <time>2025-02-26T18:29:35.494Z</time>
      </trkpt>
      <trkpt lat="49.905863385647535" lon="4.620463354513049">
        <ele>395.01</ele>
        <time>2025-02-26T18:29:43.754Z</time>
      </trkpt>
      <trkpt lat="49.90585743449628" lon="4.620478106662631">
        <ele>394.79</ele>
        <time>2025-02-26T18:29:52.015Z</time>
      </trkpt>
      <trkpt lat="49.905829187482595" lon="4.620411805808544">
        <ele>394.55</ele>
        <time>2025-02-26T18:30:00.277Z</time>
      </trkpt>
      <trkpt lat="49.905746122822165" lon="4.620313821360469">
        <ele>394.27</ele>
        <time>2025-02-26T18:30:08.543Z</time>
      </trkpt>
      <trkpt lat="49.90558477118611" lon="4.620222877711058">
        <ele>393.99</ele>
        <time>2025-02-26T18:30:16.815Z</time>
      </trkpt>
      <trkpt lat="49.905423671007156" lon="4.62013210169971">
        <ele>393.7</ele>
        <time>2025-02-26T18:30:25.092Z</time>
      </trkpt>
      <trkpt lat="49.905278915539384" lon="4.620015844702721">
        <ele>393.4</ele>
        <time>2025-02-26T18:30:33.375Z</time>
      </trkpt>
      <trkpt lat="49.90513441152871" lon="4.6198998391628265">
        <ele>393.08</ele>
        <time>2025-02-26T18:30:41.663Z</time>
      </trkpt>
      <trkpt lat="49.90501781925559" lon="4.619782073423266">
        <ele>392.75</ele>
        <time>2025-02-26T18:30:49.956Z</time>
      </trkpt>
      <trkpt lat="49.904801063239574" lon="4.6196554228663445">
        <ele>392.41</ele>
        <time>2025-02-26T18:30:58.257Z</time>
      </trkpt>
      <trkpt lat="49.90463962778449" lon="4.619520306587219">
        <ele>392.08</ele>
        <time>2025-02-26T18:31:06.564Z</time>
      </trkpt>
      <trkpt lat="49.904495710507035" lon="4.619399942457676">
        <ele>391.73</ele>
        <time>2025-02-26T18:31:14.876Z</time>
      </trkpt>
      <trkpt lat="49.90449529141188" lon="4.619399607181549">
        <ele>391.45</ele>
        <time>2025-02-26T18:31:23.188Z</time>
      </trkpt>
      <trkpt lat="49.90449512377381" lon="4.619399439543486">
        <ele>391.18</ele>
        <time>2025-02-26T18:31:31.500Z</time>
      </trkpt>
      <trkpt lat="49.90448162890971" lon="4.619388207793236">
        <ele>390.91</ele>
        <time>2025-02-26T18:31:39.813Z</time>
      </trkpt>
      <trkpt lat="49.9044784437865" lon="4.619385525584221">
        <ele>390.65</ele>
        <time>2025-02-26T18:31:48.126Z</time>
      </trkpt>
      <trkpt lat="49.90445489063859" lon="4.61933515034616">
        <ele>390.37</ele>
        <time>2025-02-26T18:31:56.440Z</time>
      </trkpt>
      <trkpt lat="49.90440845489502" lon="4.619193077087402">
        <ele>390.06</ele>
        <time>2025-02-26T18:32:04.758Z</time>
      </trkpt>
      <trkpt lat="49.90436553955078" lon="4.6190643310546875">
        <ele>389.77</ele>
        <time>2025-02-26T18:32:13.079Z</time>
      </trkpt>
      <trkpt lat="49.90418281406164" lon="4.619386699050665">
        <ele>389.59</ele>
        <time>2025-02-26T18:32:21.409Z</time>
      </trkpt>
      <trkpt lat="49.904000759124756" lon="4.619708061218262">
        <ele>389.4</ele>
        <time>2025-02-26T18:32:29.748Z</time>
      </trkpt>
      <trkpt lat="49.903882490471005" lon="4.61999824270606">
        <ele>389.15</ele>
        <time>2025-02-26T18:32:38.095Z</time>
      </trkpt>
      <trkpt lat="49.903764724731445" lon="4.6202874183654785">
        <ele>388.94</ele>
        <time>2025-02-26T18:32:46.449Z</time>
      </trkpt>
      <trkpt lat="49.903624998405576" lon="4.6204915177077055">
        <ele>388.67</ele>
        <time>2025-02-26T18:32:54.809Z</time>
      </trkpt>
      <trkpt lat="49.9034857749939" lon="4.620695114135742">
        <ele>388.42</ele>
        <time>2025-02-26T18:33:03.176Z</time>
      </trkpt>
      <trkpt lat="49.903220906853676" lon="4.620938440784812">
        <ele>388.08</ele>
        <time>2025-02-26T18:33:11.553Z</time>
      </trkpt>
      <trkpt lat="49.902956038713455" lon="4.621181767433882">
        <ele>387.72</ele>
        <time>2025-02-26T18:33:19.940Z</time>
      </trkpt>
      <trkpt lat="49.90269184112549" lon="4.621424674987793">
        <ele>387.39</ele>
        <time>2025-02-26T18:33:28.338Z</time>
      </trkpt>
      <trkpt lat="49.902412723749876" lon="4.621643610298634">
        <ele>387.12</ele>
        <time>2025-02-26T18:33:36.746Z</time>
      </trkpt>
      <trkpt lat="49.902133606374264" lon="4.621862629428506">
        <ele>386.79</ele>
        <time>2025-02-26T18:33:45.165Z</time>
      </trkpt>
      <trkpt lat="49.90185448899865" lon="4.622081648558378">
        <ele>386.43</ele>
        <time>2025-02-26T18:33:53.594Z</time>
      </trkpt>
      <trkpt lat="49.90157537162304" lon="4.6223006676882505">
        <ele>386.08</ele>
        <time>2025-02-26T18:34:02.033Z</time>
      </trkpt>
      <trkpt lat="49.901297092437744" lon="4.622519016265869">
        <ele>385.74</ele>
        <time>2025-02-26T18:34:10.483Z</time>
      </trkpt>
      <trkpt lat="49.9010609742254" lon="4.622653126716614">
        <ele>385.3</ele>
        <time>2025-02-26T18:34:18.941Z</time>
      </trkpt>
      <trkpt lat="49.90082485601306" lon="4.62278732098639">
        <ele>384.8</ele>
        <time>2025-02-26T18:34:27.408Z</time>
      </trkpt>
      <trkpt lat="49.90058873780072" lon="4.622921431437135">
        <ele>384.21</ele>
        <time>2025-02-26T18:34:35.883Z</time>
      </trkpt>
      <trkpt lat="49.9003529548645" lon="4.623055458068848">
        <ele>383.6</ele>
        <time>2025-02-26T18:34:44.366Z</time>
      </trkpt>
      <trkpt lat="49.90012756548822" lon="4.623001730069518">
        <ele>382.85</ele>
        <time>2025-02-26T18:34:52.857Z</time>
      </trkpt>
      <trkpt lat="49.89990234375" lon="4.622948169708252">
        <ele>382.09</ele>
        <time>2025-02-26T18:35:01.356Z</time>
      </trkpt>
      <trkpt lat="49.89959120750427" lon="4.622937357053161">
        <ele>381.28</ele>
        <time>2025-02-26T18:35:09.865Z</time>
      </trkpt>
      <trkpt lat="49.89928015507758" lon="4.622926712036133">
        <ele>380.4</ele>
        <time>2025-02-26T18:35:18.384Z</time>
      </trkpt>
      <trkpt lat="49.899145709350705" lon="4.622577270492911">
        <ele>379.4</ele>
        <time>2025-02-26T18:35:26.912Z</time>
      </trkpt>
      <trkpt lat="49.899011263623834" lon="4.62222782894969">
        <ele>378.34</ele>
        <time>2025-02-26T18:35:35.449Z</time>
      </trkpt>
      <trkpt lat="49.898876901715994" lon="4.6218784712255">
        <ele>377.2</ele>
        <time>2025-02-26T18:35:43.995Z</time>
      </trkpt>
      <trkpt lat="49.898743629455566" lon="4.621531963348389">
        <ele>376.01</ele>
        <time>2025-02-26T18:35:52.549Z</time>
      </trkpt>
      <trkpt lat="49.898797357454896" lon="4.621295258402824">
        <ele>374.8</ele>
        <time>2025-02-26T18:36:01.109Z</time>
      </trkpt>
      <trkpt lat="49.89885091781616" lon="4.621059894561768">
        <ele>373.53</ele>
        <time>2025-02-26T18:36:09.674Z</time>
      </trkpt>
      <trkpt lat="49.898986872285604" lon="4.620622610673308">
        <ele>372.15</ele>
        <time>2025-02-26T18:36:18.250Z</time>
      </trkpt>
      <trkpt lat="49.89912291057408" lon="4.620185326784849">
        <ele>370.75</ele>
        <time>2025-02-26T18:36:26.836Z</time>
      </trkpt>
      <trkpt lat="49.89925894886255" lon="4.619748126715422">
        <ele>369.24</ele>
        <time>2025-02-26T18:36:35.433Z</time>
      </trkpt>
      <trkpt lat="49.89936196245253" lon="4.619416370987892">
        <ele>367.7</ele>
        <time>2025-02-26T18:36:44.037Z</time>
      </trkpt>
      <trkpt lat="49.89936204627156" lon="4.61941628716886">
        <ele>366.16</ele>
        <time>2025-02-26T18:36:52.641Z</time>
      </trkpt>
      <trkpt lat="49.89936204627156" lon="4.619416622444987">
        <ele>364.56</ele>
        <time>2025-02-26T18:37:01.245Z</time>
      </trkpt>
      <trkpt lat="49.8993687517941" lon="4.619394913315773">
        <ele>362.92</ele>
        <time>2025-02-26T18:37:09.850Z</time>
      </trkpt>
      <trkpt lat="49.89939381368458" lon="4.619314866140485">
        <ele>361.22</ele>
        <time>2025-02-26T18:37:18.457Z</time>
      </trkpt>
      <trkpt lat="49.89951350726187" lon="4.618930052965879">
        <ele>359.39</ele>
        <time>2025-02-26T18:37:27.073Z</time>
      </trkpt>
      <trkpt lat="49.89963320083916" lon="4.618545239791274">
        <ele>357.55</ele>
        <time>2025-02-26T18:37:35.698Z</time>
      </trkpt>
      <trkpt lat="49.899752140045166" lon="4.618163108825684">
        <ele>355.65</ele>
        <time>2025-02-26T18:37:44.332Z</time>
      </trkpt>
      <trkpt lat="49.899859596043825" lon="4.617862030863762">
        <ele>353.75</ele>
        <time>2025-02-26T18:37:52.974Z</time>
      </trkpt>
      <trkpt lat="49.89996671676636" lon="4.617562294006348">
        <ele>351.86</ele>
        <time>2025-02-26T18:38:01.623Z</time>
      </trkpt>
      <trkpt lat="49.90015983581543" lon="4.6172404289245605">
        <ele>349.98</ele>
        <time>2025-02-26T18:38:10.282Z</time>
      </trkpt>
      <trkpt lat="49.90013837814331" lon="4.616875648498535">
        <ele>348.08</ele>
        <time>2025-02-26T18:38:18.949Z</time>
      </trkpt>
      <trkpt lat="49.90021364763379" lon="4.616477591916919">
        <ele>346.28</ele>
        <time>2025-02-26T18:38:27.625Z</time>
      </trkpt>
      <trkpt lat="49.900288581848145" lon="4.616081714630127">
        <ele>344.49</ele>
        <time>2025-02-26T18:38:36.309Z</time>
      </trkpt>
      <trkpt lat="49.90040324628353" lon="4.615730429068208">
        <ele>342.75</ele>
        <time>2025-02-26T18:38:45.002Z</time>
      </trkpt>
      <trkpt lat="49.90051791071892" lon="4.6153791435062885">
        <ele>341.1</ele>
        <time>2025-02-26T18:38:53.703Z</time>
      </trkpt>
      <trkpt lat="49.90063190460205" lon="4.615030288696289">
        <ele>339.49</ele>
        <time>2025-02-26T18:39:02.413Z</time>
      </trkpt>
      <trkpt lat="49.90043140947819" lon="4.614851335063577">
        <ele>337.87</ele>
        <time>2025-02-26T18:39:11.131Z</time>
      </trkpt>
      <trkpt lat="49.900230998173356" lon="4.614672381430864">
        <ele>336.33</ele>
        <time>2025-02-26T18:39:19.856Z</time>
      </trkpt>
      <trkpt lat="49.900031089782715" lon="4.6144938468933105">
        <ele>334.89</ele>
        <time>2025-02-26T18:39:28.589Z</time>
      </trkpt>
      <trkpt lat="49.89983771927655" lon="4.614279018715024">
        <ele>333.51</ele>
        <time>2025-02-26T18:39:37.330Z</time>
      </trkpt>
      <trkpt lat="49.89964485168457" lon="4.614064693450928">
        <ele>332.26</ele>
        <time>2025-02-26T18:39:46.079Z</time>
      </trkpt>
      <trkpt lat="49.899537563323975" lon="4.613699913024902">
        <ele>331.16</ele>
        <time>2025-02-26T18:39:54.836Z</time>
      </trkpt>
      <trkpt lat="49.899548292160034" lon="4.613430937752128">
        <ele>330.28</ele>
        <time>2025-02-26T18:40:03.599Z</time>
      </trkpt>
      <trkpt lat="49.899559020996094" lon="4.613163471221924">
        <ele>329.61</ele>
        <time>2025-02-26T18:40:12.368Z</time>
      </trkpt>
      <trkpt lat="49.899559104815125" lon="4.613163471221924">
        <ele>329.06</ele>
        <time>2025-02-26T18:40:21.137Z</time>
      </trkpt>
      <trkpt lat="49.899559020996094" lon="4.613077640533447">
        <ele>328.67</ele>
        <time>2025-02-26T18:40:29.908Z</time>
      </trkpt>
      <trkpt lat="49.899559104815125" lon="4.613077640533447">
        <ele>328.41</ele>
        <time>2025-02-26T18:40:38.679Z</time>
      </trkpt>
      <trkpt lat="49.899559020996094" lon="4.612991809844971">
        <ele>328.3</ele>
        <time>2025-02-26T18:40:47.452Z</time>
      </trkpt>
      <trkpt lat="49.899559104815125" lon="4.612991809844971">
        <ele>328.33</ele>
        <time>2025-02-26T18:40:56.225Z</time>
      </trkpt>
      <trkpt lat="49.89956128410995" lon="4.6129800751805305">
        <ele>328.51</ele>
        <time>2025-02-26T18:41:04.998Z</time>
      </trkpt>
      <trkpt lat="49.899561535567045" lon="4.61297906935215">
        <ele>328.82</ele>
        <time>2025-02-26T18:41:13.771Z</time>
      </trkpt>
      <trkpt lat="49.89956170320511" lon="4.612978482618928">
        <ele>329.27</ele>
        <time>2025-02-26T18:41:22.544Z</time>
      </trkpt>
      <trkpt lat="49.899565977975726" lon="4.61295660585165">
        <ele>329.85</ele>
        <time>2025-02-26T18:41:31.318Z</time>
      </trkpt>
      <trkpt lat="49.89958047866821" lon="4.612884521484375">
        <ele>330.55</ele>
        <time>2025-02-26T18:41:40.093Z</time>
      </trkpt>
      <trkpt lat="49.899580562487245" lon="4.612884521484375">
        <ele>331.37</ele>
        <time>2025-02-26T18:41:48.868Z</time>
      </trkpt>
      <trkpt lat="49.899594811722636" lon="4.612497193738818">
        <ele>332.29</ele>
        <time>2025-02-26T18:41:57.652Z</time>
      </trkpt>
      <trkpt lat="49.89960914477706" lon="4.612109865993261">
        <ele>333.29</ele>
        <time>2025-02-26T18:42:06.444Z</time>
      </trkpt>
      <trkpt lat="49.89962339401245" lon="4.611725807189941">
        <ele>334.38</ele>
        <time>2025-02-26T18:42:15.244Z</time>
      </trkpt>
      <trkpt lat="49.89975239150226" lon="4.611403271555901">
        <ele>335.64</ele>
        <time>2025-02-26T18:42:24.052Z</time>
      </trkpt>
      <trkpt lat="49.89988138899207" lon="4.61108073592186">
        <ele>337.0</ele>
        <time>2025-02-26T18:42:32.869Z</time>
      </trkpt>
      <trkpt lat="49.900009632110596" lon="4.61076021194458">
        <ele>338.46</ele>
        <time>2025-02-26T18:42:41.694Z</time>
      </trkpt>
      <trkpt lat="49.900138629600406" lon="4.610319240018725">
        <ele>339.92</ele>
        <time>2025-02-26T18:42:50.529Z</time>
      </trkpt>
      <trkpt lat="49.900267124176025" lon="4.609880447387695">
        <ele>341.36</ele>
        <time>2025-02-26T18:42:59.374Z</time>
      </trkpt>
      <trkpt lat="49.900310123339295" lon="4.609444672241807">
        <ele>342.78</ele>
        <time>2025-02-26T18:43:08.229Z</time>
      </trkpt>
      <trkpt lat="49.900353122502565" lon="4.60900898091495">
        <ele>344.05</ele>
        <time>2025-02-26T18:43:17.094Z</time>
      </trkpt>
      <trkpt lat="49.90039620548487" lon="4.608573289588094">
        <ele>345.37</ele>
        <time>2025-02-26T18:43:25.968Z</time>
      </trkpt>
      <trkpt lat="49.90043878555298" lon="4.608142375946045">
        <ele>346.58</ele>
        <time>2025-02-26T18:43:34.851Z</time>
      </trkpt>
      <trkpt lat="49.900525035336614" lon="4.607742475345731">
        <ele>347.75</ele>
        <time>2025-02-26T18:43:43.743Z</time>
      </trkpt>
      <trkpt lat="49.90061128512025" lon="4.607342574745417">
        <ele>348.79</ele>
        <time>2025-02-26T18:43:52.645Z</time>
      </trkpt>
      <trkpt lat="49.900697534903884" lon="4.6069426741451025">
        <ele>349.68</ele>
        <time>2025-02-26T18:44:01.556Z</time>
      </trkpt>
      <trkpt lat="49.90078286267817" lon="4.6065465454012156">
        <ele>350.47</ele>
        <time>2025-02-26T18:44:10.476Z</time>
      </trkpt>
      <trkpt lat="49.9007829464972" lon="4.606546461582184">
        <ele>351.11</ele>
        <time>2025-02-26T18:44:19.396Z</time>
      </trkpt>
      <trkpt lat="49.9007829464972" lon="4.606546796858311">
        <ele>351.65</ele>
        <time>2025-02-26T18:44:28.316Z</time>
      </trkpt>
      <trkpt lat="49.90078780800104" lon="4.606523998081684">
        <ele>352.09</ele>
        <time>2025-02-26T18:44:37.236Z</time>
      </trkpt>
      <trkpt lat="49.90084698423743" lon="4.606249490752816">
        <ele>352.46</ele>
        <time>2025-02-26T18:44:46.162Z</time>
      </trkpt>
      <trkpt lat="49.9009108543396" lon="4.605953693389893">
        <ele>352.68</ele>
        <time>2025-02-26T18:44:55.095Z</time>
      </trkpt>
      <trkpt lat="49.90104521624744" lon="4.605641886591911">
        <ele>352.82</ele>
        <time>2025-02-26T18:45:04.036Z</time>
      </trkpt>
      <trkpt lat="49.90117957815528" lon="4.605330163612962">
        <ele>352.82</ele>
        <time>2025-02-26T18:45:12.985Z</time>
      </trkpt>
      <trkpt lat="49.90131394006312" lon="4.605018440634012">
        <ele>352.65</ele>
        <time>2025-02-26T18:45:21.942Z</time>
      </trkpt>
      <trkpt lat="49.90144729614258" lon="4.604709148406982">
        <ele>352.36</ele>
        <time>2025-02-26T18:45:30.907Z</time>
      </trkpt>
      <trkpt lat="49.90156908519566" lon="4.6043291967362165">
        <ele>351.99</ele>
        <time>2025-02-26T18:45:39.882Z</time>
      </trkpt>
      <trkpt lat="49.901690958067775" lon="4.603949245065451">
        <ele>351.54</ele>
        <time>2025-02-26T18:45:48.866Z</time>
      </trkpt>
      <trkpt lat="49.9018120765686" lon="4.603571891784668">
        <ele>351.08</ele>
        <time>2025-02-26T18:45:57.859Z</time>
      </trkpt>
      <trkpt lat="49.90182280540466" lon="4.603152293711901">
        <ele>350.61</ele>
        <time>2025-02-26T18:46:06.861Z</time>
      </trkpt>
      <trkpt lat="49.90183353424072" lon="4.6027350425720215">
        <ele>350.23</ele>
        <time>2025-02-26T18:46:15.872Z</time>
      </trkpt>
      <trkpt lat="49.9018192011863" lon="4.602347714826465">
        <ele>349.92</ele>
        <time>2025-02-26T18:46:24.891Z</time>
      </trkpt>
      <trkpt lat="49.901804868131876" lon="4.601960387080908">
        <ele>349.6</ele>
        <time>2025-02-26T18:46:33.919Z</time>
      </trkpt>
      <trkpt lat="49.901790702715516" lon="4.601576328277588">
        <ele>349.3</ele>
        <time>2025-02-26T18:46:42.955Z</time>
      </trkpt>
      <trkpt lat="49.901991030201316" lon="4.601719407364726">
        <ele>349.33</ele>
        <time>2025-02-26T18:46:51.998Z</time>
      </trkpt>
      <trkpt lat="49.902191357687116" lon="4.601862570270896">
        <ele>349.38</ele>
        <time>2025-02-26T18:47:01.049Z</time>
      </trkpt>
      <trkpt lat="49.90239042788744" lon="4.602004727348685">
        <ele>349.46</ele>
        <time>2025-02-26T18:47:10.107Z</time>
      </trkpt>
      <trkpt lat="49.90239101462066" lon="4.602005146443844">
        <ele>349.5</ele>
        <time>2025-02-26T18:47:19.165Z</time>
      </trkpt>
      <trkpt lat="49.90239143371582" lon="4.602005481719971">
        <ele>349.59</ele>
        <time>2025-02-26T18:47:28.223Z</time>
      </trkpt>
      <trkpt lat="49.90239788778126" lon="4.601985113695264">
        <ele>349.74</ele>
        <time>2025-02-26T18:47:37.281Z</time>
      </trkpt>
      <trkpt lat="49.90240945480764" lon="4.601949322968721">
        <ele>349.94</ele>
        <time>2025-02-26T18:47:46.340Z</time>
      </trkpt>
      <trkpt lat="49.90244700573385" lon="4.601850416511297">
        <ele>350.19</ele>
        <time>2025-02-26T18:47:55.402Z</time>
      </trkpt>
      <trkpt lat="49.90254138596356" lon="4.601550428196788">
        <ele>350.54</ele>
        <time>2025-02-26T18:48:04.471Z</time>
      </trkpt>
      <trkpt lat="49.90258581005037" lon="4.601262174546719">
        <ele>350.91</ele>
        <time>2025-02-26T18:48:13.546Z</time>
      </trkpt>
      <trkpt lat="49.902719501405954" lon="4.6008905209600925">
        <ele>351.39</ele>
        <time>2025-02-26T18:48:22.630Z</time>
      </trkpt>
      <trkpt lat="49.90284246392548" lon="4.600603273138404">
        <ele>351.89</ele>
        <time>2025-02-26T18:48:31.722Z</time>
      </trkpt>
      <trkpt lat="49.902867525815964" lon="4.6004184521734715">
        <ele>352.35</ele>
        <time>2025-02-26T18:48:40.818Z</time>
      </trkpt>
      <trkpt lat="49.90290398709476" lon="4.6003106608986855">
        <ele>352.83</ele>
        <time>2025-02-26T18:48:49.917Z</time>
      </trkpt>
      <trkpt lat="49.902916392311454" lon="4.6001742873340845">
        <ele>353.26</ele>
        <time>2025-02-26T18:48:59.019Z</time>
      </trkpt>
      <trkpt lat="49.90294547751546" lon="4.600105471909046">
        <ele>353.71</ele>
        <time>2025-02-26T18:49:08.122Z</time>
      </trkpt>
      <trkpt lat="49.90296903066337" lon="4.599968679249287">
        <ele>354.12</ele>
        <time>2025-02-26T18:49:17.228Z</time>
      </trkpt>
      <trkpt lat="49.903046982362866" lon="4.599819565191865">
        <ele>354.55</ele>
        <time>2025-02-26T18:49:26.339Z</time>
      </trkpt>
      <trkpt lat="49.90311705507338" lon="4.59953835234046">
        <ele>354.97</ele>
        <time>2025-02-26T18:49:35.456Z</time>
      </trkpt>
      <trkpt lat="49.9032542668283" lon="4.59915479645133">
        <ele>355.34</ele>
        <time>2025-02-26T18:49:44.582Z</time>
      </trkpt>
      <trkpt lat="49.90334068425" lon="4.598842151463032">
        <ele>355.58</ele>
        <time>2025-02-26T18:49:53.716Z</time>
      </trkpt>
      <trkpt lat="49.9034268502146" lon="4.598531015217304">
        <ele>355.69</ele>
        <time>2025-02-26T18:50:02.857Z</time>
      </trkpt>
      <trkpt lat="49.903498347848654" lon="4.598414422944188">
        <ele>355.74</ele>
        <time>2025-02-26T18:50:12.002Z</time>
      </trkpt>
      <trkpt lat="49.9035634752363" lon="4.598113847896457">
        <ele>355.6</ele>
        <time>2025-02-26T18:50:21.153Z</time>
      </trkpt>
      <trkpt lat="49.90359163843095" lon="4.59790388122201">
        <ele>355.32</ele>
        <time>2025-02-26T18:50:30.309Z</time>
      </trkpt>
      <trkpt lat="49.90363514050841" lon="4.597778487950563">
        <ele>354.94</ele>
        <time>2025-02-26T18:50:39.468Z</time>
      </trkpt>
      <trkpt lat="49.90371510386467" lon="4.597594002261758">
        <ele>354.4</ele>
        <time>2025-02-26T18:50:48.632Z</time>
      </trkpt>
      <trkpt lat="49.903817446902394" lon="4.597427370026708">
        <ele>353.79</ele>
        <time>2025-02-26T18:50:57.801Z</time>
      </trkpt>
      <trkpt lat="49.90393160842359" lon="4.597339611500502">
        <ele>353.07</ele>
        <time>2025-02-26T18:51:06.974Z</time>
      </trkpt>
      <trkpt lat="49.90404292009771" lon="4.597310023382306">
        <ele>352.19</ele>
        <time>2025-02-26T18:51:16.151Z</time>
      </trkpt>
      <trkpt lat="49.90419446490705" lon="4.597142469137907">
        <ele>351.01</ele>
        <time>2025-02-26T18:51:25.334Z</time>
      </trkpt>
      <trkpt lat="49.90419052541256" lon="4.597104247659445">
        <ele>349.66</ele>
        <time>2025-02-26T18:51:34.518Z</time>
      </trkpt>
      <trkpt lat="49.90415942855179" lon="4.597054542973638">
        <ele>348.11</ele>
        <time>2025-02-26T18:51:43.703Z</time>
      </trkpt>
      <trkpt lat="49.90408005192876" lon="4.596991594880819">
        <ele>346.35</ele>
        <time>2025-02-26T18:51:52.891Z</time>
      </trkpt>
      <trkpt lat="49.9040294252336" lon="4.596924539655447">
        <ele>344.42</ele>
        <time>2025-02-26T18:52:02.082Z</time>
      </trkpt>
      <trkpt lat="49.90383379161358" lon="4.596764445304871">
        <ele>342.12</ele>
        <time>2025-02-26T18:52:11.280Z</time>
      </trkpt>
      <trkpt lat="49.903683084994555" lon="4.5966926123946905">
        <ele>339.76</ele>
        <time>2025-02-26T18:52:20.483Z</time>
      </trkpt>
      <trkpt lat="49.90348384715617" lon="4.596723457798362">
        <ele>337.32</ele>
        <time>2025-02-26T18:52:29.693Z</time>
      </trkpt>
      <trkpt lat="49.90341737866402" lon="4.596760254353285">
        <ele>334.78</ele>
        <time>2025-02-26T18:52:38.905Z</time>
      </trkpt>
      <trkpt lat="49.90331428125501" lon="4.596753716468811">
        <ele>332.05</ele>
        <time>2025-02-26T18:52:48.121Z</time>
      </trkpt>
      <trkpt lat="49.903146140277386" lon="4.596802499145269">
        <ele>329.19</ele>
        <time>2025-02-26T18:52:57.342Z</time>
      </trkpt>
      <trkpt lat="49.90299576893449" lon="4.596876176074147">
        <ele>326.24</ele>
        <time>2025-02-26T18:53:06.569Z</time>
      </trkpt>
      <trkpt lat="49.90284548141062" lon="4.596949936822057">
        <ele>323.21</ele>
        <time>2025-02-26T18:53:15.801Z</time>
      </trkpt>
      <trkpt lat="49.902550438418984" lon="4.597027972340584">
        <ele>320.01</ele>
        <time>2025-02-26T18:53:25.043Z</time>
      </trkpt>
      <trkpt lat="49.90238171070814" lon="4.5970905013382435">
        <ele>316.76</ele>
        <time>2025-02-26T18:53:34.291Z</time>
      </trkpt>
      <trkpt lat="49.90221315063536" lon="4.597153114154935">
        <ele>313.46</ele>
        <time>2025-02-26T18:53:43.544Z</time>
      </trkpt>
      <trkpt lat="49.902148358523846" lon="4.597083460539579">
        <ele>310.08</ele>
        <time>2025-02-26T18:53:52.800Z</time>
      </trkpt>
      <trkpt lat="49.90212027914822" lon="4.59696770645678">
        <ele>306.66</ele>
        <time>2025-02-26T18:54:02.059Z</time>
      </trkpt>
      <trkpt lat="49.90209152922034" lon="4.5966025069355965">
        <ele>303.07</ele>
        <time>2025-02-26T18:54:11.326Z</time>
      </trkpt>
      <trkpt lat="49.90204551257193" lon="4.596286844462156">
        <ele>299.55</ele>
        <time>2025-02-26T18:54:20.600Z</time>
      </trkpt>
      <trkpt lat="49.90201843902469" lon="4.595938324928284">
        <ele>296.03</ele>
        <time>2025-02-26T18:54:29.881Z</time>
      </trkpt>
      <trkpt lat="49.901991533115506" lon="4.595591817051172">
        <ele>292.54</ele>
        <time>2025-02-26T18:54:39.170Z</time>
      </trkpt>
      <trkpt lat="49.90192246623337" lon="4.595220498740673">
        <ele>289.1</ele>
        <time>2025-02-26T18:54:48.467Z</time>
      </trkpt>
      <trkpt lat="49.90191299468279" lon="4.594858819618821">
        <ele>285.82</ele>
        <time>2025-02-26T18:54:57.772Z</time>
      </trkpt>
      <trkpt lat="49.901875611394644" lon="4.5945951249450445">
        <ele>282.78</ele>
        <time>2025-02-26T18:55:07.083Z</time>
      </trkpt>
      <trkpt lat="49.90193101577461" lon="4.594469144940376">
        <ele>279.89</ele>
        <time>2025-02-26T18:55:16.397Z</time>
      </trkpt>
      <trkpt lat="49.90195540711284" lon="4.594333190470934">
        <ele>277.21</ele>
        <time>2025-02-26T18:55:25.714Z</time>
      </trkpt>
      <trkpt lat="49.90194526501" lon="4.59415758959949">
        <ele>274.68</ele>
        <time>2025-02-26T18:55:35.035Z</time>
      </trkpt>
      <trkpt lat="49.90197401493788" lon="4.5937245804816484">
        <ele>272.2</ele>
        <time>2025-02-26T18:55:44.365Z</time>
      </trkpt>
      <trkpt lat="49.9019471090287" lon="4.593415958806872">
        <ele>270.06</ele>
        <time>2025-02-26T18:55:53.702Z</time>
      </trkpt>
      <trkpt lat="49.90204115398228" lon="4.593217559158802">
        <ele>268.11</ele>
        <time>2025-02-26T18:56:03.044Z</time>
      </trkpt>
      <trkpt lat="49.902076022699475" lon="4.593069450929761">
        <ele>266.53</ele>
        <time>2025-02-26T18:56:12.390Z</time>
      </trkpt>
      <trkpt lat="49.90209136158228" lon="4.592680782079697">
        <ele>265.13</ele>
        <time>2025-02-26T18:56:21.744Z</time>
      </trkpt>
      <trkpt lat="49.90206588059664" lon="4.592577265575528">
        <ele>264.21</ele>
        <time>2025-02-26T18:56:31.100Z</time>
      </trkpt>
      <trkpt lat="49.90207275375724" lon="4.59244835190475">
        <ele>263.52</ele>
        <time>2025-02-26T18:56:40.459Z</time>
      </trkpt>
      <trkpt lat="49.902119692415" lon="4.5923845656216145">
        <ele>263.15</ele>
        <time>2025-02-26T18:56:49.820Z</time>
      </trkpt>
      <trkpt lat="49.902180628851056" lon="4.59247374907136">
        <ele>263.17</ele>
        <time>2025-02-26T18:56:59.184Z</time>
      </trkpt>
      <trkpt lat="49.90224441513419" lon="4.592640716582537">
        <ele>263.55</ele>
        <time>2025-02-26T18:57:08.552Z</time>
      </trkpt>
      <trkpt lat="49.902292946353555" lon="4.5928519405424595">
        <ele>264.26</ele>
        <time>2025-02-26T18:57:17.925Z</time>
      </trkpt>
      <trkpt lat="49.90236804820597" lon="4.592969538643956">
        <ele>265.21</ele>
        <time>2025-02-26T18:57:27.302Z</time>
      </trkpt>
      <trkpt lat="49.90241892635822" lon="4.5930922497063875">
        <ele>266.47</ele>
        <time>2025-02-26T18:57:36.682Z</time>
      </trkpt>
      <trkpt lat="49.90248966962099" lon="4.593170033767819">
        <ele>267.96</ele>
        <time>2025-02-26T18:57:46.065Z</time>
      </trkpt>
      <trkpt lat="49.90255613811314" lon="4.59332350641489">
        <ele>269.75</ele>
        <time>2025-02-26T18:57:55.452Z</time>
      </trkpt>
      <trkpt lat="49.90263023413718" lon="4.593451414257288">
        <ele>271.76</ele>
        <time>2025-02-26T18:58:04.842Z</time>
      </trkpt>
      <trkpt lat="49.90267155691981" lon="4.593494664877653">
        <ele>273.93</ele>
        <time>2025-02-26T18:58:14.234Z</time>
      </trkpt>
      <trkpt lat="49.902773229405284" lon="4.593690298497677">
        <ele>276.41</ele>
        <time>2025-02-26T18:58:23.631Z</time>
      </trkpt>
      <trkpt lat="49.90287465043366" lon="4.59388542920351">
        <ele>279.09</ele>
        <time>2025-02-26T18:58:33.034Z</time>
      </trkpt>
      <trkpt lat="49.903032314032316" lon="4.5940538216382265">
        <ele>281.85</ele>
        <time>2025-02-26T18:58:42.443Z</time>
      </trkpt>
      <trkpt lat="49.9031625688076" lon="4.594272756949067">
        <ele>284.74</ele>
        <time>2025-02-26T18:58:51.859Z</time>
      </trkpt>
      <trkpt lat="49.90323280915618" lon="4.594340147450566">
        <ele>287.59</ele>
        <time>2025-02-26T18:59:01.277Z</time>
      </trkpt>
      <trkpt lat="49.903389886021614" lon="4.594605518504977">
        <ele>290.64</ele>
        <time>2025-02-26T18:59:10.703Z</time>
      </trkpt>
      <trkpt lat="49.90343120880425" lon="4.594639632850885">
        <ele>293.53</ele>
        <time>2025-02-26T18:59:20.131Z</time>
      </trkpt>
      <trkpt lat="49.903477896004915" lon="4.594727559015155">
        <ele>296.45</ele>
        <time>2025-02-26T18:59:29.561Z</time>
      </trkpt>
      <trkpt lat="49.903583424165845" lon="4.5948289800435305">
        <ele>299.36</ele>
        <time>2025-02-26T18:59:38.995Z</time>
      </trkpt>
      <trkpt lat="49.903718624264" lon="4.595059650018811">
        <ele>302.33</ele>
        <time>2025-02-26T18:59:48.436Z</time>
      </trkpt>
      <trkpt lat="49.90383337251842" lon="4.5952062495052814">
        <ele>305.09</ele>
        <time>2025-02-26T18:59:57.882Z</time>
      </trkpt>
      <trkpt lat="49.90397980436683" lon="4.595356620848179">
        <ele>307.7</ele>
        <time>2025-02-26T19:00:07.334Z</time>
      </trkpt>
      <trkpt lat="49.90410796366632" lon="4.595547392964363">
        <ele>310.16</ele>
        <time>2025-02-26T19:00:16.792Z</time>
      </trkpt>
      <trkpt lat="49.90425691008568" lon="4.5956936571747065">
        <ele>312.33</ele>
        <time>2025-02-26T19:00:26.256Z</time>
      </trkpt>
      <trkpt lat="49.904284570366144" lon="4.5957687590271235">
        <ele>314.19</ele>
        <time>2025-02-26T19:00:35.722Z</time>
      </trkpt>
      <trkpt lat="49.90442547015846" lon="4.595958860591054">
        <ele>315.97</ele>
        <time>2025-02-26T19:00:45.194Z</time>
      </trkpt>
      <trkpt lat="49.90446553565562" lon="4.595993896946311">
        <ele>317.25</ele>
        <time>2025-02-26T19:00:54.667Z</time>
      </trkpt>
      <trkpt lat="49.904517671093345" lon="4.595965230837464">
        <ele>318.15</ele>
        <time>2025-02-26T19:01:04.142Z</time>
      </trkpt>
      <trkpt lat="49.90455815568566" lon="4.595987945795059">
        <ele>318.79</ele>
        <time>2025-02-26T19:01:13.619Z</time>
      </trkpt>
      <trkpt lat="49.904621271416545" lon="4.596037147566676">
        <ele>319.12</ele>
        <time>2025-02-26T19:01:23.098Z</time>
      </trkpt>
      <trkpt lat="49.90466443821788" lon="4.596105795353651">
        <ele>319.13</ele>
        <time>2025-02-26T19:01:32.579Z</time>
      </trkpt>
      <trkpt lat="49.90469226613641" lon="4.596122894436121">
        <ele>318.73</ele>
        <time>2025-02-26T19:01:42.061Z</time>
      </trkpt>
      <trkpt lat="49.904937939718366" lon="4.59616145119071">
        <ele>318.02</ele>
        <time>2025-02-26T19:01:51.551Z</time>
      </trkpt>
      <trkpt lat="49.90500558167696" lon="4.596196571364999">
        <ele>316.95</ele>
        <time>2025-02-26T19:02:01.044Z</time>
      </trkpt>
      <trkpt lat="49.904944226145744" lon="4.596117110922933">
        <ele>315.46</ele>
        <time>2025-02-26T19:02:10.539Z</time>
      </trkpt>
      <trkpt lat="49.90478681400418" lon="4.595842100679874">
        <ele>313.42</ele>
        <time>2025-02-26T19:02:20.042Z</time>
      </trkpt>
      <trkpt lat="49.904699390754104" lon="4.59551839157939">
        <ele>310.99</ele>
        <time>2025-02-26T19:02:29.553Z</time>
      </trkpt>
      <trkpt lat="49.90467784926295" lon="4.595322422683239">
        <ele>308.43</ele>
        <time>2025-02-26T19:02:39.068Z</time>
      </trkpt>
      <trkpt lat="49.90453342907131" lon="4.594923360273242">
        <ele>305.27</ele>
        <time>2025-02-26T19:02:48.593Z</time>
      </trkpt>
      <trkpt lat="49.904531920328736" lon="4.5947247091680765">
        <ele>302.23</ele>
        <time>2025-02-26T19:02:58.122Z</time>
      </trkpt>
      <trkpt lat="49.904482970014215" lon="4.594649942591786">
        <ele>299.12</ele>
        <time>2025-02-26T19:03:07.654Z</time>
      </trkpt>
      <trkpt lat="49.90445639938116" lon="4.59451231174171">
        <ele>295.78</ele>
        <time>2025-02-26T19:03:17.189Z</time>
      </trkpt>
      <trkpt lat="49.90445447154343" lon="4.594339812174439">
        <ele>292.27</ele>
        <time>2025-02-26T19:03:26.727Z</time>
      </trkpt>
      <trkpt lat="49.90447995252907" lon="4.594248617067933">
        <ele>288.75</ele>
        <time>2025-02-26T19:03:36.268Z</time>
      </trkpt>
      <trkpt lat="49.904429242014885" lon="4.593964386731386">
        <ele>284.94</ele>
        <time>2025-02-26T19:03:45.815Z</time>
      </trkpt>
      <trkpt lat="49.90441390313208" lon="4.593517296016216">
        <ele>280.87</ele>
        <time>2025-02-26T19:03:55.372Z</time>
      </trkpt>
      <trkpt lat="49.904505433514714" lon="4.593111025169492">
        <ele>276.87</ele>
        <time>2025-02-26T19:04:04.938Z</time>
      </trkpt>
      <trkpt lat="49.90458397194743" lon="4.592916648834944">
        <ele>273.13</ele>
        <time>2025-02-26T19:04:14.509Z</time>
      </trkpt>
      <trkpt lat="49.904638370499015" lon="4.592875745147467">
        <ele>269.52</ele>
        <time>2025-02-26T19:04:24.082Z</time>
      </trkpt>
      <trkpt lat="49.90469830110669" lon="4.592884462326765">
        <ele>265.97</ele>
        <time>2025-02-26T19:04:33.657Z</time>
      </trkpt>
      <trkpt lat="49.90491220727563" lon="4.592981273308396">
        <ele>262.49</ele>
        <time>2025-02-26T19:04:43.239Z</time>
      </trkpt>
      <trkpt lat="49.904959397390485" lon="4.59297557361424">
        <ele>259.04</ele>
        <time>2025-02-26T19:04:52.823Z</time>
      </trkpt>
      <trkpt lat="49.90499678067863" lon="4.592932239174843">
        <ele>255.67</ele>
        <time>2025-02-26T19:05:02.408Z</time>
      </trkpt>
      <trkpt lat="49.90504774264991" lon="4.5927247032523155">
        <ele>252.34</ele>
        <time>2025-02-26T19:05:11.998Z</time>
      </trkpt>
      <trkpt lat="49.90516575984657" lon="4.592415662482381">
        <ele>249.1</ele>
        <time>2025-02-26T19:05:21.596Z</time>
      </trkpt>
      <trkpt lat="49.9052834417671" lon="4.592107962816954">
        <ele>245.97</ele>
        <time>2025-02-26T19:05:31.202Z</time>
      </trkpt>
      <trkpt lat="49.905422665178776" lon="4.591706804931164">
        <ele>242.94</ele>
        <time>2025-02-26T19:05:40.817Z</time>
      </trkpt>
      <trkpt lat="49.90545124746859" lon="4.5915749575942755">
        <ele>240.27</ele>
        <time>2025-02-26T19:05:50.435Z</time>
      </trkpt>
      <trkpt lat="49.90551369264722" lon="4.591469597071409">
        <ele>237.76</ele>
        <time>2025-02-26T19:06:00.056Z</time>
      </trkpt>
      <trkpt lat="49.90556909702718" lon="4.591210428625345">
        <ele>235.33</ele>
        <time>2025-02-26T19:06:09.683Z</time>
      </trkpt>
      <trkpt lat="49.905587285757065" lon="4.591008257120848">
        <ele>233.1</ele>
        <time>2025-02-26T19:06:19.315Z</time>
      </trkpt>
      <trkpt lat="49.90557488054037" lon="4.590930137783289">
        <ele>231.1</ele>
        <time>2025-02-26T19:06:28.948Z</time>
      </trkpt>
      <trkpt lat="49.905536491423845" lon="4.59092334844172">
        <ele>229.3</ele>
        <time>2025-02-26T19:06:38.583Z</time>
      </trkpt>
      <trkpt lat="49.90536759607494" lon="4.591097440570593">
        <ele>227.74</ele>
        <time>2025-02-26T19:06:48.225Z</time>
      </trkpt>
      <trkpt lat="49.905194928869605" lon="4.591213865205646">
        <ele>226.29</ele>
        <time>2025-02-26T19:06:57.873Z</time>
      </trkpt>
      <trkpt lat="49.905028799548745" lon="4.5912889670580626">
        <ele>224.99</ele>
        <time>2025-02-26T19:07:07.527Z</time>
      </trkpt>
      <trkpt lat="49.90484439767897" lon="4.59131964482367">
        <ele>223.83</ele>
        <time>2025-02-26T19:07:17.187Z</time>
      </trkpt>
      <trkpt lat="49.90455656312406" lon="4.591336827725172">
        <ele>222.79</ele>
        <time>2025-02-26T19:07:26.856Z</time>
      </trkpt>
      <trkpt lat="49.904278200119734" lon="4.591423161327839">
        <ele>221.89</ele>
        <time>2025-02-26T19:07:36.535Z</time>
      </trkpt>
      <trkpt lat="49.90415062755346" lon="4.591445121914148">
        <ele>221.06</ele>
        <time>2025-02-26T19:07:46.218Z</time>
      </trkpt>
      <trkpt lat="49.90396580658853" lon="4.591431710869074">
        <ele>220.3</ele>
        <time>2025-02-26T19:07:55.907Z</time>
      </trkpt>
      <trkpt lat="49.903924986720085" lon="4.591401033103466">
        <ele>219.67</ele>
        <time>2025-02-26T19:08:05.598Z</time>
      </trkpt>
      <trkpt lat="49.90369347855449" lon="4.59135040640831">
        <ele>219.19</ele>
        <time>2025-02-26T19:08:15.297Z</time>
      </trkpt>
      <trkpt lat="49.90345258265734" lon="4.59122677333653">
        <ele>218.71</ele>
        <time>2025-02-26T19:08:25.004Z</time>
      </trkpt>
      <trkpt lat="49.90321193821728" lon="4.591103224083781">
        <ele>218.2</ele>
        <time>2025-02-26T19:08:34.720Z</time>
      </trkpt>
      <trkpt lat="49.90300138480961" lon="4.5909692812711">
        <ele>217.73</ele>
        <time>2025-02-26T19:08:44.443Z</time>
      </trkpt>
      <trkpt lat="49.90279108285904" lon="4.590835506096482">
        <ele>217.33</ele>
        <time>2025-02-26T19:08:54.174Z</time>
      </trkpt>
      <trkpt lat="49.90255907177925" lon="4.590647583827376">
        <ele>216.97</ele>
        <time>2025-02-26T19:09:03.913Z</time>
      </trkpt>
      <trkpt lat="49.90232739597559" lon="4.590459913015366">
        <ele>216.65</ele>
        <time>2025-02-26T19:09:13.661Z</time>
      </trkpt>
      <trkpt lat="49.90206294693053" lon="4.590275008231401">
        <ele>216.46</ele>
        <time>2025-02-26T19:09:23.419Z</time>
      </trkpt>
      <trkpt lat="49.90183403715491" lon="4.590158332139254">
        <ele>216.19</ele>
        <time>2025-02-26T19:09:33.185Z</time>
      </trkpt>
      <trkpt lat="49.90160529501736" lon="4.590041823685169">
        <ele>215.99</ele>
        <time>2025-02-26T19:09:42.959Z</time>
      </trkpt>
      <trkpt lat="49.90144394338131" lon="4.589887764304876">
        <ele>215.76</ele>
        <time>2025-02-26T19:09:52.739Z</time>
      </trkpt>
      <trkpt lat="49.901222325861454" lon="4.58963681012392">
        <ele>215.61</ele>
        <time>2025-02-26T19:10:02.528Z</time>
      </trkpt>
      <trkpt lat="49.901100201532245" lon="4.589464394375682">
        <ele>215.35</ele>
        <time>2025-02-26T19:10:12.323Z</time>
      </trkpt>
      <trkpt lat="49.90092409774661" lon="4.589096261188388">
        <ele>215.0</ele>
        <time>2025-02-26T19:10:22.128Z</time>
      </trkpt>
      <trkpt lat="49.90074866451323" lon="4.588729552924633">
        <ele>214.52</ele>
        <time>2025-02-26T19:10:31.943Z</time>
      </trkpt>
      <trkpt lat="49.90060751326382" lon="4.588381368666887">
        <ele>214.04</ele>
        <time>2025-02-26T19:10:41.767Z</time>
      </trkpt>
      <trkpt lat="49.90052009001374" lon="4.588115410879254">
        <ele>213.55</ele>
        <time>2025-02-26T19:10:51.597Z</time>
      </trkpt>
      <trkpt lat="49.900433169677854" lon="4.587850794196129">
        <ele>213.05</ele>
        <time>2025-02-26T19:11:01.433Z</time>
      </trkpt>
      <trkpt lat="49.90035488270223" lon="4.587544100359082">
        <ele>212.48</ele>
        <time>2025-02-26T19:11:11.276Z</time>
      </trkpt>
      <trkpt lat="49.9002770986408" lon="4.587238999083638">
        <ele>211.85</ele>
        <time>2025-02-26T19:11:21.127Z</time>
      </trkpt>
      <trkpt lat="49.90024097263813" lon="4.58693272434175">
        <ele>211.25</ele>
        <time>2025-02-26T19:11:30.984Z</time>
      </trkpt>
      <trkpt lat="49.90026092156768" lon="4.586754608899355">
        <ele>210.67</ele>
        <time>2025-02-26T19:11:40.845Z</time>
      </trkpt>
      <trkpt lat="49.90035714581609" lon="4.586623515933752">
        <ele>210.06</ele>
        <time>2025-02-26T19:11:50.710Z</time>
      </trkpt>
      <trkpt lat="49.900384387001395" lon="4.58655109629035">
        <ele>209.54</ele>
        <time>2025-02-26T19:12:00.577Z</time>
      </trkpt>
      <trkpt lat="49.90040425211191" lon="4.586545145139098">
        <ele>209.07</ele>
        <time>2025-02-26T19:12:10.445Z</time>
      </trkpt>
      <trkpt lat="49.90042478777468" lon="4.5865629985928535">
        <ele>208.65</ele>
        <time>2025-02-26T19:12:20.314Z</time>
      </trkpt>
      <trkpt lat="49.90061664953828" lon="4.586465181782842">
        <ele>208.16</ele>
        <time>2025-02-26T19:12:30.189Z</time>
      </trkpt>
      <trkpt lat="49.900699546560645" lon="4.586377590894699">
        <ele>207.79</ele>
        <time>2025-02-26T19:12:40.068Z</time>
      </trkpt>
      <trkpt lat="49.90073148161173" lon="4.58629896864295">
        <ele>207.49</ele>
        <time>2025-02-26T19:12:49.949Z</time>
      </trkpt>
      <trkpt lat="49.900798201560974" lon="4.586220933124423">
        <ele>207.24</ele>
        <time>2025-02-26T19:12:59.833Z</time>
      </trkpt>
      <trkpt lat="49.900959050282836" lon="4.586213305592537">
        <ele>207.08</ele>
        <time>2025-02-26T19:13:09.722Z</time>
      </trkpt>
      <trkpt lat="49.90117723122239" lon="4.58626477047801">
        <ele>207.04</ele>
        <time>2025-02-26T19:13:19.618Z</time>
      </trkpt>
      <trkpt lat="49.901332799345255" lon="4.586250018328428">
        <ele>207.07</ele>
        <time>2025-02-26T19:13:29.520Z</time>
      </trkpt>
      <trkpt lat="49.90156221203506" lon="4.586158404126763">
        <ele>207.18</ele>
        <time>2025-02-26T19:13:39.429Z</time>
      </trkpt>
      <trkpt lat="49.90174787119031" lon="4.586196206510067">
        <ele>207.32</ele>
        <time>2025-02-26T19:13:49.345Z</time>
      </trkpt>
      <trkpt lat="49.901913749054074" lon="4.586273655295372">
        <ele>207.5</ele>
        <time>2025-02-26T19:13:59.266Z</time>
      </trkpt>
      <trkpt lat="49.90208155475557" lon="4.586381195113063">
        <ele>207.78</ele>
        <time>2025-02-26T19:14:09.194Z</time>
      </trkpt>
      <trkpt lat="49.90223913453519" lon="4.586558220908046">
        <ele>208.22</ele>
        <time>2025-02-26T19:14:19.128Z</time>
      </trkpt>
      <trkpt lat="49.90239696577191" lon="4.586702138185501">
        <ele>208.77</ele>
        <time>2025-02-26T19:14:29.068Z</time>
      </trkpt>
      <trkpt lat="49.90246217697859" lon="4.586788974702358">
        <ele>209.39</ele>
        <time>2025-02-26T19:14:39.011Z</time>
      </trkpt>
      <trkpt lat="49.90267792716622" lon="4.586993241682649">
        <ele>210.16</ele>
        <time>2025-02-26T19:14:48.962Z</time>
      </trkpt>
      <trkpt lat="49.90284623578191" lon="4.5873204711824656">
        <ele>210.98</ele>
        <time>2025-02-26T19:14:58.922Z</time>
      </trkpt>
      <trkpt lat="49.90289367735386" lon="4.587448965758085">
        <ele>211.83</ele>
        <time>2025-02-26T19:15:08.886Z</time>
      </trkpt>
      <trkpt lat="49.90302217192948" lon="4.587605791166425">
        <ele>212.84</ele>
        <time>2025-02-26T19:15:18.855Z</time>
      </trkpt>
      <trkpt lat="49.90318553522229" lon="4.587712911888957">
        <ele>213.96</ele>
        <time>2025-02-26T19:15:28.830Z</time>
      </trkpt>
      <trkpt lat="49.90338711999357" lon="4.587732860818505">
        <ele>215.2</ele>
        <time>2025-02-26T19:15:38.812Z</time>
      </trkpt>
      <trkpt lat="49.90340882912278" lon="4.587718695402145">
        <ele>216.45</ele>
        <time>2025-02-26T19:15:48.795Z</time>
      </trkpt>
      <trkpt lat="49.90341620519757" lon="4.5876294281333685">
        <ele>217.83</ele>
        <time>2025-02-26T19:15:58.779Z</time>
      </trkpt>
      <trkpt lat="49.90355718880892" lon="4.587577125057578">
        <ele>219.34</ele>
        <time>2025-02-26T19:16:08.768Z</time>
      </trkpt>
      <trkpt lat="49.90370839834213" lon="4.587617106735706">
        <ele>220.9</ele>
        <time>2025-02-26T19:16:18.762Z</time>
      </trkpt>
      <trkpt lat="49.903917694464326" lon="4.58771207369864">
        <ele>222.6</ele>
        <time>2025-02-26T19:16:28.764Z</time>
      </trkpt>
      <trkpt lat="49.90404635667801" lon="4.587735626846552">
        <ele>224.37</ele>
        <time>2025-02-26T19:16:38.770Z</time>
      </trkpt>
      <trkpt lat="49.90421265363693" lon="4.587681395933032">
        <ele>226.29</ele>
        <time>2025-02-26T19:16:48.782Z</time>
      </trkpt>
      <trkpt lat="49.90436696447432" lon="4.587672846391797">
        <ele>228.21</ele>
        <time>2025-02-26T19:16:58.799Z</time>
      </trkpt>
      <trkpt lat="49.90445924922824" lon="4.587620124220848">
        <ele>230.18</ele>
        <time>2025-02-26T19:17:08.819Z</time>
      </trkpt>
      <trkpt lat="49.90449453704059" lon="4.587448630481958">
        <ele>232.25</ele>
        <time>2025-02-26T19:17:18.843Z</time>
      </trkpt>
      <trkpt lat="49.904548935592175" lon="4.587383335456252">
        <ele>234.33</ele>
        <time>2025-02-26T19:17:28.869Z</time>
      </trkpt>
      <trkpt lat="49.90463526919484" lon="4.587321225553751">
        <ele>236.44</ele>
        <time>2025-02-26T19:17:38.898Z</time>
      </trkpt>
      <trkpt lat="49.90468514151871" lon="4.587252996861935">
        <ele>238.68</ele>
        <time>2025-02-26T19:17:48.930Z</time>
      </trkpt>
      <trkpt lat="49.904677430167794" lon="4.587268168106675">
        <ele>240.87</ele>
        <time>2025-02-26T19:17:58.962Z</time>
      </trkpt>
      <trkpt lat="49.90458765998483" lon="4.5872539188712835">
        <ele>243.13</ele>
        <time>2025-02-26T19:18:08.997Z</time>
      </trkpt>
      <trkpt lat="49.9045320879668" lon="4.587136320769787">
        <ele>245.56</ele>
        <time>2025-02-26T19:18:19.035Z</time>
      </trkpt>
      <trkpt lat="49.90452965721488" lon="4.5870554354041815">
        <ele>248.04</ele>
        <time>2025-02-26T19:18:29.075Z</time>
      </trkpt>
      <trkpt lat="49.904508870095015" lon="4.58698745816946">
        <ele>250.55</ele>
        <time>2025-02-26T19:18:39.117Z</time>
      </trkpt>
      <trkpt lat="49.90451901219785" lon="4.586792998015881">
        <ele>253.27</ele>
        <time>2025-02-26T19:18:49.163Z</time>
      </trkpt>
      <trkpt lat="49.90450082346797" lon="4.586717393249273">
        <ele>255.88</ele>
        <time>2025-02-26T19:18:59.211Z</time>
      </trkpt>
      <trkpt lat="49.90453954786062" lon="4.5864522736519575">
        <ele>258.73</ele>
        <time>2025-02-26T19:19:09.264Z</time>
      </trkpt>
      <trkpt lat="49.90453267470002" lon="4.5863326638937">
        <ele>261.45</ele>
        <time>2025-02-26T19:19:19.320Z</time>
      </trkpt>
      <trkpt lat="49.904508450999856" lon="4.586268290877342">
        <ele>264.14</ele>
        <time>2025-02-26T19:19:29.378Z</time>
      </trkpt>
      <trkpt lat="49.90453057922423" lon="4.586126133799553">
        <ele>266.95</ele>
        <time>2025-02-26T19:19:39.439Z</time>
      </trkpt>
      <trkpt lat="49.90449344739318" lon="4.58594567142427">
        <ele>269.79</ele>
        <time>2025-02-26T19:19:49.504Z</time>
      </trkpt>
      <trkpt lat="49.90451155230403" lon="4.585763029754162">
        <ele>272.67</ele>
        <time>2025-02-26T19:19:59.573Z</time>
      </trkpt>
      <trkpt lat="49.904483053833246" lon="4.5853605307638645">
        <ele>275.59</ele>
        <time>2025-02-26T19:20:09.651Z</time>
      </trkpt>
      <trkpt lat="49.90448707714677" lon="4.585224827751517">
        <ele>278.39</ele>
        <time>2025-02-26T19:20:19.732Z</time>
      </trkpt>
      <trkpt lat="49.90444642491639" lon="4.585023997351527">
        <ele>281.22</ele>
        <time>2025-02-26T19:20:29.817Z</time>
      </trkpt>
      <trkpt lat="49.90446075797081" lon="4.584718309342861">
        <ele>284.08</ele>
        <time>2025-02-26T19:20:39.909Z</time>
      </trkpt>
      <trkpt lat="49.904475174844265" lon="4.584414381533861">
        <ele>286.95</ele>
        <time>2025-02-26T19:20:50.007Z</time>
      </trkpt>
      <trkpt lat="49.904459081590176" lon="4.584150854498148">
        <ele>289.81</ele>
        <time>2025-02-26T19:21:00.111Z</time>
      </trkpt>
      <trkpt lat="49.90444323979318" lon="4.583888836205006">
        <ele>292.69</ele>
        <time>2025-02-26T19:21:10.221Z</time>
      </trkpt>
      <trkpt lat="49.90436386317015" lon="4.583469070494175">
        <ele>295.62</ele>
        <time>2025-02-26T19:21:20.340Z</time>
      </trkpt>
      <trkpt lat="49.90439319983125" lon="4.583177212625742">
        <ele>298.38</ele>
        <time>2025-02-26T19:21:30.465Z</time>
      </trkpt>
      <trkpt lat="49.904342237859964" lon="4.582718890160322">
        <ele>301.18</ele>
        <time>2025-02-26T19:21:40.600Z</time>
      </trkpt>
      <trkpt lat="49.90433377213776" lon="4.582510013133287">
        <ele>303.87</ele>
        <time>2025-02-26T19:21:50.740Z</time>
      </trkpt>
      <trkpt lat="49.90434776991606" lon="4.582412112504244">
        <ele>306.47</ele>
        <time>2025-02-26T19:22:00.882Z</time>
      </trkpt>
      <trkpt lat="49.90438263863325" lon="4.582361234351993">
        <ele>308.99</ele>
        <time>2025-02-26T19:22:11.026Z</time>
      </trkpt>
      <trkpt lat="49.90437660366297" lon="4.582138527184725">
        <ele>311.59</ele>
        <time>2025-02-26T19:22:21.174Z</time>
      </trkpt>
      <trkpt lat="49.90433947183192" lon="4.581806100904942">
        <ele>314.19</ele>
        <time>2025-02-26T19:22:31.330Z</time>
      </trkpt>
      <trkpt lat="49.904302675276995" lon="4.581475602462888">
        <ele>316.71</ele>
        <time>2025-02-26T19:22:41.493Z</time>
      </trkpt>
      <trkpt lat="49.90424584597349" lon="4.581165891140699">
        <ele>319.13</ele>
        <time>2025-02-26T19:22:51.663Z</time>
      </trkpt>
      <trkpt lat="49.904245510697365" lon="4.580909991636872">
        <ele>321.51</ele>
        <time>2025-02-26T19:23:01.838Z</time>
      </trkpt>
      <trkpt lat="49.90426294505596" lon="4.580735983327031">
        <ele>323.78</ele>
        <time>2025-02-26T19:23:12.017Z</time>
      </trkpt>
      <trkpt lat="49.90423402749002" lon="4.580387799069285">
        <ele>326.04</ele>
        <time>2025-02-26T19:23:22.204Z</time>
      </trkpt>
      <trkpt lat="49.90420527756214" lon="4.580041542649269">
        <ele>328.2</ele>
        <time>2025-02-26T19:23:32.398Z</time>
      </trkpt>
      <trkpt lat="49.904216257855296" lon="4.5798511896282434">
        <ele>330.2</ele>
        <time>2025-02-26T19:23:42.596Z</time>
      </trkpt>
      <trkpt lat="49.90420318208635" lon="4.579605348408222">
        <ele>332.14</ele>
        <time>2025-02-26T19:23:52.800Z</time>
      </trkpt>
      <trkpt lat="49.90416772663593" lon="4.579357076436281">
        <ele>333.96</ele>
        <time>2025-02-26T19:24:03.009Z</time>
      </trkpt>
      <trkpt lat="49.90419488400221" lon="4.579230174422264">
        <ele>335.66</ele>
        <time>2025-02-26T19:24:13.221Z</time>
      </trkpt>
      <trkpt lat="49.90418407134712" lon="4.578978382050991">
        <ele>337.29</ele>
        <time>2025-02-26T19:24:23.439Z</time>
      </trkpt>
      <trkpt lat="49.904154650866985" lon="4.5789264142513275">
        <ele>338.74</ele>
        <time>2025-02-26T19:24:33.658Z</time>
      </trkpt>
      <trkpt lat="49.90412254817784" lon="4.578788196668029">
        <ele>340.08</ele>
        <time>2025-02-26T19:24:43.880Z</time>
      </trkpt>
      <trkpt lat="49.90412472747266" lon="4.578714100643992">
        <ele>341.29</ele>
        <time>2025-02-26T19:24:54.104Z</time>
      </trkpt>
      <trkpt lat="49.90410402417183" lon="4.578632041811943">
        <ele>342.39</ele>
        <time>2025-02-26T19:25:04.330Z</time>
      </trkpt>
      <trkpt lat="49.904115507379174" lon="4.578316044062376">
        <ele>343.45</ele>
        <time>2025-02-26T19:25:14.563Z</time>
      </trkpt>
      <trkpt lat="49.9041401501745" lon="4.5782010443508625">
        <ele>344.32</ele>
        <time>2025-02-26T19:25:24.798Z</time>
      </trkpt>
      <trkpt lat="49.904123386368155" lon="4.578087385743856">
        <ele>345.07</ele>
        <time>2025-02-26T19:25:35.036Z</time>
      </trkpt>
      <trkpt lat="49.90407636389136" lon="4.577993508428335">
        <ele>345.69</ele>
        <time>2025-02-26T19:25:45.276Z</time>
      </trkpt>
      <trkpt lat="49.90406270138919" lon="4.577888818457723">
        <ele>346.19</ele>
        <time>2025-02-26T19:25:55.519Z</time>
      </trkpt>
      <trkpt lat="49.9040796328336" lon="4.577416079118848">
        <ele>346.82</ele>
        <time>2025-02-26T19:26:05.772Z</time>
      </trkpt>
      <trkpt lat="49.90408801473677" lon="4.57734483294189">
        <ele>347.02</ele>
        <time>2025-02-26T19:26:16.026Z</time>
      </trkpt>
      <trkpt lat="49.90411869250238" lon="4.577289093285799">
        <ele>347.06</ele>
        <time>2025-02-26T19:26:26.282Z</time>
      </trkpt>
      <trkpt lat="49.9041538964957" lon="4.577288422733545">
        <ele>346.92</ele>
        <time>2025-02-26T19:26:36.539Z</time>
      </trkpt>
      <trkpt lat="49.90430351346731" lon="4.577406607568264">
        <ele>346.55</ele>
        <time>2025-02-26T19:26:46.802Z</time>
      </trkpt>
      <trkpt lat="49.9043975584209" lon="4.577447762712836">
        <ele>346.11</ele>
        <time>2025-02-26T19:26:57.068Z</time>
      </trkpt>
      <trkpt lat="49.90464742295444" lon="4.577662004157901">
        <ele>345.39</ele>
        <time>2025-02-26T19:27:07.343Z</time>
      </trkpt>
      <trkpt lat="49.90482025779784" lon="4.577787397429347">
        <ele>344.61</ele>
        <time>2025-02-26T19:27:17.625Z</time>
      </trkpt>
      <trkpt lat="49.90491681732237" lon="4.577834419906139">
        <ele>343.79</ele>
        <time>2025-02-26T19:27:27.910Z</time>
      </trkpt>
      <trkpt lat="49.90508579649031" lon="4.577895104885101">
        <ele>342.82</ele>
        <time>2025-02-26T19:27:38.201Z</time>
      </trkpt>
      <trkpt lat="49.90525477565825" lon="4.577955873683095">
        <ele>341.81</ele>
        <time>2025-02-26T19:27:48.498Z</time>
      </trkpt>
      <trkpt lat="49.905539425089955" lon="4.57800205796957">
        <ele>340.72</ele>
        <time>2025-02-26T19:27:58.804Z</time>
      </trkpt>
      <trkpt lat="49.90561083890498" lon="4.578047404065728">
        <ele>339.57</ele>
        <time>2025-02-26T19:28:09.113Z</time>
      </trkpt>
      <trkpt lat="49.905787697061896" lon="4.5780994556844234">
        <ele>338.29</ele>
        <time>2025-02-26T19:28:19.428Z</time>
      </trkpt>
      <trkpt lat="49.90583119913936" lon="4.578103395178914">
        <ele>337.02</ele>
        <time>2025-02-26T19:28:29.744Z</time>
      </trkpt>
      <trkpt lat="49.90595734678209" lon="4.578048409894109">
        <ele>335.7</ele>
        <time>2025-02-26T19:28:40.065Z</time>
      </trkpt>
      <trkpt lat="49.90606404840946" lon="4.577926956117153">
        <ele>334.35</ele>
        <time>2025-02-26T19:28:50.390Z</time>
      </trkpt>
      <trkpt lat="49.90626932121813" lon="4.577743224799633">
        <ele>332.98</ele>
        <time>2025-02-26T19:29:00.723Z</time>
      </trkpt>
      <trkpt lat="49.90639412775636" lon="4.577598972246051">
        <ele>331.59</ele>
        <time>2025-02-26T19:29:11.061Z</time>
      </trkpt>
      <trkpt lat="49.90653846412897" lon="4.577507860958576">
        <ele>330.1</ele>
        <time>2025-02-26T19:29:21.404Z</time>
      </trkpt>
      <trkpt lat="49.90682973526418" lon="4.577398896217346">
        <ele>328.52</ele>
        <time>2025-02-26T19:29:31.757Z</time>
      </trkpt>
      <trkpt lat="49.90699142217636" lon="4.577429909259081">
        <ele>326.9</ele>
        <time>2025-02-26T19:29:42.116Z</time>
      </trkpt>
      <trkpt lat="49.9071292206645" lon="4.577419934794307">
        <ele>325.3</ele>
        <time>2025-02-26T19:29:52.479Z</time>
      </trkpt>
      <trkpt lat="49.907295601442456" lon="4.577468130737543">
        <ele>323.61</ele>
        <time>2025-02-26T19:30:02.848Z</time>
      </trkpt>
      <trkpt lat="49.90745108574629" lon="4.577598888427019">
        <ele>321.87</ele>
        <time>2025-02-26T19:30:13.223Z</time>
      </trkpt>
      <trkpt lat="49.90753456950188" lon="4.577646581456065">
        <ele>320.25</ele>
        <time>2025-02-26T19:30:23.601Z</time>
      </trkpt>
      <trkpt lat="49.90770522505045" lon="4.5776959508657455">
        <ele>318.62</ele>
        <time>2025-02-26T19:30:33.985Z</time>
      </trkpt>
      <trkpt lat="49.907868253067136" lon="4.577830983325839">
        <ele>316.98</ele>
        <time>2025-02-26T19:30:44.375Z</time>
      </trkpt>
      <trkpt lat="49.90798266604543" lon="4.578023599460721">
        <ele>315.35</ele>
        <time>2025-02-26T19:30:54.771Z</time>
      </trkpt>
      <trkpt lat="49.9080187920481" lon="4.578059054911137">
        <ele>313.82</ele>
        <time>2025-02-26T19:31:05.168Z</time>
      </trkpt>
      <trkpt lat="49.9081757850945" lon="4.578145891427994">
        <ele>312.27</ele>
        <time>2025-02-26T19:31:15.571Z</time>
      </trkpt>
      <trkpt lat="49.90829757414758" lon="4.578126864507794">
        <ele>310.8</ele>
        <time>2025-02-26T19:31:25.978Z</time>
      </trkpt>
      <trkpt lat="49.90848616696894" lon="4.578065425157547">
        <ele>309.41</ele>
        <time>2025-02-26T19:31:36.391Z</time>
      </trkpt>
      <trkpt lat="49.90867484360933" lon="4.578004069626331">
        <ele>307.93</ele>
        <time>2025-02-26T19:31:46.811Z</time>
      </trkpt>
      <trkpt lat="49.90875338204205" lon="4.578009182587266">
        <ele>306.43</ele>
        <time>2025-02-26T19:31:57.233Z</time>
      </trkpt>
      <trkpt lat="49.90892931818962" lon="4.578040447086096">
        <ele>304.82</ele>
        <time>2025-02-26T19:32:07.661Z</time>
      </trkpt>
      <trkpt lat="49.909045742824674" lon="4.578087469562888">
        <ele>303.27</ele>
        <time>2025-02-26T19:32:18.093Z</time>
      </trkpt>
      <trkpt lat="49.90924238227308" lon="4.578130049631">
        <ele>301.82</ele>
        <time>2025-02-26T19:32:28.532Z</time>
      </trkpt>
      <trkpt lat="49.909314131364226" lon="4.5780956000089645">
        <ele>300.4</ele>
        <time>2025-02-26T19:32:38.973Z</time>
      </trkpt>
      <trkpt lat="49.909438183531165" lon="4.578083278611302">
        <ele>298.92</ele>
        <time>2025-02-26T19:32:49.418Z</time>
      </trkpt>
      <trkpt lat="49.90964965894818" lon="4.578155782073736">
        <ele>297.27</ele>
        <time>2025-02-26T19:32:59.871Z</time>
      </trkpt>
      <trkpt lat="49.9098611343652" lon="4.578228369355202">
        <ele>295.54</ele>
        <time>2025-02-26T19:33:10.331Z</time>
      </trkpt>
      <trkpt lat="49.90998954512179" lon="4.578238092362881">
        <ele>294.0</ele>
        <time>2025-02-26T19:33:20.795Z</time>
      </trkpt>
      <trkpt lat="49.910135390236974" lon="4.578290227800608">
        <ele>292.4</ele>
        <time>2025-02-26T19:33:31.264Z</time>
      </trkpt>
      <trkpt lat="49.91016883403063" lon="4.578289557248354">
        <ele>290.86</ele>
        <time>2025-02-26T19:33:41.734Z</time>
      </trkpt>
      <trkpt lat="49.91026723757386" lon="4.578243792057037">
        <ele>289.33</ele>
        <time>2025-02-26T19:33:52.208Z</time>
      </trkpt>
      <trkpt lat="49.91037662141025" lon="4.578266255557537">
        <ele>287.74</ele>
        <time>2025-02-26T19:34:02.685Z</time>
      </trkpt>
      <trkpt lat="49.91048466414213" lon="4.578326102346182">
        <ele>286.06</ele>
        <time>2025-02-26T19:34:13.166Z</time>
      </trkpt>
      <trkpt lat="49.91067501716316" lon="4.578485609963536">
        <ele>284.25</ele>
        <time>2025-02-26T19:34:23.654Z</time>
      </trkpt>
      <trkpt lat="49.91075858473778" lon="4.578579152002931">
        <ele>282.54</ele>
        <time>2025-02-26T19:34:34.146Z</time>
      </trkpt>
      <trkpt lat="49.910883055999875" lon="4.578658360987902">
        <ele>280.85</ele>
        <time>2025-02-26T19:34:44.642Z</time>
      </trkpt>
      <trkpt lat="49.91109629161656" lon="4.578854413703084">
        <ele>279.07</ele>
        <time>2025-02-26T19:34:55.147Z</time>
      </trkpt>
      <trkpt lat="49.91130935959518" lon="4.579050298780203">
        <ele>277.25</ele>
        <time>2025-02-26T19:35:05.660Z</time>
      </trkpt>
      <trkpt lat="49.9113427195698" lon="4.579037809744477">
        <ele>275.55</ele>
        <time>2025-02-26T19:35:16.174Z</time>
      </trkpt>
      <trkpt lat="49.91138161160052" lon="4.579048287123442">
        <ele>273.81</ele>
        <time>2025-02-26T19:35:26.689Z</time>
      </trkpt>
      <trkpt lat="49.91143835708499" lon="4.5790970697999">
        <ele>272.02</ele>
        <time>2025-02-26T19:35:37.206Z</time>
      </trkpt>
      <trkpt lat="49.91174614056945" lon="4.579152222722769">
        <ele>270.21</ele>
        <time>2025-02-26T19:35:47.734Z</time>
      </trkpt>
      <trkpt lat="49.911849070340395" lon="4.579198574647307">
        <ele>268.4</ele>
        <time>2025-02-26T19:35:58.265Z</time>
      </trkpt>
      <trkpt lat="49.911915455013514" lon="4.579248698428273">
        <ele>266.59</ele>
        <time>2025-02-26T19:36:08.799Z</time>
      </trkpt>
      <trkpt lat="49.912039590999484" lon="4.579381803050637">
        <ele>264.72</ele>
        <time>2025-02-26T19:36:19.338Z</time>
      </trkpt>
      <trkpt lat="49.912225753068924" lon="4.5796414744108915">
        <ele>262.77</ele>
        <time>2025-02-26T19:36:29.885Z</time>
      </trkpt>
      <trkpt lat="49.912357265129685" lon="4.579777764156461">
        <ele>260.93</ele>
        <time>2025-02-26T19:36:40.438Z</time>
      </trkpt>
      <trkpt lat="49.91248492151499" lon="4.579964764416218">
        <ele>259.09</ele>
        <time>2025-02-26T19:36:50.996Z</time>
      </trkpt>
      <trkpt lat="49.91267016157508" lon="4.580107508227229">
        <ele>257.37</ele>
        <time>2025-02-26T19:37:01.561Z</time>
      </trkpt>
      <trkpt lat="49.912819024175406" lon="4.580397438257933">
        <ele>255.62</ele>
        <time>2025-02-26T19:37:12.134Z</time>
      </trkpt>
      <trkpt lat="49.912846432998776" lon="4.580550156533718">
        <ele>253.93</ele>
        <time>2025-02-26T19:37:22.711Z</time>
      </trkpt>
      <trkpt lat="49.912971407175064" lon="4.5809022802859545">
        <ele>252.2</ele>
        <time>2025-02-26T19:37:33.296Z</time>
      </trkpt>
      <trkpt lat="49.91306595504284" lon="4.581109480932355">
        <ele>250.63</ele>
        <time>2025-02-26T19:37:43.887Z</time>
      </trkpt>
      <trkpt lat="49.91317072883248" lon="4.581485325470567">
        <ele>249.06</ele>
        <time>2025-02-26T19:37:54.487Z</time>
      </trkpt>
      <trkpt lat="49.913275167346" lon="4.581859493628144">
        <ele>247.68</ele>
        <time>2025-02-26T19:38:05.095Z</time>
      </trkpt>
      <trkpt lat="49.913364266976714" lon="4.58208697848022">
        <ele>246.45</ele>
        <time>2025-02-26T19:38:15.709Z</time>
      </trkpt>
      <trkpt lat="49.9134530313313" lon="4.582313625141978">
        <ele>245.31</ele>
        <time>2025-02-26T19:38:26.329Z</time>
      </trkpt>
      <trkpt lat="49.91344900801778" lon="4.582399455830455">
        <ele>244.27</ele>
        <time>2025-02-26T19:38:36.951Z</time>
      </trkpt>
      <trkpt lat="49.9134720582515" lon="4.582520239055157">
        <ele>243.36</ele>
        <time>2025-02-26T19:38:47.575Z</time>
      </trkpt>
      <trkpt lat="49.91350927390158" lon="4.582563489675522">
        <ele>242.64</ele>
        <time>2025-02-26T19:38:58.201Z</time>
      </trkpt>
      <trkpt lat="49.91353693418205" lon="4.582693576812744">
        <ele>242.01</ele>
        <time>2025-02-26T19:39:08.830Z</time>
      </trkpt>
      <trkpt lat="49.913603318855166" lon="4.582762727513909">
        <ele>241.58</ele>
        <time>2025-02-26T19:39:19.462Z</time>
      </trkpt>
      <trkpt lat="49.91360935382545" lon="4.582754597067833">
        <ele>241.26</ele>
        <time>2025-02-26T19:39:30.094Z</time>
      </trkpt>
      <trkpt lat="49.91359183564782" lon="4.5827423594892025">
        <ele>241.07</ele>
        <time>2025-02-26T19:39:40.727Z</time>
      </trkpt>
      <trkpt lat="49.91358194500208" lon="4.582678908482194">
        <ele>241.05</ele>
        <time>2025-02-26T19:39:51.361Z</time>
      </trkpt>
      <trkpt lat="49.913542633876204" lon="4.5826425310224295">
        <ele>241.15</ele>
        <time>2025-02-26T19:40:01.996Z</time>
      </trkpt>
      <trkpt lat="49.913519248366356" lon="4.582573715597391">
        <ele>241.43</ele>
        <time>2025-02-26T19:40:12.633Z</time>
      </trkpt>
      <trkpt lat="49.9135064240545" lon="4.582324102520943">
        <ele>241.96</ele>
        <time>2025-02-26T19:40:23.276Z</time>
      </trkpt>
      <trkpt lat="49.91345847956836" lon="4.582228465005755">
        <ele>242.55</ele>
        <time>2025-02-26T19:40:33.921Z</time>
      </trkpt>
      <trkpt lat="49.9134770873934" lon="4.582163253799081">
        <ele>243.34</ele>
        <time>2025-02-26T19:40:44.568Z</time>
      </trkpt>
      <trkpt lat="49.91346216760576" lon="4.5819630939513445">
        <ele>244.31</ele>
        <time>2025-02-26T19:40:55.219Z</time>
      </trkpt>
      <trkpt lat="49.91349175572395" lon="4.581867624074221">
        <ele>245.4</ele>
        <time>2025-02-26T19:41:05.872Z</time>
      </trkpt>
      <trkpt lat="49.91344506852329" lon="4.581716163083911">
        <ele>246.61</ele>
        <time>2025-02-26T19:41:16.529Z</time>
      </trkpt>
      <trkpt lat="49.91343014873564" lon="4.5815893448889256">
        <ele>247.98</ele>
        <time>2025-02-26T19:41:27.189Z</time>
      </trkpt>
      <trkpt lat="49.91347314789891" lon="4.581465292721987">
        <ele>249.54</ele>
        <time>2025-02-26T19:41:37.852Z</time>
      </trkpt>
      <trkpt lat="49.91343157365918" lon="4.581396728754044">
        <ele>251.16</ele>
        <time>2025-02-26T19:41:48.517Z</time>
      </trkpt>
      <trkpt lat="49.913401398807764" lon="4.581200676038861">
        <ele>252.97</ele>
        <time>2025-02-26T19:41:59.186Z</time>
      </trkpt>
      <trkpt lat="49.91341472603381" lon="4.580977549776435">
        <ele>255.0</ele>
        <time>2025-02-26T19:42:09.860Z</time>
      </trkpt>
      <trkpt lat="49.91337927058339" lon="4.580872105434537">
        <ele>257.08</ele>
        <time>2025-02-26T19:42:20.536Z</time>
      </trkpt>
      <trkpt lat="49.91340936161578" lon="4.580664150416851">
        <ele>259.42</ele>
        <time>2025-02-26T19:42:31.217Z</time>
      </trkpt>
      <trkpt lat="49.91336954757571" lon="4.580478658899665">
        <ele>261.81</ele>
        <time>2025-02-26T19:42:41.902Z</time>
      </trkpt>
      <trkpt lat="49.91338178515434" lon="4.580458626151085">
        <ele>264.2</ele>
        <time>2025-02-26T19:42:52.588Z</time>
      </trkpt>
      <trkpt lat="49.91334834136069" lon="4.580398527905345">
        <ele>266.71</ele>
        <time>2025-02-26T19:43:03.276Z</time>
      </trkpt>
      <trkpt lat="49.91337038576603" lon="4.580199373885989">
        <ele>269.44</ele>
        <time>2025-02-26T19:43:13.968Z</time>
      </trkpt>
      <trkpt lat="49.91333090700209" lon="4.580118404701352">
        <ele>272.17</ele>
        <time>2025-02-26T19:43:24.662Z</time>
      </trkpt>
      <trkpt lat="49.91332453675568" lon="4.580127373337746">
        <ele>274.9</ele>
        <time>2025-02-26T19:43:35.356Z</time>
      </trkpt>
      <trkpt lat="49.913359405472875" lon="4.57994774915278">
        <ele>277.9</ele>
        <time>2025-02-26T19:43:46.054Z</time>
      </trkpt>
      <trkpt lat="49.91333685815334" lon="4.5798043347895145">
        <ele>280.91</ele>
        <time>2025-02-26T19:43:56.756Z</time>
      </trkpt>
      <trkpt lat="49.91329813376069" lon="4.579744320362806">
        <ele>283.88</ele>
        <time>2025-02-26T19:44:07.459Z</time>
      </trkpt>
      <trkpt lat="49.91331472992897" lon="4.579691514372826">
        <ele>286.9</ele>
        <time>2025-02-26T19:44:18.164Z</time>
      </trkpt>
      <trkpt lat="49.913318334147334" lon="4.579425472766161">
        <ele>290.14</ele>
        <time>2025-02-26T19:44:28.874Z</time>
      </trkpt>
      <trkpt lat="49.91329436190426" lon="4.579204274341464">
        <ele>293.37</ele>
        <time>2025-02-26T19:44:39.589Z</time>
      </trkpt>
      <trkpt lat="49.913369631394744" lon="4.579031523317099">
        <ele>296.62</ele>
        <time>2025-02-26T19:44:50.309Z</time>
      </trkpt>
      <trkpt lat="49.91333903744817" lon="4.578908728435636">
        <ele>299.74</ele>
        <time>2025-02-26T19:45:01.032Z</time>
      </trkpt>
      <trkpt lat="49.91332738660276" lon="4.578704796731472">
        <ele>302.93</ele>
        <time>2025-02-26T19:45:11.759Z</time>
      </trkpt>
      <trkpt lat="49.913356471806765" lon="4.578665737062693">
        <ele>305.95</ele>
        <time>2025-02-26T19:45:22.487Z</time>
      </trkpt>
      <trkpt lat="49.91336929611862" lon="4.578549982979894">
        <ele>309.0</ele>
        <time>2025-02-26T19:45:33.218Z</time>
      </trkpt>
      <trkpt lat="49.91333702579141" lon="4.578462727367878">
        <ele>311.94</ele>
        <time>2025-02-26T19:45:43.951Z</time>
      </trkpt>
      <trkpt lat="49.91335144266486" lon="4.578362060710788">
        <ele>314.84</ele>
        <time>2025-02-26T19:45:54.686Z</time>
      </trkpt>
      <trkpt lat="49.913300815969706" lon="4.578154105693102">
        <ele>317.79</ele>
        <time>2025-02-26T19:46:05.426Z</time>
      </trkpt>
      <trkpt lat="49.91327382624149" lon="4.577901558950543">
        <ele>320.73</ele>
        <time>2025-02-26T19:46:16.172Z</time>
      </trkpt>
      <trkpt lat="49.91330601274967" lon="4.577796198427677">
        <ele>323.42</ele>
        <time>2025-02-26T19:46:26.920Z</time>
      </trkpt>
      <trkpt lat="49.91329905577004" lon="4.577602576464415">
        <ele>326.14</ele>
        <time>2025-02-26T19:46:37.672Z</time>
      </trkpt>
      <trkpt lat="49.913250524550676" lon="4.577529402449727">
        <ele>328.61</ele>
        <time>2025-02-26T19:46:48.427Z</time>
      </trkpt>
      <trkpt lat="49.913279274478555" lon="4.577425131574273">
        <ele>331.0</ele>
        <time>2025-02-26T19:46:59.184Z</time>
      </trkpt>
      <trkpt lat="49.91327432915568" lon="4.577391101047397">
        <ele>333.18</ele>
        <time>2025-02-26T19:47:09.942Z</time>
      </trkpt>
      <trkpt lat="49.91328815929592" lon="4.577387077733874">
        <ele>335.21</ele>
        <time>2025-02-26T19:47:20.700Z</time>
      </trkpt>
      <trkpt lat="49.913292014971375" lon="4.5772727485746145">
        <ele>337.23</ele>
        <time>2025-02-26T19:47:31.461Z</time>
      </trkpt>
      <trkpt lat="49.913258822634816" lon="4.577085915952921">
        <ele>339.16</ele>
        <time>2025-02-26T19:47:42.226Z</time>
      </trkpt>
      <trkpt lat="49.91322571411729" lon="4.5770233031362295">
        <ele>340.84</ele>
        <time>2025-02-26T19:47:52.993Z</time>
      </trkpt>
      <trkpt lat="49.913261253386736" lon="4.576730942353606">
        <ele>342.51</ele>
        <time>2025-02-26T19:48:03.766Z</time>
      </trkpt>
      <trkpt lat="49.91319268941879" lon="4.5764493104070425">
        <ele>344.04</ele>
        <time>2025-02-26T19:48:14.545Z</time>
      </trkpt>
      <trkpt lat="49.91322973743081" lon="4.576374879106879">
        <ele>345.29</ele>
        <time>2025-02-26T19:48:25.326Z</time>
      </trkpt>
      <trkpt lat="49.91322328336537" lon="4.5762737933546305">
        <ele>346.44</ele>
        <time>2025-02-26T19:48:36.110Z</time>
      </trkpt>
      <trkpt lat="49.91317458450794" lon="4.576077573001385">
        <ele>347.52</ele>
        <time>2025-02-26T19:48:46.898Z</time>
      </trkpt>
      <trkpt lat="49.91319143213332" lon="4.5760461408644915">
        <ele>348.37</ele>
        <time>2025-02-26T19:48:57.687Z</time>
      </trkpt>
      <trkpt lat="49.913092693313956" lon="4.576124846935272">
        <ele>349.06</ele>
        <time>2025-02-26T19:49:08.480Z</time>
      </trkpt>
      <trkpt lat="49.91294969804585" lon="4.5761494897305965">
        <ele>349.66</ele>
        <time>2025-02-26T19:49:19.278Z</time>
      </trkpt>
      <trkpt lat="49.91265792399645" lon="4.576320648193359">
        <ele>350.1</ele>
        <time>2025-02-26T19:49:30.086Z</time>
      </trkpt>
      <trkpt lat="49.912366485223174" lon="4.5764917228370905">
        <ele>350.45</ele>
        <time>2025-02-26T19:49:40.904Z</time>
      </trkpt>
      <trkpt lat="49.91222273558378" lon="4.576478730887175">
        <ele>350.84</ele>
        <time>2025-02-26T19:49:51.727Z</time>
      </trkpt>
      <trkpt lat="49.9120837636292" lon="4.576513431966305">
        <ele>351.14</ele>
        <time>2025-02-26T19:50:02.555Z</time>
      </trkpt>
      <trkpt lat="49.911951161921024" lon="4.57646238617599">
        <ele>351.45</ele>
        <time>2025-02-26T19:50:13.387Z</time>
      </trkpt>
      <trkpt lat="49.911794336512685" lon="4.57649071700871">
        <ele>351.63</ele>
        <time>2025-02-26T19:50:24.225Z</time>
      </trkpt>
      <trkpt lat="49.91164907813072" lon="4.576481664553285">
        <ele>351.87</ele>
        <time>2025-02-26T19:50:35.068Z</time>
      </trkpt>
      <trkpt lat="49.91153625771403" lon="4.57650002092123">
        <ele>352.07</ele>
        <time>2025-02-26T19:50:45.914Z</time>
      </trkpt>
      <trkpt lat="49.911456713452935" lon="4.576553078368306">
        <ele>352.22</ele>
        <time>2025-02-26T19:50:56.763Z</time>
      </trkpt>
      <trkpt lat="49.911259319633245" lon="4.576570009812713">
        <ele>352.39</ele>
        <time>2025-02-26T19:51:07.619Z</time>
      </trkpt>
      <trkpt lat="49.91122336126864" lon="4.576607057824731">
        <ele>352.63</ele>
        <time>2025-02-26T19:51:18.476Z</time>
      </trkpt>
      <trkpt lat="49.91105563938618" lon="4.576604794710875">
        <ele>352.94</ele>
        <time>2025-02-26T19:51:29.339Z</time>
      </trkpt>
      <trkpt lat="49.911071229726076" lon="4.576298352330923">
        <ele>353.64</ele>
        <time>2025-02-26T19:51:40.209Z</time>
      </trkpt>
      <trkpt lat="49.910993529483676" lon="4.576103473082185">
        <ele>354.22</ele>
        <time>2025-02-26T19:51:51.083Z</time>
      </trkpt>
      <trkpt lat="49.91102202795446" lon="4.576070196926594">
        <ele>354.68</ele>
        <time>2025-02-26T19:52:01.959Z</time>
      </trkpt>
      <trkpt lat="49.91102068684995" lon="4.5760302152484655">
        <ele>355.18</ele>
        <time>2025-02-26T19:52:12.836Z</time>
      </trkpt>
      <trkpt lat="49.911037953570485" lon="4.576002219691873">
        <ele>355.7</ele>
        <time>2025-02-26T19:52:23.713Z</time>
      </trkpt>
      <trkpt lat="49.91102647036314" lon="4.575876155868173">
        <ele>356.32</ele>
        <time>2025-02-26T19:52:34.593Z</time>
      </trkpt>
      <trkpt lat="49.911047760397196" lon="4.575836760923266">
        <ele>356.91</ele>
        <time>2025-02-26T19:52:45.474Z</time>
      </trkpt>
      <trkpt lat="49.91100107319653" lon="4.575690245255828">
        <ele>357.58</ele>
        <time>2025-02-26T19:52:56.359Z</time>
      </trkpt>
      <trkpt lat="49.91103024221957" lon="4.5755708031356335">
        <ele>358.27</ele>
        <time>2025-02-26T19:53:07.246Z</time>
      </trkpt>
      <trkpt lat="49.911001324653625" lon="4.575319765135646">
        <ele>359.01</ele>
        <time>2025-02-26T19:53:18.139Z</time>
      </trkpt>
      <trkpt lat="49.91097257472575" lon="4.575070235878229">
        <ele>359.76</ele>
        <time>2025-02-26T19:53:29.037Z</time>
      </trkpt>
      <trkpt lat="49.91097617894411" lon="4.5750186033546925">
        <ele>360.42</ele>
        <time>2025-02-26T19:53:39.937Z</time>
      </trkpt>
      <trkpt lat="49.91101414896548" lon="4.574954649433494">
        <ele>361.08</ele>
        <time>2025-02-26T19:53:50.838Z</time>
      </trkpt>
      <trkpt lat="49.911051196977496" lon="4.574532452970743">
        <ele>361.87</ele>
        <time>2025-02-26T19:54:01.749Z</time>
      </trkpt>
      <trkpt lat="49.91103434935212" lon="4.574401862919331">
        <ele>362.54</ele>
        <time>2025-02-26T19:54:12.662Z</time>
      </trkpt>
      <trkpt lat="49.91097022779286" lon="4.574166918173432">
        <ele>363.22</ele>
        <time>2025-02-26T19:54:23.581Z</time>
      </trkpt>
      <trkpt lat="49.91104021668434" lon="4.574010344222188">
        <ele>363.85</ele>
        <time>2025-02-26T19:54:34.504Z</time>
      </trkpt>
      <trkpt lat="49.911050610244274" lon="4.573875060304999">
        <ele>364.41</ele>
        <time>2025-02-26T19:54:45.430Z</time>
      </trkpt>
      <trkpt lat="49.91104348562658" lon="4.573750840499997">
        <ele>364.91</ele>
        <time>2025-02-26T19:54:56.359Z</time>
      </trkpt>
      <trkpt lat="49.910991517826915" lon="4.573599798604846">
        <ele>365.36</ele>
        <time>2025-02-26T19:55:07.291Z</time>
      </trkpt>
      <trkpt lat="49.91099872626364" lon="4.573552776128054">
        <ele>365.78</ele>
        <time>2025-02-26T19:55:18.224Z</time>
      </trkpt>
      <trkpt lat="49.91100492887199" lon="4.573592422530055">
        <ele>366.14</ele>
        <time>2025-02-26T19:55:29.158Z</time>
      </trkpt>
      <trkpt lat="49.9109645280987" lon="4.573574066162109">
        <ele>366.46</ele>
        <time>2025-02-26T19:55:40.094Z</time>
      </trkpt>
      <trkpt lat="49.9108646158129" lon="4.573613712564111">
        <ele>366.72</ele>
        <time>2025-02-26T19:55:51.033Z</time>
      </trkpt>
      <trkpt lat="49.91068943403661" lon="4.573553949594498">
        <ele>366.96</ele>
        <time>2025-02-26T19:56:01.978Z</time>
      </trkpt>
      <trkpt lat="49.91060242988169" lon="4.573589572682977">
        <ele>367.17</ele>
        <time>2025-02-26T19:56:12.926Z</time>
      </trkpt>
      <trkpt lat="49.910537637770176" lon="4.57356677390635">
        <ele>367.36</ele>
        <time>2025-02-26T19:56:23.876Z</time>
      </trkpt>
      <trkpt lat="49.91038726642728" lon="4.573582950979471">
        <ele>367.5</ele>
        <time>2025-02-26T19:56:34.831Z</time>
      </trkpt>
      <trkpt lat="49.91016204468906" lon="4.573716223239899">
        <ele>367.66</ele>
        <time>2025-02-26T19:56:45.794Z</time>
      </trkpt>
      <trkpt lat="49.90992793813348" lon="4.57370943389833">
        <ele>367.72</ele>
        <time>2025-02-26T19:56:56.765Z</time>
      </trkpt>
      <trkpt lat="49.909823667258024" lon="4.573786463588476">
        <ele>367.79</ele>
        <time>2025-02-26T19:57:07.740Z</time>
      </trkpt>
      <trkpt lat="49.909679582342505" lon="4.573769615963101">
        <ele>367.89</ele>
        <time>2025-02-26T19:57:18.720Z</time>
      </trkpt>
      <trkpt lat="49.90952183492482" lon="4.573796940967441">
        <ele>367.97</ele>
        <time>2025-02-26T19:57:29.705Z</time>
      </trkpt>
      <trkpt lat="49.90939183160663" lon="4.573791325092316">
        <ele>368.09</ele>
        <time>2025-02-26T19:57:40.695Z</time>
      </trkpt>
      <trkpt lat="49.90916778333485" lon="4.573864918202162">
        <ele>368.18</ele>
        <time>2025-02-26T19:57:51.692Z</time>
      </trkpt>
      <trkpt lat="49.90893040783703" lon="4.5738529320806265">
        <ele>368.26</ele>
        <time>2025-02-26T19:58:02.697Z</time>
      </trkpt>
      <trkpt lat="49.90873879753053" lon="4.5738959312438965">
        <ele>368.39</ele>
        <time>2025-02-26T19:58:13.709Z</time>
      </trkpt>
      <trkpt lat="49.90864391438663" lon="4.57385360263288">
        <ele>368.58</ele>
        <time>2025-02-26T19:58:24.724Z</time>
      </trkpt>
      <trkpt lat="49.90856219083071" lon="4.573593595996499">
        <ele>368.84</ele>
        <time>2025-02-26T19:58:35.745Z</time>
      </trkpt>
      <trkpt lat="49.90852505899966" lon="4.573394358158112">
        <ele>369.14</ele>
        <time>2025-02-26T19:58:46.771Z</time>
      </trkpt>
      <trkpt lat="49.90851491689682" lon="4.573288494721055">
        <ele>369.43</ele>
        <time>2025-02-26T19:58:57.799Z</time>
      </trkpt>
      <trkpt lat="49.90852816030383" lon="4.573241891339421">
        <ele>369.75</ele>
        <time>2025-02-26T19:59:08.828Z</time>
      </trkpt>
      <trkpt lat="49.90849446505308" lon="4.573104763403535">
        <ele>370.1</ele>
        <time>2025-02-26T19:59:19.860Z</time>
      </trkpt>
      <trkpt lat="49.9085106421262" lon="4.572880882769823">
        <ele>370.53</ele>
        <time>2025-02-26T19:59:30.897Z</time>
      </trkpt>
      <trkpt lat="49.90846797823906" lon="4.572819024324417">
        <ele>370.92</ele>
        <time>2025-02-26T19:59:41.936Z</time>
      </trkpt>
      <trkpt lat="49.90841634571552" lon="4.572601765394211">
        <ele>371.36</ele>
        <time>2025-02-26T19:59:52.980Z</time>
      </trkpt>
      <trkpt lat="49.90841927938163" lon="4.57236279733479">
        <ele>371.81</ele>
        <time>2025-02-26T20:00:04.029Z</time>
      </trkpt>
      <trkpt lat="49.90839958190918" lon="4.572219969704747">
        <ele>372.26</ele>
        <time>2025-02-26T20:00:15.081Z</time>
      </trkpt>
      <trkpt lat="49.90843855775893" lon="4.57188586704433">
        <ele>372.76</ele>
        <time>2025-02-26T20:00:26.141Z</time>
      </trkpt>
      <trkpt lat="49.90842875093222" lon="4.571785032749176">
        <ele>373.21</ele>
        <time>2025-02-26T20:00:37.203Z</time>
      </trkpt>
      <trkpt lat="49.90844543091953" lon="4.571563163772225">
        <ele>373.68</ele>
        <time>2025-02-26T20:00:48.270Z</time>
      </trkpt>
      <trkpt lat="49.908413998782635" lon="4.57141388207674">
        <ele>374.14</ele>
        <time>2025-02-26T20:00:59.340Z</time>
      </trkpt>
      <trkpt lat="49.908396899700165" lon="4.571168962866068">
        <ele>374.6</ele>
        <time>2025-02-26T20:01:10.415Z</time>
      </trkpt>
      <trkpt lat="49.90837996825576" lon="4.570925468578935">
        <ele>375.03</ele>
        <time>2025-02-26T20:01:21.496Z</time>
      </trkpt>
      <trkpt lat="49.90833571180701" lon="4.570790100842714">
        <ele>375.43</ele>
        <time>2025-02-26T20:01:32.580Z</time>
      </trkpt>
      <trkpt lat="49.90831593051553" lon="4.570422638207674">
        <ele>375.86</ele>
        <time>2025-02-26T20:01:43.672Z</time>
      </trkpt>
      <trkpt lat="49.90829640068114" lon="4.570057271048427">
        <ele>376.31</ele>
        <time>2025-02-26T20:01:54.772Z</time>
      </trkpt>
      <trkpt lat="49.908253233879805" lon="4.569809753447771">
        <ele>376.69</ele>
        <time>2025-02-26T20:02:05.877Z</time>
      </trkpt>
      <trkpt lat="49.90827745757997" lon="4.569599954411387">
        <ele>377.0</ele>
        <time>2025-02-26T20:02:16.987Z</time>
      </trkpt>
      <trkpt lat="49.90826044231653" lon="4.56936995498836">
        <ele>377.25</ele>
        <time>2025-02-26T20:02:28.102Z</time>
      </trkpt>
      <trkpt lat="49.90828525274992" lon="4.569209525361657">
        <ele>377.41</ele>
        <time>2025-02-26T20:02:39.220Z</time>
      </trkpt>
      <trkpt lat="49.90827653557062" lon="4.568871650844812">
        <ele>377.45</ele>
        <time>2025-02-26T20:02:50.346Z</time>
      </trkpt>
      <trkpt lat="49.908267902210355" lon="4.568535787984729">
        <ele>377.38</ele>
        <time>2025-02-26T20:03:01.479Z</time>
      </trkpt>
      <trkpt lat="49.908229764550924" lon="4.568446855992079">
        <ele>377.32</ele>
        <time>2025-02-26T20:03:12.614Z</time>
      </trkpt>
      <trkpt lat="49.90821626968682" lon="4.568143431097269">
        <ele>377.13</ele>
        <time>2025-02-26T20:03:23.756Z</time>
      </trkpt>
      <trkpt lat="49.90823680534959" lon="4.567979648709297">
        <ele>376.94</ele>
        <time>2025-02-26T20:03:34.901Z</time>
      </trkpt>
      <trkpt lat="49.90823387168348" lon="4.567572623491287">
        <ele>376.67</ele>
        <time>2025-02-26T20:03:46.055Z</time>
      </trkpt>
      <trkpt lat="49.908213252201676" lon="4.567158306017518">
        <ele>376.47</ele>
        <time>2025-02-26T20:03:57.218Z</time>
      </trkpt>
      <trkpt lat="49.908192632719874" lon="4.566744072362781">
        <ele>376.2</ele>
        <time>2025-02-26T20:04:08.390Z</time>
      </trkpt>
      <trkpt lat="49.90817226469517" lon="4.566333275288343">
        <ele>375.85</ele>
        <time>2025-02-26T20:04:19.571Z</time>
      </trkpt>
      <trkpt lat="49.90819154307246" lon="4.566138479858637">
        <ele>375.57</ele>
        <time>2025-02-26T20:04:30.756Z</time>
      </trkpt>
      <trkpt lat="49.908155584707856" lon="4.565883502364159">
        <ele>375.2</ele>
        <time>2025-02-26T20:04:41.947Z</time>
      </trkpt>
      <trkpt lat="49.908119877800345" lon="4.56562994979322">
        <ele>374.85</ele>
        <time>2025-02-26T20:04:53.143Z</time>
      </trkpt>
      <trkpt lat="49.908104203641415" lon="4.565336667001247">
        <ele>374.5</ele>
        <time>2025-02-26T20:05:04.346Z</time>
      </trkpt>
      <trkpt lat="49.90808878093958" lon="4.5650450605899096">
        <ele>374.22</ele>
        <time>2025-02-26T20:05:15.555Z</time>
      </trkpt>
      <trkpt lat="49.9081134237349" lon="4.564683297649026">
        <ele>373.99</ele>
        <time>2025-02-26T20:05:26.772Z</time>
      </trkpt>
      <trkpt lat="49.908079728484154" lon="4.564448436722159">
        <ele>373.74</ele>
        <time>2025-02-26T20:05:37.994Z</time>
      </trkpt>
      <trkpt lat="49.90810353308916" lon="4.564310219138861">
        <ele>373.48</ele>
        <time>2025-02-26T20:05:49.219Z</time>
      </trkpt>
      <trkpt lat="49.908103700727224" lon="4.564309632405639">
        <ele>373.23</ele>
        <time>2025-02-26T20:06:00.444Z</time>
      </trkpt>
      <trkpt lat="49.90810772404075" lon="4.564286498352885">
        <ele>373.0</ele>
        <time>2025-02-26T20:06:11.670Z</time>
      </trkpt>
      <trkpt lat="49.90810847841203" lon="4.564282558858395">
        <ele>372.8</ele>
        <time>2025-02-26T20:06:22.896Z</time>
      </trkpt>
      <trkpt lat="49.90811660885811" lon="4.564236290752888">
        <ele>372.62</ele>
        <time>2025-02-26T20:06:34.123Z</time>
      </trkpt>
      <trkpt lat="49.908081321045756" lon="4.56419974565506">
        <ele>372.44</ele>
        <time>2025-02-26T20:06:45.351Z</time>
      </trkpt>
      <trkpt lat="49.9079944845289" lon="4.563901852816343">
        <ele>372.27</ele>
        <time>2025-02-26T20:06:56.586Z</time>
      </trkpt>
      <trkpt lat="49.907997250556946" lon="4.563668500632048">
        <ele>372.21</ele>
        <time>2025-02-26T20:07:07.826Z</time>
      </trkpt>
      <trkpt lat="49.90796363912523" lon="4.563427269458771">
        <ele>372.17</ele>
        <time>2025-02-26T20:07:19.072Z</time>
      </trkpt>
      <trkpt lat="49.90793036296964" lon="4.563187379390001">
        <ele>372.16</ele>
        <time>2025-02-26T20:07:30.323Z</time>
      </trkpt>
      <trkpt lat="49.90796749480069" lon="4.562950171530247">
        <ele>372.19</ele>
        <time>2025-02-26T20:07:41.579Z</time>
      </trkpt>
      <trkpt lat="49.90795601159334" lon="4.562680860981345">
        <ele>372.24</ele>
        <time>2025-02-26T20:07:52.841Z</time>
      </trkpt>
      <trkpt lat="49.90794461220503" lon="4.5624130591750145">
        <ele>372.32</ele>
        <time>2025-02-26T20:08:04.109Z</time>
      </trkpt>
      <trkpt lat="49.90791544318199" lon="4.562152214348316">
        <ele>372.42</ele>
        <time>2025-02-26T20:08:15.382Z</time>
      </trkpt>
      <trkpt lat="49.90792265161872" lon="4.561921460554004">
        <ele>372.58</ele>
        <time>2025-02-26T20:08:26.660Z</time>
      </trkpt>
      <trkpt lat="49.90785777568817" lon="4.561555003747344">
        <ele>372.67</ele>
        <time>2025-02-26T20:08:37.947Z</time>
      </trkpt>
      <trkpt lat="49.90785232745111" lon="4.561305558308959">
        <ele>372.83</ele>
        <time>2025-02-26T20:08:49.239Z</time>
      </trkpt>
      <trkpt lat="49.90792466327548" lon="4.561208831146359">
        <ele>373.06</ele>
        <time>2025-02-26T20:09:00.534Z</time>
      </trkpt>
      <trkpt lat="49.908021641895175" lon="4.561145380139351">
        <ele>373.3</ele>
        <time>2025-02-26T20:09:11.833Z</time>
      </trkpt>
      <trkpt lat="49.90821241401136" lon="4.561129035428166">
        <ele>373.58</ele>
        <time>2025-02-26T20:09:23.138Z</time>
      </trkpt>
      <trkpt lat="49.908480886369944" lon="4.561133561655879">
        <ele>374.01</ele>
        <time>2025-02-26T20:09:34.452Z</time>
      </trkpt>
      <trkpt lat="49.90857216529548" lon="4.561075558885932">
        <ele>374.39</ele>
        <time>2025-02-26T20:09:45.769Z</time>
      </trkpt>
      <trkpt lat="49.90866051055491" lon="4.561071787029505">
        <ele>374.81</ele>
        <time>2025-02-26T20:09:57.089Z</time>
      </trkpt>
      <trkpt lat="49.90880417637527" lon="4.561033984646201">
        <ele>375.27</ele>
        <time>2025-02-26T20:10:08.414Z</time>
      </trkpt>
      <trkpt lat="49.90886192768812" lon="4.561060136184096">
        <ele>375.73</ele>
        <time>2025-02-26T20:10:19.741Z</time>
      </trkpt>
      <trkpt lat="49.90898975171149" lon="4.561019567772746">
        <ele>376.23</ele>
        <time>2025-02-26T20:10:31.072Z</time>
      </trkpt>
      <trkpt lat="49.909207597374916" lon="4.561047228053212">
        <ele>376.75</ele>
        <time>2025-02-26T20:10:42.411Z</time>
      </trkpt>
      <trkpt lat="49.9093137960881" lon="4.560986710712314">
        <ele>377.26</ele>
        <time>2025-02-26T20:10:53.753Z</time>
      </trkpt>
      <trkpt lat="49.90937196649611" lon="4.5609319768846035">
        <ele>377.77</ele>
        <time>2025-02-26T20:11:05.098Z</time>
      </trkpt>
      <trkpt lat="49.9096074141562" lon="4.560926025733352">
        <ele>378.29</ele>
        <time>2025-02-26T20:11:16.451Z</time>
      </trkpt>
      <trkpt lat="49.909641947597265" lon="4.56094304099679">
        <ele>378.81</ele>
        <time>2025-02-26T20:11:27.805Z</time>
      </trkpt>
      <trkpt lat="49.90968913771212" lon="4.5609169732779264">
        <ele>379.33</ele>
        <time>2025-02-26T20:11:39.160Z</time>
      </trkpt>
      <trkpt lat="49.909791983664036" lon="4.560934994369745">
        <ele>379.86</ele>
        <time>2025-02-26T20:11:50.519Z</time>
      </trkpt>
      <trkpt lat="49.90988695062697" lon="4.56091227941215">
        <ele>380.39</ele>
        <time>2025-02-26T20:12:01.881Z</time>
      </trkpt>
      <trkpt lat="49.90988795645535" lon="4.560896521434188">
        <ele>380.87</ele>
        <time>2025-02-26T20:12:13.243Z</time>
      </trkpt>
      <trkpt lat="49.90998669527471" lon="4.560902137309313">
        <ele>381.36</ele>
        <time>2025-02-26T20:12:24.609Z</time>
      </trkpt>
      <trkpt lat="49.91000035777688" lon="4.560919152572751">
        <ele>381.82</ele>
        <time>2025-02-26T20:12:35.975Z</time>
      </trkpt>
      <trkpt lat="49.91020739078522" lon="4.560907334089279">
        <ele>382.27</ele>
        <time>2025-02-26T20:12:47.348Z</time>
      </trkpt>
      <trkpt lat="49.91028861142695" lon="4.5608786679804325">
        <ele>382.68</ele>
        <time>2025-02-26T20:12:58.724Z</time>
      </trkpt>
      <trkpt lat="49.91034627892077" lon="4.560909429565072">
        <ele>383.04</ele>
        <time>2025-02-26T20:13:10.102Z</time>
      </trkpt>
      <trkpt lat="49.91051450371742" lon="4.560906747356057">
        <ele>383.41</ele>
        <time>2025-02-26T20:13:21.486Z</time>
      </trkpt>
      <trkpt lat="49.910771157592535" lon="4.560860060155392">
        <ele>383.69</ele>
        <time>2025-02-26T20:13:32.878Z</time>
      </trkpt>
      <trkpt lat="49.91085707210004" lon="4.560870872810483">
        <ele>383.89</ele>
        <time>2025-02-26T20:13:44.273Z</time>
      </trkpt>
      <trkpt lat="49.91109796799719" lon="4.560853857547045">
        <ele>384.02</ele>
        <time>2025-02-26T20:13:55.676Z</time>
      </trkpt>
      <trkpt lat="49.91133886389434" lon="4.56083700992167">
        <ele>384.06</ele>
        <time>2025-02-26T20:14:07.087Z</time>
      </trkpt>
      <trkpt lat="49.911556374281645" lon="4.560806751251221">
        <ele>384.02</ele>
        <time>2025-02-26T20:14:18.506Z</time>
      </trkpt>
      <trkpt lat="49.911773884668946" lon="4.560776660218835">
        <ele>383.94</ele>
        <time>2025-02-26T20:14:29.932Z</time>
      </trkpt>
      <trkpt lat="49.911933643743396" lon="4.560768194496632">
        <ele>383.74</ele>
        <time>2025-02-26T20:14:41.363Z</time>
      </trkpt>
      <trkpt lat="49.91209348663688" lon="4.56075981259346">
        <ele>383.46</ele>
        <time>2025-02-26T20:14:52.800Z</time>
      </trkpt>
      <trkpt lat="49.91228551603854" lon="4.5607152208685875">
        <ele>383.1</ele>
        <time>2025-02-26T20:15:04.243Z</time>
      </trkpt>
      <trkpt lat="49.91242348216474" lon="4.560706587508321">
        <ele>382.69</ele>
        <time>2025-02-26T20:15:15.691Z</time>
      </trkpt>
      <trkpt lat="49.91248936392367" lon="4.560660906136036">
        <ele>382.21</ele>
        <time>2025-02-26T20:15:27.141Z</time>
      </trkpt>
      <trkpt lat="49.91251861676574" lon="4.560572309419513">
        <ele>381.63</ele>
        <time>2025-02-26T20:15:38.593Z</time>
      </trkpt>
      <trkpt lat="49.91245181299746" lon="4.560222364962101">
        <ele>380.91</ele>
        <time>2025-02-26T20:15:50.053Z</time>
      </trkpt>
      <trkpt lat="49.91240831092" lon="4.559744093567133">
        <ele>380.16</ele>
        <time>2025-02-26T20:16:01.523Z</time>
      </trkpt>
      <trkpt lat="49.912398839369416" lon="4.559489954262972">
        <ele>379.35</ele>
        <time>2025-02-26T20:16:12.999Z</time>
      </trkpt>
      <trkpt lat="49.91243630647659" lon="4.559295745566487">
        <ele>378.44</ele>
        <time>2025-02-26T20:16:24.479Z</time>
      </trkpt>
      <trkpt lat="49.9124651402235" lon="4.559281412512064">
        <ele>377.44</ele>
        <time>2025-02-26T20:16:35.960Z</time>
      </trkpt>
      <trkpt lat="49.912738306447864" lon="4.559278395026922">
        <ele>376.36</ele>
        <time>2025-02-26T20:16:47.450Z</time>
      </trkpt>
      <trkpt lat="49.9129144102335" lon="4.559230199083686">
        <ele>375.19</ele>
        <time>2025-02-26T20:16:58.946Z</time>
      </trkpt>
      <trkpt lat="49.91303184069693" lon="4.559224834665656">
        <ele>373.91</ele>
        <time>2025-02-26T20:17:10.446Z</time>
      </trkpt>
      <trkpt lat="49.91323451511562" lon="4.559178901836276">
        <ele>372.52</ele>
        <time>2025-02-26T20:17:21.953Z</time>
      </trkpt>
      <trkpt lat="49.91341145709157" lon="4.559167167171836">
        <ele>370.98</ele>
        <time>2025-02-26T20:17:33.466Z</time>
      </trkpt>
      <trkpt lat="49.91358848288655" lon="4.5591555163264275">
        <ele>369.31</ele>
        <time>2025-02-26T20:17:44.985Z</time>
      </trkpt>
      <trkpt lat="49.91388235241175" lon="4.559078151360154">
        <ele>367.5</ele>
        <time>2025-02-26T20:17:56.514Z</time>
      </trkpt>
      <trkpt lat="49.91400841623545" lon="4.559056777507067">
        <ele>365.67</ele>
        <time>2025-02-26T20:18:08.047Z</time>
      </trkpt>
      <trkpt lat="49.914113441482186" lon="4.559059543535113">
        <ele>363.72</ele>
        <time>2025-02-26T20:18:19.584Z</time>
      </trkpt>
      <trkpt lat="49.9142786487937" lon="4.559018388390541">
        <ele>361.68</ele>
        <time>2025-02-26T20:18:31.126Z</time>
      </trkpt>
      <trkpt lat="49.91447235457599" lon="4.559012604877353">
        <ele>359.5</ele>
        <time>2025-02-26T20:18:42.675Z</time>
      </trkpt>
      <trkpt lat="49.91476588882506" lon="4.558956613764167">
        <ele>357.22</ele>
        <time>2025-02-26T20:18:54.234Z</time>
      </trkpt>
      <trkpt lat="49.91491005755961" lon="4.5589611399918795">
        <ele>354.92</ele>
        <time>2025-02-26T20:19:05.797Z</time>
      </trkpt>
      <trkpt lat="49.91507149301469" lon="4.558934485539794">
        <ele>352.55</ele>
        <time>2025-02-26T20:19:17.366Z</time>
      </trkpt>
      <trkpt lat="49.91529503837228" lon="4.558922499418259">
        <ele>350.1</ele>
        <time>2025-02-26T20:19:28.942Z</time>
      </trkpt>
      <trkpt lat="49.91559184156358" lon="4.558824263513088">
        <ele>347.55</ele>
        <time>2025-02-26T20:19:40.528Z</time>
      </trkpt>
      <trkpt lat="49.91584287956357" lon="4.558796687051654">
        <ele>344.94</ele>
        <time>2025-02-26T20:19:52.123Z</time>
      </trkpt>
      <trkpt lat="49.915961818769574" lon="4.558743210509419">
        <ele>342.46</ele>
        <time>2025-02-26T20:20:03.722Z</time>
      </trkpt>
      <trkpt lat="49.91604815237224" lon="4.5587334875017405">
        <ele>340.03</ele>
        <time>2025-02-26T20:20:15.324Z</time>
      </trkpt>
      <trkpt lat="49.91621562279761" lon="4.558746060356498">
        <ele>337.52</ele>
        <time>2025-02-26T20:20:26.931Z</time>
      </trkpt>
      <trkpt lat="49.91630522534251" lon="4.558721166104078">
        <ele>335.19</ele>
        <time>2025-02-26T20:20:38.541Z</time>
      </trkpt>
      <trkpt lat="49.91652541793883" lon="4.558716891333461">
        <ele>332.77</ele>
        <time>2025-02-26T20:20:50.159Z</time>
      </trkpt>
      <trkpt lat="49.916567243635654" lon="4.558692751452327">
        <ele>330.6</ele>
        <time>2025-02-26T20:21:01.778Z</time>
      </trkpt>
      <trkpt lat="49.916594149544835" lon="4.558627959340811">
        <ele>328.55</ele>
        <time>2025-02-26T20:21:13.399Z</time>
      </trkpt>
      <trkpt lat="49.91658300161362" lon="4.5582743268460035">
        <ele>326.61</ele>
        <time>2025-02-26T20:21:25.028Z</time>
      </trkpt>
      <trkpt lat="49.91668031550944" lon="4.557856656610966">
        <ele>324.62</ele>
        <time>2025-02-26T20:21:36.666Z</time>
      </trkpt>
      <trkpt lat="49.91670923307538" lon="4.557649372145534">
        <ele>322.89</ele>
        <time>2025-02-26T20:21:48.309Z</time>
      </trkpt>
      <trkpt lat="49.9166598636657" lon="4.557201275601983">
        <ele>321.39</ele>
        <time>2025-02-26T20:21:59.962Z</time>
      </trkpt>
      <trkpt lat="49.916659109294415" lon="4.556925846263766">
        <ele>319.98</ele>
        <time>2025-02-26T20:22:11.620Z</time>
      </trkpt>
      <trkpt lat="49.91670680232346" lon="4.5564513467252254">
        <ele>318.65</ele>
        <time>2025-02-26T20:22:23.289Z</time>
      </trkpt>
      <trkpt lat="49.91678098216653" lon="4.556225622072816">
        <ele>317.37</ele>
        <time>2025-02-26T20:22:34.963Z</time>
      </trkpt>
      <trkpt lat="49.9168549105525" lon="4.556000987067819">
        <ele>316.25</ele>
        <time>2025-02-26T20:22:46.643Z</time>
      </trkpt>
      <trkpt lat="49.916891707107425" lon="4.555935859680176">
        <ele>315.33</ele>
        <time>2025-02-26T20:22:58.325Z</time>
      </trkpt>
      <trkpt lat="49.91698005236685" lon="4.555498575791717">
        <ele>314.56</ele>
        <time>2025-02-26T20:23:10.016Z</time>
      </trkpt>
      <trkpt lat="49.91707677952945" lon="4.555219793692231">
        <ele>313.94</ele>
        <time>2025-02-26T20:23:21.714Z</time>
      </trkpt>
      <trkpt lat="49.91708952002227" lon="4.554864149540663">
        <ele>313.49</ele>
        <time>2025-02-26T20:23:33.420Z</time>
      </trkpt>
      <trkpt lat="49.9171675555408" lon="4.5546686835587025">
        <ele>313.19</ele>
        <time>2025-02-26T20:23:45.131Z</time>
      </trkpt>
      <trkpt lat="49.917172249406576" lon="4.554570447653532">
        <ele>313.12</ele>
        <time>2025-02-26T20:23:56.844Z</time>
      </trkpt>
      <trkpt lat="49.91713813506067" lon="4.55428009852767">
        <ele>313.25</ele>
        <time>2025-02-26T20:24:08.563Z</time>
      </trkpt>
      <trkpt lat="49.917104272171855" lon="4.553991425782442">
        <ele>313.53</ele>
        <time>2025-02-26T20:24:20.289Z</time>
      </trkpt>
      <trkpt lat="49.91712346673012" lon="4.5537477638572454">
        <ele>313.94</ele>
        <time>2025-02-26T20:24:32.020Z</time>
      </trkpt>
      <trkpt lat="49.91709362715483" lon="4.5536222867667675">
        <ele>314.54</ele>
        <time>2025-02-26T20:24:43.754Z</time>
      </trkpt>
      <trkpt lat="49.91703813895583" lon="4.553179470822215">
        <ele>315.37</ele>
        <time>2025-02-26T20:24:55.498Z</time>
      </trkpt>
      <trkpt lat="49.917016262188554" lon="4.552884763106704">
        <ele>316.24</ele>
        <time>2025-02-26T20:25:07.248Z</time>
      </trkpt>
      <trkpt lat="49.91700637154281" lon="4.552633808925748">
        <ele>317.25</ele>
        <time>2025-02-26T20:25:19.003Z</time>
      </trkpt>
      <trkpt lat="49.91699664853513" lon="4.552384363487363">
        <ele>318.46</ele>
        <time>2025-02-26T20:25:30.764Z</time>
      </trkpt>
      <trkpt lat="49.91700662299991" lon="4.552395679056644">
        <ele>319.74</ele>
        <time>2025-02-26T20:25:42.525Z</time>
      </trkpt>
      <trkpt lat="49.91696630604565" lon="4.552406240254641">
        <ele>321.21</ele>
        <time>2025-02-26T20:25:54.288Z</time>
      </trkpt>
      <trkpt lat="49.916938561946154" lon="4.55245116725564">
        <ele>322.76</ele>
        <time>2025-02-26T20:26:06.052Z</time>
      </trkpt>
      <trkpt lat="49.916799422353506" lon="4.552573962137103">
        <ele>324.52</ele>
        <time>2025-02-26T20:26:17.821Z</time>
      </trkpt>
      <trkpt lat="49.91675742901862" lon="4.552625427022576">
        <ele>326.29</ele>
        <time>2025-02-26T20:26:29.592Z</time>
      </trkpt>
      <trkpt lat="49.91675700992346" lon="4.552662055939436">
        <ele>328.06</ele>
        <time>2025-02-26T20:26:41.364Z</time>
      </trkpt>
      <trkpt lat="49.91665047593415" lon="4.552776217460632">
        <ele>330.04</ele>
        <time>2025-02-26T20:26:53.140Z</time>
      </trkpt>
      <trkpt lat="49.91658249869943" lon="4.552750317379832">
        <ele>332.02</ele>
        <time>2025-02-26T20:27:04.918Z</time>
      </trkpt>
      <trkpt lat="49.91639859974384" lon="4.55285475589335">
        <ele>334.14</ele>
        <time>2025-02-26T20:27:16.703Z</time>
      </trkpt>
      <trkpt lat="49.91635576821864" lon="4.552850062027574">
        <ele>336.1</ele>
        <time>2025-02-26T20:27:28.489Z</time>
      </trkpt>
      <trkpt lat="49.91625862196088" lon="4.55288065597415">
        <ele>338.11</ele>
        <time>2025-02-26T20:27:40.279Z</time>
      </trkpt>
      <trkpt lat="49.916026778519154" lon="4.552913345396519">
        <ele>340.22</ele>
        <time>2025-02-26T20:27:52.076Z</time>
      </trkpt>
      <trkpt lat="49.915956035256386" lon="4.552950980141759">
        <ele>342.09</ele>
        <time>2025-02-26T20:28:03.876Z</time>
      </trkpt>
      <trkpt lat="49.9158432148397" lon="4.552979227155447">
        <ele>343.91</ele>
        <time>2025-02-26T20:28:15.680Z</time>
      </trkpt>
      <trkpt lat="49.91572855040431" lon="4.552913261577487">
        <ele>345.67</ele>
        <time>2025-02-26T20:28:27.488Z</time>
      </trkpt>
      <trkpt lat="49.915654454380274" lon="4.55295299179852">
        <ele>347.31</ele>
        <time>2025-02-26T20:28:39.299Z</time>
      </trkpt>
      <trkpt lat="49.9155821185559" lon="4.552947711199522">
        <ele>348.87</ele>
        <time>2025-02-26T20:28:51.112Z</time>
      </trkpt>
      <trkpt lat="49.91552830673754" lon="4.5529175363481045">
        <ele>350.31</ele>
        <time>2025-02-26T20:29:02.927Z</time>
      </trkpt>
      <trkpt lat="49.91543333977461" lon="4.552898425608873">
        <ele>351.68</ele>
        <time>2025-02-26T20:29:14.745Z</time>
      </trkpt>
      <trkpt lat="49.91528782993555" lon="4.552890965715051">
        <ele>352.95</ele>
        <time>2025-02-26T20:29:26.568Z</time>
      </trkpt>
      <trkpt lat="49.91520627401769" lon="4.552599107846618">
        <ele>354.06</ele>
        <time>2025-02-26T20:29:38.398Z</time>
      </trkpt>
      <trkpt lat="49.91516645997763" lon="4.5523494109511375">
        <ele>354.98</ele>
        <time>2025-02-26T20:29:50.233Z</time>
      </trkpt>
      <trkpt lat="49.915167381986976" lon="4.552031988278031">
        <ele>355.71</ele>
        <time>2025-02-26T20:30:02.075Z</time>
      </trkpt>
      <trkpt lat="49.915168303996325" lon="4.551716409623623">
        <ele>356.25</ele>
        <time>2025-02-26T20:30:13.924Z</time>
      </trkpt>
      <trkpt lat="49.91512756794691" lon="4.551520524546504">
        <ele>356.66</ele>
        <time>2025-02-26T20:30:25.777Z</time>
      </trkpt>
      <trkpt lat="49.91513041779399" lon="4.551200587302446">
        <ele>356.92</ele>
        <time>2025-02-26T20:30:37.637Z</time>
      </trkpt>
      <trkpt lat="49.9151333514601" lon="4.550882577896118">
        <ele>357.06</ele>
        <time>2025-02-26T20:30:49.504Z</time>
      </trkpt>
      <trkpt lat="49.915111642330885" lon="4.550570268183947">
        <ele>357.11</ele>
        <time>2025-02-26T20:31:01.378Z</time>
      </trkpt>
      <trkpt lat="49.915090184658766" lon="4.550259802490473">
        <ele>357.07</ele>
        <time>2025-02-26T20:31:13.259Z</time>
      </trkpt>
      <trkpt lat="49.91515346802771" lon="4.550071964040399">
        <ele>356.82</ele>
        <time>2025-02-26T20:31:25.144Z</time>
      </trkpt>
      <trkpt lat="49.91513041779399" lon="4.549911031499505">
        <ele>356.45</ele>
        <time>2025-02-26T20:31:37.033Z</time>
      </trkpt>
      <trkpt lat="49.915121952071786" lon="4.549649264663458">
        <ele>355.92</ele>
        <time>2025-02-26T20:31:48.927Z</time>
      </trkpt>
      <trkpt lat="49.91516998037696" lon="4.5493837259709835">
        <ele>355.2</ele>
        <time>2025-02-26T20:32:00.827Z</time>
      </trkpt>
      <trkpt lat="49.915234772488475" lon="4.549293704330921">
        <ele>354.37</ele>
        <time>2025-02-26T20:32:12.730Z</time>
      </trkpt>
      <trkpt lat="49.915269473567605" lon="4.5492821373045444">
        <ele>353.43</ele>
        <time>2025-02-26T20:32:24.634Z</time>
      </trkpt>
      <trkpt lat="49.915334517136216" lon="4.54921399243176">
        <ele>352.34</ele>
        <time>2025-02-26T20:32:36.541Z</time>
      </trkpt>
      <trkpt lat="49.91537910886109" lon="4.549193205311894">
        <ele>351.14</ele>
        <time>2025-02-26T20:32:48.450Z</time>
      </trkpt>
      <trkpt lat="49.915499556809664" lon="4.549286076799035">
        <ele>349.84</ele>
        <time>2025-02-26T20:33:00.363Z</time>
      </trkpt>
      <trkpt lat="49.91559997200966" lon="4.549296973273158">
        <ele>348.4</ele>
        <time>2025-02-26T20:33:12.279Z</time>
      </trkpt>
      <trkpt lat="49.91584086790681" lon="4.549271911382675">
        <ele>346.79</ele>
        <time>2025-02-26T20:33:24.203Z</time>
      </trkpt>
      <trkpt lat="49.91612342186272" lon="4.549219440668821">
        <ele>345.01</ele>
        <time>2025-02-26T20:33:36.137Z</time>
      </trkpt>
      <trkpt lat="49.916356690227985" lon="4.549226649105549">
        <ele>343.1</ele>
        <time>2025-02-26T20:33:48.079Z</time>
      </trkpt>
      <trkpt lat="49.9165060557425" lon="4.549206951633096">
        <ele>341.13</ele>
        <time>2025-02-26T20:34:00.026Z</time>
      </trkpt>
      <trkpt lat="49.91656070575118" lon="4.549156408756971">
        <ele>339.12</ele>
        <time>2025-02-26T20:34:11.975Z</time>
      </trkpt>
      <trkpt lat="49.91656590253115" lon="4.549095807597041">
        <ele>337.1</ele>
        <time>2025-02-26T20:34:23.925Z</time>
      </trkpt>
      <trkpt lat="49.91645165719092" lon="4.548817528411746">
        <ele>335.09</ele>
        <time>2025-02-26T20:34:35.882Z</time>
      </trkpt>
      <trkpt lat="49.91633799858391" lon="4.548540506511927">
        <ele>332.97</ele>
        <time>2025-02-26T20:34:47.846Z</time>
      </trkpt>
      <trkpt lat="49.91621285676956" lon="4.548187712207437">
        <ele>330.73</ele>
        <time>2025-02-26T20:34:59.819Z</time>
      </trkpt>
      <trkpt lat="49.91608830168843" lon="4.547836594283581">
        <ele>328.31</ele>
        <time>2025-02-26T20:35:11.801Z</time>
      </trkpt>
      <trkpt lat="49.91593667306006" lon="4.547561081126332">
        <ele>325.94</ele>
        <time>2025-02-26T20:35:23.790Z</time>
      </trkpt>
      <trkpt lat="49.9159174785018" lon="4.547470053657889">
        <ele>323.58</ele>
        <time>2025-02-26T20:35:35.782Z</time>
      </trkpt>
      <trkpt lat="49.91592577658594" lon="4.547451278194785">
        <ele>321.24</ele>
        <time>2025-02-26T20:35:47.774Z</time>
      </trkpt>
      <trkpt lat="49.91598344407976" lon="4.547369806095958">
        <ele>318.79</ele>
        <time>2025-02-26T20:35:59.769Z</time>
      </trkpt>
      <trkpt lat="49.916055612266064" lon="4.547321945428848">
        <ele>316.36</ele>
        <time>2025-02-26T20:36:11.766Z</time>
      </trkpt>
      <trkpt lat="49.91625099442899" lon="4.547312390059233">
        <ele>313.89</ele>
        <time>2025-02-26T20:36:23.770Z</time>
      </trkpt>
      <trkpt lat="49.91650253534317" lon="4.547231001779437">
        <ele>311.31</ele>
        <time>2025-02-26T20:36:35.782Z</time>
      </trkpt>
      <trkpt lat="49.91662264801562" lon="4.54723653383553">
        <ele>308.92</ele>
        <time>2025-02-26T20:36:47.798Z</time>
      </trkpt>
      <trkpt lat="49.91672641597688" lon="4.547188086435199">
        <ele>306.55</ele>
        <time>2025-02-26T20:36:59.818Z</time>
      </trkpt>
      <trkpt lat="49.91674477234483" lon="4.547201665118337">
        <ele>304.36</ele>
        <time>2025-02-26T20:37:11.839Z</time>
      </trkpt>
      <trkpt lat="49.91676061414182" lon="4.547261260449886">
        <ele>302.26</ele>
        <time>2025-02-26T20:37:23.861Z</time>
      </trkpt>
      <trkpt lat="49.91692665964365" lon="4.547540210187435">
        <ele>300.16</ele>
        <time>2025-02-26T20:37:35.891Z</time>
      </trkpt>
      <trkpt lat="49.91709228605032" lon="4.5478184055536985">
        <ele>298.05</ele>
        <time>2025-02-26T20:37:47.929Z</time>
      </trkpt>
      <trkpt lat="49.9172626901418" lon="4.548023426905274">
        <ele>296.04</ele>
        <time>2025-02-26T20:37:59.975Z</time>
      </trkpt>
      <trkpt lat="49.91743275895715" lon="4.548228029161692">
        <ele>294.15</ele>
        <time>2025-02-26T20:38:12.028Z</time>
      </trkpt>
      <trkpt lat="49.91755940951407" lon="4.548419304192066">
        <ele>292.37</ele>
        <time>2025-02-26T20:38:24.087Z</time>
      </trkpt>
      <trkpt lat="49.91763157770038" lon="4.548496836796403">
        <ele>290.68</ele>
        <time>2025-02-26T20:38:36.149Z</time>
      </trkpt>
      <trkpt lat="49.91783928126097" lon="4.548625163733959">
        <ele>289.01</ele>
        <time>2025-02-26T20:38:48.218Z</time>
      </trkpt>
      <trkpt lat="49.917898289859295" lon="4.548648716881871">
        <ele>287.5</ele>
        <time>2025-02-26T20:39:00.289Z</time>
      </trkpt>
      <trkpt lat="49.91799769923091" lon="4.5486400835216045">
        <ele>286.07</ele>
        <time>2025-02-26T20:39:12.363Z</time>
      </trkpt>
      <trkpt lat="49.91803399287164" lon="4.548658691346645">
        <ele>284.82</ele>
        <time>2025-02-26T20:39:24.439Z</time>
      </trkpt>
      <trkpt lat="49.918131809681654" lon="4.5487850066274405">
        <ele>283.64</ele>
        <time>2025-02-26T20:39:36.519Z</time>
      </trkpt>
      <trkpt lat="49.918300956487656" lon="4.549055490642786">
        <ele>282.52</ele>
        <time>2025-02-26T20:39:48.607Z</time>
      </trkpt>
      <trkpt lat="49.91832610219717" lon="4.549019951373339">
        <ele>281.61</ele>
        <time>2025-02-26T20:40:00.696Z</time>
      </trkpt>
      <trkpt lat="49.91838611662388" lon="4.549018191173673">
        <ele>280.81</ele>
        <time>2025-02-26T20:40:12.787Z</time>
      </trkpt>
      <trkpt lat="49.91848795674741" lon="4.549075271934271">
        <ele>280.1</ele>
        <time>2025-02-26T20:40:24.882Z</time>
      </trkpt>
      <trkpt lat="49.91844914853573" lon="4.549121120944619">
        <ele>279.6</ele>
        <time>2025-02-26T20:40:36.978Z</time>
      </trkpt>
      <trkpt lat="49.918425092473626" lon="4.549078792333603">
        <ele>279.22</ele>
        <time>2025-02-26T20:40:49.076Z</time>
      </trkpt>
      <trkpt lat="49.91848133504391" lon="4.549102010205388">
        <ele>278.91</ele>
        <time>2025-02-26T20:41:01.176Z</time>
      </trkpt>
      <trkpt lat="49.918620558455586" lon="4.548982232809067">
        <ele>278.67</ele>
        <time>2025-02-26T20:41:13.281Z</time>
      </trkpt>
      <trkpt lat="49.9186369869858" lon="4.548890953883529">
        <ele>278.62</ele>
        <time>2025-02-26T20:41:25.388Z</time>
      </trkpt>
      <trkpt lat="49.91868392564356" lon="4.548826413229108">
        <ele>278.65</ele>
        <time>2025-02-26T20:41:37.497Z</time>
      </trkpt>
      <trkpt lat="49.91888609714806" lon="4.5487546641379595">
        <ele>278.88</ele>
        <time>2025-02-26T20:41:49.613Z</time>
      </trkpt>
      <trkpt lat="49.91897586733103" lon="4.548671264201403">
        <ele>279.19</ele>
        <time>2025-02-26T20:42:01.732Z</time>
      </trkpt>
      <trkpt lat="49.91901995614171" lon="4.548575542867184">
        <ele>279.58</ele>
        <time>2025-02-26T20:42:13.854Z</time>
      </trkpt>
      <trkpt lat="49.91921936161816" lon="4.548396170139313">
        <ele>280.19</ele>
        <time>2025-02-26T20:42:25.984Z</time>
      </trkpt>
      <trkpt lat="49.919241992756724" lon="4.548393655568361">
        <ele>280.72</ele>
        <time>2025-02-26T20:42:38.114Z</time>
      </trkpt>
      <trkpt lat="49.91935498081148" lon="4.548303801566362">
        <ele>281.44</ele>
        <time>2025-02-26T20:42:50.249Z</time>
      </trkpt>
      <trkpt lat="49.919480457901955" lon="4.548002891242504">
        <ele>282.26</ele>
        <time>2025-02-26T20:43:02.391Z</time>
      </trkpt>
      <trkpt lat="49.91947987116873" lon="4.547879509627819">
        <ele>282.98</ele>
        <time>2025-02-26T20:43:14.536Z</time>
      </trkpt>
      <trkpt lat="49.919545417651534" lon="4.547791080549359">
        <ele>283.79</ele>
        <time>2025-02-26T20:43:26.684Z</time>
      </trkpt>
      <trkpt lat="49.919605096802115" lon="4.547646576538682">
        <ele>284.61</ele>
        <time>2025-02-26T20:43:38.836Z</time>
      </trkpt>
      <trkpt lat="49.91966678760946" lon="4.547549346461892">
        <ele>285.48</ele>
        <time>2025-02-26T20:43:50.991Z</time>
      </trkpt>
      <trkpt lat="49.9197007343173" lon="4.547348516061902">
        <ele>286.37</ele>
        <time>2025-02-26T20:44:03.150Z</time>
      </trkpt>
      <trkpt lat="49.919695537537336" lon="4.547119019553065">
        <ele>287.25</ele>
        <time>2025-02-26T20:44:15.314Z</time>
      </trkpt>
      <trkpt lat="49.91975471377373" lon="4.54692573286593">
        <ele>288.22</ele>
        <time>2025-02-26T20:44:27.483Z</time>
      </trkpt>
      <trkpt lat="49.91981967352331" lon="4.54649280756712">
        <ele>289.17</ele>
        <time>2025-02-26T20:44:39.661Z</time>
      </trkpt>
      <trkpt lat="49.91993702016771" lon="4.546061726287007">
        <ele>290.14</ele>
        <time>2025-02-26T20:44:51.849Z</time>
      </trkpt>
      <trkpt lat="49.92004254832864" lon="4.545763833448291">
        <ele>291.24</ele>
        <time>2025-02-26T20:45:04.045Z</time>
      </trkpt>
      <trkpt lat="49.92015168070793" lon="4.545616814866662">
        <ele>292.34</ele>
        <time>2025-02-26T20:45:16.245Z</time>
      </trkpt>
      <trkpt lat="49.92023122496903" lon="4.545457307249308">
        <ele>293.46</ele>
        <time>2025-02-26T20:45:28.450Z</time>
      </trkpt>
      <trkpt lat="49.92025729268789" lon="4.54531816765666">
        <ele>294.54</ele>
        <time>2025-02-26T20:45:40.658Z</time>
      </trkpt>
      <trkpt lat="49.9202536046505" lon="4.545119097456336">
        <ele>295.64</ele>
        <time>2025-02-26T20:45:52.870Z</time>
      </trkpt>
      <trkpt lat="49.9202345777303" lon="4.545004852116108">
        <ele>296.75</ele>
        <time>2025-02-26T20:46:05.085Z</time>
      </trkpt>
      <trkpt lat="49.920251090079546" lon="4.5448097214102745">
        <ele>297.91</ele>
        <time>2025-02-26T20:46:17.304Z</time>
      </trkpt>
      <trkpt lat="49.92028503678739" lon="4.544649291783571">
        <ele>299.1</ele>
        <time>2025-02-26T20:46:29.527Z</time>
      </trkpt>
      <trkpt lat="49.920410765334964" lon="4.544337904080749">
        <ele>300.34</ele>
        <time>2025-02-26T20:46:41.758Z</time>
      </trkpt>
      <trkpt lat="49.92046776227653" lon="4.544058199971914">
        <ele>301.62</ele>
        <time>2025-02-26T20:46:53.995Z</time>
      </trkpt>
      <trkpt lat="49.92052459158003" lon="4.543780004605651">
        <ele>302.94</ele>
        <time>2025-02-26T20:47:06.238Z</time>
      </trkpt>
      <trkpt lat="49.920595502480865" lon="4.543544724583626">
        <ele>304.24</ele>
        <time>2025-02-26T20:47:18.487Z</time>
      </trkpt>
      <trkpt lat="49.92060857824981" lon="4.543251693248749">
        <ele>305.5</ele>
        <time>2025-02-26T20:47:30.742Z</time>
      </trkpt>
      <trkpt lat="49.92062165401876" lon="4.542960422113538">
        <ele>306.8</ele>
        <time>2025-02-26T20:47:43.003Z</time>
      </trkpt>
      <trkpt lat="49.92072860710323" lon="4.5425838232040405">
        <ele>308.14</ele>
        <time>2025-02-26T20:47:55.273Z</time>
      </trkpt>
      <trkpt lat="49.92082449607551" lon="4.542377209290862">
        <ele>309.38</ele>
        <time>2025-02-26T20:48:07.549Z</time>
      </trkpt>
      <trkpt lat="49.920833967626095" lon="4.5422322023659945">
        <ele>310.56</ele>
        <time>2025-02-26T20:48:19.828Z</time>
      </trkpt>
      <trkpt lat="49.92088794708252" lon="4.542036904022098">
        <ele>311.73</ele>
        <time>2025-02-26T20:48:32.111Z</time>
      </trkpt>
      <trkpt lat="49.92088451050222" lon="4.541987953707576">
        <ele>312.83</ele>
        <time>2025-02-26T20:48:44.395Z</time>
      </trkpt>
      <trkpt lat="49.92095332592726" lon="4.541767090559006">
        <ele>313.93</ele>
        <time>2025-02-26T20:48:56.685Z</time>
      </trkpt>
      <trkpt lat="49.92105793207884" lon="4.541541617363691">
        <ele>315.04</ele>
        <time>2025-02-26T20:49:08.981Z</time>
      </trkpt>
      <trkpt lat="49.921162286773324" lon="4.541316982358694">
        <ele>316.09</ele>
        <time>2025-02-26T20:49:21.283Z</time>
      </trkpt>
      <trkpt lat="49.92124903947115" lon="4.541185637935996">
        <ele>317.12</ele>
        <time>2025-02-26T20:49:33.589Z</time>
      </trkpt>
      <trkpt lat="49.92133512161672" lon="4.541013725101948">
        <ele>318.11</ele>
        <time>2025-02-26T20:49:45.899Z</time>
      </trkpt>
      <trkpt lat="49.92141508497298" lon="4.540913812816143">
        <ele>319.01</ele>
        <time>2025-02-26T20:49:58.213Z</time>
      </trkpt>
      <trkpt lat="49.92151474580169" lon="4.5408647786825895">
        <ele>319.87</ele>
        <time>2025-02-26T20:50:10.530Z</time>
      </trkpt>
      <trkpt lat="49.921543998643756" lon="4.540833430364728">
        <ele>320.68</ele>
        <time>2025-02-26T20:50:22.849Z</time>
      </trkpt>
      <trkpt lat="49.921680288389325" lon="4.540631594136357">
        <ele>321.49</ele>
        <time>2025-02-26T20:50:35.174Z</time>
      </trkpt>
      <trkpt lat="49.92184801027179" lon="4.54045825637877">
        <ele>322.26</ele>
        <time>2025-02-26T20:50:47.506Z</time>
      </trkpt>
      <trkpt lat="49.92195026949048" lon="4.5404433365911245">
        <ele>323.0</ele>
        <time>2025-02-26T20:50:59.841Z</time>
      </trkpt>
      <trkpt lat="49.922013552859426" lon="4.540403690189123">
        <ele>323.64</ele>
        <time>2025-02-26T20:51:12.178Z</time>
      </trkpt>
      <trkpt lat="49.92207440547645" lon="4.540336634963751">
        <ele>324.22</ele>
        <time>2025-02-26T20:51:24.518Z</time>
      </trkpt>
      <trkpt lat="49.92222787812352" lon="4.5403234753757715">
        <ele>324.81</ele>
        <time>2025-02-26T20:51:36.863Z</time>
      </trkpt>
      <trkpt lat="49.922258220613" lon="4.540287433192134">
        <ele>325.22</ele>
        <time>2025-02-26T20:51:49.209Z</time>
      </trkpt>
      <trkpt lat="49.92233390919864" lon="4.540263628587127">
        <ele>325.62</ele>
        <time>2025-02-26T20:52:01.558Z</time>
      </trkpt>
      <trkpt lat="49.92243248037994" lon="4.540207134559751">
        <ele>325.97</ele>
        <time>2025-02-26T20:52:13.910Z</time>
      </trkpt>
      <trkpt lat="49.92252551950514" lon="4.540188442915678">
        <ele>326.26</ele>
        <time>2025-02-26T20:52:26.265Z</time>
      </trkpt>
      <trkpt lat="49.922569105401635" lon="4.540148293599486">
        <ele>326.42</ele>
        <time>2025-02-26T20:52:38.622Z</time>
      </trkpt>
      <trkpt lat="49.92262459360063" lon="4.540139157325029">
        <ele>326.55</ele>
        <time>2025-02-26T20:52:50.981Z</time>
      </trkpt>
      <trkpt lat="49.92267010733485" lon="4.540087021887302">
        <ele>326.57</ele>
        <time>2025-02-26T20:53:03.342Z</time>
      </trkpt>
      <trkpt lat="49.922771863639355" lon="4.5400327909737825">
        <ele>326.54</ele>
        <time>2025-02-26T20:53:15.706Z</time>
      </trkpt>
      <trkpt lat="49.92282877676189" lon="4.540034383535385">
        <ele>326.49</ele>
        <time>2025-02-26T20:53:28.072Z</time>
      </trkpt>
      <trkpt lat="49.92296573705971" lon="4.539978727698326">
        <ele>326.39</ele>
        <time>2025-02-26T20:53:40.443Z</time>
      </trkpt>
      <trkpt lat="49.92315030656755" lon="4.53976146876812">
        <ele>326.21</ele>
        <time>2025-02-26T20:53:52.822Z</time>
      </trkpt>
      <trkpt lat="49.92315357550979" lon="4.5396691001951694">
        <ele>326.01</ele>
        <time>2025-02-26T20:54:05.203Z</time>
      </trkpt>
      <trkpt lat="49.92309020832181" lon="4.5393836963921785">
        <ele>325.76</ele>
        <time>2025-02-26T20:54:17.590Z</time>
      </trkpt>
      <trkpt lat="49.92302726022899" lon="4.53909988515079">
        <ele>325.52</ele>
        <time>2025-02-26T20:54:29.984Z</time>
      </trkpt>
      <trkpt lat="49.92288644425571" lon="4.538719179108739">
        <ele>325.24</ele>
        <time>2025-02-26T20:54:42.387Z</time>
      </trkpt>
      <trkpt lat="49.92274629883468" lon="4.538340233266354">
        <ele>324.96</ele>
        <time>2025-02-26T20:54:54.800Z</time>
      </trkpt>
      <trkpt lat="49.922683937475085" lon="4.538115933537483">
        <ele>324.81</ele>
        <time>2025-02-26T20:55:07.218Z</time>
      </trkpt>
      <trkpt lat="49.922666838392615" lon="4.538102773949504">
        <ele>324.58</ele>
        <time>2025-02-26T20:55:19.636Z</time>
      </trkpt>
      <trkpt lat="49.92262593470514" lon="4.538114592432976">
        <ele>324.34</ele>
        <time>2025-02-26T20:55:32.056Z</time>
      </trkpt>
      <trkpt lat="49.92249836213887" lon="4.538227412849665">
        <ele>324.16</ele>
        <time>2025-02-26T20:55:44.481Z</time>
      </trkpt>
      <trkpt lat="49.922485034912825" lon="4.538265047594905">
        <ele>323.95</ele>
        <time>2025-02-26T20:55:56.907Z</time>
      </trkpt>
      <trkpt lat="49.92231613956392" lon="4.538495885208249">
        <ele>323.73</ele>
        <time>2025-02-26T20:56:09.340Z</time>
      </trkpt>
      <trkpt lat="49.922117656096816" lon="4.538666624575853">
        <ele>323.68</ele>
        <time>2025-02-26T20:56:21.781Z</time>
      </trkpt>
      <trkpt lat="49.92191950790584" lon="4.538837196305394">
        <ele>323.68</ele>
        <time>2025-02-26T20:56:34.229Z</time>
      </trkpt>
      <trkpt lat="49.921634858474135" lon="4.539017574861646">
        <ele>323.65</ele>
        <time>2025-02-26T20:56:46.688Z</time>
      </trkpt>
      <trkpt lat="49.92147543467581" lon="4.539158474653959">
        <ele>323.63</ele>
        <time>2025-02-26T20:56:59.153Z</time>
      </trkpt>
      <trkpt lat="49.92127795703709" lon="4.539365759119391">
        <ele>323.65</ele>
        <time>2025-02-26T20:57:11.626Z</time>
      </trkpt>
      <trkpt lat="49.92114778608084" lon="4.5394467283040285">
        <ele>323.85</ele>
        <time>2025-02-26T20:57:24.103Z</time>
      </trkpt>
      <trkpt lat="49.92107469588518" lon="4.5394311379641294">
        <ele>324.09</ele>
        <time>2025-02-26T20:57:36.583Z</time>
      </trkpt>
      <trkpt lat="49.920814437791705" lon="4.5394576247781515">
        <ele>324.46</ele>
        <time>2025-02-26T20:57:49.072Z</time>
      </trkpt>
      <trkpt lat="49.920706981793046" lon="4.539484949782491">
        <ele>324.81</ele>
        <time>2025-02-26T20:58:01.564Z</time>
      </trkpt>
      <trkpt lat="49.92053037509322" lon="4.53957287594676">
        <ele>325.16</ele>
        <time>2025-02-26T20:58:14.062Z</time>
      </trkpt>
      <trkpt lat="49.92036131210625" lon="4.539625430479646">
        <ele>325.6</ele>
        <time>2025-02-26T20:58:26.566Z</time>
      </trkpt>
      <trkpt lat="49.92019233293831" lon="4.539677985012531">
        <ele>326.22</ele>
        <time>2025-02-26T20:58:39.076Z</time>
      </trkpt>
      <trkpt lat="49.91991606540978" lon="4.539748560637236">
        <ele>326.97</ele>
        <time>2025-02-26T20:58:51.595Z</time>
      </trkpt>
      <trkpt lat="49.91980534046888" lon="4.539754847064614">
        <ele>327.74</ele>
        <time>2025-02-26T20:59:04.118Z</time>
      </trkpt>
      <trkpt lat="49.91974951699376" lon="4.5397156197577715">
        <ele>328.56</ele>
        <time>2025-02-26T20:59:16.643Z</time>
      </trkpt>
      <trkpt lat="49.919729232788086" lon="4.539675218984485">
        <ele>329.44</ele>
        <time>2025-02-26T20:59:29.169Z</time>
      </trkpt>
      <trkpt lat="49.91969486698508" lon="4.5394066628068686">
        <ele>330.44</ele>
        <time>2025-02-26T20:59:41.701Z</time>
      </trkpt>
      <trkpt lat="49.919619262218475" lon="4.539140369743109">
        <ele>331.55</ele>
        <time>2025-02-26T20:59:54.239Z</time>
      </trkpt>
      <trkpt lat="49.91954416036606" lon="4.538875333964825">
        <ele>332.71</ele>
        <time>2025-02-26T21:00:06.783Z</time>
      </trkpt>
      <trkpt lat="49.91954122669995" lon="4.538636198267341">
        <ele>333.86</ele>
        <time>2025-02-26T21:00:19.333Z</time>
      </trkpt>
      <trkpt lat="49.9195765145123" lon="4.5383561588823795">
        <ele>335.06</ele>
        <time>2025-02-26T21:00:31.889Z</time>
      </trkpt>
      <trkpt lat="49.919632002711296" lon="4.538048459216952">
        <ele>336.35</ele>
        <time>2025-02-26T21:00:44.452Z</time>
      </trkpt>
      <trkpt lat="49.9196872394532" lon="4.537742519751191">
        <ele>337.66</ele>
        <time>2025-02-26T21:00:57.021Z</time>
      </trkpt>
      <trkpt lat="49.91977575235069" lon="4.537386372685432">
        <ele>339.04</ele>
        <time>2025-02-26T21:01:09.599Z</time>
      </trkpt>
      <trkpt lat="49.91986384615302" lon="4.5370320696383715">
        <ele>340.44</ele>
        <time>2025-02-26T21:01:22.185Z</time>
      </trkpt>
      <trkpt lat="49.91994481533766" lon="4.536814307793975">
        <ele>341.86</ele>
        <time>2025-02-26T21:01:34.776Z</time>
      </trkpt>
      <trkpt lat="49.92002544924617" lon="4.536597467958927">
        <ele>343.27</ele>
        <time>2025-02-26T21:01:47.373Z</time>
      </trkpt>
      <trkpt lat="49.92005872540176" lon="4.536427399143577">
        <ele>344.7</ele>
        <time>2025-02-26T21:01:59.974Z</time>
      </trkpt>
      <trkpt lat="49.92019451223314" lon="4.5361514668911695">
        <ele>346.14</ele>
        <time>2025-02-26T21:02:12.582Z</time>
      </trkpt>
      <trkpt lat="49.92033038288355" lon="4.535875618457794">
        <ele>347.57</ele>
        <time>2025-02-26T21:02:25.197Z</time>
      </trkpt>
      <trkpt lat="49.920465582981706" lon="4.535601194947958">
        <ele>349.01</ele>
        <time>2025-02-26T21:02:37.820Z</time>
      </trkpt>
      <trkpt lat="49.920574044808745" lon="4.535333476960659">
        <ele>350.44</ele>
        <time>2025-02-26T21:02:50.450Z</time>
      </trkpt>
      <trkpt lat="49.92068217135966" lon="4.535066848620772">
        <ele>351.91</ele>
        <time>2025-02-26T21:03:03.086Z</time>
      </trkpt>
      <trkpt lat="49.920798763632774" lon="4.5348291378468275">
        <ele>353.33</ele>
        <time>2025-02-26T21:03:15.729Z</time>
      </trkpt>
      <trkpt lat="49.920915020629764" lon="4.534592432901263">
        <ele>354.75</ele>
        <time>2025-02-26T21:03:28.378Z</time>
      </trkpt>
      <trkpt lat="49.92096816189587" lon="4.534419681876898">
        <ele>356.15</ele>
        <time>2025-02-26T21:03:41.031Z</time>
      </trkpt>
      <trkpt lat="49.92112951353192" lon="4.5340687315911055">
        <ele>357.5</ele>
        <time>2025-02-26T21:03:53.694Z</time>
      </trkpt>
      <trkpt lat="49.92120352573693" lon="4.533756002783775">
        <ele>358.84</ele>
        <time>2025-02-26T21:04:06.364Z</time>
      </trkpt>
      <trkpt lat="49.92124509997666" lon="4.53351678326726">
        <ele>360.12</ele>
        <time>2025-02-26T21:04:19.039Z</time>
      </trkpt>
      <trkpt lat="49.921286506578326" lon="4.53327882103622">
        <ele>361.37</ele>
        <time>2025-02-26T21:04:31.720Z</time>
      </trkpt>
      <trkpt lat="49.92131223902106" lon="4.53298763372004">
        <ele>362.62</ele>
        <time>2025-02-26T21:04:44.407Z</time>
      </trkpt>
      <trkpt lat="49.92130327038467" lon="4.53257423825562">
        <ele>363.89</ele>
        <time>2025-02-26T21:04:57.103Z</time>
      </trkpt>
      <trkpt lat="49.92129438556731" lon="4.532160926610231">
        <ele>365.11</ele>
        <time>2025-02-26T21:05:09.808Z</time>
      </trkpt>
      <trkpt lat="49.921285500749946" lon="4.531747614964843">
        <ele>366.33</ele>
        <time>2025-02-26T21:05:22.522Z</time>
      </trkpt>
      <trkpt lat="49.921276699751616" lon="4.5313389133661985">
        <ele>367.47</ele>
        <time>2025-02-26T21:05:35.244Z</time>
      </trkpt>
      <trkpt lat="49.92125432007015" lon="4.531197007745504">
        <ele>368.51</ele>
        <time>2025-02-26T21:05:47.970Z</time>
      </trkpt>
      <trkpt lat="49.92119782604277" lon="4.531139759346843">
        <ele>369.53</ele>
        <time>2025-02-26T21:06:00.698Z</time>
      </trkpt>
      <trkpt lat="49.92103882133961" lon="4.531067255884409">
        <ele>370.52</ele>
        <time>2025-02-26T21:06:13.431Z</time>
      </trkpt>
      <trkpt lat="49.92087998427451" lon="4.530994836241007">
        <ele>371.44</ele>
        <time>2025-02-26T21:06:26.170Z</time>
      </trkpt>
      <trkpt lat="49.920594077557325" lon="4.530803477391601">
        <ele>372.29</ele>
        <time>2025-02-26T21:06:38.919Z</time>
      </trkpt>
      <trkpt lat="49.92043255828321" lon="4.530652770772576">
        <ele>373.07</ele>
        <time>2025-02-26T21:06:51.675Z</time>
      </trkpt>
      <trkpt lat="49.92021261714399" lon="4.530495945364237">
        <ele>373.85</ele>
        <time>2025-02-26T21:07:04.439Z</time>
      </trkpt>
      <trkpt lat="49.9199927598238" lon="4.530339203774929">
        <ele>374.59</ele>
        <time>2025-02-26T21:07:17.211Z</time>
      </trkpt>
      <trkpt lat="49.91977323777974" lon="4.530182713642716">
        <ele>375.27</ele>
        <time>2025-02-26T21:07:29.991Z</time>
      </trkpt>
      <trkpt lat="49.91951348260045" lon="4.529951708391309">
        <ele>375.9</ele>
        <time>2025-02-26T21:07:42.781Z</time>
      </trkpt>
      <trkpt lat="49.919324638321996" lon="4.529819525778294">
        <ele>376.44</ele>
        <time>2025-02-26T21:07:55.578Z</time>
      </trkpt>
      <trkpt lat="49.91925364360213" lon="4.529749201610684">
        <ele>376.89</ele>
        <time>2025-02-26T21:08:08.378Z</time>
      </trkpt>
      <trkpt lat="49.91924752481282" lon="4.529686002060771">
        <ele>377.26</ele>
        <time>2025-02-26T21:08:21.179Z</time>
      </trkpt>
      <trkpt lat="49.919278118759394" lon="4.529600506648421">
        <ele>377.57</ele>
        <time>2025-02-26T21:08:33.982Z</time>
      </trkpt>
      <trkpt lat="49.91935841739178" lon="4.529463378712535">
        <ele>377.82</ele>
        <time>2025-02-26T21:08:46.789Z</time>
      </trkpt>
      <trkpt lat="49.91952530108392" lon="4.529241761192679">
        <ele>378.02</ele>
        <time>2025-02-26T21:08:59.603Z</time>
      </trkpt>
      <trkpt lat="49.91969193331897" lon="4.529020814225078">
        <ele>378.17</ele>
        <time>2025-02-26T21:09:12.425Z</time>
      </trkpt>
      <trkpt lat="49.91994037292898" lon="4.528834987431765">
        <ele>378.32</ele>
        <time>2025-02-26T21:09:25.256Z</time>
      </trkpt>
      <trkpt lat="49.920188561081886" lon="4.528649495914578">
        <ele>378.44</ele>
        <time>2025-02-26T21:09:38.096Z</time>
      </trkpt>
      <trkpt lat="49.92034463211894" lon="4.528472553938627">
        <ele>378.59</ele>
        <time>2025-02-26T21:09:50.942Z</time>
      </trkpt>
      <trkpt lat="49.920430378988385" lon="4.528343640267849">
        <ele>378.7</ele>
        <time>2025-02-26T21:10:03.792Z</time>
      </trkpt>
      <trkpt lat="49.920538840815425" lon="4.528130572289228">
        <ele>378.79</ele>
        <time>2025-02-26T21:10:16.648Z</time>
      </trkpt>
      <trkpt lat="49.92064705118537" lon="4.527918342500925">
        <ele>378.79</ele>
        <time>2025-02-26T21:10:29.510Z</time>
      </trkpt>
      <trkpt lat="49.920781161636114" lon="4.5276502054184675">
        <ele>378.76</ele>
        <time>2025-02-26T21:10:42.379Z</time>
      </trkpt>
      <trkpt lat="49.92091527208686" lon="4.52738206833601">
        <ele>378.73</ele>
        <time>2025-02-26T21:10:55.256Z</time>
      </trkpt>
      <trkpt lat="49.92104871198535" lon="4.527115356177092">
        <ele>378.74</ele>
        <time>2025-02-26T21:11:08.140Z</time>
      </trkpt>
      <trkpt lat="49.92118156515062" lon="4.526822743937373">
        <ele>378.75</ele>
        <time>2025-02-26T21:11:21.032Z</time>
      </trkpt>
      <trkpt lat="49.92131399922073" lon="4.526531305164099">
        <ele>378.79</ele>
        <time>2025-02-26T21:11:33.931Z</time>
      </trkpt>
      <trkpt lat="49.9213982373476" lon="4.526386968791485">
        <ele>378.83</ele>
        <time>2025-02-26T21:11:46.835Z</time>
      </trkpt>
      <trkpt lat="49.92157442495227" lon="4.526127716526389">
        <ele>378.83</ele>
        <time>2025-02-26T21:11:59.747Z</time>
      </trkpt>
      <trkpt lat="49.921750193461776" lon="4.525869302451611">
        <ele>378.91</ele>
        <time>2025-02-26T21:12:12.667Z</time>
      </trkpt>
      <trkpt lat="49.92198538966477" lon="4.525629831478">
        <ele>379.04</ele>
        <time>2025-02-26T21:12:25.596Z</time>
      </trkpt>
      <trkpt lat="49.922220250591636" lon="4.525390863418579">
        <ele>379.19</ele>
        <time>2025-02-26T21:12:38.535Z</time>
      </trkpt>
      <trkpt lat="49.922299794852734" lon="4.525286676362157">
        <ele>379.35</ele>
        <time>2025-02-26T21:12:51.477Z</time>
      </trkpt>
      <trkpt lat="49.92250280454755" lon="4.524964476004243">
        <ele>379.57</ele>
        <time>2025-02-26T21:13:04.429Z</time>
      </trkpt>
      <trkpt lat="49.922705395147204" lon="4.524643197655678">
        <ele>379.82</ele>
        <time>2025-02-26T21:13:17.390Z</time>
      </trkpt>
      <trkpt lat="49.92288652807474" lon="4.524395847693086">
        <ele>380.09</ele>
        <time>2025-02-26T21:13:30.359Z</time>
      </trkpt>
      <trkpt lat="49.92306724190712" lon="4.524149168282747">
        <ele>380.36</ele>
        <time>2025-02-26T21:13:43.337Z</time>
      </trkpt>
      <trkpt lat="49.923223899677396" lon="4.523860244080424">
        <ele>380.59</ele>
        <time>2025-02-26T21:13:56.323Z</time>
      </trkpt>
      <trkpt lat="49.92340729571879" lon="4.523578779771924">
        <ele>380.81</ele>
        <time>2025-02-26T21:14:09.317Z</time>
      </trkpt>
      <trkpt lat="49.92351332679391" lon="4.523343164473772">
        <ele>381.07</ele>
        <time>2025-02-26T21:14:22.317Z</time>
      </trkpt>
      <trkpt lat="49.923533108085394" lon="4.5232446771115065">
        <ele>381.29</ele>
        <time>2025-02-26T21:14:35.320Z</time>
      </trkpt>
      <trkpt lat="49.92351391352713" lon="4.523128671571612">
        <ele>381.53</ele>
        <time>2025-02-26T21:14:48.325Z</time>
      </trkpt>
      <trkpt lat="49.92340729571879" lon="4.523063292726874">
        <ele>381.77</ele>
        <time>2025-02-26T21:15:01.334Z</time>
      </trkpt>
      <trkpt lat="49.92317997850478" lon="4.5230102352797985">
        <ele>382.05</ele>
        <time>2025-02-26T21:15:14.351Z</time>
      </trkpt>
      <trkpt lat="49.9229527451098" lon="4.522957345470786">
        <ele>382.32</ele>
        <time>2025-02-26T21:15:27.375Z</time>
      </trkpt>
      <trkpt lat="49.92277689278126" lon="4.522883417084813">
        <ele>382.56</ele>
        <time>2025-02-26T21:15:40.405Z</time>
      </trkpt>
      <trkpt lat="49.922626689076424" lon="4.5227540004998446">
        <ele>382.78</ele>
        <time>2025-02-26T21:15:53.441Z</time>
      </trkpt>
      <trkpt lat="49.92261671461165" lon="4.522566245868802">
        <ele>383.0</ele>
        <time>2025-02-26T21:16:06.481Z</time>
      </trkpt>
      <trkpt lat="49.922653678804636" lon="4.522147485986352">
        <ele>383.2</ele>
        <time>2025-02-26T21:16:19.530Z</time>
      </trkpt>
      <trkpt lat="49.9227038025856" lon="4.521890664473176">
        <ele>383.37</ele>
        <time>2025-02-26T21:16:32.585Z</time>
      </trkpt>
      <trkpt lat="49.922681506723166" lon="4.521715147420764">
        <ele>383.56</ele>
        <time>2025-02-26T21:16:45.644Z</time>
      </trkpt>
      <trkpt lat="49.922529039904475" lon="4.521464444696903">
        <ele>383.78</ele>
        <time>2025-02-26T21:16:58.710Z</time>
      </trkpt>
      <trkpt lat="49.92237715981901" lon="4.52121458016336">
        <ele>383.99</ele>
        <time>2025-02-26T21:17:11.784Z</time>
      </trkpt>
      <trkpt lat="49.922237349674106" lon="4.5210743509233">
        <ele>384.21</ele>
        <time>2025-02-26T21:17:24.863Z</time>
      </trkpt>
      <trkpt lat="49.922102903947234" lon="4.520909897983074">
        <ele>384.41</ele>
        <time>2025-02-26T21:17:37.948Z</time>
      </trkpt>
      <trkpt lat="49.92196879349649" lon="4.520745864138007">
        <ele>384.6</ele>
        <time>2025-02-26T21:17:51.039Z</time>
      </trkpt>
      <trkpt lat="49.921820517629385" lon="4.52072792686522">
        <ele>384.78</ele>
        <time>2025-02-26T21:18:04.135Z</time>
      </trkpt>
      <trkpt lat="49.92160786874592" lon="4.520524246618152">
        <ele>384.94</ele>
        <time>2025-02-26T21:18:17.239Z</time>
      </trkpt>
      <trkpt lat="49.921453557908535" lon="4.520335318520665">
        <ele>385.07</ele>
        <time>2025-02-26T21:18:30.350Z</time>
      </trkpt>
      <trkpt lat="49.92139915935695" lon="4.520075060427189">
        <ele>385.17</ele>
        <time>2025-02-26T21:18:43.467Z</time>
      </trkpt>
      <trkpt lat="49.921459928154945" lon="4.5198805164545774">
        <ele>385.23</ele>
        <time>2025-02-26T21:18:56.588Z</time>
      </trkpt>
      <trkpt lat="49.92157836444676" lon="4.519613049924374">
        <ele>385.24</ele>
        <time>2025-02-26T21:19:09.716Z</time>
      </trkpt>
      <trkpt lat="49.92177131585777" lon="4.519359497353435">
        <ele>385.24</ele>
        <time>2025-02-26T21:19:22.853Z</time>
      </trkpt>
      <trkpt lat="49.92185337468982" lon="4.519222788512707">
        <ele>385.2</ele>
        <time>2025-02-26T21:19:35.994Z</time>
      </trkpt>
      <trkpt lat="49.92201866582036" lon="4.519090186804533">
        <ele>385.11</ele>
        <time>2025-02-26T21:19:49.141Z</time>
      </trkpt>
      <trkpt lat="49.92218378931284" lon="4.518957752734423">
        <ele>384.99</ele>
        <time>2025-02-26T21:20:02.294Z</time>
      </trkpt>
      <trkpt lat="49.92235226556659" lon="4.518865132704377">
        <ele>384.86</ele>
        <time>2025-02-26T21:20:15.453Z</time>
      </trkpt>
      <trkpt lat="49.92257371544838" lon="4.518864378333092">
        <ele>384.7</ele>
        <time>2025-02-26T21:20:28.619Z</time>
      </trkpt>
      <trkpt lat="49.922766499221325" lon="4.518780391663313">
        <ele>384.51</ele>
        <time>2025-02-26T21:20:41.792Z</time>
      </trkpt>
      <trkpt lat="49.92279214784503" lon="4.51878709718585">
        <ele>384.38</ele>
        <time>2025-02-26T21:20:54.966Z</time>
      </trkpt>
      <trkpt lat="49.92290806956589" lon="4.518891870975494">
        <ele>384.22</ele>
        <time>2025-02-26T21:21:08.144Z</time>
      </trkpt>
      <trkpt lat="49.923052825033665" lon="4.519074093550444">
        <ele>384.03</ele>
        <time>2025-02-26T21:21:21.329Z</time>
      </trkpt>
      <trkpt lat="49.92311652749777" lon="4.519097479060292">
        <ele>383.85</ele>
        <time>2025-02-26T21:21:34.516Z</time>
      </trkpt>
      <trkpt lat="49.9233084730804" lon="4.518941072747111">
        <ele>383.64</ele>
        <time>2025-02-26T21:21:47.710Z</time>
      </trkpt>
      <trkpt lat="49.923500418663025" lon="4.518784750252962">
        <ele>383.46</ele>
        <time>2025-02-26T21:22:00.911Z</time>
      </trkpt>
      <trkpt lat="49.92369211278856" lon="4.518628679215908">
        <ele>383.26</ele>
        <time>2025-02-26T21:22:14.120Z</time>
      </trkpt>
      <trkpt lat="49.92373611778021" lon="4.518560199066997">
        <ele>383.07</ele>
        <time>2025-02-26T21:22:27.331Z</time>
      </trkpt>
      <trkpt lat="49.92372186854482" lon="4.518467411398888">
        <ele>382.89</ele>
        <time>2025-02-26T21:22:40.544Z</time>
      </trkpt>
      <trkpt lat="49.92366244085133" lon="4.518314357846975">
        <ele>382.7</ele>
        <time>2025-02-26T21:22:53.761Z</time>
      </trkpt>
      <trkpt lat="49.92367694154382" lon="4.5182819198817015">
        <ele>382.46</ele>
        <time>2025-02-26T21:23:06.978Z</time>
      </trkpt>
      <trkpt lat="49.92369890213013" lon="4.518261132761836">
        <ele>382.21</ele>
        <time>2025-02-26T21:23:20.196Z</time>
      </trkpt>
      <trkpt lat="49.92377023212612" lon="4.518247386440635">
        <ele>381.93</ele>
        <time>2025-02-26T21:23:33.417Z</time>
      </trkpt>
      <trkpt lat="49.92384457960725" lon="4.5182545110583305">
        <ele>381.65</ele>
        <time>2025-02-26T21:23:46.640Z</time>
      </trkpt>
      <trkpt lat="49.92395656183362" lon="4.518239423632622">
        <ele>381.36</ele>
        <time>2025-02-26T21:23:59.867Z</time>
      </trkpt>
      <trkpt lat="49.92411531507969" lon="4.5179293770343065">
        <ele>381.09</ele>
        <time>2025-02-26T21:24:13.102Z</time>
      </trkpt>
      <trkpt lat="49.92427356541157" lon="4.517620420083404">
        <ele>380.81</ele>
        <time>2025-02-26T21:24:26.346Z</time>
      </trkpt>
      <trkpt lat="49.924416057765484" lon="4.5172711461782455">
        <ele>380.5</ele>
        <time>2025-02-26T21:24:39.599Z</time>
      </trkpt>
      <trkpt lat="49.9245688598603" lon="4.516974929720163">
        <ele>380.22</ele>
        <time>2025-02-26T21:24:52.860Z</time>
      </trkpt>
      <trkpt lat="49.92472124285996" lon="4.5166798029094934">
        <ele>379.9</ele>
        <time>2025-02-26T21:25:06.129Z</time>
      </trkpt>
      <trkpt lat="49.924856862053275" lon="4.516493221744895">
        <ele>379.62</ele>
        <time>2025-02-26T21:25:19.404Z</time>
      </trkpt>
      <trkpt lat="49.92490539327264" lon="4.5164712611585855">
        <ele>379.39</ele>
        <time>2025-02-26T21:25:32.681Z</time>
      </trkpt>
      <trkpt lat="49.92505366913974" lon="4.516513757407665">
        <ele>379.17</ele>
        <time>2025-02-26T21:25:45.963Z</time>
      </trkpt>
      <trkpt lat="49.92508300580084" lon="4.51654527336359">
        <ele>378.99</ele>
        <time>2025-02-26T21:25:59.246Z</time>
      </trkpt>
      <trkpt lat="49.925079233944416" lon="4.5165325328707695">
        <ele>378.84</ele>
        <time>2025-02-26T21:26:12.529Z</time>
      </trkpt>
      <trkpt lat="49.92524636909366" lon="4.516784241423011">
        <ele>378.69</ele>
        <time>2025-02-26T21:26:25.820Z</time>
      </trkpt>
      <trkpt lat="49.92541316896677" lon="4.517035279422998">
        <ele>378.57</ele>
        <time>2025-02-26T21:26:39.119Z</time>
      </trkpt>
      <trkpt lat="49.92555867880583" lon="4.5172069407999516">
        <ele>378.46</ele>
        <time>2025-02-26T21:26:52.424Z</time>
      </trkpt>
      <trkpt lat="49.92560913786292" lon="4.517234181985259">
        <ele>378.37</ele>
        <time>2025-02-26T21:27:05.731Z</time>
      </trkpt>
      <trkpt lat="49.9258088786155" lon="4.517273493111134">
        <ele>378.3</ele>
        <time>2025-02-26T21:27:19.045Z</time>
      </trkpt>
      <trkpt lat="49.92586771957576" lon="4.517264943569899">
        <ele>378.23</ele>
        <time>2025-02-26T21:27:32.361Z</time>
      </trkpt>
      <trkpt lat="49.926052540540695" lon="4.517170395702124">
        <ele>378.19</ele>
        <time>2025-02-26T21:27:45.683Z</time>
      </trkpt>
      <trkpt lat="49.92623736150563" lon="4.51707593165338">
        <ele>378.15</ele>
        <time>2025-02-26T21:27:59.012Z</time>
      </trkpt>
      <trkpt lat="49.92637541145086" lon="4.517086073756218">
        <ele>378.15</ele>
        <time>2025-02-26T21:28:12.345Z</time>
      </trkpt>
      <trkpt lat="49.92656283080578" lon="4.517002422362566">
        <ele>378.14</ele>
        <time>2025-02-26T21:28:25.685Z</time>
      </trkpt>
      <trkpt lat="49.9266168102622" lon="4.5170175936073065">
        <ele>378.1</ele>
        <time>2025-02-26T21:28:39.026Z</time>
      </trkpt>
      <trkpt lat="49.92667766287923" lon="4.517108034342527">
        <ele>378.05</ele>
        <time>2025-02-26T21:28:52.370Z</time>
      </trkpt>
      <trkpt lat="49.92672611027956" lon="4.517357898876071">
        <ele>377.99</ele>
        <time>2025-02-26T21:29:05.720Z</time>
      </trkpt>
      <trkpt lat="49.92678662762046" lon="4.517490584403276">
        <ele>377.93</ele>
        <time>2025-02-26T21:29:19.073Z</time>
      </trkpt>
      <trkpt lat="49.92682250216603" lon="4.517794344574213">
        <ele>377.85</ele>
        <time>2025-02-26T21:29:32.433Z</time>
      </trkpt>
      <trkpt lat="49.92685820907354" lon="4.518096596002579">
        <ele>377.78</ele>
        <time>2025-02-26T21:29:45.800Z</time>
      </trkpt>
      <trkpt lat="49.92694311775267" lon="4.518304215744138">
        <ele>377.69</ele>
        <time>2025-02-26T21:29:59.172Z</time>
      </trkpt>
      <trkpt lat="49.92705543525517" lon="4.5184483006596565">
        <ele>377.68</ele>
        <time>2025-02-26T21:30:12.549Z</time>
      </trkpt>
      <trkpt lat="49.92725626565516" lon="4.518527844920754">
        <ele>377.65</ele>
        <time>2025-02-26T21:30:25.933Z</time>
      </trkpt>
      <trkpt lat="49.92745709605515" lon="4.518607389181852">
        <ele>377.65</ele>
        <time>2025-02-26T21:30:39.324Z</time>
      </trkpt>
      <trkpt lat="49.92763445712626" lon="4.518664553761482">
        <ele>377.69</ele>
        <time>2025-02-26T21:30:52.721Z</time>
      </trkpt>
      <trkpt lat="49.92781181819737" lon="4.518721802160144">
        <ele>377.81</ele>
        <time>2025-02-26T21:31:06.124Z</time>
      </trkpt>
      <trkpt lat="49.92796822451055" lon="4.518830347806215">
        <ele>377.96</ele>
        <time>2025-02-26T21:31:19.532Z</time>
      </trkpt>
      <trkpt lat="49.927955735474825" lon="4.518975270912051">
        <ele>378.19</ele>
        <time>2025-02-26T21:31:32.944Z</time>
      </trkpt>
      <trkpt lat="49.92787820287049" lon="4.5193076971918344">
        <ele>378.42</ele>
        <time>2025-02-26T21:31:46.363Z</time>
      </trkpt>
      <trkpt lat="49.92780067026615" lon="4.519640207290649">
        <ele>378.83</ele>
        <time>2025-02-26T21:31:59.790Z</time>
      </trkpt>
      <trkpt lat="49.92772380821407" lon="4.519970286637545">
        <ele>379.18</ele>
        <time>2025-02-26T21:32:13.224Z</time>
      </trkpt>
      <trkpt lat="49.92760612629354" lon="4.520311094820499">
        <ele>379.62</ele>
        <time>2025-02-26T21:32:26.667Z</time>
      </trkpt>
      <trkpt lat="49.92747620679438" lon="4.520555594936013">
        <ele>379.99</ele>
        <time>2025-02-26T21:32:40.117Z</time>
      </trkpt>
      <trkpt lat="49.927393812686205" lon="4.520657267421484">
        <ele>380.34</ele>
        <time>2025-02-26T21:32:53.570Z</time>
      </trkpt>
      <trkpt lat="49.927416779100895" lon="4.520877376198769">
        <ele>380.63</ele>
        <time>2025-02-26T21:33:07.028Z</time>
      </trkpt>
      <trkpt lat="49.92736724205315" lon="4.520925069227815">
        <ele>380.95</ele>
        <time>2025-02-26T21:33:20.488Z</time>
      </trkpt>
      <trkpt lat="49.927299935370684" lon="4.52108558267355">
        <ele>381.28</ele>
        <time>2025-02-26T21:33:33.952Z</time>
      </trkpt>
      <trkpt lat="49.92725676856935" lon="4.5210921205580235">
        <ele>381.61</ele>
        <time>2025-02-26T21:33:47.417Z</time>
      </trkpt>
      <trkpt lat="49.92708519101143" lon="4.520974354818463">
        <ele>381.99</ele>
        <time>2025-02-26T21:34:00.889Z</time>
      </trkpt>
      <trkpt lat="49.9269138649106" lon="4.520856756716967">
        <ele>382.36</ele>
        <time>2025-02-26T21:34:14.367Z</time>
      </trkpt>
      <trkpt lat="49.926813868805766" lon="4.52082809060812">
        <ele>382.64</ele>
        <time>2025-02-26T21:34:27.848Z</time>
      </trkpt>
      <trkpt lat="49.92669518105686" lon="4.520818451419473">
        <ele>382.88</ele>
        <time>2025-02-26T21:34:41.333Z</time>
      </trkpt>
      <trkpt lat="49.926692917943" lon="4.52051343396306">
        <ele>383.06</ele>
        <time>2025-02-26T21:34:54.825Z</time>
      </trkpt>
      <trkpt lat="49.926691660657525" lon="4.520352082327008">
        <ele>383.26</ele>
        <time>2025-02-26T21:35:08.320Z</time>
      </trkpt>
    </trkseg>
  </trk>
</gpx>
