<?xml version="1.0" encoding="UTF-8"?>
<gpx xmlns="http://www.topografix.com/GPX/1/1" xmlns:xsi="http://www.w3.org/2001/XMLSchema-instance" version="1.1" creator="Trace de Trail" xsi:schemaLocation="http://www.topografix.com/GPX/1/1 http://www.topografix.com/GPX/1/1/gpx.xsd">
  <metadata>
    <name>Trail du lac de Paladru 2025 - Ultra-Trail du Pays Voironnais - 83km UYN</name>
    <desc>Parcours créé sur Trace de Trail</desc>
    <link href="https://tracedetrail.fr/fr/trace/270360">
      <text>Cartographie du parcours</text>
    </link>
    <time>2025-04-16T06:29:48+00:00</time>
  </metadata>
  <wpt lat="45.46743" lon="5.55895">
    <time>2025-04-16T06:30:24+00:00</time>
    <name>direction_12</name>
    <cmt>Continuer légèrement à gauche</cmt>
    <desc>Continuer légèrement à gauche</desc>
    <type>Direction</type>
  </wpt>
  <wpt lat="45.47091" lon="5.56473">
    <time>2025-04-16T06:32:54+00:00</time>
    <name>direction_5</name>
    <cmt>Tourner légèrement à droite sur Chemin DES MARAIS</cmt>
    <desc>Tourner légèrement à droite sur Chemin DES MARAIS</desc>
    <type>Direction</type>
  </wpt>
  <wpt lat="45.47426" lon="5.55618">
    <time>2025-04-16T06:35:33+00:00</time>
    <name>direction_0</name>
    <cmt>Tourner à gauche sur Chemin DU PETIT PORT</cmt>
    <desc>Tourner à gauche sur Chemin DU PETIT PORT</desc>
    <type>Direction</type>
  </wpt>
  <wpt lat="45.47303" lon="5.55168">
    <time>2025-04-16T06:37:18+00:00</time>
    <name>direction_13</name>
    <cmt>Continuer légèrement à droite sur Rue DU PETIT PORT</cmt>
    <desc>Continuer légèrement à droite sur Rue DU PETIT PORT</desc>
    <type>Direction</type>
  </wpt>
  <wpt lat="45.47381" lon="5.55099">
    <time>2025-04-16T06:38:15+00:00</time>
    <name>direction_0</name>
    <cmt>Tourner à gauche sur Rue DE LA MORGERIE</cmt>
    <desc>Tourner à gauche sur Rue DE LA MORGERIE</desc>
    <type>Direction</type>
  </wpt>
  <wpt lat="45.47471" lon="5.54566">
    <time>2025-04-16T06:40:15+00:00</time>
    <name>direction_0</name>
    <cmt>Tourner à gauche sur Chemin DES FAYES</cmt>
    <desc>Tourner à gauche sur Chemin DES FAYES</desc>
    <type>Direction</type>
  </wpt>
  <wpt lat="45.47628" lon="5.53459">
    <time>2025-04-16T06:44:51+00:00</time>
    <name>direction_1</name>
    <cmt>Tourner à droite sur Chemin DU BOIS RIVAL</cmt>
    <desc>Tourner à droite sur Chemin DU BOIS RIVAL</desc>
    <type>Direction</type>
  </wpt>
  <wpt lat="45.47908" lon="5.53451">
    <time>2025-04-16T06:46:03+00:00</time>
    <name>direction_0</name>
    <cmt>Tourner à gauche sur Chemin DE SIMANDRE</cmt>
    <desc>Tourner à gauche sur Chemin DE SIMANDRE</desc>
    <type>Direction</type>
  </wpt>
  <wpt lat="45.47978" lon="5.5344">
    <time>2025-04-16T06:46:30+00:00</time>
    <name>direction_0</name>
    <cmt>Tourner à gauche</cmt>
    <desc>Tourner à gauche</desc>
    <type>Direction</type>
  </wpt>
  <wpt lat="45.47286" lon="5.52117">
    <time>2025-04-16T06:50:12+00:00</time>
    <name>direction_12</name>
    <cmt>Continuer légèrement à gauche</cmt>
    <desc>Continuer légèrement à gauche</desc>
    <type>Direction</type>
  </wpt>
  <wpt lat="45.46392" lon="5.51989">
    <time>2025-04-16T06:52:51+00:00</time>
    <name>direction_2</name>
    <cmt>Tournez franchement à gauche</cmt>
    <desc>Tournez franchement à gauche</desc>
    <type>Direction</type>
  </wpt>
  <wpt lat="45.46527" lon="5.52666">
    <time>2025-04-16T06:55:54+00:00</time>
    <name>direction_5</name>
    <cmt>À la bifurcation, prendre légèrement à droite</cmt>
    <desc>À la bifurcation, prendre légèrement à droite</desc>
    <type>Direction</type>
  </wpt>
  <wpt lat="45.46611" lon="5.52841">
    <time>2025-04-16T06:56:24+00:00</time>
    <name>direction_3</name>
    <cmt>Continuer franchement à droite</cmt>
    <desc>Continuer franchement à droite</desc>
    <type>Direction</type>
  </wpt>
  <wpt lat="45.45609" lon="5.52131">
    <time>2025-04-16T07:02:06+00:00</time>
    <name>direction_12</name>
    <cmt>Tournez à gauche</cmt>
    <desc>Tournez à gauche</desc>
    <type>Direction</type>
  </wpt>
  <wpt lat="45.4528" lon="5.51782">
    <time>2025-04-16T07:02:51+00:00</time>
    <name>direction_0</name>
    <cmt>Tournez à gauche sur Montée de la Madone</cmt>
    <desc>Tournez à gauche sur Montée de la Madone</desc>
    <type>Direction</type>
  </wpt>
  <wpt lat="45.45334" lon="5.50876">
    <time>2025-04-16T07:05:18+00:00</time>
    <name>direction_1</name>
    <cmt>Tourner à droite sur Route DES MOULINS</cmt>
    <desc>Tourner à droite sur Route DES MOULINS</desc>
    <type>Direction</type>
  </wpt>
  <wpt lat="45.45366" lon="5.50752">
    <time>2025-04-16T07:05:48+00:00</time>
    <name>direction_1</name>
    <cmt>Tourner à droite</cmt>
    <desc>Tourner à droite</desc>
    <type>Direction</type>
  </wpt>
  <wpt lat="45.45307" lon="5.49869">
    <time>2025-04-16T07:10:09+00:00</time>
    <name>direction_0</name>
    <cmt>Tourner à gauche sur Route DE CHASSIGNIEU</cmt>
    <desc>Tourner à gauche sur Route DE CHASSIGNIEU</desc>
    <type>Direction</type>
  </wpt>
  <wpt lat="45.45389" lon="5.49852">
    <time>2025-04-16T07:10:39+00:00</time>
    <name>direction_0</name>
    <cmt>Tourner à gauche</cmt>
    <desc>Tourner à gauche</desc>
    <type>Direction</type>
  </wpt>
  <wpt lat="45.45656" lon="5.49237">
    <time>2025-04-16T07:12:09+00:00</time>
    <name>direction_4</name>
    <cmt>Tournez légerement à gauche</cmt>
    <desc>Tournez légerement à gauche</desc>
    <type>Direction</type>
  </wpt>
  <wpt lat="45.45467" lon="5.4922">
    <time>2025-04-16T07:13:24+00:00</time>
    <name>direction_0</name>
    <cmt>Tournez à gauche</cmt>
    <desc>Tournez à gauche</desc>
    <type>Direction</type>
  </wpt>
  <wpt lat="45.44983" lon="5.4902">
    <time>2025-04-16T07:15:15+00:00</time>
    <name>direction_12</name>
    <cmt>Continuer légèrement à gauche</cmt>
    <desc>Continuer légèrement à gauche</desc>
    <type>Direction</type>
  </wpt>
  <wpt lat="45.44909" lon="5.49097">
    <time>2025-04-16T07:15:39+00:00</time>
    <name>direction_13</name>
    <cmt>Continuer légèrement à droite</cmt>
    <desc>Continuer légèrement à droite</desc>
    <type>Direction</type>
  </wpt>
  <wpt lat="45.44606" lon="5.48196">
    <time>2025-04-16T07:18:45+00:00</time>
    <name>direction_4</name>
    <cmt>À la bifurcation, prendre légèrement à gauche</cmt>
    <desc>À la bifurcation, prendre légèrement à gauche</desc>
    <type>Direction</type>
  </wpt>
  <wpt lat="45.45829" lon="5.47947">
    <time>2025-04-16T07:23:06+00:00</time>
    <name>direction_13</name>
    <cmt>Continuer légèrement à droite</cmt>
    <desc>Continuer légèrement à droite</desc>
    <type>Direction</type>
  </wpt>
  <wpt lat="45.45856" lon="5.48022">
    <time>2025-04-16T07:23:27+00:00</time>
    <name>direction_4</name>
    <cmt>À la bifurcation, prendre légèrement à gauche</cmt>
    <desc>À la bifurcation, prendre légèrement à gauche</desc>
    <type>Direction</type>
  </wpt>
  <wpt lat="45.46513" lon="5.48556">
    <time>2025-04-16T07:27:06+00:00</time>
    <name>direction_4</name>
    <cmt>À la bifurcation, prendre légèrement à gauche sur Chemin DE RIPAILLON</cmt>
    <desc>À la bifurcation, prendre légèrement à gauche sur Chemin DE RIPAILLON</desc>
    <type>Direction</type>
  </wpt>
  <wpt lat="45.4691" lon="5.48206">
    <time>2025-04-16T07:28:36+00:00</time>
    <name>direction_0</name>
    <cmt>Tourner à gauche sur Chemin DE LA COMBE MOUNARD</cmt>
    <desc>Tourner à gauche sur Chemin DE LA COMBE MOUNARD</desc>
    <type>Direction</type>
  </wpt>
  <wpt lat="45.46634" lon="5.47241">
    <time>2025-04-16T07:32:18+00:00</time>
    <name>direction_0</name>
    <cmt>Tourner à gauche</cmt>
    <desc>Tourner à gauche</desc>
    <type>Direction</type>
  </wpt>
  <wpt lat="45.46485" lon="5.47212">
    <time>2025-04-16T07:32:54+00:00</time>
    <name>direction_13</name>
    <cmt>Continuer légèrement à droite</cmt>
    <desc>Continuer légèrement à droite</desc>
    <type>Direction</type>
  </wpt>
  <wpt lat="45.46364" lon="5.46473">
    <time>2025-04-16T07:34:36+00:00</time>
    <name>direction_13</name>
    <cmt>Continuer légèrement à droite</cmt>
    <desc>Continuer légèrement à droite</desc>
    <type>Direction</type>
  </wpt>
  <wpt lat="45.46452" lon="5.46117">
    <time>2025-04-16T07:36:24+00:00</time>
    <name>direction_12</name>
    <cmt>Continuer légèrement à gauche</cmt>
    <desc>Continuer légèrement à gauche</desc>
    <type>Direction</type>
  </wpt>
  <wpt lat="45.45978" lon="5.45643">
    <time>2025-04-16T07:38:54+00:00</time>
    <name>direction_5</name>
    <cmt>Tourner légèrement à droite</cmt>
    <desc>Tourner légèrement à droite</desc>
    <type>Direction</type>
  </wpt>
  <wpt lat="45.45946" lon="5.45622">
    <time>2025-04-16T07:39:03+00:00</time>
    <name>direction_5</name>
    <cmt>À la bifurcation, prendre légèrement à droite</cmt>
    <desc>À la bifurcation, prendre légèrement à droite</desc>
    <type>Direction</type>
  </wpt>
  <wpt lat="45.45945" lon="5.4553">
    <time>2025-04-16T07:39:15+00:00</time>
    <name>direction_13</name>
    <cmt>Continuer légèrement à droite</cmt>
    <desc>Continuer légèrement à droite</desc>
    <type>Direction</type>
  </wpt>
  <wpt lat="45.45961" lon="5.45796">
    <time>2025-04-16T07:40:45+00:00</time>
    <name>direction_13</name>
    <cmt>Continuer légèrement à droite</cmt>
    <desc>Continuer légèrement à droite</desc>
    <type>Direction</type>
  </wpt>
  <wpt lat="45.45396" lon="5.46724">
    <time>2025-04-16T07:44:30+00:00</time>
    <name>direction_1</name>
    <cmt>Tournez à droite</cmt>
    <desc>Tournez à droite</desc>
    <type>Direction</type>
  </wpt>
  <wpt lat="45.45075" lon="5.4595">
    <time>2025-04-16T07:46:09+00:00</time>
    <name>direction_1</name>
    <cmt>Tournez à droite</cmt>
    <desc>Tournez à droite</desc>
    <type>Direction</type>
  </wpt>
  <wpt lat="45.44862" lon="5.45512">
    <time>2025-04-16T07:47:51+00:00</time>
    <name>direction_2</name>
    <cmt>Tourner franchement à gauche</cmt>
    <desc>Tourner franchement à gauche</desc>
    <type>Direction</type>
  </wpt>
  <wpt lat="45.44771" lon="5.45832">
    <time>2025-04-16T07:48:39+00:00</time>
    <name>direction_0</name>
    <cmt>Tourner à gauche</cmt>
    <desc>Tourner à gauche</desc>
    <type>Direction</type>
  </wpt>
  <wpt lat="45.45428" lon="5.4683">
    <time>2025-04-16T07:52:00+00:00</time>
    <name>direction_13</name>
    <cmt>Continuer légèrement à droite</cmt>
    <desc>Continuer légèrement à droite</desc>
    <type>Direction</type>
  </wpt>
  <wpt lat="45.4452" lon="5.46663">
    <time>2025-04-16T07:59:57+00:00</time>
    <name>direction_12</name>
    <cmt>Continuer légèrement à gauche</cmt>
    <desc>Continuer légèrement à gauche</desc>
    <type>Direction</type>
  </wpt>
  <wpt lat="45.43855" lon="5.45775">
    <time>2025-04-16T08:05:06+00:00</time>
    <name>direction_2</name>
    <cmt>Continuer franchement à gauche</cmt>
    <desc>Continuer franchement à gauche</desc>
    <type>Direction</type>
  </wpt>
  <wpt lat="45.43672" lon="5.45605">
    <time>2025-04-16T08:06:03+00:00</time>
    <name>direction_12</name>
    <cmt>Continuer légèrement à gauche</cmt>
    <desc>Continuer légèrement à gauche</desc>
    <type>Direction</type>
  </wpt>
  <wpt lat="45.43835" lon="5.45518">
    <time>2025-04-16T08:07:00+00:00</time>
    <name>direction_12</name>
    <cmt>Continuer légèrement à gauche</cmt>
    <desc>Continuer légèrement à gauche</desc>
    <type>Direction</type>
  </wpt>
  <wpt lat="45.44096" lon="5.45342">
    <time>2025-04-16T08:08:12+00:00</time>
    <name>direction_2</name>
    <cmt>Continuer franchement à gauche</cmt>
    <desc>Continuer franchement à gauche</desc>
    <type>Direction</type>
  </wpt>
  <wpt lat="45.43921" lon="5.45243">
    <time>2025-04-16T08:09:18+00:00</time>
    <name>direction_13</name>
    <cmt>Continuer légèrement à droite</cmt>
    <desc>Continuer légèrement à droite</desc>
    <type>Direction</type>
  </wpt>
  <wpt lat="45.43828" lon="5.44839">
    <time>2025-04-16T08:11:03+00:00</time>
    <name>direction_2</name>
    <cmt>Continuer franchement à gauche</cmt>
    <desc>Continuer franchement à gauche</desc>
    <type>Direction</type>
  </wpt>
  <wpt lat="45.43312" lon="5.44792">
    <time>2025-04-16T08:13:30+00:00</time>
    <name>direction_12</name>
    <cmt>Continuer légèrement à gauche</cmt>
    <desc>Continuer légèrement à gauche</desc>
    <type>Direction</type>
  </wpt>
  <wpt lat="45.43164" lon="5.44895">
    <time>2025-04-16T08:14:06+00:00</time>
    <name>direction_12</name>
    <cmt>Continuer légèrement à gauche</cmt>
    <desc>Continuer légèrement à gauche</desc>
    <type>Direction</type>
  </wpt>
  <wpt lat="45.42982" lon="5.45219">
    <time>2025-04-16T08:15:09+00:00</time>
    <name>direction_12</name>
    <cmt>Continuer légèrement à gauche</cmt>
    <desc>Continuer légèrement à gauche</desc>
    <type>Direction</type>
  </wpt>
  <wpt lat="45.42619" lon="5.46424">
    <time>2025-04-16T08:19:18+00:00</time>
    <name>direction_1</name>
    <cmt>Tourner à droite sur Chemin DU CALVAIRE</cmt>
    <desc>Tourner à droite sur Chemin DU CALVAIRE</desc>
    <type>Direction</type>
  </wpt>
  <wpt lat="45.41443" lon="5.47284">
    <time>2025-04-16T08:24:12+00:00</time>
    <name>direction_13</name>
    <cmt>Continuer légèrement à droite</cmt>
    <desc>Continuer légèrement à droite</desc>
    <type>Direction</type>
  </wpt>
  <wpt lat="45.41314" lon="5.47324">
    <time>2025-04-16T08:24:48+00:00</time>
    <name>direction_13</name>
    <cmt>Continuer légèrement à droite</cmt>
    <desc>Continuer légèrement à droite</desc>
    <type>Direction</type>
  </wpt>
  <wpt lat="45.41154" lon="5.47415">
    <time>2025-04-16T08:25:30+00:00</time>
    <name>direction_12</name>
    <cmt>Continuer légèrement à gauche</cmt>
    <desc>Continuer légèrement à gauche</desc>
    <type>Direction</type>
  </wpt>
  <wpt lat="45.41148" lon="5.47447">
    <time>2025-04-16T08:25:39+00:00</time>
    <name>direction_3</name>
    <cmt>Continuer franchement à droite</cmt>
    <desc>Continuer franchement à droite</desc>
    <type>Direction</type>
  </wpt>
  <wpt lat="45.41148" lon="5.47447">
    <time>2025-04-16T08:25:45+00:00</time>
    <name>direction_12</name>
    <cmt>Continuer légèrement à gauche</cmt>
    <desc>Continuer légèrement à gauche</desc>
    <type>Direction</type>
  </wpt>
  <wpt lat="45.41259" lon="5.47988">
    <time>2025-04-16T08:27:12+00:00</time>
    <name>direction_3</name>
    <cmt>Tournez franchement à droite</cmt>
    <desc>Tournez franchement à droite</desc>
    <type>Direction</type>
  </wpt>
  <wpt lat="45.41211" lon="5.4796">
    <time>2025-04-16T08:27:21+00:00</time>
    <name>direction_4</name>
    <cmt>Tournez légerement à gauche sur l tour du L evatel</cmt>
    <desc>Tournez légerement à gauche sur l tour du L evatel</desc>
    <type>Direction</type>
  </wpt>
  <wpt lat="45.41019" lon="5.48123">
    <time>2025-04-16T08:27:51+00:00</time>
    <name>direction_4</name>
    <cmt>Tournez légerement à gauche</cmt>
    <desc>Tournez légerement à gauche</desc>
    <type>Direction</type>
  </wpt>
  <wpt lat="45.40766" lon="5.48276">
    <time>2025-04-16T08:28:27+00:00</time>
    <name>direction_2</name>
    <cmt>Continuer franchement à gauche</cmt>
    <desc>Continuer franchement à gauche</desc>
    <type>Direction</type>
  </wpt>
  <wpt lat="45.41121" lon="5.48634">
    <time>2025-04-16T08:31:06+00:00</time>
    <name>direction_13</name>
    <cmt>Continuer légèrement à droite</cmt>
    <desc>Continuer légèrement à droite</desc>
    <type>Direction</type>
  </wpt>
  <wpt lat="45.40103" lon="5.49912">
    <time>2025-04-16T08:36:39+00:00</time>
    <name>direction_4</name>
    <cmt>Tournez légerement à gauche</cmt>
    <desc>Tournez légerement à gauche</desc>
    <type>Direction</type>
  </wpt>
  <wpt lat="45.40071" lon="5.49904">
    <time>2025-04-16T08:36:45+00:00</time>
    <name>direction_0</name>
    <cmt>Tournez à gauche</cmt>
    <desc>Tournez à gauche</desc>
    <type>Direction</type>
  </wpt>
  <wpt lat="45.40069" lon="5.50546">
    <time>2025-04-16T08:37:57+00:00</time>
    <name>direction_12</name>
    <cmt>Continuer légèrement à gauche</cmt>
    <desc>Continuer légèrement à gauche</desc>
    <type>Direction</type>
  </wpt>
  <wpt lat="45.40623" lon="5.51509">
    <time>2025-04-16T08:42:18+00:00</time>
    <name>direction_0</name>
    <cmt>Tourner à gauche</cmt>
    <desc>Tourner à gauche</desc>
    <type>Direction</type>
  </wpt>
  <wpt lat="45.40883" lon="5.49523">
    <time>2025-04-16T08:46:51+00:00</time>
    <name>direction_13</name>
    <cmt>Continuer légèrement à droite</cmt>
    <desc>Continuer légèrement à droite</desc>
    <type>Direction</type>
  </wpt>
  <wpt lat="45.40936" lon="5.49563">
    <time>2025-04-16T08:47:03+00:00</time>
    <name>direction_12</name>
    <cmt>Continuer légèrement à gauche</cmt>
    <desc>Continuer légèrement à gauche</desc>
    <type>Direction</type>
  </wpt>
  <wpt lat="45.41168" lon="5.49957">
    <time>2025-04-16T08:49:36+00:00</time>
    <name>direction_0</name>
    <cmt>Tournez à gauche sur Combe Moinat</cmt>
    <desc>Tournez à gauche sur Combe Moinat</desc>
    <type>Direction</type>
  </wpt>
  <wpt lat="45.41448" lon="5.50141">
    <time>2025-04-16T08:52:33+00:00</time>
    <name>direction_5</name>
    <cmt>À la bifurcation, prendre légèrement à droite</cmt>
    <desc>À la bifurcation, prendre légèrement à droite</desc>
    <type>Direction</type>
  </wpt>
  <wpt lat="45.42085" lon="5.508">
    <time>2025-04-16T08:55:45+00:00</time>
    <name>direction_13</name>
    <cmt>Continuer légèrement à droite</cmt>
    <desc>Continuer légèrement à droite</desc>
    <type>Direction</type>
  </wpt>
  <wpt lat="45.41997" lon="5.5082">
    <time>2025-04-16T08:56:06+00:00</time>
    <name>direction_12</name>
    <cmt>Continuer légèrement à gauche</cmt>
    <desc>Continuer légèrement à gauche</desc>
    <type>Direction</type>
  </wpt>
  <wpt lat="45.41309" lon="5.52083">
    <time>2025-04-16T09:01:39+00:00</time>
    <name>direction_5</name>
    <cmt>À la bifurcation, prendre légèrement à droite</cmt>
    <desc>À la bifurcation, prendre légèrement à droite</desc>
    <type>Direction</type>
  </wpt>
  <wpt lat="45.40501" lon="5.52381">
    <time>2025-04-16T09:05:48+00:00</time>
    <name>direction_0</name>
    <cmt>Tourner à gauche sur Route DE PLAMBOIS</cmt>
    <desc>Tourner à gauche sur Route DE PLAMBOIS</desc>
    <type>Direction</type>
  </wpt>
  <wpt lat="45.4064" lon="5.52544">
    <time>2025-04-16T09:06:30+00:00</time>
    <name>direction_5</name>
    <cmt>Tourner légèrement à droite</cmt>
    <desc>Tourner légèrement à droite</desc>
    <type>Direction</type>
  </wpt>
  <wpt lat="45.40822" lon="5.52921">
    <time>2025-04-16T09:07:18+00:00</time>
    <name>direction_13</name>
    <cmt>Continuer légèrement à droite</cmt>
    <desc>Continuer légèrement à droite</desc>
    <type>Direction</type>
  </wpt>
  <wpt lat="45.40634" lon="5.53056">
    <time>2025-04-16T09:08:57+00:00</time>
    <name>direction_13</name>
    <cmt>Continuer légèrement à droite</cmt>
    <desc>Continuer légèrement à droite</desc>
    <type>Direction</type>
  </wpt>
  <wpt lat="45.39838" lon="5.52655">
    <time>2025-04-16T09:11:15+00:00</time>
    <name>direction_12</name>
    <cmt>Continuer légèrement à gauche sur Chemin DE BONPERTUIS</cmt>
    <desc>Continuer légèrement à gauche sur Chemin DE BONPERTUIS</desc>
    <type>Direction</type>
  </wpt>
  <wpt lat="45.3964" lon="5.52329">
    <time>2025-04-16T09:12:24+00:00</time>
    <name>direction_2</name>
    <cmt>Tournez franchement à gauche</cmt>
    <desc>Tournez franchement à gauche</desc>
    <type>Direction</type>
  </wpt>
  <wpt lat="45.39499" lon="5.52272">
    <time>2025-04-16T09:12:48+00:00</time>
    <name>direction_1</name>
    <cmt>Tournez à droite</cmt>
    <desc>Tournez à droite</desc>
    <type>Direction</type>
  </wpt>
  <wpt lat="45.39499" lon="5.52272">
    <time>2025-04-16T09:12:57+00:00</time>
    <name>direction_3</name>
    <cmt>Tournez franchement à droite</cmt>
    <desc>Tournez franchement à droite</desc>
    <type>Direction</type>
  </wpt>
  <wpt lat="45.39283" lon="5.52654">
    <time>2025-04-16T09:13:45+00:00</time>
    <name>direction_4</name>
    <cmt>Tournez légerement à gauche</cmt>
    <desc>Tournez légerement à gauche</desc>
    <type>Direction</type>
  </wpt>
  <wpt lat="45.39401" lon="5.52781">
    <time>2025-04-16T09:14:06+00:00</time>
    <name>direction_1</name>
    <cmt>Tournez à droite</cmt>
    <desc>Tournez à droite</desc>
    <type>Direction</type>
  </wpt>
  <wpt lat="45.39463" lon="5.52902">
    <time>2025-04-16T09:14:33+00:00</time>
    <name>direction_0</name>
    <cmt>Tournez à gauche</cmt>
    <desc>Tournez à gauche</desc>
    <type>Direction</type>
  </wpt>
  <wpt lat="45.39475" lon="5.52901">
    <time>2025-04-16T09:14:42+00:00</time>
    <name>direction_5</name>
    <cmt>Tourner légèrement à droite</cmt>
    <desc>Tourner légèrement à droite</desc>
    <type>Direction</type>
  </wpt>
  <wpt lat="45.39498" lon="5.52982">
    <time>2025-04-16T09:15:03+00:00</time>
    <name>direction_1</name>
    <cmt>Tourner à droite</cmt>
    <desc>Tourner à droite</desc>
    <type>Direction</type>
  </wpt>
  <wpt lat="45.39484" lon="5.52975">
    <time>2025-04-16T09:15:09+00:00</time>
    <name>direction_0</name>
    <cmt>Tourner à gauche</cmt>
    <desc>Tourner à gauche</desc>
    <type>Direction</type>
  </wpt>
  <wpt lat="45.39057" lon="5.52804">
    <time>2025-04-16T09:16:36+00:00</time>
    <name>direction_12</name>
    <cmt>Continuer légèrement à gauche</cmt>
    <desc>Continuer légèrement à gauche</desc>
    <type>Direction</type>
  </wpt>
  <wpt lat="45.38961" lon="5.52932">
    <time>2025-04-16T09:17:06+00:00</time>
    <name>direction_1</name>
    <cmt>Tourner à droite</cmt>
    <desc>Tourner à droite</desc>
    <type>Direction</type>
  </wpt>
  <wpt lat="45.39093" lon="5.52959">
    <time>2025-04-16T09:17:39+00:00</time>
    <name>direction_5</name>
    <cmt>Tourner légèrement à droite</cmt>
    <desc>Tourner légèrement à droite</desc>
    <type>Direction</type>
  </wpt>
  <wpt lat="45.38838" lon="5.5341">
    <time>2025-04-16T09:18:48+00:00</time>
    <name>direction_5</name>
    <cmt>À la bifurcation, prendre légèrement à droite</cmt>
    <desc>À la bifurcation, prendre légèrement à droite</desc>
    <type>Direction</type>
  </wpt>
  <wpt lat="45.3866" lon="5.54462">
    <time>2025-04-16T09:21:06+00:00</time>
    <name>direction_5</name>
    <cmt>À la bifurcation, prendre légèrement à droite</cmt>
    <desc>À la bifurcation, prendre légèrement à droite</desc>
    <type>Direction</type>
  </wpt>
  <wpt lat="45.38514" lon="5.56112">
    <time>2025-04-16T09:25:12+00:00</time>
    <name>direction_12</name>
    <cmt>Continuer légèrement à gauche</cmt>
    <desc>Continuer légèrement à gauche</desc>
    <type>Direction</type>
  </wpt>
  <wpt lat="45.38752" lon="5.55912">
    <time>2025-04-16T09:26:00+00:00</time>
    <name>direction_12</name>
    <cmt>Continuer légèrement à gauche</cmt>
    <desc>Continuer légèrement à gauche</desc>
    <type>Direction</type>
  </wpt>
  <wpt lat="45.3899" lon="5.54565">
    <time>2025-04-16T09:29:54+00:00</time>
    <name>direction_1</name>
    <cmt>Tournez à droite</cmt>
    <desc>Tournez à droite</desc>
    <type>Direction</type>
  </wpt>
  <wpt lat="45.38946" lon="5.53838">
    <time>2025-04-16T09:31:06+00:00</time>
    <name>direction_1</name>
    <cmt>Tournez à droite</cmt>
    <desc>Tournez à droite</desc>
    <type>Direction</type>
  </wpt>
  <wpt lat="45.38964" lon="5.53839">
    <time>2025-04-16T09:31:09+00:00</time>
    <name>direction_12</name>
    <cmt>Tournez à gauche</cmt>
    <desc>Tournez à gauche</desc>
    <type>Direction</type>
  </wpt>
  <wpt lat="45.38968" lon="5.53661">
    <time>2025-04-16T09:31:36+00:00</time>
    <name>direction_13</name>
    <cmt>Tournez à droite</cmt>
    <desc>Tournez à droite</desc>
    <type>Direction</type>
  </wpt>
  <wpt lat="45.3929" lon="5.53894">
    <time>2025-04-16T09:33:06+00:00</time>
    <name>direction_2</name>
    <cmt>Tourner franchement à gauche</cmt>
    <desc>Tourner franchement à gauche</desc>
    <type>Direction</type>
  </wpt>
  <wpt lat="45.3929" lon="5.53894">
    <time>2025-04-16T09:33:12+00:00</time>
    <name>direction_0</name>
    <cmt>Tourner à gauche sur Chemin DE LA GORGE DES VOLEURS</cmt>
    <desc>Tourner à gauche sur Chemin DE LA GORGE DES VOLEURS</desc>
    <type>Direction</type>
  </wpt>
  <wpt lat="45.39328" lon="5.53948">
    <time>2025-04-16T09:33:30+00:00</time>
    <name>direction_0</name>
    <cmt>Tournez à gauche</cmt>
    <desc>Tournez à gauche</desc>
    <type>Direction</type>
  </wpt>
  <wpt lat="45.3942" lon="5.53737">
    <time>2025-04-16T09:33:51+00:00</time>
    <name>direction_5</name>
    <cmt>Tournez légèrement à droite</cmt>
    <desc>Tournez légèrement à droite</desc>
    <type>Direction</type>
  </wpt>
  <wpt lat="45.39493" lon="5.53461">
    <time>2025-04-16T09:34:12+00:00</time>
    <name>direction_1</name>
    <cmt>Tournez à droite</cmt>
    <desc>Tournez à droite</desc>
    <type>Direction</type>
  </wpt>
  <wpt lat="45.39668" lon="5.53384">
    <time>2025-04-16T09:34:33+00:00</time>
    <name>direction_1</name>
    <cmt>Tournez à droite</cmt>
    <desc>Tournez à droite</desc>
    <type>Direction</type>
  </wpt>
  <wpt lat="45.3968" lon="5.53378">
    <time>2025-04-16T09:34:39+00:00</time>
    <name>direction_1</name>
    <cmt>Tournez à droite</cmt>
    <desc>Tournez à droite</desc>
    <type>Direction</type>
  </wpt>
  <wpt lat="45.39723" lon="5.53393">
    <time>2025-04-16T09:34:54+00:00</time>
    <name>direction_0</name>
    <cmt>Tourner à gauche</cmt>
    <desc>Tourner à gauche</desc>
    <type>Direction</type>
  </wpt>
  <wpt lat="45.39705" lon="5.53344">
    <time>2025-04-16T09:35:03+00:00</time>
    <name>direction_1</name>
    <cmt>Tournez à droite</cmt>
    <desc>Tournez à droite</desc>
    <type>Direction</type>
  </wpt>
  <wpt lat="45.39822" lon="5.53369">
    <time>2025-04-16T09:35:21+00:00</time>
    <name>direction_1</name>
    <cmt>Tournez à droite</cmt>
    <desc>Tournez à droite</desc>
    <type>Direction</type>
  </wpt>
  <wpt lat="45.41058" lon="5.53176">
    <time>2025-04-16T09:38:33+00:00</time>
    <name>direction_5</name>
    <cmt>Tourner légèrement à droite</cmt>
    <desc>Tourner légèrement à droite</desc>
    <type>Direction</type>
  </wpt>
  <wpt lat="45.41172" lon="5.5328">
    <time>2025-04-16T09:39:06+00:00</time>
    <name>direction_0</name>
    <cmt>Tourner à gauche sur Route DU GUILLERMET</cmt>
    <desc>Tourner à gauche sur Route DU GUILLERMET</desc>
    <type>Direction</type>
  </wpt>
  <wpt lat="45.41687" lon="5.52938">
    <time>2025-04-16T09:42:00+00:00</time>
    <name>direction_1</name>
    <cmt>Tourner à droite sur Chemin DE L'AYGUEBELLE</cmt>
    <desc>Tourner à droite sur Chemin DE L'AYGUEBELLE</desc>
    <type>Direction</type>
  </wpt>
  <wpt lat="45.41833" lon="5.53336">
    <time>2025-04-16T09:44:15+00:00</time>
    <name>direction_0</name>
    <cmt>Tourner à gauche sur Chemin DU LAVOIRue DE CLERMONT</cmt>
    <desc>Tourner à gauche sur Chemin DU LAVOIRue DE CLERMONT</desc>
    <type>Direction</type>
  </wpt>
  <wpt lat="45.41898" lon="5.53476">
    <time>2025-04-16T09:45:00+00:00</time>
    <name>direction_3</name>
    <cmt>Tournez franchement à droite</cmt>
    <desc>Tournez franchement à droite</desc>
    <type>Direction</type>
  </wpt>
  <wpt lat="45.4174" lon="5.53629">
    <time>2025-04-16T09:46:09+00:00</time>
    <name>direction_1</name>
    <cmt>Tournez à droite</cmt>
    <desc>Tournez à droite</desc>
    <type>Direction</type>
  </wpt>
  <wpt lat="45.41715" lon="5.53634">
    <time>2025-04-16T09:46:24+00:00</time>
    <name>direction_0</name>
    <cmt>Tournez à gauche</cmt>
    <desc>Tournez à gauche</desc>
    <type>Direction</type>
  </wpt>
  <wpt lat="45.42579" lon="5.53098">
    <time>2025-04-16T09:53:15+00:00</time>
    <name>direction_1</name>
    <cmt>Tourner à droite</cmt>
    <desc>Tourner à droite</desc>
    <type>Direction</type>
  </wpt>
  <wpt lat="45.42647" lon="5.53375">
    <time>2025-04-16T09:54:36+00:00</time>
    <name>direction_6</name>
    <cmt>Continuez tout droit sur Chemin du Châtelard</cmt>
    <desc>Continuez tout droit sur Chemin du Châtelard</desc>
    <type>Direction</type>
  </wpt>
  <wpt lat="45.42787" lon="5.53798">
    <time>2025-04-16T09:56:03+00:00</time>
    <name>direction_6</name>
    <cmt>Continuez tout droit sur Chemin de Louisias</cmt>
    <desc>Continuez tout droit sur Chemin de Louisias</desc>
    <type>Direction</type>
  </wpt>
  <wpt lat="45.43905" lon="5.54123">
    <time>2025-04-16T10:00:51+00:00</time>
    <name>direction_1</name>
    <cmt>Tourner à droite sur Chemin DES HABITS</cmt>
    <desc>Tourner à droite sur Chemin DES HABITS</desc>
    <type>Direction</type>
  </wpt>
  <wpt lat="45.43516" lon="5.54171">
    <time>2025-04-16T10:02:36+00:00</time>
    <name>direction_1</name>
    <cmt>Tourner à droite sur Chemin DES HABITS</cmt>
    <desc>Tourner à droite sur Chemin DES HABITS</desc>
    <type>Direction</type>
  </wpt>
  <wpt lat="45.43516" lon="5.54171">
    <time>2025-04-16T10:02:42+00:00</time>
    <name>direction_0</name>
    <cmt>Tourner à gauche sur Chemin DES HABITS</cmt>
    <desc>Tourner à gauche sur Chemin DES HABITS</desc>
    <type>Direction</type>
  </wpt>
  <wpt lat="45.43389" lon="5.54133">
    <time>2025-04-16T10:03:12+00:00</time>
    <name>direction_4</name>
    <cmt>À la bifurcation, prendre légèrement à gauche sur Chemin DES HABITS</cmt>
    <desc>À la bifurcation, prendre légèrement à gauche sur Chemin DES HABITS</desc>
    <type>Direction</type>
  </wpt>
  <wpt lat="45.42758" lon="5.54399">
    <time>2025-04-16T10:05:45+00:00</time>
    <name>direction_4</name>
    <cmt>Tourner légèrement à gauche sur Chemin DU BOZON</cmt>
    <desc>Tourner légèrement à gauche sur Chemin DU BOZON</desc>
    <type>Direction</type>
  </wpt>
  <wpt lat="45.43091" lon="5.55129">
    <time>2025-04-16T10:08:36+00:00</time>
    <name>direction_4</name>
    <cmt>À la bifurcation, prendre légèrement à gauche sur Chemin DU BOIS DU GROS</cmt>
    <desc>À la bifurcation, prendre légèrement à gauche sur Chemin DU BOIS DU GROS</desc>
    <type>Direction</type>
  </wpt>
  <wpt lat="45.44002" lon="5.54947">
    <time>2025-04-16T10:12:39+00:00</time>
    <name>direction_0</name>
    <cmt>Tournez à gauche sur Chemin des Cochettes</cmt>
    <desc>Tournez à gauche sur Chemin des Cochettes</desc>
    <type>Direction</type>
  </wpt>
  <wpt lat="45.44207" lon="5.55137">
    <time>2025-04-16T10:13:33+00:00</time>
    <name>direction_0</name>
    <cmt>Tourner à gauche sur Route DU GRAND BILIEU</cmt>
    <desc>Tourner à gauche sur Route DU GRAND BILIEU</desc>
    <type>Direction</type>
  </wpt>
  <wpt lat="45.44405" lon="5.55021">
    <time>2025-04-16T10:14:24+00:00</time>
    <name>direction_5</name>
    <cmt>À la bifurcation, prendre légèrement à droite sur Route DE PRA CHAVAN</cmt>
    <desc>À la bifurcation, prendre légèrement à droite sur Route DE PRA CHAVAN</desc>
    <type>Direction</type>
  </wpt>
  <wpt lat="45.4491" lon="5.55078">
    <time>2025-04-16T10:17:15+00:00</time>
    <name>direction_0</name>
    <cmt>Tourner à gauche sur Route DE FAYARDE ET COTES</cmt>
    <desc>Tourner à gauche sur Route DE FAYARDE ET COTES</desc>
    <type>Direction</type>
  </wpt>
  <wpt lat="45.45217" lon="5.55163">
    <time>2025-04-16T10:19:54+00:00</time>
    <name>direction_3</name>
    <cmt>Continuer franchement à droite</cmt>
    <desc>Continuer franchement à droite</desc>
    <type>Direction</type>
  </wpt>
  <wpt lat="45.4558" lon="5.56139">
    <time>2025-04-16T10:21:42+00:00</time>
    <name>direction_5</name>
    <cmt>Tourner légèrement à droite</cmt>
    <desc>Tourner légèrement à droite</desc>
    <type>Direction</type>
  </wpt>
  <wpt lat="45.46009" lon="5.56518">
    <time>2025-04-16T10:24:21+00:00</time>
    <name>direction_5</name>
    <cmt>À la bifurcation, prendre légèrement à droite</cmt>
    <desc>À la bifurcation, prendre légèrement à droite</desc>
    <type>Direction</type>
  </wpt>
  <wpt lat="45.46763" lon="5.56966">
    <time>2025-04-16T10:26:54+00:00</time>
    <name>direction_1</name>
    <cmt>Tourner à droite sur Route DE BILIEU</cmt>
    <desc>Tourner à droite sur Route DE BILIEU</desc>
    <type>Direction</type>
  </wpt>
  <wpt lat="45.47337" lon="5.57052">
    <time>2025-04-16T10:29:12+00:00</time>
    <name>direction_0</name>
    <cmt>Tourner à gauche sur Route DE LA MARINIERE</cmt>
    <desc>Tourner à gauche sur Route DE LA MARINIERE</desc>
    <type>Direction</type>
  </wpt>
  <wpt lat="45.46831" lon="5.56094">
    <time>2025-04-16T10:31:09+00:00</time>
    <name>direction_1</name>
    <cmt>Tourner à droite</cmt>
    <desc>Tourner à droite</desc>
    <type>Direction</type>
  </wpt>
  <wpt lat="45.46916" lon="5.55937">
    <time>2025-04-16T10:32:18+00:00</time>
    <name>direction_1</name>
    <cmt>Tourner à droite</cmt>
    <desc>Tourner à droite</desc>
    <type>Direction</type>
  </wpt>
  <trk>
    <name>Trail du lac de Paladru 2025 - Ultra-Trail du Pays Voironnais - 83km UYN sur TraceDeTrail.fr</name>
    <src>Trace de Trail</src>
    <trkseg>
      <trkpt lat="45.4673" lon="5.55757">
        <ele>493</ele>
        <time>2025-04-16T06:29:48+00:00</time>
      </trkpt>
      <trkpt lat="45.46719" lon="5.5574">
        <ele>494</ele>
        <time>2025-04-16T06:29:51+00:00</time>
      </trkpt>
      <trkpt lat="45.46711" lon="5.55726">
        <ele>494</ele>
        <time>2025-04-16T06:29:54+00:00</time>
      </trkpt>
      <trkpt lat="45.46684" lon="5.55684">
        <ele>497</ele>
        <time>2025-04-16T06:29:57+00:00</time>
      </trkpt>
      <trkpt lat="45.46649" lon="5.5566">
        <ele>498</ele>
        <time>2025-04-16T06:30:00+00:00</time>
      </trkpt>
      <trkpt lat="45.46634" lon="5.55665">
        <ele>501</ele>
        <time>2025-04-16T06:30:03+00:00</time>
      </trkpt>
      <trkpt lat="45.46651" lon="5.55702">
        <ele>499</ele>
        <time>2025-04-16T06:30:06+00:00</time>
      </trkpt>
      <trkpt lat="45.46668" lon="5.55737">
        <ele>499</ele>
        <time>2025-04-16T06:30:09+00:00</time>
      </trkpt>
      <trkpt lat="45.46682" lon="5.5577">
        <ele>499</ele>
        <time>2025-04-16T06:30:12+00:00</time>
      </trkpt>
      <trkpt lat="45.46697" lon="5.55805">
        <ele>499</ele>
        <time>2025-04-16T06:30:15+00:00</time>
      </trkpt>
      <trkpt lat="45.46711" lon="5.55832">
        <ele>498</ele>
        <time>2025-04-16T06:30:18+00:00</time>
      </trkpt>
      <trkpt lat="45.46726" lon="5.55863">
        <ele>498</ele>
        <time>2025-04-16T06:30:21+00:00</time>
      </trkpt>
      <trkpt lat="45.46743" lon="5.55895">
        <ele>498</ele>
        <time>2025-04-16T06:30:24+00:00</time>
      </trkpt>
      <trkpt lat="45.46745" lon="5.55902">
        <ele>498</ele>
        <time>2025-04-16T06:30:27+00:00</time>
      </trkpt>
      <trkpt lat="45.46746" lon="5.55905">
        <ele>498</ele>
        <time>2025-04-16T06:30:30+00:00</time>
      </trkpt>
      <trkpt lat="45.4675" lon="5.55912">
        <ele>498</ele>
        <time>2025-04-16T06:30:33+00:00</time>
      </trkpt>
      <trkpt lat="45.46757" lon="5.55928">
        <ele>497</ele>
        <time>2025-04-16T06:30:36+00:00</time>
      </trkpt>
      <trkpt lat="45.46765" lon="5.55943">
        <ele>497</ele>
        <time>2025-04-16T06:30:39+00:00</time>
      </trkpt>
      <trkpt lat="45.46772" lon="5.5596">
        <ele>497</ele>
        <time>2025-04-16T06:30:42+00:00</time>
      </trkpt>
      <trkpt lat="45.4678" lon="5.55976">
        <ele>497</ele>
        <time>2025-04-16T06:30:45+00:00</time>
      </trkpt>
      <trkpt lat="45.46787" lon="5.55991">
        <ele>497</ele>
        <time>2025-04-16T06:30:48+00:00</time>
      </trkpt>
      <trkpt lat="45.46795" lon="5.56007">
        <ele>497</ele>
        <time>2025-04-16T06:30:51+00:00</time>
      </trkpt>
      <trkpt lat="45.46802" lon="5.56023">
        <ele>497</ele>
        <time>2025-04-16T06:30:54+00:00</time>
      </trkpt>
      <trkpt lat="45.4681" lon="5.56039">
        <ele>497</ele>
        <time>2025-04-16T06:30:57+00:00</time>
      </trkpt>
      <trkpt lat="45.46817" lon="5.56055">
        <ele>497</ele>
        <time>2025-04-16T06:31:00+00:00</time>
      </trkpt>
      <trkpt lat="45.46835" lon="5.56091">
        <ele>497</ele>
        <time>2025-04-16T06:31:03+00:00</time>
      </trkpt>
      <trkpt lat="45.46848" lon="5.56117">
        <ele>497</ele>
        <time>2025-04-16T06:31:06+00:00</time>
      </trkpt>
      <trkpt lat="45.46856" lon="5.56133">
        <ele>497</ele>
        <time>2025-04-16T06:31:09+00:00</time>
      </trkpt>
      <trkpt lat="45.46864" lon="5.56148">
        <ele>497</ele>
        <time>2025-04-16T06:31:12+00:00</time>
      </trkpt>
      <trkpt lat="45.46872" lon="5.56163">
        <ele>497</ele>
        <time>2025-04-16T06:31:15+00:00</time>
      </trkpt>
      <trkpt lat="45.4688" lon="5.56178">
        <ele>497</ele>
        <time>2025-04-16T06:31:18+00:00</time>
      </trkpt>
      <trkpt lat="45.46889" lon="5.56194">
        <ele>498</ele>
        <time>2025-04-16T06:31:21+00:00</time>
      </trkpt>
      <trkpt lat="45.46899" lon="5.56212">
        <ele>498</ele>
        <time>2025-04-16T06:31:24+00:00</time>
      </trkpt>
      <trkpt lat="45.46905" lon="5.56224">
        <ele>498</ele>
        <time>2025-04-16T06:31:27+00:00</time>
      </trkpt>
      <trkpt lat="45.46914" lon="5.56239">
        <ele>498</ele>
        <time>2025-04-16T06:31:30+00:00</time>
      </trkpt>
      <trkpt lat="45.46922" lon="5.56254">
        <ele>498</ele>
        <time>2025-04-16T06:31:33+00:00</time>
      </trkpt>
      <trkpt lat="45.46929" lon="5.56268">
        <ele>498</ele>
        <time>2025-04-16T06:31:36+00:00</time>
      </trkpt>
      <trkpt lat="45.46938" lon="5.56284">
        <ele>498</ele>
        <time>2025-04-16T06:31:39+00:00</time>
      </trkpt>
      <trkpt lat="45.46947" lon="5.56299">
        <ele>498</ele>
        <time>2025-04-16T06:31:42+00:00</time>
      </trkpt>
      <trkpt lat="45.46955" lon="5.56315">
        <ele>499</ele>
        <time>2025-04-16T06:31:45+00:00</time>
      </trkpt>
      <trkpt lat="45.46963" lon="5.5633">
        <ele>499</ele>
        <time>2025-04-16T06:31:48+00:00</time>
      </trkpt>
      <trkpt lat="45.46972" lon="5.56345">
        <ele>499</ele>
        <time>2025-04-16T06:31:51+00:00</time>
      </trkpt>
      <trkpt lat="45.46977" lon="5.56355">
        <ele>499</ele>
        <time>2025-04-16T06:31:54+00:00</time>
      </trkpt>
      <trkpt lat="45.4698" lon="5.5636">
        <ele>499</ele>
        <time>2025-04-16T06:31:57+00:00</time>
      </trkpt>
      <trkpt lat="45.46984" lon="5.56367">
        <ele>499</ele>
        <time>2025-04-16T06:32:00+00:00</time>
      </trkpt>
      <trkpt lat="45.46989" lon="5.56375">
        <ele>499</ele>
        <time>2025-04-16T06:32:03+00:00</time>
      </trkpt>
      <trkpt lat="45.46993" lon="5.56381">
        <ele>499</ele>
        <time>2025-04-16T06:32:06+00:00</time>
      </trkpt>
      <trkpt lat="45.46998" lon="5.56388">
        <ele>499</ele>
        <time>2025-04-16T06:32:09+00:00</time>
      </trkpt>
      <trkpt lat="45.47002" lon="5.56395">
        <ele>499</ele>
        <time>2025-04-16T06:32:12+00:00</time>
      </trkpt>
      <trkpt lat="45.47007" lon="5.56402">
        <ele>500</ele>
        <time>2025-04-16T06:32:15+00:00</time>
      </trkpt>
      <trkpt lat="45.47012" lon="5.56408">
        <ele>499</ele>
        <time>2025-04-16T06:32:18+00:00</time>
      </trkpt>
      <trkpt lat="45.47016" lon="5.56414">
        <ele>500</ele>
        <time>2025-04-16T06:32:21+00:00</time>
      </trkpt>
      <trkpt lat="45.47021" lon="5.56421">
        <ele>500</ele>
        <time>2025-04-16T06:32:24+00:00</time>
      </trkpt>
      <trkpt lat="45.47026" lon="5.56427">
        <ele>500</ele>
        <time>2025-04-16T06:32:27+00:00</time>
      </trkpt>
      <trkpt lat="45.47032" lon="5.56432">
        <ele>500</ele>
        <time>2025-04-16T06:32:30+00:00</time>
      </trkpt>
      <trkpt lat="45.47037" lon="5.56438">
        <ele>500</ele>
        <time>2025-04-16T06:32:33+00:00</time>
      </trkpt>
      <trkpt lat="45.47046" lon="5.56445">
        <ele>500</ele>
        <time>2025-04-16T06:32:36+00:00</time>
      </trkpt>
      <trkpt lat="45.47055" lon="5.5645">
        <ele>499</ele>
        <time>2025-04-16T06:32:39+00:00</time>
      </trkpt>
      <trkpt lat="45.47062" lon="5.56453">
        <ele>500</ele>
        <time>2025-04-16T06:32:42+00:00</time>
      </trkpt>
      <trkpt lat="45.47076" lon="5.56462">
        <ele>499</ele>
        <time>2025-04-16T06:32:45+00:00</time>
      </trkpt>
      <trkpt lat="45.47081" lon="5.56466">
        <ele>499</ele>
        <time>2025-04-16T06:32:48+00:00</time>
      </trkpt>
      <trkpt lat="45.47085" lon="5.56469">
        <ele>499</ele>
        <time>2025-04-16T06:32:51+00:00</time>
      </trkpt>
      <trkpt lat="45.47091" lon="5.56473">
        <ele>499</ele>
        <time>2025-04-16T06:32:54+00:00</time>
      </trkpt>
      <trkpt lat="45.471" lon="5.56476">
        <ele>499</ele>
        <time>2025-04-16T06:32:57+00:00</time>
      </trkpt>
      <trkpt lat="45.47111" lon="5.56472">
        <ele>500</ele>
        <time>2025-04-16T06:33:00+00:00</time>
      </trkpt>
      <trkpt lat="45.47128" lon="5.56465">
        <ele>499</ele>
        <time>2025-04-16T06:33:03+00:00</time>
      </trkpt>
      <trkpt lat="45.47128" lon="5.56465">
        <ele>499</ele>
        <time>2025-04-16T06:33:06+00:00</time>
      </trkpt>
      <trkpt lat="45.47148" lon="5.56458">
        <ele>499</ele>
        <time>2025-04-16T06:33:09+00:00</time>
      </trkpt>
      <trkpt lat="45.47187" lon="5.56439">
        <ele>497</ele>
        <time>2025-04-16T06:33:12+00:00</time>
      </trkpt>
      <trkpt lat="45.47197" lon="5.56432">
        <ele>497</ele>
        <time>2025-04-16T06:33:15+00:00</time>
      </trkpt>
      <trkpt lat="45.47214" lon="5.56416">
        <ele>496</ele>
        <time>2025-04-16T06:33:18+00:00</time>
      </trkpt>
      <trkpt lat="45.47236" lon="5.56396">
        <ele>496</ele>
        <time>2025-04-16T06:33:21+00:00</time>
      </trkpt>
      <trkpt lat="45.47258" lon="5.56376">
        <ele>496</ele>
        <time>2025-04-16T06:33:24+00:00</time>
      </trkpt>
      <trkpt lat="45.47286" lon="5.56352">
        <ele>496</ele>
        <time>2025-04-16T06:33:27+00:00</time>
      </trkpt>
      <trkpt lat="45.47307" lon="5.56333">
        <ele>496</ele>
        <time>2025-04-16T06:33:30+00:00</time>
      </trkpt>
      <trkpt lat="45.47331" lon="5.56313">
        <ele>496</ele>
        <time>2025-04-16T06:33:33+00:00</time>
      </trkpt>
      <trkpt lat="45.47359" lon="5.56287">
        <ele>495</ele>
        <time>2025-04-16T06:33:36+00:00</time>
      </trkpt>
      <trkpt lat="45.47367" lon="5.56278">
        <ele>495</ele>
        <time>2025-04-16T06:33:39+00:00</time>
      </trkpt>
      <trkpt lat="45.47382" lon="5.56253">
        <ele>495</ele>
        <time>2025-04-16T06:33:42+00:00</time>
      </trkpt>
      <trkpt lat="45.47392" lon="5.5624">
        <ele>495</ele>
        <time>2025-04-16T06:33:45+00:00</time>
      </trkpt>
      <trkpt lat="45.47407" lon="5.56228">
        <ele>495</ele>
        <time>2025-04-16T06:33:48+00:00</time>
      </trkpt>
      <trkpt lat="45.47423" lon="5.56216">
        <ele>495</ele>
        <time>2025-04-16T06:33:51+00:00</time>
      </trkpt>
      <trkpt lat="45.47435" lon="5.56205">
        <ele>495</ele>
        <time>2025-04-16T06:33:54+00:00</time>
      </trkpt>
      <trkpt lat="45.47439" lon="5.562">
        <ele>495</ele>
        <time>2025-04-16T06:33:57+00:00</time>
      </trkpt>
      <trkpt lat="45.4744" lon="5.56195">
        <ele>496</ele>
        <time>2025-04-16T06:34:00+00:00</time>
      </trkpt>
      <trkpt lat="45.4744" lon="5.5619">
        <ele>496</ele>
        <time>2025-04-16T06:34:03+00:00</time>
      </trkpt>
      <trkpt lat="45.47438" lon="5.56179">
        <ele>495</ele>
        <time>2025-04-16T06:34:06+00:00</time>
      </trkpt>
      <trkpt lat="45.4743" lon="5.56137">
        <ele>495</ele>
        <time>2025-04-16T06:34:09+00:00</time>
      </trkpt>
      <trkpt lat="45.47424" lon="5.56109">
        <ele>494</ele>
        <time>2025-04-16T06:34:12+00:00</time>
      </trkpt>
      <trkpt lat="45.47424" lon="5.56109">
        <ele>494</ele>
        <time>2025-04-16T06:34:15+00:00</time>
      </trkpt>
      <trkpt lat="45.47423" lon="5.56097">
        <ele>494</ele>
        <time>2025-04-16T06:34:18+00:00</time>
      </trkpt>
      <trkpt lat="45.47422" lon="5.56088">
        <ele>494</ele>
        <time>2025-04-16T06:34:21+00:00</time>
      </trkpt>
      <trkpt lat="45.47419" lon="5.56075">
        <ele>494</ele>
        <time>2025-04-16T06:34:24+00:00</time>
      </trkpt>
      <trkpt lat="45.47417" lon="5.56065">
        <ele>494</ele>
        <time>2025-04-16T06:34:27+00:00</time>
      </trkpt>
      <trkpt lat="45.47417" lon="5.56055">
        <ele>494</ele>
        <time>2025-04-16T06:34:30+00:00</time>
      </trkpt>
      <trkpt lat="45.47417" lon="5.56043">
        <ele>493</ele>
        <time>2025-04-16T06:34:33+00:00</time>
      </trkpt>
      <trkpt lat="45.47423" lon="5.56001">
        <ele>493</ele>
        <time>2025-04-16T06:34:36+00:00</time>
      </trkpt>
      <trkpt lat="45.47425" lon="5.55959">
        <ele>493</ele>
        <time>2025-04-16T06:34:39+00:00</time>
      </trkpt>
      <trkpt lat="45.47427" lon="5.55927">
        <ele>493</ele>
        <time>2025-04-16T06:34:42+00:00</time>
      </trkpt>
      <trkpt lat="45.47427" lon="5.55913">
        <ele>493</ele>
        <time>2025-04-16T06:34:45+00:00</time>
      </trkpt>
      <trkpt lat="45.47426" lon="5.55906">
        <ele>493</ele>
        <time>2025-04-16T06:34:48+00:00</time>
      </trkpt>
      <trkpt lat="45.47421" lon="5.55881">
        <ele>493</ele>
        <time>2025-04-16T06:34:51+00:00</time>
      </trkpt>
      <trkpt lat="45.4741" lon="5.55848">
        <ele>493</ele>
        <time>2025-04-16T06:34:54+00:00</time>
      </trkpt>
      <trkpt lat="45.47396" lon="5.55806">
        <ele>493</ele>
        <time>2025-04-16T06:34:57+00:00</time>
      </trkpt>
      <trkpt lat="45.47378" lon="5.55747">
        <ele>493</ele>
        <time>2025-04-16T06:35:00+00:00</time>
      </trkpt>
      <trkpt lat="45.47371" lon="5.55718">
        <ele>493</ele>
        <time>2025-04-16T06:35:03+00:00</time>
      </trkpt>
      <trkpt lat="45.4737" lon="5.5571">
        <ele>493</ele>
        <time>2025-04-16T06:35:06+00:00</time>
      </trkpt>
      <trkpt lat="45.4737" lon="5.55701">
        <ele>494</ele>
        <time>2025-04-16T06:35:09+00:00</time>
      </trkpt>
      <trkpt lat="45.47374" lon="5.55694">
        <ele>493</ele>
        <time>2025-04-16T06:35:12+00:00</time>
      </trkpt>
      <trkpt lat="45.4738" lon="5.55683">
        <ele>494</ele>
        <time>2025-04-16T06:35:15+00:00</time>
      </trkpt>
      <trkpt lat="45.47387" lon="5.55673">
        <ele>494</ele>
        <time>2025-04-16T06:35:18+00:00</time>
      </trkpt>
      <trkpt lat="45.47397" lon="5.55659">
        <ele>494</ele>
        <time>2025-04-16T06:35:21+00:00</time>
      </trkpt>
      <trkpt lat="45.47409" lon="5.55644">
        <ele>494</ele>
        <time>2025-04-16T06:35:24+00:00</time>
      </trkpt>
      <trkpt lat="45.47419" lon="5.55633">
        <ele>494</ele>
        <time>2025-04-16T06:35:27+00:00</time>
      </trkpt>
      <trkpt lat="45.47423" lon="5.55626">
        <ele>495</ele>
        <time>2025-04-16T06:35:30+00:00</time>
      </trkpt>
      <trkpt lat="45.47426" lon="5.55618">
        <ele>495</ele>
        <time>2025-04-16T06:35:33+00:00</time>
      </trkpt>
      <trkpt lat="45.4742" lon="5.55614">
        <ele>495</ele>
        <time>2025-04-16T06:35:36+00:00</time>
      </trkpt>
      <trkpt lat="45.4741" lon="5.55602">
        <ele>495</ele>
        <time>2025-04-16T06:35:39+00:00</time>
      </trkpt>
      <trkpt lat="45.47393" lon="5.55581">
        <ele>495</ele>
        <time>2025-04-16T06:35:42+00:00</time>
      </trkpt>
      <trkpt lat="45.4738" lon="5.5556">
        <ele>495</ele>
        <time>2025-04-16T06:35:45+00:00</time>
      </trkpt>
      <trkpt lat="45.47364" lon="5.55532">
        <ele>495</ele>
        <time>2025-04-16T06:35:48+00:00</time>
      </trkpt>
      <trkpt lat="45.47364" lon="5.55532">
        <ele>495</ele>
        <time>2025-04-16T06:35:51+00:00</time>
      </trkpt>
      <trkpt lat="45.47354" lon="5.55514">
        <ele>495</ele>
        <time>2025-04-16T06:35:54+00:00</time>
      </trkpt>
      <trkpt lat="45.47344" lon="5.55485">
        <ele>494</ele>
        <time>2025-04-16T06:35:57+00:00</time>
      </trkpt>
      <trkpt lat="45.47342" lon="5.55476">
        <ele>495</ele>
        <time>2025-04-16T06:36:00+00:00</time>
      </trkpt>
      <trkpt lat="45.47339" lon="5.55466">
        <ele>494</ele>
        <time>2025-04-16T06:36:03+00:00</time>
      </trkpt>
      <trkpt lat="45.47335" lon="5.55445">
        <ele>494</ele>
        <time>2025-04-16T06:36:06+00:00</time>
      </trkpt>
      <trkpt lat="45.47333" lon="5.55438">
        <ele>495</ele>
        <time>2025-04-16T06:36:09+00:00</time>
      </trkpt>
      <trkpt lat="45.47332" lon="5.55426">
        <ele>495</ele>
        <time>2025-04-16T06:36:12+00:00</time>
      </trkpt>
      <trkpt lat="45.47329" lon="5.55396">
        <ele>494</ele>
        <time>2025-04-16T06:36:15+00:00</time>
      </trkpt>
      <trkpt lat="45.47327" lon="5.5537">
        <ele>494</ele>
        <time>2025-04-16T06:36:18+00:00</time>
      </trkpt>
      <trkpt lat="45.47327" lon="5.55336">
        <ele>494</ele>
        <time>2025-04-16T06:36:21+00:00</time>
      </trkpt>
      <trkpt lat="45.47325" lon="5.55309">
        <ele>495</ele>
        <time>2025-04-16T06:36:24+00:00</time>
      </trkpt>
      <trkpt lat="45.47323" lon="5.55286">
        <ele>495</ele>
        <time>2025-04-16T06:36:27+00:00</time>
      </trkpt>
      <trkpt lat="45.47323" lon="5.55279">
        <ele>495</ele>
        <time>2025-04-16T06:36:30+00:00</time>
      </trkpt>
      <trkpt lat="45.47322" lon="5.5527">
        <ele>495</ele>
        <time>2025-04-16T06:36:33+00:00</time>
      </trkpt>
      <trkpt lat="45.47321" lon="5.55258">
        <ele>494</ele>
        <time>2025-04-16T06:36:36+00:00</time>
      </trkpt>
      <trkpt lat="45.47319" lon="5.55249">
        <ele>494</ele>
        <time>2025-04-16T06:36:39+00:00</time>
      </trkpt>
      <trkpt lat="45.47312" lon="5.55237">
        <ele>494</ele>
        <time>2025-04-16T06:36:42+00:00</time>
      </trkpt>
      <trkpt lat="45.47307" lon="5.55225">
        <ele>492</ele>
        <time>2025-04-16T06:36:45+00:00</time>
      </trkpt>
      <trkpt lat="45.47303" lon="5.55211">
        <ele>492</ele>
        <time>2025-04-16T06:36:48+00:00</time>
      </trkpt>
      <trkpt lat="45.47302" lon="5.55203">
        <ele>492</ele>
        <time>2025-04-16T06:36:51+00:00</time>
      </trkpt>
      <trkpt lat="45.47308" lon="5.55201">
        <ele>492</ele>
        <time>2025-04-16T06:36:54+00:00</time>
      </trkpt>
      <trkpt lat="45.47311" lon="5.55198">
        <ele>494</ele>
        <time>2025-04-16T06:36:57+00:00</time>
      </trkpt>
      <trkpt lat="45.47312" lon="5.55194">
        <ele>494</ele>
        <time>2025-04-16T06:37:00+00:00</time>
      </trkpt>
      <trkpt lat="45.47313" lon="5.55188">
        <ele>495</ele>
        <time>2025-04-16T06:37:03+00:00</time>
      </trkpt>
      <trkpt lat="45.47313" lon="5.55181">
        <ele>495</ele>
        <time>2025-04-16T06:37:06+00:00</time>
      </trkpt>
      <trkpt lat="45.47312" lon="5.55178">
        <ele>495</ele>
        <time>2025-04-16T06:37:09+00:00</time>
      </trkpt>
      <trkpt lat="45.4731" lon="5.55172">
        <ele>495</ele>
        <time>2025-04-16T06:37:12+00:00</time>
      </trkpt>
      <trkpt lat="45.47308" lon="5.5517">
        <ele>493</ele>
        <time>2025-04-16T06:37:15+00:00</time>
      </trkpt>
      <trkpt lat="45.47303" lon="5.55168">
        <ele>493</ele>
        <time>2025-04-16T06:37:18+00:00</time>
      </trkpt>
      <trkpt lat="45.47306" lon="5.55164">
        <ele>493</ele>
        <time>2025-04-16T06:37:21+00:00</time>
      </trkpt>
      <trkpt lat="45.47309" lon="5.55158">
        <ele>493</ele>
        <time>2025-04-16T06:37:24+00:00</time>
      </trkpt>
      <trkpt lat="45.47309" lon="5.55158">
        <ele>493</ele>
        <time>2025-04-16T06:37:27+00:00</time>
      </trkpt>
      <trkpt lat="45.47309" lon="5.55157">
        <ele>493</ele>
        <time>2025-04-16T06:37:30+00:00</time>
      </trkpt>
      <trkpt lat="45.47316" lon="5.55149">
        <ele>495</ele>
        <time>2025-04-16T06:37:33+00:00</time>
      </trkpt>
      <trkpt lat="45.47319" lon="5.55146">
        <ele>495</ele>
        <time>2025-04-16T06:37:36+00:00</time>
      </trkpt>
      <trkpt lat="45.47323" lon="5.55142">
        <ele>496</ele>
        <time>2025-04-16T06:37:39+00:00</time>
      </trkpt>
      <trkpt lat="45.47328" lon="5.5514">
        <ele>496</ele>
        <time>2025-04-16T06:37:42+00:00</time>
      </trkpt>
      <trkpt lat="45.47332" lon="5.55138">
        <ele>496</ele>
        <time>2025-04-16T06:37:45+00:00</time>
      </trkpt>
      <trkpt lat="45.47339" lon="5.55136">
        <ele>496</ele>
        <time>2025-04-16T06:37:48+00:00</time>
      </trkpt>
      <trkpt lat="45.47345" lon="5.55132">
        <ele>497</ele>
        <time>2025-04-16T06:37:51+00:00</time>
      </trkpt>
      <trkpt lat="45.47349" lon="5.5513">
        <ele>497</ele>
        <time>2025-04-16T06:37:54+00:00</time>
      </trkpt>
      <trkpt lat="45.47354" lon="5.55126">
        <ele>497</ele>
        <time>2025-04-16T06:37:57+00:00</time>
      </trkpt>
      <trkpt lat="45.4736" lon="5.55122">
        <ele>498</ele>
        <time>2025-04-16T06:38:00+00:00</time>
      </trkpt>
      <trkpt lat="45.47365" lon="5.55118">
        <ele>498</ele>
        <time>2025-04-16T06:38:03+00:00</time>
      </trkpt>
      <trkpt lat="45.47369" lon="5.55114">
        <ele>498</ele>
        <time>2025-04-16T06:38:06+00:00</time>
      </trkpt>
      <trkpt lat="45.47373" lon="5.55109">
        <ele>500</ele>
        <time>2025-04-16T06:38:09+00:00</time>
      </trkpt>
      <trkpt lat="45.47376" lon="5.55105">
        <ele>500</ele>
        <time>2025-04-16T06:38:12+00:00</time>
      </trkpt>
      <trkpt lat="45.47381" lon="5.55099">
        <ele>500</ele>
        <time>2025-04-16T06:38:15+00:00</time>
      </trkpt>
      <trkpt lat="45.47364" lon="5.55075">
        <ele>500</ele>
        <time>2025-04-16T06:38:18+00:00</time>
      </trkpt>
      <trkpt lat="45.47361" lon="5.55071">
        <ele>500</ele>
        <time>2025-04-16T06:38:21+00:00</time>
      </trkpt>
      <trkpt lat="45.47345" lon="5.55047">
        <ele>501</ele>
        <time>2025-04-16T06:38:24+00:00</time>
      </trkpt>
      <trkpt lat="45.47331" lon="5.55026">
        <ele>501</ele>
        <time>2025-04-16T06:38:27+00:00</time>
      </trkpt>
      <trkpt lat="45.47326" lon="5.5502">
        <ele>501</ele>
        <time>2025-04-16T06:38:30+00:00</time>
      </trkpt>
      <trkpt lat="45.47319" lon="5.5501">
        <ele>500</ele>
        <time>2025-04-16T06:38:33+00:00</time>
      </trkpt>
      <trkpt lat="45.47307" lon="5.54995">
        <ele>500</ele>
        <time>2025-04-16T06:38:36+00:00</time>
      </trkpt>
      <trkpt lat="45.47299" lon="5.54984">
        <ele>500</ele>
        <time>2025-04-16T06:38:39+00:00</time>
      </trkpt>
      <trkpt lat="45.47276" lon="5.54953">
        <ele>500</ele>
        <time>2025-04-16T06:38:42+00:00</time>
      </trkpt>
      <trkpt lat="45.47267" lon="5.54942">
        <ele>500</ele>
        <time>2025-04-16T06:38:45+00:00</time>
      </trkpt>
      <trkpt lat="45.47245" lon="5.54911">
        <ele>500</ele>
        <time>2025-04-16T06:38:48+00:00</time>
      </trkpt>
      <trkpt lat="45.4725" lon="5.54899">
        <ele>500</ele>
        <time>2025-04-16T06:38:51+00:00</time>
      </trkpt>
      <trkpt lat="45.47252" lon="5.54895">
        <ele>502</ele>
        <time>2025-04-16T06:38:54+00:00</time>
      </trkpt>
      <trkpt lat="45.47258" lon="5.54885">
        <ele>502</ele>
        <time>2025-04-16T06:38:57+00:00</time>
      </trkpt>
      <trkpt lat="45.47266" lon="5.5487">
        <ele>503</ele>
        <time>2025-04-16T06:39:00+00:00</time>
      </trkpt>
      <trkpt lat="45.47274" lon="5.54856">
        <ele>505</ele>
        <time>2025-04-16T06:39:03+00:00</time>
      </trkpt>
      <trkpt lat="45.47276" lon="5.54853">
        <ele>505</ele>
        <time>2025-04-16T06:39:06+00:00</time>
      </trkpt>
      <trkpt lat="45.47283" lon="5.54841">
        <ele>506</ele>
        <time>2025-04-16T06:39:09+00:00</time>
      </trkpt>
      <trkpt lat="45.47291" lon="5.54828">
        <ele>507</ele>
        <time>2025-04-16T06:39:12+00:00</time>
      </trkpt>
      <trkpt lat="45.473" lon="5.54817">
        <ele>507</ele>
        <time>2025-04-16T06:39:15+00:00</time>
      </trkpt>
      <trkpt lat="45.47307" lon="5.54806">
        <ele>508</ele>
        <time>2025-04-16T06:39:18+00:00</time>
      </trkpt>
      <trkpt lat="45.47318" lon="5.5479">
        <ele>510</ele>
        <time>2025-04-16T06:39:21+00:00</time>
      </trkpt>
      <trkpt lat="45.47325" lon="5.54774">
        <ele>511</ele>
        <time>2025-04-16T06:39:24+00:00</time>
      </trkpt>
      <trkpt lat="45.4733" lon="5.54762">
        <ele>511</ele>
        <time>2025-04-16T06:39:27+00:00</time>
      </trkpt>
      <trkpt lat="45.47337" lon="5.54748">
        <ele>513</ele>
        <time>2025-04-16T06:39:30+00:00</time>
      </trkpt>
      <trkpt lat="45.47343" lon="5.54738">
        <ele>514</ele>
        <time>2025-04-16T06:39:33+00:00</time>
      </trkpt>
      <trkpt lat="45.47352" lon="5.54726">
        <ele>516</ele>
        <time>2025-04-16T06:39:36+00:00</time>
      </trkpt>
      <trkpt lat="45.47364" lon="5.54714">
        <ele>517</ele>
        <time>2025-04-16T06:39:39+00:00</time>
      </trkpt>
      <trkpt lat="45.47378" lon="5.54698">
        <ele>518</ele>
        <time>2025-04-16T06:39:42+00:00</time>
      </trkpt>
      <trkpt lat="45.47388" lon="5.54686">
        <ele>520</ele>
        <time>2025-04-16T06:39:45+00:00</time>
      </trkpt>
      <trkpt lat="45.47399" lon="5.54673">
        <ele>521</ele>
        <time>2025-04-16T06:39:48+00:00</time>
      </trkpt>
      <trkpt lat="45.4741" lon="5.5466">
        <ele>523</ele>
        <time>2025-04-16T06:39:51+00:00</time>
      </trkpt>
      <trkpt lat="45.4742" lon="5.54648">
        <ele>525</ele>
        <time>2025-04-16T06:39:54+00:00</time>
      </trkpt>
      <trkpt lat="45.47431" lon="5.54636">
        <ele>525</ele>
        <time>2025-04-16T06:39:57+00:00</time>
      </trkpt>
      <trkpt lat="45.47439" lon="5.54626">
        <ele>528</ele>
        <time>2025-04-16T06:40:00+00:00</time>
      </trkpt>
      <trkpt lat="45.47447" lon="5.54613">
        <ele>529</ele>
        <time>2025-04-16T06:40:03+00:00</time>
      </trkpt>
      <trkpt lat="45.47453" lon="5.54602">
        <ele>530</ele>
        <time>2025-04-16T06:40:06+00:00</time>
      </trkpt>
      <trkpt lat="45.4746" lon="5.54586">
        <ele>532</ele>
        <time>2025-04-16T06:40:09+00:00</time>
      </trkpt>
      <trkpt lat="45.47465" lon="5.54578">
        <ele>533</ele>
        <time>2025-04-16T06:40:12+00:00</time>
      </trkpt>
      <trkpt lat="45.47471" lon="5.54566">
        <ele>535</ele>
        <time>2025-04-16T06:40:15+00:00</time>
      </trkpt>
      <trkpt lat="45.47463" lon="5.54562">
        <ele>536</ele>
        <time>2025-04-16T06:40:18+00:00</time>
      </trkpt>
      <trkpt lat="45.47454" lon="5.54562">
        <ele>537</ele>
        <time>2025-04-16T06:40:21+00:00</time>
      </trkpt>
      <trkpt lat="45.47446" lon="5.54564">
        <ele>538</ele>
        <time>2025-04-16T06:40:24+00:00</time>
      </trkpt>
      <trkpt lat="45.47436" lon="5.54567">
        <ele>542</ele>
        <time>2025-04-16T06:40:27+00:00</time>
      </trkpt>
      <trkpt lat="45.47424" lon="5.54568">
        <ele>544</ele>
        <time>2025-04-16T06:40:30+00:00</time>
      </trkpt>
      <trkpt lat="45.47415" lon="5.54566">
        <ele>545</ele>
        <time>2025-04-16T06:40:33+00:00</time>
      </trkpt>
      <trkpt lat="45.47407" lon="5.54562">
        <ele>546</ele>
        <time>2025-04-16T06:40:36+00:00</time>
      </trkpt>
      <trkpt lat="45.47401" lon="5.54557">
        <ele>547</ele>
        <time>2025-04-16T06:40:39+00:00</time>
      </trkpt>
      <trkpt lat="45.47399" lon="5.54552">
        <ele>547</ele>
        <time>2025-04-16T06:40:42+00:00</time>
      </trkpt>
      <trkpt lat="45.47399" lon="5.54547">
        <ele>547</ele>
        <time>2025-04-16T06:40:45+00:00</time>
      </trkpt>
      <trkpt lat="45.47399" lon="5.54542">
        <ele>547</ele>
        <time>2025-04-16T06:40:48+00:00</time>
      </trkpt>
      <trkpt lat="45.474" lon="5.54535">
        <ele>549</ele>
        <time>2025-04-16T06:40:51+00:00</time>
      </trkpt>
      <trkpt lat="45.47406" lon="5.54523">
        <ele>550</ele>
        <time>2025-04-16T06:40:54+00:00</time>
      </trkpt>
      <trkpt lat="45.47417" lon="5.54508">
        <ele>554</ele>
        <time>2025-04-16T06:40:57+00:00</time>
      </trkpt>
      <trkpt lat="45.47429" lon="5.54491">
        <ele>556</ele>
        <time>2025-04-16T06:41:00+00:00</time>
      </trkpt>
      <trkpt lat="45.47441" lon="5.54474">
        <ele>558</ele>
        <time>2025-04-16T06:41:03+00:00</time>
      </trkpt>
      <trkpt lat="45.47449" lon="5.54459">
        <ele>561</ele>
        <time>2025-04-16T06:41:06+00:00</time>
      </trkpt>
      <trkpt lat="45.47454" lon="5.54447">
        <ele>562</ele>
        <time>2025-04-16T06:41:09+00:00</time>
      </trkpt>
      <trkpt lat="45.47457" lon="5.54439">
        <ele>563</ele>
        <time>2025-04-16T06:41:12+00:00</time>
      </trkpt>
      <trkpt lat="45.47462" lon="5.54427">
        <ele>564</ele>
        <time>2025-04-16T06:41:15+00:00</time>
      </trkpt>
      <trkpt lat="45.47468" lon="5.54418">
        <ele>565</ele>
        <time>2025-04-16T06:41:18+00:00</time>
      </trkpt>
      <trkpt lat="45.47475" lon="5.54406">
        <ele>566</ele>
        <time>2025-04-16T06:41:21+00:00</time>
      </trkpt>
      <trkpt lat="45.47482" lon="5.54392">
        <ele>567</ele>
        <time>2025-04-16T06:41:24+00:00</time>
      </trkpt>
      <trkpt lat="45.47495" lon="5.54367">
        <ele>572</ele>
        <time>2025-04-16T06:41:27+00:00</time>
      </trkpt>
      <trkpt lat="45.4751" lon="5.54343">
        <ele>574</ele>
        <time>2025-04-16T06:41:30+00:00</time>
      </trkpt>
      <trkpt lat="45.47522" lon="5.54322">
        <ele>578</ele>
        <time>2025-04-16T06:41:33+00:00</time>
      </trkpt>
      <trkpt lat="45.47533" lon="5.54304">
        <ele>580</ele>
        <time>2025-04-16T06:41:36+00:00</time>
      </trkpt>
      <trkpt lat="45.47545" lon="5.54284">
        <ele>581</ele>
        <time>2025-04-16T06:41:39+00:00</time>
      </trkpt>
      <trkpt lat="45.47564" lon="5.54257">
        <ele>583</ele>
        <time>2025-04-16T06:41:42+00:00</time>
      </trkpt>
      <trkpt lat="45.47575" lon="5.5424">
        <ele>585</ele>
        <time>2025-04-16T06:41:45+00:00</time>
      </trkpt>
      <trkpt lat="45.47581" lon="5.54226">
        <ele>586</ele>
        <time>2025-04-16T06:41:48+00:00</time>
      </trkpt>
      <trkpt lat="45.47583" lon="5.54215">
        <ele>587</ele>
        <time>2025-04-16T06:41:51+00:00</time>
      </trkpt>
      <trkpt lat="45.47584" lon="5.54203">
        <ele>588</ele>
        <time>2025-04-16T06:41:54+00:00</time>
      </trkpt>
      <trkpt lat="45.47582" lon="5.54196">
        <ele>589</ele>
        <time>2025-04-16T06:41:57+00:00</time>
      </trkpt>
      <trkpt lat="45.47579" lon="5.54182">
        <ele>590</ele>
        <time>2025-04-16T06:42:00+00:00</time>
      </trkpt>
      <trkpt lat="45.47575" lon="5.54168">
        <ele>592</ele>
        <time>2025-04-16T06:42:03+00:00</time>
      </trkpt>
      <trkpt lat="45.47572" lon="5.54151">
        <ele>593</ele>
        <time>2025-04-16T06:42:06+00:00</time>
      </trkpt>
      <trkpt lat="45.47572" lon="5.54134">
        <ele>595</ele>
        <time>2025-04-16T06:42:09+00:00</time>
      </trkpt>
      <trkpt lat="45.47574" lon="5.54121">
        <ele>595</ele>
        <time>2025-04-16T06:42:12+00:00</time>
      </trkpt>
      <trkpt lat="45.47578" lon="5.54108">
        <ele>596</ele>
        <time>2025-04-16T06:42:15+00:00</time>
      </trkpt>
      <trkpt lat="45.47583" lon="5.54098">
        <ele>596</ele>
        <time>2025-04-16T06:42:18+00:00</time>
      </trkpt>
      <trkpt lat="45.47596" lon="5.54089">
        <ele>597</ele>
        <time>2025-04-16T06:42:21+00:00</time>
      </trkpt>
      <trkpt lat="45.4761" lon="5.54083">
        <ele>597</ele>
        <time>2025-04-16T06:42:24+00:00</time>
      </trkpt>
      <trkpt lat="45.47625" lon="5.54072">
        <ele>597</ele>
        <time>2025-04-16T06:42:27+00:00</time>
      </trkpt>
      <trkpt lat="45.47638" lon="5.54059">
        <ele>597</ele>
        <time>2025-04-16T06:42:30+00:00</time>
      </trkpt>
      <trkpt lat="45.47646" lon="5.5404">
        <ele>597</ele>
        <time>2025-04-16T06:42:33+00:00</time>
      </trkpt>
      <trkpt lat="45.47651" lon="5.54015">
        <ele>598</ele>
        <time>2025-04-16T06:42:36+00:00</time>
      </trkpt>
      <trkpt lat="45.47656" lon="5.53982">
        <ele>600</ele>
        <time>2025-04-16T06:42:39+00:00</time>
      </trkpt>
      <trkpt lat="45.4766" lon="5.53963">
        <ele>601</ele>
        <time>2025-04-16T06:42:42+00:00</time>
      </trkpt>
      <trkpt lat="45.47663" lon="5.53946">
        <ele>603</ele>
        <time>2025-04-16T06:42:45+00:00</time>
      </trkpt>
      <trkpt lat="45.47667" lon="5.53926">
        <ele>604</ele>
        <time>2025-04-16T06:42:48+00:00</time>
      </trkpt>
      <trkpt lat="45.47667" lon="5.53924">
        <ele>604</ele>
        <time>2025-04-16T06:42:51+00:00</time>
      </trkpt>
      <trkpt lat="45.47671" lon="5.53908">
        <ele>606</ele>
        <time>2025-04-16T06:42:54+00:00</time>
      </trkpt>
      <trkpt lat="45.47673" lon="5.53893">
        <ele>607</ele>
        <time>2025-04-16T06:42:57+00:00</time>
      </trkpt>
      <trkpt lat="45.47676" lon="5.53873">
        <ele>609</ele>
        <time>2025-04-16T06:43:00+00:00</time>
      </trkpt>
      <trkpt lat="45.47675" lon="5.53864">
        <ele>609</ele>
        <time>2025-04-16T06:43:03+00:00</time>
      </trkpt>
      <trkpt lat="45.47674" lon="5.53851">
        <ele>610</ele>
        <time>2025-04-16T06:43:06+00:00</time>
      </trkpt>
      <trkpt lat="45.47672" lon="5.53844">
        <ele>610</ele>
        <time>2025-04-16T06:43:09+00:00</time>
      </trkpt>
      <trkpt lat="45.47669" lon="5.53838">
        <ele>610</ele>
        <time>2025-04-16T06:43:12+00:00</time>
      </trkpt>
      <trkpt lat="45.47667" lon="5.53833">
        <ele>610</ele>
        <time>2025-04-16T06:43:15+00:00</time>
      </trkpt>
      <trkpt lat="45.47666" lon="5.53828">
        <ele>611</ele>
        <time>2025-04-16T06:43:18+00:00</time>
      </trkpt>
      <trkpt lat="45.47666" lon="5.5382">
        <ele>612</ele>
        <time>2025-04-16T06:43:21+00:00</time>
      </trkpt>
      <trkpt lat="45.47665" lon="5.53808">
        <ele>613</ele>
        <time>2025-04-16T06:43:24+00:00</time>
      </trkpt>
      <trkpt lat="45.47665" lon="5.53795">
        <ele>614</ele>
        <time>2025-04-16T06:43:27+00:00</time>
      </trkpt>
      <trkpt lat="45.47665" lon="5.53782">
        <ele>615</ele>
        <time>2025-04-16T06:43:30+00:00</time>
      </trkpt>
      <trkpt lat="45.47665" lon="5.5377">
        <ele>617</ele>
        <time>2025-04-16T06:43:33+00:00</time>
      </trkpt>
      <trkpt lat="45.47665" lon="5.53762">
        <ele>619</ele>
        <time>2025-04-16T06:43:36+00:00</time>
      </trkpt>
      <trkpt lat="45.47664" lon="5.53745">
        <ele>621</ele>
        <time>2025-04-16T06:43:39+00:00</time>
      </trkpt>
      <trkpt lat="45.47665" lon="5.53731">
        <ele>621</ele>
        <time>2025-04-16T06:43:42+00:00</time>
      </trkpt>
      <trkpt lat="45.47664" lon="5.53713">
        <ele>624</ele>
        <time>2025-04-16T06:43:45+00:00</time>
      </trkpt>
      <trkpt lat="45.47664" lon="5.53703">
        <ele>625</ele>
        <time>2025-04-16T06:43:48+00:00</time>
      </trkpt>
      <trkpt lat="45.47664" lon="5.53693">
        <ele>625</ele>
        <time>2025-04-16T06:43:51+00:00</time>
      </trkpt>
      <trkpt lat="45.47664" lon="5.53683">
        <ele>625</ele>
        <time>2025-04-16T06:43:54+00:00</time>
      </trkpt>
      <trkpt lat="45.47666" lon="5.53672">
        <ele>625</ele>
        <time>2025-04-16T06:43:57+00:00</time>
      </trkpt>
      <trkpt lat="45.47667" lon="5.53662">
        <ele>625</ele>
        <time>2025-04-16T06:44:00+00:00</time>
      </trkpt>
      <trkpt lat="45.4767" lon="5.53651">
        <ele>625</ele>
        <time>2025-04-16T06:44:03+00:00</time>
      </trkpt>
      <trkpt lat="45.47674" lon="5.5364">
        <ele>626</ele>
        <time>2025-04-16T06:44:06+00:00</time>
      </trkpt>
      <trkpt lat="45.47678" lon="5.53629">
        <ele>626</ele>
        <time>2025-04-16T06:44:09+00:00</time>
      </trkpt>
      <trkpt lat="45.47681" lon="5.53618">
        <ele>630</ele>
        <time>2025-04-16T06:44:12+00:00</time>
      </trkpt>
      <trkpt lat="45.47684" lon="5.53606">
        <ele>630</ele>
        <time>2025-04-16T06:44:15+00:00</time>
      </trkpt>
      <trkpt lat="45.47687" lon="5.53592">
        <ele>631</ele>
        <time>2025-04-16T06:44:18+00:00</time>
      </trkpt>
      <trkpt lat="45.47691" lon="5.53571">
        <ele>634</ele>
        <time>2025-04-16T06:44:21+00:00</time>
      </trkpt>
      <trkpt lat="45.47694" lon="5.53556">
        <ele>635</ele>
        <time>2025-04-16T06:44:24+00:00</time>
      </trkpt>
      <trkpt lat="45.47694" lon="5.53556">
        <ele>635</ele>
        <time>2025-04-16T06:44:27+00:00</time>
      </trkpt>
      <trkpt lat="45.47689" lon="5.53546">
        <ele>634</ele>
        <time>2025-04-16T06:44:30+00:00</time>
      </trkpt>
      <trkpt lat="45.4768" lon="5.5353">
        <ele>636</ele>
        <time>2025-04-16T06:44:33+00:00</time>
      </trkpt>
      <trkpt lat="45.47671" lon="5.53511">
        <ele>635</ele>
        <time>2025-04-16T06:44:36+00:00</time>
      </trkpt>
      <trkpt lat="45.47663" lon="5.53495">
        <ele>635</ele>
        <time>2025-04-16T06:44:39+00:00</time>
      </trkpt>
      <trkpt lat="45.47655" lon="5.53481">
        <ele>635</ele>
        <time>2025-04-16T06:44:42+00:00</time>
      </trkpt>
      <trkpt lat="45.47648" lon="5.53473">
        <ele>636</ele>
        <time>2025-04-16T06:44:45+00:00</time>
      </trkpt>
      <trkpt lat="45.47638" lon="5.53465">
        <ele>636</ele>
        <time>2025-04-16T06:44:48+00:00</time>
      </trkpt>
      <trkpt lat="45.47628" lon="5.53459">
        <ele>636</ele>
        <time>2025-04-16T06:44:51+00:00</time>
      </trkpt>
      <trkpt lat="45.47633" lon="5.53452">
        <ele>637</ele>
        <time>2025-04-16T06:44:54+00:00</time>
      </trkpt>
      <trkpt lat="45.47646" lon="5.53435">
        <ele>638</ele>
        <time>2025-04-16T06:44:57+00:00</time>
      </trkpt>
      <trkpt lat="45.47659" lon="5.53417">
        <ele>641</ele>
        <time>2025-04-16T06:45:00+00:00</time>
      </trkpt>
      <trkpt lat="45.47677" lon="5.53392">
        <ele>643</ele>
        <time>2025-04-16T06:45:03+00:00</time>
      </trkpt>
      <trkpt lat="45.47689" lon="5.53373">
        <ele>643</ele>
        <time>2025-04-16T06:45:06+00:00</time>
      </trkpt>
      <trkpt lat="45.47701" lon="5.53349">
        <ele>644</ele>
        <time>2025-04-16T06:45:09+00:00</time>
      </trkpt>
      <trkpt lat="45.47708" lon="5.53333">
        <ele>645</ele>
        <time>2025-04-16T06:45:12+00:00</time>
      </trkpt>
      <trkpt lat="45.47714" lon="5.53328">
        <ele>644</ele>
        <time>2025-04-16T06:45:15+00:00</time>
      </trkpt>
      <trkpt lat="45.47719" lon="5.53327">
        <ele>646</ele>
        <time>2025-04-16T06:45:18+00:00</time>
      </trkpt>
      <trkpt lat="45.47725" lon="5.53328">
        <ele>646</ele>
        <time>2025-04-16T06:45:21+00:00</time>
      </trkpt>
      <trkpt lat="45.47736" lon="5.53334">
        <ele>645</ele>
        <time>2025-04-16T06:45:24+00:00</time>
      </trkpt>
      <trkpt lat="45.47747" lon="5.53344">
        <ele>645</ele>
        <time>2025-04-16T06:45:27+00:00</time>
      </trkpt>
      <trkpt lat="45.47764" lon="5.53358">
        <ele>645</ele>
        <time>2025-04-16T06:45:30+00:00</time>
      </trkpt>
      <trkpt lat="45.47776" lon="5.53371">
        <ele>642</ele>
        <time>2025-04-16T06:45:33+00:00</time>
      </trkpt>
      <trkpt lat="45.47787" lon="5.53383">
        <ele>642</ele>
        <time>2025-04-16T06:45:36+00:00</time>
      </trkpt>
      <trkpt lat="45.47799" lon="5.53395">
        <ele>641</ele>
        <time>2025-04-16T06:45:39+00:00</time>
      </trkpt>
      <trkpt lat="45.47811" lon="5.53405">
        <ele>642</ele>
        <time>2025-04-16T06:45:42+00:00</time>
      </trkpt>
      <trkpt lat="45.47824" lon="5.53416">
        <ele>642</ele>
        <time>2025-04-16T06:45:45+00:00</time>
      </trkpt>
      <trkpt lat="45.47845" lon="5.5343">
        <ele>642</ele>
        <time>2025-04-16T06:45:48+00:00</time>
      </trkpt>
      <trkpt lat="45.47859" lon="5.5344">
        <ele>642</ele>
        <time>2025-04-16T06:45:51+00:00</time>
      </trkpt>
      <trkpt lat="45.47871" lon="5.53446">
        <ele>643</ele>
        <time>2025-04-16T06:45:54+00:00</time>
      </trkpt>
      <trkpt lat="45.47884" lon="5.53449">
        <ele>644</ele>
        <time>2025-04-16T06:45:57+00:00</time>
      </trkpt>
      <trkpt lat="45.47899" lon="5.53451">
        <ele>644</ele>
        <time>2025-04-16T06:46:00+00:00</time>
      </trkpt>
      <trkpt lat="45.47908" lon="5.53451">
        <ele>645</ele>
        <time>2025-04-16T06:46:03+00:00</time>
      </trkpt>
      <trkpt lat="45.47911" lon="5.53443">
        <ele>646</ele>
        <time>2025-04-16T06:46:06+00:00</time>
      </trkpt>
      <trkpt lat="45.47914" lon="5.53435">
        <ele>646</ele>
        <time>2025-04-16T06:46:09+00:00</time>
      </trkpt>
      <trkpt lat="45.47915" lon="5.53434">
        <ele>646</ele>
        <time>2025-04-16T06:46:12+00:00</time>
      </trkpt>
      <trkpt lat="45.47919" lon="5.53432">
        <ele>646</ele>
        <time>2025-04-16T06:46:15+00:00</time>
      </trkpt>
      <trkpt lat="45.47927" lon="5.53434">
        <ele>648</ele>
        <time>2025-04-16T06:46:18+00:00</time>
      </trkpt>
      <trkpt lat="45.47943" lon="5.53438">
        <ele>649</ele>
        <time>2025-04-16T06:46:21+00:00</time>
      </trkpt>
      <trkpt lat="45.47951" lon="5.5344">
        <ele>650</ele>
        <time>2025-04-16T06:46:24+00:00</time>
      </trkpt>
      <trkpt lat="45.47962" lon="5.5344">
        <ele>649</ele>
        <time>2025-04-16T06:46:27+00:00</time>
      </trkpt>
      <trkpt lat="45.47978" lon="5.5344">
        <ele>651</ele>
        <time>2025-04-16T06:46:30+00:00</time>
      </trkpt>
      <trkpt lat="45.47978" lon="5.53433">
        <ele>651</ele>
        <time>2025-04-16T06:46:33+00:00</time>
      </trkpt>
      <trkpt lat="45.47976" lon="5.53424">
        <ele>651</ele>
        <time>2025-04-16T06:46:36+00:00</time>
      </trkpt>
      <trkpt lat="45.47969" lon="5.53402">
        <ele>654</ele>
        <time>2025-04-16T06:46:39+00:00</time>
      </trkpt>
      <trkpt lat="45.47965" lon="5.53384">
        <ele>655</ele>
        <time>2025-04-16T06:46:42+00:00</time>
      </trkpt>
      <trkpt lat="45.47959" lon="5.53369">
        <ele>657</ele>
        <time>2025-04-16T06:46:45+00:00</time>
      </trkpt>
      <trkpt lat="45.47953" lon="5.53357">
        <ele>658</ele>
        <time>2025-04-16T06:46:48+00:00</time>
      </trkpt>
      <trkpt lat="45.47946" lon="5.53345">
        <ele>659</ele>
        <time>2025-04-16T06:46:51+00:00</time>
      </trkpt>
      <trkpt lat="45.47936" lon="5.5333">
        <ele>660</ele>
        <time>2025-04-16T06:46:54+00:00</time>
      </trkpt>
      <trkpt lat="45.47926" lon="5.53314">
        <ele>661</ele>
        <time>2025-04-16T06:46:57+00:00</time>
      </trkpt>
      <trkpt lat="45.4792" lon="5.53303">
        <ele>661</ele>
        <time>2025-04-16T06:47:00+00:00</time>
      </trkpt>
      <trkpt lat="45.47917" lon="5.5329">
        <ele>662</ele>
        <time>2025-04-16T06:47:03+00:00</time>
      </trkpt>
      <trkpt lat="45.47914" lon="5.53277">
        <ele>664</ele>
        <time>2025-04-16T06:47:06+00:00</time>
      </trkpt>
      <trkpt lat="45.47913" lon="5.53257">
        <ele>665</ele>
        <time>2025-04-16T06:47:09+00:00</time>
      </trkpt>
      <trkpt lat="45.47907" lon="5.53228">
        <ele>667</ele>
        <time>2025-04-16T06:47:12+00:00</time>
      </trkpt>
      <trkpt lat="45.47903" lon="5.53201">
        <ele>667</ele>
        <time>2025-04-16T06:47:15+00:00</time>
      </trkpt>
      <trkpt lat="45.47898" lon="5.53169">
        <ele>667</ele>
        <time>2025-04-16T06:47:18+00:00</time>
      </trkpt>
      <trkpt lat="45.47894" lon="5.53133">
        <ele>667</ele>
        <time>2025-04-16T06:47:21+00:00</time>
      </trkpt>
      <trkpt lat="45.47891" lon="5.53098">
        <ele>669</ele>
        <time>2025-04-16T06:47:24+00:00</time>
      </trkpt>
      <trkpt lat="45.4789" lon="5.53085">
        <ele>669</ele>
        <time>2025-04-16T06:47:27+00:00</time>
      </trkpt>
      <trkpt lat="45.47887" lon="5.53064">
        <ele>670</ele>
        <time>2025-04-16T06:47:30+00:00</time>
      </trkpt>
      <trkpt lat="45.47883" lon="5.53033">
        <ele>672</ele>
        <time>2025-04-16T06:47:33+00:00</time>
      </trkpt>
      <trkpt lat="45.47876" lon="5.53003">
        <ele>674</ele>
        <time>2025-04-16T06:47:36+00:00</time>
      </trkpt>
      <trkpt lat="45.47869" lon="5.52971">
        <ele>677</ele>
        <time>2025-04-16T06:47:39+00:00</time>
      </trkpt>
      <trkpt lat="45.47864" lon="5.52956">
        <ele>678</ele>
        <time>2025-04-16T06:47:42+00:00</time>
      </trkpt>
      <trkpt lat="45.4786" lon="5.52937">
        <ele>679</ele>
        <time>2025-04-16T06:47:45+00:00</time>
      </trkpt>
      <trkpt lat="45.47852" lon="5.52916">
        <ele>680</ele>
        <time>2025-04-16T06:47:48+00:00</time>
      </trkpt>
      <trkpt lat="45.47842" lon="5.52893">
        <ele>680</ele>
        <time>2025-04-16T06:47:51+00:00</time>
      </trkpt>
      <trkpt lat="45.47828" lon="5.52869">
        <ele>680</ele>
        <time>2025-04-16T06:47:54+00:00</time>
      </trkpt>
      <trkpt lat="45.47815" lon="5.52841">
        <ele>680</ele>
        <time>2025-04-16T06:47:57+00:00</time>
      </trkpt>
      <trkpt lat="45.47812" lon="5.52831">
        <ele>679</ele>
        <time>2025-04-16T06:48:00+00:00</time>
      </trkpt>
      <trkpt lat="45.47808" lon="5.52821">
        <ele>679</ele>
        <time>2025-04-16T06:48:03+00:00</time>
      </trkpt>
      <trkpt lat="45.47802" lon="5.52805">
        <ele>677</ele>
        <time>2025-04-16T06:48:06+00:00</time>
      </trkpt>
      <trkpt lat="45.47798" lon="5.5279">
        <ele>676</ele>
        <time>2025-04-16T06:48:09+00:00</time>
      </trkpt>
      <trkpt lat="45.47794" lon="5.52773">
        <ele>675</ele>
        <time>2025-04-16T06:48:12+00:00</time>
      </trkpt>
      <trkpt lat="45.47791" lon="5.52763">
        <ele>673</ele>
        <time>2025-04-16T06:48:15+00:00</time>
      </trkpt>
      <trkpt lat="45.47788" lon="5.52752">
        <ele>673</ele>
        <time>2025-04-16T06:48:18+00:00</time>
      </trkpt>
      <trkpt lat="45.47771" lon="5.52732">
        <ele>669</ele>
        <time>2025-04-16T06:48:21+00:00</time>
      </trkpt>
      <trkpt lat="45.47746" lon="5.52702">
        <ele>667</ele>
        <time>2025-04-16T06:48:24+00:00</time>
      </trkpt>
      <trkpt lat="45.47727" lon="5.52672">
        <ele>661</ele>
        <time>2025-04-16T06:48:27+00:00</time>
      </trkpt>
      <trkpt lat="45.47698" lon="5.52628">
        <ele>650</ele>
        <time>2025-04-16T06:48:30+00:00</time>
      </trkpt>
      <trkpt lat="45.47676" lon="5.52603">
        <ele>649</ele>
        <time>2025-04-16T06:48:33+00:00</time>
      </trkpt>
      <trkpt lat="45.47643" lon="5.52567">
        <ele>636</ele>
        <time>2025-04-16T06:48:36+00:00</time>
      </trkpt>
      <trkpt lat="45.47636" lon="5.52558">
        <ele>634</ele>
        <time>2025-04-16T06:48:39+00:00</time>
      </trkpt>
      <trkpt lat="45.47625" lon="5.52542">
        <ele>632</ele>
        <time>2025-04-16T06:48:42+00:00</time>
      </trkpt>
      <trkpt lat="45.47616" lon="5.52528">
        <ele>627</ele>
        <time>2025-04-16T06:48:45+00:00</time>
      </trkpt>
      <trkpt lat="45.47607" lon="5.52514">
        <ele>625</ele>
        <time>2025-04-16T06:48:48+00:00</time>
      </trkpt>
      <trkpt lat="45.47597" lon="5.52502">
        <ele>618</ele>
        <time>2025-04-16T06:48:51+00:00</time>
      </trkpt>
      <trkpt lat="45.47587" lon="5.52487">
        <ele>612</ele>
        <time>2025-04-16T06:48:54+00:00</time>
      </trkpt>
      <trkpt lat="45.47587" lon="5.52487">
        <ele>612</ele>
        <time>2025-04-16T06:48:57+00:00</time>
      </trkpt>
      <trkpt lat="45.47575" lon="5.5247">
        <ele>609</ele>
        <time>2025-04-16T06:49:00+00:00</time>
      </trkpt>
      <trkpt lat="45.47563" lon="5.52454">
        <ele>603</ele>
        <time>2025-04-16T06:49:03+00:00</time>
      </trkpt>
      <trkpt lat="45.47546" lon="5.52431">
        <ele>597</ele>
        <time>2025-04-16T06:49:06+00:00</time>
      </trkpt>
      <trkpt lat="45.47534" lon="5.52416">
        <ele>591</ele>
        <time>2025-04-16T06:49:09+00:00</time>
      </trkpt>
      <trkpt lat="45.47519" lon="5.52401">
        <ele>592</ele>
        <time>2025-04-16T06:49:12+00:00</time>
      </trkpt>
      <trkpt lat="45.47508" lon="5.52388">
        <ele>585</ele>
        <time>2025-04-16T06:49:15+00:00</time>
      </trkpt>
      <trkpt lat="45.475" lon="5.5238">
        <ele>585</ele>
        <time>2025-04-16T06:49:18+00:00</time>
      </trkpt>
      <trkpt lat="45.47492" lon="5.52372">
        <ele>585</ele>
        <time>2025-04-16T06:49:21+00:00</time>
      </trkpt>
      <trkpt lat="45.47486" lon="5.52359">
        <ele>582</ele>
        <time>2025-04-16T06:49:24+00:00</time>
      </trkpt>
      <trkpt lat="45.47479" lon="5.52344">
        <ele>581</ele>
        <time>2025-04-16T06:49:27+00:00</time>
      </trkpt>
      <trkpt lat="45.47466" lon="5.52319">
        <ele>575</ele>
        <time>2025-04-16T06:49:30+00:00</time>
      </trkpt>
      <trkpt lat="45.47455" lon="5.52301">
        <ele>574</ele>
        <time>2025-04-16T06:49:33+00:00</time>
      </trkpt>
      <trkpt lat="45.47444" lon="5.52287">
        <ele>572</ele>
        <time>2025-04-16T06:49:36+00:00</time>
      </trkpt>
      <trkpt lat="45.47428" lon="5.52266">
        <ele>569</ele>
        <time>2025-04-16T06:49:39+00:00</time>
      </trkpt>
      <trkpt lat="45.47391" lon="5.52226">
        <ele>563</ele>
        <time>2025-04-16T06:49:42+00:00</time>
      </trkpt>
      <trkpt lat="45.47366" lon="5.52201">
        <ele>561</ele>
        <time>2025-04-16T06:49:45+00:00</time>
      </trkpt>
      <trkpt lat="45.47357" lon="5.52194">
        <ele>561</ele>
        <time>2025-04-16T06:49:48+00:00</time>
      </trkpt>
      <trkpt lat="45.47344" lon="5.5218">
        <ele>560</ele>
        <time>2025-04-16T06:49:51+00:00</time>
      </trkpt>
      <trkpt lat="45.4733" lon="5.52169">
        <ele>558</ele>
        <time>2025-04-16T06:49:54+00:00</time>
      </trkpt>
      <trkpt lat="45.47316" lon="5.52152">
        <ele>558</ele>
        <time>2025-04-16T06:49:57+00:00</time>
      </trkpt>
      <trkpt lat="45.47312" lon="5.52143">
        <ele>554</ele>
        <time>2025-04-16T06:50:00+00:00</time>
      </trkpt>
      <trkpt lat="45.47308" lon="5.52135">
        <ele>554</ele>
        <time>2025-04-16T06:50:03+00:00</time>
      </trkpt>
      <trkpt lat="45.473" lon="5.5213">
        <ele>555</ele>
        <time>2025-04-16T06:50:06+00:00</time>
      </trkpt>
      <trkpt lat="45.47292" lon="5.52125">
        <ele>553</ele>
        <time>2025-04-16T06:50:09+00:00</time>
      </trkpt>
      <trkpt lat="45.47286" lon="5.52117">
        <ele>552</ele>
        <time>2025-04-16T06:50:12+00:00</time>
      </trkpt>
      <trkpt lat="45.47277" lon="5.52118">
        <ele>556</ele>
        <time>2025-04-16T06:50:15+00:00</time>
      </trkpt>
      <trkpt lat="45.47261" lon="5.5212">
        <ele>554</ele>
        <time>2025-04-16T06:50:18+00:00</time>
      </trkpt>
      <trkpt lat="45.47248" lon="5.5212">
        <ele>558</ele>
        <time>2025-04-16T06:50:21+00:00</time>
      </trkpt>
      <trkpt lat="45.47231" lon="5.52123">
        <ele>559</ele>
        <time>2025-04-16T06:50:24+00:00</time>
      </trkpt>
      <trkpt lat="45.47211" lon="5.52129">
        <ele>560</ele>
        <time>2025-04-16T06:50:27+00:00</time>
      </trkpt>
      <trkpt lat="45.47186" lon="5.52133">
        <ele>566</ele>
        <time>2025-04-16T06:50:30+00:00</time>
      </trkpt>
      <trkpt lat="45.47146" lon="5.52137">
        <ele>572</ele>
        <time>2025-04-16T06:50:33+00:00</time>
      </trkpt>
      <trkpt lat="45.47103" lon="5.52138">
        <ele>578</ele>
        <time>2025-04-16T06:50:36+00:00</time>
      </trkpt>
      <trkpt lat="45.47088" lon="5.52139">
        <ele>581</ele>
        <time>2025-04-16T06:50:39+00:00</time>
      </trkpt>
      <trkpt lat="45.47078" lon="5.52141">
        <ele>586</ele>
        <time>2025-04-16T06:50:42+00:00</time>
      </trkpt>
      <trkpt lat="45.47055" lon="5.52153">
        <ele>597</ele>
        <time>2025-04-16T06:50:45+00:00</time>
      </trkpt>
      <trkpt lat="45.47049" lon="5.52156">
        <ele>598</ele>
        <time>2025-04-16T06:50:48+00:00</time>
      </trkpt>
      <trkpt lat="45.47043" lon="5.52158">
        <ele>598</ele>
        <time>2025-04-16T06:50:51+00:00</time>
      </trkpt>
      <trkpt lat="45.47037" lon="5.52161">
        <ele>602</ele>
        <time>2025-04-16T06:50:54+00:00</time>
      </trkpt>
      <trkpt lat="45.47027" lon="5.52166">
        <ele>603</ele>
        <time>2025-04-16T06:50:57+00:00</time>
      </trkpt>
      <trkpt lat="45.47021" lon="5.52168">
        <ele>603</ele>
        <time>2025-04-16T06:51:00+00:00</time>
      </trkpt>
      <trkpt lat="45.47014" lon="5.52168">
        <ele>603</ele>
        <time>2025-04-16T06:51:03+00:00</time>
      </trkpt>
      <trkpt lat="45.46986" lon="5.52166">
        <ele>605</ele>
        <time>2025-04-16T06:51:06+00:00</time>
      </trkpt>
      <trkpt lat="45.4695" lon="5.52162">
        <ele>605</ele>
        <time>2025-04-16T06:51:09+00:00</time>
      </trkpt>
      <trkpt lat="45.46929" lon="5.5216">
        <ele>604</ele>
        <time>2025-04-16T06:51:12+00:00</time>
      </trkpt>
      <trkpt lat="45.4691" lon="5.52157">
        <ele>604</ele>
        <time>2025-04-16T06:51:15+00:00</time>
      </trkpt>
      <trkpt lat="45.46891" lon="5.52155">
        <ele>604</ele>
        <time>2025-04-16T06:51:18+00:00</time>
      </trkpt>
      <trkpt lat="45.46877" lon="5.52153">
        <ele>605</ele>
        <time>2025-04-16T06:51:21+00:00</time>
      </trkpt>
      <trkpt lat="45.46864" lon="5.52153">
        <ele>602</ele>
        <time>2025-04-16T06:51:24+00:00</time>
      </trkpt>
      <trkpt lat="45.46855" lon="5.52152">
        <ele>606</ele>
        <time>2025-04-16T06:51:27+00:00</time>
      </trkpt>
      <trkpt lat="45.46838" lon="5.52148">
        <ele>601</ele>
        <time>2025-04-16T06:51:30+00:00</time>
      </trkpt>
      <trkpt lat="45.46824" lon="5.52141">
        <ele>601</ele>
        <time>2025-04-16T06:51:33+00:00</time>
      </trkpt>
      <trkpt lat="45.46813" lon="5.52135">
        <ele>599</ele>
        <time>2025-04-16T06:51:36+00:00</time>
      </trkpt>
      <trkpt lat="45.46795" lon="5.52123">
        <ele>596</ele>
        <time>2025-04-16T06:51:39+00:00</time>
      </trkpt>
      <trkpt lat="45.46785" lon="5.52119">
        <ele>594</ele>
        <time>2025-04-16T06:51:42+00:00</time>
      </trkpt>
      <trkpt lat="45.46768" lon="5.52111">
        <ele>594</ele>
        <time>2025-04-16T06:51:45+00:00</time>
      </trkpt>
      <trkpt lat="45.46753" lon="5.52108">
        <ele>591</ele>
        <time>2025-04-16T06:51:48+00:00</time>
      </trkpt>
      <trkpt lat="45.46741" lon="5.52108">
        <ele>593</ele>
        <time>2025-04-16T06:51:51+00:00</time>
      </trkpt>
      <trkpt lat="45.46723" lon="5.52107">
        <ele>592</ele>
        <time>2025-04-16T06:51:54+00:00</time>
      </trkpt>
      <trkpt lat="45.46709" lon="5.52106">
        <ele>593</ele>
        <time>2025-04-16T06:51:57+00:00</time>
      </trkpt>
      <trkpt lat="45.46695" lon="5.52106">
        <ele>592</ele>
        <time>2025-04-16T06:52:00+00:00</time>
      </trkpt>
      <trkpt lat="45.46693" lon="5.52106">
        <ele>592</ele>
        <time>2025-04-16T06:52:03+00:00</time>
      </trkpt>
      <trkpt lat="45.46675" lon="5.52102">
        <ele>593</ele>
        <time>2025-04-16T06:52:06+00:00</time>
      </trkpt>
      <trkpt lat="45.46664" lon="5.52116">
        <ele>596</ele>
        <time>2025-04-16T06:52:09+00:00</time>
      </trkpt>
      <trkpt lat="45.46635" lon="5.5212">
        <ele>597</ele>
        <time>2025-04-16T06:52:12+00:00</time>
      </trkpt>
      <trkpt lat="45.46608" lon="5.52118">
        <ele>598</ele>
        <time>2025-04-16T06:52:15+00:00</time>
      </trkpt>
      <trkpt lat="45.46571" lon="5.52115">
        <ele>598</ele>
        <time>2025-04-16T06:52:18+00:00</time>
      </trkpt>
      <trkpt lat="45.46544" lon="5.52117">
        <ele>599</ele>
        <time>2025-04-16T06:52:21+00:00</time>
      </trkpt>
      <trkpt lat="45.4651" lon="5.52123">
        <ele>599</ele>
        <time>2025-04-16T06:52:24+00:00</time>
      </trkpt>
      <trkpt lat="45.46503" lon="5.52117">
        <ele>601</ele>
        <time>2025-04-16T06:52:27+00:00</time>
      </trkpt>
      <trkpt lat="45.46495" lon="5.52105">
        <ele>599</ele>
        <time>2025-04-16T06:52:30+00:00</time>
      </trkpt>
      <trkpt lat="45.4648" lon="5.52098">
        <ele>597</ele>
        <time>2025-04-16T06:52:33+00:00</time>
      </trkpt>
      <trkpt lat="45.46465" lon="5.52086">
        <ele>594</ele>
        <time>2025-04-16T06:52:36+00:00</time>
      </trkpt>
      <trkpt lat="45.46448" lon="5.52069">
        <ele>592</ele>
        <time>2025-04-16T06:52:39+00:00</time>
      </trkpt>
      <trkpt lat="45.46435" lon="5.52048">
        <ele>588</ele>
        <time>2025-04-16T06:52:42+00:00</time>
      </trkpt>
      <trkpt lat="45.46404" lon="5.52026">
        <ele>583</ele>
        <time>2025-04-16T06:52:45+00:00</time>
      </trkpt>
      <trkpt lat="45.46393" lon="5.52001">
        <ele>582</ele>
        <time>2025-04-16T06:52:48+00:00</time>
      </trkpt>
      <trkpt lat="45.46392" lon="5.51989">
        <ele>576</ele>
        <time>2025-04-16T06:52:51+00:00</time>
      </trkpt>
      <trkpt lat="45.46373" lon="5.52003">
        <ele>583</ele>
        <time>2025-04-16T06:52:54+00:00</time>
      </trkpt>
      <trkpt lat="45.46353" lon="5.52018">
        <ele>585</ele>
        <time>2025-04-16T06:52:57+00:00</time>
      </trkpt>
      <trkpt lat="45.46324" lon="5.52033">
        <ele>595</ele>
        <time>2025-04-16T06:53:00+00:00</time>
      </trkpt>
      <trkpt lat="45.46296" lon="5.52037">
        <ele>598</ele>
        <time>2025-04-16T06:53:03+00:00</time>
      </trkpt>
      <trkpt lat="45.46274" lon="5.52054">
        <ele>601</ele>
        <time>2025-04-16T06:53:06+00:00</time>
      </trkpt>
      <trkpt lat="45.46262" lon="5.52068">
        <ele>602</ele>
        <time>2025-04-16T06:53:09+00:00</time>
      </trkpt>
      <trkpt lat="45.46254" lon="5.52087">
        <ele>605</ele>
        <time>2025-04-16T06:53:12+00:00</time>
      </trkpt>
      <trkpt lat="45.4625" lon="5.52104">
        <ele>608</ele>
        <time>2025-04-16T06:53:15+00:00</time>
      </trkpt>
      <trkpt lat="45.46253" lon="5.52115">
        <ele>609</ele>
        <time>2025-04-16T06:53:18+00:00</time>
      </trkpt>
      <trkpt lat="45.46261" lon="5.52119">
        <ele>608</ele>
        <time>2025-04-16T06:53:21+00:00</time>
      </trkpt>
      <trkpt lat="45.46266" lon="5.5212">
        <ele>608</ele>
        <time>2025-04-16T06:53:24+00:00</time>
      </trkpt>
      <trkpt lat="45.46276" lon="5.52122">
        <ele>609</ele>
        <time>2025-04-16T06:53:27+00:00</time>
      </trkpt>
      <trkpt lat="45.46286" lon="5.52124">
        <ele>609</ele>
        <time>2025-04-16T06:53:30+00:00</time>
      </trkpt>
      <trkpt lat="45.46294" lon="5.52127">
        <ele>609</ele>
        <time>2025-04-16T06:53:33+00:00</time>
      </trkpt>
      <trkpt lat="45.46301" lon="5.52134">
        <ele>609</ele>
        <time>2025-04-16T06:53:36+00:00</time>
      </trkpt>
      <trkpt lat="45.46306" lon="5.52141">
        <ele>609</ele>
        <time>2025-04-16T06:53:39+00:00</time>
      </trkpt>
      <trkpt lat="45.4631" lon="5.52153">
        <ele>610</ele>
        <time>2025-04-16T06:53:42+00:00</time>
      </trkpt>
      <trkpt lat="45.46312" lon="5.52169">
        <ele>611</ele>
        <time>2025-04-16T06:53:45+00:00</time>
      </trkpt>
      <trkpt lat="45.46313" lon="5.52178">
        <ele>611</ele>
        <time>2025-04-16T06:53:48+00:00</time>
      </trkpt>
      <trkpt lat="45.46316" lon="5.52191">
        <ele>612</ele>
        <time>2025-04-16T06:53:51+00:00</time>
      </trkpt>
      <trkpt lat="45.46319" lon="5.52201">
        <ele>613</ele>
        <time>2025-04-16T06:53:54+00:00</time>
      </trkpt>
      <trkpt lat="45.46322" lon="5.5221">
        <ele>614</ele>
        <time>2025-04-16T06:53:57+00:00</time>
      </trkpt>
      <trkpt lat="45.46325" lon="5.52217">
        <ele>614</ele>
        <time>2025-04-16T06:54:00+00:00</time>
      </trkpt>
      <trkpt lat="45.4633" lon="5.52225">
        <ele>615</ele>
        <time>2025-04-16T06:54:03+00:00</time>
      </trkpt>
      <trkpt lat="45.46336" lon="5.52236">
        <ele>615</ele>
        <time>2025-04-16T06:54:06+00:00</time>
      </trkpt>
      <trkpt lat="45.46338" lon="5.52244">
        <ele>615</ele>
        <time>2025-04-16T06:54:09+00:00</time>
      </trkpt>
      <trkpt lat="45.4634" lon="5.52255">
        <ele>615</ele>
        <time>2025-04-16T06:54:12+00:00</time>
      </trkpt>
      <trkpt lat="45.4634" lon="5.52262">
        <ele>615</ele>
        <time>2025-04-16T06:54:15+00:00</time>
      </trkpt>
      <trkpt lat="45.46339" lon="5.52275">
        <ele>616</ele>
        <time>2025-04-16T06:54:18+00:00</time>
      </trkpt>
      <trkpt lat="45.46337" lon="5.52288">
        <ele>617</ele>
        <time>2025-04-16T06:54:21+00:00</time>
      </trkpt>
      <trkpt lat="45.46337" lon="5.523">
        <ele>618</ele>
        <time>2025-04-16T06:54:24+00:00</time>
      </trkpt>
      <trkpt lat="45.46337" lon="5.5231">
        <ele>619</ele>
        <time>2025-04-16T06:54:27+00:00</time>
      </trkpt>
      <trkpt lat="45.4634" lon="5.52322">
        <ele>623</ele>
        <time>2025-04-16T06:54:30+00:00</time>
      </trkpt>
      <trkpt lat="45.46345" lon="5.52337">
        <ele>623</ele>
        <time>2025-04-16T06:54:33+00:00</time>
      </trkpt>
      <trkpt lat="45.46345" lon="5.52337">
        <ele>623</ele>
        <time>2025-04-16T06:54:36+00:00</time>
      </trkpt>
      <trkpt lat="45.46351" lon="5.5235">
        <ele>625</ele>
        <time>2025-04-16T06:54:39+00:00</time>
      </trkpt>
      <trkpt lat="45.46355" lon="5.52357">
        <ele>625</ele>
        <time>2025-04-16T06:54:42+00:00</time>
      </trkpt>
      <trkpt lat="45.4636" lon="5.52365">
        <ele>627</ele>
        <time>2025-04-16T06:54:45+00:00</time>
      </trkpt>
      <trkpt lat="45.46365" lon="5.5237">
        <ele>627</ele>
        <time>2025-04-16T06:54:48+00:00</time>
      </trkpt>
      <trkpt lat="45.46374" lon="5.52379">
        <ele>629</ele>
        <time>2025-04-16T06:54:51+00:00</time>
      </trkpt>
      <trkpt lat="45.46385" lon="5.52389">
        <ele>631</ele>
        <time>2025-04-16T06:54:54+00:00</time>
      </trkpt>
      <trkpt lat="45.46394" lon="5.52398">
        <ele>632</ele>
        <time>2025-04-16T06:54:57+00:00</time>
      </trkpt>
      <trkpt lat="45.46397" lon="5.52402">
        <ele>632</ele>
        <time>2025-04-16T06:55:00+00:00</time>
      </trkpt>
      <trkpt lat="45.46408" lon="5.52414">
        <ele>633</ele>
        <time>2025-04-16T06:55:03+00:00</time>
      </trkpt>
      <trkpt lat="45.46418" lon="5.52423">
        <ele>636</ele>
        <time>2025-04-16T06:55:06+00:00</time>
      </trkpt>
      <trkpt lat="45.46426" lon="5.52427">
        <ele>637</ele>
        <time>2025-04-16T06:55:09+00:00</time>
      </trkpt>
      <trkpt lat="45.46435" lon="5.52431">
        <ele>639</ele>
        <time>2025-04-16T06:55:12+00:00</time>
      </trkpt>
      <trkpt lat="45.46448" lon="5.52432">
        <ele>641</ele>
        <time>2025-04-16T06:55:15+00:00</time>
      </trkpt>
      <trkpt lat="45.46462" lon="5.52433">
        <ele>643</ele>
        <time>2025-04-16T06:55:18+00:00</time>
      </trkpt>
      <trkpt lat="45.46475" lon="5.52437">
        <ele>645</ele>
        <time>2025-04-16T06:55:21+00:00</time>
      </trkpt>
      <trkpt lat="45.46489" lon="5.52444">
        <ele>647</ele>
        <time>2025-04-16T06:55:24+00:00</time>
      </trkpt>
      <trkpt lat="45.46496" lon="5.52451">
        <ele>649</ele>
        <time>2025-04-16T06:55:27+00:00</time>
      </trkpt>
      <trkpt lat="45.465" lon="5.52461">
        <ele>649</ele>
        <time>2025-04-16T06:55:30+00:00</time>
      </trkpt>
      <trkpt lat="45.46501" lon="5.52468">
        <ele>650</ele>
        <time>2025-04-16T06:55:33+00:00</time>
      </trkpt>
      <trkpt lat="45.46501" lon="5.52484">
        <ele>651</ele>
        <time>2025-04-16T06:55:36+00:00</time>
      </trkpt>
      <trkpt lat="45.46487" lon="5.52531">
        <ele>658</ele>
        <time>2025-04-16T06:55:39+00:00</time>
      </trkpt>
      <trkpt lat="45.46483" lon="5.52553">
        <ele>662</ele>
        <time>2025-04-16T06:55:42+00:00</time>
      </trkpt>
      <trkpt lat="45.46496" lon="5.52583">
        <ele>667</ele>
        <time>2025-04-16T06:55:45+00:00</time>
      </trkpt>
      <trkpt lat="45.4651" lon="5.52617">
        <ele>672</ele>
        <time>2025-04-16T06:55:48+00:00</time>
      </trkpt>
      <trkpt lat="45.46519" lon="5.52642">
        <ele>673</ele>
        <time>2025-04-16T06:55:51+00:00</time>
      </trkpt>
      <trkpt lat="45.46527" lon="5.52666">
        <ele>674</ele>
        <time>2025-04-16T06:55:54+00:00</time>
      </trkpt>
      <trkpt lat="45.46531" lon="5.52687">
        <ele>672</ele>
        <time>2025-04-16T06:55:57+00:00</time>
      </trkpt>
      <trkpt lat="45.46535" lon="5.52708">
        <ele>671</ele>
        <time>2025-04-16T06:56:00+00:00</time>
      </trkpt>
      <trkpt lat="45.46538" lon="5.52721">
        <ele>668</ele>
        <time>2025-04-16T06:56:03+00:00</time>
      </trkpt>
      <trkpt lat="45.46545" lon="5.52734">
        <ele>667</ele>
        <time>2025-04-16T06:56:06+00:00</time>
      </trkpt>
      <trkpt lat="45.46554" lon="5.52753">
        <ele>665</ele>
        <time>2025-04-16T06:56:09+00:00</time>
      </trkpt>
      <trkpt lat="45.46568" lon="5.52778">
        <ele>664</ele>
        <time>2025-04-16T06:56:12+00:00</time>
      </trkpt>
      <trkpt lat="45.46575" lon="5.52791">
        <ele>664</ele>
        <time>2025-04-16T06:56:15+00:00</time>
      </trkpt>
      <trkpt lat="45.46587" lon="5.52805">
        <ele>664</ele>
        <time>2025-04-16T06:56:18+00:00</time>
      </trkpt>
      <trkpt lat="45.46602" lon="5.52825">
        <ele>664</ele>
        <time>2025-04-16T06:56:21+00:00</time>
      </trkpt>
      <trkpt lat="45.46611" lon="5.52841">
        <ele>665</ele>
        <time>2025-04-16T06:56:24+00:00</time>
      </trkpt>
      <trkpt lat="45.46604" lon="5.52839">
        <ele>664</ele>
        <time>2025-04-16T06:56:27+00:00</time>
      </trkpt>
      <trkpt lat="45.46596" lon="5.52839">
        <ele>664</ele>
        <time>2025-04-16T06:56:30+00:00</time>
      </trkpt>
      <trkpt lat="45.46587" lon="5.52838">
        <ele>663</ele>
        <time>2025-04-16T06:56:33+00:00</time>
      </trkpt>
      <trkpt lat="45.46582" lon="5.52836">
        <ele>663</ele>
        <time>2025-04-16T06:56:36+00:00</time>
      </trkpt>
      <trkpt lat="45.46576" lon="5.52834">
        <ele>663</ele>
        <time>2025-04-16T06:56:39+00:00</time>
      </trkpt>
      <trkpt lat="45.46566" lon="5.52829">
        <ele>663</ele>
        <time>2025-04-16T06:56:42+00:00</time>
      </trkpt>
      <trkpt lat="45.46553" lon="5.52822">
        <ele>663</ele>
        <time>2025-04-16T06:56:45+00:00</time>
      </trkpt>
      <trkpt lat="45.46537" lon="5.52811">
        <ele>663</ele>
        <time>2025-04-16T06:56:48+00:00</time>
      </trkpt>
      <trkpt lat="45.46515" lon="5.52797">
        <ele>663</ele>
        <time>2025-04-16T06:56:51+00:00</time>
      </trkpt>
      <trkpt lat="45.46508" lon="5.52793">
        <ele>664</ele>
        <time>2025-04-16T06:56:54+00:00</time>
      </trkpt>
      <trkpt lat="45.46496" lon="5.52787">
        <ele>664</ele>
        <time>2025-04-16T06:56:57+00:00</time>
      </trkpt>
      <trkpt lat="45.46485" lon="5.52783">
        <ele>664</ele>
        <time>2025-04-16T06:57:00+00:00</time>
      </trkpt>
      <trkpt lat="45.46476" lon="5.5278">
        <ele>664</ele>
        <time>2025-04-16T06:57:03+00:00</time>
      </trkpt>
      <trkpt lat="45.46451" lon="5.52768">
        <ele>664</ele>
        <time>2025-04-16T06:57:06+00:00</time>
      </trkpt>
      <trkpt lat="45.46434" lon="5.52762">
        <ele>664</ele>
        <time>2025-04-16T06:57:09+00:00</time>
      </trkpt>
      <trkpt lat="45.46425" lon="5.52761">
        <ele>664</ele>
        <time>2025-04-16T06:57:12+00:00</time>
      </trkpt>
      <trkpt lat="45.46401" lon="5.52756">
        <ele>664</ele>
        <time>2025-04-16T06:57:15+00:00</time>
      </trkpt>
      <trkpt lat="45.46377" lon="5.5275">
        <ele>664</ele>
        <time>2025-04-16T06:57:18+00:00</time>
      </trkpt>
      <trkpt lat="45.46364" lon="5.52742">
        <ele>663</ele>
        <time>2025-04-16T06:57:21+00:00</time>
      </trkpt>
      <trkpt lat="45.46343" lon="5.52733">
        <ele>664</ele>
        <time>2025-04-16T06:57:24+00:00</time>
      </trkpt>
      <trkpt lat="45.46329" lon="5.52723">
        <ele>665</ele>
        <time>2025-04-16T06:57:27+00:00</time>
      </trkpt>
      <trkpt lat="45.46316" lon="5.52715">
        <ele>664</ele>
        <time>2025-04-16T06:57:30+00:00</time>
      </trkpt>
      <trkpt lat="45.46311" lon="5.52717">
        <ele>665</ele>
        <time>2025-04-16T06:57:33+00:00</time>
      </trkpt>
      <trkpt lat="45.46309" lon="5.52723">
        <ele>665</ele>
        <time>2025-04-16T06:57:36+00:00</time>
      </trkpt>
      <trkpt lat="45.46303" lon="5.52766">
        <ele>664</ele>
        <time>2025-04-16T06:57:39+00:00</time>
      </trkpt>
      <trkpt lat="45.46298" lon="5.52808">
        <ele>662</ele>
        <time>2025-04-16T06:57:42+00:00</time>
      </trkpt>
      <trkpt lat="45.4629" lon="5.52868">
        <ele>655</ele>
        <time>2025-04-16T06:57:45+00:00</time>
      </trkpt>
      <trkpt lat="45.46288" lon="5.52901">
        <ele>650</ele>
        <time>2025-04-16T06:57:48+00:00</time>
      </trkpt>
      <trkpt lat="45.46291" lon="5.52925">
        <ele>647</ele>
        <time>2025-04-16T06:57:51+00:00</time>
      </trkpt>
      <trkpt lat="45.46277" lon="5.52939">
        <ele>647</ele>
        <time>2025-04-16T06:57:54+00:00</time>
      </trkpt>
      <trkpt lat="45.4626" lon="5.52956">
        <ele>645</ele>
        <time>2025-04-16T06:57:57+00:00</time>
      </trkpt>
      <trkpt lat="45.46228" lon="5.53003">
        <ele>643</ele>
        <time>2025-04-16T06:58:00+00:00</time>
      </trkpt>
      <trkpt lat="45.46214" lon="5.5301">
        <ele>641</ele>
        <time>2025-04-16T06:58:03+00:00</time>
      </trkpt>
      <trkpt lat="45.46199" lon="5.53008">
        <ele>642</ele>
        <time>2025-04-16T06:58:06+00:00</time>
      </trkpt>
      <trkpt lat="45.46176" lon="5.53001">
        <ele>641</ele>
        <time>2025-04-16T06:58:09+00:00</time>
      </trkpt>
      <trkpt lat="45.46138" lon="5.52984">
        <ele>638</ele>
        <time>2025-04-16T06:58:12+00:00</time>
      </trkpt>
      <trkpt lat="45.46121" lon="5.52965">
        <ele>638</ele>
        <time>2025-04-16T06:58:15+00:00</time>
      </trkpt>
      <trkpt lat="45.46111" lon="5.52952">
        <ele>636</ele>
        <time>2025-04-16T06:58:18+00:00</time>
      </trkpt>
      <trkpt lat="45.46106" lon="5.52929">
        <ele>636</ele>
        <time>2025-04-16T06:58:21+00:00</time>
      </trkpt>
      <trkpt lat="45.461" lon="5.52905">
        <ele>634</ele>
        <time>2025-04-16T06:58:24+00:00</time>
      </trkpt>
      <trkpt lat="45.46081" lon="5.52868">
        <ele>633</ele>
        <time>2025-04-16T06:58:27+00:00</time>
      </trkpt>
      <trkpt lat="45.46062" lon="5.52839">
        <ele>631</ele>
        <time>2025-04-16T06:58:30+00:00</time>
      </trkpt>
      <trkpt lat="45.46055" lon="5.52843">
        <ele>629</ele>
        <time>2025-04-16T06:58:33+00:00</time>
      </trkpt>
      <trkpt lat="45.46054" lon="5.52872">
        <ele>626</ele>
        <time>2025-04-16T06:58:36+00:00</time>
      </trkpt>
      <trkpt lat="45.46053" lon="5.52901">
        <ele>623</ele>
        <time>2025-04-16T06:58:39+00:00</time>
      </trkpt>
      <trkpt lat="45.46045" lon="5.52924">
        <ele>620</ele>
        <time>2025-04-16T06:58:42+00:00</time>
      </trkpt>
      <trkpt lat="45.46039" lon="5.5295">
        <ele>620</ele>
        <time>2025-04-16T06:58:45+00:00</time>
      </trkpt>
      <trkpt lat="45.46028" lon="5.52925">
        <ele>619</ele>
        <time>2025-04-16T06:58:48+00:00</time>
      </trkpt>
      <trkpt lat="45.46018" lon="5.52904">
        <ele>618</ele>
        <time>2025-04-16T06:58:51+00:00</time>
      </trkpt>
      <trkpt lat="45.46004" lon="5.52873">
        <ele>619</ele>
        <time>2025-04-16T06:58:54+00:00</time>
      </trkpt>
      <trkpt lat="45.45993" lon="5.52858">
        <ele>621</ele>
        <time>2025-04-16T06:58:57+00:00</time>
      </trkpt>
      <trkpt lat="45.45979" lon="5.52842">
        <ele>619</ele>
        <time>2025-04-16T06:59:00+00:00</time>
      </trkpt>
      <trkpt lat="45.45965" lon="5.52823">
        <ele>620</ele>
        <time>2025-04-16T06:59:03+00:00</time>
      </trkpt>
      <trkpt lat="45.45955" lon="5.52802">
        <ele>621</ele>
        <time>2025-04-16T06:59:06+00:00</time>
      </trkpt>
      <trkpt lat="45.45948" lon="5.52784">
        <ele>621</ele>
        <time>2025-04-16T06:59:09+00:00</time>
      </trkpt>
      <trkpt lat="45.45943" lon="5.52759">
        <ele>622</ele>
        <time>2025-04-16T06:59:12+00:00</time>
      </trkpt>
      <trkpt lat="45.45942" lon="5.52742">
        <ele>620</ele>
        <time>2025-04-16T06:59:15+00:00</time>
      </trkpt>
      <trkpt lat="45.45944" lon="5.52722">
        <ele>622</ele>
        <time>2025-04-16T06:59:18+00:00</time>
      </trkpt>
      <trkpt lat="45.45947" lon="5.52699">
        <ele>620</ele>
        <time>2025-04-16T06:59:21+00:00</time>
      </trkpt>
      <trkpt lat="45.4595" lon="5.52679">
        <ele>618</ele>
        <time>2025-04-16T06:59:24+00:00</time>
      </trkpt>
      <trkpt lat="45.4595" lon="5.52678">
        <ele>618</ele>
        <time>2025-04-16T06:59:27+00:00</time>
      </trkpt>
      <trkpt lat="45.45951" lon="5.52667">
        <ele>618</ele>
        <time>2025-04-16T06:59:30+00:00</time>
      </trkpt>
      <trkpt lat="45.45949" lon="5.52653">
        <ele>616</ele>
        <time>2025-04-16T06:59:33+00:00</time>
      </trkpt>
      <trkpt lat="45.45944" lon="5.52634">
        <ele>614</ele>
        <time>2025-04-16T06:59:36+00:00</time>
      </trkpt>
      <trkpt lat="45.45937" lon="5.52621">
        <ele>611</ele>
        <time>2025-04-16T06:59:39+00:00</time>
      </trkpt>
      <trkpt lat="45.45929" lon="5.52609">
        <ele>608</ele>
        <time>2025-04-16T06:59:42+00:00</time>
      </trkpt>
      <trkpt lat="45.45921" lon="5.52598">
        <ele>607</ele>
        <time>2025-04-16T06:59:45+00:00</time>
      </trkpt>
      <trkpt lat="45.45916" lon="5.52589">
        <ele>604</ele>
        <time>2025-04-16T06:59:48+00:00</time>
      </trkpt>
      <trkpt lat="45.45913" lon="5.52577">
        <ele>604</ele>
        <time>2025-04-16T06:59:51+00:00</time>
      </trkpt>
      <trkpt lat="45.45911" lon="5.52566">
        <ele>603</ele>
        <time>2025-04-16T06:59:54+00:00</time>
      </trkpt>
      <trkpt lat="45.45911" lon="5.52555">
        <ele>602</ele>
        <time>2025-04-16T06:59:57+00:00</time>
      </trkpt>
      <trkpt lat="45.45912" lon="5.52543">
        <ele>602</ele>
        <time>2025-04-16T07:00:00+00:00</time>
      </trkpt>
      <trkpt lat="45.45911" lon="5.52514">
        <ele>600</ele>
        <time>2025-04-16T07:00:03+00:00</time>
      </trkpt>
      <trkpt lat="45.45909" lon="5.52473">
        <ele>597</ele>
        <time>2025-04-16T07:00:06+00:00</time>
      </trkpt>
      <trkpt lat="45.45911" lon="5.52464">
        <ele>596</ele>
        <time>2025-04-16T07:00:09+00:00</time>
      </trkpt>
      <trkpt lat="45.45913" lon="5.52452">
        <ele>595</ele>
        <time>2025-04-16T07:00:12+00:00</time>
      </trkpt>
      <trkpt lat="45.45917" lon="5.5244">
        <ele>593</ele>
        <time>2025-04-16T07:00:15+00:00</time>
      </trkpt>
      <trkpt lat="45.45924" lon="5.52425">
        <ele>593</ele>
        <time>2025-04-16T07:00:18+00:00</time>
      </trkpt>
      <trkpt lat="45.45931" lon="5.52416">
        <ele>592</ele>
        <time>2025-04-16T07:00:21+00:00</time>
      </trkpt>
      <trkpt lat="45.45941" lon="5.52407">
        <ele>592</ele>
        <time>2025-04-16T07:00:24+00:00</time>
      </trkpt>
      <trkpt lat="45.45949" lon="5.52404">
        <ele>592</ele>
        <time>2025-04-16T07:00:27+00:00</time>
      </trkpt>
      <trkpt lat="45.45949" lon="5.52404">
        <ele>592</ele>
        <time>2025-04-16T07:00:30+00:00</time>
      </trkpt>
      <trkpt lat="45.45941" lon="5.52387">
        <ele>595</ele>
        <time>2025-04-16T07:00:33+00:00</time>
      </trkpt>
      <trkpt lat="45.45934" lon="5.5237">
        <ele>598</ele>
        <time>2025-04-16T07:00:36+00:00</time>
      </trkpt>
      <trkpt lat="45.45927" lon="5.52353">
        <ele>598</ele>
        <time>2025-04-16T07:00:39+00:00</time>
      </trkpt>
      <trkpt lat="45.45919" lon="5.52342">
        <ele>598</ele>
        <time>2025-04-16T07:00:42+00:00</time>
      </trkpt>
      <trkpt lat="45.45914" lon="5.52336">
        <ele>598</ele>
        <time>2025-04-16T07:00:45+00:00</time>
      </trkpt>
      <trkpt lat="45.45903" lon="5.52327">
        <ele>598</ele>
        <time>2025-04-16T07:00:48+00:00</time>
      </trkpt>
      <trkpt lat="45.45883" lon="5.52312">
        <ele>597</ele>
        <time>2025-04-16T07:00:51+00:00</time>
      </trkpt>
      <trkpt lat="45.45871" lon="5.52304">
        <ele>596</ele>
        <time>2025-04-16T07:00:54+00:00</time>
      </trkpt>
      <trkpt lat="45.45858" lon="5.52295">
        <ele>596</ele>
        <time>2025-04-16T07:00:57+00:00</time>
      </trkpt>
      <trkpt lat="45.45847" lon="5.52286">
        <ele>595</ele>
        <time>2025-04-16T07:01:00+00:00</time>
      </trkpt>
      <trkpt lat="45.45837" lon="5.52279">
        <ele>596</ele>
        <time>2025-04-16T07:01:03+00:00</time>
      </trkpt>
      <trkpt lat="45.45824" lon="5.52272">
        <ele>595</ele>
        <time>2025-04-16T07:01:06+00:00</time>
      </trkpt>
      <trkpt lat="45.45809" lon="5.52269">
        <ele>595</ele>
        <time>2025-04-16T07:01:09+00:00</time>
      </trkpt>
      <trkpt lat="45.4579" lon="5.52267">
        <ele>595</ele>
        <time>2025-04-16T07:01:12+00:00</time>
      </trkpt>
      <trkpt lat="45.45762" lon="5.52262">
        <ele>593</ele>
        <time>2025-04-16T07:01:15+00:00</time>
      </trkpt>
      <trkpt lat="45.4575" lon="5.52259">
        <ele>593</ele>
        <time>2025-04-16T07:01:18+00:00</time>
      </trkpt>
      <trkpt lat="45.4574" lon="5.52255">
        <ele>587</ele>
        <time>2025-04-16T07:01:21+00:00</time>
      </trkpt>
      <trkpt lat="45.45729" lon="5.52248">
        <ele>586</ele>
        <time>2025-04-16T07:01:24+00:00</time>
      </trkpt>
      <trkpt lat="45.45718" lon="5.5224">
        <ele>585</ele>
        <time>2025-04-16T07:01:27+00:00</time>
      </trkpt>
      <trkpt lat="45.45708" lon="5.52232">
        <ele>584</ele>
        <time>2025-04-16T07:01:30+00:00</time>
      </trkpt>
      <trkpt lat="45.45701" lon="5.52222">
        <ele>585</ele>
        <time>2025-04-16T07:01:33+00:00</time>
      </trkpt>
      <trkpt lat="45.45692" lon="5.52212">
        <ele>584</ele>
        <time>2025-04-16T07:01:36+00:00</time>
      </trkpt>
      <trkpt lat="45.45681" lon="5.52205">
        <ele>584</ele>
        <time>2025-04-16T07:01:39+00:00</time>
      </trkpt>
      <trkpt lat="45.45671" lon="5.52199">
        <ele>582</ele>
        <time>2025-04-16T07:01:42+00:00</time>
      </trkpt>
      <trkpt lat="45.45657" lon="5.5219">
        <ele>579</ele>
        <time>2025-04-16T07:01:45+00:00</time>
      </trkpt>
      <trkpt lat="45.45647" lon="5.52181">
        <ele>577</ele>
        <time>2025-04-16T07:01:48+00:00</time>
      </trkpt>
      <trkpt lat="45.45636" lon="5.52169">
        <ele>576</ele>
        <time>2025-04-16T07:01:51+00:00</time>
      </trkpt>
      <trkpt lat="45.45627" lon="5.52158">
        <ele>575</ele>
        <time>2025-04-16T07:01:54+00:00</time>
      </trkpt>
      <trkpt lat="45.45619" lon="5.52146">
        <ele>574</ele>
        <time>2025-04-16T07:01:57+00:00</time>
      </trkpt>
      <trkpt lat="45.45613" lon="5.52138">
        <ele>574</ele>
        <time>2025-04-16T07:02:00+00:00</time>
      </trkpt>
      <trkpt lat="45.45609" lon="5.52131">
        <ele>573</ele>
        <time>2025-04-16T07:02:03+00:00</time>
      </trkpt>
      <trkpt lat="45.45609" lon="5.52131">
        <ele>573</ele>
        <time>2025-04-16T07:02:06+00:00</time>
      </trkpt>
      <trkpt lat="45.45593" lon="5.52116">
        <ele>573</ele>
        <time>2025-04-16T07:02:09+00:00</time>
      </trkpt>
      <trkpt lat="45.45574" lon="5.52098">
        <ele>572</ele>
        <time>2025-04-16T07:02:12+00:00</time>
      </trkpt>
      <trkpt lat="45.45553" lon="5.52082">
        <ele>570</ele>
        <time>2025-04-16T07:02:15+00:00</time>
      </trkpt>
      <trkpt lat="45.45534" lon="5.52067">
        <ele>569</ele>
        <time>2025-04-16T07:02:18+00:00</time>
      </trkpt>
      <trkpt lat="45.45513" lon="5.52061">
        <ele>568</ele>
        <time>2025-04-16T07:02:21+00:00</time>
      </trkpt>
      <trkpt lat="45.45482" lon="5.52049">
        <ele>565</ele>
        <time>2025-04-16T07:02:24+00:00</time>
      </trkpt>
      <trkpt lat="45.45451" lon="5.52038">
        <ele>562</ele>
        <time>2025-04-16T07:02:27+00:00</time>
      </trkpt>
      <trkpt lat="45.45418" lon="5.52025">
        <ele>558</ele>
        <time>2025-04-16T07:02:30+00:00</time>
      </trkpt>
      <trkpt lat="45.4539" lon="5.52002">
        <ele>554</ele>
        <time>2025-04-16T07:02:33+00:00</time>
      </trkpt>
      <trkpt lat="45.4537" lon="5.51991">
        <ele>549</ele>
        <time>2025-04-16T07:02:36+00:00</time>
      </trkpt>
      <trkpt lat="45.45349" lon="5.51964">
        <ele>546</ele>
        <time>2025-04-16T07:02:39+00:00</time>
      </trkpt>
      <trkpt lat="45.45327" lon="5.51933">
        <ele>544</ele>
        <time>2025-04-16T07:02:42+00:00</time>
      </trkpt>
      <trkpt lat="45.45312" lon="5.51897">
        <ele>541</ele>
        <time>2025-04-16T07:02:45+00:00</time>
      </trkpt>
      <trkpt lat="45.45289" lon="5.51841">
        <ele>536</ele>
        <time>2025-04-16T07:02:48+00:00</time>
      </trkpt>
      <trkpt lat="45.4528" lon="5.51782">
        <ele>537</ele>
        <time>2025-04-16T07:02:51+00:00</time>
      </trkpt>
      <trkpt lat="45.45271" lon="5.51779">
        <ele>535</ele>
        <time>2025-04-16T07:02:54+00:00</time>
      </trkpt>
      <trkpt lat="45.45271" lon="5.51777">
        <ele>535</ele>
        <time>2025-04-16T07:02:57+00:00</time>
      </trkpt>
      <trkpt lat="45.45271" lon="5.51777">
        <ele>535</ele>
        <time>2025-04-16T07:03:00+00:00</time>
      </trkpt>
      <trkpt lat="45.45275" lon="5.51777">
        <ele>535</ele>
        <time>2025-04-16T07:03:03+00:00</time>
      </trkpt>
      <trkpt lat="45.45293" lon="5.51767">
        <ele>538</ele>
        <time>2025-04-16T07:03:06+00:00</time>
      </trkpt>
      <trkpt lat="45.45324" lon="5.51756">
        <ele>543</ele>
        <time>2025-04-16T07:03:09+00:00</time>
      </trkpt>
      <trkpt lat="45.4535" lon="5.51749">
        <ele>546</ele>
        <time>2025-04-16T07:03:12+00:00</time>
      </trkpt>
      <trkpt lat="45.45363" lon="5.51743">
        <ele>546</ele>
        <time>2025-04-16T07:03:15+00:00</time>
      </trkpt>
      <trkpt lat="45.45363" lon="5.51744">
        <ele>546</ele>
        <time>2025-04-16T07:03:18+00:00</time>
      </trkpt>
      <trkpt lat="45.45367" lon="5.51724">
        <ele>549</ele>
        <time>2025-04-16T07:03:21+00:00</time>
      </trkpt>
      <trkpt lat="45.45362" lon="5.51674">
        <ele>556</ele>
        <time>2025-04-16T07:03:24+00:00</time>
      </trkpt>
      <trkpt lat="45.45371" lon="5.5163">
        <ele>561</ele>
        <time>2025-04-16T07:03:27+00:00</time>
      </trkpt>
      <trkpt lat="45.4538" lon="5.51599">
        <ele>559</ele>
        <time>2025-04-16T07:03:30+00:00</time>
      </trkpt>
      <trkpt lat="45.4539" lon="5.51567">
        <ele>557</ele>
        <time>2025-04-16T07:03:33+00:00</time>
      </trkpt>
      <trkpt lat="45.45413" lon="5.51536">
        <ele>546</ele>
        <time>2025-04-16T07:03:36+00:00</time>
      </trkpt>
      <trkpt lat="45.45424" lon="5.51499">
        <ele>540</ele>
        <time>2025-04-16T07:03:39+00:00</time>
      </trkpt>
      <trkpt lat="45.45442" lon="5.51443">
        <ele>529</ele>
        <time>2025-04-16T07:03:42+00:00</time>
      </trkpt>
      <trkpt lat="45.45463" lon="5.51383">
        <ele>525</ele>
        <time>2025-04-16T07:03:45+00:00</time>
      </trkpt>
      <trkpt lat="45.45434" lon="5.51369">
        <ele>525</ele>
        <time>2025-04-16T07:03:48+00:00</time>
      </trkpt>
      <trkpt lat="45.45384" lon="5.51346">
        <ele>525</ele>
        <time>2025-04-16T07:03:51+00:00</time>
      </trkpt>
      <trkpt lat="45.45345" lon="5.51334">
        <ele>528</ele>
        <time>2025-04-16T07:03:54+00:00</time>
      </trkpt>
      <trkpt lat="45.45305" lon="5.51316">
        <ele>528</ele>
        <time>2025-04-16T07:03:57+00:00</time>
      </trkpt>
      <trkpt lat="45.45298" lon="5.51315">
        <ele>528</ele>
        <time>2025-04-16T07:04:00+00:00</time>
      </trkpt>
      <trkpt lat="45.45298" lon="5.51314">
        <ele>528</ele>
        <time>2025-04-16T07:04:03+00:00</time>
      </trkpt>
      <trkpt lat="45.45265" lon="5.51286">
        <ele>525</ele>
        <time>2025-04-16T07:04:06+00:00</time>
      </trkpt>
      <trkpt lat="45.45244" lon="5.51262">
        <ele>522</ele>
        <time>2025-04-16T07:04:09+00:00</time>
      </trkpt>
      <trkpt lat="45.45229" lon="5.51253">
        <ele>518</ele>
        <time>2025-04-16T07:04:12+00:00</time>
      </trkpt>
      <trkpt lat="45.45199" lon="5.51243">
        <ele>513</ele>
        <time>2025-04-16T07:04:15+00:00</time>
      </trkpt>
      <trkpt lat="45.45183" lon="5.51232">
        <ele>510</ele>
        <time>2025-04-16T07:04:18+00:00</time>
      </trkpt>
      <trkpt lat="45.45178" lon="5.51208">
        <ele>511</ele>
        <time>2025-04-16T07:04:21+00:00</time>
      </trkpt>
      <trkpt lat="45.45174" lon="5.51175">
        <ele>510</ele>
        <time>2025-04-16T07:04:24+00:00</time>
      </trkpt>
      <trkpt lat="45.45176" lon="5.51147">
        <ele>510</ele>
        <time>2025-04-16T07:04:27+00:00</time>
      </trkpt>
      <trkpt lat="45.45173" lon="5.51127">
        <ele>512</ele>
        <time>2025-04-16T07:04:30+00:00</time>
      </trkpt>
      <trkpt lat="45.45171" lon="5.51105">
        <ele>512</ele>
        <time>2025-04-16T07:04:33+00:00</time>
      </trkpt>
      <trkpt lat="45.45174" lon="5.51076">
        <ele>513</ele>
        <time>2025-04-16T07:04:36+00:00</time>
      </trkpt>
      <trkpt lat="45.45194" lon="5.51066">
        <ele>513</ele>
        <time>2025-04-16T07:04:39+00:00</time>
      </trkpt>
      <trkpt lat="45.45211" lon="5.51058">
        <ele>515</ele>
        <time>2025-04-16T07:04:42+00:00</time>
      </trkpt>
      <trkpt lat="45.45227" lon="5.51051">
        <ele>515</ele>
        <time>2025-04-16T07:04:45+00:00</time>
      </trkpt>
      <trkpt lat="45.45245" lon="5.51042">
        <ele>517</ele>
        <time>2025-04-16T07:04:48+00:00</time>
      </trkpt>
      <trkpt lat="45.45266" lon="5.51033">
        <ele>516</ele>
        <time>2025-04-16T07:04:51+00:00</time>
      </trkpt>
      <trkpt lat="45.45298" lon="5.51018">
        <ele>515</ele>
        <time>2025-04-16T07:04:54+00:00</time>
      </trkpt>
      <trkpt lat="45.45331" lon="5.51">
        <ele>517</ele>
        <time>2025-04-16T07:04:57+00:00</time>
      </trkpt>
      <trkpt lat="45.45342" lon="5.50998">
        <ele>517</ele>
        <time>2025-04-16T07:05:00+00:00</time>
      </trkpt>
      <trkpt lat="45.45347" lon="5.50978">
        <ele>519</ele>
        <time>2025-04-16T07:05:03+00:00</time>
      </trkpt>
      <trkpt lat="45.45346" lon="5.50976">
        <ele>519</ele>
        <time>2025-04-16T07:05:06+00:00</time>
      </trkpt>
      <trkpt lat="45.45344" lon="5.50954">
        <ele>520</ele>
        <time>2025-04-16T07:05:09+00:00</time>
      </trkpt>
      <trkpt lat="45.45342" lon="5.50919">
        <ele>522</ele>
        <time>2025-04-16T07:05:12+00:00</time>
      </trkpt>
      <trkpt lat="45.4534" lon="5.50884">
        <ele>524</ele>
        <time>2025-04-16T07:05:15+00:00</time>
      </trkpt>
      <trkpt lat="45.45334" lon="5.50876">
        <ele>524</ele>
        <time>2025-04-16T07:05:18+00:00</time>
      </trkpt>
      <trkpt lat="45.45344" lon="5.50859">
        <ele>526</ele>
        <time>2025-04-16T07:05:21+00:00</time>
      </trkpt>
      <trkpt lat="45.45361" lon="5.50828">
        <ele>526</ele>
        <time>2025-04-16T07:05:24+00:00</time>
      </trkpt>
      <trkpt lat="45.45369" lon="5.50813">
        <ele>527</ele>
        <time>2025-04-16T07:05:27+00:00</time>
      </trkpt>
      <trkpt lat="45.45377" lon="5.50798">
        <ele>525</ele>
        <time>2025-04-16T07:05:30+00:00</time>
      </trkpt>
      <trkpt lat="45.45392" lon="5.50767">
        <ele>525</ele>
        <time>2025-04-16T07:05:33+00:00</time>
      </trkpt>
      <trkpt lat="45.454" lon="5.50752">
        <ele>525</ele>
        <time>2025-04-16T07:05:36+00:00</time>
      </trkpt>
      <trkpt lat="45.454" lon="5.50752">
        <ele>525</ele>
        <time>2025-04-16T07:05:39+00:00</time>
      </trkpt>
      <trkpt lat="45.45387" lon="5.50751">
        <ele>526</ele>
        <time>2025-04-16T07:05:42+00:00</time>
      </trkpt>
      <trkpt lat="45.45377" lon="5.50752">
        <ele>527</ele>
        <time>2025-04-16T07:05:45+00:00</time>
      </trkpt>
      <trkpt lat="45.45366" lon="5.50752">
        <ele>526</ele>
        <time>2025-04-16T07:05:48+00:00</time>
      </trkpt>
      <trkpt lat="45.45364" lon="5.50742">
        <ele>527</ele>
        <time>2025-04-16T07:05:51+00:00</time>
      </trkpt>
      <trkpt lat="45.45363" lon="5.50733">
        <ele>527</ele>
        <time>2025-04-16T07:05:54+00:00</time>
      </trkpt>
      <trkpt lat="45.45362" lon="5.50725">
        <ele>526</ele>
        <time>2025-04-16T07:05:57+00:00</time>
      </trkpt>
      <trkpt lat="45.4536" lon="5.50717">
        <ele>525</ele>
        <time>2025-04-16T07:06:00+00:00</time>
      </trkpt>
      <trkpt lat="45.45359" lon="5.50713">
        <ele>526</ele>
        <time>2025-04-16T07:06:03+00:00</time>
      </trkpt>
      <trkpt lat="45.45357" lon="5.5071">
        <ele>525</ele>
        <time>2025-04-16T07:06:06+00:00</time>
      </trkpt>
      <trkpt lat="45.45353" lon="5.50705">
        <ele>525</ele>
        <time>2025-04-16T07:06:09+00:00</time>
      </trkpt>
      <trkpt lat="45.45342" lon="5.50698">
        <ele>525</ele>
        <time>2025-04-16T07:06:12+00:00</time>
      </trkpt>
      <trkpt lat="45.45325" lon="5.50691">
        <ele>526</ele>
        <time>2025-04-16T07:06:15+00:00</time>
      </trkpt>
      <trkpt lat="45.45312" lon="5.50688">
        <ele>525</ele>
        <time>2025-04-16T07:06:18+00:00</time>
      </trkpt>
      <trkpt lat="45.453" lon="5.50686">
        <ele>525</ele>
        <time>2025-04-16T07:06:21+00:00</time>
      </trkpt>
      <trkpt lat="45.45289" lon="5.50686">
        <ele>525</ele>
        <time>2025-04-16T07:06:24+00:00</time>
      </trkpt>
      <trkpt lat="45.45271" lon="5.50686">
        <ele>525</ele>
        <time>2025-04-16T07:06:27+00:00</time>
      </trkpt>
      <trkpt lat="45.45254" lon="5.50686">
        <ele>525</ele>
        <time>2025-04-16T07:06:30+00:00</time>
      </trkpt>
      <trkpt lat="45.45241" lon="5.50687">
        <ele>526</ele>
        <time>2025-04-16T07:06:33+00:00</time>
      </trkpt>
      <trkpt lat="45.45232" lon="5.50687">
        <ele>526</ele>
        <time>2025-04-16T07:06:36+00:00</time>
      </trkpt>
      <trkpt lat="45.45221" lon="5.50686">
        <ele>526</ele>
        <time>2025-04-16T07:06:39+00:00</time>
      </trkpt>
      <trkpt lat="45.45213" lon="5.50685">
        <ele>526</ele>
        <time>2025-04-16T07:06:42+00:00</time>
      </trkpt>
      <trkpt lat="45.45201" lon="5.50679">
        <ele>527</ele>
        <time>2025-04-16T07:06:45+00:00</time>
      </trkpt>
      <trkpt lat="45.45186" lon="5.50668">
        <ele>526</ele>
        <time>2025-04-16T07:06:48+00:00</time>
      </trkpt>
      <trkpt lat="45.45166" lon="5.50653">
        <ele>526</ele>
        <time>2025-04-16T07:06:51+00:00</time>
      </trkpt>
      <trkpt lat="45.45144" lon="5.50635">
        <ele>526</ele>
        <time>2025-04-16T07:06:54+00:00</time>
      </trkpt>
      <trkpt lat="45.45117" lon="5.50615">
        <ele>528</ele>
        <time>2025-04-16T07:06:57+00:00</time>
      </trkpt>
      <trkpt lat="45.45105" lon="5.50603">
        <ele>528</ele>
        <time>2025-04-16T07:07:00+00:00</time>
      </trkpt>
      <trkpt lat="45.45085" lon="5.50581">
        <ele>530</ele>
        <time>2025-04-16T07:07:03+00:00</time>
      </trkpt>
      <trkpt lat="45.45065" lon="5.50559">
        <ele>530</ele>
        <time>2025-04-16T07:07:06+00:00</time>
      </trkpt>
      <trkpt lat="45.45052" lon="5.50546">
        <ele>530</ele>
        <time>2025-04-16T07:07:09+00:00</time>
      </trkpt>
      <trkpt lat="45.45044" lon="5.50539">
        <ele>531</ele>
        <time>2025-04-16T07:07:12+00:00</time>
      </trkpt>
      <trkpt lat="45.45037" lon="5.50534">
        <ele>532</ele>
        <time>2025-04-16T07:07:15+00:00</time>
      </trkpt>
      <trkpt lat="45.4503" lon="5.5053">
        <ele>532</ele>
        <time>2025-04-16T07:07:18+00:00</time>
      </trkpt>
      <trkpt lat="45.45021" lon="5.50526">
        <ele>533</ele>
        <time>2025-04-16T07:07:21+00:00</time>
      </trkpt>
      <trkpt lat="45.45012" lon="5.50522">
        <ele>533</ele>
        <time>2025-04-16T07:07:24+00:00</time>
      </trkpt>
      <trkpt lat="45.45006" lon="5.50519">
        <ele>534</ele>
        <time>2025-04-16T07:07:27+00:00</time>
      </trkpt>
      <trkpt lat="45.45002" lon="5.50515">
        <ele>534</ele>
        <time>2025-04-16T07:07:30+00:00</time>
      </trkpt>
      <trkpt lat="45.44996" lon="5.50506">
        <ele>535</ele>
        <time>2025-04-16T07:07:33+00:00</time>
      </trkpt>
      <trkpt lat="45.44977" lon="5.50474">
        <ele>535</ele>
        <time>2025-04-16T07:07:36+00:00</time>
      </trkpt>
      <trkpt lat="45.44963" lon="5.50454">
        <ele>534</ele>
        <time>2025-04-16T07:07:39+00:00</time>
      </trkpt>
      <trkpt lat="45.44946" lon="5.50435">
        <ele>534</ele>
        <time>2025-04-16T07:07:42+00:00</time>
      </trkpt>
      <trkpt lat="45.44914" lon="5.50399">
        <ele>534</ele>
        <time>2025-04-16T07:07:45+00:00</time>
      </trkpt>
      <trkpt lat="45.44898" lon="5.50376">
        <ele>534</ele>
        <time>2025-04-16T07:07:48+00:00</time>
      </trkpt>
      <trkpt lat="45.4488" lon="5.5035">
        <ele>535</ele>
        <time>2025-04-16T07:07:51+00:00</time>
      </trkpt>
      <trkpt lat="45.44873" lon="5.50335">
        <ele>536</ele>
        <time>2025-04-16T07:07:54+00:00</time>
      </trkpt>
      <trkpt lat="45.44862" lon="5.5031">
        <ele>537</ele>
        <time>2025-04-16T07:07:57+00:00</time>
      </trkpt>
      <trkpt lat="45.44851" lon="5.50282">
        <ele>537</ele>
        <time>2025-04-16T07:08:00+00:00</time>
      </trkpt>
      <trkpt lat="45.44841" lon="5.50257">
        <ele>538</ele>
        <time>2025-04-16T07:08:03+00:00</time>
      </trkpt>
      <trkpt lat="45.44835" lon="5.50237">
        <ele>539</ele>
        <time>2025-04-16T07:08:06+00:00</time>
      </trkpt>
      <trkpt lat="45.44832" lon="5.50222">
        <ele>540</ele>
        <time>2025-04-16T07:08:09+00:00</time>
      </trkpt>
      <trkpt lat="45.44832" lon="5.50204">
        <ele>540</ele>
        <time>2025-04-16T07:08:12+00:00</time>
      </trkpt>
      <trkpt lat="45.44838" lon="5.502">
        <ele>540</ele>
        <time>2025-04-16T07:08:15+00:00</time>
      </trkpt>
      <trkpt lat="45.4484" lon="5.50199">
        <ele>540</ele>
        <time>2025-04-16T07:08:18+00:00</time>
      </trkpt>
      <trkpt lat="45.44858" lon="5.50189">
        <ele>539</ele>
        <time>2025-04-16T07:08:21+00:00</time>
      </trkpt>
      <trkpt lat="45.44885" lon="5.50179">
        <ele>538</ele>
        <time>2025-04-16T07:08:24+00:00</time>
      </trkpt>
      <trkpt lat="45.44907" lon="5.5017">
        <ele>537</ele>
        <time>2025-04-16T07:08:27+00:00</time>
      </trkpt>
      <trkpt lat="45.44929" lon="5.50163">
        <ele>537</ele>
        <time>2025-04-16T07:08:30+00:00</time>
      </trkpt>
      <trkpt lat="45.44948" lon="5.5016">
        <ele>536</ele>
        <time>2025-04-16T07:08:33+00:00</time>
      </trkpt>
      <trkpt lat="45.44971" lon="5.50157">
        <ele>534</ele>
        <time>2025-04-16T07:08:36+00:00</time>
      </trkpt>
      <trkpt lat="45.44985" lon="5.50156">
        <ele>534</ele>
        <time>2025-04-16T07:08:39+00:00</time>
      </trkpt>
      <trkpt lat="45.44998" lon="5.50155">
        <ele>533</ele>
        <time>2025-04-16T07:08:42+00:00</time>
      </trkpt>
      <trkpt lat="45.45007" lon="5.50154">
        <ele>533</ele>
        <time>2025-04-16T07:08:45+00:00</time>
      </trkpt>
      <trkpt lat="45.45015" lon="5.50153">
        <ele>532</ele>
        <time>2025-04-16T07:08:48+00:00</time>
      </trkpt>
      <trkpt lat="45.45028" lon="5.50147">
        <ele>530</ele>
        <time>2025-04-16T07:08:51+00:00</time>
      </trkpt>
      <trkpt lat="45.45046" lon="5.50133">
        <ele>528</ele>
        <time>2025-04-16T07:08:54+00:00</time>
      </trkpt>
      <trkpt lat="45.45071" lon="5.50112">
        <ele>528</ele>
        <time>2025-04-16T07:08:57+00:00</time>
      </trkpt>
      <trkpt lat="45.45086" lon="5.501">
        <ele>527</ele>
        <time>2025-04-16T07:09:00+00:00</time>
      </trkpt>
      <trkpt lat="45.45101" lon="5.50084">
        <ele>527</ele>
        <time>2025-04-16T07:09:03+00:00</time>
      </trkpt>
      <trkpt lat="45.45107" lon="5.50077">
        <ele>525</ele>
        <time>2025-04-16T07:09:06+00:00</time>
      </trkpt>
      <trkpt lat="45.45111" lon="5.50074">
        <ele>526</ele>
        <time>2025-04-16T07:09:09+00:00</time>
      </trkpt>
      <trkpt lat="45.45115" lon="5.50069">
        <ele>525</ele>
        <time>2025-04-16T07:09:12+00:00</time>
      </trkpt>
      <trkpt lat="45.4513" lon="5.50055">
        <ele>527</ele>
        <time>2025-04-16T07:09:15+00:00</time>
      </trkpt>
      <trkpt lat="45.45148" lon="5.50037">
        <ele>527</ele>
        <time>2025-04-16T07:09:18+00:00</time>
      </trkpt>
      <trkpt lat="45.45169" lon="5.50016">
        <ele>527</ele>
        <time>2025-04-16T07:09:21+00:00</time>
      </trkpt>
      <trkpt lat="45.45187" lon="5.49994">
        <ele>528</ele>
        <time>2025-04-16T07:09:24+00:00</time>
      </trkpt>
      <trkpt lat="45.45196" lon="5.49985">
        <ele>530</ele>
        <time>2025-04-16T07:09:27+00:00</time>
      </trkpt>
      <trkpt lat="45.45207" lon="5.49977">
        <ele>531</ele>
        <time>2025-04-16T07:09:30+00:00</time>
      </trkpt>
      <trkpt lat="45.45217" lon="5.49971">
        <ele>532</ele>
        <time>2025-04-16T07:09:33+00:00</time>
      </trkpt>
      <trkpt lat="45.45226" lon="5.49964">
        <ele>531</ele>
        <time>2025-04-16T07:09:36+00:00</time>
      </trkpt>
      <trkpt lat="45.45232" lon="5.49957">
        <ele>533</ele>
        <time>2025-04-16T07:09:39+00:00</time>
      </trkpt>
      <trkpt lat="45.45237" lon="5.4995">
        <ele>534</ele>
        <time>2025-04-16T07:09:42+00:00</time>
      </trkpt>
      <trkpt lat="45.45247" lon="5.49931">
        <ele>535</ele>
        <time>2025-04-16T07:09:45+00:00</time>
      </trkpt>
      <trkpt lat="45.4525" lon="5.49925">
        <ele>535</ele>
        <time>2025-04-16T07:09:48+00:00</time>
      </trkpt>
      <trkpt lat="45.4525" lon="5.49925">
        <ele>535</ele>
        <time>2025-04-16T07:09:51+00:00</time>
      </trkpt>
      <trkpt lat="45.45259" lon="5.49907">
        <ele>536</ele>
        <time>2025-04-16T07:09:54+00:00</time>
      </trkpt>
      <trkpt lat="45.45265" lon="5.499">
        <ele>537</ele>
        <time>2025-04-16T07:09:57+00:00</time>
      </trkpt>
      <trkpt lat="45.45275" lon="5.49891">
        <ele>537</ele>
        <time>2025-04-16T07:10:00+00:00</time>
      </trkpt>
      <trkpt lat="45.4529" lon="5.4988">
        <ele>539</ele>
        <time>2025-04-16T07:10:03+00:00</time>
      </trkpt>
      <trkpt lat="45.45302" lon="5.49872">
        <ele>540</ele>
        <time>2025-04-16T07:10:06+00:00</time>
      </trkpt>
      <trkpt lat="45.45307" lon="5.49869">
        <ele>540</ele>
        <time>2025-04-16T07:10:09+00:00</time>
      </trkpt>
      <trkpt lat="45.45306" lon="5.49864">
        <ele>540</ele>
        <time>2025-04-16T07:10:12+00:00</time>
      </trkpt>
      <trkpt lat="45.4531" lon="5.49861">
        <ele>541</ele>
        <time>2025-04-16T07:10:15+00:00</time>
      </trkpt>
      <trkpt lat="45.45319" lon="5.49855">
        <ele>541</ele>
        <time>2025-04-16T07:10:18+00:00</time>
      </trkpt>
      <trkpt lat="45.45329" lon="5.4985">
        <ele>543</ele>
        <time>2025-04-16T07:10:21+00:00</time>
      </trkpt>
      <trkpt lat="45.45337" lon="5.49848">
        <ele>544</ele>
        <time>2025-04-16T07:10:24+00:00</time>
      </trkpt>
      <trkpt lat="45.45344" lon="5.49847">
        <ele>544</ele>
        <time>2025-04-16T07:10:27+00:00</time>
      </trkpt>
      <trkpt lat="45.45363" lon="5.49848">
        <ele>546</ele>
        <time>2025-04-16T07:10:30+00:00</time>
      </trkpt>
      <trkpt lat="45.45385" lon="5.49852">
        <ele>548</ele>
        <time>2025-04-16T07:10:33+00:00</time>
      </trkpt>
      <trkpt lat="45.45388" lon="5.49852">
        <ele>548</ele>
        <time>2025-04-16T07:10:36+00:00</time>
      </trkpt>
      <trkpt lat="45.45389" lon="5.49852">
        <ele>548</ele>
        <time>2025-04-16T07:10:39+00:00</time>
      </trkpt>
      <trkpt lat="45.45387" lon="5.49818">
        <ele>553</ele>
        <time>2025-04-16T07:10:42+00:00</time>
      </trkpt>
      <trkpt lat="45.45386" lon="5.49797">
        <ele>557</ele>
        <time>2025-04-16T07:10:45+00:00</time>
      </trkpt>
      <trkpt lat="45.45389" lon="5.49784">
        <ele>559</ele>
        <time>2025-04-16T07:10:48+00:00</time>
      </trkpt>
      <trkpt lat="45.45395" lon="5.49772">
        <ele>564</ele>
        <time>2025-04-16T07:10:51+00:00</time>
      </trkpt>
      <trkpt lat="45.45403" lon="5.49757">
        <ele>568</ele>
        <time>2025-04-16T07:10:54+00:00</time>
      </trkpt>
      <trkpt lat="45.45407" lon="5.49745">
        <ele>571</ele>
        <time>2025-04-16T07:10:57+00:00</time>
      </trkpt>
      <trkpt lat="45.45409" lon="5.49712">
        <ele>577</ele>
        <time>2025-04-16T07:11:00+00:00</time>
      </trkpt>
      <trkpt lat="45.45415" lon="5.49689">
        <ele>578</ele>
        <time>2025-04-16T07:11:03+00:00</time>
      </trkpt>
      <trkpt lat="45.45421" lon="5.4967">
        <ele>578</ele>
        <time>2025-04-16T07:11:06+00:00</time>
      </trkpt>
      <trkpt lat="45.45427" lon="5.49649">
        <ele>582</ele>
        <time>2025-04-16T07:11:09+00:00</time>
      </trkpt>
      <trkpt lat="45.45432" lon="5.49625">
        <ele>582</ele>
        <time>2025-04-16T07:11:12+00:00</time>
      </trkpt>
      <trkpt lat="45.45438" lon="5.49596">
        <ele>587</ele>
        <time>2025-04-16T07:11:15+00:00</time>
      </trkpt>
      <trkpt lat="45.45449" lon="5.4957">
        <ele>590</ele>
        <time>2025-04-16T07:11:18+00:00</time>
      </trkpt>
      <trkpt lat="45.45457" lon="5.49555">
        <ele>590</ele>
        <time>2025-04-16T07:11:21+00:00</time>
      </trkpt>
      <trkpt lat="45.4547" lon="5.49532">
        <ele>594</ele>
        <time>2025-04-16T07:11:24+00:00</time>
      </trkpt>
      <trkpt lat="45.45486" lon="5.49503">
        <ele>597</ele>
        <time>2025-04-16T07:11:27+00:00</time>
      </trkpt>
      <trkpt lat="45.455" lon="5.49469">
        <ele>602</ele>
        <time>2025-04-16T07:11:30+00:00</time>
      </trkpt>
      <trkpt lat="45.45521" lon="5.49422">
        <ele>608</ele>
        <time>2025-04-16T07:11:33+00:00</time>
      </trkpt>
      <trkpt lat="45.4553" lon="5.49408">
        <ele>617</ele>
        <time>2025-04-16T07:11:36+00:00</time>
      </trkpt>
      <trkpt lat="45.45544" lon="5.49395">
        <ele>617</ele>
        <time>2025-04-16T07:11:39+00:00</time>
      </trkpt>
      <trkpt lat="45.45548" lon="5.49389">
        <ele>621</ele>
        <time>2025-04-16T07:11:42+00:00</time>
      </trkpt>
      <trkpt lat="45.45568" lon="5.49355">
        <ele>630</ele>
        <time>2025-04-16T07:11:45+00:00</time>
      </trkpt>
      <trkpt lat="45.4558" lon="5.49319">
        <ele>639</ele>
        <time>2025-04-16T07:11:48+00:00</time>
      </trkpt>
      <trkpt lat="45.45598" lon="5.49269">
        <ele>655</ele>
        <time>2025-04-16T07:11:51+00:00</time>
      </trkpt>
      <trkpt lat="45.45604" lon="5.49258">
        <ele>658</ele>
        <time>2025-04-16T07:11:54+00:00</time>
      </trkpt>
      <trkpt lat="45.4561" lon="5.4925">
        <ele>660</ele>
        <time>2025-04-16T07:11:57+00:00</time>
      </trkpt>
      <trkpt lat="45.45625" lon="5.49239">
        <ele>665</ele>
        <time>2025-04-16T07:12:00+00:00</time>
      </trkpt>
      <trkpt lat="45.45636" lon="5.49238">
        <ele>665</ele>
        <time>2025-04-16T07:12:03+00:00</time>
      </trkpt>
      <trkpt lat="45.4565" lon="5.4924">
        <ele>666</ele>
        <time>2025-04-16T07:12:06+00:00</time>
      </trkpt>
      <trkpt lat="45.45656" lon="5.49237">
        <ele>667</ele>
        <time>2025-04-16T07:12:09+00:00</time>
      </trkpt>
      <trkpt lat="45.4566" lon="5.49231">
        <ele>667</ele>
        <time>2025-04-16T07:12:12+00:00</time>
      </trkpt>
      <trkpt lat="45.45659" lon="5.49222">
        <ele>668</ele>
        <time>2025-04-16T07:12:15+00:00</time>
      </trkpt>
      <trkpt lat="45.45655" lon="5.4921">
        <ele>668</ele>
        <time>2025-04-16T07:12:18+00:00</time>
      </trkpt>
      <trkpt lat="45.45651" lon="5.49207">
        <ele>672</ele>
        <time>2025-04-16T07:12:21+00:00</time>
      </trkpt>
      <trkpt lat="45.45642" lon="5.49206">
        <ele>671</ele>
        <time>2025-04-16T07:12:24+00:00</time>
      </trkpt>
      <trkpt lat="45.45635" lon="5.49206">
        <ele>669</ele>
        <time>2025-04-16T07:12:27+00:00</time>
      </trkpt>
      <trkpt lat="45.45631" lon="5.492">
        <ele>672</ele>
        <time>2025-04-16T07:12:30+00:00</time>
      </trkpt>
      <trkpt lat="45.45621" lon="5.492">
        <ele>670</ele>
        <time>2025-04-16T07:12:33+00:00</time>
      </trkpt>
      <trkpt lat="45.45617" lon="5.49202">
        <ele>669</ele>
        <time>2025-04-16T07:12:36+00:00</time>
      </trkpt>
      <trkpt lat="45.45613" lon="5.49205">
        <ele>670</ele>
        <time>2025-04-16T07:12:39+00:00</time>
      </trkpt>
      <trkpt lat="45.45603" lon="5.49212">
        <ele>669</ele>
        <time>2025-04-16T07:12:42+00:00</time>
      </trkpt>
      <trkpt lat="45.45592" lon="5.49219">
        <ele>669</ele>
        <time>2025-04-16T07:12:45+00:00</time>
      </trkpt>
      <trkpt lat="45.45582" lon="5.49225">
        <ele>667</ele>
        <time>2025-04-16T07:12:48+00:00</time>
      </trkpt>
      <trkpt lat="45.45563" lon="5.49236">
        <ele>669</ele>
        <time>2025-04-16T07:12:51+00:00</time>
      </trkpt>
      <trkpt lat="45.45555" lon="5.49239">
        <ele>668</ele>
        <time>2025-04-16T07:12:54+00:00</time>
      </trkpt>
      <trkpt lat="45.45543" lon="5.49236">
        <ele>669</ele>
        <time>2025-04-16T07:12:57+00:00</time>
      </trkpt>
      <trkpt lat="45.4553" lon="5.49226">
        <ele>672</ele>
        <time>2025-04-16T07:13:00+00:00</time>
      </trkpt>
      <trkpt lat="45.4552" lon="5.49219">
        <ele>674</ele>
        <time>2025-04-16T07:13:03+00:00</time>
      </trkpt>
      <trkpt lat="45.45514" lon="5.49213">
        <ele>675</ele>
        <time>2025-04-16T07:13:06+00:00</time>
      </trkpt>
      <trkpt lat="45.45505" lon="5.4921">
        <ele>677</ele>
        <time>2025-04-16T07:13:09+00:00</time>
      </trkpt>
      <trkpt lat="45.45497" lon="5.4921">
        <ele>675</ele>
        <time>2025-04-16T07:13:12+00:00</time>
      </trkpt>
      <trkpt lat="45.45487" lon="5.49213">
        <ele>676</ele>
        <time>2025-04-16T07:13:15+00:00</time>
      </trkpt>
      <trkpt lat="45.45473" lon="5.49216">
        <ele>674</ele>
        <time>2025-04-16T07:13:18+00:00</time>
      </trkpt>
      <trkpt lat="45.45469" lon="5.49217">
        <ele>676</ele>
        <time>2025-04-16T07:13:21+00:00</time>
      </trkpt>
      <trkpt lat="45.45467" lon="5.4922">
        <ele>676</ele>
        <time>2025-04-16T07:13:24+00:00</time>
      </trkpt>
      <trkpt lat="45.45467" lon="5.49226">
        <ele>674</ele>
        <time>2025-04-16T07:13:27+00:00</time>
      </trkpt>
      <trkpt lat="45.45476" lon="5.49238">
        <ele>673</ele>
        <time>2025-04-16T07:13:30+00:00</time>
      </trkpt>
      <trkpt lat="45.45477" lon="5.49247">
        <ele>670</ele>
        <time>2025-04-16T07:13:33+00:00</time>
      </trkpt>
      <trkpt lat="45.45476" lon="5.49256">
        <ele>668</ele>
        <time>2025-04-16T07:13:36+00:00</time>
      </trkpt>
      <trkpt lat="45.45458" lon="5.49286">
        <ele>664</ele>
        <time>2025-04-16T07:13:39+00:00</time>
      </trkpt>
      <trkpt lat="45.45445" lon="5.49289">
        <ele>664</ele>
        <time>2025-04-16T07:13:42+00:00</time>
      </trkpt>
      <trkpt lat="45.45425" lon="5.49306">
        <ele>659</ele>
        <time>2025-04-16T07:13:45+00:00</time>
      </trkpt>
      <trkpt lat="45.45394" lon="5.49321">
        <ele>653</ele>
        <time>2025-04-16T07:13:48+00:00</time>
      </trkpt>
      <trkpt lat="45.45365" lon="5.49321">
        <ele>647</ele>
        <time>2025-04-16T07:13:51+00:00</time>
      </trkpt>
      <trkpt lat="45.45319" lon="5.49322">
        <ele>630</ele>
        <time>2025-04-16T07:13:54+00:00</time>
      </trkpt>
      <trkpt lat="45.45277" lon="5.49305">
        <ele>624</ele>
        <time>2025-04-16T07:13:57+00:00</time>
      </trkpt>
      <trkpt lat="45.45247" lon="5.49297">
        <ele>619</ele>
        <time>2025-04-16T07:14:00+00:00</time>
      </trkpt>
      <trkpt lat="45.45193" lon="5.49284">
        <ele>609</ele>
        <time>2025-04-16T07:14:03+00:00</time>
      </trkpt>
      <trkpt lat="45.45182" lon="5.49278">
        <ele>607</ele>
        <time>2025-04-16T07:14:06+00:00</time>
      </trkpt>
      <trkpt lat="45.45182" lon="5.49276">
        <ele>607</ele>
        <time>2025-04-16T07:14:09+00:00</time>
      </trkpt>
      <trkpt lat="45.4518" lon="5.49262">
        <ele>612</ele>
        <time>2025-04-16T07:14:12+00:00</time>
      </trkpt>
      <trkpt lat="45.45174" lon="5.49248">
        <ele>612</ele>
        <time>2025-04-16T07:14:15+00:00</time>
      </trkpt>
      <trkpt lat="45.45169" lon="5.49237">
        <ele>608</ele>
        <time>2025-04-16T07:14:18+00:00</time>
      </trkpt>
      <trkpt lat="45.45164" lon="5.49236">
        <ele>615</ele>
        <time>2025-04-16T07:14:21+00:00</time>
      </trkpt>
      <trkpt lat="45.45153" lon="5.4924">
        <ele>613</ele>
        <time>2025-04-16T07:14:24+00:00</time>
      </trkpt>
      <trkpt lat="45.45147" lon="5.49241">
        <ele>607</ele>
        <time>2025-04-16T07:14:27+00:00</time>
      </trkpt>
      <trkpt lat="45.45138" lon="5.49239">
        <ele>608</ele>
        <time>2025-04-16T07:14:30+00:00</time>
      </trkpt>
      <trkpt lat="45.45124" lon="5.49222">
        <ele>607</ele>
        <time>2025-04-16T07:14:33+00:00</time>
      </trkpt>
      <trkpt lat="45.45108" lon="5.49204">
        <ele>607</ele>
        <time>2025-04-16T07:14:36+00:00</time>
      </trkpt>
      <trkpt lat="45.45096" lon="5.49188">
        <ele>610</ele>
        <time>2025-04-16T07:14:39+00:00</time>
      </trkpt>
      <trkpt lat="45.45074" lon="5.49163">
        <ele>609</ele>
        <time>2025-04-16T07:14:42+00:00</time>
      </trkpt>
      <trkpt lat="45.45041" lon="5.49134">
        <ele>611</ele>
        <time>2025-04-16T07:14:45+00:00</time>
      </trkpt>
      <trkpt lat="45.45021" lon="5.49112">
        <ele>611</ele>
        <time>2025-04-16T07:14:48+00:00</time>
      </trkpt>
      <trkpt lat="45.45008" lon="5.49091">
        <ele>610</ele>
        <time>2025-04-16T07:14:51+00:00</time>
      </trkpt>
      <trkpt lat="45.45001" lon="5.49069">
        <ele>609</ele>
        <time>2025-04-16T07:14:54+00:00</time>
      </trkpt>
      <trkpt lat="45.45001" lon="5.4906">
        <ele>613</ele>
        <time>2025-04-16T07:14:57+00:00</time>
      </trkpt>
      <trkpt lat="45.45" lon="5.49051">
        <ele>611</ele>
        <time>2025-04-16T07:15:00+00:00</time>
      </trkpt>
      <trkpt lat="45.44996" lon="5.49041">
        <ele>612</ele>
        <time>2025-04-16T07:15:03+00:00</time>
      </trkpt>
      <trkpt lat="45.44993" lon="5.49037">
        <ele>614</ele>
        <time>2025-04-16T07:15:06+00:00</time>
      </trkpt>
      <trkpt lat="45.44993" lon="5.49037">
        <ele>614</ele>
        <time>2025-04-16T07:15:09+00:00</time>
      </trkpt>
      <trkpt lat="45.44988" lon="5.49027">
        <ele>613</ele>
        <time>2025-04-16T07:15:12+00:00</time>
      </trkpt>
      <trkpt lat="45.44983" lon="5.4902">
        <ele>619</ele>
        <time>2025-04-16T07:15:15+00:00</time>
      </trkpt>
      <trkpt lat="45.44977" lon="5.49028">
        <ele>618</ele>
        <time>2025-04-16T07:15:18+00:00</time>
      </trkpt>
      <trkpt lat="45.44977" lon="5.49028">
        <ele>618</ele>
        <time>2025-04-16T07:15:21+00:00</time>
      </trkpt>
      <trkpt lat="45.44963" lon="5.49049">
        <ele>613</ele>
        <time>2025-04-16T07:15:24+00:00</time>
      </trkpt>
      <trkpt lat="45.44943" lon="5.49072">
        <ele>604</ele>
        <time>2025-04-16T07:15:27+00:00</time>
      </trkpt>
      <trkpt lat="45.44934" lon="5.49082">
        <ele>601</ele>
        <time>2025-04-16T07:15:30+00:00</time>
      </trkpt>
      <trkpt lat="45.44931" lon="5.49084">
        <ele>601</ele>
        <time>2025-04-16T07:15:33+00:00</time>
      </trkpt>
      <trkpt lat="45.44923" lon="5.49089">
        <ele>599</ele>
        <time>2025-04-16T07:15:36+00:00</time>
      </trkpt>
      <trkpt lat="45.44909" lon="5.49097">
        <ele>594</ele>
        <time>2025-04-16T07:15:39+00:00</time>
      </trkpt>
      <trkpt lat="45.44908" lon="5.49083">
        <ele>599</ele>
        <time>2025-04-16T07:15:42+00:00</time>
      </trkpt>
      <trkpt lat="45.44902" lon="5.49073">
        <ele>597</ele>
        <time>2025-04-16T07:15:45+00:00</time>
      </trkpt>
      <trkpt lat="45.44894" lon="5.49059">
        <ele>599</ele>
        <time>2025-04-16T07:15:48+00:00</time>
      </trkpt>
      <trkpt lat="45.44887" lon="5.49044">
        <ele>595</ele>
        <time>2025-04-16T07:15:51+00:00</time>
      </trkpt>
      <trkpt lat="45.4488" lon="5.49023">
        <ele>599</ele>
        <time>2025-04-16T07:15:54+00:00</time>
      </trkpt>
      <trkpt lat="45.44866" lon="5.48991">
        <ele>600</ele>
        <time>2025-04-16T07:15:57+00:00</time>
      </trkpt>
      <trkpt lat="45.44854" lon="5.48963">
        <ele>603</ele>
        <time>2025-04-16T07:16:00+00:00</time>
      </trkpt>
      <trkpt lat="45.44837" lon="5.48931">
        <ele>602</ele>
        <time>2025-04-16T07:16:03+00:00</time>
      </trkpt>
      <trkpt lat="45.44819" lon="5.48893">
        <ele>604</ele>
        <time>2025-04-16T07:16:06+00:00</time>
      </trkpt>
      <trkpt lat="45.44803" lon="5.48857">
        <ele>607</ele>
        <time>2025-04-16T07:16:09+00:00</time>
      </trkpt>
      <trkpt lat="45.44792" lon="5.48829">
        <ele>606</ele>
        <time>2025-04-16T07:16:12+00:00</time>
      </trkpt>
      <trkpt lat="45.44784" lon="5.48816">
        <ele>607</ele>
        <time>2025-04-16T07:16:15+00:00</time>
      </trkpt>
      <trkpt lat="45.44778" lon="5.48801">
        <ele>605</ele>
        <time>2025-04-16T07:16:18+00:00</time>
      </trkpt>
      <trkpt lat="45.44775" lon="5.48786">
        <ele>608</ele>
        <time>2025-04-16T07:16:21+00:00</time>
      </trkpt>
      <trkpt lat="45.44772" lon="5.48782">
        <ele>608</ele>
        <time>2025-04-16T07:16:24+00:00</time>
      </trkpt>
      <trkpt lat="45.44767" lon="5.48775">
        <ele>603</ele>
        <time>2025-04-16T07:16:27+00:00</time>
      </trkpt>
      <trkpt lat="45.44761" lon="5.48766">
        <ele>604</ele>
        <time>2025-04-16T07:16:30+00:00</time>
      </trkpt>
      <trkpt lat="45.44753" lon="5.4875">
        <ele>602</ele>
        <time>2025-04-16T07:16:33+00:00</time>
      </trkpt>
      <trkpt lat="45.44745" lon="5.48738">
        <ele>603</ele>
        <time>2025-04-16T07:16:36+00:00</time>
      </trkpt>
      <trkpt lat="45.44738" lon="5.48723">
        <ele>603</ele>
        <time>2025-04-16T07:16:39+00:00</time>
      </trkpt>
      <trkpt lat="45.44735" lon="5.48711">
        <ele>601</ele>
        <time>2025-04-16T07:16:42+00:00</time>
      </trkpt>
      <trkpt lat="45.44731" lon="5.48692">
        <ele>604</ele>
        <time>2025-04-16T07:16:45+00:00</time>
      </trkpt>
      <trkpt lat="45.44726" lon="5.48678">
        <ele>605</ele>
        <time>2025-04-16T07:16:48+00:00</time>
      </trkpt>
      <trkpt lat="45.44716" lon="5.48657">
        <ele>604</ele>
        <time>2025-04-16T07:16:51+00:00</time>
      </trkpt>
      <trkpt lat="45.44708" lon="5.48637">
        <ele>599</ele>
        <time>2025-04-16T07:16:54+00:00</time>
      </trkpt>
      <trkpt lat="45.44697" lon="5.48615">
        <ele>602</ele>
        <time>2025-04-16T07:16:57+00:00</time>
      </trkpt>
      <trkpt lat="45.4468" lon="5.48579">
        <ele>601</ele>
        <time>2025-04-16T07:17:00+00:00</time>
      </trkpt>
      <trkpt lat="45.4467" lon="5.4855">
        <ele>598</ele>
        <time>2025-04-16T07:17:03+00:00</time>
      </trkpt>
      <trkpt lat="45.44659" lon="5.48519">
        <ele>598</ele>
        <time>2025-04-16T07:17:06+00:00</time>
      </trkpt>
      <trkpt lat="45.44655" lon="5.485">
        <ele>602</ele>
        <time>2025-04-16T07:17:09+00:00</time>
      </trkpt>
      <trkpt lat="45.44654" lon="5.48487">
        <ele>603</ele>
        <time>2025-04-16T07:17:12+00:00</time>
      </trkpt>
      <trkpt lat="45.44655" lon="5.48478">
        <ele>605</ele>
        <time>2025-04-16T07:17:15+00:00</time>
      </trkpt>
      <trkpt lat="45.44659" lon="5.48465">
        <ele>606</ele>
        <time>2025-04-16T07:17:18+00:00</time>
      </trkpt>
      <trkpt lat="45.44657" lon="5.48455">
        <ele>604</ele>
        <time>2025-04-16T07:17:21+00:00</time>
      </trkpt>
      <trkpt lat="45.44655" lon="5.48447">
        <ele>608</ele>
        <time>2025-04-16T07:17:24+00:00</time>
      </trkpt>
      <trkpt lat="45.4465" lon="5.48433">
        <ele>609</ele>
        <time>2025-04-16T07:17:27+00:00</time>
      </trkpt>
      <trkpt lat="45.44645" lon="5.4842">
        <ele>604</ele>
        <time>2025-04-16T07:17:30+00:00</time>
      </trkpt>
      <trkpt lat="45.44638" lon="5.48399">
        <ele>605</ele>
        <time>2025-04-16T07:17:33+00:00</time>
      </trkpt>
      <trkpt lat="45.44638" lon="5.48399">
        <ele>605</ele>
        <time>2025-04-16T07:17:36+00:00</time>
      </trkpt>
      <trkpt lat="45.44629" lon="5.48403">
        <ele>604</ele>
        <time>2025-04-16T07:17:39+00:00</time>
      </trkpt>
      <trkpt lat="45.4461" lon="5.48411">
        <ele>603</ele>
        <time>2025-04-16T07:17:42+00:00</time>
      </trkpt>
      <trkpt lat="45.446" lon="5.48416">
        <ele>602</ele>
        <time>2025-04-16T07:17:45+00:00</time>
      </trkpt>
      <trkpt lat="45.44582" lon="5.48406">
        <ele>600</ele>
        <time>2025-04-16T07:17:48+00:00</time>
      </trkpt>
      <trkpt lat="45.44557" lon="5.48383">
        <ele>599</ele>
        <time>2025-04-16T07:17:51+00:00</time>
      </trkpt>
      <trkpt lat="45.44535" lon="5.4836">
        <ele>599</ele>
        <time>2025-04-16T07:17:54+00:00</time>
      </trkpt>
      <trkpt lat="45.44522" lon="5.48327">
        <ele>599</ele>
        <time>2025-04-16T07:17:57+00:00</time>
      </trkpt>
      <trkpt lat="45.44515" lon="5.48306">
        <ele>599</ele>
        <time>2025-04-16T07:18:00+00:00</time>
      </trkpt>
      <trkpt lat="45.44507" lon="5.48267">
        <ele>599</ele>
        <time>2025-04-16T07:18:03+00:00</time>
      </trkpt>
      <trkpt lat="45.44505" lon="5.48243">
        <ele>599</ele>
        <time>2025-04-16T07:18:06+00:00</time>
      </trkpt>
      <trkpt lat="45.44505" lon="5.48218">
        <ele>599</ele>
        <time>2025-04-16T07:18:09+00:00</time>
      </trkpt>
      <trkpt lat="45.44505" lon="5.48189">
        <ele>596</ele>
        <time>2025-04-16T07:18:12+00:00</time>
      </trkpt>
      <trkpt lat="45.44507" lon="5.4816">
        <ele>596</ele>
        <time>2025-04-16T07:18:15+00:00</time>
      </trkpt>
      <trkpt lat="45.44506" lon="5.4816">
        <ele>595</ele>
        <time>2025-04-16T07:18:18+00:00</time>
      </trkpt>
      <trkpt lat="45.44507" lon="5.4816">
        <ele>595</ele>
        <time>2025-04-16T07:18:21+00:00</time>
      </trkpt>
      <trkpt lat="45.44517" lon="5.48156">
        <ele>595</ele>
        <time>2025-04-16T07:18:24+00:00</time>
      </trkpt>
      <trkpt lat="45.44523" lon="5.48153">
        <ele>595</ele>
        <time>2025-04-16T07:18:27+00:00</time>
      </trkpt>
      <trkpt lat="45.44549" lon="5.48153">
        <ele>597</ele>
        <time>2025-04-16T07:18:30+00:00</time>
      </trkpt>
      <trkpt lat="45.44573" lon="5.48159">
        <ele>600</ele>
        <time>2025-04-16T07:18:33+00:00</time>
      </trkpt>
      <trkpt lat="45.44585" lon="5.48169">
        <ele>600</ele>
        <time>2025-04-16T07:18:36+00:00</time>
      </trkpt>
      <trkpt lat="45.44597" lon="5.48186">
        <ele>601</ele>
        <time>2025-04-16T07:18:39+00:00</time>
      </trkpt>
      <trkpt lat="45.446" lon="5.48192">
        <ele>602</ele>
        <time>2025-04-16T07:18:42+00:00</time>
      </trkpt>
      <trkpt lat="45.44606" lon="5.48196">
        <ele>602</ele>
        <time>2025-04-16T07:18:45+00:00</time>
      </trkpt>
      <trkpt lat="45.44618" lon="5.48197">
        <ele>602</ele>
        <time>2025-04-16T07:18:48+00:00</time>
      </trkpt>
      <trkpt lat="45.44637" lon="5.48198">
        <ele>604</ele>
        <time>2025-04-16T07:18:51+00:00</time>
      </trkpt>
      <trkpt lat="45.44665" lon="5.48196">
        <ele>609</ele>
        <time>2025-04-16T07:18:54+00:00</time>
      </trkpt>
      <trkpt lat="45.44693" lon="5.4819">
        <ele>613</ele>
        <time>2025-04-16T07:18:57+00:00</time>
      </trkpt>
      <trkpt lat="45.44713" lon="5.48182">
        <ele>616</ele>
        <time>2025-04-16T07:19:00+00:00</time>
      </trkpt>
      <trkpt lat="45.44731" lon="5.48169">
        <ele>617</ele>
        <time>2025-04-16T07:19:03+00:00</time>
      </trkpt>
      <trkpt lat="45.44738" lon="5.48167">
        <ele>617</ele>
        <time>2025-04-16T07:19:06+00:00</time>
      </trkpt>
      <trkpt lat="45.44748" lon="5.48167">
        <ele>618</ele>
        <time>2025-04-16T07:19:09+00:00</time>
      </trkpt>
      <trkpt lat="45.44758" lon="5.48172">
        <ele>619</ele>
        <time>2025-04-16T07:19:12+00:00</time>
      </trkpt>
      <trkpt lat="45.44767" lon="5.48179">
        <ele>619</ele>
        <time>2025-04-16T07:19:15+00:00</time>
      </trkpt>
      <trkpt lat="45.4477" lon="5.48182">
        <ele>621</ele>
        <time>2025-04-16T07:19:18+00:00</time>
      </trkpt>
      <trkpt lat="45.44788" lon="5.482">
        <ele>624</ele>
        <time>2025-04-16T07:19:21+00:00</time>
      </trkpt>
      <trkpt lat="45.44808" lon="5.48222">
        <ele>629</ele>
        <time>2025-04-16T07:19:24+00:00</time>
      </trkpt>
      <trkpt lat="45.44821" lon="5.48229">
        <ele>629</ele>
        <time>2025-04-16T07:19:27+00:00</time>
      </trkpt>
      <trkpt lat="45.44833" lon="5.48232">
        <ele>630</ele>
        <time>2025-04-16T07:19:30+00:00</time>
      </trkpt>
      <trkpt lat="45.44844" lon="5.48237">
        <ele>630</ele>
        <time>2025-04-16T07:19:33+00:00</time>
      </trkpt>
      <trkpt lat="45.44854" lon="5.48241">
        <ele>633</ele>
        <time>2025-04-16T07:19:36+00:00</time>
      </trkpt>
      <trkpt lat="45.44862" lon="5.48243">
        <ele>633</ele>
        <time>2025-04-16T07:19:39+00:00</time>
      </trkpt>
      <trkpt lat="45.4487" lon="5.48244">
        <ele>633</ele>
        <time>2025-04-16T07:19:42+00:00</time>
      </trkpt>
      <trkpt lat="45.44876" lon="5.48246">
        <ele>634</ele>
        <time>2025-04-16T07:19:45+00:00</time>
      </trkpt>
      <trkpt lat="45.44892" lon="5.48252">
        <ele>638</ele>
        <time>2025-04-16T07:19:48+00:00</time>
      </trkpt>
      <trkpt lat="45.44904" lon="5.48257">
        <ele>638</ele>
        <time>2025-04-16T07:19:51+00:00</time>
      </trkpt>
      <trkpt lat="45.44917" lon="5.48265">
        <ele>641</ele>
        <time>2025-04-16T07:19:54+00:00</time>
      </trkpt>
      <trkpt lat="45.44929" lon="5.48271">
        <ele>641</ele>
        <time>2025-04-16T07:19:57+00:00</time>
      </trkpt>
      <trkpt lat="45.4494" lon="5.48275">
        <ele>645</ele>
        <time>2025-04-16T07:20:00+00:00</time>
      </trkpt>
      <trkpt lat="45.44965" lon="5.48275">
        <ele>644</ele>
        <time>2025-04-16T07:20:03+00:00</time>
      </trkpt>
      <trkpt lat="45.44976" lon="5.48275">
        <ele>644</ele>
        <time>2025-04-16T07:20:06+00:00</time>
      </trkpt>
      <trkpt lat="45.44985" lon="5.48275">
        <ele>645</ele>
        <time>2025-04-16T07:20:09+00:00</time>
      </trkpt>
      <trkpt lat="45.44999" lon="5.48275">
        <ele>646</ele>
        <time>2025-04-16T07:20:12+00:00</time>
      </trkpt>
      <trkpt lat="45.45011" lon="5.48275">
        <ele>648</ele>
        <time>2025-04-16T07:20:15+00:00</time>
      </trkpt>
      <trkpt lat="45.45029" lon="5.48274">
        <ele>649</ele>
        <time>2025-04-16T07:20:18+00:00</time>
      </trkpt>
      <trkpt lat="45.45036" lon="5.48272">
        <ele>650</ele>
        <time>2025-04-16T07:20:21+00:00</time>
      </trkpt>
      <trkpt lat="45.45048" lon="5.48267">
        <ele>649</ele>
        <time>2025-04-16T07:20:24+00:00</time>
      </trkpt>
      <trkpt lat="45.45059" lon="5.48259">
        <ele>651</ele>
        <time>2025-04-16T07:20:27+00:00</time>
      </trkpt>
      <trkpt lat="45.45071" lon="5.48251">
        <ele>653</ele>
        <time>2025-04-16T07:20:30+00:00</time>
      </trkpt>
      <trkpt lat="45.45091" lon="5.48241">
        <ele>656</ele>
        <time>2025-04-16T07:20:33+00:00</time>
      </trkpt>
      <trkpt lat="45.45106" lon="5.48238">
        <ele>658</ele>
        <time>2025-04-16T07:20:36+00:00</time>
      </trkpt>
      <trkpt lat="45.45119" lon="5.48237">
        <ele>658</ele>
        <time>2025-04-16T07:20:39+00:00</time>
      </trkpt>
      <trkpt lat="45.45138" lon="5.48237">
        <ele>661</ele>
        <time>2025-04-16T07:20:42+00:00</time>
      </trkpt>
      <trkpt lat="45.45157" lon="5.48239">
        <ele>663</ele>
        <time>2025-04-16T07:20:45+00:00</time>
      </trkpt>
      <trkpt lat="45.45175" lon="5.48242">
        <ele>664</ele>
        <time>2025-04-16T07:20:48+00:00</time>
      </trkpt>
      <trkpt lat="45.4519" lon="5.48245">
        <ele>665</ele>
        <time>2025-04-16T07:20:51+00:00</time>
      </trkpt>
      <trkpt lat="45.45205" lon="5.48249">
        <ele>668</ele>
        <time>2025-04-16T07:20:54+00:00</time>
      </trkpt>
      <trkpt lat="45.4523" lon="5.48255">
        <ele>670</ele>
        <time>2025-04-16T07:20:57+00:00</time>
      </trkpt>
      <trkpt lat="45.45247" lon="5.48258">
        <ele>671</ele>
        <time>2025-04-16T07:21:00+00:00</time>
      </trkpt>
      <trkpt lat="45.45262" lon="5.4826">
        <ele>676</ele>
        <time>2025-04-16T07:21:03+00:00</time>
      </trkpt>
      <trkpt lat="45.45276" lon="5.4826">
        <ele>677</ele>
        <time>2025-04-16T07:21:06+00:00</time>
      </trkpt>
      <trkpt lat="45.45288" lon="5.48259">
        <ele>676</ele>
        <time>2025-04-16T07:21:09+00:00</time>
      </trkpt>
      <trkpt lat="45.45305" lon="5.48259">
        <ele>678</ele>
        <time>2025-04-16T07:21:12+00:00</time>
      </trkpt>
      <trkpt lat="45.45318" lon="5.4826">
        <ele>678</ele>
        <time>2025-04-16T07:21:15+00:00</time>
      </trkpt>
      <trkpt lat="45.45328" lon="5.48259">
        <ele>680</ele>
        <time>2025-04-16T07:21:18+00:00</time>
      </trkpt>
      <trkpt lat="45.45341" lon="5.48257">
        <ele>681</ele>
        <time>2025-04-16T07:21:21+00:00</time>
      </trkpt>
      <trkpt lat="45.45352" lon="5.48252">
        <ele>682</ele>
        <time>2025-04-16T07:21:24+00:00</time>
      </trkpt>
      <trkpt lat="45.45364" lon="5.48244">
        <ele>681</ele>
        <time>2025-04-16T07:21:27+00:00</time>
      </trkpt>
      <trkpt lat="45.45364" lon="5.48244">
        <ele>681</ele>
        <time>2025-04-16T07:21:30+00:00</time>
      </trkpt>
      <trkpt lat="45.45386" lon="5.48221">
        <ele>682</ele>
        <time>2025-04-16T07:21:33+00:00</time>
      </trkpt>
      <trkpt lat="45.4541" lon="5.48184">
        <ele>685</ele>
        <time>2025-04-16T07:21:36+00:00</time>
      </trkpt>
      <trkpt lat="45.45435" lon="5.48138">
        <ele>692</ele>
        <time>2025-04-16T07:21:39+00:00</time>
      </trkpt>
      <trkpt lat="45.45457" lon="5.4811">
        <ele>692</ele>
        <time>2025-04-16T07:21:42+00:00</time>
      </trkpt>
      <trkpt lat="45.45463" lon="5.48103">
        <ele>691</ele>
        <time>2025-04-16T07:21:45+00:00</time>
      </trkpt>
      <trkpt lat="45.45484" lon="5.48082">
        <ele>693</ele>
        <time>2025-04-16T07:21:48+00:00</time>
      </trkpt>
      <trkpt lat="45.45505" lon="5.48056">
        <ele>695</ele>
        <time>2025-04-16T07:21:51+00:00</time>
      </trkpt>
      <trkpt lat="45.45517" lon="5.48041">
        <ele>695</ele>
        <time>2025-04-16T07:21:54+00:00</time>
      </trkpt>
      <trkpt lat="45.45526" lon="5.48031">
        <ele>696</ele>
        <time>2025-04-16T07:21:57+00:00</time>
      </trkpt>
      <trkpt lat="45.45536" lon="5.48022">
        <ele>697</ele>
        <time>2025-04-16T07:22:00+00:00</time>
      </trkpt>
      <trkpt lat="45.45551" lon="5.48011">
        <ele>697</ele>
        <time>2025-04-16T07:22:03+00:00</time>
      </trkpt>
      <trkpt lat="45.45566" lon="5.48">
        <ele>699</ele>
        <time>2025-04-16T07:22:06+00:00</time>
      </trkpt>
      <trkpt lat="45.45578" lon="5.47991">
        <ele>699</ele>
        <time>2025-04-16T07:22:09+00:00</time>
      </trkpt>
      <trkpt lat="45.4559" lon="5.47984">
        <ele>699</ele>
        <time>2025-04-16T07:22:12+00:00</time>
      </trkpt>
      <trkpt lat="45.45607" lon="5.47976">
        <ele>700</ele>
        <time>2025-04-16T07:22:15+00:00</time>
      </trkpt>
      <trkpt lat="45.45624" lon="5.47968">
        <ele>701</ele>
        <time>2025-04-16T07:22:18+00:00</time>
      </trkpt>
      <trkpt lat="45.45647" lon="5.47964">
        <ele>702</ele>
        <time>2025-04-16T07:22:21+00:00</time>
      </trkpt>
      <trkpt lat="45.45665" lon="5.47961">
        <ele>705</ele>
        <time>2025-04-16T07:22:24+00:00</time>
      </trkpt>
      <trkpt lat="45.45672" lon="5.47959">
        <ele>706</ele>
        <time>2025-04-16T07:22:27+00:00</time>
      </trkpt>
      <trkpt lat="45.45682" lon="5.47957">
        <ele>708</ele>
        <time>2025-04-16T07:22:30+00:00</time>
      </trkpt>
      <trkpt lat="45.45696" lon="5.47955">
        <ele>708</ele>
        <time>2025-04-16T07:22:33+00:00</time>
      </trkpt>
      <trkpt lat="45.45706" lon="5.47954">
        <ele>709</ele>
        <time>2025-04-16T07:22:36+00:00</time>
      </trkpt>
      <trkpt lat="45.45721" lon="5.47954">
        <ele>710</ele>
        <time>2025-04-16T07:22:39+00:00</time>
      </trkpt>
      <trkpt lat="45.45736" lon="5.47954">
        <ele>711</ele>
        <time>2025-04-16T07:22:42+00:00</time>
      </trkpt>
      <trkpt lat="45.45751" lon="5.47954">
        <ele>714</ele>
        <time>2025-04-16T07:22:45+00:00</time>
      </trkpt>
      <trkpt lat="45.45758" lon="5.47953">
        <ele>714</ele>
        <time>2025-04-16T07:22:48+00:00</time>
      </trkpt>
      <trkpt lat="45.45781" lon="5.47958">
        <ele>717</ele>
        <time>2025-04-16T07:22:51+00:00</time>
      </trkpt>
      <trkpt lat="45.45798" lon="5.47956">
        <ele>718</ele>
        <time>2025-04-16T07:22:54+00:00</time>
      </trkpt>
      <trkpt lat="45.45805" lon="5.47954">
        <ele>719</ele>
        <time>2025-04-16T07:22:57+00:00</time>
      </trkpt>
      <trkpt lat="45.45813" lon="5.4795">
        <ele>719</ele>
        <time>2025-04-16T07:23:00+00:00</time>
      </trkpt>
      <trkpt lat="45.45823" lon="5.47947">
        <ele>719</ele>
        <time>2025-04-16T07:23:03+00:00</time>
      </trkpt>
      <trkpt lat="45.45829" lon="5.47947">
        <ele>719</ele>
        <time>2025-04-16T07:23:06+00:00</time>
      </trkpt>
      <trkpt lat="45.4583" lon="5.47948">
        <ele>718</ele>
        <time>2025-04-16T07:23:09+00:00</time>
      </trkpt>
      <trkpt lat="45.45831" lon="5.47961">
        <ele>718</ele>
        <time>2025-04-16T07:23:12+00:00</time>
      </trkpt>
      <trkpt lat="45.45833" lon="5.47977">
        <ele>719</ele>
        <time>2025-04-16T07:23:15+00:00</time>
      </trkpt>
      <trkpt lat="45.45836" lon="5.47986">
        <ele>718</ele>
        <time>2025-04-16T07:23:18+00:00</time>
      </trkpt>
      <trkpt lat="45.45841" lon="5.47999">
        <ele>719</ele>
        <time>2025-04-16T07:23:21+00:00</time>
      </trkpt>
      <trkpt lat="45.45848" lon="5.48012">
        <ele>720</ele>
        <time>2025-04-16T07:23:24+00:00</time>
      </trkpt>
      <trkpt lat="45.45856" lon="5.48022">
        <ele>721</ele>
        <time>2025-04-16T07:23:27+00:00</time>
      </trkpt>
      <trkpt lat="45.45875" lon="5.48029">
        <ele>721</ele>
        <time>2025-04-16T07:23:30+00:00</time>
      </trkpt>
      <trkpt lat="45.45893" lon="5.48036">
        <ele>721</ele>
        <time>2025-04-16T07:23:33+00:00</time>
      </trkpt>
      <trkpt lat="45.45912" lon="5.48046">
        <ele>721</ele>
        <time>2025-04-16T07:23:36+00:00</time>
      </trkpt>
      <trkpt lat="45.45926" lon="5.48059">
        <ele>720</ele>
        <time>2025-04-16T07:23:39+00:00</time>
      </trkpt>
      <trkpt lat="45.45934" lon="5.48067">
        <ele>721</ele>
        <time>2025-04-16T07:23:42+00:00</time>
      </trkpt>
      <trkpt lat="45.45938" lon="5.48073">
        <ele>720</ele>
        <time>2025-04-16T07:23:45+00:00</time>
      </trkpt>
      <trkpt lat="45.4594" lon="5.48079">
        <ele>719</ele>
        <time>2025-04-16T07:23:48+00:00</time>
      </trkpt>
      <trkpt lat="45.45943" lon="5.48089">
        <ele>720</ele>
        <time>2025-04-16T07:23:51+00:00</time>
      </trkpt>
      <trkpt lat="45.45945" lon="5.48098">
        <ele>722</ele>
        <time>2025-04-16T07:23:54+00:00</time>
      </trkpt>
      <trkpt lat="45.45948" lon="5.48107">
        <ele>723</ele>
        <time>2025-04-16T07:23:57+00:00</time>
      </trkpt>
      <trkpt lat="45.45951" lon="5.48116">
        <ele>722</ele>
        <time>2025-04-16T07:24:00+00:00</time>
      </trkpt>
      <trkpt lat="45.45953" lon="5.48124">
        <ele>723</ele>
        <time>2025-04-16T07:24:03+00:00</time>
      </trkpt>
      <trkpt lat="45.45957" lon="5.48132">
        <ele>725</ele>
        <time>2025-04-16T07:24:06+00:00</time>
      </trkpt>
      <trkpt lat="45.45961" lon="5.48138">
        <ele>723</ele>
        <time>2025-04-16T07:24:09+00:00</time>
      </trkpt>
      <trkpt lat="45.4597" lon="5.4815">
        <ele>723</ele>
        <time>2025-04-16T07:24:12+00:00</time>
      </trkpt>
      <trkpt lat="45.45987" lon="5.48178">
        <ele>723</ele>
        <time>2025-04-16T07:24:15+00:00</time>
      </trkpt>
      <trkpt lat="45.45994" lon="5.48196">
        <ele>723</ele>
        <time>2025-04-16T07:24:18+00:00</time>
      </trkpt>
      <trkpt lat="45.45996" lon="5.48204">
        <ele>724</ele>
        <time>2025-04-16T07:24:21+00:00</time>
      </trkpt>
      <trkpt lat="45.45996" lon="5.48205">
        <ele>724</ele>
        <time>2025-04-16T07:24:24+00:00</time>
      </trkpt>
      <trkpt lat="45.45998" lon="5.48211">
        <ele>726</ele>
        <time>2025-04-16T07:24:27+00:00</time>
      </trkpt>
      <trkpt lat="45.45999" lon="5.48221">
        <ele>727</ele>
        <time>2025-04-16T07:24:30+00:00</time>
      </trkpt>
      <trkpt lat="45.46001" lon="5.48241">
        <ele>726</ele>
        <time>2025-04-16T07:24:33+00:00</time>
      </trkpt>
      <trkpt lat="45.46002" lon="5.48255">
        <ele>727</ele>
        <time>2025-04-16T07:24:36+00:00</time>
      </trkpt>
      <trkpt lat="45.46004" lon="5.48264">
        <ele>727</ele>
        <time>2025-04-16T07:24:39+00:00</time>
      </trkpt>
      <trkpt lat="45.46009" lon="5.48282">
        <ele>725</ele>
        <time>2025-04-16T07:24:42+00:00</time>
      </trkpt>
      <trkpt lat="45.46017" lon="5.48311">
        <ele>725</ele>
        <time>2025-04-16T07:24:45+00:00</time>
      </trkpt>
      <trkpt lat="45.46028" lon="5.48348">
        <ele>724</ele>
        <time>2025-04-16T07:24:48+00:00</time>
      </trkpt>
      <trkpt lat="45.4603" lon="5.48359">
        <ele>723</ele>
        <time>2025-04-16T07:24:51+00:00</time>
      </trkpt>
      <trkpt lat="45.46034" lon="5.48368">
        <ele>723</ele>
        <time>2025-04-16T07:24:54+00:00</time>
      </trkpt>
      <trkpt lat="45.46043" lon="5.48392">
        <ele>721</ele>
        <time>2025-04-16T07:24:57+00:00</time>
      </trkpt>
      <trkpt lat="45.46054" lon="5.48422">
        <ele>720</ele>
        <time>2025-04-16T07:25:00+00:00</time>
      </trkpt>
      <trkpt lat="45.46056" lon="5.48425">
        <ele>720</ele>
        <time>2025-04-16T07:25:03+00:00</time>
      </trkpt>
      <trkpt lat="45.46061" lon="5.48427">
        <ele>719</ele>
        <time>2025-04-16T07:25:06+00:00</time>
      </trkpt>
      <trkpt lat="45.46066" lon="5.48427">
        <ele>719</ele>
        <time>2025-04-16T07:25:09+00:00</time>
      </trkpt>
      <trkpt lat="45.4607" lon="5.48429">
        <ele>719</ele>
        <time>2025-04-16T07:25:12+00:00</time>
      </trkpt>
      <trkpt lat="45.46079" lon="5.48431">
        <ele>719</ele>
        <time>2025-04-16T07:25:15+00:00</time>
      </trkpt>
      <trkpt lat="45.46085" lon="5.48435">
        <ele>718</ele>
        <time>2025-04-16T07:25:18+00:00</time>
      </trkpt>
      <trkpt lat="45.46094" lon="5.48441">
        <ele>717</ele>
        <time>2025-04-16T07:25:21+00:00</time>
      </trkpt>
      <trkpt lat="45.46111" lon="5.48462">
        <ele>712</ele>
        <time>2025-04-16T07:25:24+00:00</time>
      </trkpt>
      <trkpt lat="45.46125" lon="5.48483">
        <ele>712</ele>
        <time>2025-04-16T07:25:27+00:00</time>
      </trkpt>
      <trkpt lat="45.4613" lon="5.48489">
        <ele>712</ele>
        <time>2025-04-16T07:25:30+00:00</time>
      </trkpt>
      <trkpt lat="45.46133" lon="5.48492">
        <ele>711</ele>
        <time>2025-04-16T07:25:33+00:00</time>
      </trkpt>
      <trkpt lat="45.46136" lon="5.48492">
        <ele>711</ele>
        <time>2025-04-16T07:25:36+00:00</time>
      </trkpt>
      <trkpt lat="45.46138" lon="5.48491">
        <ele>711</ele>
        <time>2025-04-16T07:25:39+00:00</time>
      </trkpt>
      <trkpt lat="45.46142" lon="5.4849">
        <ele>708</ele>
        <time>2025-04-16T07:25:42+00:00</time>
      </trkpt>
      <trkpt lat="45.46148" lon="5.48486">
        <ele>708</ele>
        <time>2025-04-16T07:25:45+00:00</time>
      </trkpt>
      <trkpt lat="45.46158" lon="5.48476">
        <ele>707</ele>
        <time>2025-04-16T07:25:48+00:00</time>
      </trkpt>
      <trkpt lat="45.46166" lon="5.48469">
        <ele>705</ele>
        <time>2025-04-16T07:25:51+00:00</time>
      </trkpt>
      <trkpt lat="45.46185" lon="5.48452">
        <ele>705</ele>
        <time>2025-04-16T07:25:54+00:00</time>
      </trkpt>
      <trkpt lat="45.4621" lon="5.48432">
        <ele>702</ele>
        <time>2025-04-16T07:25:57+00:00</time>
      </trkpt>
      <trkpt lat="45.46247" lon="5.48401">
        <ele>700</ele>
        <time>2025-04-16T07:26:00+00:00</time>
      </trkpt>
      <trkpt lat="45.46255" lon="5.48395">
        <ele>699</ele>
        <time>2025-04-16T07:26:03+00:00</time>
      </trkpt>
      <trkpt lat="45.46262" lon="5.48393">
        <ele>699</ele>
        <time>2025-04-16T07:26:06+00:00</time>
      </trkpt>
      <trkpt lat="45.46264" lon="5.48393">
        <ele>699</ele>
        <time>2025-04-16T07:26:09+00:00</time>
      </trkpt>
      <trkpt lat="45.46265" lon="5.48393">
        <ele>699</ele>
        <time>2025-04-16T07:26:12+00:00</time>
      </trkpt>
      <trkpt lat="45.46269" lon="5.48394">
        <ele>699</ele>
        <time>2025-04-16T07:26:15+00:00</time>
      </trkpt>
      <trkpt lat="45.46273" lon="5.48396">
        <ele>698</ele>
        <time>2025-04-16T07:26:18+00:00</time>
      </trkpt>
      <trkpt lat="45.46276" lon="5.484">
        <ele>698</ele>
        <time>2025-04-16T07:26:21+00:00</time>
      </trkpt>
      <trkpt lat="45.4628" lon="5.48405">
        <ele>697</ele>
        <time>2025-04-16T07:26:24+00:00</time>
      </trkpt>
      <trkpt lat="45.4629" lon="5.48416">
        <ele>696</ele>
        <time>2025-04-16T07:26:27+00:00</time>
      </trkpt>
      <trkpt lat="45.46304" lon="5.48431">
        <ele>696</ele>
        <time>2025-04-16T07:26:30+00:00</time>
      </trkpt>
      <trkpt lat="45.46318" lon="5.48444">
        <ele>695</ele>
        <time>2025-04-16T07:26:33+00:00</time>
      </trkpt>
      <trkpt lat="45.46334" lon="5.48456">
        <ele>693</ele>
        <time>2025-04-16T07:26:36+00:00</time>
      </trkpt>
      <trkpt lat="45.46349" lon="5.48466">
        <ele>691</ele>
        <time>2025-04-16T07:26:39+00:00</time>
      </trkpt>
      <trkpt lat="45.46366" lon="5.48477">
        <ele>689</ele>
        <time>2025-04-16T07:26:42+00:00</time>
      </trkpt>
      <trkpt lat="45.46404" lon="5.48497">
        <ele>685</ele>
        <time>2025-04-16T07:26:45+00:00</time>
      </trkpt>
      <trkpt lat="45.46429" lon="5.48509">
        <ele>684</ele>
        <time>2025-04-16T07:26:48+00:00</time>
      </trkpt>
      <trkpt lat="45.46442" lon="5.48517">
        <ele>683</ele>
        <time>2025-04-16T07:26:51+00:00</time>
      </trkpt>
      <trkpt lat="45.46455" lon="5.48525">
        <ele>682</ele>
        <time>2025-04-16T07:26:54+00:00</time>
      </trkpt>
      <trkpt lat="45.4648" lon="5.48541">
        <ele>679</ele>
        <time>2025-04-16T07:26:57+00:00</time>
      </trkpt>
      <trkpt lat="45.46497" lon="5.48551">
        <ele>679</ele>
        <time>2025-04-16T07:27:00+00:00</time>
      </trkpt>
      <trkpt lat="45.46508" lon="5.48554">
        <ele>679</ele>
        <time>2025-04-16T07:27:03+00:00</time>
      </trkpt>
      <trkpt lat="45.46513" lon="5.48556">
        <ele>678</ele>
        <time>2025-04-16T07:27:06+00:00</time>
      </trkpt>
      <trkpt lat="45.46523" lon="5.48556">
        <ele>678</ele>
        <time>2025-04-16T07:27:09+00:00</time>
      </trkpt>
      <trkpt lat="45.46543" lon="5.48557">
        <ele>678</ele>
        <time>2025-04-16T07:27:12+00:00</time>
      </trkpt>
      <trkpt lat="45.46564" lon="5.48557">
        <ele>678</ele>
        <time>2025-04-16T07:27:15+00:00</time>
      </trkpt>
      <trkpt lat="45.46577" lon="5.48555">
        <ele>677</ele>
        <time>2025-04-16T07:27:18+00:00</time>
      </trkpt>
      <trkpt lat="45.46588" lon="5.48549">
        <ele>676</ele>
        <time>2025-04-16T07:27:21+00:00</time>
      </trkpt>
      <trkpt lat="45.46599" lon="5.48538">
        <ele>673</ele>
        <time>2025-04-16T07:27:24+00:00</time>
      </trkpt>
      <trkpt lat="45.4661" lon="5.48524">
        <ele>668</ele>
        <time>2025-04-16T07:27:27+00:00</time>
      </trkpt>
      <trkpt lat="45.46619" lon="5.48506">
        <ele>666</ele>
        <time>2025-04-16T07:27:30+00:00</time>
      </trkpt>
      <trkpt lat="45.4663" lon="5.48484">
        <ele>662</ele>
        <time>2025-04-16T07:27:33+00:00</time>
      </trkpt>
      <trkpt lat="45.46638" lon="5.48467">
        <ele>659</ele>
        <time>2025-04-16T07:27:36+00:00</time>
      </trkpt>
      <trkpt lat="45.46653" lon="5.4844">
        <ele>653</ele>
        <time>2025-04-16T07:27:39+00:00</time>
      </trkpt>
      <trkpt lat="45.46666" lon="5.48415">
        <ele>651</ele>
        <time>2025-04-16T07:27:42+00:00</time>
      </trkpt>
      <trkpt lat="45.46683" lon="5.48383">
        <ele>648</ele>
        <time>2025-04-16T07:27:45+00:00</time>
      </trkpt>
      <trkpt lat="45.46697" lon="5.48357">
        <ele>647</ele>
        <time>2025-04-16T07:27:48+00:00</time>
      </trkpt>
      <trkpt lat="45.467" lon="5.48346">
        <ele>646</ele>
        <time>2025-04-16T07:27:51+00:00</time>
      </trkpt>
      <trkpt lat="45.467" lon="5.48346">
        <ele>646</ele>
        <time>2025-04-16T07:27:54+00:00</time>
      </trkpt>
      <trkpt lat="45.467" lon="5.48346">
        <ele>646</ele>
        <time>2025-04-16T07:27:57+00:00</time>
      </trkpt>
      <trkpt lat="45.46707" lon="5.48344">
        <ele>646</ele>
        <time>2025-04-16T07:28:00+00:00</time>
      </trkpt>
      <trkpt lat="45.46726" lon="5.48336">
        <ele>646</ele>
        <time>2025-04-16T07:28:03+00:00</time>
      </trkpt>
      <trkpt lat="45.46748" lon="5.48326">
        <ele>646</ele>
        <time>2025-04-16T07:28:06+00:00</time>
      </trkpt>
      <trkpt lat="45.46781" lon="5.48312">
        <ele>645</ele>
        <time>2025-04-16T07:28:09+00:00</time>
      </trkpt>
      <trkpt lat="45.46788" lon="5.48309">
        <ele>644</ele>
        <time>2025-04-16T07:28:12+00:00</time>
      </trkpt>
      <trkpt lat="45.46795" lon="5.48303">
        <ele>644</ele>
        <time>2025-04-16T07:28:15+00:00</time>
      </trkpt>
      <trkpt lat="45.468" lon="5.48297">
        <ele>644</ele>
        <time>2025-04-16T07:28:18+00:00</time>
      </trkpt>
      <trkpt lat="45.46803" lon="5.48294">
        <ele>643</ele>
        <time>2025-04-16T07:28:21+00:00</time>
      </trkpt>
      <trkpt lat="45.46812" lon="5.4829">
        <ele>643</ele>
        <time>2025-04-16T07:28:24+00:00</time>
      </trkpt>
      <trkpt lat="45.46833" lon="5.48277">
        <ele>641</ele>
        <time>2025-04-16T07:28:27+00:00</time>
      </trkpt>
      <trkpt lat="45.46864" lon="5.48248">
        <ele>639</ele>
        <time>2025-04-16T07:28:30+00:00</time>
      </trkpt>
      <trkpt lat="45.46897" lon="5.48218">
        <ele>637</ele>
        <time>2025-04-16T07:28:33+00:00</time>
      </trkpt>
      <trkpt lat="45.4691" lon="5.48206">
        <ele>636</ele>
        <time>2025-04-16T07:28:36+00:00</time>
      </trkpt>
      <trkpt lat="45.46908" lon="5.48191">
        <ele>636</ele>
        <time>2025-04-16T07:28:39+00:00</time>
      </trkpt>
      <trkpt lat="45.46908" lon="5.48165">
        <ele>636</ele>
        <time>2025-04-16T07:28:42+00:00</time>
      </trkpt>
      <trkpt lat="45.46908" lon="5.48142">
        <ele>636</ele>
        <time>2025-04-16T07:28:45+00:00</time>
      </trkpt>
      <trkpt lat="45.46912" lon="5.48085">
        <ele>638</ele>
        <time>2025-04-16T07:28:48+00:00</time>
      </trkpt>
      <trkpt lat="45.46912" lon="5.48085">
        <ele>638</ele>
        <time>2025-04-16T07:28:51+00:00</time>
      </trkpt>
      <trkpt lat="45.46915" lon="5.48038">
        <ele>640</ele>
        <time>2025-04-16T07:28:54+00:00</time>
      </trkpt>
      <trkpt lat="45.46917" lon="5.47993">
        <ele>641</ele>
        <time>2025-04-16T07:28:57+00:00</time>
      </trkpt>
      <trkpt lat="45.46916" lon="5.47964">
        <ele>641</ele>
        <time>2025-04-16T07:29:00+00:00</time>
      </trkpt>
      <trkpt lat="45.46913" lon="5.47945">
        <ele>641</ele>
        <time>2025-04-16T07:29:03+00:00</time>
      </trkpt>
      <trkpt lat="45.46906" lon="5.479">
        <ele>642</ele>
        <time>2025-04-16T07:29:06+00:00</time>
      </trkpt>
      <trkpt lat="45.46896" lon="5.47852">
        <ele>642</ele>
        <time>2025-04-16T07:29:09+00:00</time>
      </trkpt>
      <trkpt lat="45.46887" lon="5.47812">
        <ele>641</ele>
        <time>2025-04-16T07:29:12+00:00</time>
      </trkpt>
      <trkpt lat="45.46877" lon="5.47772">
        <ele>640</ele>
        <time>2025-04-16T07:29:15+00:00</time>
      </trkpt>
      <trkpt lat="45.46866" lon="5.47733">
        <ele>640</ele>
        <time>2025-04-16T07:29:18+00:00</time>
      </trkpt>
      <trkpt lat="45.46856" lon="5.47693">
        <ele>639</ele>
        <time>2025-04-16T07:29:21+00:00</time>
      </trkpt>
      <trkpt lat="45.46853" lon="5.47668">
        <ele>639</ele>
        <time>2025-04-16T07:29:24+00:00</time>
      </trkpt>
      <trkpt lat="45.46851" lon="5.47651">
        <ele>639</ele>
        <time>2025-04-16T07:29:27+00:00</time>
      </trkpt>
      <trkpt lat="45.4685" lon="5.47623">
        <ele>639</ele>
        <time>2025-04-16T07:29:30+00:00</time>
      </trkpt>
      <trkpt lat="45.46851" lon="5.47592">
        <ele>639</ele>
        <time>2025-04-16T07:29:33+00:00</time>
      </trkpt>
      <trkpt lat="45.46854" lon="5.47568">
        <ele>638</ele>
        <time>2025-04-16T07:29:36+00:00</time>
      </trkpt>
      <trkpt lat="45.46862" lon="5.47534">
        <ele>636</ele>
        <time>2025-04-16T07:29:39+00:00</time>
      </trkpt>
      <trkpt lat="45.46874" lon="5.47503">
        <ele>634</ele>
        <time>2025-04-16T07:29:42+00:00</time>
      </trkpt>
      <trkpt lat="45.46883" lon="5.4748">
        <ele>632</ele>
        <time>2025-04-16T07:29:45+00:00</time>
      </trkpt>
      <trkpt lat="45.46889" lon="5.47468">
        <ele>629</ele>
        <time>2025-04-16T07:29:48+00:00</time>
      </trkpt>
      <trkpt lat="45.46891" lon="5.4746">
        <ele>627</ele>
        <time>2025-04-16T07:29:51+00:00</time>
      </trkpt>
      <trkpt lat="45.46892" lon="5.47452">
        <ele>627</ele>
        <time>2025-04-16T07:29:54+00:00</time>
      </trkpt>
      <trkpt lat="45.46891" lon="5.47437">
        <ele>625</ele>
        <time>2025-04-16T07:29:57+00:00</time>
      </trkpt>
      <trkpt lat="45.46889" lon="5.47413">
        <ele>622</ele>
        <time>2025-04-16T07:30:00+00:00</time>
      </trkpt>
      <trkpt lat="45.46888" lon="5.47399">
        <ele>621</ele>
        <time>2025-04-16T07:30:03+00:00</time>
      </trkpt>
      <trkpt lat="45.46886" lon="5.47385">
        <ele>621</ele>
        <time>2025-04-16T07:30:06+00:00</time>
      </trkpt>
      <trkpt lat="45.46882" lon="5.4736">
        <ele>617</ele>
        <time>2025-04-16T07:30:09+00:00</time>
      </trkpt>
      <trkpt lat="45.46881" lon="5.47352">
        <ele>617</ele>
        <time>2025-04-16T07:30:12+00:00</time>
      </trkpt>
      <trkpt lat="45.46883" lon="5.47344">
        <ele>616</ele>
        <time>2025-04-16T07:30:15+00:00</time>
      </trkpt>
      <trkpt lat="45.46889" lon="5.47325">
        <ele>614</ele>
        <time>2025-04-16T07:30:18+00:00</time>
      </trkpt>
      <trkpt lat="45.46892" lon="5.47308">
        <ele>610</ele>
        <time>2025-04-16T07:30:21+00:00</time>
      </trkpt>
      <trkpt lat="45.46896" lon="5.47293">
        <ele>608</ele>
        <time>2025-04-16T07:30:24+00:00</time>
      </trkpt>
      <trkpt lat="45.46902" lon="5.47283">
        <ele>606</ele>
        <time>2025-04-16T07:30:27+00:00</time>
      </trkpt>
      <trkpt lat="45.46912" lon="5.47273">
        <ele>605</ele>
        <time>2025-04-16T07:30:30+00:00</time>
      </trkpt>
      <trkpt lat="45.46925" lon="5.47262">
        <ele>602</ele>
        <time>2025-04-16T07:30:33+00:00</time>
      </trkpt>
      <trkpt lat="45.46925" lon="5.47262">
        <ele>602</ele>
        <time>2025-04-16T07:30:36+00:00</time>
      </trkpt>
      <trkpt lat="45.46913" lon="5.47243">
        <ele>601</ele>
        <time>2025-04-16T07:30:39+00:00</time>
      </trkpt>
      <trkpt lat="45.46899" lon="5.47217">
        <ele>598</ele>
        <time>2025-04-16T07:30:42+00:00</time>
      </trkpt>
      <trkpt lat="45.46892" lon="5.47204">
        <ele>597</ele>
        <time>2025-04-16T07:30:45+00:00</time>
      </trkpt>
      <trkpt lat="45.46886" lon="5.47199">
        <ele>598</ele>
        <time>2025-04-16T07:30:48+00:00</time>
      </trkpt>
      <trkpt lat="45.46874" lon="5.47189">
        <ele>597</ele>
        <time>2025-04-16T07:30:51+00:00</time>
      </trkpt>
      <trkpt lat="45.46862" lon="5.47181">
        <ele>599</ele>
        <time>2025-04-16T07:30:54+00:00</time>
      </trkpt>
      <trkpt lat="45.46848" lon="5.47172">
        <ele>597</ele>
        <time>2025-04-16T07:30:57+00:00</time>
      </trkpt>
      <trkpt lat="45.46835" lon="5.47166">
        <ele>595</ele>
        <time>2025-04-16T07:31:00+00:00</time>
      </trkpt>
      <trkpt lat="45.46827" lon="5.47165">
        <ele>594</ele>
        <time>2025-04-16T07:31:03+00:00</time>
      </trkpt>
      <trkpt lat="45.4682" lon="5.47166">
        <ele>594</ele>
        <time>2025-04-16T07:31:06+00:00</time>
      </trkpt>
      <trkpt lat="45.46814" lon="5.4717">
        <ele>593</ele>
        <time>2025-04-16T07:31:09+00:00</time>
      </trkpt>
      <trkpt lat="45.46808" lon="5.47175">
        <ele>594</ele>
        <time>2025-04-16T07:31:12+00:00</time>
      </trkpt>
      <trkpt lat="45.46803" lon="5.47184">
        <ele>595</ele>
        <time>2025-04-16T07:31:15+00:00</time>
      </trkpt>
      <trkpt lat="45.46796" lon="5.472">
        <ele>594</ele>
        <time>2025-04-16T07:31:18+00:00</time>
      </trkpt>
      <trkpt lat="45.46787" lon="5.47224">
        <ele>594</ele>
        <time>2025-04-16T07:31:21+00:00</time>
      </trkpt>
      <trkpt lat="45.46782" lon="5.47236">
        <ele>595</ele>
        <time>2025-04-16T07:31:24+00:00</time>
      </trkpt>
      <trkpt lat="45.46775" lon="5.47244">
        <ele>596</ele>
        <time>2025-04-16T07:31:27+00:00</time>
      </trkpt>
      <trkpt lat="45.4677" lon="5.47246">
        <ele>595</ele>
        <time>2025-04-16T07:31:30+00:00</time>
      </trkpt>
      <trkpt lat="45.46764" lon="5.47246">
        <ele>595</ele>
        <time>2025-04-16T07:31:33+00:00</time>
      </trkpt>
      <trkpt lat="45.4676" lon="5.47242">
        <ele>596</ele>
        <time>2025-04-16T07:31:36+00:00</time>
      </trkpt>
      <trkpt lat="45.46756" lon="5.47235">
        <ele>595</ele>
        <time>2025-04-16T07:31:39+00:00</time>
      </trkpt>
      <trkpt lat="45.46749" lon="5.4722">
        <ele>595</ele>
        <time>2025-04-16T07:31:42+00:00</time>
      </trkpt>
      <trkpt lat="45.46739" lon="5.472">
        <ele>596</ele>
        <time>2025-04-16T07:31:45+00:00</time>
      </trkpt>
      <trkpt lat="45.46733" lon="5.47191">
        <ele>595</ele>
        <time>2025-04-16T07:31:48+00:00</time>
      </trkpt>
      <trkpt lat="45.46727" lon="5.47186">
        <ele>596</ele>
        <time>2025-04-16T07:31:51+00:00</time>
      </trkpt>
      <trkpt lat="45.4672" lon="5.47184">
        <ele>597</ele>
        <time>2025-04-16T07:31:54+00:00</time>
      </trkpt>
      <trkpt lat="45.46714" lon="5.47185">
        <ele>597</ele>
        <time>2025-04-16T07:31:57+00:00</time>
      </trkpt>
      <trkpt lat="45.46708" lon="5.47189">
        <ele>599</ele>
        <time>2025-04-16T07:32:00+00:00</time>
      </trkpt>
      <trkpt lat="45.46698" lon="5.47197">
        <ele>600</ele>
        <time>2025-04-16T07:32:03+00:00</time>
      </trkpt>
      <trkpt lat="45.46682" lon="5.47211">
        <ele>600</ele>
        <time>2025-04-16T07:32:06+00:00</time>
      </trkpt>
      <trkpt lat="45.46674" lon="5.47217">
        <ele>601</ele>
        <time>2025-04-16T07:32:09+00:00</time>
      </trkpt>
      <trkpt lat="45.46669" lon="5.47221">
        <ele>602</ele>
        <time>2025-04-16T07:32:12+00:00</time>
      </trkpt>
      <trkpt lat="45.46652" lon="5.47234">
        <ele>603</ele>
        <time>2025-04-16T07:32:15+00:00</time>
      </trkpt>
      <trkpt lat="45.46634" lon="5.47241">
        <ele>605</ele>
        <time>2025-04-16T07:32:18+00:00</time>
      </trkpt>
      <trkpt lat="45.46634" lon="5.47241">
        <ele>603</ele>
        <time>2025-04-16T07:32:21+00:00</time>
      </trkpt>
      <trkpt lat="45.46625" lon="5.47243">
        <ele>605</ele>
        <time>2025-04-16T07:32:24+00:00</time>
      </trkpt>
      <trkpt lat="45.46617" lon="5.47241">
        <ele>605</ele>
        <time>2025-04-16T07:32:27+00:00</time>
      </trkpt>
      <trkpt lat="45.46607" lon="5.47236">
        <ele>603</ele>
        <time>2025-04-16T07:32:30+00:00</time>
      </trkpt>
      <trkpt lat="45.46592" lon="5.47227">
        <ele>604</ele>
        <time>2025-04-16T07:32:33+00:00</time>
      </trkpt>
      <trkpt lat="45.46578" lon="5.47221">
        <ele>603</ele>
        <time>2025-04-16T07:32:36+00:00</time>
      </trkpt>
      <trkpt lat="45.46555" lon="5.47215">
        <ele>603</ele>
        <time>2025-04-16T07:32:39+00:00</time>
      </trkpt>
      <trkpt lat="45.46523" lon="5.47207">
        <ele>602</ele>
        <time>2025-04-16T07:32:42+00:00</time>
      </trkpt>
      <trkpt lat="45.46497" lon="5.47203">
        <ele>601</ele>
        <time>2025-04-16T07:32:45+00:00</time>
      </trkpt>
      <trkpt lat="45.46493" lon="5.47202">
        <ele>601</ele>
        <time>2025-04-16T07:32:48+00:00</time>
      </trkpt>
      <trkpt lat="45.46487" lon="5.47206">
        <ele>600</ele>
        <time>2025-04-16T07:32:51+00:00</time>
      </trkpt>
      <trkpt lat="45.46485" lon="5.47212">
        <ele>601</ele>
        <time>2025-04-16T07:32:54+00:00</time>
      </trkpt>
      <trkpt lat="45.46478" lon="5.47204">
        <ele>600</ele>
        <time>2025-04-16T07:32:57+00:00</time>
      </trkpt>
      <trkpt lat="45.46471" lon="5.47192">
        <ele>600</ele>
        <time>2025-04-16T07:33:00+00:00</time>
      </trkpt>
      <trkpt lat="45.46461" lon="5.47171">
        <ele>598</ele>
        <time>2025-04-16T07:33:03+00:00</time>
      </trkpt>
      <trkpt lat="45.46458" lon="5.47164">
        <ele>598</ele>
        <time>2025-04-16T07:33:06+00:00</time>
      </trkpt>
      <trkpt lat="45.46446" lon="5.4714">
        <ele>597</ele>
        <time>2025-04-16T07:33:09+00:00</time>
      </trkpt>
      <trkpt lat="45.46438" lon="5.47126">
        <ele>595</ele>
        <time>2025-04-16T07:33:12+00:00</time>
      </trkpt>
      <trkpt lat="45.46434" lon="5.47115">
        <ele>595</ele>
        <time>2025-04-16T07:33:15+00:00</time>
      </trkpt>
      <trkpt lat="45.4643" lon="5.47101">
        <ele>595</ele>
        <time>2025-04-16T07:33:18+00:00</time>
      </trkpt>
      <trkpt lat="45.4643" lon="5.47088">
        <ele>595</ele>
        <time>2025-04-16T07:33:21+00:00</time>
      </trkpt>
      <trkpt lat="45.46431" lon="5.4707">
        <ele>595</ele>
        <time>2025-04-16T07:33:24+00:00</time>
      </trkpt>
      <trkpt lat="45.46435" lon="5.47052">
        <ele>596</ele>
        <time>2025-04-16T07:33:27+00:00</time>
      </trkpt>
      <trkpt lat="45.46439" lon="5.47032">
        <ele>596</ele>
        <time>2025-04-16T07:33:30+00:00</time>
      </trkpt>
      <trkpt lat="45.46441" lon="5.47016">
        <ele>596</ele>
        <time>2025-04-16T07:33:33+00:00</time>
      </trkpt>
      <trkpt lat="45.4644" lon="5.46999">
        <ele>598</ele>
        <time>2025-04-16T07:33:36+00:00</time>
      </trkpt>
      <trkpt lat="45.46437" lon="5.46986">
        <ele>596</ele>
        <time>2025-04-16T07:33:39+00:00</time>
      </trkpt>
      <trkpt lat="45.46433" lon="5.46967">
        <ele>595</ele>
        <time>2025-04-16T07:33:42+00:00</time>
      </trkpt>
      <trkpt lat="45.46429" lon="5.46941">
        <ele>592</ele>
        <time>2025-04-16T07:33:45+00:00</time>
      </trkpt>
      <trkpt lat="45.46426" lon="5.46914">
        <ele>590</ele>
        <time>2025-04-16T07:33:48+00:00</time>
      </trkpt>
      <trkpt lat="45.46422" lon="5.46881">
        <ele>589</ele>
        <time>2025-04-16T07:33:51+00:00</time>
      </trkpt>
      <trkpt lat="45.4642" lon="5.46858">
        <ele>588</ele>
        <time>2025-04-16T07:33:54+00:00</time>
      </trkpt>
      <trkpt lat="45.46421" lon="5.46837">
        <ele>587</ele>
        <time>2025-04-16T07:33:57+00:00</time>
      </trkpt>
      <trkpt lat="45.46423" lon="5.46812">
        <ele>586</ele>
        <time>2025-04-16T07:34:00+00:00</time>
      </trkpt>
      <trkpt lat="45.46416" lon="5.46787">
        <ele>582</ele>
        <time>2025-04-16T07:34:03+00:00</time>
      </trkpt>
      <trkpt lat="45.46409" lon="5.46747">
        <ele>575</ele>
        <time>2025-04-16T07:34:06+00:00</time>
      </trkpt>
      <trkpt lat="45.46398" lon="5.46702">
        <ele>572</ele>
        <time>2025-04-16T07:34:09+00:00</time>
      </trkpt>
      <trkpt lat="45.46389" lon="5.4666">
        <ele>568</ele>
        <time>2025-04-16T07:34:12+00:00</time>
      </trkpt>
      <trkpt lat="45.46383" lon="5.46625">
        <ele>567</ele>
        <time>2025-04-16T07:34:15+00:00</time>
      </trkpt>
      <trkpt lat="45.46379" lon="5.46593">
        <ele>564</ele>
        <time>2025-04-16T07:34:18+00:00</time>
      </trkpt>
      <trkpt lat="45.46377" lon="5.46569">
        <ele>563</ele>
        <time>2025-04-16T07:34:21+00:00</time>
      </trkpt>
      <trkpt lat="45.46375" lon="5.4654">
        <ele>562</ele>
        <time>2025-04-16T07:34:24+00:00</time>
      </trkpt>
      <trkpt lat="45.46372" lon="5.46524">
        <ele>560</ele>
        <time>2025-04-16T07:34:27+00:00</time>
      </trkpt>
      <trkpt lat="45.46367" lon="5.46499">
        <ele>552</ele>
        <time>2025-04-16T07:34:30+00:00</time>
      </trkpt>
      <trkpt lat="45.46363" lon="5.46479">
        <ele>548</ele>
        <time>2025-04-16T07:34:33+00:00</time>
      </trkpt>
      <trkpt lat="45.46364" lon="5.46473">
        <ele>548</ele>
        <time>2025-04-16T07:34:36+00:00</time>
      </trkpt>
      <trkpt lat="45.46365" lon="5.46471">
        <ele>551</ele>
        <time>2025-04-16T07:34:39+00:00</time>
      </trkpt>
      <trkpt lat="45.46368" lon="5.46467">
        <ele>546</ele>
        <time>2025-04-16T07:34:42+00:00</time>
      </trkpt>
      <trkpt lat="45.46406" lon="5.46451">
        <ele>551</ele>
        <time>2025-04-16T07:34:45+00:00</time>
      </trkpt>
      <trkpt lat="45.4643" lon="5.46442">
        <ele>548</ele>
        <time>2025-04-16T07:34:48+00:00</time>
      </trkpt>
      <trkpt lat="45.46442" lon="5.46437">
        <ele>545</ele>
        <time>2025-04-16T07:34:51+00:00</time>
      </trkpt>
      <trkpt lat="45.46446" lon="5.46428">
        <ele>543</ele>
        <time>2025-04-16T07:34:54+00:00</time>
      </trkpt>
      <trkpt lat="45.46445" lon="5.46423">
        <ele>543</ele>
        <time>2025-04-16T07:34:57+00:00</time>
      </trkpt>
      <trkpt lat="45.46439" lon="5.46416">
        <ele>541</ele>
        <time>2025-04-16T07:35:00+00:00</time>
      </trkpt>
      <trkpt lat="45.46426" lon="5.46399">
        <ele>537</ele>
        <time>2025-04-16T07:35:03+00:00</time>
      </trkpt>
      <trkpt lat="45.46419" lon="5.46385">
        <ele>533</ele>
        <time>2025-04-16T07:35:06+00:00</time>
      </trkpt>
      <trkpt lat="45.46406" lon="5.46361">
        <ele>529</ele>
        <time>2025-04-16T07:35:09+00:00</time>
      </trkpt>
      <trkpt lat="45.46398" lon="5.46344">
        <ele>523</ele>
        <time>2025-04-16T07:35:12+00:00</time>
      </trkpt>
      <trkpt lat="45.46393" lon="5.46326">
        <ele>515</ele>
        <time>2025-04-16T07:35:15+00:00</time>
      </trkpt>
      <trkpt lat="45.46393" lon="5.46316">
        <ele>512</ele>
        <time>2025-04-16T07:35:18+00:00</time>
      </trkpt>
      <trkpt lat="45.46398" lon="5.46309">
        <ele>509</ele>
        <time>2025-04-16T07:35:21+00:00</time>
      </trkpt>
      <trkpt lat="45.46406" lon="5.46307">
        <ele>513</ele>
        <time>2025-04-16T07:35:24+00:00</time>
      </trkpt>
      <trkpt lat="45.46412" lon="5.46306">
        <ele>511</ele>
        <time>2025-04-16T07:35:27+00:00</time>
      </trkpt>
      <trkpt lat="45.46425" lon="5.46306">
        <ele>511</ele>
        <time>2025-04-16T07:35:30+00:00</time>
      </trkpt>
      <trkpt lat="45.46451" lon="5.46307">
        <ele>509</ele>
        <time>2025-04-16T07:35:33+00:00</time>
      </trkpt>
      <trkpt lat="45.46483" lon="5.46298">
        <ele>503</ele>
        <time>2025-04-16T07:35:36+00:00</time>
      </trkpt>
      <trkpt lat="45.46509" lon="5.46287">
        <ele>498</ele>
        <time>2025-04-16T07:35:39+00:00</time>
      </trkpt>
      <trkpt lat="45.46518" lon="5.46282">
        <ele>497</ele>
        <time>2025-04-16T07:35:42+00:00</time>
      </trkpt>
      <trkpt lat="45.46531" lon="5.46276">
        <ele>492</ele>
        <time>2025-04-16T07:35:45+00:00</time>
      </trkpt>
      <trkpt lat="45.46538" lon="5.46271">
        <ele>492</ele>
        <time>2025-04-16T07:35:48+00:00</time>
      </trkpt>
      <trkpt lat="45.4654" lon="5.46264">
        <ele>486</ele>
        <time>2025-04-16T07:35:51+00:00</time>
      </trkpt>
      <trkpt lat="45.46537" lon="5.46254">
        <ele>485</ele>
        <time>2025-04-16T07:35:54+00:00</time>
      </trkpt>
      <trkpt lat="45.46525" lon="5.46243">
        <ele>485</ele>
        <time>2025-04-16T07:35:57+00:00</time>
      </trkpt>
      <trkpt lat="45.46513" lon="5.46235">
        <ele>483</ele>
        <time>2025-04-16T07:36:00+00:00</time>
      </trkpt>
      <trkpt lat="45.46502" lon="5.46228">
        <ele>482</ele>
        <time>2025-04-16T07:36:03+00:00</time>
      </trkpt>
      <trkpt lat="45.4649" lon="5.46219">
        <ele>480</ele>
        <time>2025-04-16T07:36:06+00:00</time>
      </trkpt>
      <trkpt lat="45.46474" lon="5.46204">
        <ele>478</ele>
        <time>2025-04-16T07:36:09+00:00</time>
      </trkpt>
      <trkpt lat="45.46465" lon="5.46192">
        <ele>477</ele>
        <time>2025-04-16T07:36:12+00:00</time>
      </trkpt>
      <trkpt lat="45.46462" lon="5.46178">
        <ele>473</ele>
        <time>2025-04-16T07:36:15+00:00</time>
      </trkpt>
      <trkpt lat="45.46461" lon="5.46151">
        <ele>470</ele>
        <time>2025-04-16T07:36:18+00:00</time>
      </trkpt>
      <trkpt lat="45.46456" lon="5.46128">
        <ele>462</ele>
        <time>2025-04-16T07:36:21+00:00</time>
      </trkpt>
      <trkpt lat="45.46452" lon="5.46117">
        <ele>461</ele>
        <time>2025-04-16T07:36:24+00:00</time>
      </trkpt>
      <trkpt lat="45.46446" lon="5.46111">
        <ele>460</ele>
        <time>2025-04-16T07:36:27+00:00</time>
      </trkpt>
      <trkpt lat="45.4643" lon="5.46103">
        <ele>459</ele>
        <time>2025-04-16T07:36:30+00:00</time>
      </trkpt>
      <trkpt lat="45.46414" lon="5.46094">
        <ele>459</ele>
        <time>2025-04-16T07:36:33+00:00</time>
      </trkpt>
      <trkpt lat="45.46394" lon="5.46084">
        <ele>459</ele>
        <time>2025-04-16T07:36:36+00:00</time>
      </trkpt>
      <trkpt lat="45.46378" lon="5.46074">
        <ele>458</ele>
        <time>2025-04-16T07:36:39+00:00</time>
      </trkpt>
      <trkpt lat="45.46372" lon="5.46067">
        <ele>457</ele>
        <time>2025-04-16T07:36:42+00:00</time>
      </trkpt>
      <trkpt lat="45.4637" lon="5.46056">
        <ele>457</ele>
        <time>2025-04-16T07:36:45+00:00</time>
      </trkpt>
      <trkpt lat="45.46369" lon="5.46047">
        <ele>456</ele>
        <time>2025-04-16T07:36:48+00:00</time>
      </trkpt>
      <trkpt lat="45.46368" lon="5.46031">
        <ele>455</ele>
        <time>2025-04-16T07:36:51+00:00</time>
      </trkpt>
      <trkpt lat="45.46368" lon="5.46016">
        <ele>455</ele>
        <time>2025-04-16T07:36:54+00:00</time>
      </trkpt>
      <trkpt lat="45.46366" lon="5.46007">
        <ele>454</ele>
        <time>2025-04-16T07:36:57+00:00</time>
      </trkpt>
      <trkpt lat="45.46363" lon="5.45999">
        <ele>456</ele>
        <time>2025-04-16T07:37:00+00:00</time>
      </trkpt>
      <trkpt lat="45.46359" lon="5.45996">
        <ele>455</ele>
        <time>2025-04-16T07:37:03+00:00</time>
      </trkpt>
      <trkpt lat="45.46352" lon="5.45988">
        <ele>456</ele>
        <time>2025-04-16T07:37:06+00:00</time>
      </trkpt>
      <trkpt lat="45.46348" lon="5.45982">
        <ele>457</ele>
        <time>2025-04-16T07:37:09+00:00</time>
      </trkpt>
      <trkpt lat="45.46339" lon="5.45966">
        <ele>460</ele>
        <time>2025-04-16T07:37:12+00:00</time>
      </trkpt>
      <trkpt lat="45.46321" lon="5.45955">
        <ele>460</ele>
        <time>2025-04-16T07:37:15+00:00</time>
      </trkpt>
      <trkpt lat="45.46304" lon="5.45942">
        <ele>461</ele>
        <time>2025-04-16T07:37:18+00:00</time>
      </trkpt>
      <trkpt lat="45.46292" lon="5.45933">
        <ele>461</ele>
        <time>2025-04-16T07:37:21+00:00</time>
      </trkpt>
      <trkpt lat="45.46284" lon="5.45923">
        <ele>461</ele>
        <time>2025-04-16T07:37:24+00:00</time>
      </trkpt>
      <trkpt lat="45.46268" lon="5.45906">
        <ele>461</ele>
        <time>2025-04-16T07:37:27+00:00</time>
      </trkpt>
      <trkpt lat="45.46242" lon="5.45885">
        <ele>461</ele>
        <time>2025-04-16T07:37:30+00:00</time>
      </trkpt>
      <trkpt lat="45.46218" lon="5.45865">
        <ele>462</ele>
        <time>2025-04-16T07:37:33+00:00</time>
      </trkpt>
      <trkpt lat="45.46193" lon="5.45844">
        <ele>462</ele>
        <time>2025-04-16T07:37:36+00:00</time>
      </trkpt>
      <trkpt lat="45.46193" lon="5.45844">
        <ele>462</ele>
        <time>2025-04-16T07:37:39+00:00</time>
      </trkpt>
      <trkpt lat="45.46181" lon="5.45837">
        <ele>463</ele>
        <time>2025-04-16T07:37:42+00:00</time>
      </trkpt>
      <trkpt lat="45.46175" lon="5.45835">
        <ele>464</ele>
        <time>2025-04-16T07:37:45+00:00</time>
      </trkpt>
      <trkpt lat="45.46168" lon="5.45837">
        <ele>464</ele>
        <time>2025-04-16T07:37:48+00:00</time>
      </trkpt>
      <trkpt lat="45.46159" lon="5.45838">
        <ele>465</ele>
        <time>2025-04-16T07:37:51+00:00</time>
      </trkpt>
      <trkpt lat="45.46152" lon="5.45837">
        <ele>465</ele>
        <time>2025-04-16T07:37:54+00:00</time>
      </trkpt>
      <trkpt lat="45.46146" lon="5.45832">
        <ele>466</ele>
        <time>2025-04-16T07:37:57+00:00</time>
      </trkpt>
      <trkpt lat="45.4613" lon="5.45816">
        <ele>468</ele>
        <time>2025-04-16T07:38:00+00:00</time>
      </trkpt>
      <trkpt lat="45.46112" lon="5.45797">
        <ele>468</ele>
        <time>2025-04-16T07:38:03+00:00</time>
      </trkpt>
      <trkpt lat="45.46097" lon="5.45783">
        <ele>469</ele>
        <time>2025-04-16T07:38:06+00:00</time>
      </trkpt>
      <trkpt lat="45.46092" lon="5.45779">
        <ele>468</ele>
        <time>2025-04-16T07:38:09+00:00</time>
      </trkpt>
      <trkpt lat="45.46083" lon="5.45771">
        <ele>469</ele>
        <time>2025-04-16T07:38:12+00:00</time>
      </trkpt>
      <trkpt lat="45.46071" lon="5.45765">
        <ele>468</ele>
        <time>2025-04-16T07:38:15+00:00</time>
      </trkpt>
      <trkpt lat="45.46057" lon="5.45761">
        <ele>467</ele>
        <time>2025-04-16T07:38:18+00:00</time>
      </trkpt>
      <trkpt lat="45.46044" lon="5.45758">
        <ele>465</ele>
        <time>2025-04-16T07:38:21+00:00</time>
      </trkpt>
      <trkpt lat="45.46032" lon="5.45759">
        <ele>462</ele>
        <time>2025-04-16T07:38:24+00:00</time>
      </trkpt>
      <trkpt lat="45.4602" lon="5.45765">
        <ele>461</ele>
        <time>2025-04-16T07:38:27+00:00</time>
      </trkpt>
      <trkpt lat="45.45997" lon="5.45779">
        <ele>460</ele>
        <time>2025-04-16T07:38:30+00:00</time>
      </trkpt>
      <trkpt lat="45.4599" lon="5.45782">
        <ele>461</ele>
        <time>2025-04-16T07:38:33+00:00</time>
      </trkpt>
      <trkpt lat="45.45976" lon="5.45789">
        <ele>458</ele>
        <time>2025-04-16T07:38:36+00:00</time>
      </trkpt>
      <trkpt lat="45.45973" lon="5.45791">
        <ele>461</ele>
        <time>2025-04-16T07:38:39+00:00</time>
      </trkpt>
      <trkpt lat="45.45973" lon="5.4579">
        <ele>461</ele>
        <time>2025-04-16T07:38:42+00:00</time>
      </trkpt>
      <trkpt lat="45.45975" lon="5.45756">
        <ele>455</ele>
        <time>2025-04-16T07:38:45+00:00</time>
      </trkpt>
      <trkpt lat="45.45979" lon="5.45714">
        <ele>452</ele>
        <time>2025-04-16T07:38:48+00:00</time>
      </trkpt>
      <trkpt lat="45.45978" lon="5.4568">
        <ele>450</ele>
        <time>2025-04-16T07:38:51+00:00</time>
      </trkpt>
      <trkpt lat="45.45978" lon="5.45643">
        <ele>449</ele>
        <time>2025-04-16T07:38:54+00:00</time>
      </trkpt>
      <trkpt lat="45.45973" lon="5.45642">
        <ele>447</ele>
        <time>2025-04-16T07:38:57+00:00</time>
      </trkpt>
      <trkpt lat="45.45959" lon="5.45634">
        <ele>449</ele>
        <time>2025-04-16T07:39:00+00:00</time>
      </trkpt>
      <trkpt lat="45.45946" lon="5.45622">
        <ele>449</ele>
        <time>2025-04-16T07:39:03+00:00</time>
      </trkpt>
      <trkpt lat="45.45944" lon="5.456">
        <ele>449</ele>
        <time>2025-04-16T07:39:06+00:00</time>
      </trkpt>
      <trkpt lat="45.45945" lon="5.45582">
        <ele>449</ele>
        <time>2025-04-16T07:39:09+00:00</time>
      </trkpt>
      <trkpt lat="45.45945" lon="5.4556">
        <ele>448</ele>
        <time>2025-04-16T07:39:12+00:00</time>
      </trkpt>
      <trkpt lat="45.45945" lon="5.4553">
        <ele>447</ele>
        <time>2025-04-16T07:39:15+00:00</time>
      </trkpt>
      <trkpt lat="45.45953" lon="5.45524">
        <ele>447</ele>
        <time>2025-04-16T07:39:18+00:00</time>
      </trkpt>
      <trkpt lat="45.45955" lon="5.45521">
        <ele>447</ele>
        <time>2025-04-16T07:39:21+00:00</time>
      </trkpt>
      <trkpt lat="45.45957" lon="5.45516">
        <ele>447</ele>
        <time>2025-04-16T07:39:24+00:00</time>
      </trkpt>
      <trkpt lat="45.45959" lon="5.45507">
        <ele>447</ele>
        <time>2025-04-16T07:39:27+00:00</time>
      </trkpt>
      <trkpt lat="45.45957" lon="5.45499">
        <ele>446</ele>
        <time>2025-04-16T07:39:30+00:00</time>
      </trkpt>
      <trkpt lat="45.45953" lon="5.45491">
        <ele>446</ele>
        <time>2025-04-16T07:39:33+00:00</time>
      </trkpt>
      <trkpt lat="45.45947" lon="5.45487">
        <ele>446</ele>
        <time>2025-04-16T07:39:36+00:00</time>
      </trkpt>
      <trkpt lat="45.45937" lon="5.45484">
        <ele>446</ele>
        <time>2025-04-16T07:39:39+00:00</time>
      </trkpt>
      <trkpt lat="45.4593" lon="5.45486">
        <ele>446</ele>
        <time>2025-04-16T07:39:42+00:00</time>
      </trkpt>
      <trkpt lat="45.45926" lon="5.4549">
        <ele>446</ele>
        <time>2025-04-16T07:39:45+00:00</time>
      </trkpt>
      <trkpt lat="45.45925" lon="5.45497">
        <ele>446</ele>
        <time>2025-04-16T07:39:48+00:00</time>
      </trkpt>
      <trkpt lat="45.45927" lon="5.4551">
        <ele>447</ele>
        <time>2025-04-16T07:39:51+00:00</time>
      </trkpt>
      <trkpt lat="45.45931" lon="5.4552">
        <ele>447</ele>
        <time>2025-04-16T07:39:54+00:00</time>
      </trkpt>
      <trkpt lat="45.45935" lon="5.45525">
        <ele>447</ele>
        <time>2025-04-16T07:39:57+00:00</time>
      </trkpt>
      <trkpt lat="45.45935" lon="5.45525">
        <ele>447</ele>
        <time>2025-04-16T07:40:00+00:00</time>
      </trkpt>
      <trkpt lat="45.45942" lon="5.45535">
        <ele>447</ele>
        <time>2025-04-16T07:40:03+00:00</time>
      </trkpt>
      <trkpt lat="45.45942" lon="5.45559">
        <ele>448</ele>
        <time>2025-04-16T07:40:06+00:00</time>
      </trkpt>
      <trkpt lat="45.45943" lon="5.45585">
        <ele>449</ele>
        <time>2025-04-16T07:40:09+00:00</time>
      </trkpt>
      <trkpt lat="45.45938" lon="5.45634">
        <ele>451</ele>
        <time>2025-04-16T07:40:12+00:00</time>
      </trkpt>
      <trkpt lat="45.45932" lon="5.45699">
        <ele>453</ele>
        <time>2025-04-16T07:40:15+00:00</time>
      </trkpt>
      <trkpt lat="45.45926" lon="5.45721">
        <ele>456</ele>
        <time>2025-04-16T07:40:18+00:00</time>
      </trkpt>
      <trkpt lat="45.4592" lon="5.45743">
        <ele>458</ele>
        <time>2025-04-16T07:40:21+00:00</time>
      </trkpt>
      <trkpt lat="45.45915" lon="5.45765">
        <ele>461</ele>
        <time>2025-04-16T07:40:24+00:00</time>
      </trkpt>
      <trkpt lat="45.4591" lon="5.45787">
        <ele>465</ele>
        <time>2025-04-16T07:40:27+00:00</time>
      </trkpt>
      <trkpt lat="45.4591" lon="5.45788">
        <ele>465</ele>
        <time>2025-04-16T07:40:30+00:00</time>
      </trkpt>
      <trkpt lat="45.45918" lon="5.4579">
        <ele>460</ele>
        <time>2025-04-16T07:40:33+00:00</time>
      </trkpt>
      <trkpt lat="45.45931" lon="5.45792">
        <ele>461</ele>
        <time>2025-04-16T07:40:36+00:00</time>
      </trkpt>
      <trkpt lat="45.45942" lon="5.45792">
        <ele>460</ele>
        <time>2025-04-16T07:40:39+00:00</time>
      </trkpt>
      <trkpt lat="45.45953" lon="5.45794">
        <ele>460</ele>
        <time>2025-04-16T07:40:42+00:00</time>
      </trkpt>
      <trkpt lat="45.45961" lon="5.45796">
        <ele>461</ele>
        <time>2025-04-16T07:40:45+00:00</time>
      </trkpt>
      <trkpt lat="45.45958" lon="5.45814">
        <ele>462</ele>
        <time>2025-04-16T07:40:48+00:00</time>
      </trkpt>
      <trkpt lat="45.45956" lon="5.45835">
        <ele>465</ele>
        <time>2025-04-16T07:40:51+00:00</time>
      </trkpt>
      <trkpt lat="45.45955" lon="5.45857">
        <ele>468</ele>
        <time>2025-04-16T07:40:54+00:00</time>
      </trkpt>
      <trkpt lat="45.45954" lon="5.45877">
        <ele>470</ele>
        <time>2025-04-16T07:40:57+00:00</time>
      </trkpt>
      <trkpt lat="45.45954" lon="5.45899">
        <ele>472</ele>
        <time>2025-04-16T07:41:00+00:00</time>
      </trkpt>
      <trkpt lat="45.45955" lon="5.45926">
        <ele>477</ele>
        <time>2025-04-16T07:41:03+00:00</time>
      </trkpt>
      <trkpt lat="45.45957" lon="5.45953">
        <ele>480</ele>
        <time>2025-04-16T07:41:06+00:00</time>
      </trkpt>
      <trkpt lat="45.45958" lon="5.45975">
        <ele>481</ele>
        <time>2025-04-16T07:41:09+00:00</time>
      </trkpt>
      <trkpt lat="45.45959" lon="5.45993">
        <ele>482</ele>
        <time>2025-04-16T07:41:12+00:00</time>
      </trkpt>
      <trkpt lat="45.45958" lon="5.46007">
        <ele>482</ele>
        <time>2025-04-16T07:41:15+00:00</time>
      </trkpt>
      <trkpt lat="45.45955" lon="5.46032">
        <ele>485</ele>
        <time>2025-04-16T07:41:18+00:00</time>
      </trkpt>
      <trkpt lat="45.45945" lon="5.46075">
        <ele>487</ele>
        <time>2025-04-16T07:41:21+00:00</time>
      </trkpt>
      <trkpt lat="45.45934" lon="5.46107">
        <ele>487</ele>
        <time>2025-04-16T07:41:24+00:00</time>
      </trkpt>
      <trkpt lat="45.45928" lon="5.46132">
        <ele>487</ele>
        <time>2025-04-16T07:41:27+00:00</time>
      </trkpt>
      <trkpt lat="45.45925" lon="5.46148">
        <ele>487</ele>
        <time>2025-04-16T07:41:30+00:00</time>
      </trkpt>
      <trkpt lat="45.45921" lon="5.46166">
        <ele>488</ele>
        <time>2025-04-16T07:41:33+00:00</time>
      </trkpt>
      <trkpt lat="45.45915" lon="5.4618">
        <ele>492</ele>
        <time>2025-04-16T07:41:36+00:00</time>
      </trkpt>
      <trkpt lat="45.45909" lon="5.462">
        <ele>495</ele>
        <time>2025-04-16T07:41:39+00:00</time>
      </trkpt>
      <trkpt lat="45.45907" lon="5.46217">
        <ele>498</ele>
        <time>2025-04-16T07:41:42+00:00</time>
      </trkpt>
      <trkpt lat="45.45906" lon="5.46241">
        <ele>500</ele>
        <time>2025-04-16T07:41:45+00:00</time>
      </trkpt>
      <trkpt lat="45.45908" lon="5.46258">
        <ele>499</ele>
        <time>2025-04-16T07:41:48+00:00</time>
      </trkpt>
      <trkpt lat="45.45915" lon="5.46278">
        <ele>500</ele>
        <time>2025-04-16T07:41:51+00:00</time>
      </trkpt>
      <trkpt lat="45.45925" lon="5.46296">
        <ele>500</ele>
        <time>2025-04-16T07:41:54+00:00</time>
      </trkpt>
      <trkpt lat="45.45936" lon="5.46312">
        <ele>503</ele>
        <time>2025-04-16T07:41:57+00:00</time>
      </trkpt>
      <trkpt lat="45.45944" lon="5.46328">
        <ele>507</ele>
        <time>2025-04-16T07:42:00+00:00</time>
      </trkpt>
      <trkpt lat="45.45952" lon="5.46353">
        <ele>512</ele>
        <time>2025-04-16T07:42:03+00:00</time>
      </trkpt>
      <trkpt lat="45.45958" lon="5.46392">
        <ele>514</ele>
        <time>2025-04-16T07:42:06+00:00</time>
      </trkpt>
      <trkpt lat="45.45961" lon="5.4642">
        <ele>516</ele>
        <time>2025-04-16T07:42:09+00:00</time>
      </trkpt>
      <trkpt lat="45.45962" lon="5.46443">
        <ele>516</ele>
        <time>2025-04-16T07:42:12+00:00</time>
      </trkpt>
      <trkpt lat="45.45963" lon="5.46471">
        <ele>518</ele>
        <time>2025-04-16T07:42:15+00:00</time>
      </trkpt>
      <trkpt lat="45.45956" lon="5.46495">
        <ele>518</ele>
        <time>2025-04-16T07:42:18+00:00</time>
      </trkpt>
      <trkpt lat="45.4595" lon="5.46514">
        <ele>520</ele>
        <time>2025-04-16T07:42:21+00:00</time>
      </trkpt>
      <trkpt lat="45.4594" lon="5.46542">
        <ele>523</ele>
        <time>2025-04-16T07:42:24+00:00</time>
      </trkpt>
      <trkpt lat="45.45933" lon="5.46555">
        <ele>525</ele>
        <time>2025-04-16T07:42:27+00:00</time>
      </trkpt>
      <trkpt lat="45.45927" lon="5.46565">
        <ele>525</ele>
        <time>2025-04-16T07:42:30+00:00</time>
      </trkpt>
      <trkpt lat="45.45906" lon="5.46603">
        <ele>531</ele>
        <time>2025-04-16T07:42:33+00:00</time>
      </trkpt>
      <trkpt lat="45.45888" lon="5.46635">
        <ele>540</ele>
        <time>2025-04-16T07:42:36+00:00</time>
      </trkpt>
      <trkpt lat="45.45873" lon="5.46664">
        <ele>546</ele>
        <time>2025-04-16T07:42:39+00:00</time>
      </trkpt>
      <trkpt lat="45.45852" lon="5.46699">
        <ele>546</ele>
        <time>2025-04-16T07:42:42+00:00</time>
      </trkpt>
      <trkpt lat="45.45836" lon="5.46736">
        <ele>547</ele>
        <time>2025-04-16T07:42:45+00:00</time>
      </trkpt>
      <trkpt lat="45.45828" lon="5.46754">
        <ele>550</ele>
        <time>2025-04-16T07:42:48+00:00</time>
      </trkpt>
      <trkpt lat="45.45826" lon="5.46757">
        <ele>550</ele>
        <time>2025-04-16T07:42:51+00:00</time>
      </trkpt>
      <trkpt lat="45.45822" lon="5.46762">
        <ele>552</ele>
        <time>2025-04-16T07:42:54+00:00</time>
      </trkpt>
      <trkpt lat="45.45812" lon="5.46767">
        <ele>554</ele>
        <time>2025-04-16T07:42:57+00:00</time>
      </trkpt>
      <trkpt lat="45.45803" lon="5.4677">
        <ele>556</ele>
        <time>2025-04-16T07:43:00+00:00</time>
      </trkpt>
      <trkpt lat="45.45793" lon="5.46773">
        <ele>560</ele>
        <time>2025-04-16T07:43:03+00:00</time>
      </trkpt>
      <trkpt lat="45.45785" lon="5.46774">
        <ele>562</ele>
        <time>2025-04-16T07:43:06+00:00</time>
      </trkpt>
      <trkpt lat="45.45779" lon="5.4677">
        <ele>557</ele>
        <time>2025-04-16T07:43:09+00:00</time>
      </trkpt>
      <trkpt lat="45.45773" lon="5.46766">
        <ele>561</ele>
        <time>2025-04-16T07:43:12+00:00</time>
      </trkpt>
      <trkpt lat="45.45764" lon="5.4676">
        <ele>562</ele>
        <time>2025-04-16T07:43:15+00:00</time>
      </trkpt>
      <trkpt lat="45.45754" lon="5.46757">
        <ele>559</ele>
        <time>2025-04-16T07:43:18+00:00</time>
      </trkpt>
      <trkpt lat="45.45739" lon="5.46754">
        <ele>564</ele>
        <time>2025-04-16T07:43:21+00:00</time>
      </trkpt>
      <trkpt lat="45.45711" lon="5.46754">
        <ele>567</ele>
        <time>2025-04-16T07:43:24+00:00</time>
      </trkpt>
      <trkpt lat="45.45694" lon="5.46756">
        <ele>569</ele>
        <time>2025-04-16T07:43:27+00:00</time>
      </trkpt>
      <trkpt lat="45.45676" lon="5.46759">
        <ele>573</ele>
        <time>2025-04-16T07:43:30+00:00</time>
      </trkpt>
      <trkpt lat="45.45656" lon="5.46762">
        <ele>578</ele>
        <time>2025-04-16T07:43:33+00:00</time>
      </trkpt>
      <trkpt lat="45.45633" lon="5.46766">
        <ele>580</ele>
        <time>2025-04-16T07:43:36+00:00</time>
      </trkpt>
      <trkpt lat="45.45619" lon="5.46769">
        <ele>585</ele>
        <time>2025-04-16T07:43:39+00:00</time>
      </trkpt>
      <trkpt lat="45.45608" lon="5.46772">
        <ele>587</ele>
        <time>2025-04-16T07:43:42+00:00</time>
      </trkpt>
      <trkpt lat="45.456" lon="5.46772">
        <ele>587</ele>
        <time>2025-04-16T07:43:45+00:00</time>
      </trkpt>
      <trkpt lat="45.45595" lon="5.46772">
        <ele>588</ele>
        <time>2025-04-16T07:43:48+00:00</time>
      </trkpt>
      <trkpt lat="45.4558" lon="5.46773">
        <ele>589</ele>
        <time>2025-04-16T07:43:51+00:00</time>
      </trkpt>
      <trkpt lat="45.45562" lon="5.46771">
        <ele>592</ele>
        <time>2025-04-16T07:43:54+00:00</time>
      </trkpt>
      <trkpt lat="45.4554" lon="5.46773">
        <ele>597</ele>
        <time>2025-04-16T07:43:57+00:00</time>
      </trkpt>
      <trkpt lat="45.45524" lon="5.46772">
        <ele>598</ele>
        <time>2025-04-16T07:44:00+00:00</time>
      </trkpt>
      <trkpt lat="45.4551" lon="5.46768">
        <ele>600</ele>
        <time>2025-04-16T07:44:03+00:00</time>
      </trkpt>
      <trkpt lat="45.45497" lon="5.46764">
        <ele>602</ele>
        <time>2025-04-16T07:44:06+00:00</time>
      </trkpt>
      <trkpt lat="45.45478" lon="5.46755">
        <ele>604</ele>
        <time>2025-04-16T07:44:09+00:00</time>
      </trkpt>
      <trkpt lat="45.45456" lon="5.46746">
        <ele>606</ele>
        <time>2025-04-16T07:44:12+00:00</time>
      </trkpt>
      <trkpt lat="45.45439" lon="5.46741">
        <ele>609</ele>
        <time>2025-04-16T07:44:15+00:00</time>
      </trkpt>
      <trkpt lat="45.45426" lon="5.46736">
        <ele>611</ele>
        <time>2025-04-16T07:44:18+00:00</time>
      </trkpt>
      <trkpt lat="45.4541" lon="5.46731">
        <ele>612</ele>
        <time>2025-04-16T07:44:21+00:00</time>
      </trkpt>
      <trkpt lat="45.45407" lon="5.4673">
        <ele>613</ele>
        <time>2025-04-16T07:44:24+00:00</time>
      </trkpt>
      <trkpt lat="45.45407" lon="5.46729">
        <ele>613</ele>
        <time>2025-04-16T07:44:27+00:00</time>
      </trkpt>
      <trkpt lat="45.45396" lon="5.46724">
        <ele>614</ele>
        <time>2025-04-16T07:44:30+00:00</time>
      </trkpt>
      <trkpt lat="45.45407" lon="5.46696">
        <ele>616</ele>
        <time>2025-04-16T07:44:33+00:00</time>
      </trkpt>
      <trkpt lat="45.45422" lon="5.46657">
        <ele>623</ele>
        <time>2025-04-16T07:44:36+00:00</time>
      </trkpt>
      <trkpt lat="45.45434" lon="5.46642">
        <ele>625</ele>
        <time>2025-04-16T07:44:39+00:00</time>
      </trkpt>
      <trkpt lat="45.45464" lon="5.4663">
        <ele>625</ele>
        <time>2025-04-16T07:44:42+00:00</time>
      </trkpt>
      <trkpt lat="45.45508" lon="5.46622">
        <ele>628</ele>
        <time>2025-04-16T07:44:45+00:00</time>
      </trkpt>
      <trkpt lat="45.45551" lon="5.466">
        <ele>628</ele>
        <time>2025-04-16T07:44:48+00:00</time>
      </trkpt>
      <trkpt lat="45.45583" lon="5.46559">
        <ele>628</ele>
        <time>2025-04-16T07:44:51+00:00</time>
      </trkpt>
      <trkpt lat="45.45622" lon="5.46528">
        <ele>618</ele>
        <time>2025-04-16T07:44:54+00:00</time>
      </trkpt>
      <trkpt lat="45.45641" lon="5.46488">
        <ele>616</ele>
        <time>2025-04-16T07:44:57+00:00</time>
      </trkpt>
      <trkpt lat="45.45662" lon="5.46476">
        <ele>616</ele>
        <time>2025-04-16T07:45:00+00:00</time>
      </trkpt>
      <trkpt lat="45.45647" lon="5.46448">
        <ele>616</ele>
        <time>2025-04-16T07:45:03+00:00</time>
      </trkpt>
      <trkpt lat="45.45631" lon="5.46418">
        <ele>617</ele>
        <time>2025-04-16T07:45:06+00:00</time>
      </trkpt>
      <trkpt lat="45.45609" lon="5.46402">
        <ele>625</ele>
        <time>2025-04-16T07:45:09+00:00</time>
      </trkpt>
      <trkpt lat="45.45584" lon="5.46385">
        <ele>626</ele>
        <time>2025-04-16T07:45:12+00:00</time>
      </trkpt>
      <trkpt lat="45.45558" lon="5.46364">
        <ele>626</ele>
        <time>2025-04-16T07:45:15+00:00</time>
      </trkpt>
      <trkpt lat="45.45513" lon="5.46328">
        <ele>626</ele>
        <time>2025-04-16T07:45:18+00:00</time>
      </trkpt>
      <trkpt lat="45.45489" lon="5.46307">
        <ele>626</ele>
        <time>2025-04-16T07:45:21+00:00</time>
      </trkpt>
      <trkpt lat="45.4545" lon="5.46274">
        <ele>623</ele>
        <time>2025-04-16T07:45:24+00:00</time>
      </trkpt>
      <trkpt lat="45.45424" lon="5.46219">
        <ele>619</ele>
        <time>2025-04-16T07:45:27+00:00</time>
      </trkpt>
      <trkpt lat="45.45398" lon="5.46212">
        <ele>615</ele>
        <time>2025-04-16T07:45:30+00:00</time>
      </trkpt>
      <trkpt lat="45.45365" lon="5.46203">
        <ele>614</ele>
        <time>2025-04-16T07:45:33+00:00</time>
      </trkpt>
      <trkpt lat="45.45343" lon="5.46183">
        <ele>612</ele>
        <time>2025-04-16T07:45:36+00:00</time>
      </trkpt>
      <trkpt lat="45.45317" lon="5.4616">
        <ele>609</ele>
        <time>2025-04-16T07:45:39+00:00</time>
      </trkpt>
      <trkpt lat="45.45296" lon="5.46133">
        <ele>607</ele>
        <time>2025-04-16T07:45:42+00:00</time>
      </trkpt>
      <trkpt lat="45.45266" lon="5.46095">
        <ele>603</ele>
        <time>2025-04-16T07:45:45+00:00</time>
      </trkpt>
      <trkpt lat="45.45255" lon="5.46063">
        <ele>598</ele>
        <time>2025-04-16T07:45:48+00:00</time>
      </trkpt>
      <trkpt lat="45.45243" lon="5.4603">
        <ele>593</ele>
        <time>2025-04-16T07:45:51+00:00</time>
      </trkpt>
      <trkpt lat="45.45214" lon="5.46002">
        <ele>591</ele>
        <time>2025-04-16T07:45:54+00:00</time>
      </trkpt>
      <trkpt lat="45.45173" lon="5.45997">
        <ele>587</ele>
        <time>2025-04-16T07:45:57+00:00</time>
      </trkpt>
      <trkpt lat="45.45129" lon="5.46019">
        <ele>585</ele>
        <time>2025-04-16T07:46:00+00:00</time>
      </trkpt>
      <trkpt lat="45.45108" lon="5.46001">
        <ele>583</ele>
        <time>2025-04-16T07:46:03+00:00</time>
      </trkpt>
      <trkpt lat="45.45088" lon="5.45984">
        <ele>579</ele>
        <time>2025-04-16T07:46:06+00:00</time>
      </trkpt>
      <trkpt lat="45.45075" lon="5.4595">
        <ele>573</ele>
        <time>2025-04-16T07:46:09+00:00</time>
      </trkpt>
      <trkpt lat="45.45066" lon="5.45915">
        <ele>568</ele>
        <time>2025-04-16T07:46:12+00:00</time>
      </trkpt>
      <trkpt lat="45.45066" lon="5.45913">
        <ele>568</ele>
        <time>2025-04-16T07:46:15+00:00</time>
      </trkpt>
      <trkpt lat="45.45066" lon="5.45913">
        <ele>568</ele>
        <time>2025-04-16T07:46:18+00:00</time>
      </trkpt>
      <trkpt lat="45.45047" lon="5.45885">
        <ele>562</ele>
        <time>2025-04-16T07:46:21+00:00</time>
      </trkpt>
      <trkpt lat="45.4505" lon="5.45836">
        <ele>558</ele>
        <time>2025-04-16T07:46:24+00:00</time>
      </trkpt>
      <trkpt lat="45.45026" lon="5.45799">
        <ele>551</ele>
        <time>2025-04-16T07:46:27+00:00</time>
      </trkpt>
      <trkpt lat="45.45005" lon="5.4576">
        <ele>540</ele>
        <time>2025-04-16T07:46:30+00:00</time>
      </trkpt>
      <trkpt lat="45.44989" lon="5.45726">
        <ele>531</ele>
        <time>2025-04-16T07:46:33+00:00</time>
      </trkpt>
      <trkpt lat="45.44966" lon="5.45701">
        <ele>528</ele>
        <time>2025-04-16T07:46:36+00:00</time>
      </trkpt>
      <trkpt lat="45.44964" lon="5.45699">
        <ele>527</ele>
        <time>2025-04-16T07:46:39+00:00</time>
      </trkpt>
      <trkpt lat="45.44961" lon="5.45697">
        <ele>527</ele>
        <time>2025-04-16T07:46:42+00:00</time>
      </trkpt>
      <trkpt lat="45.44957" lon="5.45697">
        <ele>526</ele>
        <time>2025-04-16T07:46:45+00:00</time>
      </trkpt>
      <trkpt lat="45.44953" lon="5.45697">
        <ele>526</ele>
        <time>2025-04-16T07:46:48+00:00</time>
      </trkpt>
      <trkpt lat="45.44949" lon="5.45695">
        <ele>520</ele>
        <time>2025-04-16T07:46:51+00:00</time>
      </trkpt>
      <trkpt lat="45.44947" lon="5.45694">
        <ele>520</ele>
        <time>2025-04-16T07:46:54+00:00</time>
      </trkpt>
      <trkpt lat="45.44938" lon="5.45694">
        <ele>518</ele>
        <time>2025-04-16T07:46:57+00:00</time>
      </trkpt>
      <trkpt lat="45.4493" lon="5.45698">
        <ele>517</ele>
        <time>2025-04-16T07:47:00+00:00</time>
      </trkpt>
      <trkpt lat="45.44924" lon="5.45702">
        <ele>519</ele>
        <time>2025-04-16T07:47:03+00:00</time>
      </trkpt>
      <trkpt lat="45.44918" lon="5.45704">
        <ele>518</ele>
        <time>2025-04-16T07:47:06+00:00</time>
      </trkpt>
      <trkpt lat="45.44912" lon="5.45703">
        <ele>518</ele>
        <time>2025-04-16T07:47:09+00:00</time>
      </trkpt>
      <trkpt lat="45.44907" lon="5.45701">
        <ele>518</ele>
        <time>2025-04-16T07:47:12+00:00</time>
      </trkpt>
      <trkpt lat="45.44899" lon="5.4569">
        <ele>519</ele>
        <time>2025-04-16T07:47:15+00:00</time>
      </trkpt>
      <trkpt lat="45.44895" lon="5.45679">
        <ele>518</ele>
        <time>2025-04-16T07:47:18+00:00</time>
      </trkpt>
      <trkpt lat="45.44895" lon="5.45678">
        <ele>518</ele>
        <time>2025-04-16T07:47:21+00:00</time>
      </trkpt>
      <trkpt lat="45.44891" lon="5.45653">
        <ele>520</ele>
        <time>2025-04-16T07:47:24+00:00</time>
      </trkpt>
      <trkpt lat="45.4489" lon="5.45625">
        <ele>519</ele>
        <time>2025-04-16T07:47:27+00:00</time>
      </trkpt>
      <trkpt lat="45.44886" lon="5.45599">
        <ele>518</ele>
        <time>2025-04-16T07:47:30+00:00</time>
      </trkpt>
      <trkpt lat="45.44883" lon="5.45574">
        <ele>518</ele>
        <time>2025-04-16T07:47:33+00:00</time>
      </trkpt>
      <trkpt lat="45.44879" lon="5.45557">
        <ele>517</ele>
        <time>2025-04-16T07:47:36+00:00</time>
      </trkpt>
      <trkpt lat="45.44879" lon="5.45557">
        <ele>517</ele>
        <time>2025-04-16T07:47:39+00:00</time>
      </trkpt>
      <trkpt lat="45.44876" lon="5.45548">
        <ele>517</ele>
        <time>2025-04-16T07:47:42+00:00</time>
      </trkpt>
      <trkpt lat="45.4487" lon="5.45531">
        <ele>515</ele>
        <time>2025-04-16T07:47:45+00:00</time>
      </trkpt>
      <trkpt lat="45.44863" lon="5.45515">
        <ele>517</ele>
        <time>2025-04-16T07:47:48+00:00</time>
      </trkpt>
      <trkpt lat="45.44862" lon="5.45512">
        <ele>514</ele>
        <time>2025-04-16T07:47:51+00:00</time>
      </trkpt>
      <trkpt lat="45.44859" lon="5.4553">
        <ele>516</ele>
        <time>2025-04-16T07:47:54+00:00</time>
      </trkpt>
      <trkpt lat="45.44856" lon="5.45543">
        <ele>517</ele>
        <time>2025-04-16T07:47:57+00:00</time>
      </trkpt>
      <trkpt lat="45.44855" lon="5.45549">
        <ele>517</ele>
        <time>2025-04-16T07:48:00+00:00</time>
      </trkpt>
      <trkpt lat="45.44847" lon="5.45575">
        <ele>519</ele>
        <time>2025-04-16T07:48:03+00:00</time>
      </trkpt>
      <trkpt lat="45.44837" lon="5.45604">
        <ele>522</ele>
        <time>2025-04-16T07:48:06+00:00</time>
      </trkpt>
      <trkpt lat="45.44824" lon="5.45639">
        <ele>526</ele>
        <time>2025-04-16T07:48:09+00:00</time>
      </trkpt>
      <trkpt lat="45.44807" lon="5.45684">
        <ele>534</ele>
        <time>2025-04-16T07:48:12+00:00</time>
      </trkpt>
      <trkpt lat="45.44791" lon="5.45724">
        <ele>540</ele>
        <time>2025-04-16T07:48:15+00:00</time>
      </trkpt>
      <trkpt lat="45.44777" lon="5.45758">
        <ele>548</ele>
        <time>2025-04-16T07:48:18+00:00</time>
      </trkpt>
      <trkpt lat="45.44771" lon="5.45779">
        <ele>552</ele>
        <time>2025-04-16T07:48:21+00:00</time>
      </trkpt>
      <trkpt lat="45.44767" lon="5.45794">
        <ele>555</ele>
        <time>2025-04-16T07:48:24+00:00</time>
      </trkpt>
      <trkpt lat="45.44767" lon="5.45804">
        <ele>557</ele>
        <time>2025-04-16T07:48:27+00:00</time>
      </trkpt>
      <trkpt lat="45.44769" lon="5.45819">
        <ele>558</ele>
        <time>2025-04-16T07:48:30+00:00</time>
      </trkpt>
      <trkpt lat="45.44769" lon="5.45819">
        <ele>558</ele>
        <time>2025-04-16T07:48:33+00:00</time>
      </trkpt>
      <trkpt lat="45.44772" lon="5.45827">
        <ele>560</ele>
        <time>2025-04-16T07:48:36+00:00</time>
      </trkpt>
      <trkpt lat="45.44771" lon="5.45832">
        <ele>561</ele>
        <time>2025-04-16T07:48:39+00:00</time>
      </trkpt>
      <trkpt lat="45.44779" lon="5.45838">
        <ele>561</ele>
        <time>2025-04-16T07:48:42+00:00</time>
      </trkpt>
      <trkpt lat="45.44795" lon="5.45849">
        <ele>564</ele>
        <time>2025-04-16T07:48:45+00:00</time>
      </trkpt>
      <trkpt lat="45.44811" lon="5.4586">
        <ele>568</ele>
        <time>2025-04-16T07:48:48+00:00</time>
      </trkpt>
      <trkpt lat="45.44818" lon="5.45867">
        <ele>568</ele>
        <time>2025-04-16T07:48:51+00:00</time>
      </trkpt>
      <trkpt lat="45.44824" lon="5.45872">
        <ele>568</ele>
        <time>2025-04-16T07:48:54+00:00</time>
      </trkpt>
      <trkpt lat="45.44835" lon="5.45884">
        <ele>569</ele>
        <time>2025-04-16T07:48:57+00:00</time>
      </trkpt>
      <trkpt lat="45.44849" lon="5.45902">
        <ele>570</ele>
        <time>2025-04-16T07:49:00+00:00</time>
      </trkpt>
      <trkpt lat="45.44857" lon="5.45916">
        <ele>570</ele>
        <time>2025-04-16T07:49:03+00:00</time>
      </trkpt>
      <trkpt lat="45.44864" lon="5.45934">
        <ele>569</ele>
        <time>2025-04-16T07:49:06+00:00</time>
      </trkpt>
      <trkpt lat="45.44868" lon="5.45951">
        <ele>570</ele>
        <time>2025-04-16T07:49:09+00:00</time>
      </trkpt>
      <trkpt lat="45.44872" lon="5.45964">
        <ele>568</ele>
        <time>2025-04-16T07:49:12+00:00</time>
      </trkpt>
      <trkpt lat="45.44878" lon="5.45982">
        <ele>569</ele>
        <time>2025-04-16T07:49:15+00:00</time>
      </trkpt>
      <trkpt lat="45.44887" lon="5.46007">
        <ele>569</ele>
        <time>2025-04-16T07:49:18+00:00</time>
      </trkpt>
      <trkpt lat="45.44895" lon="5.46028">
        <ele>565</ele>
        <time>2025-04-16T07:49:21+00:00</time>
      </trkpt>
      <trkpt lat="45.44901" lon="5.46043">
        <ele>565</ele>
        <time>2025-04-16T07:49:24+00:00</time>
      </trkpt>
      <trkpt lat="45.44905" lon="5.4605">
        <ele>565</ele>
        <time>2025-04-16T07:49:27+00:00</time>
      </trkpt>
      <trkpt lat="45.44912" lon="5.46057">
        <ele>564</ele>
        <time>2025-04-16T07:49:30+00:00</time>
      </trkpt>
      <trkpt lat="45.44925" lon="5.46066">
        <ele>563</ele>
        <time>2025-04-16T07:49:33+00:00</time>
      </trkpt>
      <trkpt lat="45.44933" lon="5.46071">
        <ele>562</ele>
        <time>2025-04-16T07:49:36+00:00</time>
      </trkpt>
      <trkpt lat="45.44938" lon="5.46075">
        <ele>562</ele>
        <time>2025-04-16T07:49:39+00:00</time>
      </trkpt>
      <trkpt lat="45.44938" lon="5.46075">
        <ele>562</ele>
        <time>2025-04-16T07:49:42+00:00</time>
      </trkpt>
      <trkpt lat="45.44941" lon="5.46082">
        <ele>564</ele>
        <time>2025-04-16T07:49:45+00:00</time>
      </trkpt>
      <trkpt lat="45.44945" lon="5.46095">
        <ele>562</ele>
        <time>2025-04-16T07:49:48+00:00</time>
      </trkpt>
      <trkpt lat="45.4495" lon="5.46126">
        <ele>566</ele>
        <time>2025-04-16T07:49:51+00:00</time>
      </trkpt>
      <trkpt lat="45.44956" lon="5.46163">
        <ele>569</ele>
        <time>2025-04-16T07:49:54+00:00</time>
      </trkpt>
      <trkpt lat="45.44962" lon="5.462">
        <ele>572</ele>
        <time>2025-04-16T07:49:57+00:00</time>
      </trkpt>
      <trkpt lat="45.44966" lon="5.4624">
        <ele>574</ele>
        <time>2025-04-16T07:50:00+00:00</time>
      </trkpt>
      <trkpt lat="45.44967" lon="5.46279">
        <ele>577</ele>
        <time>2025-04-16T07:50:03+00:00</time>
      </trkpt>
      <trkpt lat="45.4497" lon="5.46314">
        <ele>582</ele>
        <time>2025-04-16T07:50:06+00:00</time>
      </trkpt>
      <trkpt lat="45.44971" lon="5.4635">
        <ele>586</ele>
        <time>2025-04-16T07:50:09+00:00</time>
      </trkpt>
      <trkpt lat="45.44971" lon="5.46386">
        <ele>590</ele>
        <time>2025-04-16T07:50:12+00:00</time>
      </trkpt>
      <trkpt lat="45.44975" lon="5.46415">
        <ele>594</ele>
        <time>2025-04-16T07:50:15+00:00</time>
      </trkpt>
      <trkpt lat="45.4498" lon="5.46438">
        <ele>595</ele>
        <time>2025-04-16T07:50:18+00:00</time>
      </trkpt>
      <trkpt lat="45.44988" lon="5.46454">
        <ele>594</ele>
        <time>2025-04-16T07:50:21+00:00</time>
      </trkpt>
      <trkpt lat="45.45002" lon="5.46471">
        <ele>595</ele>
        <time>2025-04-16T07:50:24+00:00</time>
      </trkpt>
      <trkpt lat="45.45019" lon="5.46489">
        <ele>595</ele>
        <time>2025-04-16T07:50:27+00:00</time>
      </trkpt>
      <trkpt lat="45.45037" lon="5.46505">
        <ele>596</ele>
        <time>2025-04-16T07:50:30+00:00</time>
      </trkpt>
      <trkpt lat="45.45059" lon="5.4652">
        <ele>598</ele>
        <time>2025-04-16T07:50:33+00:00</time>
      </trkpt>
      <trkpt lat="45.45086" lon="5.4654">
        <ele>601</ele>
        <time>2025-04-16T07:50:36+00:00</time>
      </trkpt>
      <trkpt lat="45.45109" lon="5.46555">
        <ele>604</ele>
        <time>2025-04-16T07:50:39+00:00</time>
      </trkpt>
      <trkpt lat="45.4513" lon="5.46564">
        <ele>610</ele>
        <time>2025-04-16T07:50:42+00:00</time>
      </trkpt>
      <trkpt lat="45.45147" lon="5.46576">
        <ele>610</ele>
        <time>2025-04-16T07:50:45+00:00</time>
      </trkpt>
      <trkpt lat="45.45158" lon="5.46586">
        <ele>611</ele>
        <time>2025-04-16T07:50:48+00:00</time>
      </trkpt>
      <trkpt lat="45.4517" lon="5.46602">
        <ele>611</ele>
        <time>2025-04-16T07:50:51+00:00</time>
      </trkpt>
      <trkpt lat="45.45182" lon="5.46608">
        <ele>614</ele>
        <time>2025-04-16T07:50:54+00:00</time>
      </trkpt>
      <trkpt lat="45.45191" lon="5.46614">
        <ele>616</ele>
        <time>2025-04-16T07:50:57+00:00</time>
      </trkpt>
      <trkpt lat="45.452" lon="5.46622">
        <ele>616</ele>
        <time>2025-04-16T07:51:00+00:00</time>
      </trkpt>
      <trkpt lat="45.45211" lon="5.46632">
        <ele>616</ele>
        <time>2025-04-16T07:51:03+00:00</time>
      </trkpt>
      <trkpt lat="45.45226" lon="5.46645">
        <ele>616</ele>
        <time>2025-04-16T07:51:06+00:00</time>
      </trkpt>
      <trkpt lat="45.4524" lon="5.46661">
        <ele>616</ele>
        <time>2025-04-16T07:51:09+00:00</time>
      </trkpt>
      <trkpt lat="45.45257" lon="5.46683">
        <ele>617</ele>
        <time>2025-04-16T07:51:12+00:00</time>
      </trkpt>
      <trkpt lat="45.45274" lon="5.46699">
        <ele>617</ele>
        <time>2025-04-16T07:51:15+00:00</time>
      </trkpt>
      <trkpt lat="45.45292" lon="5.46718">
        <ele>617</ele>
        <time>2025-04-16T07:51:18+00:00</time>
      </trkpt>
      <trkpt lat="45.45307" lon="5.46738">
        <ele>618</ele>
        <time>2025-04-16T07:51:21+00:00</time>
      </trkpt>
      <trkpt lat="45.45319" lon="5.46754">
        <ele>618</ele>
        <time>2025-04-16T07:51:24+00:00</time>
      </trkpt>
      <trkpt lat="45.45328" lon="5.46766">
        <ele>618</ele>
        <time>2025-04-16T07:51:27+00:00</time>
      </trkpt>
      <trkpt lat="45.45336" lon="5.46775">
        <ele>618</ele>
        <time>2025-04-16T07:51:30+00:00</time>
      </trkpt>
      <trkpt lat="45.45343" lon="5.46781">
        <ele>618</ele>
        <time>2025-04-16T07:51:33+00:00</time>
      </trkpt>
      <trkpt lat="45.45353" lon="5.46785">
        <ele>618</ele>
        <time>2025-04-16T07:51:36+00:00</time>
      </trkpt>
      <trkpt lat="45.4537" lon="5.4679">
        <ele>616</ele>
        <time>2025-04-16T07:51:39+00:00</time>
      </trkpt>
      <trkpt lat="45.45383" lon="5.46793">
        <ele>615</ele>
        <time>2025-04-16T07:51:42+00:00</time>
      </trkpt>
      <trkpt lat="45.45395" lon="5.46799">
        <ele>614</ele>
        <time>2025-04-16T07:51:45+00:00</time>
      </trkpt>
      <trkpt lat="45.45404" lon="5.46804">
        <ele>613</ele>
        <time>2025-04-16T07:51:48+00:00</time>
      </trkpt>
      <trkpt lat="45.45415" lon="5.46812">
        <ele>613</ele>
        <time>2025-04-16T07:51:51+00:00</time>
      </trkpt>
      <trkpt lat="45.45421" lon="5.46819">
        <ele>615</ele>
        <time>2025-04-16T07:51:54+00:00</time>
      </trkpt>
      <trkpt lat="45.45425" lon="5.46824">
        <ele>614</ele>
        <time>2025-04-16T07:51:57+00:00</time>
      </trkpt>
      <trkpt lat="45.45428" lon="5.4683">
        <ele>615</ele>
        <time>2025-04-16T07:52:00+00:00</time>
      </trkpt>
      <trkpt lat="45.45424" lon="5.46834">
        <ele>615</ele>
        <time>2025-04-16T07:52:03+00:00</time>
      </trkpt>
      <trkpt lat="45.45413" lon="5.46843">
        <ele>617</ele>
        <time>2025-04-16T07:52:06+00:00</time>
      </trkpt>
      <trkpt lat="45.45406" lon="5.46851">
        <ele>620</ele>
        <time>2025-04-16T07:52:09+00:00</time>
      </trkpt>
      <trkpt lat="45.45401" lon="5.46864">
        <ele>621</ele>
        <time>2025-04-16T07:52:12+00:00</time>
      </trkpt>
      <trkpt lat="45.45397" lon="5.46879">
        <ele>624</ele>
        <time>2025-04-16T07:52:15+00:00</time>
      </trkpt>
      <trkpt lat="45.45395" lon="5.46899">
        <ele>629</ele>
        <time>2025-04-16T07:52:18+00:00</time>
      </trkpt>
      <trkpt lat="45.45395" lon="5.46921">
        <ele>634</ele>
        <time>2025-04-16T07:52:21+00:00</time>
      </trkpt>
      <trkpt lat="45.45396" lon="5.46938">
        <ele>636</ele>
        <time>2025-04-16T07:52:24+00:00</time>
      </trkpt>
      <trkpt lat="45.45398" lon="5.46964">
        <ele>643</ele>
        <time>2025-04-16T07:52:27+00:00</time>
      </trkpt>
      <trkpt lat="45.45398" lon="5.4698">
        <ele>645</ele>
        <time>2025-04-16T07:52:30+00:00</time>
      </trkpt>
      <trkpt lat="45.45396" lon="5.46996">
        <ele>648</ele>
        <time>2025-04-16T07:52:33+00:00</time>
      </trkpt>
      <trkpt lat="45.45391" lon="5.47015">
        <ele>653</ele>
        <time>2025-04-16T07:52:36+00:00</time>
      </trkpt>
      <trkpt lat="45.45387" lon="5.47036">
        <ele>659</ele>
        <time>2025-04-16T07:52:39+00:00</time>
      </trkpt>
      <trkpt lat="45.45388" lon="5.47053">
        <ele>662</ele>
        <time>2025-04-16T07:52:42+00:00</time>
      </trkpt>
      <trkpt lat="45.45391" lon="5.47068">
        <ele>665</ele>
        <time>2025-04-16T07:52:45+00:00</time>
      </trkpt>
      <trkpt lat="45.45394" lon="5.47081">
        <ele>668</ele>
        <time>2025-04-16T07:52:48+00:00</time>
      </trkpt>
      <trkpt lat="45.45398" lon="5.4709">
        <ele>670</ele>
        <time>2025-04-16T07:52:51+00:00</time>
      </trkpt>
      <trkpt lat="45.45402" lon="5.47106">
        <ele>671</ele>
        <time>2025-04-16T07:52:54+00:00</time>
      </trkpt>
      <trkpt lat="45.45403" lon="5.47116">
        <ele>672</ele>
        <time>2025-04-16T07:52:57+00:00</time>
      </trkpt>
      <trkpt lat="45.45403" lon="5.47129">
        <ele>675</ele>
        <time>2025-04-16T07:53:00+00:00</time>
      </trkpt>
      <trkpt lat="45.45398" lon="5.47145">
        <ele>680</ele>
        <time>2025-04-16T07:53:03+00:00</time>
      </trkpt>
      <trkpt lat="45.45394" lon="5.47168">
        <ele>682</ele>
        <time>2025-04-16T07:53:06+00:00</time>
      </trkpt>
      <trkpt lat="45.45394" lon="5.47194">
        <ele>687</ele>
        <time>2025-04-16T07:53:09+00:00</time>
      </trkpt>
      <trkpt lat="45.45398" lon="5.47208">
        <ele>688</ele>
        <time>2025-04-16T07:53:12+00:00</time>
      </trkpt>
      <trkpt lat="45.45402" lon="5.47223">
        <ele>688</ele>
        <time>2025-04-16T07:53:15+00:00</time>
      </trkpt>
      <trkpt lat="45.45406" lon="5.47239">
        <ele>689</ele>
        <time>2025-04-16T07:53:18+00:00</time>
      </trkpt>
      <trkpt lat="45.45407" lon="5.47249">
        <ele>691</ele>
        <time>2025-04-16T07:53:21+00:00</time>
      </trkpt>
      <trkpt lat="45.45407" lon="5.47278">
        <ele>693</ele>
        <time>2025-04-16T07:53:24+00:00</time>
      </trkpt>
      <trkpt lat="45.45411" lon="5.47288">
        <ele>693</ele>
        <time>2025-04-16T07:53:27+00:00</time>
      </trkpt>
      <trkpt lat="45.45416" lon="5.47296">
        <ele>694</ele>
        <time>2025-04-16T07:53:30+00:00</time>
      </trkpt>
      <trkpt lat="45.45424" lon="5.4731">
        <ele>694</ele>
        <time>2025-04-16T07:53:33+00:00</time>
      </trkpt>
      <trkpt lat="45.4543" lon="5.4732">
        <ele>694</ele>
        <time>2025-04-16T07:53:36+00:00</time>
      </trkpt>
      <trkpt lat="45.45436" lon="5.47336">
        <ele>694</ele>
        <time>2025-04-16T07:53:39+00:00</time>
      </trkpt>
      <trkpt lat="45.45439" lon="5.47345">
        <ele>696</ele>
        <time>2025-04-16T07:53:42+00:00</time>
      </trkpt>
      <trkpt lat="45.45446" lon="5.47357">
        <ele>694</ele>
        <time>2025-04-16T07:53:45+00:00</time>
      </trkpt>
      <trkpt lat="45.45453" lon="5.47361">
        <ele>694</ele>
        <time>2025-04-16T07:53:48+00:00</time>
      </trkpt>
      <trkpt lat="45.45462" lon="5.47364">
        <ele>693</ele>
        <time>2025-04-16T07:53:51+00:00</time>
      </trkpt>
      <trkpt lat="45.45472" lon="5.47365">
        <ele>691</ele>
        <time>2025-04-16T07:53:54+00:00</time>
      </trkpt>
      <trkpt lat="45.45481" lon="5.47369">
        <ele>690</ele>
        <time>2025-04-16T07:53:57+00:00</time>
      </trkpt>
      <trkpt lat="45.45481" lon="5.47369">
        <ele>690</ele>
        <time>2025-04-16T07:54:00+00:00</time>
      </trkpt>
      <trkpt lat="45.4549" lon="5.47377">
        <ele>691</ele>
        <time>2025-04-16T07:54:03+00:00</time>
      </trkpt>
      <trkpt lat="45.45497" lon="5.47384">
        <ele>690</ele>
        <time>2025-04-16T07:54:06+00:00</time>
      </trkpt>
      <trkpt lat="45.45505" lon="5.47392">
        <ele>690</ele>
        <time>2025-04-16T07:54:09+00:00</time>
      </trkpt>
      <trkpt lat="45.45516" lon="5.47406">
        <ele>689</ele>
        <time>2025-04-16T07:54:12+00:00</time>
      </trkpt>
      <trkpt lat="45.45528" lon="5.47421">
        <ele>690</ele>
        <time>2025-04-16T07:54:15+00:00</time>
      </trkpt>
      <trkpt lat="45.45535" lon="5.47432">
        <ele>690</ele>
        <time>2025-04-16T07:54:18+00:00</time>
      </trkpt>
      <trkpt lat="45.45539" lon="5.47445">
        <ele>690</ele>
        <time>2025-04-16T07:54:21+00:00</time>
      </trkpt>
      <trkpt lat="45.45544" lon="5.47457">
        <ele>690</ele>
        <time>2025-04-16T07:54:24+00:00</time>
      </trkpt>
      <trkpt lat="45.45558" lon="5.47485">
        <ele>691</ele>
        <time>2025-04-16T07:54:27+00:00</time>
      </trkpt>
      <trkpt lat="45.45573" lon="5.47514">
        <ele>692</ele>
        <time>2025-04-16T07:54:30+00:00</time>
      </trkpt>
      <trkpt lat="45.45585" lon="5.47546">
        <ele>694</ele>
        <time>2025-04-16T07:54:33+00:00</time>
      </trkpt>
      <trkpt lat="45.45595" lon="5.47572">
        <ele>696</ele>
        <time>2025-04-16T07:54:36+00:00</time>
      </trkpt>
      <trkpt lat="45.45603" lon="5.47594">
        <ele>697</ele>
        <time>2025-04-16T07:54:39+00:00</time>
      </trkpt>
      <trkpt lat="45.45608" lon="5.47614">
        <ele>700</ele>
        <time>2025-04-16T07:54:42+00:00</time>
      </trkpt>
      <trkpt lat="45.4561" lon="5.47635">
        <ele>702</ele>
        <time>2025-04-16T07:54:45+00:00</time>
      </trkpt>
      <trkpt lat="45.45609" lon="5.47638">
        <ele>702</ele>
        <time>2025-04-16T07:54:48+00:00</time>
      </trkpt>
      <trkpt lat="45.45607" lon="5.47647">
        <ele>703</ele>
        <time>2025-04-16T07:54:51+00:00</time>
      </trkpt>
      <trkpt lat="45.45605" lon="5.47655">
        <ele>703</ele>
        <time>2025-04-16T07:54:54+00:00</time>
      </trkpt>
      <trkpt lat="45.45605" lon="5.47664">
        <ele>704</ele>
        <time>2025-04-16T07:54:57+00:00</time>
      </trkpt>
      <trkpt lat="45.45607" lon="5.47674">
        <ele>705</ele>
        <time>2025-04-16T07:55:00+00:00</time>
      </trkpt>
      <trkpt lat="45.45607" lon="5.47681">
        <ele>705</ele>
        <time>2025-04-16T07:55:03+00:00</time>
      </trkpt>
      <trkpt lat="45.45604" lon="5.47692">
        <ele>706</ele>
        <time>2025-04-16T07:55:06+00:00</time>
      </trkpt>
      <trkpt lat="45.456" lon="5.47703">
        <ele>706</ele>
        <time>2025-04-16T07:55:09+00:00</time>
      </trkpt>
      <trkpt lat="45.45593" lon="5.47714">
        <ele>706</ele>
        <time>2025-04-16T07:55:12+00:00</time>
      </trkpt>
      <trkpt lat="45.45587" lon="5.47724">
        <ele>708</ele>
        <time>2025-04-16T07:55:15+00:00</time>
      </trkpt>
      <trkpt lat="45.45579" lon="5.47733">
        <ele>710</ele>
        <time>2025-04-16T07:55:18+00:00</time>
      </trkpt>
      <trkpt lat="45.45573" lon="5.47737">
        <ele>710</ele>
        <time>2025-04-16T07:55:21+00:00</time>
      </trkpt>
      <trkpt lat="45.4556" lon="5.47738">
        <ele>712</ele>
        <time>2025-04-16T07:55:24+00:00</time>
      </trkpt>
      <trkpt lat="45.45557" lon="5.47738">
        <ele>718</ele>
        <time>2025-04-16T07:55:27+00:00</time>
      </trkpt>
      <trkpt lat="45.45549" lon="5.47737">
        <ele>722</ele>
        <time>2025-04-16T07:55:30+00:00</time>
      </trkpt>
      <trkpt lat="45.45536" lon="5.47732">
        <ele>725</ele>
        <time>2025-04-16T07:55:33+00:00</time>
      </trkpt>
      <trkpt lat="45.45518" lon="5.4772">
        <ele>730</ele>
        <time>2025-04-16T07:55:36+00:00</time>
      </trkpt>
      <trkpt lat="45.45495" lon="5.47705">
        <ele>734</ele>
        <time>2025-04-16T07:55:39+00:00</time>
      </trkpt>
      <trkpt lat="45.45476" lon="5.47693">
        <ele>737</ele>
        <time>2025-04-16T07:55:42+00:00</time>
      </trkpt>
      <trkpt lat="45.45463" lon="5.47684">
        <ele>738</ele>
        <time>2025-04-16T07:55:45+00:00</time>
      </trkpt>
      <trkpt lat="45.45451" lon="5.47682">
        <ele>740</ele>
        <time>2025-04-16T07:55:48+00:00</time>
      </trkpt>
      <trkpt lat="45.45439" lon="5.47684">
        <ele>745</ele>
        <time>2025-04-16T07:55:51+00:00</time>
      </trkpt>
      <trkpt lat="45.45437" lon="5.47685">
        <ele>745</ele>
        <time>2025-04-16T07:55:54+00:00</time>
      </trkpt>
      <trkpt lat="45.45425" lon="5.4769">
        <ele>748</ele>
        <time>2025-04-16T07:55:57+00:00</time>
      </trkpt>
      <trkpt lat="45.45413" lon="5.47695">
        <ele>749</ele>
        <time>2025-04-16T07:56:00+00:00</time>
      </trkpt>
      <trkpt lat="45.45402" lon="5.47703">
        <ele>752</ele>
        <time>2025-04-16T07:56:03+00:00</time>
      </trkpt>
      <trkpt lat="45.45387" lon="5.47713">
        <ele>756</ele>
        <time>2025-04-16T07:56:06+00:00</time>
      </trkpt>
      <trkpt lat="45.45369" lon="5.47722">
        <ele>761</ele>
        <time>2025-04-16T07:56:09+00:00</time>
      </trkpt>
      <trkpt lat="45.45355" lon="5.47721">
        <ele>762</ele>
        <time>2025-04-16T07:56:12+00:00</time>
      </trkpt>
      <trkpt lat="45.45345" lon="5.47719">
        <ele>761</ele>
        <time>2025-04-16T07:56:15+00:00</time>
      </trkpt>
      <trkpt lat="45.45333" lon="5.47719">
        <ele>762</ele>
        <time>2025-04-16T07:56:18+00:00</time>
      </trkpt>
      <trkpt lat="45.45315" lon="5.47719">
        <ele>764</ele>
        <time>2025-04-16T07:56:21+00:00</time>
      </trkpt>
      <trkpt lat="45.45297" lon="5.4772">
        <ele>765</ele>
        <time>2025-04-16T07:56:24+00:00</time>
      </trkpt>
      <trkpt lat="45.45279" lon="5.47719">
        <ele>766</ele>
        <time>2025-04-16T07:56:27+00:00</time>
      </trkpt>
      <trkpt lat="45.45262" lon="5.47716">
        <ele>767</ele>
        <time>2025-04-16T07:56:30+00:00</time>
      </trkpt>
      <trkpt lat="45.45248" lon="5.4771">
        <ele>771</ele>
        <time>2025-04-16T07:56:33+00:00</time>
      </trkpt>
      <trkpt lat="45.45233" lon="5.47697">
        <ele>773</ele>
        <time>2025-04-16T07:56:36+00:00</time>
      </trkpt>
      <trkpt lat="45.4522" lon="5.47684">
        <ele>770</ele>
        <time>2025-04-16T07:56:39+00:00</time>
      </trkpt>
      <trkpt lat="45.45209" lon="5.47671">
        <ele>771</ele>
        <time>2025-04-16T07:56:42+00:00</time>
      </trkpt>
      <trkpt lat="45.45199" lon="5.47656">
        <ele>769</ele>
        <time>2025-04-16T07:56:45+00:00</time>
      </trkpt>
      <trkpt lat="45.45197" lon="5.47653">
        <ele>769</ele>
        <time>2025-04-16T07:56:48+00:00</time>
      </trkpt>
      <trkpt lat="45.4519" lon="5.47636">
        <ele>765</ele>
        <time>2025-04-16T07:56:51+00:00</time>
      </trkpt>
      <trkpt lat="45.45182" lon="5.47612">
        <ele>765</ele>
        <time>2025-04-16T07:56:54+00:00</time>
      </trkpt>
      <trkpt lat="45.45177" lon="5.47594">
        <ele>764</ele>
        <time>2025-04-16T07:56:57+00:00</time>
      </trkpt>
      <trkpt lat="45.45172" lon="5.47577">
        <ele>763</ele>
        <time>2025-04-16T07:57:00+00:00</time>
      </trkpt>
      <trkpt lat="45.45164" lon="5.47558">
        <ele>763</ele>
        <time>2025-04-16T07:57:03+00:00</time>
      </trkpt>
      <trkpt lat="45.45154" lon="5.47535">
        <ele>762</ele>
        <time>2025-04-16T07:57:06+00:00</time>
      </trkpt>
      <trkpt lat="45.45142" lon="5.47514">
        <ele>762</ele>
        <time>2025-04-16T07:57:09+00:00</time>
      </trkpt>
      <trkpt lat="45.45133" lon="5.47503">
        <ele>762</ele>
        <time>2025-04-16T07:57:12+00:00</time>
      </trkpt>
      <trkpt lat="45.45121" lon="5.47491">
        <ele>761</ele>
        <time>2025-04-16T07:57:15+00:00</time>
      </trkpt>
      <trkpt lat="45.45107" lon="5.4748">
        <ele>760</ele>
        <time>2025-04-16T07:57:18+00:00</time>
      </trkpt>
      <trkpt lat="45.45092" lon="5.47469">
        <ele>759</ele>
        <time>2025-04-16T07:57:21+00:00</time>
      </trkpt>
      <trkpt lat="45.45074" lon="5.47457">
        <ele>756</ele>
        <time>2025-04-16T07:57:24+00:00</time>
      </trkpt>
      <trkpt lat="45.4505" lon="5.47448">
        <ele>751</ele>
        <time>2025-04-16T07:57:27+00:00</time>
      </trkpt>
      <trkpt lat="45.45044" lon="5.47446">
        <ele>751</ele>
        <time>2025-04-16T07:57:30+00:00</time>
      </trkpt>
      <trkpt lat="45.45043" lon="5.47444">
        <ele>751</ele>
        <time>2025-04-16T07:57:33+00:00</time>
      </trkpt>
      <trkpt lat="45.45042" lon="5.47443">
        <ele>751</ele>
        <time>2025-04-16T07:57:36+00:00</time>
      </trkpt>
      <trkpt lat="45.45021" lon="5.47435">
        <ele>749</ele>
        <time>2025-04-16T07:57:39+00:00</time>
      </trkpt>
      <trkpt lat="45.45004" lon="5.47415">
        <ele>747</ele>
        <time>2025-04-16T07:57:42+00:00</time>
      </trkpt>
      <trkpt lat="45.44981" lon="5.4738">
        <ele>746</ele>
        <time>2025-04-16T07:57:45+00:00</time>
      </trkpt>
      <trkpt lat="45.44962" lon="5.47351">
        <ele>746</ele>
        <time>2025-04-16T07:57:48+00:00</time>
      </trkpt>
      <trkpt lat="45.44947" lon="5.47329">
        <ele>746</ele>
        <time>2025-04-16T07:57:51+00:00</time>
      </trkpt>
      <trkpt lat="45.4493" lon="5.47308">
        <ele>746</ele>
        <time>2025-04-16T07:57:54+00:00</time>
      </trkpt>
      <trkpt lat="45.44918" lon="5.47282">
        <ele>745</ele>
        <time>2025-04-16T07:57:57+00:00</time>
      </trkpt>
      <trkpt lat="45.4491" lon="5.47262">
        <ele>746</ele>
        <time>2025-04-16T07:58:00+00:00</time>
      </trkpt>
      <trkpt lat="45.44902" lon="5.47245">
        <ele>745</ele>
        <time>2025-04-16T07:58:03+00:00</time>
      </trkpt>
      <trkpt lat="45.44894" lon="5.47236">
        <ele>745</ele>
        <time>2025-04-16T07:58:06+00:00</time>
      </trkpt>
      <trkpt lat="45.44878" lon="5.47221">
        <ele>744</ele>
        <time>2025-04-16T07:58:09+00:00</time>
      </trkpt>
      <trkpt lat="45.44854" lon="5.47199">
        <ele>743</ele>
        <time>2025-04-16T07:58:12+00:00</time>
      </trkpt>
      <trkpt lat="45.44834" lon="5.47178">
        <ele>741</ele>
        <time>2025-04-16T07:58:15+00:00</time>
      </trkpt>
      <trkpt lat="45.44813" lon="5.47156">
        <ele>739</ele>
        <time>2025-04-16T07:58:18+00:00</time>
      </trkpt>
      <trkpt lat="45.4479" lon="5.4715">
        <ele>739</ele>
        <time>2025-04-16T07:58:21+00:00</time>
      </trkpt>
      <trkpt lat="45.44774" lon="5.47138">
        <ele>738</ele>
        <time>2025-04-16T07:58:24+00:00</time>
      </trkpt>
      <trkpt lat="45.44753" lon="5.47138">
        <ele>739</ele>
        <time>2025-04-16T07:58:27+00:00</time>
      </trkpt>
      <trkpt lat="45.44726" lon="5.47135">
        <ele>739</ele>
        <time>2025-04-16T07:58:30+00:00</time>
      </trkpt>
      <trkpt lat="45.44697" lon="5.47121">
        <ele>738</ele>
        <time>2025-04-16T07:58:33+00:00</time>
      </trkpt>
      <trkpt lat="45.44673" lon="5.471">
        <ele>735</ele>
        <time>2025-04-16T07:58:36+00:00</time>
      </trkpt>
      <trkpt lat="45.44636" lon="5.47068">
        <ele>733</ele>
        <time>2025-04-16T07:58:39+00:00</time>
      </trkpt>
      <trkpt lat="45.44599" lon="5.47041">
        <ele>730</ele>
        <time>2025-04-16T07:58:42+00:00</time>
      </trkpt>
      <trkpt lat="45.44592" lon="5.47037">
        <ele>730</ele>
        <time>2025-04-16T07:58:45+00:00</time>
      </trkpt>
      <trkpt lat="45.44571" lon="5.47021">
        <ele>728</ele>
        <time>2025-04-16T07:58:48+00:00</time>
      </trkpt>
      <trkpt lat="45.44544" lon="5.47002">
        <ele>725</ele>
        <time>2025-04-16T07:58:51+00:00</time>
      </trkpt>
      <trkpt lat="45.44515" lon="5.46975">
        <ele>719</ele>
        <time>2025-04-16T07:58:54+00:00</time>
      </trkpt>
      <trkpt lat="45.44496" lon="5.46952">
        <ele>715</ele>
        <time>2025-04-16T07:58:57+00:00</time>
      </trkpt>
      <trkpt lat="45.4449" lon="5.4694">
        <ele>713</ele>
        <time>2025-04-16T07:59:00+00:00</time>
      </trkpt>
      <trkpt lat="45.44481" lon="5.46925">
        <ele>710</ele>
        <time>2025-04-16T07:59:03+00:00</time>
      </trkpt>
      <trkpt lat="45.44472" lon="5.46912">
        <ele>707</ele>
        <time>2025-04-16T07:59:06+00:00</time>
      </trkpt>
      <trkpt lat="45.44465" lon="5.46901">
        <ele>702</ele>
        <time>2025-04-16T07:59:09+00:00</time>
      </trkpt>
      <trkpt lat="45.44458" lon="5.46888">
        <ele>698</ele>
        <time>2025-04-16T07:59:12+00:00</time>
      </trkpt>
      <trkpt lat="45.44459" lon="5.46888">
        <ele>698</ele>
        <time>2025-04-16T07:59:15+00:00</time>
      </trkpt>
      <trkpt lat="45.44465" lon="5.46882">
        <ele>701</ele>
        <time>2025-04-16T07:59:18+00:00</time>
      </trkpt>
      <trkpt lat="45.44468" lon="5.46875">
        <ele>700</ele>
        <time>2025-04-16T07:59:21+00:00</time>
      </trkpt>
      <trkpt lat="45.44468" lon="5.46863">
        <ele>699</ele>
        <time>2025-04-16T07:59:24+00:00</time>
      </trkpt>
      <trkpt lat="45.44466" lon="5.46854">
        <ele>700</ele>
        <time>2025-04-16T07:59:27+00:00</time>
      </trkpt>
      <trkpt lat="45.4447" lon="5.46835">
        <ele>698</ele>
        <time>2025-04-16T07:59:30+00:00</time>
      </trkpt>
      <trkpt lat="45.44473" lon="5.46816">
        <ele>700</ele>
        <time>2025-04-16T07:59:33+00:00</time>
      </trkpt>
      <trkpt lat="45.44478" lon="5.46796">
        <ele>699</ele>
        <time>2025-04-16T07:59:36+00:00</time>
      </trkpt>
      <trkpt lat="45.44481" lon="5.4678">
        <ele>699</ele>
        <time>2025-04-16T07:59:39+00:00</time>
      </trkpt>
      <trkpt lat="45.44489" lon="5.46762">
        <ele>698</ele>
        <time>2025-04-16T07:59:42+00:00</time>
      </trkpt>
      <trkpt lat="45.44498" lon="5.46742">
        <ele>696</ele>
        <time>2025-04-16T07:59:45+00:00</time>
      </trkpt>
      <trkpt lat="45.44508" lon="5.46725">
        <ele>694</ele>
        <time>2025-04-16T07:59:48+00:00</time>
      </trkpt>
      <trkpt lat="45.44512" lon="5.4671">
        <ele>692</ele>
        <time>2025-04-16T07:59:51+00:00</time>
      </trkpt>
      <trkpt lat="45.44517" lon="5.46689">
        <ele>688</ele>
        <time>2025-04-16T07:59:54+00:00</time>
      </trkpt>
      <trkpt lat="45.4452" lon="5.46663">
        <ele>686</ele>
        <time>2025-04-16T07:59:57+00:00</time>
      </trkpt>
      <trkpt lat="45.44516" lon="5.4666">
        <ele>685</ele>
        <time>2025-04-16T08:00:00+00:00</time>
      </trkpt>
      <trkpt lat="45.44502" lon="5.46649">
        <ele>686</ele>
        <time>2025-04-16T08:00:03+00:00</time>
      </trkpt>
      <trkpt lat="45.44488" lon="5.46642">
        <ele>688</ele>
        <time>2025-04-16T08:00:06+00:00</time>
      </trkpt>
      <trkpt lat="45.44476" lon="5.46637">
        <ele>689</ele>
        <time>2025-04-16T08:00:09+00:00</time>
      </trkpt>
      <trkpt lat="45.44466" lon="5.46632">
        <ele>692</ele>
        <time>2025-04-16T08:00:12+00:00</time>
      </trkpt>
      <trkpt lat="45.44456" lon="5.46627">
        <ele>693</ele>
        <time>2025-04-16T08:00:15+00:00</time>
      </trkpt>
      <trkpt lat="45.44441" lon="5.46621">
        <ele>694</ele>
        <time>2025-04-16T08:00:18+00:00</time>
      </trkpt>
      <trkpt lat="45.44424" lon="5.46615">
        <ele>697</ele>
        <time>2025-04-16T08:00:21+00:00</time>
      </trkpt>
      <trkpt lat="45.44404" lon="5.46607">
        <ele>702</ele>
        <time>2025-04-16T08:00:24+00:00</time>
      </trkpt>
      <trkpt lat="45.44396" lon="5.46602">
        <ele>704</ele>
        <time>2025-04-16T08:00:27+00:00</time>
      </trkpt>
      <trkpt lat="45.44374" lon="5.46588">
        <ele>706</ele>
        <time>2025-04-16T08:00:30+00:00</time>
      </trkpt>
      <trkpt lat="45.44354" lon="5.46574">
        <ele>709</ele>
        <time>2025-04-16T08:00:33+00:00</time>
      </trkpt>
      <trkpt lat="45.44339" lon="5.46563">
        <ele>712</ele>
        <time>2025-04-16T08:00:36+00:00</time>
      </trkpt>
      <trkpt lat="45.44327" lon="5.46556">
        <ele>712</ele>
        <time>2025-04-16T08:00:39+00:00</time>
      </trkpt>
      <trkpt lat="45.4432" lon="5.46552">
        <ele>712</ele>
        <time>2025-04-16T08:00:42+00:00</time>
      </trkpt>
      <trkpt lat="45.44314" lon="5.46553">
        <ele>712</ele>
        <time>2025-04-16T08:00:45+00:00</time>
      </trkpt>
      <trkpt lat="45.44299" lon="5.4656">
        <ele>714</ele>
        <time>2025-04-16T08:00:48+00:00</time>
      </trkpt>
      <trkpt lat="45.44283" lon="5.46573">
        <ele>718</ele>
        <time>2025-04-16T08:00:51+00:00</time>
      </trkpt>
      <trkpt lat="45.44262" lon="5.46589">
        <ele>719</ele>
        <time>2025-04-16T08:00:54+00:00</time>
      </trkpt>
      <trkpt lat="45.44251" lon="5.46597">
        <ele>719</ele>
        <time>2025-04-16T08:00:57+00:00</time>
      </trkpt>
      <trkpt lat="45.44247" lon="5.46599">
        <ele>720</ele>
        <time>2025-04-16T08:01:00+00:00</time>
      </trkpt>
      <trkpt lat="45.44239" lon="5.46606">
        <ele>720</ele>
        <time>2025-04-16T08:01:03+00:00</time>
      </trkpt>
      <trkpt lat="45.44227" lon="5.46615">
        <ele>721</ele>
        <time>2025-04-16T08:01:06+00:00</time>
      </trkpt>
      <trkpt lat="45.44215" lon="5.46623">
        <ele>721</ele>
        <time>2025-04-16T08:01:09+00:00</time>
      </trkpt>
      <trkpt lat="45.44208" lon="5.46624">
        <ele>722</ele>
        <time>2025-04-16T08:01:12+00:00</time>
      </trkpt>
      <trkpt lat="45.44198" lon="5.46623">
        <ele>722</ele>
        <time>2025-04-16T08:01:15+00:00</time>
      </trkpt>
      <trkpt lat="45.44192" lon="5.46619">
        <ele>722</ele>
        <time>2025-04-16T08:01:18+00:00</time>
      </trkpt>
      <trkpt lat="45.44184" lon="5.46618">
        <ele>722</ele>
        <time>2025-04-16T08:01:21+00:00</time>
      </trkpt>
      <trkpt lat="45.44171" lon="5.46617">
        <ele>722</ele>
        <time>2025-04-16T08:01:24+00:00</time>
      </trkpt>
      <trkpt lat="45.44161" lon="5.46616">
        <ele>722</ele>
        <time>2025-04-16T08:01:27+00:00</time>
      </trkpt>
      <trkpt lat="45.44145" lon="5.46606">
        <ele>722</ele>
        <time>2025-04-16T08:01:30+00:00</time>
      </trkpt>
      <trkpt lat="45.44128" lon="5.466">
        <ele>723</ele>
        <time>2025-04-16T08:01:33+00:00</time>
      </trkpt>
      <trkpt lat="45.441" lon="5.46594">
        <ele>724</ele>
        <time>2025-04-16T08:01:36+00:00</time>
      </trkpt>
      <trkpt lat="45.44084" lon="5.46591">
        <ele>726</ele>
        <time>2025-04-16T08:01:39+00:00</time>
      </trkpt>
      <trkpt lat="45.4407" lon="5.46584">
        <ele>728</ele>
        <time>2025-04-16T08:01:42+00:00</time>
      </trkpt>
      <trkpt lat="45.44069" lon="5.46583">
        <ele>730</ele>
        <time>2025-04-16T08:01:45+00:00</time>
      </trkpt>
      <trkpt lat="45.44064" lon="5.46578">
        <ele>730</ele>
        <time>2025-04-16T08:01:48+00:00</time>
      </trkpt>
      <trkpt lat="45.44058" lon="5.46571">
        <ele>731</ele>
        <time>2025-04-16T08:01:51+00:00</time>
      </trkpt>
      <trkpt lat="45.44049" lon="5.46561">
        <ele>732</ele>
        <time>2025-04-16T08:01:54+00:00</time>
      </trkpt>
      <trkpt lat="45.44044" lon="5.46553">
        <ele>732</ele>
        <time>2025-04-16T08:01:57+00:00</time>
      </trkpt>
      <trkpt lat="45.44039" lon="5.46549">
        <ele>734</ele>
        <time>2025-04-16T08:02:00+00:00</time>
      </trkpt>
      <trkpt lat="45.44033" lon="5.46543">
        <ele>734</ele>
        <time>2025-04-16T08:02:03+00:00</time>
      </trkpt>
      <trkpt lat="45.4403" lon="5.46538">
        <ele>735</ele>
        <time>2025-04-16T08:02:06+00:00</time>
      </trkpt>
      <trkpt lat="45.44025" lon="5.46534">
        <ele>735</ele>
        <time>2025-04-16T08:02:09+00:00</time>
      </trkpt>
      <trkpt lat="45.4402" lon="5.46527">
        <ele>736</ele>
        <time>2025-04-16T08:02:12+00:00</time>
      </trkpt>
      <trkpt lat="45.4401" lon="5.46511">
        <ele>734</ele>
        <time>2025-04-16T08:02:15+00:00</time>
      </trkpt>
      <trkpt lat="45.44" lon="5.46495">
        <ele>734</ele>
        <time>2025-04-16T08:02:18+00:00</time>
      </trkpt>
      <trkpt lat="45.43978" lon="5.46458">
        <ele>734</ele>
        <time>2025-04-16T08:02:21+00:00</time>
      </trkpt>
      <trkpt lat="45.43959" lon="5.46436">
        <ele>734</ele>
        <time>2025-04-16T08:02:24+00:00</time>
      </trkpt>
      <trkpt lat="45.4394" lon="5.46412">
        <ele>733</ele>
        <time>2025-04-16T08:02:27+00:00</time>
      </trkpt>
      <trkpt lat="45.43926" lon="5.46385">
        <ele>730</ele>
        <time>2025-04-16T08:02:30+00:00</time>
      </trkpt>
      <trkpt lat="45.43911" lon="5.46358">
        <ele>727</ele>
        <time>2025-04-16T08:02:33+00:00</time>
      </trkpt>
      <trkpt lat="45.439" lon="5.46334">
        <ele>724</ele>
        <time>2025-04-16T08:02:36+00:00</time>
      </trkpt>
      <trkpt lat="45.43886" lon="5.46295">
        <ele>724</ele>
        <time>2025-04-16T08:02:39+00:00</time>
      </trkpt>
      <trkpt lat="45.43874" lon="5.46244">
        <ele>725</ele>
        <time>2025-04-16T08:02:42+00:00</time>
      </trkpt>
      <trkpt lat="45.43878" lon="5.46217">
        <ele>729</ele>
        <time>2025-04-16T08:02:45+00:00</time>
      </trkpt>
      <trkpt lat="45.43891" lon="5.4621">
        <ele>724</ele>
        <time>2025-04-16T08:02:48+00:00</time>
      </trkpt>
      <trkpt lat="45.43914" lon="5.46199">
        <ele>723</ele>
        <time>2025-04-16T08:02:51+00:00</time>
      </trkpt>
      <trkpt lat="45.43926" lon="5.46179">
        <ele>717</ele>
        <time>2025-04-16T08:02:54+00:00</time>
      </trkpt>
      <trkpt lat="45.43934" lon="5.46172">
        <ele>715</ele>
        <time>2025-04-16T08:02:57+00:00</time>
      </trkpt>
      <trkpt lat="45.43956" lon="5.4616">
        <ele>708</ele>
        <time>2025-04-16T08:03:00+00:00</time>
      </trkpt>
      <trkpt lat="45.43975" lon="5.46143">
        <ele>702</ele>
        <time>2025-04-16T08:03:03+00:00</time>
      </trkpt>
      <trkpt lat="45.43997" lon="5.46126">
        <ele>695</ele>
        <time>2025-04-16T08:03:06+00:00</time>
      </trkpt>
      <trkpt lat="45.44022" lon="5.46108">
        <ele>690</ele>
        <time>2025-04-16T08:03:09+00:00</time>
      </trkpt>
      <trkpt lat="45.44058" lon="5.46066">
        <ele>683</ele>
        <time>2025-04-16T08:03:12+00:00</time>
      </trkpt>
      <trkpt lat="45.44079" lon="5.46045">
        <ele>678</ele>
        <time>2025-04-16T08:03:15+00:00</time>
      </trkpt>
      <trkpt lat="45.44104" lon="5.4602">
        <ele>666</ele>
        <time>2025-04-16T08:03:18+00:00</time>
      </trkpt>
      <trkpt lat="45.44124" lon="5.46008">
        <ele>661</ele>
        <time>2025-04-16T08:03:21+00:00</time>
      </trkpt>
      <trkpt lat="45.44158" lon="5.45993">
        <ele>654</ele>
        <time>2025-04-16T08:03:24+00:00</time>
      </trkpt>
      <trkpt lat="45.4417" lon="5.45987">
        <ele>649</ele>
        <time>2025-04-16T08:03:27+00:00</time>
      </trkpt>
      <trkpt lat="45.4417" lon="5.45986">
        <ele>649</ele>
        <time>2025-04-16T08:03:30+00:00</time>
      </trkpt>
      <trkpt lat="45.44176" lon="5.45975">
        <ele>647</ele>
        <time>2025-04-16T08:03:33+00:00</time>
      </trkpt>
      <trkpt lat="45.44166" lon="5.45944">
        <ele>646</ele>
        <time>2025-04-16T08:03:36+00:00</time>
      </trkpt>
      <trkpt lat="45.44156" lon="5.45913">
        <ele>643</ele>
        <time>2025-04-16T08:03:39+00:00</time>
      </trkpt>
      <trkpt lat="45.44143" lon="5.45889">
        <ele>634</ele>
        <time>2025-04-16T08:03:42+00:00</time>
      </trkpt>
      <trkpt lat="45.44142" lon="5.45882">
        <ele>634</ele>
        <time>2025-04-16T08:03:45+00:00</time>
      </trkpt>
      <trkpt lat="45.44142" lon="5.45829">
        <ele>612</ele>
        <time>2025-04-16T08:03:48+00:00</time>
      </trkpt>
      <trkpt lat="45.44145" lon="5.45803">
        <ele>606</ele>
        <time>2025-04-16T08:03:51+00:00</time>
      </trkpt>
      <trkpt lat="45.44144" lon="5.45801">
        <ele>606</ele>
        <time>2025-04-16T08:03:54+00:00</time>
      </trkpt>
      <trkpt lat="45.44141" lon="5.45795">
        <ele>604</ele>
        <time>2025-04-16T08:03:57+00:00</time>
      </trkpt>
      <trkpt lat="45.44134" lon="5.45789">
        <ele>600</ele>
        <time>2025-04-16T08:04:00+00:00</time>
      </trkpt>
      <trkpt lat="45.44122" lon="5.45787">
        <ele>607</ele>
        <time>2025-04-16T08:04:03+00:00</time>
      </trkpt>
      <trkpt lat="45.44089" lon="5.4579">
        <ele>608</ele>
        <time>2025-04-16T08:04:06+00:00</time>
      </trkpt>
      <trkpt lat="45.44073" lon="5.45797">
        <ele>615</ele>
        <time>2025-04-16T08:04:09+00:00</time>
      </trkpt>
      <trkpt lat="45.44057" lon="5.45795">
        <ele>617</ele>
        <time>2025-04-16T08:04:12+00:00</time>
      </trkpt>
      <trkpt lat="45.44039" lon="5.45792">
        <ele>619</ele>
        <time>2025-04-16T08:04:15+00:00</time>
      </trkpt>
      <trkpt lat="45.44024" lon="5.45797">
        <ele>620</ele>
        <time>2025-04-16T08:04:18+00:00</time>
      </trkpt>
      <trkpt lat="45.44014" lon="5.45808">
        <ele>624</ele>
        <time>2025-04-16T08:04:21+00:00</time>
      </trkpt>
      <trkpt lat="45.43998" lon="5.45833">
        <ele>633</ele>
        <time>2025-04-16T08:04:24+00:00</time>
      </trkpt>
      <trkpt lat="45.43998" lon="5.45833">
        <ele>633</ele>
        <time>2025-04-16T08:04:27+00:00</time>
      </trkpt>
      <trkpt lat="45.43991" lon="5.45847">
        <ele>636</ele>
        <time>2025-04-16T08:04:30+00:00</time>
      </trkpt>
      <trkpt lat="45.43983" lon="5.45853">
        <ele>642</ele>
        <time>2025-04-16T08:04:33+00:00</time>
      </trkpt>
      <trkpt lat="45.43974" lon="5.45863">
        <ele>645</ele>
        <time>2025-04-16T08:04:36+00:00</time>
      </trkpt>
      <trkpt lat="45.43963" lon="5.4586">
        <ele>640</ele>
        <time>2025-04-16T08:04:39+00:00</time>
      </trkpt>
      <trkpt lat="45.43954" lon="5.45854">
        <ele>645</ele>
        <time>2025-04-16T08:04:42+00:00</time>
      </trkpt>
      <trkpt lat="45.43948" lon="5.45835">
        <ele>638</ele>
        <time>2025-04-16T08:04:45+00:00</time>
      </trkpt>
      <trkpt lat="45.43936" lon="5.45821">
        <ele>637</ele>
        <time>2025-04-16T08:04:48+00:00</time>
      </trkpt>
      <trkpt lat="45.43914" lon="5.45807">
        <ele>633</ele>
        <time>2025-04-16T08:04:51+00:00</time>
      </trkpt>
      <trkpt lat="45.43899" lon="5.45796">
        <ele>631</ele>
        <time>2025-04-16T08:04:54+00:00</time>
      </trkpt>
      <trkpt lat="45.43887" lon="5.45787">
        <ele>630</ele>
        <time>2025-04-16T08:04:57+00:00</time>
      </trkpt>
      <trkpt lat="45.43878" lon="5.45779">
        <ele>625</ele>
        <time>2025-04-16T08:05:00+00:00</time>
      </trkpt>
      <trkpt lat="45.43872" lon="5.45775">
        <ele>625</ele>
        <time>2025-04-16T08:05:03+00:00</time>
      </trkpt>
      <trkpt lat="45.43855" lon="5.45775">
        <ele>627</ele>
        <time>2025-04-16T08:05:06+00:00</time>
      </trkpt>
      <trkpt lat="45.43856" lon="5.45777">
        <ele>627</ele>
        <time>2025-04-16T08:05:09+00:00</time>
      </trkpt>
      <trkpt lat="45.43855" lon="5.45775">
        <ele>627</ele>
        <time>2025-04-16T08:05:12+00:00</time>
      </trkpt>
      <trkpt lat="45.43844" lon="5.45766">
        <ele>625</ele>
        <time>2025-04-16T08:05:15+00:00</time>
      </trkpt>
      <trkpt lat="45.43835" lon="5.45755">
        <ele>623</ele>
        <time>2025-04-16T08:05:18+00:00</time>
      </trkpt>
      <trkpt lat="45.43819" lon="5.45731">
        <ele>619</ele>
        <time>2025-04-16T08:05:21+00:00</time>
      </trkpt>
      <trkpt lat="45.43816" lon="5.45725">
        <ele>614</ele>
        <time>2025-04-16T08:05:24+00:00</time>
      </trkpt>
      <trkpt lat="45.43808" lon="5.45709">
        <ele>609</ele>
        <time>2025-04-16T08:05:27+00:00</time>
      </trkpt>
      <trkpt lat="45.43794" lon="5.45692">
        <ele>607</ele>
        <time>2025-04-16T08:05:30+00:00</time>
      </trkpt>
      <trkpt lat="45.43788" lon="5.45686">
        <ele>604</ele>
        <time>2025-04-16T08:05:33+00:00</time>
      </trkpt>
      <trkpt lat="45.43776" lon="5.45676">
        <ele>601</ele>
        <time>2025-04-16T08:05:36+00:00</time>
      </trkpt>
      <trkpt lat="45.4376" lon="5.45669">
        <ele>595</ele>
        <time>2025-04-16T08:05:39+00:00</time>
      </trkpt>
      <trkpt lat="45.43754" lon="5.45668">
        <ele>595</ele>
        <time>2025-04-16T08:05:42+00:00</time>
      </trkpt>
      <trkpt lat="45.43748" lon="5.45666">
        <ele>594</ele>
        <time>2025-04-16T08:05:45+00:00</time>
      </trkpt>
      <trkpt lat="45.43737" lon="5.45658">
        <ele>591</ele>
        <time>2025-04-16T08:05:48+00:00</time>
      </trkpt>
      <trkpt lat="45.43715" lon="5.45639">
        <ele>585</ele>
        <time>2025-04-16T08:05:51+00:00</time>
      </trkpt>
      <trkpt lat="45.43698" lon="5.45629">
        <ele>582</ele>
        <time>2025-04-16T08:05:54+00:00</time>
      </trkpt>
      <trkpt lat="45.43686" lon="5.45622">
        <ele>582</ele>
        <time>2025-04-16T08:05:57+00:00</time>
      </trkpt>
      <trkpt lat="45.43679" lon="5.45614">
        <ele>580</ele>
        <time>2025-04-16T08:06:00+00:00</time>
      </trkpt>
      <trkpt lat="45.43672" lon="5.45605">
        <ele>578</ele>
        <time>2025-04-16T08:06:03+00:00</time>
      </trkpt>
      <trkpt lat="45.43671" lon="5.45607">
        <ele>578</ele>
        <time>2025-04-16T08:06:06+00:00</time>
      </trkpt>
      <trkpt lat="45.43672" lon="5.45605">
        <ele>578</ele>
        <time>2025-04-16T08:06:09+00:00</time>
      </trkpt>
      <trkpt lat="45.43679" lon="5.456">
        <ele>574</ele>
        <time>2025-04-16T08:06:12+00:00</time>
      </trkpt>
      <trkpt lat="45.4369" lon="5.45592">
        <ele>574</ele>
        <time>2025-04-16T08:06:15+00:00</time>
      </trkpt>
      <trkpt lat="45.43701" lon="5.45587">
        <ele>572</ele>
        <time>2025-04-16T08:06:18+00:00</time>
      </trkpt>
      <trkpt lat="45.43714" lon="5.45584">
        <ele>572</ele>
        <time>2025-04-16T08:06:21+00:00</time>
      </trkpt>
      <trkpt lat="45.43729" lon="5.45583">
        <ele>572</ele>
        <time>2025-04-16T08:06:24+00:00</time>
      </trkpt>
      <trkpt lat="45.43741" lon="5.45582">
        <ele>572</ele>
        <time>2025-04-16T08:06:27+00:00</time>
      </trkpt>
      <trkpt lat="45.4375" lon="5.45577">
        <ele>570</ele>
        <time>2025-04-16T08:06:30+00:00</time>
      </trkpt>
      <trkpt lat="45.43763" lon="5.45568">
        <ele>567</ele>
        <time>2025-04-16T08:06:33+00:00</time>
      </trkpt>
      <trkpt lat="45.43781" lon="5.45552">
        <ele>564</ele>
        <time>2025-04-16T08:06:36+00:00</time>
      </trkpt>
      <trkpt lat="45.43791" lon="5.45542">
        <ele>561</ele>
        <time>2025-04-16T08:06:39+00:00</time>
      </trkpt>
      <trkpt lat="45.438" lon="5.45535">
        <ele>558</ele>
        <time>2025-04-16T08:06:42+00:00</time>
      </trkpt>
      <trkpt lat="45.43808" lon="5.45529">
        <ele>554</ele>
        <time>2025-04-16T08:06:45+00:00</time>
      </trkpt>
      <trkpt lat="45.43814" lon="5.45527">
        <ele>553</ele>
        <time>2025-04-16T08:06:48+00:00</time>
      </trkpt>
      <trkpt lat="45.43819" lon="5.45527">
        <ele>553</ele>
        <time>2025-04-16T08:06:51+00:00</time>
      </trkpt>
      <trkpt lat="45.43824" lon="5.45526">
        <ele>552</ele>
        <time>2025-04-16T08:06:54+00:00</time>
      </trkpt>
      <trkpt lat="45.4383" lon="5.45523">
        <ele>552</ele>
        <time>2025-04-16T08:06:57+00:00</time>
      </trkpt>
      <trkpt lat="45.43835" lon="5.45518">
        <ele>549</ele>
        <time>2025-04-16T08:07:00+00:00</time>
      </trkpt>
      <trkpt lat="45.43846" lon="5.45502">
        <ele>546</ele>
        <time>2025-04-16T08:07:03+00:00</time>
      </trkpt>
      <trkpt lat="45.43858" lon="5.45483">
        <ele>540</ele>
        <time>2025-04-16T08:07:06+00:00</time>
      </trkpt>
      <trkpt lat="45.43869" lon="5.45473">
        <ele>534</ele>
        <time>2025-04-16T08:07:09+00:00</time>
      </trkpt>
      <trkpt lat="45.43881" lon="5.45463">
        <ele>532</ele>
        <time>2025-04-16T08:07:12+00:00</time>
      </trkpt>
      <trkpt lat="45.43898" lon="5.45453">
        <ele>529</ele>
        <time>2025-04-16T08:07:15+00:00</time>
      </trkpt>
      <trkpt lat="45.43909" lon="5.45446">
        <ele>527</ele>
        <time>2025-04-16T08:07:18+00:00</time>
      </trkpt>
      <trkpt lat="45.43925" lon="5.45436">
        <ele>527</ele>
        <time>2025-04-16T08:07:21+00:00</time>
      </trkpt>
      <trkpt lat="45.4393" lon="5.45424">
        <ele>525</ele>
        <time>2025-04-16T08:07:24+00:00</time>
      </trkpt>
      <trkpt lat="45.43937" lon="5.45414">
        <ele>522</ele>
        <time>2025-04-16T08:07:27+00:00</time>
      </trkpt>
      <trkpt lat="45.43949" lon="5.45403">
        <ele>521</ele>
        <time>2025-04-16T08:07:30+00:00</time>
      </trkpt>
      <trkpt lat="45.43959" lon="5.45397">
        <ele>520</ele>
        <time>2025-04-16T08:07:33+00:00</time>
      </trkpt>
      <trkpt lat="45.4397" lon="5.45393">
        <ele>520</ele>
        <time>2025-04-16T08:07:36+00:00</time>
      </trkpt>
      <trkpt lat="45.43982" lon="5.45391">
        <ele>519</ele>
        <time>2025-04-16T08:07:39+00:00</time>
      </trkpt>
      <trkpt lat="45.43992" lon="5.45392">
        <ele>518</ele>
        <time>2025-04-16T08:07:42+00:00</time>
      </trkpt>
      <trkpt lat="45.44006" lon="5.45393">
        <ele>517</ele>
        <time>2025-04-16T08:07:45+00:00</time>
      </trkpt>
      <trkpt lat="45.44017" lon="5.45392">
        <ele>516</ele>
        <time>2025-04-16T08:07:48+00:00</time>
      </trkpt>
      <trkpt lat="45.44024" lon="5.45391">
        <ele>514</ele>
        <time>2025-04-16T08:07:51+00:00</time>
      </trkpt>
      <trkpt lat="45.44035" lon="5.45387">
        <ele>512</ele>
        <time>2025-04-16T08:07:54+00:00</time>
      </trkpt>
      <trkpt lat="45.4405" lon="5.45379">
        <ele>508</ele>
        <time>2025-04-16T08:07:57+00:00</time>
      </trkpt>
      <trkpt lat="45.44065" lon="5.45372">
        <ele>508</ele>
        <time>2025-04-16T08:08:00+00:00</time>
      </trkpt>
      <trkpt lat="45.44082" lon="5.45362">
        <ele>507</ele>
        <time>2025-04-16T08:08:03+00:00</time>
      </trkpt>
      <trkpt lat="45.44087" lon="5.45357">
        <ele>506</ele>
        <time>2025-04-16T08:08:06+00:00</time>
      </trkpt>
      <trkpt lat="45.44091" lon="5.4535">
        <ele>506</ele>
        <time>2025-04-16T08:08:09+00:00</time>
      </trkpt>
      <trkpt lat="45.44096" lon="5.45342">
        <ele>505</ele>
        <time>2025-04-16T08:08:12+00:00</time>
      </trkpt>
      <trkpt lat="45.44092" lon="5.45342">
        <ele>505</ele>
        <time>2025-04-16T08:08:15+00:00</time>
      </trkpt>
      <trkpt lat="45.44088" lon="5.45341">
        <ele>506</ele>
        <time>2025-04-16T08:08:18+00:00</time>
      </trkpt>
      <trkpt lat="45.44081" lon="5.45337">
        <ele>505</ele>
        <time>2025-04-16T08:08:21+00:00</time>
      </trkpt>
      <trkpt lat="45.44071" lon="5.45326">
        <ele>504</ele>
        <time>2025-04-16T08:08:24+00:00</time>
      </trkpt>
      <trkpt lat="45.44062" lon="5.45314">
        <ele>504</ele>
        <time>2025-04-16T08:08:27+00:00</time>
      </trkpt>
      <trkpt lat="45.44057" lon="5.45303">
        <ele>503</ele>
        <time>2025-04-16T08:08:30+00:00</time>
      </trkpt>
      <trkpt lat="45.44053" lon="5.4529">
        <ele>502</ele>
        <time>2025-04-16T08:08:33+00:00</time>
      </trkpt>
      <trkpt lat="45.44053" lon="5.45277">
        <ele>500</ele>
        <time>2025-04-16T08:08:36+00:00</time>
      </trkpt>
      <trkpt lat="45.44054" lon="5.45263">
        <ele>500</ele>
        <time>2025-04-16T08:08:39+00:00</time>
      </trkpt>
      <trkpt lat="45.44056" lon="5.45248">
        <ele>499</ele>
        <time>2025-04-16T08:08:42+00:00</time>
      </trkpt>
      <trkpt lat="45.44056" lon="5.4524">
        <ele>499</ele>
        <time>2025-04-16T08:08:45+00:00</time>
      </trkpt>
      <trkpt lat="45.44055" lon="5.45234">
        <ele>498</ele>
        <time>2025-04-16T08:08:48+00:00</time>
      </trkpt>
      <trkpt lat="45.44052" lon="5.45229">
        <ele>496</ele>
        <time>2025-04-16T08:08:51+00:00</time>
      </trkpt>
      <trkpt lat="45.44047" lon="5.45226">
        <ele>497</ele>
        <time>2025-04-16T08:08:54+00:00</time>
      </trkpt>
      <trkpt lat="45.44041" lon="5.45224">
        <ele>497</ele>
        <time>2025-04-16T08:08:57+00:00</time>
      </trkpt>
      <trkpt lat="45.44028" lon="5.45223">
        <ele>497</ele>
        <time>2025-04-16T08:09:00+00:00</time>
      </trkpt>
      <trkpt lat="45.44013" lon="5.45226">
        <ele>497</ele>
        <time>2025-04-16T08:09:03+00:00</time>
      </trkpt>
      <trkpt lat="45.43993" lon="5.45229">
        <ele>496</ele>
        <time>2025-04-16T08:09:06+00:00</time>
      </trkpt>
      <trkpt lat="45.43976" lon="5.45235">
        <ele>497</ele>
        <time>2025-04-16T08:09:09+00:00</time>
      </trkpt>
      <trkpt lat="45.43961" lon="5.45238">
        <ele>496</ele>
        <time>2025-04-16T08:09:12+00:00</time>
      </trkpt>
      <trkpt lat="45.43946" lon="5.45241">
        <ele>499</ele>
        <time>2025-04-16T08:09:15+00:00</time>
      </trkpt>
      <trkpt lat="45.43921" lon="5.45243">
        <ele>495</ele>
        <time>2025-04-16T08:09:18+00:00</time>
      </trkpt>
      <trkpt lat="45.43914" lon="5.45208">
        <ele>495</ele>
        <time>2025-04-16T08:09:21+00:00</time>
      </trkpt>
      <trkpt lat="45.4391" lon="5.45187">
        <ele>495</ele>
        <time>2025-04-16T08:09:24+00:00</time>
      </trkpt>
      <trkpt lat="45.43909" lon="5.45178">
        <ele>494</ele>
        <time>2025-04-16T08:09:27+00:00</time>
      </trkpt>
      <trkpt lat="45.43909" lon="5.45176">
        <ele>494</ele>
        <time>2025-04-16T08:09:30+00:00</time>
      </trkpt>
      <trkpt lat="45.43909" lon="5.45168">
        <ele>493</ele>
        <time>2025-04-16T08:09:33+00:00</time>
      </trkpt>
      <trkpt lat="45.43912" lon="5.45161">
        <ele>494</ele>
        <time>2025-04-16T08:09:36+00:00</time>
      </trkpt>
      <trkpt lat="45.43917" lon="5.45156">
        <ele>493</ele>
        <time>2025-04-16T08:09:39+00:00</time>
      </trkpt>
      <trkpt lat="45.43923" lon="5.4515">
        <ele>494</ele>
        <time>2025-04-16T08:09:42+00:00</time>
      </trkpt>
      <trkpt lat="45.43929" lon="5.45145">
        <ele>493</ele>
        <time>2025-04-16T08:09:45+00:00</time>
      </trkpt>
      <trkpt lat="45.43934" lon="5.45138">
        <ele>493</ele>
        <time>2025-04-16T08:09:48+00:00</time>
      </trkpt>
      <trkpt lat="45.43937" lon="5.45129">
        <ele>493</ele>
        <time>2025-04-16T08:09:51+00:00</time>
      </trkpt>
      <trkpt lat="45.43939" lon="5.45116">
        <ele>493</ele>
        <time>2025-04-16T08:09:54+00:00</time>
      </trkpt>
      <trkpt lat="45.4394" lon="5.45101">
        <ele>493</ele>
        <time>2025-04-16T08:09:57+00:00</time>
      </trkpt>
      <trkpt lat="45.43939" lon="5.45082">
        <ele>494</ele>
        <time>2025-04-16T08:10:00+00:00</time>
      </trkpt>
      <trkpt lat="45.43935" lon="5.45065">
        <ele>495</ele>
        <time>2025-04-16T08:10:03+00:00</time>
      </trkpt>
      <trkpt lat="45.4393" lon="5.45048">
        <ele>498</ele>
        <time>2025-04-16T08:10:06+00:00</time>
      </trkpt>
      <trkpt lat="45.43922" lon="5.4503">
        <ele>499</ele>
        <time>2025-04-16T08:10:09+00:00</time>
      </trkpt>
      <trkpt lat="45.43914" lon="5.45016">
        <ele>500</ele>
        <time>2025-04-16T08:10:12+00:00</time>
      </trkpt>
      <trkpt lat="45.43904" lon="5.45002">
        <ele>502</ele>
        <time>2025-04-16T08:10:15+00:00</time>
      </trkpt>
      <trkpt lat="45.43892" lon="5.4499">
        <ele>506</ele>
        <time>2025-04-16T08:10:18+00:00</time>
      </trkpt>
      <trkpt lat="45.43875" lon="5.44978">
        <ele>509</ele>
        <time>2025-04-16T08:10:21+00:00</time>
      </trkpt>
      <trkpt lat="45.4386" lon="5.44968">
        <ele>512</ele>
        <time>2025-04-16T08:10:24+00:00</time>
      </trkpt>
      <trkpt lat="45.43848" lon="5.4496">
        <ele>511</ele>
        <time>2025-04-16T08:10:27+00:00</time>
      </trkpt>
      <trkpt lat="45.43838" lon="5.44952">
        <ele>513</ele>
        <time>2025-04-16T08:10:30+00:00</time>
      </trkpt>
      <trkpt lat="45.4383" lon="5.44942">
        <ele>513</ele>
        <time>2025-04-16T08:10:33+00:00</time>
      </trkpt>
      <trkpt lat="45.43821" lon="5.44929">
        <ele>517</ele>
        <time>2025-04-16T08:10:36+00:00</time>
      </trkpt>
      <trkpt lat="45.43813" lon="5.44914">
        <ele>518</ele>
        <time>2025-04-16T08:10:39+00:00</time>
      </trkpt>
      <trkpt lat="45.43808" lon="5.44904">
        <ele>518</ele>
        <time>2025-04-16T08:10:42+00:00</time>
      </trkpt>
      <trkpt lat="45.43804" lon="5.44893">
        <ele>520</ele>
        <time>2025-04-16T08:10:45+00:00</time>
      </trkpt>
      <trkpt lat="45.43803" lon="5.44879">
        <ele>523</ele>
        <time>2025-04-16T08:10:48+00:00</time>
      </trkpt>
      <trkpt lat="45.43804" lon="5.44865">
        <ele>524</ele>
        <time>2025-04-16T08:10:51+00:00</time>
      </trkpt>
      <trkpt lat="45.43805" lon="5.44858">
        <ele>525</ele>
        <time>2025-04-16T08:10:54+00:00</time>
      </trkpt>
      <trkpt lat="45.43808" lon="5.44853">
        <ele>525</ele>
        <time>2025-04-16T08:10:57+00:00</time>
      </trkpt>
      <trkpt lat="45.43815" lon="5.44847">
        <ele>527</ele>
        <time>2025-04-16T08:11:00+00:00</time>
      </trkpt>
      <trkpt lat="45.43828" lon="5.44839">
        <ele>525</ele>
        <time>2025-04-16T08:11:03+00:00</time>
      </trkpt>
      <trkpt lat="45.43822" lon="5.44841">
        <ele>527</ele>
        <time>2025-04-16T08:11:06+00:00</time>
      </trkpt>
      <trkpt lat="45.43817" lon="5.44841">
        <ele>527</ele>
        <time>2025-04-16T08:11:09+00:00</time>
      </trkpt>
      <trkpt lat="45.43808" lon="5.44842">
        <ele>526</ele>
        <time>2025-04-16T08:11:12+00:00</time>
      </trkpt>
      <trkpt lat="45.43797" lon="5.44841">
        <ele>525</ele>
        <time>2025-04-16T08:11:15+00:00</time>
      </trkpt>
      <trkpt lat="45.43787" lon="5.44838">
        <ele>526</ele>
        <time>2025-04-16T08:11:18+00:00</time>
      </trkpt>
      <trkpt lat="45.43776" lon="5.44833">
        <ele>525</ele>
        <time>2025-04-16T08:11:21+00:00</time>
      </trkpt>
      <trkpt lat="45.43765" lon="5.44826">
        <ele>526</ele>
        <time>2025-04-16T08:11:24+00:00</time>
      </trkpt>
      <trkpt lat="45.43754" lon="5.44817">
        <ele>527</ele>
        <time>2025-04-16T08:11:27+00:00</time>
      </trkpt>
      <trkpt lat="45.43741" lon="5.44809">
        <ele>525</ele>
        <time>2025-04-16T08:11:30+00:00</time>
      </trkpt>
      <trkpt lat="45.43725" lon="5.44801">
        <ele>525</ele>
        <time>2025-04-16T08:11:33+00:00</time>
      </trkpt>
      <trkpt lat="45.43709" lon="5.44793">
        <ele>525</ele>
        <time>2025-04-16T08:11:36+00:00</time>
      </trkpt>
      <trkpt lat="45.43692" lon="5.44787">
        <ele>526</ele>
        <time>2025-04-16T08:11:39+00:00</time>
      </trkpt>
      <trkpt lat="45.43679" lon="5.44783">
        <ele>525</ele>
        <time>2025-04-16T08:11:42+00:00</time>
      </trkpt>
      <trkpt lat="45.43669" lon="5.4478">
        <ele>526</ele>
        <time>2025-04-16T08:11:45+00:00</time>
      </trkpt>
      <trkpt lat="45.43661" lon="5.4478">
        <ele>526</ele>
        <time>2025-04-16T08:11:48+00:00</time>
      </trkpt>
      <trkpt lat="45.4365" lon="5.44781">
        <ele>527</ele>
        <time>2025-04-16T08:11:51+00:00</time>
      </trkpt>
      <trkpt lat="45.43637" lon="5.44783">
        <ele>528</ele>
        <time>2025-04-16T08:11:54+00:00</time>
      </trkpt>
      <trkpt lat="45.43629" lon="5.44784">
        <ele>528</ele>
        <time>2025-04-16T08:11:57+00:00</time>
      </trkpt>
      <trkpt lat="45.4362" lon="5.44782">
        <ele>529</ele>
        <time>2025-04-16T08:12:00+00:00</time>
      </trkpt>
      <trkpt lat="45.43609" lon="5.4478">
        <ele>527</ele>
        <time>2025-04-16T08:12:03+00:00</time>
      </trkpt>
      <trkpt lat="45.436" lon="5.44779">
        <ele>527</ele>
        <time>2025-04-16T08:12:06+00:00</time>
      </trkpt>
      <trkpt lat="45.43588" lon="5.44779">
        <ele>527</ele>
        <time>2025-04-16T08:12:09+00:00</time>
      </trkpt>
      <trkpt lat="45.43576" lon="5.44779">
        <ele>527</ele>
        <time>2025-04-16T08:12:12+00:00</time>
      </trkpt>
      <trkpt lat="45.43564" lon="5.44778">
        <ele>527</ele>
        <time>2025-04-16T08:12:15+00:00</time>
      </trkpt>
      <trkpt lat="45.43553" lon="5.44776">
        <ele>529</ele>
        <time>2025-04-16T08:12:18+00:00</time>
      </trkpt>
      <trkpt lat="45.4354" lon="5.44772">
        <ele>527</ele>
        <time>2025-04-16T08:12:21+00:00</time>
      </trkpt>
      <trkpt lat="45.43526" lon="5.44765">
        <ele>531</ele>
        <time>2025-04-16T08:12:24+00:00</time>
      </trkpt>
      <trkpt lat="45.43513" lon="5.44759">
        <ele>528</ele>
        <time>2025-04-16T08:12:27+00:00</time>
      </trkpt>
      <trkpt lat="45.43502" lon="5.44754">
        <ele>529</ele>
        <time>2025-04-16T08:12:30+00:00</time>
      </trkpt>
      <trkpt lat="45.43493" lon="5.44753">
        <ele>530</ele>
        <time>2025-04-16T08:12:33+00:00</time>
      </trkpt>
      <trkpt lat="45.43485" lon="5.44753">
        <ele>530</ele>
        <time>2025-04-16T08:12:36+00:00</time>
      </trkpt>
      <trkpt lat="45.43476" lon="5.44754">
        <ele>530</ele>
        <time>2025-04-16T08:12:39+00:00</time>
      </trkpt>
      <trkpt lat="45.43468" lon="5.44758">
        <ele>530</ele>
        <time>2025-04-16T08:12:42+00:00</time>
      </trkpt>
      <trkpt lat="45.43458" lon="5.44764">
        <ele>530</ele>
        <time>2025-04-16T08:12:45+00:00</time>
      </trkpt>
      <trkpt lat="45.43449" lon="5.44772">
        <ele>530</ele>
        <time>2025-04-16T08:12:48+00:00</time>
      </trkpt>
      <trkpt lat="45.43441" lon="5.44781">
        <ele>530</ele>
        <time>2025-04-16T08:12:51+00:00</time>
      </trkpt>
      <trkpt lat="45.43434" lon="5.44789">
        <ele>530</ele>
        <time>2025-04-16T08:12:54+00:00</time>
      </trkpt>
      <trkpt lat="45.4343" lon="5.44793">
        <ele>530</ele>
        <time>2025-04-16T08:12:57+00:00</time>
      </trkpt>
      <trkpt lat="45.43421" lon="5.44799">
        <ele>529</ele>
        <time>2025-04-16T08:13:00+00:00</time>
      </trkpt>
      <trkpt lat="45.43418" lon="5.448">
        <ele>529</ele>
        <time>2025-04-16T08:13:03+00:00</time>
      </trkpt>
      <trkpt lat="45.43411" lon="5.44801">
        <ele>529</ele>
        <time>2025-04-16T08:13:06+00:00</time>
      </trkpt>
      <trkpt lat="45.43399" lon="5.44804">
        <ele>529</ele>
        <time>2025-04-16T08:13:09+00:00</time>
      </trkpt>
      <trkpt lat="45.43386" lon="5.44804">
        <ele>529</ele>
        <time>2025-04-16T08:13:12+00:00</time>
      </trkpt>
      <trkpt lat="45.43375" lon="5.44804">
        <ele>530</ele>
        <time>2025-04-16T08:13:15+00:00</time>
      </trkpt>
      <trkpt lat="45.43362" lon="5.44802">
        <ele>530</ele>
        <time>2025-04-16T08:13:18+00:00</time>
      </trkpt>
      <trkpt lat="45.43349" lon="5.44798">
        <ele>531</ele>
        <time>2025-04-16T08:13:21+00:00</time>
      </trkpt>
      <trkpt lat="45.43336" lon="5.44795">
        <ele>532</ele>
        <time>2025-04-16T08:13:24+00:00</time>
      </trkpt>
      <trkpt lat="45.43325" lon="5.44794">
        <ele>533</ele>
        <time>2025-04-16T08:13:27+00:00</time>
      </trkpt>
      <trkpt lat="45.43312" lon="5.44792">
        <ele>535</ele>
        <time>2025-04-16T08:13:30+00:00</time>
      </trkpt>
      <trkpt lat="45.43307" lon="5.44802">
        <ele>536</ele>
        <time>2025-04-16T08:13:33+00:00</time>
      </trkpt>
      <trkpt lat="45.43302" lon="5.4481">
        <ele>536</ele>
        <time>2025-04-16T08:13:36+00:00</time>
      </trkpt>
      <trkpt lat="45.43294" lon="5.44818">
        <ele>536</ele>
        <time>2025-04-16T08:13:39+00:00</time>
      </trkpt>
      <trkpt lat="45.43283" lon="5.44826">
        <ele>536</ele>
        <time>2025-04-16T08:13:42+00:00</time>
      </trkpt>
      <trkpt lat="45.43263" lon="5.44838">
        <ele>537</ele>
        <time>2025-04-16T08:13:45+00:00</time>
      </trkpt>
      <trkpt lat="45.43238" lon="5.44853">
        <ele>538</ele>
        <time>2025-04-16T08:13:48+00:00</time>
      </trkpt>
      <trkpt lat="45.43216" lon="5.44869">
        <ele>539</ele>
        <time>2025-04-16T08:13:51+00:00</time>
      </trkpt>
      <trkpt lat="45.4321" lon="5.44872">
        <ele>539</ele>
        <time>2025-04-16T08:13:54+00:00</time>
      </trkpt>
      <trkpt lat="45.43194" lon="5.44883">
        <ele>541</ele>
        <time>2025-04-16T08:13:57+00:00</time>
      </trkpt>
      <trkpt lat="45.43181" lon="5.44891">
        <ele>541</ele>
        <time>2025-04-16T08:14:00+00:00</time>
      </trkpt>
      <trkpt lat="45.43173" lon="5.44893">
        <ele>542</ele>
        <time>2025-04-16T08:14:03+00:00</time>
      </trkpt>
      <trkpt lat="45.43164" lon="5.44895">
        <ele>542</ele>
        <time>2025-04-16T08:14:06+00:00</time>
      </trkpt>
      <trkpt lat="45.43154" lon="5.44905">
        <ele>543</ele>
        <time>2025-04-16T08:14:09+00:00</time>
      </trkpt>
      <trkpt lat="45.43146" lon="5.44912">
        <ele>543</ele>
        <time>2025-04-16T08:14:12+00:00</time>
      </trkpt>
      <trkpt lat="45.43129" lon="5.4493">
        <ele>546</ele>
        <time>2025-04-16T08:14:15+00:00</time>
      </trkpt>
      <trkpt lat="45.43112" lon="5.4495">
        <ele>546</ele>
        <time>2025-04-16T08:14:18+00:00</time>
      </trkpt>
      <trkpt lat="45.43097" lon="5.44969">
        <ele>548</ele>
        <time>2025-04-16T08:14:21+00:00</time>
      </trkpt>
      <trkpt lat="45.43086" lon="5.44982">
        <ele>549</ele>
        <time>2025-04-16T08:14:24+00:00</time>
      </trkpt>
      <trkpt lat="45.4307" lon="5.44997">
        <ele>549</ele>
        <time>2025-04-16T08:14:27+00:00</time>
      </trkpt>
      <trkpt lat="45.43054" lon="5.45014">
        <ele>549</ele>
        <time>2025-04-16T08:14:30+00:00</time>
      </trkpt>
      <trkpt lat="45.43043" lon="5.45025">
        <ele>549</ele>
        <time>2025-04-16T08:14:33+00:00</time>
      </trkpt>
      <trkpt lat="45.43036" lon="5.45032">
        <ele>549</ele>
        <time>2025-04-16T08:14:36+00:00</time>
      </trkpt>
      <trkpt lat="45.43031" lon="5.4504">
        <ele>549</ele>
        <time>2025-04-16T08:14:39+00:00</time>
      </trkpt>
      <trkpt lat="45.43026" lon="5.45052">
        <ele>549</ele>
        <time>2025-04-16T08:14:42+00:00</time>
      </trkpt>
      <trkpt lat="45.43018" lon="5.45071">
        <ele>549</ele>
        <time>2025-04-16T08:14:45+00:00</time>
      </trkpt>
      <trkpt lat="45.43011" lon="5.45089">
        <ele>549</ele>
        <time>2025-04-16T08:14:48+00:00</time>
      </trkpt>
      <trkpt lat="45.43001" lon="5.45114">
        <ele>549</ele>
        <time>2025-04-16T08:14:51+00:00</time>
      </trkpt>
      <trkpt lat="45.42993" lon="5.45138">
        <ele>549</ele>
        <time>2025-04-16T08:14:54+00:00</time>
      </trkpt>
      <trkpt lat="45.42987" lon="5.45154">
        <ele>551</ele>
        <time>2025-04-16T08:14:57+00:00</time>
      </trkpt>
      <trkpt lat="45.42982" lon="5.45165">
        <ele>551</ele>
        <time>2025-04-16T08:15:00+00:00</time>
      </trkpt>
      <trkpt lat="45.42984" lon="5.45186">
        <ele>553</ele>
        <time>2025-04-16T08:15:03+00:00</time>
      </trkpt>
      <trkpt lat="45.42983" lon="5.45193">
        <ele>553</ele>
        <time>2025-04-16T08:15:06+00:00</time>
      </trkpt>
      <trkpt lat="45.42982" lon="5.45219">
        <ele>554</ele>
        <time>2025-04-16T08:15:09+00:00</time>
      </trkpt>
      <trkpt lat="45.4299" lon="5.45233">
        <ele>554</ele>
        <time>2025-04-16T08:15:12+00:00</time>
      </trkpt>
      <trkpt lat="45.43" lon="5.4525">
        <ele>555</ele>
        <time>2025-04-16T08:15:15+00:00</time>
      </trkpt>
      <trkpt lat="45.4301" lon="5.45266">
        <ele>555</ele>
        <time>2025-04-16T08:15:18+00:00</time>
      </trkpt>
      <trkpt lat="45.43019" lon="5.45285">
        <ele>555</ele>
        <time>2025-04-16T08:15:21+00:00</time>
      </trkpt>
      <trkpt lat="45.43025" lon="5.45299">
        <ele>555</ele>
        <time>2025-04-16T08:15:24+00:00</time>
      </trkpt>
      <trkpt lat="45.43028" lon="5.45311">
        <ele>557</ele>
        <time>2025-04-16T08:15:27+00:00</time>
      </trkpt>
      <trkpt lat="45.43031" lon="5.45331">
        <ele>558</ele>
        <time>2025-04-16T08:15:30+00:00</time>
      </trkpt>
      <trkpt lat="45.43033" lon="5.45349">
        <ele>558</ele>
        <time>2025-04-16T08:15:33+00:00</time>
      </trkpt>
      <trkpt lat="45.43038" lon="5.45372">
        <ele>562</ele>
        <time>2025-04-16T08:15:36+00:00</time>
      </trkpt>
      <trkpt lat="45.43044" lon="5.45397">
        <ele>564</ele>
        <time>2025-04-16T08:15:39+00:00</time>
      </trkpt>
      <trkpt lat="45.43048" lon="5.4542">
        <ele>566</ele>
        <time>2025-04-16T08:15:42+00:00</time>
      </trkpt>
      <trkpt lat="45.43052" lon="5.45443">
        <ele>568</ele>
        <time>2025-04-16T08:15:45+00:00</time>
      </trkpt>
      <trkpt lat="45.43053" lon="5.45462">
        <ele>569</ele>
        <time>2025-04-16T08:15:48+00:00</time>
      </trkpt>
      <trkpt lat="45.43054" lon="5.45482">
        <ele>569</ele>
        <time>2025-04-16T08:15:51+00:00</time>
      </trkpt>
      <trkpt lat="45.43056" lon="5.45493">
        <ele>568</ele>
        <time>2025-04-16T08:15:54+00:00</time>
      </trkpt>
      <trkpt lat="45.43061" lon="5.45505">
        <ele>568</ele>
        <time>2025-04-16T08:15:57+00:00</time>
      </trkpt>
      <trkpt lat="45.4307" lon="5.4552">
        <ele>569</ele>
        <time>2025-04-16T08:16:00+00:00</time>
      </trkpt>
      <trkpt lat="45.4308" lon="5.45532">
        <ele>568</ele>
        <time>2025-04-16T08:16:03+00:00</time>
      </trkpt>
      <trkpt lat="45.43099" lon="5.45547">
        <ele>569</ele>
        <time>2025-04-16T08:16:06+00:00</time>
      </trkpt>
      <trkpt lat="45.43125" lon="5.4557">
        <ele>570</ele>
        <time>2025-04-16T08:16:09+00:00</time>
      </trkpt>
      <trkpt lat="45.4315" lon="5.45591">
        <ele>571</ele>
        <time>2025-04-16T08:16:12+00:00</time>
      </trkpt>
      <trkpt lat="45.43168" lon="5.45605">
        <ele>572</ele>
        <time>2025-04-16T08:16:15+00:00</time>
      </trkpt>
      <trkpt lat="45.43185" lon="5.45622">
        <ele>575</ele>
        <time>2025-04-16T08:16:18+00:00</time>
      </trkpt>
      <trkpt lat="45.43198" lon="5.45641">
        <ele>579</ele>
        <time>2025-04-16T08:16:21+00:00</time>
      </trkpt>
      <trkpt lat="45.4321" lon="5.45663">
        <ele>582</ele>
        <time>2025-04-16T08:16:24+00:00</time>
      </trkpt>
      <trkpt lat="45.43222" lon="5.45687">
        <ele>583</ele>
        <time>2025-04-16T08:16:27+00:00</time>
      </trkpt>
      <trkpt lat="45.43226" lon="5.45698">
        <ele>583</ele>
        <time>2025-04-16T08:16:30+00:00</time>
      </trkpt>
      <trkpt lat="45.43226" lon="5.45698">
        <ele>583</ele>
        <time>2025-04-16T08:16:33+00:00</time>
      </trkpt>
      <trkpt lat="45.43211" lon="5.45692">
        <ele>583</ele>
        <time>2025-04-16T08:16:36+00:00</time>
      </trkpt>
      <trkpt lat="45.43183" lon="5.45681">
        <ele>583</ele>
        <time>2025-04-16T08:16:39+00:00</time>
      </trkpt>
      <trkpt lat="45.43162" lon="5.45674">
        <ele>583</ele>
        <time>2025-04-16T08:16:42+00:00</time>
      </trkpt>
      <trkpt lat="45.43141" lon="5.45671">
        <ele>583</ele>
        <time>2025-04-16T08:16:45+00:00</time>
      </trkpt>
      <trkpt lat="45.4312" lon="5.45666">
        <ele>583</ele>
        <time>2025-04-16T08:16:48+00:00</time>
      </trkpt>
      <trkpt lat="45.43097" lon="5.45659">
        <ele>582</ele>
        <time>2025-04-16T08:16:51+00:00</time>
      </trkpt>
      <trkpt lat="45.4306" lon="5.45642">
        <ele>580</ele>
        <time>2025-04-16T08:16:54+00:00</time>
      </trkpt>
      <trkpt lat="45.43021" lon="5.45621">
        <ele>578</ele>
        <time>2025-04-16T08:16:57+00:00</time>
      </trkpt>
      <trkpt lat="45.4298" lon="5.45603">
        <ele>576</ele>
        <time>2025-04-16T08:17:00+00:00</time>
      </trkpt>
      <trkpt lat="45.42957" lon="5.45595">
        <ele>574</ele>
        <time>2025-04-16T08:17:03+00:00</time>
      </trkpt>
      <trkpt lat="45.42933" lon="5.45587">
        <ele>572</ele>
        <time>2025-04-16T08:17:06+00:00</time>
      </trkpt>
      <trkpt lat="45.42912" lon="5.4558">
        <ele>572</ele>
        <time>2025-04-16T08:17:09+00:00</time>
      </trkpt>
      <trkpt lat="45.42903" lon="5.45579">
        <ele>571</ele>
        <time>2025-04-16T08:17:12+00:00</time>
      </trkpt>
      <trkpt lat="45.42897" lon="5.45579">
        <ele>571</ele>
        <time>2025-04-16T08:17:15+00:00</time>
      </trkpt>
      <trkpt lat="45.42893" lon="5.4558">
        <ele>571</ele>
        <time>2025-04-16T08:17:18+00:00</time>
      </trkpt>
      <trkpt lat="45.42889" lon="5.45584">
        <ele>572</ele>
        <time>2025-04-16T08:17:21+00:00</time>
      </trkpt>
      <trkpt lat="45.42883" lon="5.45596">
        <ele>572</ele>
        <time>2025-04-16T08:17:24+00:00</time>
      </trkpt>
      <trkpt lat="45.42879" lon="5.45614">
        <ele>570</ele>
        <time>2025-04-16T08:17:27+00:00</time>
      </trkpt>
      <trkpt lat="45.42872" lon="5.45661">
        <ele>568</ele>
        <time>2025-04-16T08:17:30+00:00</time>
      </trkpt>
      <trkpt lat="45.42864" lon="5.45703">
        <ele>566</ele>
        <time>2025-04-16T08:17:33+00:00</time>
      </trkpt>
      <trkpt lat="45.42858" lon="5.45733">
        <ele>564</ele>
        <time>2025-04-16T08:17:36+00:00</time>
      </trkpt>
      <trkpt lat="45.4285" lon="5.45769">
        <ele>564</ele>
        <time>2025-04-16T08:17:39+00:00</time>
      </trkpt>
      <trkpt lat="45.42844" lon="5.45791">
        <ele>564</ele>
        <time>2025-04-16T08:17:42+00:00</time>
      </trkpt>
      <trkpt lat="45.42832" lon="5.45813">
        <ele>563</ele>
        <time>2025-04-16T08:17:45+00:00</time>
      </trkpt>
      <trkpt lat="45.42813" lon="5.45854">
        <ele>562</ele>
        <time>2025-04-16T08:17:48+00:00</time>
      </trkpt>
      <trkpt lat="45.42797" lon="5.45897">
        <ele>561</ele>
        <time>2025-04-16T08:17:51+00:00</time>
      </trkpt>
      <trkpt lat="45.42783" lon="5.45936">
        <ele>561</ele>
        <time>2025-04-16T08:17:54+00:00</time>
      </trkpt>
      <trkpt lat="45.42772" lon="5.4597">
        <ele>561</ele>
        <time>2025-04-16T08:17:57+00:00</time>
      </trkpt>
      <trkpt lat="45.42766" lon="5.45992">
        <ele>561</ele>
        <time>2025-04-16T08:18:00+00:00</time>
      </trkpt>
      <trkpt lat="45.42762" lon="5.46003">
        <ele>561</ele>
        <time>2025-04-16T08:18:03+00:00</time>
      </trkpt>
      <trkpt lat="45.42757" lon="5.46013">
        <ele>560</ele>
        <time>2025-04-16T08:18:06+00:00</time>
      </trkpt>
      <trkpt lat="45.42743" lon="5.46029">
        <ele>560</ele>
        <time>2025-04-16T08:18:09+00:00</time>
      </trkpt>
      <trkpt lat="45.42722" lon="5.46053">
        <ele>558</ele>
        <time>2025-04-16T08:18:12+00:00</time>
      </trkpt>
      <trkpt lat="45.42705" lon="5.46074">
        <ele>557</ele>
        <time>2025-04-16T08:18:15+00:00</time>
      </trkpt>
      <trkpt lat="45.42701" lon="5.46077">
        <ele>557</ele>
        <time>2025-04-16T08:18:18+00:00</time>
      </trkpt>
      <trkpt lat="45.42696" lon="5.46079">
        <ele>557</ele>
        <time>2025-04-16T08:18:21+00:00</time>
      </trkpt>
      <trkpt lat="45.42691" lon="5.46079">
        <ele>557</ele>
        <time>2025-04-16T08:18:24+00:00</time>
      </trkpt>
      <trkpt lat="45.42686" lon="5.46077">
        <ele>557</ele>
        <time>2025-04-16T08:18:27+00:00</time>
      </trkpt>
      <trkpt lat="45.42673" lon="5.46069">
        <ele>557</ele>
        <time>2025-04-16T08:18:30+00:00</time>
      </trkpt>
      <trkpt lat="45.42667" lon="5.46066">
        <ele>557</ele>
        <time>2025-04-16T08:18:33+00:00</time>
      </trkpt>
      <trkpt lat="45.42659" lon="5.46065">
        <ele>557</ele>
        <time>2025-04-16T08:18:36+00:00</time>
      </trkpt>
      <trkpt lat="45.42659" lon="5.46065">
        <ele>557</ele>
        <time>2025-04-16T08:18:39+00:00</time>
      </trkpt>
      <trkpt lat="45.4266" lon="5.46069">
        <ele>557</ele>
        <time>2025-04-16T08:18:42+00:00</time>
      </trkpt>
      <trkpt lat="45.42658" lon="5.46109">
        <ele>555</ele>
        <time>2025-04-16T08:18:45+00:00</time>
      </trkpt>
      <trkpt lat="45.42656" lon="5.46154">
        <ele>555</ele>
        <time>2025-04-16T08:18:48+00:00</time>
      </trkpt>
      <trkpt lat="45.42653" lon="5.46189">
        <ele>555</ele>
        <time>2025-04-16T08:18:51+00:00</time>
      </trkpt>
      <trkpt lat="45.42646" lon="5.46234">
        <ele>553</ele>
        <time>2025-04-16T08:18:54+00:00</time>
      </trkpt>
      <trkpt lat="45.42642" lon="5.46259">
        <ele>553</ele>
        <time>2025-04-16T08:18:57+00:00</time>
      </trkpt>
      <trkpt lat="45.42637" lon="5.4628">
        <ele>553</ele>
        <time>2025-04-16T08:19:00+00:00</time>
      </trkpt>
      <trkpt lat="45.42632" lon="5.46303">
        <ele>553</ele>
        <time>2025-04-16T08:19:03+00:00</time>
      </trkpt>
      <trkpt lat="45.42624" lon="5.46347">
        <ele>554</ele>
        <time>2025-04-16T08:19:06+00:00</time>
      </trkpt>
      <trkpt lat="45.42619" lon="5.4638">
        <ele>554</ele>
        <time>2025-04-16T08:19:09+00:00</time>
      </trkpt>
      <trkpt lat="45.42617" lon="5.46405">
        <ele>554</ele>
        <time>2025-04-16T08:19:12+00:00</time>
      </trkpt>
      <trkpt lat="45.42618" lon="5.46417">
        <ele>554</ele>
        <time>2025-04-16T08:19:15+00:00</time>
      </trkpt>
      <trkpt lat="45.42619" lon="5.46424">
        <ele>554</ele>
        <time>2025-04-16T08:19:18+00:00</time>
      </trkpt>
      <trkpt lat="45.42615" lon="5.46424">
        <ele>554</ele>
        <time>2025-04-16T08:19:21+00:00</time>
      </trkpt>
      <trkpt lat="45.42611" lon="5.46457">
        <ele>554</ele>
        <time>2025-04-16T08:19:24+00:00</time>
      </trkpt>
      <trkpt lat="45.42605" lon="5.46502">
        <ele>554</ele>
        <time>2025-04-16T08:19:27+00:00</time>
      </trkpt>
      <trkpt lat="45.42605" lon="5.46554">
        <ele>555</ele>
        <time>2025-04-16T08:19:30+00:00</time>
      </trkpt>
      <trkpt lat="45.42601" lon="5.46601">
        <ele>556</ele>
        <time>2025-04-16T08:19:33+00:00</time>
      </trkpt>
      <trkpt lat="45.42597" lon="5.46648">
        <ele>556</ele>
        <time>2025-04-16T08:19:36+00:00</time>
      </trkpt>
      <trkpt lat="45.42591" lon="5.46714">
        <ele>556</ele>
        <time>2025-04-16T08:19:39+00:00</time>
      </trkpt>
      <trkpt lat="45.42586" lon="5.46734">
        <ele>556</ele>
        <time>2025-04-16T08:19:42+00:00</time>
      </trkpt>
      <trkpt lat="45.42585" lon="5.46761">
        <ele>556</ele>
        <time>2025-04-16T08:19:45+00:00</time>
      </trkpt>
      <trkpt lat="45.42585" lon="5.46794">
        <ele>556</ele>
        <time>2025-04-16T08:19:48+00:00</time>
      </trkpt>
      <trkpt lat="45.42585" lon="5.46836">
        <ele>557</ele>
        <time>2025-04-16T08:19:51+00:00</time>
      </trkpt>
      <trkpt lat="45.42587" lon="5.46905">
        <ele>557</ele>
        <time>2025-04-16T08:19:54+00:00</time>
      </trkpt>
      <trkpt lat="45.42571" lon="5.46908">
        <ele>557</ele>
        <time>2025-04-16T08:19:57+00:00</time>
      </trkpt>
      <trkpt lat="45.42566" lon="5.4693">
        <ele>557</ele>
        <time>2025-04-16T08:20:00+00:00</time>
      </trkpt>
      <trkpt lat="45.4256" lon="5.46954">
        <ele>557</ele>
        <time>2025-04-16T08:20:03+00:00</time>
      </trkpt>
      <trkpt lat="45.42557" lon="5.46988">
        <ele>557</ele>
        <time>2025-04-16T08:20:06+00:00</time>
      </trkpt>
      <trkpt lat="45.42555" lon="5.47024">
        <ele>557</ele>
        <time>2025-04-16T08:20:09+00:00</time>
      </trkpt>
      <trkpt lat="45.42552" lon="5.47059">
        <ele>557</ele>
        <time>2025-04-16T08:20:12+00:00</time>
      </trkpt>
      <trkpt lat="45.42554" lon="5.47087">
        <ele>555</ele>
        <time>2025-04-16T08:20:15+00:00</time>
      </trkpt>
      <trkpt lat="45.42553" lon="5.47124">
        <ele>553</ele>
        <time>2025-04-16T08:20:18+00:00</time>
      </trkpt>
      <trkpt lat="45.42553" lon="5.47139">
        <ele>553</ele>
        <time>2025-04-16T08:20:21+00:00</time>
      </trkpt>
      <trkpt lat="45.42573" lon="5.47162">
        <ele>553</ele>
        <time>2025-04-16T08:20:24+00:00</time>
      </trkpt>
      <trkpt lat="45.4258" lon="5.47213">
        <ele>553</ele>
        <time>2025-04-16T08:20:27+00:00</time>
      </trkpt>
      <trkpt lat="45.42587" lon="5.47264">
        <ele>553</ele>
        <time>2025-04-16T08:20:30+00:00</time>
      </trkpt>
      <trkpt lat="45.42594" lon="5.47315">
        <ele>553</ele>
        <time>2025-04-16T08:20:33+00:00</time>
      </trkpt>
      <trkpt lat="45.42605" lon="5.4739">
        <ele>553</ele>
        <time>2025-04-16T08:20:36+00:00</time>
      </trkpt>
      <trkpt lat="45.42597" lon="5.47397">
        <ele>553</ele>
        <time>2025-04-16T08:20:39+00:00</time>
      </trkpt>
      <trkpt lat="45.42571" lon="5.47414">
        <ele>551</ele>
        <time>2025-04-16T08:20:42+00:00</time>
      </trkpt>
      <trkpt lat="45.4252" lon="5.47449">
        <ele>547</ele>
        <time>2025-04-16T08:20:45+00:00</time>
      </trkpt>
      <trkpt lat="45.42493" lon="5.47469">
        <ele>547</ele>
        <time>2025-04-16T08:20:48+00:00</time>
      </trkpt>
      <trkpt lat="45.42444" lon="5.47506">
        <ele>547</ele>
        <time>2025-04-16T08:20:51+00:00</time>
      </trkpt>
      <trkpt lat="45.42419" lon="5.47526">
        <ele>547</ele>
        <time>2025-04-16T08:20:54+00:00</time>
      </trkpt>
      <trkpt lat="45.42375" lon="5.47561">
        <ele>550</ele>
        <time>2025-04-16T08:20:57+00:00</time>
      </trkpt>
      <trkpt lat="45.42361" lon="5.47577">
        <ele>554</ele>
        <time>2025-04-16T08:21:00+00:00</time>
      </trkpt>
      <trkpt lat="45.42355" lon="5.47594">
        <ele>559</ele>
        <time>2025-04-16T08:21:03+00:00</time>
      </trkpt>
      <trkpt lat="45.42344" lon="5.47605">
        <ele>566</ele>
        <time>2025-04-16T08:21:06+00:00</time>
      </trkpt>
      <trkpt lat="45.42329" lon="5.47613">
        <ele>562</ele>
        <time>2025-04-16T08:21:09+00:00</time>
      </trkpt>
      <trkpt lat="45.42314" lon="5.4758">
        <ele>561</ele>
        <time>2025-04-16T08:21:12+00:00</time>
      </trkpt>
      <trkpt lat="45.42293" lon="5.47537">
        <ele>561</ele>
        <time>2025-04-16T08:21:15+00:00</time>
      </trkpt>
      <trkpt lat="45.42275" lon="5.47538">
        <ele>561</ele>
        <time>2025-04-16T08:21:18+00:00</time>
      </trkpt>
      <trkpt lat="45.42258" lon="5.47545">
        <ele>561</ele>
        <time>2025-04-16T08:21:21+00:00</time>
      </trkpt>
      <trkpt lat="45.42237" lon="5.47554">
        <ele>561</ele>
        <time>2025-04-16T08:21:24+00:00</time>
      </trkpt>
      <trkpt lat="45.42195" lon="5.47564">
        <ele>562</ele>
        <time>2025-04-16T08:21:27+00:00</time>
      </trkpt>
      <trkpt lat="45.42181" lon="5.47564">
        <ele>563</ele>
        <time>2025-04-16T08:21:30+00:00</time>
      </trkpt>
      <trkpt lat="45.42168" lon="5.47537">
        <ele>563</ele>
        <time>2025-04-16T08:21:33+00:00</time>
      </trkpt>
      <trkpt lat="45.42149" lon="5.47507">
        <ele>562</ele>
        <time>2025-04-16T08:21:36+00:00</time>
      </trkpt>
      <trkpt lat="45.42141" lon="5.47482">
        <ele>562</ele>
        <time>2025-04-16T08:21:39+00:00</time>
      </trkpt>
      <trkpt lat="45.4215" lon="5.47434">
        <ele>560</ele>
        <time>2025-04-16T08:21:42+00:00</time>
      </trkpt>
      <trkpt lat="45.42131" lon="5.47411">
        <ele>560</ele>
        <time>2025-04-16T08:21:45+00:00</time>
      </trkpt>
      <trkpt lat="45.4211" lon="5.47369">
        <ele>561</ele>
        <time>2025-04-16T08:21:48+00:00</time>
      </trkpt>
      <trkpt lat="45.42106" lon="5.4733">
        <ele>561</ele>
        <time>2025-04-16T08:21:51+00:00</time>
      </trkpt>
      <trkpt lat="45.42134" lon="5.47297">
        <ele>559</ele>
        <time>2025-04-16T08:21:54+00:00</time>
      </trkpt>
      <trkpt lat="45.4211" lon="5.47275">
        <ele>557</ele>
        <time>2025-04-16T08:21:57+00:00</time>
      </trkpt>
      <trkpt lat="45.42093" lon="5.47254">
        <ele>557</ele>
        <time>2025-04-16T08:22:00+00:00</time>
      </trkpt>
      <trkpt lat="45.42076" lon="5.47202">
        <ele>555</ele>
        <time>2025-04-16T08:22:03+00:00</time>
      </trkpt>
      <trkpt lat="45.42062" lon="5.47156">
        <ele>555</ele>
        <time>2025-04-16T08:22:06+00:00</time>
      </trkpt>
      <trkpt lat="45.42051" lon="5.47124">
        <ele>555</ele>
        <time>2025-04-16T08:22:09+00:00</time>
      </trkpt>
      <trkpt lat="45.42044" lon="5.47102">
        <ele>556</ele>
        <time>2025-04-16T08:22:12+00:00</time>
      </trkpt>
      <trkpt lat="45.42024" lon="5.47128">
        <ele>560</ele>
        <time>2025-04-16T08:22:15+00:00</time>
      </trkpt>
      <trkpt lat="45.42017" lon="5.4714">
        <ele>561</ele>
        <time>2025-04-16T08:22:18+00:00</time>
      </trkpt>
      <trkpt lat="45.42007" lon="5.47148">
        <ele>562</ele>
        <time>2025-04-16T08:22:21+00:00</time>
      </trkpt>
      <trkpt lat="45.41999" lon="5.4715">
        <ele>564</ele>
        <time>2025-04-16T08:22:24+00:00</time>
      </trkpt>
      <trkpt lat="45.41979" lon="5.47152">
        <ele>568</ele>
        <time>2025-04-16T08:22:27+00:00</time>
      </trkpt>
      <trkpt lat="45.41967" lon="5.47154">
        <ele>570</ele>
        <time>2025-04-16T08:22:30+00:00</time>
      </trkpt>
      <trkpt lat="45.41953" lon="5.47159">
        <ele>571</ele>
        <time>2025-04-16T08:22:33+00:00</time>
      </trkpt>
      <trkpt lat="45.41938" lon="5.47164">
        <ele>572</ele>
        <time>2025-04-16T08:22:36+00:00</time>
      </trkpt>
      <trkpt lat="45.41921" lon="5.47167">
        <ele>574</ele>
        <time>2025-04-16T08:22:39+00:00</time>
      </trkpt>
      <trkpt lat="45.41903" lon="5.47171">
        <ele>578</ele>
        <time>2025-04-16T08:22:42+00:00</time>
      </trkpt>
      <trkpt lat="45.41874" lon="5.47176">
        <ele>584</ele>
        <time>2025-04-16T08:22:45+00:00</time>
      </trkpt>
      <trkpt lat="45.41859" lon="5.47181">
        <ele>583</ele>
        <time>2025-04-16T08:22:48+00:00</time>
      </trkpt>
      <trkpt lat="45.41845" lon="5.47185">
        <ele>584</ele>
        <time>2025-04-16T08:22:51+00:00</time>
      </trkpt>
      <trkpt lat="45.41832" lon="5.47188">
        <ele>585</ele>
        <time>2025-04-16T08:22:54+00:00</time>
      </trkpt>
      <trkpt lat="45.41822" lon="5.47188">
        <ele>586</ele>
        <time>2025-04-16T08:22:57+00:00</time>
      </trkpt>
      <trkpt lat="45.41813" lon="5.47188">
        <ele>587</ele>
        <time>2025-04-16T08:23:00+00:00</time>
      </trkpt>
      <trkpt lat="45.41791" lon="5.47189">
        <ele>591</ele>
        <time>2025-04-16T08:23:03+00:00</time>
      </trkpt>
      <trkpt lat="45.41778" lon="5.47192">
        <ele>591</ele>
        <time>2025-04-16T08:23:06+00:00</time>
      </trkpt>
      <trkpt lat="45.41753" lon="5.47203">
        <ele>592</ele>
        <time>2025-04-16T08:23:09+00:00</time>
      </trkpt>
      <trkpt lat="45.41725" lon="5.47207">
        <ele>597</ele>
        <time>2025-04-16T08:23:12+00:00</time>
      </trkpt>
      <trkpt lat="45.41702" lon="5.47206">
        <ele>599</ele>
        <time>2025-04-16T08:23:15+00:00</time>
      </trkpt>
      <trkpt lat="45.41672" lon="5.47204">
        <ele>603</ele>
        <time>2025-04-16T08:23:18+00:00</time>
      </trkpt>
      <trkpt lat="45.41641" lon="5.47204">
        <ele>607</ele>
        <time>2025-04-16T08:23:21+00:00</time>
      </trkpt>
      <trkpt lat="45.41622" lon="5.47206">
        <ele>609</ele>
        <time>2025-04-16T08:23:24+00:00</time>
      </trkpt>
      <trkpt lat="45.41607" lon="5.47209">
        <ele>610</ele>
        <time>2025-04-16T08:23:27+00:00</time>
      </trkpt>
      <trkpt lat="45.41591" lon="5.47212">
        <ele>613</ele>
        <time>2025-04-16T08:23:30+00:00</time>
      </trkpt>
      <trkpt lat="45.4157" lon="5.47214">
        <ele>617</ele>
        <time>2025-04-16T08:23:33+00:00</time>
      </trkpt>
      <trkpt lat="45.4156" lon="5.47216">
        <ele>619</ele>
        <time>2025-04-16T08:23:36+00:00</time>
      </trkpt>
      <trkpt lat="45.41552" lon="5.47216">
        <ele>624</ele>
        <time>2025-04-16T08:23:39+00:00</time>
      </trkpt>
      <trkpt lat="45.41548" lon="5.47213">
        <ele>620</ele>
        <time>2025-04-16T08:23:42+00:00</time>
      </trkpt>
      <trkpt lat="45.41547" lon="5.47214">
        <ele>627</ele>
        <time>2025-04-16T08:23:45+00:00</time>
      </trkpt>
      <trkpt lat="45.41535" lon="5.47223">
        <ele>626</ele>
        <time>2025-04-16T08:23:48+00:00</time>
      </trkpt>
      <trkpt lat="45.41518" lon="5.4724">
        <ele>624</ele>
        <time>2025-04-16T08:23:51+00:00</time>
      </trkpt>
      <trkpt lat="45.41509" lon="5.4725">
        <ele>624</ele>
        <time>2025-04-16T08:23:54+00:00</time>
      </trkpt>
      <trkpt lat="45.41498" lon="5.47259">
        <ele>629</ele>
        <time>2025-04-16T08:23:57+00:00</time>
      </trkpt>
      <trkpt lat="45.41482" lon="5.4727">
        <ele>627</ele>
        <time>2025-04-16T08:24:00+00:00</time>
      </trkpt>
      <trkpt lat="45.4147" lon="5.47275">
        <ele>629</ele>
        <time>2025-04-16T08:24:03+00:00</time>
      </trkpt>
      <trkpt lat="45.41461" lon="5.47278">
        <ele>631</ele>
        <time>2025-04-16T08:24:06+00:00</time>
      </trkpt>
      <trkpt lat="45.41452" lon="5.47279">
        <ele>633</ele>
        <time>2025-04-16T08:24:09+00:00</time>
      </trkpt>
      <trkpt lat="45.41443" lon="5.47284">
        <ele>633</ele>
        <time>2025-04-16T08:24:12+00:00</time>
      </trkpt>
      <trkpt lat="45.41429" lon="5.47281">
        <ele>637</ele>
        <time>2025-04-16T08:24:15+00:00</time>
      </trkpt>
      <trkpt lat="45.4142" lon="5.4728">
        <ele>640</ele>
        <time>2025-04-16T08:24:18+00:00</time>
      </trkpt>
      <trkpt lat="45.41411" lon="5.4728">
        <ele>640</ele>
        <time>2025-04-16T08:24:21+00:00</time>
      </trkpt>
      <trkpt lat="45.41403" lon="5.47281">
        <ele>640</ele>
        <time>2025-04-16T08:24:24+00:00</time>
      </trkpt>
      <trkpt lat="45.41393" lon="5.47282">
        <ele>641</ele>
        <time>2025-04-16T08:24:27+00:00</time>
      </trkpt>
      <trkpt lat="45.41382" lon="5.47282">
        <ele>642</ele>
        <time>2025-04-16T08:24:30+00:00</time>
      </trkpt>
      <trkpt lat="45.41364" lon="5.47285">
        <ele>646</ele>
        <time>2025-04-16T08:24:33+00:00</time>
      </trkpt>
      <trkpt lat="45.41352" lon="5.4729">
        <ele>648</ele>
        <time>2025-04-16T08:24:36+00:00</time>
      </trkpt>
      <trkpt lat="45.41342" lon="5.47295">
        <ele>648</ele>
        <time>2025-04-16T08:24:39+00:00</time>
      </trkpt>
      <trkpt lat="45.41334" lon="5.47304">
        <ele>649</ele>
        <time>2025-04-16T08:24:42+00:00</time>
      </trkpt>
      <trkpt lat="45.41324" lon="5.47314">
        <ele>651</ele>
        <time>2025-04-16T08:24:45+00:00</time>
      </trkpt>
      <trkpt lat="45.41314" lon="5.47324">
        <ele>655</ele>
        <time>2025-04-16T08:24:48+00:00</time>
      </trkpt>
      <trkpt lat="45.41302" lon="5.47328">
        <ele>657</ele>
        <time>2025-04-16T08:24:51+00:00</time>
      </trkpt>
      <trkpt lat="45.41295" lon="5.47331">
        <ele>660</ele>
        <time>2025-04-16T08:24:54+00:00</time>
      </trkpt>
      <trkpt lat="45.4129" lon="5.47335">
        <ele>661</ele>
        <time>2025-04-16T08:24:57+00:00</time>
      </trkpt>
      <trkpt lat="45.41285" lon="5.47342">
        <ele>662</ele>
        <time>2025-04-16T08:25:00+00:00</time>
      </trkpt>
      <trkpt lat="45.4128" lon="5.47351">
        <ele>664</ele>
        <time>2025-04-16T08:25:03+00:00</time>
      </trkpt>
      <trkpt lat="45.4127" lon="5.4736">
        <ele>664</ele>
        <time>2025-04-16T08:25:06+00:00</time>
      </trkpt>
      <trkpt lat="45.41259" lon="5.47366">
        <ele>670</ele>
        <time>2025-04-16T08:25:09+00:00</time>
      </trkpt>
      <trkpt lat="45.41244" lon="5.47373">
        <ele>671</ele>
        <time>2025-04-16T08:25:12+00:00</time>
      </trkpt>
      <trkpt lat="45.41231" lon="5.47378">
        <ele>673</ele>
        <time>2025-04-16T08:25:15+00:00</time>
      </trkpt>
      <trkpt lat="45.41211" lon="5.4739">
        <ele>676</ele>
        <time>2025-04-16T08:25:18+00:00</time>
      </trkpt>
      <trkpt lat="45.41193" lon="5.474">
        <ele>680</ele>
        <time>2025-04-16T08:25:21+00:00</time>
      </trkpt>
      <trkpt lat="45.4118" lon="5.47406">
        <ele>684</ele>
        <time>2025-04-16T08:25:24+00:00</time>
      </trkpt>
      <trkpt lat="45.41165" lon="5.47413">
        <ele>686</ele>
        <time>2025-04-16T08:25:27+00:00</time>
      </trkpt>
      <trkpt lat="45.41154" lon="5.47415">
        <ele>687</ele>
        <time>2025-04-16T08:25:30+00:00</time>
      </trkpt>
      <trkpt lat="45.41151" lon="5.47424">
        <ele>687</ele>
        <time>2025-04-16T08:25:33+00:00</time>
      </trkpt>
      <trkpt lat="45.41149" lon="5.47434">
        <ele>686</ele>
        <time>2025-04-16T08:25:36+00:00</time>
      </trkpt>
      <trkpt lat="45.41148" lon="5.47447">
        <ele>688</ele>
        <time>2025-04-16T08:25:39+00:00</time>
      </trkpt>
      <trkpt lat="45.41147" lon="5.47444">
        <ele>688</ele>
        <time>2025-04-16T08:25:42+00:00</time>
      </trkpt>
      <trkpt lat="45.41148" lon="5.47447">
        <ele>688</ele>
        <time>2025-04-16T08:25:45+00:00</time>
      </trkpt>
      <trkpt lat="45.4116" lon="5.47448">
        <ele>685</ele>
        <time>2025-04-16T08:25:48+00:00</time>
      </trkpt>
      <trkpt lat="45.41173" lon="5.47453">
        <ele>686</ele>
        <time>2025-04-16T08:25:51+00:00</time>
      </trkpt>
      <trkpt lat="45.41191" lon="5.47465">
        <ele>685</ele>
        <time>2025-04-16T08:25:54+00:00</time>
      </trkpt>
      <trkpt lat="45.41213" lon="5.47484">
        <ele>685</ele>
        <time>2025-04-16T08:25:57+00:00</time>
      </trkpt>
      <trkpt lat="45.41242" lon="5.47511">
        <ele>685</ele>
        <time>2025-04-16T08:26:00+00:00</time>
      </trkpt>
      <trkpt lat="45.41261" lon="5.47526">
        <ele>685</ele>
        <time>2025-04-16T08:26:03+00:00</time>
      </trkpt>
      <trkpt lat="45.41275" lon="5.47542">
        <ele>687</ele>
        <time>2025-04-16T08:26:06+00:00</time>
      </trkpt>
      <trkpt lat="45.41283" lon="5.4755">
        <ele>687</ele>
        <time>2025-04-16T08:26:09+00:00</time>
      </trkpt>
      <trkpt lat="45.41291" lon="5.47553">
        <ele>687</ele>
        <time>2025-04-16T08:26:12+00:00</time>
      </trkpt>
      <trkpt lat="45.413" lon="5.4756">
        <ele>688</ele>
        <time>2025-04-16T08:26:15+00:00</time>
      </trkpt>
      <trkpt lat="45.41314" lon="5.47577">
        <ele>689</ele>
        <time>2025-04-16T08:26:18+00:00</time>
      </trkpt>
      <trkpt lat="45.4132" lon="5.47592">
        <ele>691</ele>
        <time>2025-04-16T08:26:21+00:00</time>
      </trkpt>
      <trkpt lat="45.41327" lon="5.47618">
        <ele>694</ele>
        <time>2025-04-16T08:26:24+00:00</time>
      </trkpt>
      <trkpt lat="45.41333" lon="5.4765">
        <ele>698</ele>
        <time>2025-04-16T08:26:27+00:00</time>
      </trkpt>
      <trkpt lat="45.41335" lon="5.47688">
        <ele>702</ele>
        <time>2025-04-16T08:26:30+00:00</time>
      </trkpt>
      <trkpt lat="45.41338" lon="5.47724">
        <ele>706</ele>
        <time>2025-04-16T08:26:33+00:00</time>
      </trkpt>
      <trkpt lat="45.41341" lon="5.47753">
        <ele>709</ele>
        <time>2025-04-16T08:26:36+00:00</time>
      </trkpt>
      <trkpt lat="45.41338" lon="5.4777">
        <ele>710</ele>
        <time>2025-04-16T08:26:39+00:00</time>
      </trkpt>
      <trkpt lat="45.41329" lon="5.47803">
        <ele>715</ele>
        <time>2025-04-16T08:26:42+00:00</time>
      </trkpt>
      <trkpt lat="45.41315" lon="5.47829">
        <ele>716</ele>
        <time>2025-04-16T08:26:45+00:00</time>
      </trkpt>
      <trkpt lat="45.41301" lon="5.47854">
        <ele>718</ele>
        <time>2025-04-16T08:26:48+00:00</time>
      </trkpt>
      <trkpt lat="45.41279" lon="5.47886">
        <ele>722</ele>
        <time>2025-04-16T08:26:51+00:00</time>
      </trkpt>
      <trkpt lat="45.41276" lon="5.4789">
        <ele>723</ele>
        <time>2025-04-16T08:26:54+00:00</time>
      </trkpt>
      <trkpt lat="45.41262" lon="5.47912">
        <ele>726</ele>
        <time>2025-04-16T08:26:57+00:00</time>
      </trkpt>
      <trkpt lat="45.41258" lon="5.47918">
        <ele>727</ele>
        <time>2025-04-16T08:27:00+00:00</time>
      </trkpt>
      <trkpt lat="45.41256" lon="5.47928">
        <ele>727</ele>
        <time>2025-04-16T08:27:03+00:00</time>
      </trkpt>
      <trkpt lat="45.41256" lon="5.47958">
        <ele>729</ele>
        <time>2025-04-16T08:27:06+00:00</time>
      </trkpt>
      <trkpt lat="45.41257" lon="5.47973">
        <ele>730</ele>
        <time>2025-04-16T08:27:09+00:00</time>
      </trkpt>
      <trkpt lat="45.41259" lon="5.47988">
        <ele>730</ele>
        <time>2025-04-16T08:27:12+00:00</time>
      </trkpt>
      <trkpt lat="45.41237" lon="5.47972">
        <ele>730</ele>
        <time>2025-04-16T08:27:15+00:00</time>
      </trkpt>
      <trkpt lat="45.41217" lon="5.4796">
        <ele>731</ele>
        <time>2025-04-16T08:27:18+00:00</time>
      </trkpt>
      <trkpt lat="45.41211" lon="5.4796">
        <ele>731</ele>
        <time>2025-04-16T08:27:21+00:00</time>
      </trkpt>
      <trkpt lat="45.4119" lon="5.47975">
        <ele>731</ele>
        <time>2025-04-16T08:27:24+00:00</time>
      </trkpt>
      <trkpt lat="45.41176" lon="5.48004">
        <ele>731</ele>
        <time>2025-04-16T08:27:27+00:00</time>
      </trkpt>
      <trkpt lat="45.41161" lon="5.48037">
        <ele>731</ele>
        <time>2025-04-16T08:27:30+00:00</time>
      </trkpt>
      <trkpt lat="45.41133" lon="5.48082">
        <ele>732</ele>
        <time>2025-04-16T08:27:33+00:00</time>
      </trkpt>
      <trkpt lat="45.41112" lon="5.48105">
        <ele>732</ele>
        <time>2025-04-16T08:27:36+00:00</time>
      </trkpt>
      <trkpt lat="45.41099" lon="5.48116">
        <ele>734</ele>
        <time>2025-04-16T08:27:39+00:00</time>
      </trkpt>
      <trkpt lat="45.41073" lon="5.48123">
        <ele>735</ele>
        <time>2025-04-16T08:27:42+00:00</time>
      </trkpt>
      <trkpt lat="45.41051" lon="5.48121">
        <ele>737</ele>
        <time>2025-04-16T08:27:45+00:00</time>
      </trkpt>
      <trkpt lat="45.41034" lon="5.48124">
        <ele>738</ele>
        <time>2025-04-16T08:27:48+00:00</time>
      </trkpt>
      <trkpt lat="45.41019" lon="5.48123">
        <ele>739</ele>
        <time>2025-04-16T08:27:51+00:00</time>
      </trkpt>
      <trkpt lat="45.41003" lon="5.48136">
        <ele>739</ele>
        <time>2025-04-16T08:27:54+00:00</time>
      </trkpt>
      <trkpt lat="45.4098" lon="5.48145">
        <ele>740</ele>
        <time>2025-04-16T08:27:57+00:00</time>
      </trkpt>
      <trkpt lat="45.40939" lon="5.48162">
        <ele>740</ele>
        <time>2025-04-16T08:28:00+00:00</time>
      </trkpt>
      <trkpt lat="45.40908" lon="5.48176">
        <ele>740</ele>
        <time>2025-04-16T08:28:03+00:00</time>
      </trkpt>
      <trkpt lat="45.40876" lon="5.48191">
        <ele>741</ele>
        <time>2025-04-16T08:28:06+00:00</time>
      </trkpt>
      <trkpt lat="45.40836" lon="5.48209">
        <ele>742</ele>
        <time>2025-04-16T08:28:09+00:00</time>
      </trkpt>
      <trkpt lat="45.40803" lon="5.48238">
        <ele>742</ele>
        <time>2025-04-16T08:28:12+00:00</time>
      </trkpt>
      <trkpt lat="45.40786" lon="5.48259">
        <ele>742</ele>
        <time>2025-04-16T08:28:15+00:00</time>
      </trkpt>
      <trkpt lat="45.40776" lon="5.48273">
        <ele>740</ele>
        <time>2025-04-16T08:28:18+00:00</time>
      </trkpt>
      <trkpt lat="45.40771" lon="5.48272">
        <ele>741</ele>
        <time>2025-04-16T08:28:21+00:00</time>
      </trkpt>
      <trkpt lat="45.40771" lon="5.48273">
        <ele>740</ele>
        <time>2025-04-16T08:28:24+00:00</time>
      </trkpt>
      <trkpt lat="45.40766" lon="5.48276">
        <ele>738</ele>
        <time>2025-04-16T08:28:27+00:00</time>
      </trkpt>
      <trkpt lat="45.40778" lon="5.48281">
        <ele>739</ele>
        <time>2025-04-16T08:28:30+00:00</time>
      </trkpt>
      <trkpt lat="45.40786" lon="5.48283">
        <ele>741</ele>
        <time>2025-04-16T08:28:33+00:00</time>
      </trkpt>
      <trkpt lat="45.40795" lon="5.48286">
        <ele>742</ele>
        <time>2025-04-16T08:28:36+00:00</time>
      </trkpt>
      <trkpt lat="45.40805" lon="5.4829">
        <ele>741</ele>
        <time>2025-04-16T08:28:39+00:00</time>
      </trkpt>
      <trkpt lat="45.40814" lon="5.48296">
        <ele>742</ele>
        <time>2025-04-16T08:28:42+00:00</time>
      </trkpt>
      <trkpt lat="45.40825" lon="5.48302">
        <ele>741</ele>
        <time>2025-04-16T08:28:45+00:00</time>
      </trkpt>
      <trkpt lat="45.40839" lon="5.48309">
        <ele>741</ele>
        <time>2025-04-16T08:28:48+00:00</time>
      </trkpt>
      <trkpt lat="45.40845" lon="5.48313">
        <ele>739</ele>
        <time>2025-04-16T08:28:51+00:00</time>
      </trkpt>
      <trkpt lat="45.40853" lon="5.48315">
        <ele>739</ele>
        <time>2025-04-16T08:28:54+00:00</time>
      </trkpt>
      <trkpt lat="45.40863" lon="5.48315">
        <ele>739</ele>
        <time>2025-04-16T08:28:57+00:00</time>
      </trkpt>
      <trkpt lat="45.40874" lon="5.48318">
        <ele>739</ele>
        <time>2025-04-16T08:29:00+00:00</time>
      </trkpt>
      <trkpt lat="45.40885" lon="5.48321">
        <ele>739</ele>
        <time>2025-04-16T08:29:03+00:00</time>
      </trkpt>
      <trkpt lat="45.409" lon="5.48327">
        <ele>739</ele>
        <time>2025-04-16T08:29:06+00:00</time>
      </trkpt>
      <trkpt lat="45.40921" lon="5.48339">
        <ele>740</ele>
        <time>2025-04-16T08:29:09+00:00</time>
      </trkpt>
      <trkpt lat="45.40932" lon="5.48344">
        <ele>740</ele>
        <time>2025-04-16T08:29:12+00:00</time>
      </trkpt>
      <trkpt lat="45.40954" lon="5.48358">
        <ele>740</ele>
        <time>2025-04-16T08:29:15+00:00</time>
      </trkpt>
      <trkpt lat="45.4097" lon="5.48367">
        <ele>741</ele>
        <time>2025-04-16T08:29:18+00:00</time>
      </trkpt>
      <trkpt lat="45.40989" lon="5.48374">
        <ele>741</ele>
        <time>2025-04-16T08:29:21+00:00</time>
      </trkpt>
      <trkpt lat="45.40997" lon="5.48378">
        <ele>741</ele>
        <time>2025-04-16T08:29:24+00:00</time>
      </trkpt>
      <trkpt lat="45.41003" lon="5.48386">
        <ele>742</ele>
        <time>2025-04-16T08:29:27+00:00</time>
      </trkpt>
      <trkpt lat="45.41005" lon="5.48391">
        <ele>742</ele>
        <time>2025-04-16T08:29:30+00:00</time>
      </trkpt>
      <trkpt lat="45.41008" lon="5.48398">
        <ele>742</ele>
        <time>2025-04-16T08:29:33+00:00</time>
      </trkpt>
      <trkpt lat="45.41015" lon="5.48407">
        <ele>743</ele>
        <time>2025-04-16T08:29:36+00:00</time>
      </trkpt>
      <trkpt lat="45.4102" lon="5.48412">
        <ele>743</ele>
        <time>2025-04-16T08:29:39+00:00</time>
      </trkpt>
      <trkpt lat="45.41024" lon="5.48419">
        <ele>744</ele>
        <time>2025-04-16T08:29:42+00:00</time>
      </trkpt>
      <trkpt lat="45.41027" lon="5.48429">
        <ele>744</ele>
        <time>2025-04-16T08:29:45+00:00</time>
      </trkpt>
      <trkpt lat="45.41028" lon="5.48441">
        <ele>743</ele>
        <time>2025-04-16T08:29:48+00:00</time>
      </trkpt>
      <trkpt lat="45.41028" lon="5.48453">
        <ele>744</ele>
        <time>2025-04-16T08:29:51+00:00</time>
      </trkpt>
      <trkpt lat="45.41026" lon="5.48462">
        <ele>743</ele>
        <time>2025-04-16T08:29:54+00:00</time>
      </trkpt>
      <trkpt lat="45.41022" lon="5.48473">
        <ele>743</ele>
        <time>2025-04-16T08:29:57+00:00</time>
      </trkpt>
      <trkpt lat="45.41023" lon="5.48481">
        <ele>743</ele>
        <time>2025-04-16T08:30:00+00:00</time>
      </trkpt>
      <trkpt lat="45.41027" lon="5.48486">
        <ele>743</ele>
        <time>2025-04-16T08:30:03+00:00</time>
      </trkpt>
      <trkpt lat="45.41032" lon="5.4849">
        <ele>743</ele>
        <time>2025-04-16T08:30:06+00:00</time>
      </trkpt>
      <trkpt lat="45.41039" lon="5.48492">
        <ele>743</ele>
        <time>2025-04-16T08:30:09+00:00</time>
      </trkpt>
      <trkpt lat="45.41046" lon="5.48495">
        <ele>744</ele>
        <time>2025-04-16T08:30:12+00:00</time>
      </trkpt>
      <trkpt lat="45.41052" lon="5.48499">
        <ele>744</ele>
        <time>2025-04-16T08:30:15+00:00</time>
      </trkpt>
      <trkpt lat="45.41056" lon="5.48504">
        <ele>743</ele>
        <time>2025-04-16T08:30:18+00:00</time>
      </trkpt>
      <trkpt lat="45.41058" lon="5.48507">
        <ele>744</ele>
        <time>2025-04-16T08:30:21+00:00</time>
      </trkpt>
      <trkpt lat="45.41061" lon="5.4851">
        <ele>743</ele>
        <time>2025-04-16T08:30:24+00:00</time>
      </trkpt>
      <trkpt lat="45.41064" lon="5.4852">
        <ele>743</ele>
        <time>2025-04-16T08:30:27+00:00</time>
      </trkpt>
      <trkpt lat="45.41067" lon="5.48526">
        <ele>743</ele>
        <time>2025-04-16T08:30:30+00:00</time>
      </trkpt>
      <trkpt lat="45.41072" lon="5.4853">
        <ele>743</ele>
        <time>2025-04-16T08:30:33+00:00</time>
      </trkpt>
      <trkpt lat="45.41077" lon="5.48534">
        <ele>743</ele>
        <time>2025-04-16T08:30:36+00:00</time>
      </trkpt>
      <trkpt lat="45.41084" lon="5.48537">
        <ele>743</ele>
        <time>2025-04-16T08:30:39+00:00</time>
      </trkpt>
      <trkpt lat="45.41094" lon="5.48543">
        <ele>742</ele>
        <time>2025-04-16T08:30:42+00:00</time>
      </trkpt>
      <trkpt lat="45.41094" lon="5.48557">
        <ele>742</ele>
        <time>2025-04-16T08:30:45+00:00</time>
      </trkpt>
      <trkpt lat="45.41093" lon="5.48573">
        <ele>740</ele>
        <time>2025-04-16T08:30:48+00:00</time>
      </trkpt>
      <trkpt lat="45.41094" lon="5.48582">
        <ele>740</ele>
        <time>2025-04-16T08:30:51+00:00</time>
      </trkpt>
      <trkpt lat="45.41098" lon="5.48591">
        <ele>741</ele>
        <time>2025-04-16T08:30:54+00:00</time>
      </trkpt>
      <trkpt lat="45.41105" lon="5.48602">
        <ele>739</ele>
        <time>2025-04-16T08:30:57+00:00</time>
      </trkpt>
      <trkpt lat="45.41109" lon="5.48611">
        <ele>739</ele>
        <time>2025-04-16T08:31:00+00:00</time>
      </trkpt>
      <trkpt lat="45.41114" lon="5.48623">
        <ele>740</ele>
        <time>2025-04-16T08:31:03+00:00</time>
      </trkpt>
      <trkpt lat="45.41121" lon="5.48634">
        <ele>740</ele>
        <time>2025-04-16T08:31:06+00:00</time>
      </trkpt>
      <trkpt lat="45.41113" lon="5.48644">
        <ele>739</ele>
        <time>2025-04-16T08:31:09+00:00</time>
      </trkpt>
      <trkpt lat="45.41102" lon="5.48659">
        <ele>738</ele>
        <time>2025-04-16T08:31:12+00:00</time>
      </trkpt>
      <trkpt lat="45.41094" lon="5.48679">
        <ele>736</ele>
        <time>2025-04-16T08:31:15+00:00</time>
      </trkpt>
      <trkpt lat="45.41087" lon="5.48709">
        <ele>733</ele>
        <time>2025-04-16T08:31:18+00:00</time>
      </trkpt>
      <trkpt lat="45.41081" lon="5.48733">
        <ele>733</ele>
        <time>2025-04-16T08:31:21+00:00</time>
      </trkpt>
      <trkpt lat="45.41077" lon="5.4875">
        <ele>732</ele>
        <time>2025-04-16T08:31:24+00:00</time>
      </trkpt>
      <trkpt lat="45.41076" lon="5.48771">
        <ele>731</ele>
        <time>2025-04-16T08:31:27+00:00</time>
      </trkpt>
      <trkpt lat="45.41076" lon="5.48795">
        <ele>732</ele>
        <time>2025-04-16T08:31:30+00:00</time>
      </trkpt>
      <trkpt lat="45.41076" lon="5.48817">
        <ele>732</ele>
        <time>2025-04-16T08:31:33+00:00</time>
      </trkpt>
      <trkpt lat="45.41075" lon="5.48826">
        <ele>732</ele>
        <time>2025-04-16T08:31:36+00:00</time>
      </trkpt>
      <trkpt lat="45.41072" lon="5.48841">
        <ele>733</ele>
        <time>2025-04-16T08:31:39+00:00</time>
      </trkpt>
      <trkpt lat="45.41064" lon="5.48853">
        <ele>729</ele>
        <time>2025-04-16T08:31:42+00:00</time>
      </trkpt>
      <trkpt lat="45.41061" lon="5.48864">
        <ele>729</ele>
        <time>2025-04-16T08:31:45+00:00</time>
      </trkpt>
      <trkpt lat="45.41057" lon="5.48877">
        <ele>728</ele>
        <time>2025-04-16T08:31:48+00:00</time>
      </trkpt>
      <trkpt lat="45.41057" lon="5.48891">
        <ele>729</ele>
        <time>2025-04-16T08:31:51+00:00</time>
      </trkpt>
      <trkpt lat="45.4106" lon="5.48908">
        <ele>731</ele>
        <time>2025-04-16T08:31:54+00:00</time>
      </trkpt>
      <trkpt lat="45.41066" lon="5.48921">
        <ele>732</ele>
        <time>2025-04-16T08:31:57+00:00</time>
      </trkpt>
      <trkpt lat="45.41068" lon="5.4893">
        <ele>732</ele>
        <time>2025-04-16T08:32:00+00:00</time>
      </trkpt>
      <trkpt lat="45.41068" lon="5.48939">
        <ele>732</ele>
        <time>2025-04-16T08:32:03+00:00</time>
      </trkpt>
      <trkpt lat="45.41062" lon="5.48959">
        <ele>732</ele>
        <time>2025-04-16T08:32:06+00:00</time>
      </trkpt>
      <trkpt lat="45.41053" lon="5.48976">
        <ele>730</ele>
        <time>2025-04-16T08:32:09+00:00</time>
      </trkpt>
      <trkpt lat="45.41051" lon="5.48988">
        <ele>730</ele>
        <time>2025-04-16T08:32:12+00:00</time>
      </trkpt>
      <trkpt lat="45.41041" lon="5.48998">
        <ele>729</ele>
        <time>2025-04-16T08:32:15+00:00</time>
      </trkpt>
      <trkpt lat="45.41036" lon="5.49006">
        <ele>728</ele>
        <time>2025-04-16T08:32:18+00:00</time>
      </trkpt>
      <trkpt lat="45.41028" lon="5.49012">
        <ele>727</ele>
        <time>2025-04-16T08:32:21+00:00</time>
      </trkpt>
      <trkpt lat="45.41014" lon="5.49017">
        <ele>726</ele>
        <time>2025-04-16T08:32:24+00:00</time>
      </trkpt>
      <trkpt lat="45.40998" lon="5.49024">
        <ele>724</ele>
        <time>2025-04-16T08:32:27+00:00</time>
      </trkpt>
      <trkpt lat="45.40977" lon="5.49032">
        <ele>723</ele>
        <time>2025-04-16T08:32:30+00:00</time>
      </trkpt>
      <trkpt lat="45.40966" lon="5.49036">
        <ele>722</ele>
        <time>2025-04-16T08:32:33+00:00</time>
      </trkpt>
      <trkpt lat="45.40954" lon="5.49039">
        <ele>721</ele>
        <time>2025-04-16T08:32:36+00:00</time>
      </trkpt>
      <trkpt lat="45.40938" lon="5.49046">
        <ele>719</ele>
        <time>2025-04-16T08:32:39+00:00</time>
      </trkpt>
      <trkpt lat="45.40921" lon="5.49047">
        <ele>719</ele>
        <time>2025-04-16T08:32:42+00:00</time>
      </trkpt>
      <trkpt lat="45.40885" lon="5.49048">
        <ele>715</ele>
        <time>2025-04-16T08:32:45+00:00</time>
      </trkpt>
      <trkpt lat="45.40871" lon="5.49048">
        <ele>714</ele>
        <time>2025-04-16T08:32:48+00:00</time>
      </trkpt>
      <trkpt lat="45.40864" lon="5.49053">
        <ele>715</ele>
        <time>2025-04-16T08:32:51+00:00</time>
      </trkpt>
      <trkpt lat="45.40857" lon="5.49065">
        <ele>717</ele>
        <time>2025-04-16T08:32:54+00:00</time>
      </trkpt>
      <trkpt lat="45.40857" lon="5.49066">
        <ele>717</ele>
        <time>2025-04-16T08:32:57+00:00</time>
      </trkpt>
      <trkpt lat="45.40851" lon="5.49072">
        <ele>718</ele>
        <time>2025-04-16T08:33:00+00:00</time>
      </trkpt>
      <trkpt lat="45.40835" lon="5.49073">
        <ele>714</ele>
        <time>2025-04-16T08:33:03+00:00</time>
      </trkpt>
      <trkpt lat="45.40817" lon="5.49075">
        <ele>713</ele>
        <time>2025-04-16T08:33:06+00:00</time>
      </trkpt>
      <trkpt lat="45.40798" lon="5.49076">
        <ele>710</ele>
        <time>2025-04-16T08:33:09+00:00</time>
      </trkpt>
      <trkpt lat="45.40789" lon="5.4908">
        <ele>710</ele>
        <time>2025-04-16T08:33:12+00:00</time>
      </trkpt>
      <trkpt lat="45.40777" lon="5.49089">
        <ele>708</ele>
        <time>2025-04-16T08:33:15+00:00</time>
      </trkpt>
      <trkpt lat="45.40758" lon="5.49105">
        <ele>706</ele>
        <time>2025-04-16T08:33:18+00:00</time>
      </trkpt>
      <trkpt lat="45.40738" lon="5.49123">
        <ele>706</ele>
        <time>2025-04-16T08:33:21+00:00</time>
      </trkpt>
      <trkpt lat="45.40728" lon="5.49137">
        <ele>705</ele>
        <time>2025-04-16T08:33:24+00:00</time>
      </trkpt>
      <trkpt lat="45.40723" lon="5.49154">
        <ele>707</ele>
        <time>2025-04-16T08:33:27+00:00</time>
      </trkpt>
      <trkpt lat="45.40723" lon="5.49161">
        <ele>708</ele>
        <time>2025-04-16T08:33:30+00:00</time>
      </trkpt>
      <trkpt lat="45.40725" lon="5.49168">
        <ele>708</ele>
        <time>2025-04-16T08:33:33+00:00</time>
      </trkpt>
      <trkpt lat="45.40719" lon="5.49194">
        <ele>710</ele>
        <time>2025-04-16T08:33:36+00:00</time>
      </trkpt>
      <trkpt lat="45.40712" lon="5.49221">
        <ele>713</ele>
        <time>2025-04-16T08:33:39+00:00</time>
      </trkpt>
      <trkpt lat="45.40702" lon="5.49252">
        <ele>715</ele>
        <time>2025-04-16T08:33:42+00:00</time>
      </trkpt>
      <trkpt lat="45.40692" lon="5.49283">
        <ele>715</ele>
        <time>2025-04-16T08:33:45+00:00</time>
      </trkpt>
      <trkpt lat="45.40685" lon="5.49318">
        <ele>714</ele>
        <time>2025-04-16T08:33:48+00:00</time>
      </trkpt>
      <trkpt lat="45.40677" lon="5.4936">
        <ele>714</ele>
        <time>2025-04-16T08:33:51+00:00</time>
      </trkpt>
      <trkpt lat="45.40665" lon="5.49401">
        <ele>712</ele>
        <time>2025-04-16T08:33:54+00:00</time>
      </trkpt>
      <trkpt lat="45.40653" lon="5.49462">
        <ele>703</ele>
        <time>2025-04-16T08:33:57+00:00</time>
      </trkpt>
      <trkpt lat="45.40653" lon="5.49465">
        <ele>703</ele>
        <time>2025-04-16T08:34:00+00:00</time>
      </trkpt>
      <trkpt lat="45.40655" lon="5.49465">
        <ele>703</ele>
        <time>2025-04-16T08:34:03+00:00</time>
      </trkpt>
      <trkpt lat="45.40653" lon="5.49517">
        <ele>695</ele>
        <time>2025-04-16T08:34:06+00:00</time>
      </trkpt>
      <trkpt lat="45.40654" lon="5.4956">
        <ele>688</ele>
        <time>2025-04-16T08:34:09+00:00</time>
      </trkpt>
      <trkpt lat="45.40658" lon="5.49591">
        <ele>685</ele>
        <time>2025-04-16T08:34:12+00:00</time>
      </trkpt>
      <trkpt lat="45.4065" lon="5.49621">
        <ele>682</ele>
        <time>2025-04-16T08:34:15+00:00</time>
      </trkpt>
      <trkpt lat="45.40634" lon="5.49664">
        <ele>682</ele>
        <time>2025-04-16T08:34:18+00:00</time>
      </trkpt>
      <trkpt lat="45.40632" lon="5.49671">
        <ele>682</ele>
        <time>2025-04-16T08:34:21+00:00</time>
      </trkpt>
      <trkpt lat="45.40613" lon="5.49667">
        <ele>681</ele>
        <time>2025-04-16T08:34:24+00:00</time>
      </trkpt>
      <trkpt lat="45.40602" lon="5.49659">
        <ele>678</ele>
        <time>2025-04-16T08:34:27+00:00</time>
      </trkpt>
      <trkpt lat="45.4059" lon="5.49656">
        <ele>677</ele>
        <time>2025-04-16T08:34:30+00:00</time>
      </trkpt>
      <trkpt lat="45.4057" lon="5.49652">
        <ele>670</ele>
        <time>2025-04-16T08:34:33+00:00</time>
      </trkpt>
      <trkpt lat="45.40549" lon="5.49645">
        <ele>666</ele>
        <time>2025-04-16T08:34:36+00:00</time>
      </trkpt>
      <trkpt lat="45.40523" lon="5.49629">
        <ele>658</ele>
        <time>2025-04-16T08:34:39+00:00</time>
      </trkpt>
      <trkpt lat="45.40497" lon="5.49616">
        <ele>651</ele>
        <time>2025-04-16T08:34:42+00:00</time>
      </trkpt>
      <trkpt lat="45.40477" lon="5.49605">
        <ele>646</ele>
        <time>2025-04-16T08:34:45+00:00</time>
      </trkpt>
      <trkpt lat="45.40459" lon="5.49604">
        <ele>642</ele>
        <time>2025-04-16T08:34:48+00:00</time>
      </trkpt>
      <trkpt lat="45.40437" lon="5.49604">
        <ele>640</ele>
        <time>2025-04-16T08:34:51+00:00</time>
      </trkpt>
      <trkpt lat="45.40437" lon="5.49604">
        <ele>640</ele>
        <time>2025-04-16T08:34:54+00:00</time>
      </trkpt>
      <trkpt lat="45.40422" lon="5.49606">
        <ele>639</ele>
        <time>2025-04-16T08:34:57+00:00</time>
      </trkpt>
      <trkpt lat="45.40404" lon="5.49613">
        <ele>638</ele>
        <time>2025-04-16T08:35:00+00:00</time>
      </trkpt>
      <trkpt lat="45.40398" lon="5.49611">
        <ele>637</ele>
        <time>2025-04-16T08:35:03+00:00</time>
      </trkpt>
      <trkpt lat="45.40394" lon="5.49609">
        <ele>635</ele>
        <time>2025-04-16T08:35:06+00:00</time>
      </trkpt>
      <trkpt lat="45.40393" lon="5.49601">
        <ele>635</ele>
        <time>2025-04-16T08:35:09+00:00</time>
      </trkpt>
      <trkpt lat="45.40391" lon="5.49578">
        <ele>625</ele>
        <time>2025-04-16T08:35:12+00:00</time>
      </trkpt>
      <trkpt lat="45.40388" lon="5.49553">
        <ele>620</ele>
        <time>2025-04-16T08:35:15+00:00</time>
      </trkpt>
      <trkpt lat="45.40382" lon="5.49549">
        <ele>617</ele>
        <time>2025-04-16T08:35:18+00:00</time>
      </trkpt>
      <trkpt lat="45.40373" lon="5.49544">
        <ele>616</ele>
        <time>2025-04-16T08:35:21+00:00</time>
      </trkpt>
      <trkpt lat="45.40362" lon="5.49539">
        <ele>610</ele>
        <time>2025-04-16T08:35:24+00:00</time>
      </trkpt>
      <trkpt lat="45.40355" lon="5.49534">
        <ele>608</ele>
        <time>2025-04-16T08:35:27+00:00</time>
      </trkpt>
      <trkpt lat="45.40345" lon="5.49523">
        <ele>602</ele>
        <time>2025-04-16T08:35:30+00:00</time>
      </trkpt>
      <trkpt lat="45.4033" lon="5.49509">
        <ele>592</ele>
        <time>2025-04-16T08:35:33+00:00</time>
      </trkpt>
      <trkpt lat="45.40321" lon="5.49504">
        <ele>592</ele>
        <time>2025-04-16T08:35:36+00:00</time>
      </trkpt>
      <trkpt lat="45.4031" lon="5.49501">
        <ele>587</ele>
        <time>2025-04-16T08:35:39+00:00</time>
      </trkpt>
      <trkpt lat="45.403" lon="5.49502">
        <ele>584</ele>
        <time>2025-04-16T08:35:42+00:00</time>
      </trkpt>
      <trkpt lat="45.40295" lon="5.49503">
        <ele>584</ele>
        <time>2025-04-16T08:35:45+00:00</time>
      </trkpt>
      <trkpt lat="45.4029" lon="5.49505">
        <ele>577</ele>
        <time>2025-04-16T08:35:48+00:00</time>
      </trkpt>
      <trkpt lat="45.40273" lon="5.49513">
        <ele>575</ele>
        <time>2025-04-16T08:35:51+00:00</time>
      </trkpt>
      <trkpt lat="45.40265" lon="5.49517">
        <ele>571</ele>
        <time>2025-04-16T08:35:54+00:00</time>
      </trkpt>
      <trkpt lat="45.40258" lon="5.49524">
        <ele>568</ele>
        <time>2025-04-16T08:35:57+00:00</time>
      </trkpt>
      <trkpt lat="45.40249" lon="5.49536">
        <ele>570</ele>
        <time>2025-04-16T08:36:00+00:00</time>
      </trkpt>
      <trkpt lat="45.40233" lon="5.49571">
        <ele>566</ele>
        <time>2025-04-16T08:36:03+00:00</time>
      </trkpt>
      <trkpt lat="45.4022" lon="5.49609">
        <ele>562</ele>
        <time>2025-04-16T08:36:06+00:00</time>
      </trkpt>
      <trkpt lat="45.40197" lon="5.49653">
        <ele>553</ele>
        <time>2025-04-16T08:36:09+00:00</time>
      </trkpt>
      <trkpt lat="45.40173" lon="5.497">
        <ele>550</ele>
        <time>2025-04-16T08:36:12+00:00</time>
      </trkpt>
      <trkpt lat="45.4016" lon="5.49737">
        <ele>544</ele>
        <time>2025-04-16T08:36:15+00:00</time>
      </trkpt>
      <trkpt lat="45.40151" lon="5.49765">
        <ele>541</ele>
        <time>2025-04-16T08:36:18+00:00</time>
      </trkpt>
      <trkpt lat="45.40142" lon="5.49804">
        <ele>540</ele>
        <time>2025-04-16T08:36:21+00:00</time>
      </trkpt>
      <trkpt lat="45.40132" lon="5.49843">
        <ele>538</ele>
        <time>2025-04-16T08:36:24+00:00</time>
      </trkpt>
      <trkpt lat="45.40122" lon="5.49877">
        <ele>535</ele>
        <time>2025-04-16T08:36:27+00:00</time>
      </trkpt>
      <trkpt lat="45.40112" lon="5.49902">
        <ele>533</ele>
        <time>2025-04-16T08:36:30+00:00</time>
      </trkpt>
      <trkpt lat="45.40106" lon="5.49912">
        <ele>527</ele>
        <time>2025-04-16T08:36:33+00:00</time>
      </trkpt>
      <trkpt lat="45.40104" lon="5.49912">
        <ele>527</ele>
        <time>2025-04-16T08:36:36+00:00</time>
      </trkpt>
      <trkpt lat="45.40103" lon="5.49912">
        <ele>527</ele>
        <time>2025-04-16T08:36:39+00:00</time>
      </trkpt>
      <trkpt lat="45.40085" lon="5.49911">
        <ele>520</ele>
        <time>2025-04-16T08:36:42+00:00</time>
      </trkpt>
      <trkpt lat="45.40071" lon="5.49904">
        <ele>515</ele>
        <time>2025-04-16T08:36:45+00:00</time>
      </trkpt>
      <trkpt lat="45.40064" lon="5.49917">
        <ele>515</ele>
        <time>2025-04-16T08:36:48+00:00</time>
      </trkpt>
      <trkpt lat="45.40058" lon="5.49933">
        <ele>513</ele>
        <time>2025-04-16T08:36:51+00:00</time>
      </trkpt>
      <trkpt lat="45.40052" lon="5.49975">
        <ele>515</ele>
        <time>2025-04-16T08:36:54+00:00</time>
      </trkpt>
      <trkpt lat="45.40059" lon="5.49996">
        <ele>515</ele>
        <time>2025-04-16T08:36:57+00:00</time>
      </trkpt>
      <trkpt lat="45.40061" lon="5.50014">
        <ele>519</ele>
        <time>2025-04-16T08:37:00+00:00</time>
      </trkpt>
      <trkpt lat="45.40079" lon="5.50066">
        <ele>529</ele>
        <time>2025-04-16T08:37:03+00:00</time>
      </trkpt>
      <trkpt lat="45.40091" lon="5.50113">
        <ele>542</ele>
        <time>2025-04-16T08:37:06+00:00</time>
      </trkpt>
      <trkpt lat="45.40093" lon="5.50132">
        <ele>542</ele>
        <time>2025-04-16T08:37:09+00:00</time>
      </trkpt>
      <trkpt lat="45.401" lon="5.50158">
        <ele>542</ele>
        <time>2025-04-16T08:37:12+00:00</time>
      </trkpt>
      <trkpt lat="45.40101" lon="5.50177">
        <ele>547</ele>
        <time>2025-04-16T08:37:15+00:00</time>
      </trkpt>
      <trkpt lat="45.40098" lon="5.50215">
        <ele>540</ele>
        <time>2025-04-16T08:37:18+00:00</time>
      </trkpt>
      <trkpt lat="45.40096" lon="5.5023">
        <ele>540</ele>
        <time>2025-04-16T08:37:21+00:00</time>
      </trkpt>
      <trkpt lat="45.40097" lon="5.50271">
        <ele>537</ele>
        <time>2025-04-16T08:37:24+00:00</time>
      </trkpt>
      <trkpt lat="45.40095" lon="5.50293">
        <ele>536</ele>
        <time>2025-04-16T08:37:27+00:00</time>
      </trkpt>
      <trkpt lat="45.40097" lon="5.50336">
        <ele>535</ele>
        <time>2025-04-16T08:37:30+00:00</time>
      </trkpt>
      <trkpt lat="45.40105" lon="5.50391">
        <ele>534</ele>
        <time>2025-04-16T08:37:33+00:00</time>
      </trkpt>
      <trkpt lat="45.40098" lon="5.50434">
        <ele>529</ele>
        <time>2025-04-16T08:37:36+00:00</time>
      </trkpt>
      <trkpt lat="45.401" lon="5.50493">
        <ele>528</ele>
        <time>2025-04-16T08:37:39+00:00</time>
      </trkpt>
      <trkpt lat="45.40098" lon="5.50507">
        <ele>528</ele>
        <time>2025-04-16T08:37:42+00:00</time>
      </trkpt>
      <trkpt lat="45.40079" lon="5.50536">
        <ele>527</ele>
        <time>2025-04-16T08:37:45+00:00</time>
      </trkpt>
      <trkpt lat="45.40074" lon="5.50541">
        <ele>526</ele>
        <time>2025-04-16T08:37:48+00:00</time>
      </trkpt>
      <trkpt lat="45.40074" lon="5.50541">
        <ele>526</ele>
        <time>2025-04-16T08:37:51+00:00</time>
      </trkpt>
      <trkpt lat="45.40072" lon="5.50544">
        <ele>526</ele>
        <time>2025-04-16T08:37:54+00:00</time>
      </trkpt>
      <trkpt lat="45.40069" lon="5.50546">
        <ele>525</ele>
        <time>2025-04-16T08:37:57+00:00</time>
      </trkpt>
      <trkpt lat="45.40076" lon="5.50551">
        <ele>527</ele>
        <time>2025-04-16T08:38:00+00:00</time>
      </trkpt>
      <trkpt lat="45.40084" lon="5.50557">
        <ele>528</ele>
        <time>2025-04-16T08:38:03+00:00</time>
      </trkpt>
      <trkpt lat="45.40088" lon="5.50566">
        <ele>528</ele>
        <time>2025-04-16T08:38:06+00:00</time>
      </trkpt>
      <trkpt lat="45.40093" lon="5.50579">
        <ele>530</ele>
        <time>2025-04-16T08:38:09+00:00</time>
      </trkpt>
      <trkpt lat="45.40095" lon="5.50597">
        <ele>530</ele>
        <time>2025-04-16T08:38:12+00:00</time>
      </trkpt>
      <trkpt lat="45.40095" lon="5.50616">
        <ele>531</ele>
        <time>2025-04-16T08:38:15+00:00</time>
      </trkpt>
      <trkpt lat="45.40095" lon="5.50633">
        <ele>531</ele>
        <time>2025-04-16T08:38:18+00:00</time>
      </trkpt>
      <trkpt lat="45.40096" lon="5.50653">
        <ele>532</ele>
        <time>2025-04-16T08:38:21+00:00</time>
      </trkpt>
      <trkpt lat="45.40099" lon="5.50671">
        <ele>532</ele>
        <time>2025-04-16T08:38:24+00:00</time>
      </trkpt>
      <trkpt lat="45.40103" lon="5.50691">
        <ele>537</ele>
        <time>2025-04-16T08:38:27+00:00</time>
      </trkpt>
      <trkpt lat="45.40107" lon="5.50707">
        <ele>538</ele>
        <time>2025-04-16T08:38:30+00:00</time>
      </trkpt>
      <trkpt lat="45.40112" lon="5.50727">
        <ele>547</ele>
        <time>2025-04-16T08:38:33+00:00</time>
      </trkpt>
      <trkpt lat="45.40115" lon="5.50754">
        <ele>549</ele>
        <time>2025-04-16T08:38:36+00:00</time>
      </trkpt>
      <trkpt lat="45.40118" lon="5.5078">
        <ele>550</ele>
        <time>2025-04-16T08:38:39+00:00</time>
      </trkpt>
      <trkpt lat="45.40117" lon="5.50804">
        <ele>551</ele>
        <time>2025-04-16T08:38:42+00:00</time>
      </trkpt>
      <trkpt lat="45.40115" lon="5.50819">
        <ele>552</ele>
        <time>2025-04-16T08:38:45+00:00</time>
      </trkpt>
      <trkpt lat="45.40114" lon="5.5083">
        <ele>553</ele>
        <time>2025-04-16T08:38:48+00:00</time>
      </trkpt>
      <trkpt lat="45.40111" lon="5.50852">
        <ele>550</ele>
        <time>2025-04-16T08:38:51+00:00</time>
      </trkpt>
      <trkpt lat="45.40108" lon="5.50875">
        <ele>546</ele>
        <time>2025-04-16T08:38:54+00:00</time>
      </trkpt>
      <trkpt lat="45.40106" lon="5.50898">
        <ele>550</ele>
        <time>2025-04-16T08:38:57+00:00</time>
      </trkpt>
      <trkpt lat="45.40104" lon="5.50916">
        <ele>549</ele>
        <time>2025-04-16T08:39:00+00:00</time>
      </trkpt>
      <trkpt lat="45.40104" lon="5.50936">
        <ele>551</ele>
        <time>2025-04-16T08:39:03+00:00</time>
      </trkpt>
      <trkpt lat="45.40104" lon="5.50957">
        <ele>552</ele>
        <time>2025-04-16T08:39:06+00:00</time>
      </trkpt>
      <trkpt lat="45.40105" lon="5.50974">
        <ele>553</ele>
        <time>2025-04-16T08:39:09+00:00</time>
      </trkpt>
      <trkpt lat="45.40105" lon="5.50992">
        <ele>554</ele>
        <time>2025-04-16T08:39:12+00:00</time>
      </trkpt>
      <trkpt lat="45.40104" lon="5.51011">
        <ele>555</ele>
        <time>2025-04-16T08:39:15+00:00</time>
      </trkpt>
      <trkpt lat="45.40102" lon="5.51032">
        <ele>556</ele>
        <time>2025-04-16T08:39:18+00:00</time>
      </trkpt>
      <trkpt lat="45.40101" lon="5.51048">
        <ele>557</ele>
        <time>2025-04-16T08:39:21+00:00</time>
      </trkpt>
      <trkpt lat="45.40097" lon="5.51065">
        <ele>554</ele>
        <time>2025-04-16T08:39:24+00:00</time>
      </trkpt>
      <trkpt lat="45.40093" lon="5.51081">
        <ele>554</ele>
        <time>2025-04-16T08:39:27+00:00</time>
      </trkpt>
      <trkpt lat="45.4009" lon="5.51098">
        <ele>552</ele>
        <time>2025-04-16T08:39:30+00:00</time>
      </trkpt>
      <trkpt lat="45.40087" lon="5.51117">
        <ele>556</ele>
        <time>2025-04-16T08:39:33+00:00</time>
      </trkpt>
      <trkpt lat="45.40084" lon="5.51134">
        <ele>556</ele>
        <time>2025-04-16T08:39:36+00:00</time>
      </trkpt>
      <trkpt lat="45.40082" lon="5.51151">
        <ele>554</ele>
        <time>2025-04-16T08:39:39+00:00</time>
      </trkpt>
      <trkpt lat="45.40081" lon="5.51168">
        <ele>558</ele>
        <time>2025-04-16T08:39:42+00:00</time>
      </trkpt>
      <trkpt lat="45.4008" lon="5.51188">
        <ele>555</ele>
        <time>2025-04-16T08:39:45+00:00</time>
      </trkpt>
      <trkpt lat="45.40078" lon="5.51203">
        <ele>557</ele>
        <time>2025-04-16T08:39:48+00:00</time>
      </trkpt>
      <trkpt lat="45.40078" lon="5.5122">
        <ele>557</ele>
        <time>2025-04-16T08:39:51+00:00</time>
      </trkpt>
      <trkpt lat="45.40076" lon="5.51259">
        <ele>565</ele>
        <time>2025-04-16T08:39:54+00:00</time>
      </trkpt>
      <trkpt lat="45.40073" lon="5.51315">
        <ele>572</ele>
        <time>2025-04-16T08:39:57+00:00</time>
      </trkpt>
      <trkpt lat="45.40071" lon="5.5135">
        <ele>571</ele>
        <time>2025-04-16T08:40:00+00:00</time>
      </trkpt>
      <trkpt lat="45.40068" lon="5.51387">
        <ele>571</ele>
        <time>2025-04-16T08:40:03+00:00</time>
      </trkpt>
      <trkpt lat="45.40068" lon="5.51418">
        <ele>571</ele>
        <time>2025-04-16T08:40:06+00:00</time>
      </trkpt>
      <trkpt lat="45.40071" lon="5.51446">
        <ele>571</ele>
        <time>2025-04-16T08:40:09+00:00</time>
      </trkpt>
      <trkpt lat="45.40071" lon="5.51448">
        <ele>575</ele>
        <time>2025-04-16T08:40:12+00:00</time>
      </trkpt>
      <trkpt lat="45.40078" lon="5.51476">
        <ele>572</ele>
        <time>2025-04-16T08:40:15+00:00</time>
      </trkpt>
      <trkpt lat="45.40103" lon="5.51532">
        <ele>577</ele>
        <time>2025-04-16T08:40:18+00:00</time>
      </trkpt>
      <trkpt lat="45.40118" lon="5.51562">
        <ele>577</ele>
        <time>2025-04-16T08:40:21+00:00</time>
      </trkpt>
      <trkpt lat="45.40136" lon="5.51598">
        <ele>576</ele>
        <time>2025-04-16T08:40:24+00:00</time>
      </trkpt>
      <trkpt lat="45.40148" lon="5.51627">
        <ele>573</ele>
        <time>2025-04-16T08:40:27+00:00</time>
      </trkpt>
      <trkpt lat="45.40162" lon="5.51658">
        <ele>571</ele>
        <time>2025-04-16T08:40:30+00:00</time>
      </trkpt>
      <trkpt lat="45.40167" lon="5.51674">
        <ele>562</ele>
        <time>2025-04-16T08:40:33+00:00</time>
      </trkpt>
      <trkpt lat="45.40185" lon="5.51708">
        <ele>565</ele>
        <time>2025-04-16T08:40:36+00:00</time>
      </trkpt>
      <trkpt lat="45.40215" lon="5.51753">
        <ele>553</ele>
        <time>2025-04-16T08:40:39+00:00</time>
      </trkpt>
      <trkpt lat="45.40232" lon="5.51785">
        <ele>553</ele>
        <time>2025-04-16T08:40:42+00:00</time>
      </trkpt>
      <trkpt lat="45.4025" lon="5.51817">
        <ele>550</ele>
        <time>2025-04-16T08:40:45+00:00</time>
      </trkpt>
      <trkpt lat="45.40263" lon="5.51839">
        <ele>547</ele>
        <time>2025-04-16T08:40:48+00:00</time>
      </trkpt>
      <trkpt lat="45.40269" lon="5.51845">
        <ele>540</ele>
        <time>2025-04-16T08:40:51+00:00</time>
      </trkpt>
      <trkpt lat="45.40293" lon="5.51868">
        <ele>543</ele>
        <time>2025-04-16T08:40:54+00:00</time>
      </trkpt>
      <trkpt lat="45.40313" lon="5.5188">
        <ele>539</ele>
        <time>2025-04-16T08:40:57+00:00</time>
      </trkpt>
      <trkpt lat="45.40335" lon="5.51891">
        <ele>539</ele>
        <time>2025-04-16T08:41:00+00:00</time>
      </trkpt>
      <trkpt lat="45.4035" lon="5.51898">
        <ele>539</ele>
        <time>2025-04-16T08:41:03+00:00</time>
      </trkpt>
      <trkpt lat="45.40359" lon="5.519">
        <ele>538</ele>
        <time>2025-04-16T08:41:06+00:00</time>
      </trkpt>
      <trkpt lat="45.40368" lon="5.51901">
        <ele>534</ele>
        <time>2025-04-16T08:41:09+00:00</time>
      </trkpt>
      <trkpt lat="45.40395" lon="5.51885">
        <ele>538</ele>
        <time>2025-04-16T08:41:12+00:00</time>
      </trkpt>
      <trkpt lat="45.40417" lon="5.51853">
        <ele>539</ele>
        <time>2025-04-16T08:41:15+00:00</time>
      </trkpt>
      <trkpt lat="45.40435" lon="5.51808">
        <ele>537</ele>
        <time>2025-04-16T08:41:18+00:00</time>
      </trkpt>
      <trkpt lat="45.40456" lon="5.51773">
        <ele>536</ele>
        <time>2025-04-16T08:41:21+00:00</time>
      </trkpt>
      <trkpt lat="45.40472" lon="5.51752">
        <ele>528</ele>
        <time>2025-04-16T08:41:24+00:00</time>
      </trkpt>
      <trkpt lat="45.40481" lon="5.5174">
        <ele>529</ele>
        <time>2025-04-16T08:41:27+00:00</time>
      </trkpt>
      <trkpt lat="45.40503" lon="5.5174">
        <ele>528</ele>
        <time>2025-04-16T08:41:30+00:00</time>
      </trkpt>
      <trkpt lat="45.40523" lon="5.51737">
        <ele>528</ele>
        <time>2025-04-16T08:41:33+00:00</time>
      </trkpt>
      <trkpt lat="45.40523" lon="5.51737">
        <ele>527</ele>
        <time>2025-04-16T08:41:36+00:00</time>
      </trkpt>
      <trkpt lat="45.40549" lon="5.51742">
        <ele>528</ele>
        <time>2025-04-16T08:41:39+00:00</time>
      </trkpt>
      <trkpt lat="45.40552" lon="5.51742">
        <ele>528</ele>
        <time>2025-04-16T08:41:42+00:00</time>
      </trkpt>
      <trkpt lat="45.40595" lon="5.5175">
        <ele>529</ele>
        <time>2025-04-16T08:41:45+00:00</time>
      </trkpt>
      <trkpt lat="45.40595" lon="5.51746">
        <ele>529</ele>
        <time>2025-04-16T08:41:48+00:00</time>
      </trkpt>
      <trkpt lat="45.40596" lon="5.51723">
        <ele>530</ele>
        <time>2025-04-16T08:41:51+00:00</time>
      </trkpt>
      <trkpt lat="45.40598" lon="5.51695">
        <ele>531</ele>
        <time>2025-04-16T08:41:54+00:00</time>
      </trkpt>
      <trkpt lat="45.40603" lon="5.51664">
        <ele>534</ele>
        <time>2025-04-16T08:41:57+00:00</time>
      </trkpt>
      <trkpt lat="45.40606" lon="5.5164">
        <ele>534</ele>
        <time>2025-04-16T08:42:00+00:00</time>
      </trkpt>
      <trkpt lat="45.4061" lon="5.51623">
        <ele>536</ele>
        <time>2025-04-16T08:42:03+00:00</time>
      </trkpt>
      <trkpt lat="45.40612" lon="5.51606">
        <ele>536</ele>
        <time>2025-04-16T08:42:06+00:00</time>
      </trkpt>
      <trkpt lat="45.40615" lon="5.51574">
        <ele>538</ele>
        <time>2025-04-16T08:42:09+00:00</time>
      </trkpt>
      <trkpt lat="45.4062" lon="5.51528">
        <ele>542</ele>
        <time>2025-04-16T08:42:12+00:00</time>
      </trkpt>
      <trkpt lat="45.40622" lon="5.51513">
        <ele>543</ele>
        <time>2025-04-16T08:42:15+00:00</time>
      </trkpt>
      <trkpt lat="45.40623" lon="5.51509">
        <ele>544</ele>
        <time>2025-04-16T08:42:18+00:00</time>
      </trkpt>
      <trkpt lat="45.40615" lon="5.51504">
        <ele>541</ele>
        <time>2025-04-16T08:42:21+00:00</time>
      </trkpt>
      <trkpt lat="45.40602" lon="5.515">
        <ele>542</ele>
        <time>2025-04-16T08:42:24+00:00</time>
      </trkpt>
      <trkpt lat="45.40578" lon="5.515">
        <ele>541</ele>
        <time>2025-04-16T08:42:27+00:00</time>
      </trkpt>
      <trkpt lat="45.40546" lon="5.51498">
        <ele>541</ele>
        <time>2025-04-16T08:42:30+00:00</time>
      </trkpt>
      <trkpt lat="45.4053" lon="5.51495">
        <ele>542</ele>
        <time>2025-04-16T08:42:33+00:00</time>
      </trkpt>
      <trkpt lat="45.40516" lon="5.51492">
        <ele>544</ele>
        <time>2025-04-16T08:42:36+00:00</time>
      </trkpt>
      <trkpt lat="45.4051" lon="5.5149">
        <ele>547</ele>
        <time>2025-04-16T08:42:39+00:00</time>
      </trkpt>
      <trkpt lat="45.40505" lon="5.51484">
        <ele>547</ele>
        <time>2025-04-16T08:42:42+00:00</time>
      </trkpt>
      <trkpt lat="45.40502" lon="5.51477">
        <ele>550</ele>
        <time>2025-04-16T08:42:45+00:00</time>
      </trkpt>
      <trkpt lat="45.40502" lon="5.5147">
        <ele>550</ele>
        <time>2025-04-16T08:42:48+00:00</time>
      </trkpt>
      <trkpt lat="45.40503" lon="5.51462">
        <ele>551</ele>
        <time>2025-04-16T08:42:51+00:00</time>
      </trkpt>
      <trkpt lat="45.40506" lon="5.51444">
        <ele>554</ele>
        <time>2025-04-16T08:42:54+00:00</time>
      </trkpt>
      <trkpt lat="45.40512" lon="5.51427">
        <ele>553</ele>
        <time>2025-04-16T08:42:57+00:00</time>
      </trkpt>
      <trkpt lat="45.4052" lon="5.51397">
        <ele>553</ele>
        <time>2025-04-16T08:43:00+00:00</time>
      </trkpt>
      <trkpt lat="45.40531" lon="5.51363">
        <ele>554</ele>
        <time>2025-04-16T08:43:03+00:00</time>
      </trkpt>
      <trkpt lat="45.40541" lon="5.51337">
        <ele>557</ele>
        <time>2025-04-16T08:43:06+00:00</time>
      </trkpt>
      <trkpt lat="45.40547" lon="5.51312">
        <ele>559</ele>
        <time>2025-04-16T08:43:09+00:00</time>
      </trkpt>
      <trkpt lat="45.40552" lon="5.51285">
        <ele>561</ele>
        <time>2025-04-16T08:43:12+00:00</time>
      </trkpt>
      <trkpt lat="45.40554" lon="5.51263">
        <ele>564</ele>
        <time>2025-04-16T08:43:15+00:00</time>
      </trkpt>
      <trkpt lat="45.40555" lon="5.51239">
        <ele>569</ele>
        <time>2025-04-16T08:43:18+00:00</time>
      </trkpt>
      <trkpt lat="45.40555" lon="5.51199">
        <ele>574</ele>
        <time>2025-04-16T08:43:21+00:00</time>
      </trkpt>
      <trkpt lat="45.40554" lon="5.51176">
        <ele>578</ele>
        <time>2025-04-16T08:43:24+00:00</time>
      </trkpt>
      <trkpt lat="45.40551" lon="5.51151">
        <ele>580</ele>
        <time>2025-04-16T08:43:27+00:00</time>
      </trkpt>
      <trkpt lat="45.4055" lon="5.51121">
        <ele>588</ele>
        <time>2025-04-16T08:43:30+00:00</time>
      </trkpt>
      <trkpt lat="45.40551" lon="5.51095">
        <ele>589</ele>
        <time>2025-04-16T08:43:33+00:00</time>
      </trkpt>
      <trkpt lat="45.40554" lon="5.5107">
        <ele>592</ele>
        <time>2025-04-16T08:43:36+00:00</time>
      </trkpt>
      <trkpt lat="45.4056" lon="5.51039">
        <ele>597</ele>
        <time>2025-04-16T08:43:39+00:00</time>
      </trkpt>
      <trkpt lat="45.40571" lon="5.51013">
        <ele>597</ele>
        <time>2025-04-16T08:43:42+00:00</time>
      </trkpt>
      <trkpt lat="45.40586" lon="5.50992">
        <ele>602</ele>
        <time>2025-04-16T08:43:45+00:00</time>
      </trkpt>
      <trkpt lat="45.40607" lon="5.50963">
        <ele>604</ele>
        <time>2025-04-16T08:43:48+00:00</time>
      </trkpt>
      <trkpt lat="45.40623" lon="5.50935">
        <ele>612</ele>
        <time>2025-04-16T08:43:51+00:00</time>
      </trkpt>
      <trkpt lat="45.40638" lon="5.50901">
        <ele>619</ele>
        <time>2025-04-16T08:43:54+00:00</time>
      </trkpt>
      <trkpt lat="45.40651" lon="5.50863">
        <ele>619</ele>
        <time>2025-04-16T08:43:57+00:00</time>
      </trkpt>
      <trkpt lat="45.40662" lon="5.5084">
        <ele>622</ele>
        <time>2025-04-16T08:44:00+00:00</time>
      </trkpt>
      <trkpt lat="45.40666" lon="5.50828">
        <ele>624</ele>
        <time>2025-04-16T08:44:03+00:00</time>
      </trkpt>
      <trkpt lat="45.40669" lon="5.50812">
        <ele>626</ele>
        <time>2025-04-16T08:44:06+00:00</time>
      </trkpt>
      <trkpt lat="45.40672" lon="5.50795">
        <ele>627</ele>
        <time>2025-04-16T08:44:09+00:00</time>
      </trkpt>
      <trkpt lat="45.40674" lon="5.50771">
        <ele>630</ele>
        <time>2025-04-16T08:44:12+00:00</time>
      </trkpt>
      <trkpt lat="45.40675" lon="5.5074">
        <ele>636</ele>
        <time>2025-04-16T08:44:15+00:00</time>
      </trkpt>
      <trkpt lat="45.40675" lon="5.50727">
        <ele>637</ele>
        <time>2025-04-16T08:44:18+00:00</time>
      </trkpt>
      <trkpt lat="45.40675" lon="5.5072">
        <ele>637</ele>
        <time>2025-04-16T08:44:21+00:00</time>
      </trkpt>
      <trkpt lat="45.40675" lon="5.50697">
        <ele>640</ele>
        <time>2025-04-16T08:44:24+00:00</time>
      </trkpt>
      <trkpt lat="45.40674" lon="5.50671">
        <ele>641</ele>
        <time>2025-04-16T08:44:27+00:00</time>
      </trkpt>
      <trkpt lat="45.40674" lon="5.50637">
        <ele>646</ele>
        <time>2025-04-16T08:44:30+00:00</time>
      </trkpt>
      <trkpt lat="45.40674" lon="5.50578">
        <ele>661</ele>
        <time>2025-04-16T08:44:33+00:00</time>
      </trkpt>
      <trkpt lat="45.40672" lon="5.50547">
        <ele>664</ele>
        <time>2025-04-16T08:44:36+00:00</time>
      </trkpt>
      <trkpt lat="45.40669" lon="5.50528">
        <ele>665</ele>
        <time>2025-04-16T08:44:39+00:00</time>
      </trkpt>
      <trkpt lat="45.40665" lon="5.5051">
        <ele>666</ele>
        <time>2025-04-16T08:44:42+00:00</time>
      </trkpt>
      <trkpt lat="45.40658" lon="5.5048">
        <ele>668</ele>
        <time>2025-04-16T08:44:45+00:00</time>
      </trkpt>
      <trkpt lat="45.40651" lon="5.50451">
        <ele>670</ele>
        <time>2025-04-16T08:44:48+00:00</time>
      </trkpt>
      <trkpt lat="45.40643" lon="5.50427">
        <ele>672</ele>
        <time>2025-04-16T08:44:51+00:00</time>
      </trkpt>
      <trkpt lat="45.40642" lon="5.5041">
        <ele>673</ele>
        <time>2025-04-16T08:44:54+00:00</time>
      </trkpt>
      <trkpt lat="45.40643" lon="5.50395">
        <ele>673</ele>
        <time>2025-04-16T08:44:57+00:00</time>
      </trkpt>
      <trkpt lat="45.40647" lon="5.50386">
        <ele>673</ele>
        <time>2025-04-16T08:45:00+00:00</time>
      </trkpt>
      <trkpt lat="45.40651" lon="5.50373">
        <ele>673</ele>
        <time>2025-04-16T08:45:03+00:00</time>
      </trkpt>
      <trkpt lat="45.40654" lon="5.50367">
        <ele>673</ele>
        <time>2025-04-16T08:45:06+00:00</time>
      </trkpt>
      <trkpt lat="45.40659" lon="5.50358">
        <ele>673</ele>
        <time>2025-04-16T08:45:09+00:00</time>
      </trkpt>
      <trkpt lat="45.40663" lon="5.50346">
        <ele>673</ele>
        <time>2025-04-16T08:45:12+00:00</time>
      </trkpt>
      <trkpt lat="45.40668" lon="5.5033">
        <ele>672</ele>
        <time>2025-04-16T08:45:15+00:00</time>
      </trkpt>
      <trkpt lat="45.40675" lon="5.503">
        <ele>672</ele>
        <time>2025-04-16T08:45:18+00:00</time>
      </trkpt>
      <trkpt lat="45.40679" lon="5.50267">
        <ele>671</ele>
        <time>2025-04-16T08:45:21+00:00</time>
      </trkpt>
      <trkpt lat="45.40684" lon="5.50239">
        <ele>671</ele>
        <time>2025-04-16T08:45:24+00:00</time>
      </trkpt>
      <trkpt lat="45.40684" lon="5.50222">
        <ele>670</ele>
        <time>2025-04-16T08:45:27+00:00</time>
      </trkpt>
      <trkpt lat="45.40684" lon="5.50216">
        <ele>670</ele>
        <time>2025-04-16T08:45:30+00:00</time>
      </trkpt>
      <trkpt lat="45.40683" lon="5.50199">
        <ele>672</ele>
        <time>2025-04-16T08:45:33+00:00</time>
      </trkpt>
      <trkpt lat="45.40682" lon="5.50188">
        <ele>672</ele>
        <time>2025-04-16T08:45:36+00:00</time>
      </trkpt>
      <trkpt lat="45.40683" lon="5.50179">
        <ele>673</ele>
        <time>2025-04-16T08:45:39+00:00</time>
      </trkpt>
      <trkpt lat="45.40687" lon="5.50157">
        <ele>674</ele>
        <time>2025-04-16T08:45:42+00:00</time>
      </trkpt>
      <trkpt lat="45.40698" lon="5.50124">
        <ele>674</ele>
        <time>2025-04-16T08:45:45+00:00</time>
      </trkpt>
      <trkpt lat="45.40704" lon="5.50107">
        <ele>674</ele>
        <time>2025-04-16T08:45:48+00:00</time>
      </trkpt>
      <trkpt lat="45.4071" lon="5.50091">
        <ele>674</ele>
        <time>2025-04-16T08:45:51+00:00</time>
      </trkpt>
      <trkpt lat="45.40719" lon="5.50062">
        <ele>673</ele>
        <time>2025-04-16T08:45:54+00:00</time>
      </trkpt>
      <trkpt lat="45.40728" lon="5.50032">
        <ele>673</ele>
        <time>2025-04-16T08:45:57+00:00</time>
      </trkpt>
      <trkpt lat="45.40736" lon="5.49994">
        <ele>674</ele>
        <time>2025-04-16T08:46:00+00:00</time>
      </trkpt>
      <trkpt lat="45.40745" lon="5.49948">
        <ele>674</ele>
        <time>2025-04-16T08:46:03+00:00</time>
      </trkpt>
      <trkpt lat="45.40746" lon="5.49943">
        <ele>674</ele>
        <time>2025-04-16T08:46:06+00:00</time>
      </trkpt>
      <trkpt lat="45.40758" lon="5.49897">
        <ele>672</ele>
        <time>2025-04-16T08:46:09+00:00</time>
      </trkpt>
      <trkpt lat="45.40771" lon="5.49855">
        <ele>663</ele>
        <time>2025-04-16T08:46:12+00:00</time>
      </trkpt>
      <trkpt lat="45.40782" lon="5.49808">
        <ele>659</ele>
        <time>2025-04-16T08:46:15+00:00</time>
      </trkpt>
      <trkpt lat="45.40791" lon="5.49755">
        <ele>658</ele>
        <time>2025-04-16T08:46:18+00:00</time>
      </trkpt>
      <trkpt lat="45.40796" lon="5.49715">
        <ele>658</ele>
        <time>2025-04-16T08:46:21+00:00</time>
      </trkpt>
      <trkpt lat="45.40802" lon="5.4969">
        <ele>655</ele>
        <time>2025-04-16T08:46:24+00:00</time>
      </trkpt>
      <trkpt lat="45.40809" lon="5.49657">
        <ele>659</ele>
        <time>2025-04-16T08:46:27+00:00</time>
      </trkpt>
      <trkpt lat="45.40817" lon="5.49626">
        <ele>660</ele>
        <time>2025-04-16T08:46:30+00:00</time>
      </trkpt>
      <trkpt lat="45.40824" lon="5.49599">
        <ele>659</ele>
        <time>2025-04-16T08:46:33+00:00</time>
      </trkpt>
      <trkpt lat="45.40827" lon="5.49591">
        <ele>662</ele>
        <time>2025-04-16T08:46:36+00:00</time>
      </trkpt>
      <trkpt lat="45.40846" lon="5.49569">
        <ele>659</ele>
        <time>2025-04-16T08:46:39+00:00</time>
      </trkpt>
      <trkpt lat="45.40859" lon="5.49553">
        <ele>657</ele>
        <time>2025-04-16T08:46:42+00:00</time>
      </trkpt>
      <trkpt lat="45.40873" lon="5.49532">
        <ele>657</ele>
        <time>2025-04-16T08:46:45+00:00</time>
      </trkpt>
      <trkpt lat="45.4088" lon="5.49525">
        <ele>658</ele>
        <time>2025-04-16T08:46:48+00:00</time>
      </trkpt>
      <trkpt lat="45.40883" lon="5.49523">
        <ele>655</ele>
        <time>2025-04-16T08:46:51+00:00</time>
      </trkpt>
      <trkpt lat="45.40886" lon="5.49524">
        <ele>655</ele>
        <time>2025-04-16T08:46:54+00:00</time>
      </trkpt>
      <trkpt lat="45.40893" lon="5.49529">
        <ele>650</ele>
        <time>2025-04-16T08:46:57+00:00</time>
      </trkpt>
      <trkpt lat="45.40925" lon="5.49556">
        <ele>650</ele>
        <time>2025-04-16T08:47:00+00:00</time>
      </trkpt>
      <trkpt lat="45.40936" lon="5.49563">
        <ele>650</ele>
        <time>2025-04-16T08:47:03+00:00</time>
      </trkpt>
      <trkpt lat="45.40947" lon="5.49548">
        <ele>647</ele>
        <time>2025-04-16T08:47:06+00:00</time>
      </trkpt>
      <trkpt lat="45.40958" lon="5.49537">
        <ele>646</ele>
        <time>2025-04-16T08:47:09+00:00</time>
      </trkpt>
      <trkpt lat="45.40976" lon="5.49522">
        <ele>647</ele>
        <time>2025-04-16T08:47:12+00:00</time>
      </trkpt>
      <trkpt lat="45.40999" lon="5.49509">
        <ele>647</ele>
        <time>2025-04-16T08:47:15+00:00</time>
      </trkpt>
      <trkpt lat="45.41023" lon="5.49504">
        <ele>647</ele>
        <time>2025-04-16T08:47:18+00:00</time>
      </trkpt>
      <trkpt lat="45.41045" lon="5.49494">
        <ele>646</ele>
        <time>2025-04-16T08:47:21+00:00</time>
      </trkpt>
      <trkpt lat="45.41051" lon="5.49496">
        <ele>646</ele>
        <time>2025-04-16T08:47:24+00:00</time>
      </trkpt>
      <trkpt lat="45.41054" lon="5.49496">
        <ele>646</ele>
        <time>2025-04-16T08:47:27+00:00</time>
      </trkpt>
      <trkpt lat="45.41055" lon="5.49496">
        <ele>646</ele>
        <time>2025-04-16T08:47:30+00:00</time>
      </trkpt>
      <trkpt lat="45.41075" lon="5.49495">
        <ele>646</ele>
        <time>2025-04-16T08:47:33+00:00</time>
      </trkpt>
      <trkpt lat="45.41095" lon="5.49492">
        <ele>645</ele>
        <time>2025-04-16T08:47:36+00:00</time>
      </trkpt>
      <trkpt lat="45.41107" lon="5.49491">
        <ele>645</ele>
        <time>2025-04-16T08:47:39+00:00</time>
      </trkpt>
      <trkpt lat="45.41117" lon="5.49491">
        <ele>645</ele>
        <time>2025-04-16T08:47:42+00:00</time>
      </trkpt>
      <trkpt lat="45.41124" lon="5.49493">
        <ele>644</ele>
        <time>2025-04-16T08:47:45+00:00</time>
      </trkpt>
      <trkpt lat="45.41129" lon="5.49495">
        <ele>644</ele>
        <time>2025-04-16T08:47:48+00:00</time>
      </trkpt>
      <trkpt lat="45.41138" lon="5.49498">
        <ele>644</ele>
        <time>2025-04-16T08:47:51+00:00</time>
      </trkpt>
      <trkpt lat="45.41147" lon="5.49495">
        <ele>643</ele>
        <time>2025-04-16T08:47:54+00:00</time>
      </trkpt>
      <trkpt lat="45.41154" lon="5.49494">
        <ele>643</ele>
        <time>2025-04-16T08:47:57+00:00</time>
      </trkpt>
      <trkpt lat="45.41161" lon="5.49494">
        <ele>642</ele>
        <time>2025-04-16T08:48:00+00:00</time>
      </trkpt>
      <trkpt lat="45.4118" lon="5.49497">
        <ele>641</ele>
        <time>2025-04-16T08:48:03+00:00</time>
      </trkpt>
      <trkpt lat="45.4119" lon="5.495">
        <ele>642</ele>
        <time>2025-04-16T08:48:06+00:00</time>
      </trkpt>
      <trkpt lat="45.41205" lon="5.49504">
        <ele>641</ele>
        <time>2025-04-16T08:48:09+00:00</time>
      </trkpt>
      <trkpt lat="45.41227" lon="5.49506">
        <ele>642</ele>
        <time>2025-04-16T08:48:12+00:00</time>
      </trkpt>
      <trkpt lat="45.41239" lon="5.49506">
        <ele>641</ele>
        <time>2025-04-16T08:48:15+00:00</time>
      </trkpt>
      <trkpt lat="45.41237" lon="5.49517">
        <ele>642</ele>
        <time>2025-04-16T08:48:18+00:00</time>
      </trkpt>
      <trkpt lat="45.41237" lon="5.49524">
        <ele>642</ele>
        <time>2025-04-16T08:48:21+00:00</time>
      </trkpt>
      <trkpt lat="45.41239" lon="5.49534">
        <ele>643</ele>
        <time>2025-04-16T08:48:24+00:00</time>
      </trkpt>
      <trkpt lat="45.41241" lon="5.49549">
        <ele>644</ele>
        <time>2025-04-16T08:48:27+00:00</time>
      </trkpt>
      <trkpt lat="45.41242" lon="5.49565">
        <ele>646</ele>
        <time>2025-04-16T08:48:30+00:00</time>
      </trkpt>
      <trkpt lat="45.41238" lon="5.49587">
        <ele>650</ele>
        <time>2025-04-16T08:48:33+00:00</time>
      </trkpt>
      <trkpt lat="45.41234" lon="5.4961">
        <ele>655</ele>
        <time>2025-04-16T08:48:36+00:00</time>
      </trkpt>
      <trkpt lat="45.41228" lon="5.4963">
        <ele>659</ele>
        <time>2025-04-16T08:48:39+00:00</time>
      </trkpt>
      <trkpt lat="45.41222" lon="5.49653">
        <ele>663</ele>
        <time>2025-04-16T08:48:42+00:00</time>
      </trkpt>
      <trkpt lat="45.41222" lon="5.49653">
        <ele>663</ele>
        <time>2025-04-16T08:48:45+00:00</time>
      </trkpt>
      <trkpt lat="45.41216" lon="5.49684">
        <ele>668</ele>
        <time>2025-04-16T08:48:48+00:00</time>
      </trkpt>
      <trkpt lat="45.4121" lon="5.49716">
        <ele>672</ele>
        <time>2025-04-16T08:48:51+00:00</time>
      </trkpt>
      <trkpt lat="45.41203" lon="5.49749">
        <ele>673</ele>
        <time>2025-04-16T08:48:54+00:00</time>
      </trkpt>
      <trkpt lat="45.41199" lon="5.49773">
        <ele>681</ele>
        <time>2025-04-16T08:48:57+00:00</time>
      </trkpt>
      <trkpt lat="45.41193" lon="5.4979">
        <ele>681</ele>
        <time>2025-04-16T08:49:00+00:00</time>
      </trkpt>
      <trkpt lat="45.4119" lon="5.49804">
        <ele>685</ele>
        <time>2025-04-16T08:49:03+00:00</time>
      </trkpt>
      <trkpt lat="45.41188" lon="5.49816">
        <ele>685</ele>
        <time>2025-04-16T08:49:06+00:00</time>
      </trkpt>
      <trkpt lat="45.41184" lon="5.49835">
        <ele>686</ele>
        <time>2025-04-16T08:49:09+00:00</time>
      </trkpt>
      <trkpt lat="45.4118" lon="5.49869">
        <ele>690</ele>
        <time>2025-04-16T08:49:12+00:00</time>
      </trkpt>
      <trkpt lat="45.41179" lon="5.49884">
        <ele>695</ele>
        <time>2025-04-16T08:49:15+00:00</time>
      </trkpt>
      <trkpt lat="45.4118" lon="5.49896">
        <ele>694</ele>
        <time>2025-04-16T08:49:18+00:00</time>
      </trkpt>
      <trkpt lat="45.4118" lon="5.49911">
        <ele>702</ele>
        <time>2025-04-16T08:49:21+00:00</time>
      </trkpt>
      <trkpt lat="45.41178" lon="5.49928">
        <ele>703</ele>
        <time>2025-04-16T08:49:24+00:00</time>
      </trkpt>
      <trkpt lat="45.41174" lon="5.49949">
        <ele>706</ele>
        <time>2025-04-16T08:49:27+00:00</time>
      </trkpt>
      <trkpt lat="45.4117" lon="5.49961">
        <ele>709</ele>
        <time>2025-04-16T08:49:30+00:00</time>
      </trkpt>
      <trkpt lat="45.41168" lon="5.49964">
        <ele>712</ele>
        <time>2025-04-16T08:49:33+00:00</time>
      </trkpt>
      <trkpt lat="45.41168" lon="5.49957">
        <ele>710</ele>
        <time>2025-04-16T08:49:36+00:00</time>
      </trkpt>
      <trkpt lat="45.41154" lon="5.49943">
        <ele>711</ele>
        <time>2025-04-16T08:49:39+00:00</time>
      </trkpt>
      <trkpt lat="45.41116" lon="5.49933">
        <ele>721</ele>
        <time>2025-04-16T08:49:42+00:00</time>
      </trkpt>
      <trkpt lat="45.41097" lon="5.49944">
        <ele>724</ele>
        <time>2025-04-16T08:49:45+00:00</time>
      </trkpt>
      <trkpt lat="45.41086" lon="5.49977">
        <ele>729</ele>
        <time>2025-04-16T08:49:48+00:00</time>
      </trkpt>
      <trkpt lat="45.41074" lon="5.50017">
        <ele>732</ele>
        <time>2025-04-16T08:49:51+00:00</time>
      </trkpt>
      <trkpt lat="45.41058" lon="5.50034">
        <ele>732</ele>
        <time>2025-04-16T08:49:54+00:00</time>
      </trkpt>
      <trkpt lat="45.41026" lon="5.5004">
        <ele>732</ele>
        <time>2025-04-16T08:49:57+00:00</time>
      </trkpt>
      <trkpt lat="45.41022" lon="5.50043">
        <ele>733</ele>
        <time>2025-04-16T08:50:00+00:00</time>
      </trkpt>
      <trkpt lat="45.41019" lon="5.50047">
        <ele>732</ele>
        <time>2025-04-16T08:50:03+00:00</time>
      </trkpt>
      <trkpt lat="45.41018" lon="5.50061">
        <ele>733</ele>
        <time>2025-04-16T08:50:06+00:00</time>
      </trkpt>
      <trkpt lat="45.41026" lon="5.50095">
        <ele>737</ele>
        <time>2025-04-16T08:50:09+00:00</time>
      </trkpt>
      <trkpt lat="45.41027" lon="5.50107">
        <ele>737</ele>
        <time>2025-04-16T08:50:12+00:00</time>
      </trkpt>
      <trkpt lat="45.4102" lon="5.50145">
        <ele>740</ele>
        <time>2025-04-16T08:50:15+00:00</time>
      </trkpt>
      <trkpt lat="45.41009" lon="5.50173">
        <ele>742</ele>
        <time>2025-04-16T08:50:18+00:00</time>
      </trkpt>
      <trkpt lat="45.41004" lon="5.50195">
        <ele>744</ele>
        <time>2025-04-16T08:50:21+00:00</time>
      </trkpt>
      <trkpt lat="45.41005" lon="5.50209">
        <ele>745</ele>
        <time>2025-04-16T08:50:24+00:00</time>
      </trkpt>
      <trkpt lat="45.41026" lon="5.50226">
        <ele>750</ele>
        <time>2025-04-16T08:50:27+00:00</time>
      </trkpt>
      <trkpt lat="45.41047" lon="5.50243">
        <ele>753</ele>
        <time>2025-04-16T08:50:30+00:00</time>
      </trkpt>
      <trkpt lat="45.41069" lon="5.50268">
        <ele>755</ele>
        <time>2025-04-16T08:50:33+00:00</time>
      </trkpt>
      <trkpt lat="45.41081" lon="5.50288">
        <ele>757</ele>
        <time>2025-04-16T08:50:36+00:00</time>
      </trkpt>
      <trkpt lat="45.41087" lon="5.50306">
        <ele>759</ele>
        <time>2025-04-16T08:50:39+00:00</time>
      </trkpt>
      <trkpt lat="45.41094" lon="5.50325">
        <ele>760</ele>
        <time>2025-04-16T08:50:42+00:00</time>
      </trkpt>
      <trkpt lat="45.41099" lon="5.50351">
        <ele>761</ele>
        <time>2025-04-16T08:50:45+00:00</time>
      </trkpt>
      <trkpt lat="45.41102" lon="5.50356">
        <ele>761</ele>
        <time>2025-04-16T08:50:48+00:00</time>
      </trkpt>
      <trkpt lat="45.41102" lon="5.50356">
        <ele>761</ele>
        <time>2025-04-16T08:50:51+00:00</time>
      </trkpt>
      <trkpt lat="45.41102" lon="5.50356">
        <ele>761</ele>
        <time>2025-04-16T08:50:54+00:00</time>
      </trkpt>
      <trkpt lat="45.41103" lon="5.5036">
        <ele>761</ele>
        <time>2025-04-16T08:50:57+00:00</time>
      </trkpt>
      <trkpt lat="45.41107" lon="5.50366">
        <ele>761</ele>
        <time>2025-04-16T08:51:00+00:00</time>
      </trkpt>
      <trkpt lat="45.41114" lon="5.50376">
        <ele>761</ele>
        <time>2025-04-16T08:51:03+00:00</time>
      </trkpt>
      <trkpt lat="45.41126" lon="5.50392">
        <ele>760</ele>
        <time>2025-04-16T08:51:06+00:00</time>
      </trkpt>
      <trkpt lat="45.41136" lon="5.504">
        <ele>761</ele>
        <time>2025-04-16T08:51:09+00:00</time>
      </trkpt>
      <trkpt lat="45.41152" lon="5.5041">
        <ele>761</ele>
        <time>2025-04-16T08:51:12+00:00</time>
      </trkpt>
      <trkpt lat="45.41167" lon="5.50418">
        <ele>761</ele>
        <time>2025-04-16T08:51:15+00:00</time>
      </trkpt>
      <trkpt lat="45.41182" lon="5.50429">
        <ele>760</ele>
        <time>2025-04-16T08:51:18+00:00</time>
      </trkpt>
      <trkpt lat="45.41193" lon="5.50441">
        <ele>761</ele>
        <time>2025-04-16T08:51:21+00:00</time>
      </trkpt>
      <trkpt lat="45.4121" lon="5.50457">
        <ele>761</ele>
        <time>2025-04-16T08:51:24+00:00</time>
      </trkpt>
      <trkpt lat="45.4122" lon="5.50464">
        <ele>761</ele>
        <time>2025-04-16T08:51:27+00:00</time>
      </trkpt>
      <trkpt lat="45.41231" lon="5.50471">
        <ele>761</ele>
        <time>2025-04-16T08:51:30+00:00</time>
      </trkpt>
      <trkpt lat="45.41245" lon="5.50477">
        <ele>761</ele>
        <time>2025-04-16T08:51:33+00:00</time>
      </trkpt>
      <trkpt lat="45.41257" lon="5.50481">
        <ele>761</ele>
        <time>2025-04-16T08:51:36+00:00</time>
      </trkpt>
      <trkpt lat="45.41266" lon="5.50482">
        <ele>761</ele>
        <time>2025-04-16T08:51:39+00:00</time>
      </trkpt>
      <trkpt lat="45.41273" lon="5.50479">
        <ele>762</ele>
        <time>2025-04-16T08:51:42+00:00</time>
      </trkpt>
      <trkpt lat="45.41281" lon="5.50473">
        <ele>762</ele>
        <time>2025-04-16T08:51:45+00:00</time>
      </trkpt>
      <trkpt lat="45.4129" lon="5.50457">
        <ele>763</ele>
        <time>2025-04-16T08:51:48+00:00</time>
      </trkpt>
      <trkpt lat="45.41298" lon="5.50441">
        <ele>763</ele>
        <time>2025-04-16T08:51:51+00:00</time>
      </trkpt>
      <trkpt lat="45.41308" lon="5.50424">
        <ele>764</ele>
        <time>2025-04-16T08:51:54+00:00</time>
      </trkpt>
      <trkpt lat="45.41315" lon="5.50409">
        <ele>764</ele>
        <time>2025-04-16T08:51:57+00:00</time>
      </trkpt>
      <trkpt lat="45.41322" lon="5.50391">
        <ele>765</ele>
        <time>2025-04-16T08:52:00+00:00</time>
      </trkpt>
      <trkpt lat="45.41334" lon="5.50362">
        <ele>766</ele>
        <time>2025-04-16T08:52:03+00:00</time>
      </trkpt>
      <trkpt lat="45.41341" lon="5.50342">
        <ele>767</ele>
        <time>2025-04-16T08:52:06+00:00</time>
      </trkpt>
      <trkpt lat="45.41345" lon="5.50328">
        <ele>767</ele>
        <time>2025-04-16T08:52:09+00:00</time>
      </trkpt>
      <trkpt lat="45.41356" lon="5.50302">
        <ele>767</ele>
        <time>2025-04-16T08:52:12+00:00</time>
      </trkpt>
      <trkpt lat="45.41366" lon="5.50281">
        <ele>767</ele>
        <time>2025-04-16T08:52:15+00:00</time>
      </trkpt>
      <trkpt lat="45.4137" lon="5.50273">
        <ele>767</ele>
        <time>2025-04-16T08:52:18+00:00</time>
      </trkpt>
      <trkpt lat="45.4139" lon="5.50239">
        <ele>767</ele>
        <time>2025-04-16T08:52:21+00:00</time>
      </trkpt>
      <trkpt lat="45.41409" lon="5.50209">
        <ele>767</ele>
        <time>2025-04-16T08:52:24+00:00</time>
      </trkpt>
      <trkpt lat="45.41426" lon="5.5018">
        <ele>766</ele>
        <time>2025-04-16T08:52:27+00:00</time>
      </trkpt>
      <trkpt lat="45.4144" lon="5.50155">
        <ele>764</ele>
        <time>2025-04-16T08:52:30+00:00</time>
      </trkpt>
      <trkpt lat="45.41448" lon="5.50141">
        <ele>763</ele>
        <time>2025-04-16T08:52:33+00:00</time>
      </trkpt>
      <trkpt lat="45.41458" lon="5.50137">
        <ele>762</ele>
        <time>2025-04-16T08:52:36+00:00</time>
      </trkpt>
      <trkpt lat="45.41471" lon="5.50129">
        <ele>761</ele>
        <time>2025-04-16T08:52:39+00:00</time>
      </trkpt>
      <trkpt lat="45.4149" lon="5.50119">
        <ele>761</ele>
        <time>2025-04-16T08:52:42+00:00</time>
      </trkpt>
      <trkpt lat="45.41502" lon="5.50113">
        <ele>759</ele>
        <time>2025-04-16T08:52:45+00:00</time>
      </trkpt>
      <trkpt lat="45.41513" lon="5.50112">
        <ele>758</ele>
        <time>2025-04-16T08:52:48+00:00</time>
      </trkpt>
      <trkpt lat="45.4152" lon="5.50111">
        <ele>757</ele>
        <time>2025-04-16T08:52:51+00:00</time>
      </trkpt>
      <trkpt lat="45.41527" lon="5.50111">
        <ele>757</ele>
        <time>2025-04-16T08:52:54+00:00</time>
      </trkpt>
      <trkpt lat="45.41533" lon="5.50112">
        <ele>756</ele>
        <time>2025-04-16T08:52:57+00:00</time>
      </trkpt>
      <trkpt lat="45.4154" lon="5.50111">
        <ele>756</ele>
        <time>2025-04-16T08:53:00+00:00</time>
      </trkpt>
      <trkpt lat="45.4155" lon="5.50109">
        <ele>754</ele>
        <time>2025-04-16T08:53:03+00:00</time>
      </trkpt>
      <trkpt lat="45.41569" lon="5.50107">
        <ele>751</ele>
        <time>2025-04-16T08:53:06+00:00</time>
      </trkpt>
      <trkpt lat="45.41588" lon="5.50105">
        <ele>748</ele>
        <time>2025-04-16T08:53:09+00:00</time>
      </trkpt>
      <trkpt lat="45.41602" lon="5.50106">
        <ele>744</ele>
        <time>2025-04-16T08:53:12+00:00</time>
      </trkpt>
      <trkpt lat="45.41618" lon="5.5011">
        <ele>742</ele>
        <time>2025-04-16T08:53:15+00:00</time>
      </trkpt>
      <trkpt lat="45.4163" lon="5.50114">
        <ele>738</ele>
        <time>2025-04-16T08:53:18+00:00</time>
      </trkpt>
      <trkpt lat="45.41634" lon="5.50116">
        <ele>737</ele>
        <time>2025-04-16T08:53:21+00:00</time>
      </trkpt>
      <trkpt lat="45.41644" lon="5.50124">
        <ele>735</ele>
        <time>2025-04-16T08:53:24+00:00</time>
      </trkpt>
      <trkpt lat="45.41651" lon="5.50129">
        <ele>734</ele>
        <time>2025-04-16T08:53:27+00:00</time>
      </trkpt>
      <trkpt lat="45.41658" lon="5.50133">
        <ele>734</ele>
        <time>2025-04-16T08:53:30+00:00</time>
      </trkpt>
      <trkpt lat="45.4168" lon="5.50143">
        <ele>727</ele>
        <time>2025-04-16T08:53:33+00:00</time>
      </trkpt>
      <trkpt lat="45.41681" lon="5.50143">
        <ele>727</ele>
        <time>2025-04-16T08:53:36+00:00</time>
      </trkpt>
      <trkpt lat="45.41722" lon="5.50163">
        <ele>719</ele>
        <time>2025-04-16T08:53:39+00:00</time>
      </trkpt>
      <trkpt lat="45.41742" lon="5.50171">
        <ele>714</ele>
        <time>2025-04-16T08:53:42+00:00</time>
      </trkpt>
      <trkpt lat="45.41748" lon="5.50175">
        <ele>714</ele>
        <time>2025-04-16T08:53:45+00:00</time>
      </trkpt>
      <trkpt lat="45.41756" lon="5.50183">
        <ele>712</ele>
        <time>2025-04-16T08:53:48+00:00</time>
      </trkpt>
      <trkpt lat="45.41765" lon="5.50194">
        <ele>710</ele>
        <time>2025-04-16T08:53:51+00:00</time>
      </trkpt>
      <trkpt lat="45.41772" lon="5.50202">
        <ele>708</ele>
        <time>2025-04-16T08:53:54+00:00</time>
      </trkpt>
      <trkpt lat="45.41775" lon="5.50211">
        <ele>706</ele>
        <time>2025-04-16T08:53:57+00:00</time>
      </trkpt>
      <trkpt lat="45.41778" lon="5.50227">
        <ele>705</ele>
        <time>2025-04-16T08:54:00+00:00</time>
      </trkpt>
      <trkpt lat="45.41779" lon="5.50243">
        <ele>704</ele>
        <time>2025-04-16T08:54:03+00:00</time>
      </trkpt>
      <trkpt lat="45.41783" lon="5.50262">
        <ele>702</ele>
        <time>2025-04-16T08:54:06+00:00</time>
      </trkpt>
      <trkpt lat="45.41785" lon="5.50274">
        <ele>701</ele>
        <time>2025-04-16T08:54:09+00:00</time>
      </trkpt>
      <trkpt lat="45.41786" lon="5.5028">
        <ele>701</ele>
        <time>2025-04-16T08:54:12+00:00</time>
      </trkpt>
      <trkpt lat="45.41786" lon="5.50285">
        <ele>700</ele>
        <time>2025-04-16T08:54:15+00:00</time>
      </trkpt>
      <trkpt lat="45.41786" lon="5.50294">
        <ele>699</ele>
        <time>2025-04-16T08:54:18+00:00</time>
      </trkpt>
      <trkpt lat="45.41785" lon="5.50306">
        <ele>698</ele>
        <time>2025-04-16T08:54:21+00:00</time>
      </trkpt>
      <trkpt lat="45.41782" lon="5.50325">
        <ele>697</ele>
        <time>2025-04-16T08:54:24+00:00</time>
      </trkpt>
      <trkpt lat="45.4178" lon="5.50339">
        <ele>696</ele>
        <time>2025-04-16T08:54:27+00:00</time>
      </trkpt>
      <trkpt lat="45.41779" lon="5.50345">
        <ele>696</ele>
        <time>2025-04-16T08:54:30+00:00</time>
      </trkpt>
      <trkpt lat="45.41781" lon="5.50348">
        <ele>695</ele>
        <time>2025-04-16T08:54:33+00:00</time>
      </trkpt>
      <trkpt lat="45.41783" lon="5.50355">
        <ele>695</ele>
        <time>2025-04-16T08:54:36+00:00</time>
      </trkpt>
      <trkpt lat="45.41787" lon="5.50365">
        <ele>695</ele>
        <time>2025-04-16T08:54:39+00:00</time>
      </trkpt>
      <trkpt lat="45.41791" lon="5.50377">
        <ele>693</ele>
        <time>2025-04-16T08:54:42+00:00</time>
      </trkpt>
      <trkpt lat="45.41796" lon="5.50386">
        <ele>693</ele>
        <time>2025-04-16T08:54:45+00:00</time>
      </trkpt>
      <trkpt lat="45.41802" lon="5.50394">
        <ele>690</ele>
        <time>2025-04-16T08:54:48+00:00</time>
      </trkpt>
      <trkpt lat="45.41816" lon="5.50415">
        <ele>688</ele>
        <time>2025-04-16T08:54:51+00:00</time>
      </trkpt>
      <trkpt lat="45.41832" lon="5.50436">
        <ele>684</ele>
        <time>2025-04-16T08:54:54+00:00</time>
      </trkpt>
      <trkpt lat="45.41861" lon="5.50462">
        <ele>679</ele>
        <time>2025-04-16T08:54:57+00:00</time>
      </trkpt>
      <trkpt lat="45.41885" lon="5.50482">
        <ele>677</ele>
        <time>2025-04-16T08:55:00+00:00</time>
      </trkpt>
      <trkpt lat="45.41914" lon="5.50506">
        <ele>673</ele>
        <time>2025-04-16T08:55:03+00:00</time>
      </trkpt>
      <trkpt lat="45.41935" lon="5.50524">
        <ele>669</ele>
        <time>2025-04-16T08:55:06+00:00</time>
      </trkpt>
      <trkpt lat="45.41969" lon="5.50558">
        <ele>664</ele>
        <time>2025-04-16T08:55:09+00:00</time>
      </trkpt>
      <trkpt lat="45.41997" lon="5.5059">
        <ele>656</ele>
        <time>2025-04-16T08:55:12+00:00</time>
      </trkpt>
      <trkpt lat="45.42017" lon="5.50616">
        <ele>654</ele>
        <time>2025-04-16T08:55:15+00:00</time>
      </trkpt>
      <trkpt lat="45.4203" lon="5.50636">
        <ele>650</ele>
        <time>2025-04-16T08:55:18+00:00</time>
      </trkpt>
      <trkpt lat="45.4204" lon="5.50653">
        <ele>646</ele>
        <time>2025-04-16T08:55:21+00:00</time>
      </trkpt>
      <trkpt lat="45.42048" lon="5.50672">
        <ele>648</ele>
        <time>2025-04-16T08:55:24+00:00</time>
      </trkpt>
      <trkpt lat="45.42057" lon="5.50694">
        <ele>646</ele>
        <time>2025-04-16T08:55:27+00:00</time>
      </trkpt>
      <trkpt lat="45.42062" lon="5.50712">
        <ele>644</ele>
        <time>2025-04-16T08:55:30+00:00</time>
      </trkpt>
      <trkpt lat="45.4207" lon="5.5074">
        <ele>644</ele>
        <time>2025-04-16T08:55:33+00:00</time>
      </trkpt>
      <trkpt lat="45.42072" lon="5.5075">
        <ele>641</ele>
        <time>2025-04-16T08:55:36+00:00</time>
      </trkpt>
      <trkpt lat="45.42081" lon="5.50781">
        <ele>642</ele>
        <time>2025-04-16T08:55:39+00:00</time>
      </trkpt>
      <trkpt lat="45.42084" lon="5.50797">
        <ele>640</ele>
        <time>2025-04-16T08:55:42+00:00</time>
      </trkpt>
      <trkpt lat="45.42085" lon="5.508">
        <ele>640</ele>
        <time>2025-04-16T08:55:45+00:00</time>
      </trkpt>
      <trkpt lat="45.42073" lon="5.50811">
        <ele>645</ele>
        <time>2025-04-16T08:55:48+00:00</time>
      </trkpt>
      <trkpt lat="45.42069" lon="5.50812">
        <ele>643</ele>
        <time>2025-04-16T08:55:51+00:00</time>
      </trkpt>
      <trkpt lat="45.42056" lon="5.50812">
        <ele>644</ele>
        <time>2025-04-16T08:55:54+00:00</time>
      </trkpt>
      <trkpt lat="45.42039" lon="5.50814">
        <ele>649</ele>
        <time>2025-04-16T08:55:57+00:00</time>
      </trkpt>
      <trkpt lat="45.42024" lon="5.50819">
        <ele>651</ele>
        <time>2025-04-16T08:56:00+00:00</time>
      </trkpt>
      <trkpt lat="45.42005" lon="5.5082">
        <ele>655</ele>
        <time>2025-04-16T08:56:03+00:00</time>
      </trkpt>
      <trkpt lat="45.41997" lon="5.5082">
        <ele>657</ele>
        <time>2025-04-16T08:56:06+00:00</time>
      </trkpt>
      <trkpt lat="45.41996" lon="5.50828">
        <ele>656</ele>
        <time>2025-04-16T08:56:09+00:00</time>
      </trkpt>
      <trkpt lat="45.41995" lon="5.5084">
        <ele>656</ele>
        <time>2025-04-16T08:56:12+00:00</time>
      </trkpt>
      <trkpt lat="45.41994" lon="5.50866">
        <ele>657</ele>
        <time>2025-04-16T08:56:15+00:00</time>
      </trkpt>
      <trkpt lat="45.41994" lon="5.5089">
        <ele>657</ele>
        <time>2025-04-16T08:56:18+00:00</time>
      </trkpt>
      <trkpt lat="45.41991" lon="5.50919">
        <ele>657</ele>
        <time>2025-04-16T08:56:21+00:00</time>
      </trkpt>
      <trkpt lat="45.41989" lon="5.5094">
        <ele>660</ele>
        <time>2025-04-16T08:56:24+00:00</time>
      </trkpt>
      <trkpt lat="45.41987" lon="5.50951">
        <ele>658</ele>
        <time>2025-04-16T08:56:27+00:00</time>
      </trkpt>
      <trkpt lat="45.41981" lon="5.5096">
        <ele>658</ele>
        <time>2025-04-16T08:56:30+00:00</time>
      </trkpt>
      <trkpt lat="45.41974" lon="5.50965">
        <ele>662</ele>
        <time>2025-04-16T08:56:33+00:00</time>
      </trkpt>
      <trkpt lat="45.41967" lon="5.50969">
        <ele>659</ele>
        <time>2025-04-16T08:56:36+00:00</time>
      </trkpt>
      <trkpt lat="45.4196" lon="5.50974">
        <ele>661</ele>
        <time>2025-04-16T08:56:39+00:00</time>
      </trkpt>
      <trkpt lat="45.41954" lon="5.5098">
        <ele>659</ele>
        <time>2025-04-16T08:56:42+00:00</time>
      </trkpt>
      <trkpt lat="45.41949" lon="5.50987">
        <ele>661</ele>
        <time>2025-04-16T08:56:45+00:00</time>
      </trkpt>
      <trkpt lat="45.41944" lon="5.50995">
        <ele>659</ele>
        <time>2025-04-16T08:56:48+00:00</time>
      </trkpt>
      <trkpt lat="45.41941" lon="5.51009">
        <ele>659</ele>
        <time>2025-04-16T08:56:51+00:00</time>
      </trkpt>
      <trkpt lat="45.41939" lon="5.51024">
        <ele>662</ele>
        <time>2025-04-16T08:56:54+00:00</time>
      </trkpt>
      <trkpt lat="45.41937" lon="5.51043">
        <ele>662</ele>
        <time>2025-04-16T08:56:57+00:00</time>
      </trkpt>
      <trkpt lat="45.41933" lon="5.51053">
        <ele>663</ele>
        <time>2025-04-16T08:57:00+00:00</time>
      </trkpt>
      <trkpt lat="45.41929" lon="5.51067">
        <ele>666</ele>
        <time>2025-04-16T08:57:03+00:00</time>
      </trkpt>
      <trkpt lat="45.41922" lon="5.51078">
        <ele>666</ele>
        <time>2025-04-16T08:57:06+00:00</time>
      </trkpt>
      <trkpt lat="45.4191" lon="5.51093">
        <ele>672</ele>
        <time>2025-04-16T08:57:09+00:00</time>
      </trkpt>
      <trkpt lat="45.41897" lon="5.51106">
        <ele>673</ele>
        <time>2025-04-16T08:57:12+00:00</time>
      </trkpt>
      <trkpt lat="45.41884" lon="5.51114">
        <ele>674</ele>
        <time>2025-04-16T08:57:15+00:00</time>
      </trkpt>
      <trkpt lat="45.41877" lon="5.51116">
        <ele>673</ele>
        <time>2025-04-16T08:57:18+00:00</time>
      </trkpt>
      <trkpt lat="45.41871" lon="5.5112">
        <ele>671</ele>
        <time>2025-04-16T08:57:21+00:00</time>
      </trkpt>
      <trkpt lat="45.41863" lon="5.5113">
        <ele>674</ele>
        <time>2025-04-16T08:57:24+00:00</time>
      </trkpt>
      <trkpt lat="45.4186" lon="5.51138">
        <ele>673</ele>
        <time>2025-04-16T08:57:27+00:00</time>
      </trkpt>
      <trkpt lat="45.4186" lon="5.51144">
        <ele>673</ele>
        <time>2025-04-16T08:57:30+00:00</time>
      </trkpt>
      <trkpt lat="45.41863" lon="5.51149">
        <ele>673</ele>
        <time>2025-04-16T08:57:33+00:00</time>
      </trkpt>
      <trkpt lat="45.41872" lon="5.51161">
        <ele>675</ele>
        <time>2025-04-16T08:57:36+00:00</time>
      </trkpt>
      <trkpt lat="45.41883" lon="5.51181">
        <ele>678</ele>
        <time>2025-04-16T08:57:39+00:00</time>
      </trkpt>
      <trkpt lat="45.41893" lon="5.51202">
        <ele>679</ele>
        <time>2025-04-16T08:57:42+00:00</time>
      </trkpt>
      <trkpt lat="45.419" lon="5.51218">
        <ele>680</ele>
        <time>2025-04-16T08:57:45+00:00</time>
      </trkpt>
      <trkpt lat="45.41903" lon="5.51227">
        <ele>679</ele>
        <time>2025-04-16T08:57:48+00:00</time>
      </trkpt>
      <trkpt lat="45.41904" lon="5.51237">
        <ele>679</ele>
        <time>2025-04-16T08:57:51+00:00</time>
      </trkpt>
      <trkpt lat="45.41904" lon="5.51244">
        <ele>679</ele>
        <time>2025-04-16T08:57:54+00:00</time>
      </trkpt>
      <trkpt lat="45.41904" lon="5.51244">
        <ele>679</ele>
        <time>2025-04-16T08:57:57+00:00</time>
      </trkpt>
      <trkpt lat="45.41903" lon="5.5125">
        <ele>678</ele>
        <time>2025-04-16T08:58:00+00:00</time>
      </trkpt>
      <trkpt lat="45.41899" lon="5.51259">
        <ele>682</ele>
        <time>2025-04-16T08:58:03+00:00</time>
      </trkpt>
      <trkpt lat="45.41893" lon="5.51268">
        <ele>680</ele>
        <time>2025-04-16T08:58:06+00:00</time>
      </trkpt>
      <trkpt lat="45.41886" lon="5.51276">
        <ele>681</ele>
        <time>2025-04-16T08:58:09+00:00</time>
      </trkpt>
      <trkpt lat="45.41875" lon="5.51288">
        <ele>682</ele>
        <time>2025-04-16T08:58:12+00:00</time>
      </trkpt>
      <trkpt lat="45.4186" lon="5.51305">
        <ele>682</ele>
        <time>2025-04-16T08:58:15+00:00</time>
      </trkpt>
      <trkpt lat="45.41833" lon="5.51338">
        <ele>682</ele>
        <time>2025-04-16T08:58:18+00:00</time>
      </trkpt>
      <trkpt lat="45.41803" lon="5.51373">
        <ele>682</ele>
        <time>2025-04-16T08:58:21+00:00</time>
      </trkpt>
      <trkpt lat="45.41786" lon="5.51395">
        <ele>681</ele>
        <time>2025-04-16T08:58:24+00:00</time>
      </trkpt>
      <trkpt lat="45.41756" lon="5.51434">
        <ele>681</ele>
        <time>2025-04-16T08:58:27+00:00</time>
      </trkpt>
      <trkpt lat="45.41741" lon="5.51454">
        <ele>682</ele>
        <time>2025-04-16T08:58:30+00:00</time>
      </trkpt>
      <trkpt lat="45.4173" lon="5.51464">
        <ele>686</ele>
        <time>2025-04-16T08:58:33+00:00</time>
      </trkpt>
      <trkpt lat="45.41718" lon="5.51471">
        <ele>686</ele>
        <time>2025-04-16T08:58:36+00:00</time>
      </trkpt>
      <trkpt lat="45.4171" lon="5.51473">
        <ele>686</ele>
        <time>2025-04-16T08:58:39+00:00</time>
      </trkpt>
      <trkpt lat="45.417" lon="5.51474">
        <ele>687</ele>
        <time>2025-04-16T08:58:42+00:00</time>
      </trkpt>
      <trkpt lat="45.41686" lon="5.51474">
        <ele>687</ele>
        <time>2025-04-16T08:58:45+00:00</time>
      </trkpt>
      <trkpt lat="45.41672" lon="5.51474">
        <ele>688</ele>
        <time>2025-04-16T08:58:48+00:00</time>
      </trkpt>
      <trkpt lat="45.41663" lon="5.51473">
        <ele>688</ele>
        <time>2025-04-16T08:58:51+00:00</time>
      </trkpt>
      <trkpt lat="45.41648" lon="5.51472">
        <ele>688</ele>
        <time>2025-04-16T08:58:54+00:00</time>
      </trkpt>
      <trkpt lat="45.4163" lon="5.51469">
        <ele>688</ele>
        <time>2025-04-16T08:58:57+00:00</time>
      </trkpt>
      <trkpt lat="45.41615" lon="5.51467">
        <ele>689</ele>
        <time>2025-04-16T08:59:00+00:00</time>
      </trkpt>
      <trkpt lat="45.41606" lon="5.51466">
        <ele>688</ele>
        <time>2025-04-16T08:59:03+00:00</time>
      </trkpt>
      <trkpt lat="45.41595" lon="5.51463">
        <ele>687</ele>
        <time>2025-04-16T08:59:06+00:00</time>
      </trkpt>
      <trkpt lat="45.4158" lon="5.51454">
        <ele>687</ele>
        <time>2025-04-16T08:59:09+00:00</time>
      </trkpt>
      <trkpt lat="45.41559" lon="5.51443">
        <ele>687</ele>
        <time>2025-04-16T08:59:12+00:00</time>
      </trkpt>
      <trkpt lat="45.41538" lon="5.51429">
        <ele>690</ele>
        <time>2025-04-16T08:59:15+00:00</time>
      </trkpt>
      <trkpt lat="45.41517" lon="5.51413">
        <ele>691</ele>
        <time>2025-04-16T08:59:18+00:00</time>
      </trkpt>
      <trkpt lat="45.41505" lon="5.51401">
        <ele>692</ele>
        <time>2025-04-16T08:59:21+00:00</time>
      </trkpt>
      <trkpt lat="45.41495" lon="5.51388">
        <ele>695</ele>
        <time>2025-04-16T08:59:24+00:00</time>
      </trkpt>
      <trkpt lat="45.41476" lon="5.5138">
        <ele>701</ele>
        <time>2025-04-16T08:59:27+00:00</time>
      </trkpt>
      <trkpt lat="45.41465" lon="5.5138">
        <ele>702</ele>
        <time>2025-04-16T08:59:30+00:00</time>
      </trkpt>
      <trkpt lat="45.4146" lon="5.51386">
        <ele>702</ele>
        <time>2025-04-16T08:59:33+00:00</time>
      </trkpt>
      <trkpt lat="45.41458" lon="5.51392">
        <ele>698</ele>
        <time>2025-04-16T08:59:36+00:00</time>
      </trkpt>
      <trkpt lat="45.41458" lon="5.51421">
        <ele>695</ele>
        <time>2025-04-16T08:59:39+00:00</time>
      </trkpt>
      <trkpt lat="45.41459" lon="5.51438">
        <ele>693</ele>
        <time>2025-04-16T08:59:42+00:00</time>
      </trkpt>
      <trkpt lat="45.41461" lon="5.51449">
        <ele>690</ele>
        <time>2025-04-16T08:59:45+00:00</time>
      </trkpt>
      <trkpt lat="45.41464" lon="5.51476">
        <ele>689</ele>
        <time>2025-04-16T08:59:48+00:00</time>
      </trkpt>
      <trkpt lat="45.41471" lon="5.51507">
        <ele>689</ele>
        <time>2025-04-16T08:59:51+00:00</time>
      </trkpt>
      <trkpt lat="45.41482" lon="5.51553">
        <ele>690</ele>
        <time>2025-04-16T08:59:54+00:00</time>
      </trkpt>
      <trkpt lat="45.41489" lon="5.51577">
        <ele>692</ele>
        <time>2025-04-16T08:59:57+00:00</time>
      </trkpt>
      <trkpt lat="45.41494" lon="5.5159">
        <ele>689</ele>
        <time>2025-04-16T09:00:00+00:00</time>
      </trkpt>
      <trkpt lat="45.415" lon="5.51611">
        <ele>687</ele>
        <time>2025-04-16T09:00:03+00:00</time>
      </trkpt>
      <trkpt lat="45.41506" lon="5.51634">
        <ele>689</ele>
        <time>2025-04-16T09:00:06+00:00</time>
      </trkpt>
      <trkpt lat="45.41512" lon="5.51658">
        <ele>688</ele>
        <time>2025-04-16T09:00:09+00:00</time>
      </trkpt>
      <trkpt lat="45.41518" lon="5.51685">
        <ele>693</ele>
        <time>2025-04-16T09:00:12+00:00</time>
      </trkpt>
      <trkpt lat="45.41524" lon="5.51706">
        <ele>692</ele>
        <time>2025-04-16T09:00:15+00:00</time>
      </trkpt>
      <trkpt lat="45.41528" lon="5.51719">
        <ele>694</ele>
        <time>2025-04-16T09:00:18+00:00</time>
      </trkpt>
      <trkpt lat="45.41532" lon="5.51733">
        <ele>695</ele>
        <time>2025-04-16T09:00:21+00:00</time>
      </trkpt>
      <trkpt lat="45.41534" lon="5.51745">
        <ele>697</ele>
        <time>2025-04-16T09:00:24+00:00</time>
      </trkpt>
      <trkpt lat="45.41535" lon="5.51759">
        <ele>699</ele>
        <time>2025-04-16T09:00:27+00:00</time>
      </trkpt>
      <trkpt lat="45.41536" lon="5.51779">
        <ele>702</ele>
        <time>2025-04-16T09:00:30+00:00</time>
      </trkpt>
      <trkpt lat="45.41538" lon="5.51799">
        <ele>705</ele>
        <time>2025-04-16T09:00:33+00:00</time>
      </trkpt>
      <trkpt lat="45.41539" lon="5.5182">
        <ele>703</ele>
        <time>2025-04-16T09:00:36+00:00</time>
      </trkpt>
      <trkpt lat="45.41539" lon="5.51829">
        <ele>706</ele>
        <time>2025-04-16T09:00:39+00:00</time>
      </trkpt>
      <trkpt lat="45.41536" lon="5.51843">
        <ele>705</ele>
        <time>2025-04-16T09:00:42+00:00</time>
      </trkpt>
      <trkpt lat="45.41531" lon="5.51866">
        <ele>702</ele>
        <time>2025-04-16T09:00:45+00:00</time>
      </trkpt>
      <trkpt lat="45.41512" lon="5.51915">
        <ele>702</ele>
        <time>2025-04-16T09:00:48+00:00</time>
      </trkpt>
      <trkpt lat="45.41505" lon="5.51929">
        <ele>704</ele>
        <time>2025-04-16T09:00:51+00:00</time>
      </trkpt>
      <trkpt lat="45.415" lon="5.51943">
        <ele>697</ele>
        <time>2025-04-16T09:00:54+00:00</time>
      </trkpt>
      <trkpt lat="45.41493" lon="5.51965">
        <ele>697</ele>
        <time>2025-04-16T09:00:57+00:00</time>
      </trkpt>
      <trkpt lat="45.41487" lon="5.51987">
        <ele>693</ele>
        <time>2025-04-16T09:01:00+00:00</time>
      </trkpt>
      <trkpt lat="45.41476" lon="5.52016">
        <ele>686</ele>
        <time>2025-04-16T09:01:03+00:00</time>
      </trkpt>
      <trkpt lat="45.41466" lon="5.52045">
        <ele>677</ele>
        <time>2025-04-16T09:01:06+00:00</time>
      </trkpt>
      <trkpt lat="45.4146" lon="5.5206">
        <ele>671</ele>
        <time>2025-04-16T09:01:09+00:00</time>
      </trkpt>
      <trkpt lat="45.41454" lon="5.52068">
        <ele>671</ele>
        <time>2025-04-16T09:01:12+00:00</time>
      </trkpt>
      <trkpt lat="45.41436" lon="5.52079">
        <ele>664</ele>
        <time>2025-04-16T09:01:15+00:00</time>
      </trkpt>
      <trkpt lat="45.41418" lon="5.5209">
        <ele>660</ele>
        <time>2025-04-16T09:01:18+00:00</time>
      </trkpt>
      <trkpt lat="45.414" lon="5.52096">
        <ele>656</ele>
        <time>2025-04-16T09:01:21+00:00</time>
      </trkpt>
      <trkpt lat="45.41388" lon="5.52099">
        <ele>654</ele>
        <time>2025-04-16T09:01:24+00:00</time>
      </trkpt>
      <trkpt lat="45.41374" lon="5.52099">
        <ele>653</ele>
        <time>2025-04-16T09:01:27+00:00</time>
      </trkpt>
      <trkpt lat="45.41348" lon="5.52098">
        <ele>651</ele>
        <time>2025-04-16T09:01:30+00:00</time>
      </trkpt>
      <trkpt lat="45.41336" lon="5.52094">
        <ele>651</ele>
        <time>2025-04-16T09:01:33+00:00</time>
      </trkpt>
      <trkpt lat="45.41323" lon="5.52089">
        <ele>651</ele>
        <time>2025-04-16T09:01:36+00:00</time>
      </trkpt>
      <trkpt lat="45.41309" lon="5.52083">
        <ele>650</ele>
        <time>2025-04-16T09:01:39+00:00</time>
      </trkpt>
      <trkpt lat="45.41298" lon="5.52074">
        <ele>650</ele>
        <time>2025-04-16T09:01:42+00:00</time>
      </trkpt>
      <trkpt lat="45.41289" lon="5.52065">
        <ele>650</ele>
        <time>2025-04-16T09:01:45+00:00</time>
      </trkpt>
      <trkpt lat="45.41277" lon="5.52055">
        <ele>649</ele>
        <time>2025-04-16T09:01:48+00:00</time>
      </trkpt>
      <trkpt lat="45.41266" lon="5.52047">
        <ele>649</ele>
        <time>2025-04-16T09:01:51+00:00</time>
      </trkpt>
      <trkpt lat="45.41254" lon="5.52034">
        <ele>648</ele>
        <time>2025-04-16T09:01:54+00:00</time>
      </trkpt>
      <trkpt lat="45.41247" lon="5.52028">
        <ele>647</ele>
        <time>2025-04-16T09:01:57+00:00</time>
      </trkpt>
      <trkpt lat="45.41233" lon="5.5202">
        <ele>645</ele>
        <time>2025-04-16T09:02:00+00:00</time>
      </trkpt>
      <trkpt lat="45.4121" lon="5.5201">
        <ele>639</ele>
        <time>2025-04-16T09:02:03+00:00</time>
      </trkpt>
      <trkpt lat="45.41194" lon="5.52002">
        <ele>632</ele>
        <time>2025-04-16T09:02:06+00:00</time>
      </trkpt>
      <trkpt lat="45.41183" lon="5.51996">
        <ele>629</ele>
        <time>2025-04-16T09:02:09+00:00</time>
      </trkpt>
      <trkpt lat="45.41171" lon="5.5199">
        <ele>627</ele>
        <time>2025-04-16T09:02:12+00:00</time>
      </trkpt>
      <trkpt lat="45.41166" lon="5.51983">
        <ele>622</ele>
        <time>2025-04-16T09:02:15+00:00</time>
      </trkpt>
      <trkpt lat="45.41156" lon="5.51977">
        <ele>619</ele>
        <time>2025-04-16T09:02:18+00:00</time>
      </trkpt>
      <trkpt lat="45.41151" lon="5.51977">
        <ele>619</ele>
        <time>2025-04-16T09:02:21+00:00</time>
      </trkpt>
      <trkpt lat="45.41146" lon="5.51978">
        <ele>617</ele>
        <time>2025-04-16T09:02:24+00:00</time>
      </trkpt>
      <trkpt lat="45.41139" lon="5.51979">
        <ele>612</ele>
        <time>2025-04-16T09:02:27+00:00</time>
      </trkpt>
      <trkpt lat="45.41135" lon="5.51978">
        <ele>612</ele>
        <time>2025-04-16T09:02:30+00:00</time>
      </trkpt>
      <trkpt lat="45.41129" lon="5.51977">
        <ele>611</ele>
        <time>2025-04-16T09:02:33+00:00</time>
      </trkpt>
      <trkpt lat="45.41124" lon="5.51975">
        <ele>611</ele>
        <time>2025-04-16T09:02:36+00:00</time>
      </trkpt>
      <trkpt lat="45.41121" lon="5.51969">
        <ele>610</ele>
        <time>2025-04-16T09:02:39+00:00</time>
      </trkpt>
      <trkpt lat="45.41117" lon="5.51964">
        <ele>609</ele>
        <time>2025-04-16T09:02:42+00:00</time>
      </trkpt>
      <trkpt lat="45.41111" lon="5.51959">
        <ele>611</ele>
        <time>2025-04-16T09:02:45+00:00</time>
      </trkpt>
      <trkpt lat="45.411" lon="5.51954">
        <ele>605</ele>
        <time>2025-04-16T09:02:48+00:00</time>
      </trkpt>
      <trkpt lat="45.4109" lon="5.51949">
        <ele>604</ele>
        <time>2025-04-16T09:02:51+00:00</time>
      </trkpt>
      <trkpt lat="45.41079" lon="5.51948">
        <ele>602</ele>
        <time>2025-04-16T09:02:54+00:00</time>
      </trkpt>
      <trkpt lat="45.41065" lon="5.51948">
        <ele>601</ele>
        <time>2025-04-16T09:02:57+00:00</time>
      </trkpt>
      <trkpt lat="45.41042" lon="5.51951">
        <ele>597</ele>
        <time>2025-04-16T09:03:00+00:00</time>
      </trkpt>
      <trkpt lat="45.4103" lon="5.51958">
        <ele>598</ele>
        <time>2025-04-16T09:03:03+00:00</time>
      </trkpt>
      <trkpt lat="45.41021" lon="5.51966">
        <ele>591</ele>
        <time>2025-04-16T09:03:06+00:00</time>
      </trkpt>
      <trkpt lat="45.4101" lon="5.5198">
        <ele>595</ele>
        <time>2025-04-16T09:03:09+00:00</time>
      </trkpt>
      <trkpt lat="45.41001" lon="5.51995">
        <ele>588</ele>
        <time>2025-04-16T09:03:12+00:00</time>
      </trkpt>
      <trkpt lat="45.40991" lon="5.52013">
        <ele>584</ele>
        <time>2025-04-16T09:03:15+00:00</time>
      </trkpt>
      <trkpt lat="45.40979" lon="5.52035">
        <ele>580</ele>
        <time>2025-04-16T09:03:18+00:00</time>
      </trkpt>
      <trkpt lat="45.4096" lon="5.5208">
        <ele>573</ele>
        <time>2025-04-16T09:03:21+00:00</time>
      </trkpt>
      <trkpt lat="45.40947" lon="5.52122">
        <ele>568</ele>
        <time>2025-04-16T09:03:24+00:00</time>
      </trkpt>
      <trkpt lat="45.40938" lon="5.5215">
        <ele>564</ele>
        <time>2025-04-16T09:03:27+00:00</time>
      </trkpt>
      <trkpt lat="45.40934" lon="5.52164">
        <ele>563</ele>
        <time>2025-04-16T09:03:30+00:00</time>
      </trkpt>
      <trkpt lat="45.40931" lon="5.52175">
        <ele>562</ele>
        <time>2025-04-16T09:03:33+00:00</time>
      </trkpt>
      <trkpt lat="45.40928" lon="5.52194">
        <ele>563</ele>
        <time>2025-04-16T09:03:36+00:00</time>
      </trkpt>
      <trkpt lat="45.40927" lon="5.52202">
        <ele>562</ele>
        <time>2025-04-16T09:03:39+00:00</time>
      </trkpt>
      <trkpt lat="45.40925" lon="5.52214">
        <ele>559</ele>
        <time>2025-04-16T09:03:42+00:00</time>
      </trkpt>
      <trkpt lat="45.40923" lon="5.52242">
        <ele>556</ele>
        <time>2025-04-16T09:03:45+00:00</time>
      </trkpt>
      <trkpt lat="45.40921" lon="5.52271">
        <ele>552</ele>
        <time>2025-04-16T09:03:48+00:00</time>
      </trkpt>
      <trkpt lat="45.4092" lon="5.52307">
        <ele>550</ele>
        <time>2025-04-16T09:03:51+00:00</time>
      </trkpt>
      <trkpt lat="45.40917" lon="5.5234">
        <ele>547</ele>
        <time>2025-04-16T09:03:54+00:00</time>
      </trkpt>
      <trkpt lat="45.40915" lon="5.52368">
        <ele>545</ele>
        <time>2025-04-16T09:03:57+00:00</time>
      </trkpt>
      <trkpt lat="45.40913" lon="5.52383">
        <ele>543</ele>
        <time>2025-04-16T09:04:00+00:00</time>
      </trkpt>
      <trkpt lat="45.4091" lon="5.52397">
        <ele>542</ele>
        <time>2025-04-16T09:04:03+00:00</time>
      </trkpt>
      <trkpt lat="45.40905" lon="5.52409">
        <ele>540</ele>
        <time>2025-04-16T09:04:06+00:00</time>
      </trkpt>
      <trkpt lat="45.409" lon="5.52418">
        <ele>539</ele>
        <time>2025-04-16T09:04:09+00:00</time>
      </trkpt>
      <trkpt lat="45.40892" lon="5.52429">
        <ele>538</ele>
        <time>2025-04-16T09:04:12+00:00</time>
      </trkpt>
      <trkpt lat="45.40883" lon="5.52437">
        <ele>539</ele>
        <time>2025-04-16T09:04:15+00:00</time>
      </trkpt>
      <trkpt lat="45.40869" lon="5.52449">
        <ele>537</ele>
        <time>2025-04-16T09:04:18+00:00</time>
      </trkpt>
      <trkpt lat="45.40856" lon="5.52456">
        <ele>532</ele>
        <time>2025-04-16T09:04:21+00:00</time>
      </trkpt>
      <trkpt lat="45.40845" lon="5.5246">
        <ele>529</ele>
        <time>2025-04-16T09:04:24+00:00</time>
      </trkpt>
      <trkpt lat="45.40834" lon="5.52463">
        <ele>529</ele>
        <time>2025-04-16T09:04:27+00:00</time>
      </trkpt>
      <trkpt lat="45.40828" lon="5.52463">
        <ele>526</ele>
        <time>2025-04-16T09:04:30+00:00</time>
      </trkpt>
      <trkpt lat="45.40819" lon="5.52461">
        <ele>525</ele>
        <time>2025-04-16T09:04:33+00:00</time>
      </trkpt>
      <trkpt lat="45.40801" lon="5.52453">
        <ele>525</ele>
        <time>2025-04-16T09:04:36+00:00</time>
      </trkpt>
      <trkpt lat="45.40785" lon="5.52446">
        <ele>527</ele>
        <time>2025-04-16T09:04:39+00:00</time>
      </trkpt>
      <trkpt lat="45.40758" lon="5.52434">
        <ele>522</ele>
        <time>2025-04-16T09:04:42+00:00</time>
      </trkpt>
      <trkpt lat="45.4073" lon="5.52416">
        <ele>521</ele>
        <time>2025-04-16T09:04:45+00:00</time>
      </trkpt>
      <trkpt lat="45.40708" lon="5.52401">
        <ele>520</ele>
        <time>2025-04-16T09:04:48+00:00</time>
      </trkpt>
      <trkpt lat="45.40684" lon="5.52385">
        <ele>520</ele>
        <time>2025-04-16T09:04:51+00:00</time>
      </trkpt>
      <trkpt lat="45.40661" lon="5.52369">
        <ele>520</ele>
        <time>2025-04-16T09:04:54+00:00</time>
      </trkpt>
      <trkpt lat="45.4064" lon="5.52358">
        <ele>517</ele>
        <time>2025-04-16T09:04:57+00:00</time>
      </trkpt>
      <trkpt lat="45.4063" lon="5.52354">
        <ele>516</ele>
        <time>2025-04-16T09:05:00+00:00</time>
      </trkpt>
      <trkpt lat="45.40623" lon="5.52349">
        <ele>516</ele>
        <time>2025-04-16T09:05:03+00:00</time>
      </trkpt>
      <trkpt lat="45.40615" lon="5.52342">
        <ele>514</ele>
        <time>2025-04-16T09:05:06+00:00</time>
      </trkpt>
      <trkpt lat="45.406" lon="5.52318">
        <ele>514</ele>
        <time>2025-04-16T09:05:09+00:00</time>
      </trkpt>
      <trkpt lat="45.40587" lon="5.52297">
        <ele>514</ele>
        <time>2025-04-16T09:05:12+00:00</time>
      </trkpt>
      <trkpt lat="45.40571" lon="5.52269">
        <ele>514</ele>
        <time>2025-04-16T09:05:15+00:00</time>
      </trkpt>
      <trkpt lat="45.4057" lon="5.52268">
        <ele>514</ele>
        <time>2025-04-16T09:05:18+00:00</time>
      </trkpt>
      <trkpt lat="45.40571" lon="5.52269">
        <ele>514</ele>
        <time>2025-04-16T09:05:21+00:00</time>
      </trkpt>
      <trkpt lat="45.40554" lon="5.52306">
        <ele>512</ele>
        <time>2025-04-16T09:05:24+00:00</time>
      </trkpt>
      <trkpt lat="45.40547" lon="5.52322">
        <ele>512</ele>
        <time>2025-04-16T09:05:27+00:00</time>
      </trkpt>
      <trkpt lat="45.40538" lon="5.52347">
        <ele>512</ele>
        <time>2025-04-16T09:05:30+00:00</time>
      </trkpt>
      <trkpt lat="45.40532" lon="5.52357">
        <ele>512</ele>
        <time>2025-04-16T09:05:33+00:00</time>
      </trkpt>
      <trkpt lat="45.40526" lon="5.52367">
        <ele>512</ele>
        <time>2025-04-16T09:05:36+00:00</time>
      </trkpt>
      <trkpt lat="45.40517" lon="5.52373">
        <ele>512</ele>
        <time>2025-04-16T09:05:39+00:00</time>
      </trkpt>
      <trkpt lat="45.40512" lon="5.52377">
        <ele>512</ele>
        <time>2025-04-16T09:05:42+00:00</time>
      </trkpt>
      <trkpt lat="45.40506" lon="5.5238">
        <ele>512</ele>
        <time>2025-04-16T09:05:45+00:00</time>
      </trkpt>
      <trkpt lat="45.40501" lon="5.52381">
        <ele>512</ele>
        <time>2025-04-16T09:05:48+00:00</time>
      </trkpt>
      <trkpt lat="45.40504" lon="5.52394">
        <ele>512</ele>
        <time>2025-04-16T09:05:51+00:00</time>
      </trkpt>
      <trkpt lat="45.40508" lon="5.52403">
        <ele>512</ele>
        <time>2025-04-16T09:05:54+00:00</time>
      </trkpt>
      <trkpt lat="45.40513" lon="5.52413">
        <ele>512</ele>
        <time>2025-04-16T09:05:57+00:00</time>
      </trkpt>
      <trkpt lat="45.4052" lon="5.52422">
        <ele>512</ele>
        <time>2025-04-16T09:06:00+00:00</time>
      </trkpt>
      <trkpt lat="45.40523" lon="5.52425">
        <ele>512</ele>
        <time>2025-04-16T09:06:03+00:00</time>
      </trkpt>
      <trkpt lat="45.40535" lon="5.52439">
        <ele>513</ele>
        <time>2025-04-16T09:06:06+00:00</time>
      </trkpt>
      <trkpt lat="45.40546" lon="5.52449">
        <ele>513</ele>
        <time>2025-04-16T09:06:09+00:00</time>
      </trkpt>
      <trkpt lat="45.40552" lon="5.52455">
        <ele>513</ele>
        <time>2025-04-16T09:06:12+00:00</time>
      </trkpt>
      <trkpt lat="45.40569" lon="5.52472">
        <ele>513</ele>
        <time>2025-04-16T09:06:15+00:00</time>
      </trkpt>
      <trkpt lat="45.40584" lon="5.52489">
        <ele>514</ele>
        <time>2025-04-16T09:06:18+00:00</time>
      </trkpt>
      <trkpt lat="45.40599" lon="5.52505">
        <ele>515</ele>
        <time>2025-04-16T09:06:21+00:00</time>
      </trkpt>
      <trkpt lat="45.40609" lon="5.52517">
        <ele>515</ele>
        <time>2025-04-16T09:06:24+00:00</time>
      </trkpt>
      <trkpt lat="45.4062" lon="5.52528">
        <ele>515</ele>
        <time>2025-04-16T09:06:27+00:00</time>
      </trkpt>
      <trkpt lat="45.4064" lon="5.52544">
        <ele>516</ele>
        <time>2025-04-16T09:06:30+00:00</time>
      </trkpt>
      <trkpt lat="45.40648" lon="5.52562">
        <ele>516</ele>
        <time>2025-04-16T09:06:33+00:00</time>
      </trkpt>
      <trkpt lat="45.40657" lon="5.52578">
        <ele>516</ele>
        <time>2025-04-16T09:06:36+00:00</time>
      </trkpt>
      <trkpt lat="45.40668" lon="5.52601">
        <ele>516</ele>
        <time>2025-04-16T09:06:39+00:00</time>
      </trkpt>
      <trkpt lat="45.40681" lon="5.52629">
        <ele>517</ele>
        <time>2025-04-16T09:06:42+00:00</time>
      </trkpt>
      <trkpt lat="45.407" lon="5.52672">
        <ele>518</ele>
        <time>2025-04-16T09:06:45+00:00</time>
      </trkpt>
      <trkpt lat="45.40713" lon="5.52699">
        <ele>518</ele>
        <time>2025-04-16T09:06:48+00:00</time>
      </trkpt>
      <trkpt lat="45.40714" lon="5.52701">
        <ele>518</ele>
        <time>2025-04-16T09:06:51+00:00</time>
      </trkpt>
      <trkpt lat="45.40726" lon="5.5273">
        <ele>519</ele>
        <time>2025-04-16T09:06:54+00:00</time>
      </trkpt>
      <trkpt lat="45.40742" lon="5.52765">
        <ele>519</ele>
        <time>2025-04-16T09:06:57+00:00</time>
      </trkpt>
      <trkpt lat="45.40751" lon="5.52786">
        <ele>520</ele>
        <time>2025-04-16T09:07:00+00:00</time>
      </trkpt>
      <trkpt lat="45.40762" lon="5.52808">
        <ele>520</ele>
        <time>2025-04-16T09:07:03+00:00</time>
      </trkpt>
      <trkpt lat="45.40777" lon="5.52837">
        <ele>521</ele>
        <time>2025-04-16T09:07:06+00:00</time>
      </trkpt>
      <trkpt lat="45.40795" lon="5.52869">
        <ele>521</ele>
        <time>2025-04-16T09:07:09+00:00</time>
      </trkpt>
      <trkpt lat="45.40813" lon="5.52898">
        <ele>521</ele>
        <time>2025-04-16T09:07:12+00:00</time>
      </trkpt>
      <trkpt lat="45.40821" lon="5.52916">
        <ele>520</ele>
        <time>2025-04-16T09:07:15+00:00</time>
      </trkpt>
      <trkpt lat="45.40822" lon="5.52921">
        <ele>519</ele>
        <time>2025-04-16T09:07:18+00:00</time>
      </trkpt>
      <trkpt lat="45.40831" lon="5.5295">
        <ele>514</ele>
        <time>2025-04-16T09:07:21+00:00</time>
      </trkpt>
      <trkpt lat="45.40839" lon="5.52984">
        <ele>508</ele>
        <time>2025-04-16T09:07:24+00:00</time>
      </trkpt>
      <trkpt lat="45.40847" lon="5.5302">
        <ele>505</ele>
        <time>2025-04-16T09:07:27+00:00</time>
      </trkpt>
      <trkpt lat="45.40862" lon="5.53039">
        <ele>503</ele>
        <time>2025-04-16T09:07:30+00:00</time>
      </trkpt>
      <trkpt lat="45.40883" lon="5.53054">
        <ele>500</ele>
        <time>2025-04-16T09:07:33+00:00</time>
      </trkpt>
      <trkpt lat="45.40905" lon="5.5307">
        <ele>494</ele>
        <time>2025-04-16T09:07:36+00:00</time>
      </trkpt>
      <trkpt lat="45.40939" lon="5.53091">
        <ele>485</ele>
        <time>2025-04-16T09:07:39+00:00</time>
      </trkpt>
      <trkpt lat="45.40962" lon="5.53104">
        <ele>483</ele>
        <time>2025-04-16T09:07:42+00:00</time>
      </trkpt>
      <trkpt lat="45.40974" lon="5.53114">
        <ele>477</ele>
        <time>2025-04-16T09:07:45+00:00</time>
      </trkpt>
      <trkpt lat="45.40986" lon="5.53124">
        <ele>471</ele>
        <time>2025-04-16T09:07:48+00:00</time>
      </trkpt>
      <trkpt lat="45.40998" lon="5.5313">
        <ele>470</ele>
        <time>2025-04-16T09:07:51+00:00</time>
      </trkpt>
      <trkpt lat="45.40971" lon="5.53125">
        <ele>471</ele>
        <time>2025-04-16T09:07:54+00:00</time>
      </trkpt>
      <trkpt lat="45.4096" lon="5.53124">
        <ele>473</ele>
        <time>2025-04-16T09:07:57+00:00</time>
      </trkpt>
      <trkpt lat="45.40946" lon="5.5313">
        <ele>470</ele>
        <time>2025-04-16T09:08:00+00:00</time>
      </trkpt>
      <trkpt lat="45.40926" lon="5.53129">
        <ele>470</ele>
        <time>2025-04-16T09:08:03+00:00</time>
      </trkpt>
      <trkpt lat="45.4091" lon="5.53123">
        <ele>469</ele>
        <time>2025-04-16T09:08:06+00:00</time>
      </trkpt>
      <trkpt lat="45.40883" lon="5.53119">
        <ele>471</ele>
        <time>2025-04-16T09:08:09+00:00</time>
      </trkpt>
      <trkpt lat="45.40871" lon="5.53114">
        <ele>474</ele>
        <time>2025-04-16T09:08:12+00:00</time>
      </trkpt>
      <trkpt lat="45.40861" lon="5.5311">
        <ele>473</ele>
        <time>2025-04-16T09:08:15+00:00</time>
      </trkpt>
      <trkpt lat="45.40847" lon="5.53107">
        <ele>473</ele>
        <time>2025-04-16T09:08:18+00:00</time>
      </trkpt>
      <trkpt lat="45.40834" lon="5.53087">
        <ele>475</ele>
        <time>2025-04-16T09:08:21+00:00</time>
      </trkpt>
      <trkpt lat="45.40813" lon="5.53044">
        <ele>477</ele>
        <time>2025-04-16T09:08:24+00:00</time>
      </trkpt>
      <trkpt lat="45.40798" lon="5.52994">
        <ele>491</ele>
        <time>2025-04-16T09:08:27+00:00</time>
      </trkpt>
      <trkpt lat="45.40787" lon="5.52966">
        <ele>507</ele>
        <time>2025-04-16T09:08:30+00:00</time>
      </trkpt>
      <trkpt lat="45.40781" lon="5.52952">
        <ele>510</ele>
        <time>2025-04-16T09:08:33+00:00</time>
      </trkpt>
      <trkpt lat="45.40768" lon="5.5296">
        <ele>507</ele>
        <time>2025-04-16T09:08:36+00:00</time>
      </trkpt>
      <trkpt lat="45.40747" lon="5.52973">
        <ele>505</ele>
        <time>2025-04-16T09:08:39+00:00</time>
      </trkpt>
      <trkpt lat="45.40736" lon="5.52977">
        <ele>505</ele>
        <time>2025-04-16T09:08:42+00:00</time>
      </trkpt>
      <trkpt lat="45.40717" lon="5.52988">
        <ele>504</ele>
        <time>2025-04-16T09:08:45+00:00</time>
      </trkpt>
      <trkpt lat="45.40695" lon="5.53001">
        <ele>494</ele>
        <time>2025-04-16T09:08:48+00:00</time>
      </trkpt>
      <trkpt lat="45.40671" lon="5.53022">
        <ele>492</ele>
        <time>2025-04-16T09:08:51+00:00</time>
      </trkpt>
      <trkpt lat="45.40654" lon="5.53038">
        <ele>491</ele>
        <time>2025-04-16T09:08:54+00:00</time>
      </trkpt>
      <trkpt lat="45.40634" lon="5.53056">
        <ele>490</ele>
        <time>2025-04-16T09:08:57+00:00</time>
      </trkpt>
      <trkpt lat="45.40628" lon="5.53057">
        <ele>489</ele>
        <time>2025-04-16T09:09:00+00:00</time>
      </trkpt>
      <trkpt lat="45.40626" lon="5.53056">
        <ele>489</ele>
        <time>2025-04-16T09:09:03+00:00</time>
      </trkpt>
      <trkpt lat="45.40597" lon="5.53056">
        <ele>489</ele>
        <time>2025-04-16T09:09:06+00:00</time>
      </trkpt>
      <trkpt lat="45.40564" lon="5.53063">
        <ele>487</ele>
        <time>2025-04-16T09:09:09+00:00</time>
      </trkpt>
      <trkpt lat="45.40523" lon="5.53063">
        <ele>487</ele>
        <time>2025-04-16T09:09:12+00:00</time>
      </trkpt>
      <trkpt lat="45.4049" lon="5.53064">
        <ele>486</ele>
        <time>2025-04-16T09:09:15+00:00</time>
      </trkpt>
      <trkpt lat="45.40457" lon="5.53065">
        <ele>486</ele>
        <time>2025-04-16T09:09:18+00:00</time>
      </trkpt>
      <trkpt lat="45.40413" lon="5.53067">
        <ele>485</ele>
        <time>2025-04-16T09:09:21+00:00</time>
      </trkpt>
      <trkpt lat="45.40374" lon="5.53079">
        <ele>484</ele>
        <time>2025-04-16T09:09:24+00:00</time>
      </trkpt>
      <trkpt lat="45.4035" lon="5.53092">
        <ele>483</ele>
        <time>2025-04-16T09:09:27+00:00</time>
      </trkpt>
      <trkpt lat="45.4032" lon="5.53107">
        <ele>483</ele>
        <time>2025-04-16T09:09:30+00:00</time>
      </trkpt>
      <trkpt lat="45.40281" lon="5.53122">
        <ele>483</ele>
        <time>2025-04-16T09:09:33+00:00</time>
      </trkpt>
      <trkpt lat="45.40273" lon="5.53123">
        <ele>484</ele>
        <time>2025-04-16T09:09:36+00:00</time>
      </trkpt>
      <trkpt lat="45.40247" lon="5.5311">
        <ele>484</ele>
        <time>2025-04-16T09:09:39+00:00</time>
      </trkpt>
      <trkpt lat="45.4021" lon="5.5311">
        <ele>485</ele>
        <time>2025-04-16T09:09:42+00:00</time>
      </trkpt>
      <trkpt lat="45.40188" lon="5.53098">
        <ele>488</ele>
        <time>2025-04-16T09:09:45+00:00</time>
      </trkpt>
      <trkpt lat="45.40165" lon="5.53085">
        <ele>493</ele>
        <time>2025-04-16T09:09:48+00:00</time>
      </trkpt>
      <trkpt lat="45.40154" lon="5.53075">
        <ele>493</ele>
        <time>2025-04-16T09:09:51+00:00</time>
      </trkpt>
      <trkpt lat="45.40137" lon="5.53049">
        <ele>493</ele>
        <time>2025-04-16T09:09:54+00:00</time>
      </trkpt>
      <trkpt lat="45.40108" lon="5.53004">
        <ele>494</ele>
        <time>2025-04-16T09:09:57+00:00</time>
      </trkpt>
      <trkpt lat="45.40094" lon="5.52991">
        <ele>494</ele>
        <time>2025-04-16T09:10:00+00:00</time>
      </trkpt>
      <trkpt lat="45.40081" lon="5.52973">
        <ele>494</ele>
        <time>2025-04-16T09:10:03+00:00</time>
      </trkpt>
      <trkpt lat="45.40066" lon="5.52952">
        <ele>494</ele>
        <time>2025-04-16T09:10:06+00:00</time>
      </trkpt>
      <trkpt lat="45.40058" lon="5.52946">
        <ele>494</ele>
        <time>2025-04-16T09:10:09+00:00</time>
      </trkpt>
      <trkpt lat="45.40059" lon="5.52945">
        <ele>494</ele>
        <time>2025-04-16T09:10:12+00:00</time>
      </trkpt>
      <trkpt lat="45.40057" lon="5.52943">
        <ele>494</ele>
        <time>2025-04-16T09:10:15+00:00</time>
      </trkpt>
      <trkpt lat="45.40045" lon="5.52938">
        <ele>493</ele>
        <time>2025-04-16T09:10:18+00:00</time>
      </trkpt>
      <trkpt lat="45.40027" lon="5.5293">
        <ele>493</ele>
        <time>2025-04-16T09:10:21+00:00</time>
      </trkpt>
      <trkpt lat="45.40009" lon="5.52924">
        <ele>493</ele>
        <time>2025-04-16T09:10:24+00:00</time>
      </trkpt>
      <trkpt lat="45.39992" lon="5.52917">
        <ele>492</ele>
        <time>2025-04-16T09:10:27+00:00</time>
      </trkpt>
      <trkpt lat="45.39979" lon="5.52911">
        <ele>492</ele>
        <time>2025-04-16T09:10:30+00:00</time>
      </trkpt>
      <trkpt lat="45.3997" lon="5.52903">
        <ele>492</ele>
        <time>2025-04-16T09:10:33+00:00</time>
      </trkpt>
      <trkpt lat="45.3996" lon="5.52889">
        <ele>492</ele>
        <time>2025-04-16T09:10:36+00:00</time>
      </trkpt>
      <trkpt lat="45.39942" lon="5.52857">
        <ele>491</ele>
        <time>2025-04-16T09:10:39+00:00</time>
      </trkpt>
      <trkpt lat="45.39929" lon="5.5283">
        <ele>490</ele>
        <time>2025-04-16T09:10:42+00:00</time>
      </trkpt>
      <trkpt lat="45.39917" lon="5.52805">
        <ele>489</ele>
        <time>2025-04-16T09:10:45+00:00</time>
      </trkpt>
      <trkpt lat="45.39914" lon="5.52791">
        <ele>490</ele>
        <time>2025-04-16T09:10:48+00:00</time>
      </trkpt>
      <trkpt lat="45.39915" lon="5.52781">
        <ele>490</ele>
        <time>2025-04-16T09:10:51+00:00</time>
      </trkpt>
      <trkpt lat="45.39906" lon="5.52771">
        <ele>489</ele>
        <time>2025-04-16T09:10:54+00:00</time>
      </trkpt>
      <trkpt lat="45.39896" lon="5.52756">
        <ele>489</ele>
        <time>2025-04-16T09:10:57+00:00</time>
      </trkpt>
      <trkpt lat="45.39882" lon="5.52736">
        <ele>489</ele>
        <time>2025-04-16T09:11:00+00:00</time>
      </trkpt>
      <trkpt lat="45.39871" lon="5.52722">
        <ele>489</ele>
        <time>2025-04-16T09:11:03+00:00</time>
      </trkpt>
      <trkpt lat="45.39863" lon="5.52708">
        <ele>489</ele>
        <time>2025-04-16T09:11:06+00:00</time>
      </trkpt>
      <trkpt lat="45.39854" lon="5.52689">
        <ele>487</ele>
        <time>2025-04-16T09:11:09+00:00</time>
      </trkpt>
      <trkpt lat="45.39845" lon="5.52669">
        <ele>486</ele>
        <time>2025-04-16T09:11:12+00:00</time>
      </trkpt>
      <trkpt lat="45.39838" lon="5.52655">
        <ele>485</ele>
        <time>2025-04-16T09:11:15+00:00</time>
      </trkpt>
      <trkpt lat="45.39827" lon="5.52646">
        <ele>483</ele>
        <time>2025-04-16T09:11:18+00:00</time>
      </trkpt>
      <trkpt lat="45.39815" lon="5.52641">
        <ele>482</ele>
        <time>2025-04-16T09:11:21+00:00</time>
      </trkpt>
      <trkpt lat="45.39808" lon="5.5264">
        <ele>483</ele>
        <time>2025-04-16T09:11:24+00:00</time>
      </trkpt>
      <trkpt lat="45.39801" lon="5.52636">
        <ele>483</ele>
        <time>2025-04-16T09:11:27+00:00</time>
      </trkpt>
      <trkpt lat="45.39801" lon="5.52635">
        <ele>483</ele>
        <time>2025-04-16T09:11:30+00:00</time>
      </trkpt>
      <trkpt lat="45.39798" lon="5.5263">
        <ele>482</ele>
        <time>2025-04-16T09:11:33+00:00</time>
      </trkpt>
      <trkpt lat="45.39791" lon="5.52608">
        <ele>483</ele>
        <time>2025-04-16T09:11:36+00:00</time>
      </trkpt>
      <trkpt lat="45.39782" lon="5.52586">
        <ele>482</ele>
        <time>2025-04-16T09:11:39+00:00</time>
      </trkpt>
      <trkpt lat="45.39773" lon="5.52563">
        <ele>481</ele>
        <time>2025-04-16T09:11:42+00:00</time>
      </trkpt>
      <trkpt lat="45.39765" lon="5.52542">
        <ele>480</ele>
        <time>2025-04-16T09:11:45+00:00</time>
      </trkpt>
      <trkpt lat="45.39757" lon="5.52527">
        <ele>480</ele>
        <time>2025-04-16T09:11:48+00:00</time>
      </trkpt>
      <trkpt lat="45.39749" lon="5.52513">
        <ele>478</ele>
        <time>2025-04-16T09:11:51+00:00</time>
      </trkpt>
      <trkpt lat="45.39737" lon="5.52501">
        <ele>475</ele>
        <time>2025-04-16T09:11:54+00:00</time>
      </trkpt>
      <trkpt lat="45.39724" lon="5.52489">
        <ele>474</ele>
        <time>2025-04-16T09:11:57+00:00</time>
      </trkpt>
      <trkpt lat="45.39721" lon="5.52488">
        <ele>474</ele>
        <time>2025-04-16T09:12:00+00:00</time>
      </trkpt>
      <trkpt lat="45.39709" lon="5.52484">
        <ele>473</ele>
        <time>2025-04-16T09:12:03+00:00</time>
      </trkpt>
      <trkpt lat="45.3969" lon="5.52482">
        <ele>472</ele>
        <time>2025-04-16T09:12:06+00:00</time>
      </trkpt>
      <trkpt lat="45.3968" lon="5.52448">
        <ele>471</ele>
        <time>2025-04-16T09:12:09+00:00</time>
      </trkpt>
      <trkpt lat="45.39669" lon="5.52409">
        <ele>471</ele>
        <time>2025-04-16T09:12:12+00:00</time>
      </trkpt>
      <trkpt lat="45.39654" lon="5.52381">
        <ele>471</ele>
        <time>2025-04-16T09:12:15+00:00</time>
      </trkpt>
      <trkpt lat="45.39639" lon="5.52351">
        <ele>471</ele>
        <time>2025-04-16T09:12:18+00:00</time>
      </trkpt>
      <trkpt lat="45.39638" lon="5.52336">
        <ele>471</ele>
        <time>2025-04-16T09:12:21+00:00</time>
      </trkpt>
      <trkpt lat="45.3964" lon="5.52329">
        <ele>471</ele>
        <time>2025-04-16T09:12:24+00:00</time>
      </trkpt>
      <trkpt lat="45.39621" lon="5.52322">
        <ele>471</ele>
        <time>2025-04-16T09:12:27+00:00</time>
      </trkpt>
      <trkpt lat="45.39615" lon="5.52311">
        <ele>468</ele>
        <time>2025-04-16T09:12:30+00:00</time>
      </trkpt>
      <trkpt lat="45.39614" lon="5.52302">
        <ele>466</ele>
        <time>2025-04-16T09:12:33+00:00</time>
      </trkpt>
      <trkpt lat="45.39618" lon="5.52291">
        <ele>463</ele>
        <time>2025-04-16T09:12:36+00:00</time>
      </trkpt>
      <trkpt lat="45.39584" lon="5.52275">
        <ele>458</ele>
        <time>2025-04-16T09:12:39+00:00</time>
      </trkpt>
      <trkpt lat="45.39555" lon="5.52272">
        <ele>455</ele>
        <time>2025-04-16T09:12:42+00:00</time>
      </trkpt>
      <trkpt lat="45.39508" lon="5.52268">
        <ele>447</ele>
        <time>2025-04-16T09:12:45+00:00</time>
      </trkpt>
      <trkpt lat="45.39499" lon="5.52272">
        <ele>446</ele>
        <time>2025-04-16T09:12:48+00:00</time>
      </trkpt>
      <trkpt lat="45.39493" lon="5.52262">
        <ele>445</ele>
        <time>2025-04-16T09:12:51+00:00</time>
      </trkpt>
      <trkpt lat="45.39493" lon="5.52262">
        <ele>445</ele>
        <time>2025-04-16T09:12:54+00:00</time>
      </trkpt>
      <trkpt lat="45.39499" lon="5.52272">
        <ele>446</ele>
        <time>2025-04-16T09:12:57+00:00</time>
      </trkpt>
      <trkpt lat="45.39495" lon="5.52274">
        <ele>446</ele>
        <time>2025-04-16T09:13:00+00:00</time>
      </trkpt>
      <trkpt lat="45.39473" lon="5.52303">
        <ele>444</ele>
        <time>2025-04-16T09:13:03+00:00</time>
      </trkpt>
      <trkpt lat="45.39432" lon="5.52358">
        <ele>444</ele>
        <time>2025-04-16T09:13:06+00:00</time>
      </trkpt>
      <trkpt lat="45.39425" lon="5.52363">
        <ele>444</ele>
        <time>2025-04-16T09:13:09+00:00</time>
      </trkpt>
      <trkpt lat="45.39411" lon="5.52377">
        <ele>444</ele>
        <time>2025-04-16T09:13:12+00:00</time>
      </trkpt>
      <trkpt lat="45.39386" lon="5.52391">
        <ele>444</ele>
        <time>2025-04-16T09:13:15+00:00</time>
      </trkpt>
      <trkpt lat="45.39352" lon="5.5241">
        <ele>445</ele>
        <time>2025-04-16T09:13:18+00:00</time>
      </trkpt>
      <trkpt lat="45.39332" lon="5.52442">
        <ele>445</ele>
        <time>2025-04-16T09:13:21+00:00</time>
      </trkpt>
      <trkpt lat="45.39298" lon="5.52498">
        <ele>442</ele>
        <time>2025-04-16T09:13:24+00:00</time>
      </trkpt>
      <trkpt lat="45.39289" lon="5.52517">
        <ele>440</ele>
        <time>2025-04-16T09:13:27+00:00</time>
      </trkpt>
      <trkpt lat="45.39283" lon="5.52546">
        <ele>440</ele>
        <time>2025-04-16T09:13:30+00:00</time>
      </trkpt>
      <trkpt lat="45.3927" lon="5.52591">
        <ele>440</ele>
        <time>2025-04-16T09:13:33+00:00</time>
      </trkpt>
      <trkpt lat="45.3927" lon="5.52609">
        <ele>439</ele>
        <time>2025-04-16T09:13:36+00:00</time>
      </trkpt>
      <trkpt lat="45.39273" lon="5.52628">
        <ele>437</ele>
        <time>2025-04-16T09:13:39+00:00</time>
      </trkpt>
      <trkpt lat="45.39283" lon="5.52648">
        <ele>434</ele>
        <time>2025-04-16T09:13:42+00:00</time>
      </trkpt>
      <trkpt lat="45.39283" lon="5.52654">
        <ele>433</ele>
        <time>2025-04-16T09:13:45+00:00</time>
      </trkpt>
      <trkpt lat="45.39308" lon="5.52684">
        <ele>432</ele>
        <time>2025-04-16T09:13:48+00:00</time>
      </trkpt>
      <trkpt lat="45.39344" lon="5.52712">
        <ele>432</ele>
        <time>2025-04-16T09:13:51+00:00</time>
      </trkpt>
      <trkpt lat="45.39367" lon="5.52725">
        <ele>432</ele>
        <time>2025-04-16T09:13:54+00:00</time>
      </trkpt>
      <trkpt lat="45.39372" lon="5.52732">
        <ele>432</ele>
        <time>2025-04-16T09:13:57+00:00</time>
      </trkpt>
      <trkpt lat="45.39381" lon="5.52761">
        <ele>432</ele>
        <time>2025-04-16T09:14:00+00:00</time>
      </trkpt>
      <trkpt lat="45.39396" lon="5.52779">
        <ele>432</ele>
        <time>2025-04-16T09:14:03+00:00</time>
      </trkpt>
      <trkpt lat="45.39401" lon="5.52781">
        <ele>432</ele>
        <time>2025-04-16T09:14:06+00:00</time>
      </trkpt>
      <trkpt lat="45.39404" lon="5.52794">
        <ele>432</ele>
        <time>2025-04-16T09:14:09+00:00</time>
      </trkpt>
      <trkpt lat="45.39407" lon="5.52799">
        <ele>432</ele>
        <time>2025-04-16T09:14:12+00:00</time>
      </trkpt>
      <trkpt lat="45.39411" lon="5.52806">
        <ele>432</ele>
        <time>2025-04-16T09:14:15+00:00</time>
      </trkpt>
      <trkpt lat="45.39408" lon="5.52821">
        <ele>432</ele>
        <time>2025-04-16T09:14:18+00:00</time>
      </trkpt>
      <trkpt lat="45.39428" lon="5.52835">
        <ele>432</ele>
        <time>2025-04-16T09:14:21+00:00</time>
      </trkpt>
      <trkpt lat="45.39462" lon="5.52859">
        <ele>432</ele>
        <time>2025-04-16T09:14:24+00:00</time>
      </trkpt>
      <trkpt lat="45.39465" lon="5.52864">
        <ele>432</ele>
        <time>2025-04-16T09:14:27+00:00</time>
      </trkpt>
      <trkpt lat="45.39461" lon="5.52889">
        <ele>432</ele>
        <time>2025-04-16T09:14:30+00:00</time>
      </trkpt>
      <trkpt lat="45.39463" lon="5.52902">
        <ele>432</ele>
        <time>2025-04-16T09:14:33+00:00</time>
      </trkpt>
      <trkpt lat="45.39471" lon="5.52899">
        <ele>432</ele>
        <time>2025-04-16T09:14:36+00:00</time>
      </trkpt>
      <trkpt lat="45.39475" lon="5.52901">
        <ele>432</ele>
        <time>2025-04-16T09:14:39+00:00</time>
      </trkpt>
      <trkpt lat="45.39475" lon="5.52901">
        <ele>432</ele>
        <time>2025-04-16T09:14:42+00:00</time>
      </trkpt>
      <trkpt lat="45.39479" lon="5.52902">
        <ele>432</ele>
        <time>2025-04-16T09:14:45+00:00</time>
      </trkpt>
      <trkpt lat="45.39483" lon="5.52905">
        <ele>433</ele>
        <time>2025-04-16T09:14:48+00:00</time>
      </trkpt>
      <trkpt lat="45.39496" lon="5.52922">
        <ele>434</ele>
        <time>2025-04-16T09:14:51+00:00</time>
      </trkpt>
      <trkpt lat="45.3951" lon="5.52943">
        <ele>436</ele>
        <time>2025-04-16T09:14:54+00:00</time>
      </trkpt>
      <trkpt lat="45.3951" lon="5.52944">
        <ele>436</ele>
        <time>2025-04-16T09:14:57+00:00</time>
      </trkpt>
      <trkpt lat="45.39505" lon="5.52959">
        <ele>436</ele>
        <time>2025-04-16T09:15:00+00:00</time>
      </trkpt>
      <trkpt lat="45.39498" lon="5.52982">
        <ele>437</ele>
        <time>2025-04-16T09:15:03+00:00</time>
      </trkpt>
      <trkpt lat="45.39494" lon="5.5298">
        <ele>437</ele>
        <time>2025-04-16T09:15:06+00:00</time>
      </trkpt>
      <trkpt lat="45.39484" lon="5.52975">
        <ele>437</ele>
        <time>2025-04-16T09:15:09+00:00</time>
      </trkpt>
      <trkpt lat="45.39475" lon="5.5298">
        <ele>438</ele>
        <time>2025-04-16T09:15:12+00:00</time>
      </trkpt>
      <trkpt lat="45.39468" lon="5.5298">
        <ele>440</ele>
        <time>2025-04-16T09:15:15+00:00</time>
      </trkpt>
      <trkpt lat="45.39456" lon="5.52977">
        <ele>439</ele>
        <time>2025-04-16T09:15:18+00:00</time>
      </trkpt>
      <trkpt lat="45.39434" lon="5.52972">
        <ele>444</ele>
        <time>2025-04-16T09:15:21+00:00</time>
      </trkpt>
      <trkpt lat="45.39411" lon="5.52966">
        <ele>444</ele>
        <time>2025-04-16T09:15:24+00:00</time>
      </trkpt>
      <trkpt lat="45.39387" lon="5.52963">
        <ele>447</ele>
        <time>2025-04-16T09:15:27+00:00</time>
      </trkpt>
      <trkpt lat="45.39375" lon="5.52961">
        <ele>450</ele>
        <time>2025-04-16T09:15:30+00:00</time>
      </trkpt>
      <trkpt lat="45.3936" lon="5.52956">
        <ele>452</ele>
        <time>2025-04-16T09:15:33+00:00</time>
      </trkpt>
      <trkpt lat="45.39343" lon="5.52948">
        <ele>452</ele>
        <time>2025-04-16T09:15:36+00:00</time>
      </trkpt>
      <trkpt lat="45.39324" lon="5.5294">
        <ele>456</ele>
        <time>2025-04-16T09:15:39+00:00</time>
      </trkpt>
      <trkpt lat="45.39312" lon="5.52938">
        <ele>456</ele>
        <time>2025-04-16T09:15:42+00:00</time>
      </trkpt>
      <trkpt lat="45.39306" lon="5.52937">
        <ele>457</ele>
        <time>2025-04-16T09:15:45+00:00</time>
      </trkpt>
      <trkpt lat="45.39291" lon="5.52937">
        <ele>457</ele>
        <time>2025-04-16T09:15:48+00:00</time>
      </trkpt>
      <trkpt lat="45.39273" lon="5.52942">
        <ele>460</ele>
        <time>2025-04-16T09:15:51+00:00</time>
      </trkpt>
      <trkpt lat="45.39253" lon="5.5295">
        <ele>462</ele>
        <time>2025-04-16T09:15:54+00:00</time>
      </trkpt>
      <trkpt lat="45.39231" lon="5.5296">
        <ele>465</ele>
        <time>2025-04-16T09:15:57+00:00</time>
      </trkpt>
      <trkpt lat="45.3922" lon="5.52962">
        <ele>465</ele>
        <time>2025-04-16T09:16:00+00:00</time>
      </trkpt>
      <trkpt lat="45.39205" lon="5.52963">
        <ele>467</ele>
        <time>2025-04-16T09:16:03+00:00</time>
      </trkpt>
      <trkpt lat="45.39188" lon="5.52962">
        <ele>471</ele>
        <time>2025-04-16T09:16:06+00:00</time>
      </trkpt>
      <trkpt lat="45.39171" lon="5.52961">
        <ele>472</ele>
        <time>2025-04-16T09:16:09+00:00</time>
      </trkpt>
      <trkpt lat="45.3916" lon="5.52963">
        <ele>474</ele>
        <time>2025-04-16T09:16:12+00:00</time>
      </trkpt>
      <trkpt lat="45.39156" lon="5.52961">
        <ele>474</ele>
        <time>2025-04-16T09:16:15+00:00</time>
      </trkpt>
      <trkpt lat="45.39142" lon="5.52949">
        <ele>473</ele>
        <time>2025-04-16T09:16:18+00:00</time>
      </trkpt>
      <trkpt lat="45.39132" lon="5.52938">
        <ele>477</ele>
        <time>2025-04-16T09:16:21+00:00</time>
      </trkpt>
      <trkpt lat="45.39126" lon="5.52931">
        <ele>476</ele>
        <time>2025-04-16T09:16:24+00:00</time>
      </trkpt>
      <trkpt lat="45.39108" lon="5.52907">
        <ele>476</ele>
        <time>2025-04-16T09:16:27+00:00</time>
      </trkpt>
      <trkpt lat="45.39091" lon="5.52878">
        <ele>477</ele>
        <time>2025-04-16T09:16:30+00:00</time>
      </trkpt>
      <trkpt lat="45.39069" lon="5.52832">
        <ele>479</ele>
        <time>2025-04-16T09:16:33+00:00</time>
      </trkpt>
      <trkpt lat="45.39057" lon="5.52804">
        <ele>481</ele>
        <time>2025-04-16T09:16:36+00:00</time>
      </trkpt>
      <trkpt lat="45.39032" lon="5.52813">
        <ele>483</ele>
        <time>2025-04-16T09:16:39+00:00</time>
      </trkpt>
      <trkpt lat="45.39019" lon="5.52818">
        <ele>483</ele>
        <time>2025-04-16T09:16:42+00:00</time>
      </trkpt>
      <trkpt lat="45.39005" lon="5.52829">
        <ele>483</ele>
        <time>2025-04-16T09:16:45+00:00</time>
      </trkpt>
      <trkpt lat="45.38993" lon="5.52843">
        <ele>484</ele>
        <time>2025-04-16T09:16:48+00:00</time>
      </trkpt>
      <trkpt lat="45.38983" lon="5.5286">
        <ele>484</ele>
        <time>2025-04-16T09:16:51+00:00</time>
      </trkpt>
      <trkpt lat="45.38975" lon="5.52881">
        <ele>485</ele>
        <time>2025-04-16T09:16:54+00:00</time>
      </trkpt>
      <trkpt lat="45.38966" lon="5.5291">
        <ele>484</ele>
        <time>2025-04-16T09:16:57+00:00</time>
      </trkpt>
      <trkpt lat="45.38961" lon="5.52932">
        <ele>486</ele>
        <time>2025-04-16T09:17:00+00:00</time>
      </trkpt>
      <trkpt lat="45.3896" lon="5.52937">
        <ele>484</ele>
        <time>2025-04-16T09:17:03+00:00</time>
      </trkpt>
      <trkpt lat="45.38961" lon="5.52932">
        <ele>486</ele>
        <time>2025-04-16T09:17:06+00:00</time>
      </trkpt>
      <trkpt lat="45.38973" lon="5.52933">
        <ele>486</ele>
        <time>2025-04-16T09:17:09+00:00</time>
      </trkpt>
      <trkpt lat="45.38979" lon="5.52932">
        <ele>486</ele>
        <time>2025-04-16T09:17:12+00:00</time>
      </trkpt>
      <trkpt lat="45.38986" lon="5.52932">
        <ele>487</ele>
        <time>2025-04-16T09:17:15+00:00</time>
      </trkpt>
      <trkpt lat="45.38996" lon="5.5293">
        <ele>488</ele>
        <time>2025-04-16T09:17:18+00:00</time>
      </trkpt>
      <trkpt lat="45.3901" lon="5.52931">
        <ele>489</ele>
        <time>2025-04-16T09:17:21+00:00</time>
      </trkpt>
      <trkpt lat="45.39025" lon="5.52935">
        <ele>492</ele>
        <time>2025-04-16T09:17:24+00:00</time>
      </trkpt>
      <trkpt lat="45.39045" lon="5.5294">
        <ele>494</ele>
        <time>2025-04-16T09:17:27+00:00</time>
      </trkpt>
      <trkpt lat="45.39062" lon="5.52943">
        <ele>496</ele>
        <time>2025-04-16T09:17:30+00:00</time>
      </trkpt>
      <trkpt lat="45.39076" lon="5.52945">
        <ele>494</ele>
        <time>2025-04-16T09:17:33+00:00</time>
      </trkpt>
      <trkpt lat="45.39086" lon="5.52951">
        <ele>497</ele>
        <time>2025-04-16T09:17:36+00:00</time>
      </trkpt>
      <trkpt lat="45.39093" lon="5.52959">
        <ele>494</ele>
        <time>2025-04-16T09:17:39+00:00</time>
      </trkpt>
      <trkpt lat="45.39099" lon="5.52984">
        <ele>499</ele>
        <time>2025-04-16T09:17:42+00:00</time>
      </trkpt>
      <trkpt lat="45.39099" lon="5.53">
        <ele>499</ele>
        <time>2025-04-16T09:17:45+00:00</time>
      </trkpt>
      <trkpt lat="45.39095" lon="5.53013">
        <ele>499</ele>
        <time>2025-04-16T09:17:48+00:00</time>
      </trkpt>
      <trkpt lat="45.39092" lon="5.53019">
        <ele>499</ele>
        <time>2025-04-16T09:17:51+00:00</time>
      </trkpt>
      <trkpt lat="45.39087" lon="5.53027">
        <ele>500</ele>
        <time>2025-04-16T09:17:54+00:00</time>
      </trkpt>
      <trkpt lat="45.39078" lon="5.53037">
        <ele>502</ele>
        <time>2025-04-16T09:17:57+00:00</time>
      </trkpt>
      <trkpt lat="45.39067" lon="5.53043">
        <ele>502</ele>
        <time>2025-04-16T09:18:00+00:00</time>
      </trkpt>
      <trkpt lat="45.39033" lon="5.53061">
        <ele>505</ele>
        <time>2025-04-16T09:18:03+00:00</time>
      </trkpt>
      <trkpt lat="45.39011" lon="5.53073">
        <ele>507</ele>
        <time>2025-04-16T09:18:06+00:00</time>
      </trkpt>
      <trkpt lat="45.38991" lon="5.53089">
        <ele>509</ele>
        <time>2025-04-16T09:18:09+00:00</time>
      </trkpt>
      <trkpt lat="45.38974" lon="5.53104">
        <ele>512</ele>
        <time>2025-04-16T09:18:12+00:00</time>
      </trkpt>
      <trkpt lat="45.38961" lon="5.53117">
        <ele>514</ele>
        <time>2025-04-16T09:18:15+00:00</time>
      </trkpt>
      <trkpt lat="45.3895" lon="5.53131">
        <ele>518</ele>
        <time>2025-04-16T09:18:18+00:00</time>
      </trkpt>
      <trkpt lat="45.38936" lon="5.53149">
        <ele>519</ele>
        <time>2025-04-16T09:18:21+00:00</time>
      </trkpt>
      <trkpt lat="45.38908" lon="5.53193">
        <ele>526</ele>
        <time>2025-04-16T09:18:24+00:00</time>
      </trkpt>
      <trkpt lat="45.38892" lon="5.53224">
        <ele>528</ele>
        <time>2025-04-16T09:18:27+00:00</time>
      </trkpt>
      <trkpt lat="45.3887" lon="5.53272">
        <ele>535</ele>
        <time>2025-04-16T09:18:30+00:00</time>
      </trkpt>
      <trkpt lat="45.38858" lon="5.53303">
        <ele>540</ele>
        <time>2025-04-16T09:18:33+00:00</time>
      </trkpt>
      <trkpt lat="45.38844" lon="5.53339">
        <ele>542</ele>
        <time>2025-04-16T09:18:36+00:00</time>
      </trkpt>
      <trkpt lat="45.38837" lon="5.53366">
        <ele>546</ele>
        <time>2025-04-16T09:18:39+00:00</time>
      </trkpt>
      <trkpt lat="45.38833" lon="5.53385">
        <ele>548</ele>
        <time>2025-04-16T09:18:42+00:00</time>
      </trkpt>
      <trkpt lat="45.38834" lon="5.53398">
        <ele>545</ele>
        <time>2025-04-16T09:18:45+00:00</time>
      </trkpt>
      <trkpt lat="45.38838" lon="5.5341">
        <ele>551</ele>
        <time>2025-04-16T09:18:48+00:00</time>
      </trkpt>
      <trkpt lat="45.38812" lon="5.53427">
        <ele>545</ele>
        <time>2025-04-16T09:18:51+00:00</time>
      </trkpt>
      <trkpt lat="45.38783" lon="5.53443">
        <ele>536</ele>
        <time>2025-04-16T09:18:54+00:00</time>
      </trkpt>
      <trkpt lat="45.38755" lon="5.53469">
        <ele>525</ele>
        <time>2025-04-16T09:18:57+00:00</time>
      </trkpt>
      <trkpt lat="45.38732" lon="5.5348">
        <ele>522</ele>
        <time>2025-04-16T09:19:00+00:00</time>
      </trkpt>
      <trkpt lat="45.38709" lon="5.5349">
        <ele>517</ele>
        <time>2025-04-16T09:19:03+00:00</time>
      </trkpt>
      <trkpt lat="45.38683" lon="5.5352">
        <ele>512</ele>
        <time>2025-04-16T09:19:06+00:00</time>
      </trkpt>
      <trkpt lat="45.38664" lon="5.53542">
        <ele>512</ele>
        <time>2025-04-16T09:19:09+00:00</time>
      </trkpt>
      <trkpt lat="45.38638" lon="5.53563">
        <ele>505</ele>
        <time>2025-04-16T09:19:12+00:00</time>
      </trkpt>
      <trkpt lat="45.38615" lon="5.53611">
        <ele>505</ele>
        <time>2025-04-16T09:19:15+00:00</time>
      </trkpt>
      <trkpt lat="45.38599" lon="5.53625">
        <ele>503</ele>
        <time>2025-04-16T09:19:18+00:00</time>
      </trkpt>
      <trkpt lat="45.38577" lon="5.53636">
        <ele>503</ele>
        <time>2025-04-16T09:19:21+00:00</time>
      </trkpt>
      <trkpt lat="45.38552" lon="5.5363">
        <ele>504</ele>
        <time>2025-04-16T09:19:24+00:00</time>
      </trkpt>
      <trkpt lat="45.38558" lon="5.53676">
        <ele>506</ele>
        <time>2025-04-16T09:19:27+00:00</time>
      </trkpt>
      <trkpt lat="45.38555" lon="5.53724">
        <ele>509</ele>
        <time>2025-04-16T09:19:30+00:00</time>
      </trkpt>
      <trkpt lat="45.3855" lon="5.53781">
        <ele>513</ele>
        <time>2025-04-16T09:19:33+00:00</time>
      </trkpt>
      <trkpt lat="45.38536" lon="5.53843">
        <ele>512</ele>
        <time>2025-04-16T09:19:36+00:00</time>
      </trkpt>
      <trkpt lat="45.3853" lon="5.5388">
        <ele>512</ele>
        <time>2025-04-16T09:19:39+00:00</time>
      </trkpt>
      <trkpt lat="45.38521" lon="5.53929">
        <ele>519</ele>
        <time>2025-04-16T09:19:42+00:00</time>
      </trkpt>
      <trkpt lat="45.38514" lon="5.5398">
        <ele>523</ele>
        <time>2025-04-16T09:19:45+00:00</time>
      </trkpt>
      <trkpt lat="45.38508" lon="5.54013">
        <ele>523</ele>
        <time>2025-04-16T09:19:48+00:00</time>
      </trkpt>
      <trkpt lat="45.38502" lon="5.54048">
        <ele>526</ele>
        <time>2025-04-16T09:19:51+00:00</time>
      </trkpt>
      <trkpt lat="45.38525" lon="5.54044">
        <ele>531</ele>
        <time>2025-04-16T09:19:54+00:00</time>
      </trkpt>
      <trkpt lat="45.38536" lon="5.54091">
        <ele>542</ele>
        <time>2025-04-16T09:19:57+00:00</time>
      </trkpt>
      <trkpt lat="45.38543" lon="5.54152">
        <ele>554</ele>
        <time>2025-04-16T09:20:00+00:00</time>
      </trkpt>
      <trkpt lat="45.38563" lon="5.54186">
        <ele>562</ele>
        <time>2025-04-16T09:20:03+00:00</time>
      </trkpt>
      <trkpt lat="45.38575" lon="5.54214">
        <ele>570</ele>
        <time>2025-04-16T09:20:06+00:00</time>
      </trkpt>
      <trkpt lat="45.38583" lon="5.54234">
        <ele>573</ele>
        <time>2025-04-16T09:20:09+00:00</time>
      </trkpt>
      <trkpt lat="45.38583" lon="5.5424">
        <ele>574</ele>
        <time>2025-04-16T09:20:12+00:00</time>
      </trkpt>
      <trkpt lat="45.38582" lon="5.54249">
        <ele>574</ele>
        <time>2025-04-16T09:20:15+00:00</time>
      </trkpt>
      <trkpt lat="45.38583" lon="5.54262">
        <ele>576</ele>
        <time>2025-04-16T09:20:18+00:00</time>
      </trkpt>
      <trkpt lat="45.38587" lon="5.54287">
        <ele>578</ele>
        <time>2025-04-16T09:20:21+00:00</time>
      </trkpt>
      <trkpt lat="45.38592" lon="5.54337">
        <ele>586</ele>
        <time>2025-04-16T09:20:24+00:00</time>
      </trkpt>
      <trkpt lat="45.38595" lon="5.54366">
        <ele>589</ele>
        <time>2025-04-16T09:20:27+00:00</time>
      </trkpt>
      <trkpt lat="45.38596" lon="5.5438">
        <ele>590</ele>
        <time>2025-04-16T09:20:30+00:00</time>
      </trkpt>
      <trkpt lat="45.386" lon="5.54403">
        <ele>594</ele>
        <time>2025-04-16T09:20:33+00:00</time>
      </trkpt>
      <trkpt lat="45.38605" lon="5.54419">
        <ele>595</ele>
        <time>2025-04-16T09:20:36+00:00</time>
      </trkpt>
      <trkpt lat="45.38608" lon="5.54426">
        <ele>595</ele>
        <time>2025-04-16T09:20:39+00:00</time>
      </trkpt>
      <trkpt lat="45.38611" lon="5.5443">
        <ele>599</ele>
        <time>2025-04-16T09:20:42+00:00</time>
      </trkpt>
      <trkpt lat="45.38615" lon="5.54436">
        <ele>599</ele>
        <time>2025-04-16T09:20:45+00:00</time>
      </trkpt>
      <trkpt lat="45.38621" lon="5.54441">
        <ele>602</ele>
        <time>2025-04-16T09:20:48+00:00</time>
      </trkpt>
      <trkpt lat="45.38628" lon="5.54444">
        <ele>602</ele>
        <time>2025-04-16T09:20:51+00:00</time>
      </trkpt>
      <trkpt lat="45.38639" lon="5.54446">
        <ele>605</ele>
        <time>2025-04-16T09:20:54+00:00</time>
      </trkpt>
      <trkpt lat="45.38647" lon="5.54447">
        <ele>607</ele>
        <time>2025-04-16T09:20:57+00:00</time>
      </trkpt>
      <trkpt lat="45.38654" lon="5.54453">
        <ele>612</ele>
        <time>2025-04-16T09:21:00+00:00</time>
      </trkpt>
      <trkpt lat="45.38656" lon="5.54454">
        <ele>612</ele>
        <time>2025-04-16T09:21:03+00:00</time>
      </trkpt>
      <trkpt lat="45.3866" lon="5.54462">
        <ele>614</ele>
        <time>2025-04-16T09:21:06+00:00</time>
      </trkpt>
      <trkpt lat="45.38664" lon="5.54474">
        <ele>615</ele>
        <time>2025-04-16T09:21:09+00:00</time>
      </trkpt>
      <trkpt lat="45.38666" lon="5.54497">
        <ele>616</ele>
        <time>2025-04-16T09:21:12+00:00</time>
      </trkpt>
      <trkpt lat="45.38665" lon="5.54528">
        <ele>619</ele>
        <time>2025-04-16T09:21:15+00:00</time>
      </trkpt>
      <trkpt lat="45.38664" lon="5.54538">
        <ele>619</ele>
        <time>2025-04-16T09:21:18+00:00</time>
      </trkpt>
      <trkpt lat="45.38664" lon="5.54542">
        <ele>620</ele>
        <time>2025-04-16T09:21:21+00:00</time>
      </trkpt>
      <trkpt lat="45.38661" lon="5.54568">
        <ele>620</ele>
        <time>2025-04-16T09:21:24+00:00</time>
      </trkpt>
      <trkpt lat="45.38653" lon="5.54612">
        <ele>622</ele>
        <time>2025-04-16T09:21:27+00:00</time>
      </trkpt>
      <trkpt lat="45.38653" lon="5.54625">
        <ele>623</ele>
        <time>2025-04-16T09:21:30+00:00</time>
      </trkpt>
      <trkpt lat="45.38654" lon="5.5464">
        <ele>623</ele>
        <time>2025-04-16T09:21:33+00:00</time>
      </trkpt>
      <trkpt lat="45.38659" lon="5.54667">
        <ele>623</ele>
        <time>2025-04-16T09:21:36+00:00</time>
      </trkpt>
      <trkpt lat="45.38662" lon="5.54679">
        <ele>626</ele>
        <time>2025-04-16T09:21:39+00:00</time>
      </trkpt>
      <trkpt lat="45.38663" lon="5.54708">
        <ele>626</ele>
        <time>2025-04-16T09:21:42+00:00</time>
      </trkpt>
      <trkpt lat="45.38665" lon="5.5474">
        <ele>624</ele>
        <time>2025-04-16T09:21:45+00:00</time>
      </trkpt>
      <trkpt lat="45.38638" lon="5.54771">
        <ele>623</ele>
        <time>2025-04-16T09:21:48+00:00</time>
      </trkpt>
      <trkpt lat="45.38612" lon="5.54801">
        <ele>622</ele>
        <time>2025-04-16T09:21:51+00:00</time>
      </trkpt>
      <trkpt lat="45.3857" lon="5.54849">
        <ele>621</ele>
        <time>2025-04-16T09:21:54+00:00</time>
      </trkpt>
      <trkpt lat="45.38558" lon="5.54897">
        <ele>621</ele>
        <time>2025-04-16T09:21:57+00:00</time>
      </trkpt>
      <trkpt lat="45.38553" lon="5.54927">
        <ele>621</ele>
        <time>2025-04-16T09:22:00+00:00</time>
      </trkpt>
      <trkpt lat="45.3855" lon="5.54955">
        <ele>622</ele>
        <time>2025-04-16T09:22:03+00:00</time>
      </trkpt>
      <trkpt lat="45.38548" lon="5.54979">
        <ele>621</ele>
        <time>2025-04-16T09:22:06+00:00</time>
      </trkpt>
      <trkpt lat="45.38548" lon="5.55003">
        <ele>624</ele>
        <time>2025-04-16T09:22:09+00:00</time>
      </trkpt>
      <trkpt lat="45.3855" lon="5.5504">
        <ele>625</ele>
        <time>2025-04-16T09:22:12+00:00</time>
      </trkpt>
      <trkpt lat="45.38553" lon="5.55089">
        <ele>625</ele>
        <time>2025-04-16T09:22:15+00:00</time>
      </trkpt>
      <trkpt lat="45.38553" lon="5.55109">
        <ele>625</ele>
        <time>2025-04-16T09:22:18+00:00</time>
      </trkpt>
      <trkpt lat="45.38554" lon="5.55129">
        <ele>626</ele>
        <time>2025-04-16T09:22:21+00:00</time>
      </trkpt>
      <trkpt lat="45.38554" lon="5.55137">
        <ele>627</ele>
        <time>2025-04-16T09:22:24+00:00</time>
      </trkpt>
      <trkpt lat="45.38551" lon="5.55146">
        <ele>626</ele>
        <time>2025-04-16T09:22:27+00:00</time>
      </trkpt>
      <trkpt lat="45.38544" lon="5.55157">
        <ele>626</ele>
        <time>2025-04-16T09:22:30+00:00</time>
      </trkpt>
      <trkpt lat="45.38529" lon="5.55181">
        <ele>626</ele>
        <time>2025-04-16T09:22:33+00:00</time>
      </trkpt>
      <trkpt lat="45.38501" lon="5.55214">
        <ele>627</ele>
        <time>2025-04-16T09:22:36+00:00</time>
      </trkpt>
      <trkpt lat="45.3849" lon="5.55228">
        <ele>628</ele>
        <time>2025-04-16T09:22:39+00:00</time>
      </trkpt>
      <trkpt lat="45.3848" lon="5.55245">
        <ele>629</ele>
        <time>2025-04-16T09:22:42+00:00</time>
      </trkpt>
      <trkpt lat="45.38471" lon="5.55266">
        <ele>630</ele>
        <time>2025-04-16T09:22:45+00:00</time>
      </trkpt>
      <trkpt lat="45.38469" lon="5.55269">
        <ele>630</ele>
        <time>2025-04-16T09:22:48+00:00</time>
      </trkpt>
      <trkpt lat="45.38461" lon="5.55285">
        <ele>630</ele>
        <time>2025-04-16T09:22:51+00:00</time>
      </trkpt>
      <trkpt lat="45.38447" lon="5.55309">
        <ele>630</ele>
        <time>2025-04-16T09:22:54+00:00</time>
      </trkpt>
      <trkpt lat="45.38438" lon="5.55331">
        <ele>631</ele>
        <time>2025-04-16T09:22:57+00:00</time>
      </trkpt>
      <trkpt lat="45.3843" lon="5.55362">
        <ele>633</ele>
        <time>2025-04-16T09:23:00+00:00</time>
      </trkpt>
      <trkpt lat="45.38424" lon="5.5539">
        <ele>634</ele>
        <time>2025-04-16T09:23:03+00:00</time>
      </trkpt>
      <trkpt lat="45.3842" lon="5.55419">
        <ele>635</ele>
        <time>2025-04-16T09:23:06+00:00</time>
      </trkpt>
      <trkpt lat="45.38412" lon="5.55461">
        <ele>637</ele>
        <time>2025-04-16T09:23:09+00:00</time>
      </trkpt>
      <trkpt lat="45.38407" lon="5.55491">
        <ele>639</ele>
        <time>2025-04-16T09:23:12+00:00</time>
      </trkpt>
      <trkpt lat="45.38424" lon="5.55526">
        <ele>639</ele>
        <time>2025-04-16T09:23:15+00:00</time>
      </trkpt>
      <trkpt lat="45.38431" lon="5.55578">
        <ele>636</ele>
        <time>2025-04-16T09:23:18+00:00</time>
      </trkpt>
      <trkpt lat="45.38436" lon="5.55612">
        <ele>630</ele>
        <time>2025-04-16T09:23:21+00:00</time>
      </trkpt>
      <trkpt lat="45.38448" lon="5.55654">
        <ele>630</ele>
        <time>2025-04-16T09:23:24+00:00</time>
      </trkpt>
      <trkpt lat="45.38454" lon="5.55688">
        <ele>629</ele>
        <time>2025-04-16T09:23:27+00:00</time>
      </trkpt>
      <trkpt lat="45.38444" lon="5.55699">
        <ele>629</ele>
        <time>2025-04-16T09:23:30+00:00</time>
      </trkpt>
      <trkpt lat="45.38436" lon="5.55708">
        <ele>629</ele>
        <time>2025-04-16T09:23:33+00:00</time>
      </trkpt>
      <trkpt lat="45.3844" lon="5.55719">
        <ele>631</ele>
        <time>2025-04-16T09:23:36+00:00</time>
      </trkpt>
      <trkpt lat="45.38442" lon="5.55729">
        <ele>633</ele>
        <time>2025-04-16T09:23:39+00:00</time>
      </trkpt>
      <trkpt lat="45.38441" lon="5.55738">
        <ele>634</ele>
        <time>2025-04-16T09:23:42+00:00</time>
      </trkpt>
      <trkpt lat="45.38439" lon="5.55751">
        <ele>635</ele>
        <time>2025-04-16T09:23:45+00:00</time>
      </trkpt>
      <trkpt lat="45.38434" lon="5.55765">
        <ele>636</ele>
        <time>2025-04-16T09:23:48+00:00</time>
      </trkpt>
      <trkpt lat="45.38428" lon="5.55779">
        <ele>637</ele>
        <time>2025-04-16T09:23:51+00:00</time>
      </trkpt>
      <trkpt lat="45.38418" lon="5.55802">
        <ele>640</ele>
        <time>2025-04-16T09:23:54+00:00</time>
      </trkpt>
      <trkpt lat="45.38409" lon="5.5582">
        <ele>642</ele>
        <time>2025-04-16T09:23:57+00:00</time>
      </trkpt>
      <trkpt lat="45.38396" lon="5.5584">
        <ele>644</ele>
        <time>2025-04-16T09:24:00+00:00</time>
      </trkpt>
      <trkpt lat="45.38385" lon="5.55857">
        <ele>645</ele>
        <time>2025-04-16T09:24:03+00:00</time>
      </trkpt>
      <trkpt lat="45.38376" lon="5.55872">
        <ele>648</ele>
        <time>2025-04-16T09:24:06+00:00</time>
      </trkpt>
      <trkpt lat="45.38363" lon="5.55888">
        <ele>650</ele>
        <time>2025-04-16T09:24:09+00:00</time>
      </trkpt>
      <trkpt lat="45.3835" lon="5.55896">
        <ele>652</ele>
        <time>2025-04-16T09:24:12+00:00</time>
      </trkpt>
      <trkpt lat="45.38344" lon="5.55903">
        <ele>655</ele>
        <time>2025-04-16T09:24:15+00:00</time>
      </trkpt>
      <trkpt lat="45.38337" lon="5.5591">
        <ele>655</ele>
        <time>2025-04-16T09:24:18+00:00</time>
      </trkpt>
      <trkpt lat="45.3833" lon="5.55917">
        <ele>655</ele>
        <time>2025-04-16T09:24:21+00:00</time>
      </trkpt>
      <trkpt lat="45.38325" lon="5.55926">
        <ele>655</ele>
        <time>2025-04-16T09:24:24+00:00</time>
      </trkpt>
      <trkpt lat="45.38323" lon="5.55936">
        <ele>657</ele>
        <time>2025-04-16T09:24:27+00:00</time>
      </trkpt>
      <trkpt lat="45.38322" lon="5.55938">
        <ele>657</ele>
        <time>2025-04-16T09:24:30+00:00</time>
      </trkpt>
      <trkpt lat="45.38329" lon="5.55956">
        <ele>659</ele>
        <time>2025-04-16T09:24:33+00:00</time>
      </trkpt>
      <trkpt lat="45.38335" lon="5.55966">
        <ele>663</ele>
        <time>2025-04-16T09:24:36+00:00</time>
      </trkpt>
      <trkpt lat="45.38342" lon="5.55975">
        <ele>667</ele>
        <time>2025-04-16T09:24:39+00:00</time>
      </trkpt>
      <trkpt lat="45.38359" lon="5.55992">
        <ele>677</ele>
        <time>2025-04-16T09:24:42+00:00</time>
      </trkpt>
      <trkpt lat="45.38373" lon="5.56003">
        <ele>686</ele>
        <time>2025-04-16T09:24:45+00:00</time>
      </trkpt>
      <trkpt lat="45.38383" lon="5.56008">
        <ele>689</ele>
        <time>2025-04-16T09:24:48+00:00</time>
      </trkpt>
      <trkpt lat="45.38391" lon="5.56009">
        <ele>692</ele>
        <time>2025-04-16T09:24:51+00:00</time>
      </trkpt>
      <trkpt lat="45.38404" lon="5.56018">
        <ele>696</ele>
        <time>2025-04-16T09:24:54+00:00</time>
      </trkpt>
      <trkpt lat="45.38425" lon="5.56033">
        <ele>710</ele>
        <time>2025-04-16T09:24:57+00:00</time>
      </trkpt>
      <trkpt lat="45.38441" lon="5.56043">
        <ele>720</ele>
        <time>2025-04-16T09:25:00+00:00</time>
      </trkpt>
      <trkpt lat="45.38455" lon="5.56052">
        <ele>725</ele>
        <time>2025-04-16T09:25:03+00:00</time>
      </trkpt>
      <trkpt lat="45.38473" lon="5.56069">
        <ele>735</ele>
        <time>2025-04-16T09:25:06+00:00</time>
      </trkpt>
      <trkpt lat="45.38494" lon="5.56089">
        <ele>746</ele>
        <time>2025-04-16T09:25:09+00:00</time>
      </trkpt>
      <trkpt lat="45.38514" lon="5.56112">
        <ele>751</ele>
        <time>2025-04-16T09:25:12+00:00</time>
      </trkpt>
      <trkpt lat="45.38524" lon="5.56085">
        <ele>754</ele>
        <time>2025-04-16T09:25:15+00:00</time>
      </trkpt>
      <trkpt lat="45.38537" lon="5.56067">
        <ele>755</ele>
        <time>2025-04-16T09:25:18+00:00</time>
      </trkpt>
      <trkpt lat="45.38544" lon="5.5606">
        <ele>757</ele>
        <time>2025-04-16T09:25:21+00:00</time>
      </trkpt>
      <trkpt lat="45.38555" lon="5.5606">
        <ele>757</ele>
        <time>2025-04-16T09:25:24+00:00</time>
      </trkpt>
      <trkpt lat="45.38562" lon="5.56059">
        <ele>758</ele>
        <time>2025-04-16T09:25:27+00:00</time>
      </trkpt>
      <trkpt lat="45.38588" lon="5.56055">
        <ele>761</ele>
        <time>2025-04-16T09:25:30+00:00</time>
      </trkpt>
      <trkpt lat="45.38612" lon="5.56052">
        <ele>766</ele>
        <time>2025-04-16T09:25:33+00:00</time>
      </trkpt>
      <trkpt lat="45.38624" lon="5.56049">
        <ele>766</ele>
        <time>2025-04-16T09:25:36+00:00</time>
      </trkpt>
      <trkpt lat="45.38637" lon="5.56034">
        <ele>767</ele>
        <time>2025-04-16T09:25:39+00:00</time>
      </trkpt>
      <trkpt lat="45.38658" lon="5.55994">
        <ele>769</ele>
        <time>2025-04-16T09:25:42+00:00</time>
      </trkpt>
      <trkpt lat="45.38677" lon="5.55964">
        <ele>771</ele>
        <time>2025-04-16T09:25:45+00:00</time>
      </trkpt>
      <trkpt lat="45.38694" lon="5.5594">
        <ele>773</ele>
        <time>2025-04-16T09:25:48+00:00</time>
      </trkpt>
      <trkpt lat="45.38714" lon="5.55923">
        <ele>777</ele>
        <time>2025-04-16T09:25:51+00:00</time>
      </trkpt>
      <trkpt lat="45.38728" lon="5.55912">
        <ele>778</ele>
        <time>2025-04-16T09:25:54+00:00</time>
      </trkpt>
      <trkpt lat="45.38746" lon="5.55911">
        <ele>781</ele>
        <time>2025-04-16T09:25:57+00:00</time>
      </trkpt>
      <trkpt lat="45.38752" lon="5.55912">
        <ele>782</ele>
        <time>2025-04-16T09:26:00+00:00</time>
      </trkpt>
      <trkpt lat="45.38756" lon="5.55903">
        <ele>782</ele>
        <time>2025-04-16T09:26:03+00:00</time>
      </trkpt>
      <trkpt lat="45.38764" lon="5.55888">
        <ele>783</ele>
        <time>2025-04-16T09:26:06+00:00</time>
      </trkpt>
      <trkpt lat="45.38775" lon="5.55868">
        <ele>785</ele>
        <time>2025-04-16T09:26:09+00:00</time>
      </trkpt>
      <trkpt lat="45.38787" lon="5.55849">
        <ele>787</ele>
        <time>2025-04-16T09:26:12+00:00</time>
      </trkpt>
      <trkpt lat="45.38794" lon="5.55831">
        <ele>788</ele>
        <time>2025-04-16T09:26:15+00:00</time>
      </trkpt>
      <trkpt lat="45.388" lon="5.55801">
        <ele>784</ele>
        <time>2025-04-16T09:26:18+00:00</time>
      </trkpt>
      <trkpt lat="45.38805" lon="5.5577">
        <ele>781</ele>
        <time>2025-04-16T09:26:21+00:00</time>
      </trkpt>
      <trkpt lat="45.38806" lon="5.55738">
        <ele>781</ele>
        <time>2025-04-16T09:26:24+00:00</time>
      </trkpt>
      <trkpt lat="45.38806" lon="5.5571">
        <ele>781</ele>
        <time>2025-04-16T09:26:27+00:00</time>
      </trkpt>
      <trkpt lat="45.38804" lon="5.55689">
        <ele>781</ele>
        <time>2025-04-16T09:26:30+00:00</time>
      </trkpt>
      <trkpt lat="45.38799" lon="5.55659">
        <ele>781</ele>
        <time>2025-04-16T09:26:33+00:00</time>
      </trkpt>
      <trkpt lat="45.38793" lon="5.55628">
        <ele>781</ele>
        <time>2025-04-16T09:26:36+00:00</time>
      </trkpt>
      <trkpt lat="45.38791" lon="5.55599">
        <ele>780</ele>
        <time>2025-04-16T09:26:39+00:00</time>
      </trkpt>
      <trkpt lat="45.3879" lon="5.55594">
        <ele>780</ele>
        <time>2025-04-16T09:26:42+00:00</time>
      </trkpt>
      <trkpt lat="45.3879" lon="5.55562">
        <ele>780</ele>
        <time>2025-04-16T09:26:45+00:00</time>
      </trkpt>
      <trkpt lat="45.38792" lon="5.55548">
        <ele>779</ele>
        <time>2025-04-16T09:26:48+00:00</time>
      </trkpt>
      <trkpt lat="45.38797" lon="5.55524">
        <ele>776</ele>
        <time>2025-04-16T09:26:51+00:00</time>
      </trkpt>
      <trkpt lat="45.38804" lon="5.55502">
        <ele>773</ele>
        <time>2025-04-16T09:26:54+00:00</time>
      </trkpt>
      <trkpt lat="45.38815" lon="5.55469">
        <ele>767</ele>
        <time>2025-04-16T09:26:57+00:00</time>
      </trkpt>
      <trkpt lat="45.38832" lon="5.55437">
        <ele>764</ele>
        <time>2025-04-16T09:27:00+00:00</time>
      </trkpt>
      <trkpt lat="45.3883" lon="5.55425">
        <ele>765</ele>
        <time>2025-04-16T09:27:03+00:00</time>
      </trkpt>
      <trkpt lat="45.38829" lon="5.5541">
        <ele>764</ele>
        <time>2025-04-16T09:27:06+00:00</time>
      </trkpt>
      <trkpt lat="45.38831" lon="5.55387">
        <ele>765</ele>
        <time>2025-04-16T09:27:09+00:00</time>
      </trkpt>
      <trkpt lat="45.38834" lon="5.55365">
        <ele>765</ele>
        <time>2025-04-16T09:27:12+00:00</time>
      </trkpt>
      <trkpt lat="45.38836" lon="5.55342">
        <ele>765</ele>
        <time>2025-04-16T09:27:15+00:00</time>
      </trkpt>
      <trkpt lat="45.38839" lon="5.55313">
        <ele>765</ele>
        <time>2025-04-16T09:27:18+00:00</time>
      </trkpt>
      <trkpt lat="45.38841" lon="5.55297">
        <ele>764</ele>
        <time>2025-04-16T09:27:21+00:00</time>
      </trkpt>
      <trkpt lat="45.38846" lon="5.55278">
        <ele>763</ele>
        <time>2025-04-16T09:27:24+00:00</time>
      </trkpt>
      <trkpt lat="45.38849" lon="5.55265">
        <ele>762</ele>
        <time>2025-04-16T09:27:27+00:00</time>
      </trkpt>
      <trkpt lat="45.3885" lon="5.55252">
        <ele>761</ele>
        <time>2025-04-16T09:27:30+00:00</time>
      </trkpt>
      <trkpt lat="45.3885" lon="5.55239">
        <ele>760</ele>
        <time>2025-04-16T09:27:33+00:00</time>
      </trkpt>
      <trkpt lat="45.3885" lon="5.5519">
        <ele>758</ele>
        <time>2025-04-16T09:27:36+00:00</time>
      </trkpt>
      <trkpt lat="45.3885" lon="5.5516">
        <ele>758</ele>
        <time>2025-04-16T09:27:39+00:00</time>
      </trkpt>
      <trkpt lat="45.3885" lon="5.55143">
        <ele>759</ele>
        <time>2025-04-16T09:27:42+00:00</time>
      </trkpt>
      <trkpt lat="45.38849" lon="5.55129">
        <ele>760</ele>
        <time>2025-04-16T09:27:45+00:00</time>
      </trkpt>
      <trkpt lat="45.38847" lon="5.55117">
        <ele>760</ele>
        <time>2025-04-16T09:27:48+00:00</time>
      </trkpt>
      <trkpt lat="45.38841" lon="5.551">
        <ele>762</ele>
        <time>2025-04-16T09:27:51+00:00</time>
      </trkpt>
      <trkpt lat="45.38838" lon="5.5509">
        <ele>763</ele>
        <time>2025-04-16T09:27:54+00:00</time>
      </trkpt>
      <trkpt lat="45.38834" lon="5.5507">
        <ele>766</ele>
        <time>2025-04-16T09:27:57+00:00</time>
      </trkpt>
      <trkpt lat="45.38833" lon="5.55061">
        <ele>766</ele>
        <time>2025-04-16T09:28:00+00:00</time>
      </trkpt>
      <trkpt lat="45.38832" lon="5.55049">
        <ele>766</ele>
        <time>2025-04-16T09:28:03+00:00</time>
      </trkpt>
      <trkpt lat="45.38833" lon="5.55041">
        <ele>766</ele>
        <time>2025-04-16T09:28:06+00:00</time>
      </trkpt>
      <trkpt lat="45.38838" lon="5.55027">
        <ele>765</ele>
        <time>2025-04-16T09:28:09+00:00</time>
      </trkpt>
      <trkpt lat="45.38845" lon="5.55017">
        <ele>764</ele>
        <time>2025-04-16T09:28:12+00:00</time>
      </trkpt>
      <trkpt lat="45.38854" lon="5.55003">
        <ele>763</ele>
        <time>2025-04-16T09:28:15+00:00</time>
      </trkpt>
      <trkpt lat="45.38861" lon="5.5499">
        <ele>762</ele>
        <time>2025-04-16T09:28:18+00:00</time>
      </trkpt>
      <trkpt lat="45.38868" lon="5.54974">
        <ele>760</ele>
        <time>2025-04-16T09:28:21+00:00</time>
      </trkpt>
      <trkpt lat="45.38877" lon="5.54958">
        <ele>761</ele>
        <time>2025-04-16T09:28:24+00:00</time>
      </trkpt>
      <trkpt lat="45.38886" lon="5.54942">
        <ele>760</ele>
        <time>2025-04-16T09:28:27+00:00</time>
      </trkpt>
      <trkpt lat="45.38896" lon="5.5493">
        <ele>761</ele>
        <time>2025-04-16T09:28:30+00:00</time>
      </trkpt>
      <trkpt lat="45.38908" lon="5.54916">
        <ele>761</ele>
        <time>2025-04-16T09:28:33+00:00</time>
      </trkpt>
      <trkpt lat="45.38917" lon="5.54903">
        <ele>763</ele>
        <time>2025-04-16T09:28:36+00:00</time>
      </trkpt>
      <trkpt lat="45.38925" lon="5.54889">
        <ele>764</ele>
        <time>2025-04-16T09:28:39+00:00</time>
      </trkpt>
      <trkpt lat="45.38935" lon="5.5487">
        <ele>763</ele>
        <time>2025-04-16T09:28:42+00:00</time>
      </trkpt>
      <trkpt lat="45.38944" lon="5.54848">
        <ele>763</ele>
        <time>2025-04-16T09:28:45+00:00</time>
      </trkpt>
      <trkpt lat="45.38946" lon="5.54842">
        <ele>763</ele>
        <time>2025-04-16T09:28:48+00:00</time>
      </trkpt>
      <trkpt lat="45.38954" lon="5.54817">
        <ele>763</ele>
        <time>2025-04-16T09:28:51+00:00</time>
      </trkpt>
      <trkpt lat="45.38954" lon="5.54815">
        <ele>763</ele>
        <time>2025-04-16T09:28:54+00:00</time>
      </trkpt>
      <trkpt lat="45.38951" lon="5.54801">
        <ele>762</ele>
        <time>2025-04-16T09:28:57+00:00</time>
      </trkpt>
      <trkpt lat="45.38946" lon="5.54782">
        <ele>761</ele>
        <time>2025-04-16T09:29:00+00:00</time>
      </trkpt>
      <trkpt lat="45.38944" lon="5.54772">
        <ele>761</ele>
        <time>2025-04-16T09:29:03+00:00</time>
      </trkpt>
      <trkpt lat="45.38945" lon="5.54763">
        <ele>760</ele>
        <time>2025-04-16T09:29:06+00:00</time>
      </trkpt>
      <trkpt lat="45.38945" lon="5.54753">
        <ele>761</ele>
        <time>2025-04-16T09:29:09+00:00</time>
      </trkpt>
      <trkpt lat="45.38945" lon="5.54744">
        <ele>762</ele>
        <time>2025-04-16T09:29:12+00:00</time>
      </trkpt>
      <trkpt lat="45.38944" lon="5.54735">
        <ele>762</ele>
        <time>2025-04-16T09:29:15+00:00</time>
      </trkpt>
      <trkpt lat="45.38943" lon="5.54714">
        <ele>763</ele>
        <time>2025-04-16T09:29:18+00:00</time>
      </trkpt>
      <trkpt lat="45.38944" lon="5.54693">
        <ele>763</ele>
        <time>2025-04-16T09:29:21+00:00</time>
      </trkpt>
      <trkpt lat="45.38948" lon="5.54672">
        <ele>766</ele>
        <time>2025-04-16T09:29:24+00:00</time>
      </trkpt>
      <trkpt lat="45.38953" lon="5.54649">
        <ele>770</ele>
        <time>2025-04-16T09:29:27+00:00</time>
      </trkpt>
      <trkpt lat="45.3896" lon="5.54636">
        <ele>771</ele>
        <time>2025-04-16T09:29:30+00:00</time>
      </trkpt>
      <trkpt lat="45.38969" lon="5.54617">
        <ele>773</ele>
        <time>2025-04-16T09:29:33+00:00</time>
      </trkpt>
      <trkpt lat="45.38972" lon="5.54606">
        <ele>774</ele>
        <time>2025-04-16T09:29:36+00:00</time>
      </trkpt>
      <trkpt lat="45.38972" lon="5.54594">
        <ele>775</ele>
        <time>2025-04-16T09:29:39+00:00</time>
      </trkpt>
      <trkpt lat="45.38976" lon="5.54583">
        <ele>776</ele>
        <time>2025-04-16T09:29:42+00:00</time>
      </trkpt>
      <trkpt lat="45.38981" lon="5.54573">
        <ele>777</ele>
        <time>2025-04-16T09:29:45+00:00</time>
      </trkpt>
      <trkpt lat="45.38994" lon="5.54553">
        <ele>775</ele>
        <time>2025-04-16T09:29:48+00:00</time>
      </trkpt>
      <trkpt lat="45.38995" lon="5.54556">
        <ele>778</ele>
        <time>2025-04-16T09:29:51+00:00</time>
      </trkpt>
      <trkpt lat="45.3899" lon="5.54565">
        <ele>777</ele>
        <time>2025-04-16T09:29:54+00:00</time>
      </trkpt>
      <trkpt lat="45.38972" lon="5.54541">
        <ele>774</ele>
        <time>2025-04-16T09:29:57+00:00</time>
      </trkpt>
      <trkpt lat="45.38945" lon="5.54504">
        <ele>758</ele>
        <time>2025-04-16T09:30:00+00:00</time>
      </trkpt>
      <trkpt lat="45.38926" lon="5.54469">
        <ele>752</ele>
        <time>2025-04-16T09:30:03+00:00</time>
      </trkpt>
      <trkpt lat="45.38917" lon="5.54435">
        <ele>749</ele>
        <time>2025-04-16T09:30:06+00:00</time>
      </trkpt>
      <trkpt lat="45.38906" lon="5.54395">
        <ele>744</ele>
        <time>2025-04-16T09:30:09+00:00</time>
      </trkpt>
      <trkpt lat="45.38894" lon="5.54342">
        <ele>735</ele>
        <time>2025-04-16T09:30:12+00:00</time>
      </trkpt>
      <trkpt lat="45.38896" lon="5.54303">
        <ele>729</ele>
        <time>2025-04-16T09:30:15+00:00</time>
      </trkpt>
      <trkpt lat="45.38898" lon="5.54252">
        <ele>724</ele>
        <time>2025-04-16T09:30:18+00:00</time>
      </trkpt>
      <trkpt lat="45.38903" lon="5.54191">
        <ele>719</ele>
        <time>2025-04-16T09:30:21+00:00</time>
      </trkpt>
      <trkpt lat="45.389" lon="5.54142">
        <ele>714</ele>
        <time>2025-04-16T09:30:24+00:00</time>
      </trkpt>
      <trkpt lat="45.38905" lon="5.54102">
        <ele>713</ele>
        <time>2025-04-16T09:30:27+00:00</time>
      </trkpt>
      <trkpt lat="45.38912" lon="5.54044">
        <ele>707</ele>
        <time>2025-04-16T09:30:30+00:00</time>
      </trkpt>
      <trkpt lat="45.38923" lon="5.54019">
        <ele>704</ele>
        <time>2025-04-16T09:30:33+00:00</time>
      </trkpt>
      <trkpt lat="45.38931" lon="5.53982">
        <ele>701</ele>
        <time>2025-04-16T09:30:36+00:00</time>
      </trkpt>
      <trkpt lat="45.38941" lon="5.53933">
        <ele>695</ele>
        <time>2025-04-16T09:30:39+00:00</time>
      </trkpt>
      <trkpt lat="45.38944" lon="5.53911">
        <ele>693</ele>
        <time>2025-04-16T09:30:42+00:00</time>
      </trkpt>
      <trkpt lat="45.38938" lon="5.53899">
        <ele>687</ele>
        <time>2025-04-16T09:30:45+00:00</time>
      </trkpt>
      <trkpt lat="45.38931" lon="5.53892">
        <ele>687</ele>
        <time>2025-04-16T09:30:48+00:00</time>
      </trkpt>
      <trkpt lat="45.38925" lon="5.53892">
        <ele>684</ele>
        <time>2025-04-16T09:30:51+00:00</time>
      </trkpt>
      <trkpt lat="45.38922" lon="5.53882">
        <ele>682</ele>
        <time>2025-04-16T09:30:54+00:00</time>
      </trkpt>
      <trkpt lat="45.38928" lon="5.53869">
        <ele>675</ele>
        <time>2025-04-16T09:30:57+00:00</time>
      </trkpt>
      <trkpt lat="45.38935" lon="5.5386">
        <ele>672</ele>
        <time>2025-04-16T09:31:00+00:00</time>
      </trkpt>
      <trkpt lat="45.38937" lon="5.53854">
        <ele>672</ele>
        <time>2025-04-16T09:31:03+00:00</time>
      </trkpt>
      <trkpt lat="45.38946" lon="5.53838">
        <ele>675</ele>
        <time>2025-04-16T09:31:06+00:00</time>
      </trkpt>
      <trkpt lat="45.38964" lon="5.53839">
        <ele>679</ele>
        <time>2025-04-16T09:31:09+00:00</time>
      </trkpt>
      <trkpt lat="45.38968" lon="5.53834">
        <ele>676</ele>
        <time>2025-04-16T09:31:12+00:00</time>
      </trkpt>
      <trkpt lat="45.38961" lon="5.53815">
        <ele>679</ele>
        <time>2025-04-16T09:31:15+00:00</time>
      </trkpt>
      <trkpt lat="45.38965" lon="5.5379">
        <ele>674</ele>
        <time>2025-04-16T09:31:18+00:00</time>
      </trkpt>
      <trkpt lat="45.38962" lon="5.53752">
        <ele>673</ele>
        <time>2025-04-16T09:31:21+00:00</time>
      </trkpt>
      <trkpt lat="45.38958" lon="5.53701">
        <ele>664</ele>
        <time>2025-04-16T09:31:24+00:00</time>
      </trkpt>
      <trkpt lat="45.38959" lon="5.53684">
        <ele>664</ele>
        <time>2025-04-16T09:31:27+00:00</time>
      </trkpt>
      <trkpt lat="45.38959" lon="5.53684">
        <ele>664</ele>
        <time>2025-04-16T09:31:30+00:00</time>
      </trkpt>
      <trkpt lat="45.3896" lon="5.53673">
        <ele>663</ele>
        <time>2025-04-16T09:31:33+00:00</time>
      </trkpt>
      <trkpt lat="45.38968" lon="5.53661">
        <ele>663</ele>
        <time>2025-04-16T09:31:36+00:00</time>
      </trkpt>
      <trkpt lat="45.38975" lon="5.5365">
        <ele>659</ele>
        <time>2025-04-16T09:31:39+00:00</time>
      </trkpt>
      <trkpt lat="45.38997" lon="5.53636">
        <ele>655</ele>
        <time>2025-04-16T09:31:42+00:00</time>
      </trkpt>
      <trkpt lat="45.39019" lon="5.53621">
        <ele>650</ele>
        <time>2025-04-16T09:31:45+00:00</time>
      </trkpt>
      <trkpt lat="45.39033" lon="5.53608">
        <ele>643</ele>
        <time>2025-04-16T09:31:48+00:00</time>
      </trkpt>
      <trkpt lat="45.3906" lon="5.53598">
        <ele>637</ele>
        <time>2025-04-16T09:31:51+00:00</time>
      </trkpt>
      <trkpt lat="45.39086" lon="5.53595">
        <ele>626</ele>
        <time>2025-04-16T09:31:54+00:00</time>
      </trkpt>
      <trkpt lat="45.39112" lon="5.53596">
        <ele>620</ele>
        <time>2025-04-16T09:31:57+00:00</time>
      </trkpt>
      <trkpt lat="45.39144" lon="5.5358">
        <ele>610</ele>
        <time>2025-04-16T09:32:00+00:00</time>
      </trkpt>
      <trkpt lat="45.39156" lon="5.53566">
        <ele>607</ele>
        <time>2025-04-16T09:32:03+00:00</time>
      </trkpt>
      <trkpt lat="45.39171" lon="5.53554">
        <ele>603</ele>
        <time>2025-04-16T09:32:06+00:00</time>
      </trkpt>
      <trkpt lat="45.39194" lon="5.53539">
        <ele>596</ele>
        <time>2025-04-16T09:32:09+00:00</time>
      </trkpt>
      <trkpt lat="45.39194" lon="5.53538">
        <ele>596</ele>
        <time>2025-04-16T09:32:12+00:00</time>
      </trkpt>
      <trkpt lat="45.392" lon="5.53552">
        <ele>599</ele>
        <time>2025-04-16T09:32:15+00:00</time>
      </trkpt>
      <trkpt lat="45.39214" lon="5.5358">
        <ele>594</ele>
        <time>2025-04-16T09:32:18+00:00</time>
      </trkpt>
      <trkpt lat="45.39223" lon="5.53595">
        <ele>593</ele>
        <time>2025-04-16T09:32:21+00:00</time>
      </trkpt>
      <trkpt lat="45.39232" lon="5.53612">
        <ele>592</ele>
        <time>2025-04-16T09:32:24+00:00</time>
      </trkpt>
      <trkpt lat="45.39239" lon="5.53628">
        <ele>592</ele>
        <time>2025-04-16T09:32:27+00:00</time>
      </trkpt>
      <trkpt lat="45.39243" lon="5.53646">
        <ele>589</ele>
        <time>2025-04-16T09:32:30+00:00</time>
      </trkpt>
      <trkpt lat="45.3925" lon="5.53668">
        <ele>587</ele>
        <time>2025-04-16T09:32:33+00:00</time>
      </trkpt>
      <trkpt lat="45.39258" lon="5.53687">
        <ele>589</ele>
        <time>2025-04-16T09:32:36+00:00</time>
      </trkpt>
      <trkpt lat="45.39262" lon="5.53699">
        <ele>587</ele>
        <time>2025-04-16T09:32:39+00:00</time>
      </trkpt>
      <trkpt lat="45.39267" lon="5.53729">
        <ele>590</ele>
        <time>2025-04-16T09:32:42+00:00</time>
      </trkpt>
      <trkpt lat="45.39273" lon="5.53751">
        <ele>591</ele>
        <time>2025-04-16T09:32:45+00:00</time>
      </trkpt>
      <trkpt lat="45.39279" lon="5.5377">
        <ele>592</ele>
        <time>2025-04-16T09:32:48+00:00</time>
      </trkpt>
      <trkpt lat="45.39285" lon="5.53787">
        <ele>592</ele>
        <time>2025-04-16T09:32:51+00:00</time>
      </trkpt>
      <trkpt lat="45.39289" lon="5.53807">
        <ele>593</ele>
        <time>2025-04-16T09:32:54+00:00</time>
      </trkpt>
      <trkpt lat="45.39293" lon="5.53827">
        <ele>592</ele>
        <time>2025-04-16T09:32:57+00:00</time>
      </trkpt>
      <trkpt lat="45.39294" lon="5.53852">
        <ele>593</ele>
        <time>2025-04-16T09:33:00+00:00</time>
      </trkpt>
      <trkpt lat="45.39292" lon="5.53872">
        <ele>593</ele>
        <time>2025-04-16T09:33:03+00:00</time>
      </trkpt>
      <trkpt lat="45.3929" lon="5.53894">
        <ele>593</ele>
        <time>2025-04-16T09:33:06+00:00</time>
      </trkpt>
      <trkpt lat="45.3929" lon="5.53892">
        <ele>594</ele>
        <time>2025-04-16T09:33:09+00:00</time>
      </trkpt>
      <trkpt lat="45.3929" lon="5.53894">
        <ele>595</ele>
        <time>2025-04-16T09:33:12+00:00</time>
      </trkpt>
      <trkpt lat="45.39296" lon="5.53899">
        <ele>594</ele>
        <time>2025-04-16T09:33:15+00:00</time>
      </trkpt>
      <trkpt lat="45.39301" lon="5.53908">
        <ele>593</ele>
        <time>2025-04-16T09:33:18+00:00</time>
      </trkpt>
      <trkpt lat="45.39307" lon="5.53922">
        <ele>594</ele>
        <time>2025-04-16T09:33:21+00:00</time>
      </trkpt>
      <trkpt lat="45.39312" lon="5.53934">
        <ele>594</ele>
        <time>2025-04-16T09:33:24+00:00</time>
      </trkpt>
      <trkpt lat="45.39322" lon="5.53939">
        <ele>595</ele>
        <time>2025-04-16T09:33:27+00:00</time>
      </trkpt>
      <trkpt lat="45.39328" lon="5.53948">
        <ele>595</ele>
        <time>2025-04-16T09:33:30+00:00</time>
      </trkpt>
      <trkpt lat="45.39355" lon="5.53941">
        <ele>597</ele>
        <time>2025-04-16T09:33:33+00:00</time>
      </trkpt>
      <trkpt lat="45.39406" lon="5.53928">
        <ele>597</ele>
        <time>2025-04-16T09:33:36+00:00</time>
      </trkpt>
      <trkpt lat="45.3942" lon="5.5391">
        <ele>595</ele>
        <time>2025-04-16T09:33:39+00:00</time>
      </trkpt>
      <trkpt lat="45.39436" lon="5.53888">
        <ele>590</ele>
        <time>2025-04-16T09:33:42+00:00</time>
      </trkpt>
      <trkpt lat="45.39428" lon="5.53851">
        <ele>583</ele>
        <time>2025-04-16T09:33:45+00:00</time>
      </trkpt>
      <trkpt lat="45.39418" lon="5.53803">
        <ele>570</ele>
        <time>2025-04-16T09:33:48+00:00</time>
      </trkpt>
      <trkpt lat="45.3942" lon="5.53737">
        <ele>553</ele>
        <time>2025-04-16T09:33:51+00:00</time>
      </trkpt>
      <trkpt lat="45.3943" lon="5.53722">
        <ele>549</ele>
        <time>2025-04-16T09:33:54+00:00</time>
      </trkpt>
      <trkpt lat="45.39439" lon="5.53678">
        <ele>537</ele>
        <time>2025-04-16T09:33:57+00:00</time>
      </trkpt>
      <trkpt lat="45.39448" lon="5.53634">
        <ele>528</ele>
        <time>2025-04-16T09:34:00+00:00</time>
      </trkpt>
      <trkpt lat="45.39458" lon="5.5359">
        <ele>519</ele>
        <time>2025-04-16T09:34:03+00:00</time>
      </trkpt>
      <trkpt lat="45.39468" lon="5.5354">
        <ele>514</ele>
        <time>2025-04-16T09:34:06+00:00</time>
      </trkpt>
      <trkpt lat="45.39479" lon="5.53505">
        <ele>511</ele>
        <time>2025-04-16T09:34:09+00:00</time>
      </trkpt>
      <trkpt lat="45.39493" lon="5.53461">
        <ele>506</ele>
        <time>2025-04-16T09:34:12+00:00</time>
      </trkpt>
      <trkpt lat="45.3952" lon="5.53462">
        <ele>497</ele>
        <time>2025-04-16T09:34:15+00:00</time>
      </trkpt>
      <trkpt lat="45.39555" lon="5.53464">
        <ele>487</ele>
        <time>2025-04-16T09:34:18+00:00</time>
      </trkpt>
      <trkpt lat="45.39578" lon="5.53442">
        <ele>479</ele>
        <time>2025-04-16T09:34:21+00:00</time>
      </trkpt>
      <trkpt lat="45.3961" lon="5.53412">
        <ele>473</ele>
        <time>2025-04-16T09:34:24+00:00</time>
      </trkpt>
      <trkpt lat="45.39635" lon="5.53405">
        <ele>460</ele>
        <time>2025-04-16T09:34:27+00:00</time>
      </trkpt>
      <trkpt lat="45.39664" lon="5.53398">
        <ele>454</ele>
        <time>2025-04-16T09:34:30+00:00</time>
      </trkpt>
      <trkpt lat="45.39668" lon="5.53384">
        <ele>454</ele>
        <time>2025-04-16T09:34:33+00:00</time>
      </trkpt>
      <trkpt lat="45.39672" lon="5.53386">
        <ele>452</ele>
        <time>2025-04-16T09:34:36+00:00</time>
      </trkpt>
      <trkpt lat="45.3968" lon="5.53378">
        <ele>452</ele>
        <time>2025-04-16T09:34:39+00:00</time>
      </trkpt>
      <trkpt lat="45.397" lon="5.53397">
        <ele>446</ele>
        <time>2025-04-16T09:34:42+00:00</time>
      </trkpt>
      <trkpt lat="45.397" lon="5.53396">
        <ele>443</ele>
        <time>2025-04-16T09:34:45+00:00</time>
      </trkpt>
      <trkpt lat="45.39701" lon="5.53396">
        <ele>443</ele>
        <time>2025-04-16T09:34:48+00:00</time>
      </trkpt>
      <trkpt lat="45.39713" lon="5.53395">
        <ele>441</ele>
        <time>2025-04-16T09:34:51+00:00</time>
      </trkpt>
      <trkpt lat="45.39723" lon="5.53393">
        <ele>441</ele>
        <time>2025-04-16T09:34:54+00:00</time>
      </trkpt>
      <trkpt lat="45.3972" lon="5.53387">
        <ele>441</ele>
        <time>2025-04-16T09:34:57+00:00</time>
      </trkpt>
      <trkpt lat="45.39714" lon="5.53363">
        <ele>440</ele>
        <time>2025-04-16T09:35:00+00:00</time>
      </trkpt>
      <trkpt lat="45.39705" lon="5.53344">
        <ele>440</ele>
        <time>2025-04-16T09:35:03+00:00</time>
      </trkpt>
      <trkpt lat="45.39724" lon="5.53335">
        <ele>439</ele>
        <time>2025-04-16T09:35:06+00:00</time>
      </trkpt>
      <trkpt lat="45.39747" lon="5.53348">
        <ele>439</ele>
        <time>2025-04-16T09:35:09+00:00</time>
      </trkpt>
      <trkpt lat="45.39771" lon="5.53363">
        <ele>439</ele>
        <time>2025-04-16T09:35:12+00:00</time>
      </trkpt>
      <trkpt lat="45.3981" lon="5.53376">
        <ele>439</ele>
        <time>2025-04-16T09:35:15+00:00</time>
      </trkpt>
      <trkpt lat="45.39822" lon="5.53369">
        <ele>444</ele>
        <time>2025-04-16T09:35:18+00:00</time>
      </trkpt>
      <trkpt lat="45.39822" lon="5.53369">
        <ele>444</ele>
        <time>2025-04-16T09:35:21+00:00</time>
      </trkpt>
      <trkpt lat="45.39829" lon="5.53372">
        <ele>444</ele>
        <time>2025-04-16T09:35:24+00:00</time>
      </trkpt>
      <trkpt lat="45.39844" lon="5.53376">
        <ele>445</ele>
        <time>2025-04-16T09:35:27+00:00</time>
      </trkpt>
      <trkpt lat="45.39857" lon="5.53379">
        <ele>445</ele>
        <time>2025-04-16T09:35:30+00:00</time>
      </trkpt>
      <trkpt lat="45.39886" lon="5.53367">
        <ele>445</ele>
        <time>2025-04-16T09:35:33+00:00</time>
      </trkpt>
      <trkpt lat="45.39916" lon="5.53348">
        <ele>449</ele>
        <time>2025-04-16T09:35:36+00:00</time>
      </trkpt>
      <trkpt lat="45.39946" lon="5.53329">
        <ele>448</ele>
        <time>2025-04-16T09:35:39+00:00</time>
      </trkpt>
      <trkpt lat="45.39985" lon="5.53304">
        <ele>448</ele>
        <time>2025-04-16T09:35:42+00:00</time>
      </trkpt>
      <trkpt lat="45.40014" lon="5.53305">
        <ele>448</ele>
        <time>2025-04-16T09:35:45+00:00</time>
      </trkpt>
      <trkpt lat="45.40058" lon="5.53307">
        <ele>448</ele>
        <time>2025-04-16T09:35:48+00:00</time>
      </trkpt>
      <trkpt lat="45.40084" lon="5.53311">
        <ele>448</ele>
        <time>2025-04-16T09:35:51+00:00</time>
      </trkpt>
      <trkpt lat="45.40119" lon="5.53316">
        <ele>448</ele>
        <time>2025-04-16T09:35:54+00:00</time>
      </trkpt>
      <trkpt lat="45.40156" lon="5.53309">
        <ele>449</ele>
        <time>2025-04-16T09:35:57+00:00</time>
      </trkpt>
      <trkpt lat="45.40193" lon="5.53302">
        <ele>451</ele>
        <time>2025-04-16T09:36:00+00:00</time>
      </trkpt>
      <trkpt lat="45.4023" lon="5.53295">
        <ele>455</ele>
        <time>2025-04-16T09:36:03+00:00</time>
      </trkpt>
      <trkpt lat="45.40297" lon="5.53284">
        <ele>456</ele>
        <time>2025-04-16T09:36:06+00:00</time>
      </trkpt>
      <trkpt lat="45.40322" lon="5.53274">
        <ele>453</ele>
        <time>2025-04-16T09:36:09+00:00</time>
      </trkpt>
      <trkpt lat="45.40351" lon="5.53263">
        <ele>452</ele>
        <time>2025-04-16T09:36:12+00:00</time>
      </trkpt>
      <trkpt lat="45.4037" lon="5.53247">
        <ele>452</ele>
        <time>2025-04-16T09:36:15+00:00</time>
      </trkpt>
      <trkpt lat="45.40391" lon="5.5323">
        <ele>452</ele>
        <time>2025-04-16T09:36:18+00:00</time>
      </trkpt>
      <trkpt lat="45.40411" lon="5.53214">
        <ele>453</ele>
        <time>2025-04-16T09:36:21+00:00</time>
      </trkpt>
      <trkpt lat="45.40424" lon="5.53206">
        <ele>455</ele>
        <time>2025-04-16T09:36:24+00:00</time>
      </trkpt>
      <trkpt lat="45.40446" lon="5.532">
        <ele>456</ele>
        <time>2025-04-16T09:36:27+00:00</time>
      </trkpt>
      <trkpt lat="45.40457" lon="5.53195">
        <ele>455</ele>
        <time>2025-04-16T09:36:30+00:00</time>
      </trkpt>
      <trkpt lat="45.40468" lon="5.5319">
        <ele>458</ele>
        <time>2025-04-16T09:36:33+00:00</time>
      </trkpt>
      <trkpt lat="45.40485" lon="5.53182">
        <ele>455</ele>
        <time>2025-04-16T09:36:36+00:00</time>
      </trkpt>
      <trkpt lat="45.40496" lon="5.53174">
        <ele>460</ele>
        <time>2025-04-16T09:36:39+00:00</time>
      </trkpt>
      <trkpt lat="45.40508" lon="5.53163">
        <ele>461</ele>
        <time>2025-04-16T09:36:42+00:00</time>
      </trkpt>
      <trkpt lat="45.40515" lon="5.53156">
        <ele>463</ele>
        <time>2025-04-16T09:36:45+00:00</time>
      </trkpt>
      <trkpt lat="45.40516" lon="5.53157">
        <ele>463</ele>
        <time>2025-04-16T09:36:48+00:00</time>
      </trkpt>
      <trkpt lat="45.40539" lon="5.53147">
        <ele>463</ele>
        <time>2025-04-16T09:36:51+00:00</time>
      </trkpt>
      <trkpt lat="45.40567" lon="5.53136">
        <ele>462</ele>
        <time>2025-04-16T09:36:54+00:00</time>
      </trkpt>
      <trkpt lat="45.40603" lon="5.53127">
        <ele>465</ele>
        <time>2025-04-16T09:36:57+00:00</time>
      </trkpt>
      <trkpt lat="45.40627" lon="5.53108">
        <ele>464</ele>
        <time>2025-04-16T09:37:00+00:00</time>
      </trkpt>
      <trkpt lat="45.40654" lon="5.53097">
        <ele>464</ele>
        <time>2025-04-16T09:37:03+00:00</time>
      </trkpt>
      <trkpt lat="45.40675" lon="5.53076">
        <ele>464</ele>
        <time>2025-04-16T09:37:06+00:00</time>
      </trkpt>
      <trkpt lat="45.40702" lon="5.53069">
        <ele>462</ele>
        <time>2025-04-16T09:37:09+00:00</time>
      </trkpt>
      <trkpt lat="45.40739" lon="5.5306">
        <ele>460</ele>
        <time>2025-04-16T09:37:12+00:00</time>
      </trkpt>
      <trkpt lat="45.40772" lon="5.5308">
        <ele>460</ele>
        <time>2025-04-16T09:37:15+00:00</time>
      </trkpt>
      <trkpt lat="45.40787" lon="5.53052">
        <ele>464</ele>
        <time>2025-04-16T09:37:18+00:00</time>
      </trkpt>
      <trkpt lat="45.4082" lon="5.53083">
        <ele>468</ele>
        <time>2025-04-16T09:37:21+00:00</time>
      </trkpt>
      <trkpt lat="45.40844" lon="5.53114">
        <ele>470</ele>
        <time>2025-04-16T09:37:24+00:00</time>
      </trkpt>
      <trkpt lat="45.40849" lon="5.53115">
        <ele>470</ele>
        <time>2025-04-16T09:37:27+00:00</time>
      </trkpt>
      <trkpt lat="45.40855" lon="5.53116">
        <ele>472</ele>
        <time>2025-04-16T09:37:30+00:00</time>
      </trkpt>
      <trkpt lat="45.40864" lon="5.5312">
        <ele>469</ele>
        <time>2025-04-16T09:37:33+00:00</time>
      </trkpt>
      <trkpt lat="45.40869" lon="5.53122">
        <ele>468</ele>
        <time>2025-04-16T09:37:36+00:00</time>
      </trkpt>
      <trkpt lat="45.40879" lon="5.53128">
        <ele>469</ele>
        <time>2025-04-16T09:37:39+00:00</time>
      </trkpt>
      <trkpt lat="45.40886" lon="5.53128">
        <ele>469</ele>
        <time>2025-04-16T09:37:42+00:00</time>
      </trkpt>
      <trkpt lat="45.40905" lon="5.53131">
        <ele>469</ele>
        <time>2025-04-16T09:37:45+00:00</time>
      </trkpt>
      <trkpt lat="45.40918" lon="5.53133">
        <ele>469</ele>
        <time>2025-04-16T09:37:48+00:00</time>
      </trkpt>
      <trkpt lat="45.40925" lon="5.53136">
        <ele>469</ele>
        <time>2025-04-16T09:37:51+00:00</time>
      </trkpt>
      <trkpt lat="45.40932" lon="5.53136">
        <ele>470</ele>
        <time>2025-04-16T09:37:54+00:00</time>
      </trkpt>
      <trkpt lat="45.40942" lon="5.53139">
        <ele>470</ele>
        <time>2025-04-16T09:37:57+00:00</time>
      </trkpt>
      <trkpt lat="45.40951" lon="5.53136">
        <ele>470</ele>
        <time>2025-04-16T09:38:00+00:00</time>
      </trkpt>
      <trkpt lat="45.40961" lon="5.53133">
        <ele>470</ele>
        <time>2025-04-16T09:38:03+00:00</time>
      </trkpt>
      <trkpt lat="45.40971" lon="5.53133">
        <ele>470</ele>
        <time>2025-04-16T09:38:06+00:00</time>
      </trkpt>
      <trkpt lat="45.40983" lon="5.53137">
        <ele>469</ele>
        <time>2025-04-16T09:38:09+00:00</time>
      </trkpt>
      <trkpt lat="45.40993" lon="5.53139">
        <ele>468</ele>
        <time>2025-04-16T09:38:12+00:00</time>
      </trkpt>
      <trkpt lat="45.41004" lon="5.53141">
        <ele>465</ele>
        <time>2025-04-16T09:38:15+00:00</time>
      </trkpt>
      <trkpt lat="45.41023" lon="5.53138">
        <ele>465</ele>
        <time>2025-04-16T09:38:18+00:00</time>
      </trkpt>
      <trkpt lat="45.41031" lon="5.53143">
        <ele>463</ele>
        <time>2025-04-16T09:38:21+00:00</time>
      </trkpt>
      <trkpt lat="45.41031" lon="5.53145">
        <ele>463</ele>
        <time>2025-04-16T09:38:24+00:00</time>
      </trkpt>
      <trkpt lat="45.41033" lon="5.53151">
        <ele>463</ele>
        <time>2025-04-16T09:38:27+00:00</time>
      </trkpt>
      <trkpt lat="45.41043" lon="5.53175">
        <ele>464</ele>
        <time>2025-04-16T09:38:30+00:00</time>
      </trkpt>
      <trkpt lat="45.41058" lon="5.53176">
        <ele>463</ele>
        <time>2025-04-16T09:38:33+00:00</time>
      </trkpt>
      <trkpt lat="45.41069" lon="5.53184">
        <ele>464</ele>
        <time>2025-04-16T09:38:36+00:00</time>
      </trkpt>
      <trkpt lat="45.41075" lon="5.53188">
        <ele>465</ele>
        <time>2025-04-16T09:38:39+00:00</time>
      </trkpt>
      <trkpt lat="45.4109" lon="5.53195">
        <ele>468</ele>
        <time>2025-04-16T09:38:42+00:00</time>
      </trkpt>
      <trkpt lat="45.41101" lon="5.53203">
        <ele>472</ele>
        <time>2025-04-16T09:38:45+00:00</time>
      </trkpt>
      <trkpt lat="45.41112" lon="5.53213">
        <ele>474</ele>
        <time>2025-04-16T09:38:48+00:00</time>
      </trkpt>
      <trkpt lat="45.41121" lon="5.53224">
        <ele>477</ele>
        <time>2025-04-16T09:38:51+00:00</time>
      </trkpt>
      <trkpt lat="45.41132" lon="5.53236">
        <ele>479</ele>
        <time>2025-04-16T09:38:54+00:00</time>
      </trkpt>
      <trkpt lat="45.41143" lon="5.53248">
        <ele>486</ele>
        <time>2025-04-16T09:38:57+00:00</time>
      </trkpt>
      <trkpt lat="45.41156" lon="5.53264">
        <ele>490</ele>
        <time>2025-04-16T09:39:00+00:00</time>
      </trkpt>
      <trkpt lat="45.41163" lon="5.53272">
        <ele>493</ele>
        <time>2025-04-16T09:39:03+00:00</time>
      </trkpt>
      <trkpt lat="45.41172" lon="5.5328">
        <ele>490</ele>
        <time>2025-04-16T09:39:06+00:00</time>
      </trkpt>
      <trkpt lat="45.41174" lon="5.53276">
        <ele>494</ele>
        <time>2025-04-16T09:39:09+00:00</time>
      </trkpt>
      <trkpt lat="45.41174" lon="5.53276">
        <ele>494</ele>
        <time>2025-04-16T09:39:12+00:00</time>
      </trkpt>
      <trkpt lat="45.41181" lon="5.53271">
        <ele>493</ele>
        <time>2025-04-16T09:39:15+00:00</time>
      </trkpt>
      <trkpt lat="45.41193" lon="5.53262">
        <ele>488</ele>
        <time>2025-04-16T09:39:18+00:00</time>
      </trkpt>
      <trkpt lat="45.41201" lon="5.53256">
        <ele>490</ele>
        <time>2025-04-16T09:39:21+00:00</time>
      </trkpt>
      <trkpt lat="45.41209" lon="5.53248">
        <ele>487</ele>
        <time>2025-04-16T09:39:24+00:00</time>
      </trkpt>
      <trkpt lat="45.41218" lon="5.53238">
        <ele>483</ele>
        <time>2025-04-16T09:39:27+00:00</time>
      </trkpt>
      <trkpt lat="45.41234" lon="5.53217">
        <ele>482</ele>
        <time>2025-04-16T09:39:30+00:00</time>
      </trkpt>
      <trkpt lat="45.41249" lon="5.53198">
        <ele>479</ele>
        <time>2025-04-16T09:39:33+00:00</time>
      </trkpt>
      <trkpt lat="45.41263" lon="5.53183">
        <ele>483</ele>
        <time>2025-04-16T09:39:36+00:00</time>
      </trkpt>
      <trkpt lat="45.41279" lon="5.53167">
        <ele>476</ele>
        <time>2025-04-16T09:39:39+00:00</time>
      </trkpt>
      <trkpt lat="45.41297" lon="5.53152">
        <ele>476</ele>
        <time>2025-04-16T09:39:42+00:00</time>
      </trkpt>
      <trkpt lat="45.41311" lon="5.5314">
        <ele>478</ele>
        <time>2025-04-16T09:39:45+00:00</time>
      </trkpt>
      <trkpt lat="45.41318" lon="5.53135">
        <ele>475</ele>
        <time>2025-04-16T09:39:48+00:00</time>
      </trkpt>
      <trkpt lat="45.41326" lon="5.53134">
        <ele>477</ele>
        <time>2025-04-16T09:39:51+00:00</time>
      </trkpt>
      <trkpt lat="45.41333" lon="5.53131">
        <ele>477</ele>
        <time>2025-04-16T09:39:54+00:00</time>
      </trkpt>
      <trkpt lat="45.41337" lon="5.53129">
        <ele>475</ele>
        <time>2025-04-16T09:39:57+00:00</time>
      </trkpt>
      <trkpt lat="45.41338" lon="5.53123">
        <ele>475</ele>
        <time>2025-04-16T09:40:00+00:00</time>
      </trkpt>
      <trkpt lat="45.41347" lon="5.53123">
        <ele>476</ele>
        <time>2025-04-16T09:40:03+00:00</time>
      </trkpt>
      <trkpt lat="45.4135" lon="5.53123">
        <ele>476</ele>
        <time>2025-04-16T09:40:06+00:00</time>
      </trkpt>
      <trkpt lat="45.41359" lon="5.53122">
        <ele>476</ele>
        <time>2025-04-16T09:40:09+00:00</time>
      </trkpt>
      <trkpt lat="45.4138" lon="5.53121">
        <ele>476</ele>
        <time>2025-04-16T09:40:12+00:00</time>
      </trkpt>
      <trkpt lat="45.41399" lon="5.53119">
        <ele>473</ele>
        <time>2025-04-16T09:40:15+00:00</time>
      </trkpt>
      <trkpt lat="45.41423" lon="5.53114">
        <ele>476</ele>
        <time>2025-04-16T09:40:18+00:00</time>
      </trkpt>
      <trkpt lat="45.41439" lon="5.53111">
        <ele>477</ele>
        <time>2025-04-16T09:40:21+00:00</time>
      </trkpt>
      <trkpt lat="45.41452" lon="5.53106">
        <ele>480</ele>
        <time>2025-04-16T09:40:24+00:00</time>
      </trkpt>
      <trkpt lat="45.41462" lon="5.53102">
        <ele>481</ele>
        <time>2025-04-16T09:40:27+00:00</time>
      </trkpt>
      <trkpt lat="45.41469" lon="5.53098">
        <ele>480</ele>
        <time>2025-04-16T09:40:30+00:00</time>
      </trkpt>
      <trkpt lat="45.41474" lon="5.53097">
        <ele>480</ele>
        <time>2025-04-16T09:40:33+00:00</time>
      </trkpt>
      <trkpt lat="45.41479" lon="5.53097">
        <ele>481</ele>
        <time>2025-04-16T09:40:36+00:00</time>
      </trkpt>
      <trkpt lat="45.41484" lon="5.53097">
        <ele>481</ele>
        <time>2025-04-16T09:40:39+00:00</time>
      </trkpt>
      <trkpt lat="45.41488" lon="5.53096">
        <ele>481</ele>
        <time>2025-04-16T09:40:42+00:00</time>
      </trkpt>
      <trkpt lat="45.41492" lon="5.53095">
        <ele>480</ele>
        <time>2025-04-16T09:40:45+00:00</time>
      </trkpt>
      <trkpt lat="45.41496" lon="5.53093">
        <ele>480</ele>
        <time>2025-04-16T09:40:48+00:00</time>
      </trkpt>
      <trkpt lat="45.41497" lon="5.53091">
        <ele>480</ele>
        <time>2025-04-16T09:40:51+00:00</time>
      </trkpt>
      <trkpt lat="45.41503" lon="5.5308">
        <ele>481</ele>
        <time>2025-04-16T09:40:54+00:00</time>
      </trkpt>
      <trkpt lat="45.41508" lon="5.53072">
        <ele>480</ele>
        <time>2025-04-16T09:40:57+00:00</time>
      </trkpt>
      <trkpt lat="45.41514" lon="5.53067">
        <ele>480</ele>
        <time>2025-04-16T09:41:00+00:00</time>
      </trkpt>
      <trkpt lat="45.4152" lon="5.53064">
        <ele>480</ele>
        <time>2025-04-16T09:41:03+00:00</time>
      </trkpt>
      <trkpt lat="45.41526" lon="5.53061">
        <ele>480</ele>
        <time>2025-04-16T09:41:06+00:00</time>
      </trkpt>
      <trkpt lat="45.41533" lon="5.53056">
        <ele>481</ele>
        <time>2025-04-16T09:41:09+00:00</time>
      </trkpt>
      <trkpt lat="45.4154" lon="5.53052">
        <ele>482</ele>
        <time>2025-04-16T09:41:12+00:00</time>
      </trkpt>
      <trkpt lat="45.41545" lon="5.53045">
        <ele>481</ele>
        <time>2025-04-16T09:41:15+00:00</time>
      </trkpt>
      <trkpt lat="45.41552" lon="5.53035">
        <ele>482</ele>
        <time>2025-04-16T09:41:18+00:00</time>
      </trkpt>
      <trkpt lat="45.41562" lon="5.53023">
        <ele>485</ele>
        <time>2025-04-16T09:41:21+00:00</time>
      </trkpt>
      <trkpt lat="45.41575" lon="5.53008">
        <ele>486</ele>
        <time>2025-04-16T09:41:24+00:00</time>
      </trkpt>
      <trkpt lat="45.41588" lon="5.52994">
        <ele>487</ele>
        <time>2025-04-16T09:41:27+00:00</time>
      </trkpt>
      <trkpt lat="45.41602" lon="5.52982">
        <ele>489</ele>
        <time>2025-04-16T09:41:30+00:00</time>
      </trkpt>
      <trkpt lat="45.41616" lon="5.52971">
        <ele>491</ele>
        <time>2025-04-16T09:41:33+00:00</time>
      </trkpt>
      <trkpt lat="45.41626" lon="5.52962">
        <ele>496</ele>
        <time>2025-04-16T09:41:36+00:00</time>
      </trkpt>
      <trkpt lat="45.41635" lon="5.52955">
        <ele>498</ele>
        <time>2025-04-16T09:41:39+00:00</time>
      </trkpt>
      <trkpt lat="45.4164" lon="5.52953">
        <ele>500</ele>
        <time>2025-04-16T09:41:42+00:00</time>
      </trkpt>
      <trkpt lat="45.41647" lon="5.52951">
        <ele>500</ele>
        <time>2025-04-16T09:41:45+00:00</time>
      </trkpt>
      <trkpt lat="45.4166" lon="5.5295">
        <ele>501</ele>
        <time>2025-04-16T09:41:48+00:00</time>
      </trkpt>
      <trkpt lat="45.4167" lon="5.52948">
        <ele>501</ele>
        <time>2025-04-16T09:41:51+00:00</time>
      </trkpt>
      <trkpt lat="45.41677" lon="5.52946">
        <ele>502</ele>
        <time>2025-04-16T09:41:54+00:00</time>
      </trkpt>
      <trkpt lat="45.41681" lon="5.52943">
        <ele>503</ele>
        <time>2025-04-16T09:41:57+00:00</time>
      </trkpt>
      <trkpt lat="45.41687" lon="5.52938">
        <ele>502</ele>
        <time>2025-04-16T09:42:00+00:00</time>
      </trkpt>
      <trkpt lat="45.41691" lon="5.52943">
        <ele>503</ele>
        <time>2025-04-16T09:42:03+00:00</time>
      </trkpt>
      <trkpt lat="45.41692" lon="5.52944">
        <ele>503</ele>
        <time>2025-04-16T09:42:06+00:00</time>
      </trkpt>
      <trkpt lat="45.41706" lon="5.52952">
        <ele>503</ele>
        <time>2025-04-16T09:42:09+00:00</time>
      </trkpt>
      <trkpt lat="45.41719" lon="5.52962">
        <ele>503</ele>
        <time>2025-04-16T09:42:12+00:00</time>
      </trkpt>
      <trkpt lat="45.41727" lon="5.52972">
        <ele>503</ele>
        <time>2025-04-16T09:42:15+00:00</time>
      </trkpt>
      <trkpt lat="45.41731" lon="5.52979">
        <ele>504</ele>
        <time>2025-04-16T09:42:18+00:00</time>
      </trkpt>
      <trkpt lat="45.41735" lon="5.52988">
        <ele>504</ele>
        <time>2025-04-16T09:42:21+00:00</time>
      </trkpt>
      <trkpt lat="45.41738" lon="5.52999">
        <ele>503</ele>
        <time>2025-04-16T09:42:24+00:00</time>
      </trkpt>
      <trkpt lat="45.41742" lon="5.53017">
        <ele>506</ele>
        <time>2025-04-16T09:42:27+00:00</time>
      </trkpt>
      <trkpt lat="45.41747" lon="5.53032">
        <ele>506</ele>
        <time>2025-04-16T09:42:30+00:00</time>
      </trkpt>
      <trkpt lat="45.41753" lon="5.53051">
        <ele>508</ele>
        <time>2025-04-16T09:42:33+00:00</time>
      </trkpt>
      <trkpt lat="45.41759" lon="5.53069">
        <ele>508</ele>
        <time>2025-04-16T09:42:36+00:00</time>
      </trkpt>
      <trkpt lat="45.41768" lon="5.53096">
        <ele>512</ele>
        <time>2025-04-16T09:42:39+00:00</time>
      </trkpt>
      <trkpt lat="45.41774" lon="5.53121">
        <ele>519</ele>
        <time>2025-04-16T09:42:42+00:00</time>
      </trkpt>
      <trkpt lat="45.41781" lon="5.53142">
        <ele>522</ele>
        <time>2025-04-16T09:42:45+00:00</time>
      </trkpt>
      <trkpt lat="45.41789" lon="5.53157">
        <ele>524</ele>
        <time>2025-04-16T09:42:48+00:00</time>
      </trkpt>
      <trkpt lat="45.41796" lon="5.53167">
        <ele>524</ele>
        <time>2025-04-16T09:42:51+00:00</time>
      </trkpt>
      <trkpt lat="45.41798" lon="5.5317">
        <ele>524</ele>
        <time>2025-04-16T09:42:54+00:00</time>
      </trkpt>
      <trkpt lat="45.418" lon="5.53172">
        <ele>525</ele>
        <time>2025-04-16T09:42:57+00:00</time>
      </trkpt>
      <trkpt lat="45.41806" lon="5.53175">
        <ele>525</ele>
        <time>2025-04-16T09:43:00+00:00</time>
      </trkpt>
      <trkpt lat="45.41819" lon="5.53182">
        <ele>526</ele>
        <time>2025-04-16T09:43:03+00:00</time>
      </trkpt>
      <trkpt lat="45.41824" lon="5.53185">
        <ele>528</ele>
        <time>2025-04-16T09:43:06+00:00</time>
      </trkpt>
      <trkpt lat="45.4183" lon="5.53192">
        <ele>529</ele>
        <time>2025-04-16T09:43:09+00:00</time>
      </trkpt>
      <trkpt lat="45.41841" lon="5.53203">
        <ele>529</ele>
        <time>2025-04-16T09:43:12+00:00</time>
      </trkpt>
      <trkpt lat="45.41853" lon="5.53214">
        <ele>529</ele>
        <time>2025-04-16T09:43:15+00:00</time>
      </trkpt>
      <trkpt lat="45.4186" lon="5.53218">
        <ele>529</ele>
        <time>2025-04-16T09:43:18+00:00</time>
      </trkpt>
      <trkpt lat="45.41863" lon="5.53221">
        <ele>530</ele>
        <time>2025-04-16T09:43:21+00:00</time>
      </trkpt>
      <trkpt lat="45.41867" lon="5.53221">
        <ele>530</ele>
        <time>2025-04-16T09:43:24+00:00</time>
      </trkpt>
      <trkpt lat="45.4187" lon="5.53221">
        <ele>530</ele>
        <time>2025-04-16T09:43:27+00:00</time>
      </trkpt>
      <trkpt lat="45.41874" lon="5.5322">
        <ele>529</ele>
        <time>2025-04-16T09:43:30+00:00</time>
      </trkpt>
      <trkpt lat="45.41874" lon="5.5322">
        <ele>531</ele>
        <time>2025-04-16T09:43:33+00:00</time>
      </trkpt>
      <trkpt lat="45.41874" lon="5.53225">
        <ele>531</ele>
        <time>2025-04-16T09:43:36+00:00</time>
      </trkpt>
      <trkpt lat="45.41873" lon="5.53234">
        <ele>529</ele>
        <time>2025-04-16T09:43:39+00:00</time>
      </trkpt>
      <trkpt lat="45.41873" lon="5.53247">
        <ele>529</ele>
        <time>2025-04-16T09:43:42+00:00</time>
      </trkpt>
      <trkpt lat="45.41873" lon="5.53262">
        <ele>529</ele>
        <time>2025-04-16T09:43:45+00:00</time>
      </trkpt>
      <trkpt lat="45.41873" lon="5.53266">
        <ele>529</ele>
        <time>2025-04-16T09:43:48+00:00</time>
      </trkpt>
      <trkpt lat="45.41873" lon="5.53273">
        <ele>528</ele>
        <time>2025-04-16T09:43:51+00:00</time>
      </trkpt>
      <trkpt lat="45.41871" lon="5.53284">
        <ele>528</ele>
        <time>2025-04-16T09:43:54+00:00</time>
      </trkpt>
      <trkpt lat="45.41869" lon="5.5329">
        <ele>528</ele>
        <time>2025-04-16T09:43:57+00:00</time>
      </trkpt>
      <trkpt lat="45.41865" lon="5.53302">
        <ele>528</ele>
        <time>2025-04-16T09:44:00+00:00</time>
      </trkpt>
      <trkpt lat="45.4186" lon="5.53312">
        <ele>529</ele>
        <time>2025-04-16T09:44:03+00:00</time>
      </trkpt>
      <trkpt lat="45.41854" lon="5.53321">
        <ele>528</ele>
        <time>2025-04-16T09:44:06+00:00</time>
      </trkpt>
      <trkpt lat="45.41845" lon="5.53327">
        <ele>527</ele>
        <time>2025-04-16T09:44:09+00:00</time>
      </trkpt>
      <trkpt lat="45.41837" lon="5.53334">
        <ele>530</ele>
        <time>2025-04-16T09:44:12+00:00</time>
      </trkpt>
      <trkpt lat="45.41833" lon="5.53336">
        <ele>527</ele>
        <time>2025-04-16T09:44:15+00:00</time>
      </trkpt>
      <trkpt lat="45.41835" lon="5.53344">
        <ele>529</ele>
        <time>2025-04-16T09:44:18+00:00</time>
      </trkpt>
      <trkpt lat="45.41835" lon="5.53348">
        <ele>529</ele>
        <time>2025-04-16T09:44:21+00:00</time>
      </trkpt>
      <trkpt lat="45.41838" lon="5.53358">
        <ele>532</ele>
        <time>2025-04-16T09:44:24+00:00</time>
      </trkpt>
      <trkpt lat="45.41843" lon="5.53368">
        <ele>534</ele>
        <time>2025-04-16T09:44:27+00:00</time>
      </trkpt>
      <trkpt lat="45.4185" lon="5.5338">
        <ele>538</ele>
        <time>2025-04-16T09:44:30+00:00</time>
      </trkpt>
      <trkpt lat="45.41857" lon="5.53391">
        <ele>539</ele>
        <time>2025-04-16T09:44:33+00:00</time>
      </trkpt>
      <trkpt lat="45.41862" lon="5.53402">
        <ele>538</ele>
        <time>2025-04-16T09:44:36+00:00</time>
      </trkpt>
      <trkpt lat="45.41868" lon="5.53413">
        <ele>540</ele>
        <time>2025-04-16T09:44:39+00:00</time>
      </trkpt>
      <trkpt lat="45.41871" lon="5.53424">
        <ele>543</ele>
        <time>2025-04-16T09:44:42+00:00</time>
      </trkpt>
      <trkpt lat="45.41876" lon="5.53434">
        <ele>546</ele>
        <time>2025-04-16T09:44:45+00:00</time>
      </trkpt>
      <trkpt lat="45.41881" lon="5.53444">
        <ele>545</ele>
        <time>2025-04-16T09:44:48+00:00</time>
      </trkpt>
      <trkpt lat="45.41886" lon="5.53453">
        <ele>548</ele>
        <time>2025-04-16T09:44:51+00:00</time>
      </trkpt>
      <trkpt lat="45.4189" lon="5.53462">
        <ele>548</ele>
        <time>2025-04-16T09:44:54+00:00</time>
      </trkpt>
      <trkpt lat="45.41895" lon="5.53468">
        <ele>548</ele>
        <time>2025-04-16T09:44:57+00:00</time>
      </trkpt>
      <trkpt lat="45.41898" lon="5.53476">
        <ele>551</ele>
        <time>2025-04-16T09:45:00+00:00</time>
      </trkpt>
      <trkpt lat="45.41895" lon="5.53476">
        <ele>551</ele>
        <time>2025-04-16T09:45:03+00:00</time>
      </trkpt>
      <trkpt lat="45.41885" lon="5.53466">
        <ele>552</ele>
        <time>2025-04-16T09:45:06+00:00</time>
      </trkpt>
      <trkpt lat="45.41866" lon="5.53459">
        <ele>556</ele>
        <time>2025-04-16T09:45:09+00:00</time>
      </trkpt>
      <trkpt lat="45.41849" lon="5.53442">
        <ele>560</ele>
        <time>2025-04-16T09:45:12+00:00</time>
      </trkpt>
      <trkpt lat="45.41814" lon="5.53423">
        <ele>560</ele>
        <time>2025-04-16T09:45:15+00:00</time>
      </trkpt>
      <trkpt lat="45.41802" lon="5.53421">
        <ele>562</ele>
        <time>2025-04-16T09:45:18+00:00</time>
      </trkpt>
      <trkpt lat="45.41773" lon="5.53428">
        <ele>569</ele>
        <time>2025-04-16T09:45:21+00:00</time>
      </trkpt>
      <trkpt lat="45.41765" lon="5.53436">
        <ele>572</ele>
        <time>2025-04-16T09:45:24+00:00</time>
      </trkpt>
      <trkpt lat="45.41766" lon="5.53448">
        <ele>575</ele>
        <time>2025-04-16T09:45:27+00:00</time>
      </trkpt>
      <trkpt lat="45.4178" lon="5.53461">
        <ele>582</ele>
        <time>2025-04-16T09:45:30+00:00</time>
      </trkpt>
      <trkpt lat="45.41795" lon="5.53477">
        <ele>583</ele>
        <time>2025-04-16T09:45:33+00:00</time>
      </trkpt>
      <trkpt lat="45.41823" lon="5.53512">
        <ele>592</ele>
        <time>2025-04-16T09:45:36+00:00</time>
      </trkpt>
      <trkpt lat="45.41834" lon="5.53534">
        <ele>597</ele>
        <time>2025-04-16T09:45:39+00:00</time>
      </trkpt>
      <trkpt lat="45.41848" lon="5.53571">
        <ele>609</ele>
        <time>2025-04-16T09:45:42+00:00</time>
      </trkpt>
      <trkpt lat="45.41847" lon="5.53607">
        <ele>618</ele>
        <time>2025-04-16T09:45:45+00:00</time>
      </trkpt>
      <trkpt lat="45.41847" lon="5.5365">
        <ele>623</ele>
        <time>2025-04-16T09:45:48+00:00</time>
      </trkpt>
      <trkpt lat="45.41843" lon="5.53653">
        <ele>624</ele>
        <time>2025-04-16T09:45:51+00:00</time>
      </trkpt>
      <trkpt lat="45.41826" lon="5.53649">
        <ele>630</ele>
        <time>2025-04-16T09:45:54+00:00</time>
      </trkpt>
      <trkpt lat="45.41815" lon="5.53656">
        <ele>631</ele>
        <time>2025-04-16T09:45:57+00:00</time>
      </trkpt>
      <trkpt lat="45.41805" lon="5.53649">
        <ele>632</ele>
        <time>2025-04-16T09:46:00+00:00</time>
      </trkpt>
      <trkpt lat="45.41768" lon="5.53645">
        <ele>636</ele>
        <time>2025-04-16T09:46:03+00:00</time>
      </trkpt>
      <trkpt lat="45.41746" lon="5.53636">
        <ele>634</ele>
        <time>2025-04-16T09:46:06+00:00</time>
      </trkpt>
      <trkpt lat="45.4174" lon="5.53629">
        <ele>633</ele>
        <time>2025-04-16T09:46:09+00:00</time>
      </trkpt>
      <trkpt lat="45.41743" lon="5.53619">
        <ele>638</ele>
        <time>2025-04-16T09:46:12+00:00</time>
      </trkpt>
      <trkpt lat="45.41738" lon="5.53611">
        <ele>632</ele>
        <time>2025-04-16T09:46:15+00:00</time>
      </trkpt>
      <trkpt lat="45.41729" lon="5.53612">
        <ele>628</ele>
        <time>2025-04-16T09:46:18+00:00</time>
      </trkpt>
      <trkpt lat="45.41723" lon="5.53625">
        <ele>629</ele>
        <time>2025-04-16T09:46:21+00:00</time>
      </trkpt>
      <trkpt lat="45.41715" lon="5.53634">
        <ele>629</ele>
        <time>2025-04-16T09:46:24+00:00</time>
      </trkpt>
      <trkpt lat="45.41723" lon="5.53654">
        <ele>629</ele>
        <time>2025-04-16T09:46:27+00:00</time>
      </trkpt>
      <trkpt lat="45.41724" lon="5.53679">
        <ele>624</ele>
        <time>2025-04-16T09:46:30+00:00</time>
      </trkpt>
      <trkpt lat="45.41693" lon="5.53688">
        <ele>622</ele>
        <time>2025-04-16T09:46:33+00:00</time>
      </trkpt>
      <trkpt lat="45.41663" lon="5.53696">
        <ele>622</ele>
        <time>2025-04-16T09:46:36+00:00</time>
      </trkpt>
      <trkpt lat="45.41632" lon="5.53705">
        <ele>621</ele>
        <time>2025-04-16T09:46:39+00:00</time>
      </trkpt>
      <trkpt lat="45.416" lon="5.53715">
        <ele>617</ele>
        <time>2025-04-16T09:46:42+00:00</time>
      </trkpt>
      <trkpt lat="45.41592" lon="5.53725">
        <ele>614</ele>
        <time>2025-04-16T09:46:45+00:00</time>
      </trkpt>
      <trkpt lat="45.41584" lon="5.53735">
        <ele>612</ele>
        <time>2025-04-16T09:46:48+00:00</time>
      </trkpt>
      <trkpt lat="45.41575" lon="5.53745">
        <ele>611</ele>
        <time>2025-04-16T09:46:51+00:00</time>
      </trkpt>
      <trkpt lat="45.41566" lon="5.53752">
        <ele>610</ele>
        <time>2025-04-16T09:46:54+00:00</time>
      </trkpt>
      <trkpt lat="45.41558" lon="5.5376">
        <ele>606</ele>
        <time>2025-04-16T09:46:57+00:00</time>
      </trkpt>
      <trkpt lat="45.41556" lon="5.53766">
        <ele>605</ele>
        <time>2025-04-16T09:47:00+00:00</time>
      </trkpt>
      <trkpt lat="45.41555" lon="5.53772">
        <ele>605</ele>
        <time>2025-04-16T09:47:03+00:00</time>
      </trkpt>
      <trkpt lat="45.41555" lon="5.53778">
        <ele>605</ele>
        <time>2025-04-16T09:47:06+00:00</time>
      </trkpt>
      <trkpt lat="45.41555" lon="5.53782">
        <ele>604</ele>
        <time>2025-04-16T09:47:09+00:00</time>
      </trkpt>
      <trkpt lat="45.41556" lon="5.5379">
        <ele>603</ele>
        <time>2025-04-16T09:47:12+00:00</time>
      </trkpt>
      <trkpt lat="45.4156" lon="5.53797">
        <ele>606</ele>
        <time>2025-04-16T09:47:15+00:00</time>
      </trkpt>
      <trkpt lat="45.41568" lon="5.53807">
        <ele>605</ele>
        <time>2025-04-16T09:47:18+00:00</time>
      </trkpt>
      <trkpt lat="45.41575" lon="5.53819">
        <ele>605</ele>
        <time>2025-04-16T09:47:21+00:00</time>
      </trkpt>
      <trkpt lat="45.41582" lon="5.53832">
        <ele>606</ele>
        <time>2025-04-16T09:47:24+00:00</time>
      </trkpt>
      <trkpt lat="45.4159" lon="5.53848">
        <ele>606</ele>
        <time>2025-04-16T09:47:27+00:00</time>
      </trkpt>
      <trkpt lat="45.41593" lon="5.53856">
        <ele>606</ele>
        <time>2025-04-16T09:47:30+00:00</time>
      </trkpt>
      <trkpt lat="45.41597" lon="5.53869">
        <ele>607</ele>
        <time>2025-04-16T09:47:33+00:00</time>
      </trkpt>
      <trkpt lat="45.41602" lon="5.53884">
        <ele>606</ele>
        <time>2025-04-16T09:47:36+00:00</time>
      </trkpt>
      <trkpt lat="45.41609" lon="5.539">
        <ele>604</ele>
        <time>2025-04-16T09:47:39+00:00</time>
      </trkpt>
      <trkpt lat="45.41617" lon="5.53912">
        <ele>603</ele>
        <time>2025-04-16T09:47:42+00:00</time>
      </trkpt>
      <trkpt lat="45.41626" lon="5.53924">
        <ele>602</ele>
        <time>2025-04-16T09:47:45+00:00</time>
      </trkpt>
      <trkpt lat="45.41637" lon="5.53934">
        <ele>601</ele>
        <time>2025-04-16T09:47:48+00:00</time>
      </trkpt>
      <trkpt lat="45.41648" lon="5.53943">
        <ele>600</ele>
        <time>2025-04-16T09:47:51+00:00</time>
      </trkpt>
      <trkpt lat="45.41658" lon="5.53947">
        <ele>601</ele>
        <time>2025-04-16T09:47:54+00:00</time>
      </trkpt>
      <trkpt lat="45.41673" lon="5.5395">
        <ele>601</ele>
        <time>2025-04-16T09:47:57+00:00</time>
      </trkpt>
      <trkpt lat="45.41678" lon="5.53951">
        <ele>599</ele>
        <time>2025-04-16T09:48:00+00:00</time>
      </trkpt>
      <trkpt lat="45.4169" lon="5.53949">
        <ele>599</ele>
        <time>2025-04-16T09:48:03+00:00</time>
      </trkpt>
      <trkpt lat="45.41701" lon="5.53945">
        <ele>597</ele>
        <time>2025-04-16T09:48:06+00:00</time>
      </trkpt>
      <trkpt lat="45.41717" lon="5.53939">
        <ele>596</ele>
        <time>2025-04-16T09:48:09+00:00</time>
      </trkpt>
      <trkpt lat="45.41732" lon="5.53933">
        <ele>595</ele>
        <time>2025-04-16T09:48:12+00:00</time>
      </trkpt>
      <trkpt lat="45.41742" lon="5.5393">
        <ele>594</ele>
        <time>2025-04-16T09:48:15+00:00</time>
      </trkpt>
      <trkpt lat="45.41752" lon="5.53931">
        <ele>593</ele>
        <time>2025-04-16T09:48:18+00:00</time>
      </trkpt>
      <trkpt lat="45.41764" lon="5.53933">
        <ele>592</ele>
        <time>2025-04-16T09:48:21+00:00</time>
      </trkpt>
      <trkpt lat="45.41778" lon="5.53941">
        <ele>591</ele>
        <time>2025-04-16T09:48:24+00:00</time>
      </trkpt>
      <trkpt lat="45.41795" lon="5.5395">
        <ele>590</ele>
        <time>2025-04-16T09:48:27+00:00</time>
      </trkpt>
      <trkpt lat="45.41809" lon="5.53959">
        <ele>589</ele>
        <time>2025-04-16T09:48:30+00:00</time>
      </trkpt>
      <trkpt lat="45.41822" lon="5.53967">
        <ele>589</ele>
        <time>2025-04-16T09:48:33+00:00</time>
      </trkpt>
      <trkpt lat="45.41835" lon="5.53974">
        <ele>588</ele>
        <time>2025-04-16T09:48:36+00:00</time>
      </trkpt>
      <trkpt lat="45.41847" lon="5.5398">
        <ele>587</ele>
        <time>2025-04-16T09:48:39+00:00</time>
      </trkpt>
      <trkpt lat="45.4186" lon="5.53984">
        <ele>587</ele>
        <time>2025-04-16T09:48:42+00:00</time>
      </trkpt>
      <trkpt lat="45.41879" lon="5.53987">
        <ele>584</ele>
        <time>2025-04-16T09:48:45+00:00</time>
      </trkpt>
      <trkpt lat="45.41901" lon="5.53991">
        <ele>584</ele>
        <time>2025-04-16T09:48:48+00:00</time>
      </trkpt>
      <trkpt lat="45.41921" lon="5.53991">
        <ele>583</ele>
        <time>2025-04-16T09:48:51+00:00</time>
      </trkpt>
      <trkpt lat="45.41921" lon="5.53991">
        <ele>583</ele>
        <time>2025-04-16T09:48:54+00:00</time>
      </trkpt>
      <trkpt lat="45.41935" lon="5.53992">
        <ele>582</ele>
        <time>2025-04-16T09:48:57+00:00</time>
      </trkpt>
      <trkpt lat="45.41944" lon="5.53992">
        <ele>582</ele>
        <time>2025-04-16T09:49:00+00:00</time>
      </trkpt>
      <trkpt lat="45.41979" lon="5.53989">
        <ele>580</ele>
        <time>2025-04-16T09:49:03+00:00</time>
      </trkpt>
      <trkpt lat="45.41995" lon="5.53988">
        <ele>579</ele>
        <time>2025-04-16T09:49:06+00:00</time>
      </trkpt>
      <trkpt lat="45.42008" lon="5.53989">
        <ele>579</ele>
        <time>2025-04-16T09:49:09+00:00</time>
      </trkpt>
      <trkpt lat="45.42022" lon="5.53992">
        <ele>577</ele>
        <time>2025-04-16T09:49:12+00:00</time>
      </trkpt>
      <trkpt lat="45.42034" lon="5.53993">
        <ele>576</ele>
        <time>2025-04-16T09:49:15+00:00</time>
      </trkpt>
      <trkpt lat="45.42047" lon="5.53996">
        <ele>575</ele>
        <time>2025-04-16T09:49:18+00:00</time>
      </trkpt>
      <trkpt lat="45.42058" lon="5.53998">
        <ele>574</ele>
        <time>2025-04-16T09:49:21+00:00</time>
      </trkpt>
      <trkpt lat="45.42065" lon="5.54004">
        <ele>573</ele>
        <time>2025-04-16T09:49:24+00:00</time>
      </trkpt>
      <trkpt lat="45.42072" lon="5.5401">
        <ele>573</ele>
        <time>2025-04-16T09:49:27+00:00</time>
      </trkpt>
      <trkpt lat="45.42077" lon="5.54017">
        <ele>573</ele>
        <time>2025-04-16T09:49:30+00:00</time>
      </trkpt>
      <trkpt lat="45.42081" lon="5.54024">
        <ele>572</ele>
        <time>2025-04-16T09:49:33+00:00</time>
      </trkpt>
      <trkpt lat="45.42083" lon="5.54028">
        <ele>572</ele>
        <time>2025-04-16T09:49:36+00:00</time>
      </trkpt>
      <trkpt lat="45.42085" lon="5.54033">
        <ele>573</ele>
        <time>2025-04-16T09:49:39+00:00</time>
      </trkpt>
      <trkpt lat="45.42084" lon="5.54033">
        <ele>573</ele>
        <time>2025-04-16T09:49:42+00:00</time>
      </trkpt>
      <trkpt lat="45.42085" lon="5.54033">
        <ele>573</ele>
        <time>2025-04-16T09:49:45+00:00</time>
      </trkpt>
      <trkpt lat="45.42097" lon="5.54036">
        <ele>572</ele>
        <time>2025-04-16T09:49:48+00:00</time>
      </trkpt>
      <trkpt lat="45.42112" lon="5.54039">
        <ele>571</ele>
        <time>2025-04-16T09:49:51+00:00</time>
      </trkpt>
      <trkpt lat="45.42125" lon="5.5404">
        <ele>570</ele>
        <time>2025-04-16T09:49:54+00:00</time>
      </trkpt>
      <trkpt lat="45.42136" lon="5.54037">
        <ele>570</ele>
        <time>2025-04-16T09:49:57+00:00</time>
      </trkpt>
      <trkpt lat="45.42149" lon="5.54031">
        <ele>569</ele>
        <time>2025-04-16T09:50:00+00:00</time>
      </trkpt>
      <trkpt lat="45.42158" lon="5.54022">
        <ele>569</ele>
        <time>2025-04-16T09:50:03+00:00</time>
      </trkpt>
      <trkpt lat="45.42166" lon="5.54009">
        <ele>568</ele>
        <time>2025-04-16T09:50:06+00:00</time>
      </trkpt>
      <trkpt lat="45.42174" lon="5.53991">
        <ele>566</ele>
        <time>2025-04-16T09:50:09+00:00</time>
      </trkpt>
      <trkpt lat="45.4218" lon="5.53974">
        <ele>566</ele>
        <time>2025-04-16T09:50:12+00:00</time>
      </trkpt>
      <trkpt lat="45.42181" lon="5.53967">
        <ele>565</ele>
        <time>2025-04-16T09:50:15+00:00</time>
      </trkpt>
      <trkpt lat="45.42182" lon="5.53955">
        <ele>564</ele>
        <time>2025-04-16T09:50:18+00:00</time>
      </trkpt>
      <trkpt lat="45.42184" lon="5.53931">
        <ele>564</ele>
        <time>2025-04-16T09:50:21+00:00</time>
      </trkpt>
      <trkpt lat="45.42187" lon="5.53899">
        <ele>563</ele>
        <time>2025-04-16T09:50:24+00:00</time>
      </trkpt>
      <trkpt lat="45.42188" lon="5.53882">
        <ele>563</ele>
        <time>2025-04-16T09:50:27+00:00</time>
      </trkpt>
      <trkpt lat="45.4219" lon="5.53871">
        <ele>562</ele>
        <time>2025-04-16T09:50:30+00:00</time>
      </trkpt>
      <trkpt lat="45.42193" lon="5.53859">
        <ele>560</ele>
        <time>2025-04-16T09:50:33+00:00</time>
      </trkpt>
      <trkpt lat="45.42201" lon="5.53837">
        <ele>558</ele>
        <time>2025-04-16T09:50:36+00:00</time>
      </trkpt>
      <trkpt lat="45.42212" lon="5.53809">
        <ele>558</ele>
        <time>2025-04-16T09:50:39+00:00</time>
      </trkpt>
      <trkpt lat="45.42218" lon="5.5379">
        <ele>558</ele>
        <time>2025-04-16T09:50:42+00:00</time>
      </trkpt>
      <trkpt lat="45.4222" lon="5.53775">
        <ele>560</ele>
        <time>2025-04-16T09:50:45+00:00</time>
      </trkpt>
      <trkpt lat="45.42222" lon="5.53756">
        <ele>561</ele>
        <time>2025-04-16T09:50:48+00:00</time>
      </trkpt>
      <trkpt lat="45.42224" lon="5.53745">
        <ele>562</ele>
        <time>2025-04-16T09:50:51+00:00</time>
      </trkpt>
      <trkpt lat="45.42225" lon="5.53737">
        <ele>563</ele>
        <time>2025-04-16T09:50:54+00:00</time>
      </trkpt>
      <trkpt lat="45.42228" lon="5.5373">
        <ele>563</ele>
        <time>2025-04-16T09:50:57+00:00</time>
      </trkpt>
      <trkpt lat="45.4223" lon="5.53724">
        <ele>563</ele>
        <time>2025-04-16T09:51:00+00:00</time>
      </trkpt>
      <trkpt lat="45.42236" lon="5.53713">
        <ele>566</ele>
        <time>2025-04-16T09:51:03+00:00</time>
      </trkpt>
      <trkpt lat="45.42241" lon="5.53704">
        <ele>567</ele>
        <time>2025-04-16T09:51:06+00:00</time>
      </trkpt>
      <trkpt lat="45.42245" lon="5.53693">
        <ele>568</ele>
        <time>2025-04-16T09:51:09+00:00</time>
      </trkpt>
      <trkpt lat="45.42248" lon="5.53679">
        <ele>569</ele>
        <time>2025-04-16T09:51:12+00:00</time>
      </trkpt>
      <trkpt lat="45.4225" lon="5.53656">
        <ele>569</ele>
        <time>2025-04-16T09:51:15+00:00</time>
      </trkpt>
      <trkpt lat="45.42252" lon="5.53645">
        <ele>570</ele>
        <time>2025-04-16T09:51:18+00:00</time>
      </trkpt>
      <trkpt lat="45.42259" lon="5.53629">
        <ele>570</ele>
        <time>2025-04-16T09:51:21+00:00</time>
      </trkpt>
      <trkpt lat="45.42265" lon="5.53607">
        <ele>570</ele>
        <time>2025-04-16T09:51:24+00:00</time>
      </trkpt>
      <trkpt lat="45.42268" lon="5.53589">
        <ele>570</ele>
        <time>2025-04-16T09:51:27+00:00</time>
      </trkpt>
      <trkpt lat="45.4227" lon="5.53576">
        <ele>570</ele>
        <time>2025-04-16T09:51:30+00:00</time>
      </trkpt>
      <trkpt lat="45.42272" lon="5.53569">
        <ele>569</ele>
        <time>2025-04-16T09:51:33+00:00</time>
      </trkpt>
      <trkpt lat="45.42276" lon="5.53558">
        <ele>569</ele>
        <time>2025-04-16T09:51:36+00:00</time>
      </trkpt>
      <trkpt lat="45.42282" lon="5.53551">
        <ele>570</ele>
        <time>2025-04-16T09:51:39+00:00</time>
      </trkpt>
      <trkpt lat="45.42289" lon="5.53548">
        <ele>569</ele>
        <time>2025-04-16T09:51:42+00:00</time>
      </trkpt>
      <trkpt lat="45.42294" lon="5.53547">
        <ele>572</ele>
        <time>2025-04-16T09:51:45+00:00</time>
      </trkpt>
      <trkpt lat="45.42299" lon="5.53546">
        <ele>572</ele>
        <time>2025-04-16T09:51:48+00:00</time>
      </trkpt>
      <trkpt lat="45.42312" lon="5.53547">
        <ele>575</ele>
        <time>2025-04-16T09:51:51+00:00</time>
      </trkpt>
      <trkpt lat="45.42324" lon="5.53547">
        <ele>577</ele>
        <time>2025-04-16T09:51:54+00:00</time>
      </trkpt>
      <trkpt lat="45.4234" lon="5.53547">
        <ele>579</ele>
        <time>2025-04-16T09:51:57+00:00</time>
      </trkpt>
      <trkpt lat="45.42355" lon="5.53546">
        <ele>586</ele>
        <time>2025-04-16T09:52:00+00:00</time>
      </trkpt>
      <trkpt lat="45.42374" lon="5.53541">
        <ele>590</ele>
        <time>2025-04-16T09:52:03+00:00</time>
      </trkpt>
      <trkpt lat="45.42388" lon="5.53538">
        <ele>593</ele>
        <time>2025-04-16T09:52:06+00:00</time>
      </trkpt>
      <trkpt lat="45.42391" lon="5.53531">
        <ele>596</ele>
        <time>2025-04-16T09:52:09+00:00</time>
      </trkpt>
      <trkpt lat="45.42399" lon="5.53517">
        <ele>595</ele>
        <time>2025-04-16T09:52:12+00:00</time>
      </trkpt>
      <trkpt lat="45.42399" lon="5.53516">
        <ele>595</ele>
        <time>2025-04-16T09:52:15+00:00</time>
      </trkpt>
      <trkpt lat="45.42404" lon="5.53498">
        <ele>598</ele>
        <time>2025-04-16T09:52:18+00:00</time>
      </trkpt>
      <trkpt lat="45.42409" lon="5.53478">
        <ele>598</ele>
        <time>2025-04-16T09:52:21+00:00</time>
      </trkpt>
      <trkpt lat="45.42414" lon="5.53455">
        <ele>609</ele>
        <time>2025-04-16T09:52:24+00:00</time>
      </trkpt>
      <trkpt lat="45.42417" lon="5.53429">
        <ele>610</ele>
        <time>2025-04-16T09:52:27+00:00</time>
      </trkpt>
      <trkpt lat="45.4242" lon="5.53398">
        <ele>616</ele>
        <time>2025-04-16T09:52:30+00:00</time>
      </trkpt>
      <trkpt lat="45.42425" lon="5.53368">
        <ele>616</ele>
        <time>2025-04-16T09:52:33+00:00</time>
      </trkpt>
      <trkpt lat="45.4243" lon="5.53344">
        <ele>616</ele>
        <time>2025-04-16T09:52:36+00:00</time>
      </trkpt>
      <trkpt lat="45.42435" lon="5.53322">
        <ele>623</ele>
        <time>2025-04-16T09:52:39+00:00</time>
      </trkpt>
      <trkpt lat="45.42443" lon="5.53295">
        <ele>628</ele>
        <time>2025-04-16T09:52:42+00:00</time>
      </trkpt>
      <trkpt lat="45.4245" lon="5.53273">
        <ele>633</ele>
        <time>2025-04-16T09:52:45+00:00</time>
      </trkpt>
      <trkpt lat="45.4246" lon="5.53247">
        <ele>634</ele>
        <time>2025-04-16T09:52:48+00:00</time>
      </trkpt>
      <trkpt lat="45.42473" lon="5.53223">
        <ele>640</ele>
        <time>2025-04-16T09:52:51+00:00</time>
      </trkpt>
      <trkpt lat="45.42484" lon="5.53203">
        <ele>642</ele>
        <time>2025-04-16T09:52:54+00:00</time>
      </trkpt>
      <trkpt lat="45.42496" lon="5.53181">
        <ele>641</ele>
        <time>2025-04-16T09:52:57+00:00</time>
      </trkpt>
      <trkpt lat="45.42509" lon="5.53158">
        <ele>642</ele>
        <time>2025-04-16T09:53:00+00:00</time>
      </trkpt>
      <trkpt lat="45.42523" lon="5.53141">
        <ele>649</ele>
        <time>2025-04-16T09:53:03+00:00</time>
      </trkpt>
      <trkpt lat="45.42536" lon="5.53125">
        <ele>654</ele>
        <time>2025-04-16T09:53:06+00:00</time>
      </trkpt>
      <trkpt lat="45.42555" lon="5.53108">
        <ele>654</ele>
        <time>2025-04-16T09:53:09+00:00</time>
      </trkpt>
      <trkpt lat="45.42569" lon="5.53099">
        <ele>655</ele>
        <time>2025-04-16T09:53:12+00:00</time>
      </trkpt>
      <trkpt lat="45.42579" lon="5.53098">
        <ele>658</ele>
        <time>2025-04-16T09:53:15+00:00</time>
      </trkpt>
      <trkpt lat="45.42582" lon="5.5311">
        <ele>663</ele>
        <time>2025-04-16T09:53:18+00:00</time>
      </trkpt>
      <trkpt lat="45.42585" lon="5.53125">
        <ele>670</ele>
        <time>2025-04-16T09:53:21+00:00</time>
      </trkpt>
      <trkpt lat="45.42589" lon="5.53185">
        <ele>689</ele>
        <time>2025-04-16T09:53:24+00:00</time>
      </trkpt>
      <trkpt lat="45.42592" lon="5.532">
        <ele>699</ele>
        <time>2025-04-16T09:53:27+00:00</time>
      </trkpt>
      <trkpt lat="45.42593" lon="5.53212">
        <ele>702</ele>
        <time>2025-04-16T09:53:30+00:00</time>
      </trkpt>
      <trkpt lat="45.42594" lon="5.5322">
        <ele>705</ele>
        <time>2025-04-16T09:53:33+00:00</time>
      </trkpt>
      <trkpt lat="45.42598" lon="5.53232">
        <ele>707</ele>
        <time>2025-04-16T09:53:36+00:00</time>
      </trkpt>
      <trkpt lat="45.42603" lon="5.53247">
        <ele>712</ele>
        <time>2025-04-16T09:53:39+00:00</time>
      </trkpt>
      <trkpt lat="45.42606" lon="5.53252">
        <ele>714</ele>
        <time>2025-04-16T09:53:42+00:00</time>
      </trkpt>
      <trkpt lat="45.42608" lon="5.53259">
        <ele>714</ele>
        <time>2025-04-16T09:53:45+00:00</time>
      </trkpt>
      <trkpt lat="45.42608" lon="5.53264">
        <ele>715</ele>
        <time>2025-04-16T09:53:48+00:00</time>
      </trkpt>
      <trkpt lat="45.42606" lon="5.5327">
        <ele>717</ele>
        <time>2025-04-16T09:53:51+00:00</time>
      </trkpt>
      <trkpt lat="45.42604" lon="5.53277">
        <ele>717</ele>
        <time>2025-04-16T09:53:54+00:00</time>
      </trkpt>
      <trkpt lat="45.42602" lon="5.53284">
        <ele>719</ele>
        <time>2025-04-16T09:53:57+00:00</time>
      </trkpt>
      <trkpt lat="45.42602" lon="5.53289">
        <ele>719</ele>
        <time>2025-04-16T09:54:00+00:00</time>
      </trkpt>
      <trkpt lat="45.42603" lon="5.53297">
        <ele>721</ele>
        <time>2025-04-16T09:54:03+00:00</time>
      </trkpt>
      <trkpt lat="45.42605" lon="5.53306">
        <ele>725</ele>
        <time>2025-04-16T09:54:06+00:00</time>
      </trkpt>
      <trkpt lat="45.42609" lon="5.53319">
        <ele>726</ele>
        <time>2025-04-16T09:54:09+00:00</time>
      </trkpt>
      <trkpt lat="45.42611" lon="5.53326">
        <ele>729</ele>
        <time>2025-04-16T09:54:12+00:00</time>
      </trkpt>
      <trkpt lat="45.42611" lon="5.53326">
        <ele>729</ele>
        <time>2025-04-16T09:54:15+00:00</time>
      </trkpt>
      <trkpt lat="45.42615" lon="5.53328">
        <ele>729</ele>
        <time>2025-04-16T09:54:18+00:00</time>
      </trkpt>
      <trkpt lat="45.42626" lon="5.53335">
        <ele>731</ele>
        <time>2025-04-16T09:54:21+00:00</time>
      </trkpt>
      <trkpt lat="45.42633" lon="5.53342">
        <ele>732</ele>
        <time>2025-04-16T09:54:24+00:00</time>
      </trkpt>
      <trkpt lat="45.42637" lon="5.53351">
        <ele>733</ele>
        <time>2025-04-16T09:54:27+00:00</time>
      </trkpt>
      <trkpt lat="45.4264" lon="5.53361">
        <ele>735</ele>
        <time>2025-04-16T09:54:30+00:00</time>
      </trkpt>
      <trkpt lat="45.42646" lon="5.53372">
        <ele>736</ele>
        <time>2025-04-16T09:54:33+00:00</time>
      </trkpt>
      <trkpt lat="45.42647" lon="5.53375">
        <ele>736</ele>
        <time>2025-04-16T09:54:36+00:00</time>
      </trkpt>
      <trkpt lat="45.42652" lon="5.53393">
        <ele>736</ele>
        <time>2025-04-16T09:54:39+00:00</time>
      </trkpt>
      <trkpt lat="45.42652" lon="5.53405">
        <ele>737</ele>
        <time>2025-04-16T09:54:42+00:00</time>
      </trkpt>
      <trkpt lat="45.42651" lon="5.53414">
        <ele>738</ele>
        <time>2025-04-16T09:54:45+00:00</time>
      </trkpt>
      <trkpt lat="45.42639" lon="5.5344">
        <ele>742</ele>
        <time>2025-04-16T09:54:48+00:00</time>
      </trkpt>
      <trkpt lat="45.42633" lon="5.53449">
        <ele>742</ele>
        <time>2025-04-16T09:54:51+00:00</time>
      </trkpt>
      <trkpt lat="45.42629" lon="5.5346">
        <ele>742</ele>
        <time>2025-04-16T09:54:54+00:00</time>
      </trkpt>
      <trkpt lat="45.42627" lon="5.53488">
        <ele>742</ele>
        <time>2025-04-16T09:54:57+00:00</time>
      </trkpt>
      <trkpt lat="45.42626" lon="5.53494">
        <ele>742</ele>
        <time>2025-04-16T09:55:00+00:00</time>
      </trkpt>
      <trkpt lat="45.42622" lon="5.53499">
        <ele>742</ele>
        <time>2025-04-16T09:55:03+00:00</time>
      </trkpt>
      <trkpt lat="45.42618" lon="5.53516">
        <ele>741</ele>
        <time>2025-04-16T09:55:06+00:00</time>
      </trkpt>
      <trkpt lat="45.42619" lon="5.53527">
        <ele>739</ele>
        <time>2025-04-16T09:55:09+00:00</time>
      </trkpt>
      <trkpt lat="45.42634" lon="5.53561">
        <ele>741</ele>
        <time>2025-04-16T09:55:12+00:00</time>
      </trkpt>
      <trkpt lat="45.42638" lon="5.53589">
        <ele>741</ele>
        <time>2025-04-16T09:55:15+00:00</time>
      </trkpt>
      <trkpt lat="45.42641" lon="5.53607">
        <ele>742</ele>
        <time>2025-04-16T09:55:18+00:00</time>
      </trkpt>
      <trkpt lat="45.4264" lon="5.53622">
        <ele>741</ele>
        <time>2025-04-16T09:55:21+00:00</time>
      </trkpt>
      <trkpt lat="45.4264" lon="5.53637">
        <ele>741</ele>
        <time>2025-04-16T09:55:24+00:00</time>
      </trkpt>
      <trkpt lat="45.42634" lon="5.53661">
        <ele>741</ele>
        <time>2025-04-16T09:55:27+00:00</time>
      </trkpt>
      <trkpt lat="45.42635" lon="5.53684">
        <ele>741</ele>
        <time>2025-04-16T09:55:30+00:00</time>
      </trkpt>
      <trkpt lat="45.42647" lon="5.53707">
        <ele>741</ele>
        <time>2025-04-16T09:55:33+00:00</time>
      </trkpt>
      <trkpt lat="45.42651" lon="5.53731">
        <ele>742</ele>
        <time>2025-04-16T09:55:36+00:00</time>
      </trkpt>
      <trkpt lat="45.42655" lon="5.53741">
        <ele>742</ele>
        <time>2025-04-16T09:55:39+00:00</time>
      </trkpt>
      <trkpt lat="45.42662" lon="5.5375">
        <ele>743</ele>
        <time>2025-04-16T09:55:42+00:00</time>
      </trkpt>
      <trkpt lat="45.42681" lon="5.53755">
        <ele>744</ele>
        <time>2025-04-16T09:55:45+00:00</time>
      </trkpt>
      <trkpt lat="45.42693" lon="5.53764">
        <ele>745</ele>
        <time>2025-04-16T09:55:48+00:00</time>
      </trkpt>
      <trkpt lat="45.42714" lon="5.53768">
        <ele>745</ele>
        <time>2025-04-16T09:55:51+00:00</time>
      </trkpt>
      <trkpt lat="45.42744" lon="5.53773">
        <ele>745</ele>
        <time>2025-04-16T09:55:54+00:00</time>
      </trkpt>
      <trkpt lat="45.42754" lon="5.53778">
        <ele>745</ele>
        <time>2025-04-16T09:55:57+00:00</time>
      </trkpt>
      <trkpt lat="45.42774" lon="5.53794">
        <ele>744</ele>
        <time>2025-04-16T09:56:00+00:00</time>
      </trkpt>
      <trkpt lat="45.42787" lon="5.53798">
        <ele>743</ele>
        <time>2025-04-16T09:56:03+00:00</time>
      </trkpt>
      <trkpt lat="45.42795" lon="5.53798">
        <ele>742</ele>
        <time>2025-04-16T09:56:06+00:00</time>
      </trkpt>
      <trkpt lat="45.42814" lon="5.53797">
        <ele>742</ele>
        <time>2025-04-16T09:56:09+00:00</time>
      </trkpt>
      <trkpt lat="45.42814" lon="5.538">
        <ele>743</ele>
        <time>2025-04-16T09:56:12+00:00</time>
      </trkpt>
      <trkpt lat="45.42824" lon="5.53798">
        <ele>744</ele>
        <time>2025-04-16T09:56:15+00:00</time>
      </trkpt>
      <trkpt lat="45.42833" lon="5.53796">
        <ele>747</ele>
        <time>2025-04-16T09:56:18+00:00</time>
      </trkpt>
      <trkpt lat="45.42847" lon="5.53793">
        <ele>748</ele>
        <time>2025-04-16T09:56:21+00:00</time>
      </trkpt>
      <trkpt lat="45.42864" lon="5.53789">
        <ele>750</ele>
        <time>2025-04-16T09:56:24+00:00</time>
      </trkpt>
      <trkpt lat="45.42872" lon="5.53785">
        <ele>751</ele>
        <time>2025-04-16T09:56:27+00:00</time>
      </trkpt>
      <trkpt lat="45.42885" lon="5.53782">
        <ele>751</ele>
        <time>2025-04-16T09:56:30+00:00</time>
      </trkpt>
      <trkpt lat="45.42893" lon="5.5378">
        <ele>754</ele>
        <time>2025-04-16T09:56:33+00:00</time>
      </trkpt>
      <trkpt lat="45.42908" lon="5.53778">
        <ele>755</ele>
        <time>2025-04-16T09:56:36+00:00</time>
      </trkpt>
      <trkpt lat="45.42917" lon="5.53777">
        <ele>756</ele>
        <time>2025-04-16T09:56:39+00:00</time>
      </trkpt>
      <trkpt lat="45.42932" lon="5.5378">
        <ele>758</ele>
        <time>2025-04-16T09:56:42+00:00</time>
      </trkpt>
      <trkpt lat="45.42941" lon="5.53783">
        <ele>760</ele>
        <time>2025-04-16T09:56:45+00:00</time>
      </trkpt>
      <trkpt lat="45.42954" lon="5.5379">
        <ele>763</ele>
        <time>2025-04-16T09:56:48+00:00</time>
      </trkpt>
      <trkpt lat="45.42971" lon="5.53799">
        <ele>766</ele>
        <time>2025-04-16T09:56:51+00:00</time>
      </trkpt>
      <trkpt lat="45.42981" lon="5.53802">
        <ele>768</ele>
        <time>2025-04-16T09:56:54+00:00</time>
      </trkpt>
      <trkpt lat="45.42991" lon="5.53802">
        <ele>769</ele>
        <time>2025-04-16T09:56:57+00:00</time>
      </trkpt>
      <trkpt lat="45.43005" lon="5.53798">
        <ele>771</ele>
        <time>2025-04-16T09:57:00+00:00</time>
      </trkpt>
      <trkpt lat="45.43012" lon="5.53794">
        <ele>772</ele>
        <time>2025-04-16T09:57:03+00:00</time>
      </trkpt>
      <trkpt lat="45.43023" lon="5.5379">
        <ele>772</ele>
        <time>2025-04-16T09:57:06+00:00</time>
      </trkpt>
      <trkpt lat="45.43039" lon="5.53785">
        <ele>773</ele>
        <time>2025-04-16T09:57:09+00:00</time>
      </trkpt>
      <trkpt lat="45.43061" lon="5.53784">
        <ele>775</ele>
        <time>2025-04-16T09:57:12+00:00</time>
      </trkpt>
      <trkpt lat="45.43077" lon="5.53787">
        <ele>777</ele>
        <time>2025-04-16T09:57:15+00:00</time>
      </trkpt>
      <trkpt lat="45.43094" lon="5.53796">
        <ele>778</ele>
        <time>2025-04-16T09:57:18+00:00</time>
      </trkpt>
      <trkpt lat="45.43114" lon="5.53803">
        <ele>779</ele>
        <time>2025-04-16T09:57:21+00:00</time>
      </trkpt>
      <trkpt lat="45.43145" lon="5.53813">
        <ele>781</ele>
        <time>2025-04-16T09:57:24+00:00</time>
      </trkpt>
      <trkpt lat="45.43168" lon="5.53818">
        <ele>781</ele>
        <time>2025-04-16T09:57:27+00:00</time>
      </trkpt>
      <trkpt lat="45.43186" lon="5.5382">
        <ele>782</ele>
        <time>2025-04-16T09:57:30+00:00</time>
      </trkpt>
      <trkpt lat="45.43193" lon="5.5382">
        <ele>783</ele>
        <time>2025-04-16T09:57:33+00:00</time>
      </trkpt>
      <trkpt lat="45.43193" lon="5.5382">
        <ele>783</ele>
        <time>2025-04-16T09:57:36+00:00</time>
      </trkpt>
      <trkpt lat="45.43202" lon="5.53821">
        <ele>784</ele>
        <time>2025-04-16T09:57:39+00:00</time>
      </trkpt>
      <trkpt lat="45.43223" lon="5.53821">
        <ele>785</ele>
        <time>2025-04-16T09:57:42+00:00</time>
      </trkpt>
      <trkpt lat="45.43249" lon="5.5382">
        <ele>786</ele>
        <time>2025-04-16T09:57:45+00:00</time>
      </trkpt>
      <trkpt lat="45.4327" lon="5.53816">
        <ele>787</ele>
        <time>2025-04-16T09:57:48+00:00</time>
      </trkpt>
      <trkpt lat="45.43291" lon="5.53812">
        <ele>788</ele>
        <time>2025-04-16T09:57:51+00:00</time>
      </trkpt>
      <trkpt lat="45.43305" lon="5.53809">
        <ele>788</ele>
        <time>2025-04-16T09:57:54+00:00</time>
      </trkpt>
      <trkpt lat="45.43312" lon="5.53806">
        <ele>788</ele>
        <time>2025-04-16T09:57:57+00:00</time>
      </trkpt>
      <trkpt lat="45.43322" lon="5.53801">
        <ele>788</ele>
        <time>2025-04-16T09:58:00+00:00</time>
      </trkpt>
      <trkpt lat="45.43336" lon="5.53794">
        <ele>788</ele>
        <time>2025-04-16T09:58:03+00:00</time>
      </trkpt>
      <trkpt lat="45.43358" lon="5.53782">
        <ele>790</ele>
        <time>2025-04-16T09:58:06+00:00</time>
      </trkpt>
      <trkpt lat="45.43377" lon="5.53772">
        <ele>791</ele>
        <time>2025-04-16T09:58:09+00:00</time>
      </trkpt>
      <trkpt lat="45.43394" lon="5.53761">
        <ele>796</ele>
        <time>2025-04-16T09:58:12+00:00</time>
      </trkpt>
      <trkpt lat="45.43408" lon="5.53755">
        <ele>797</ele>
        <time>2025-04-16T09:58:15+00:00</time>
      </trkpt>
      <trkpt lat="45.43428" lon="5.53747">
        <ele>800</ele>
        <time>2025-04-16T09:58:18+00:00</time>
      </trkpt>
      <trkpt lat="45.43455" lon="5.53739">
        <ele>803</ele>
        <time>2025-04-16T09:58:21+00:00</time>
      </trkpt>
      <trkpt lat="45.43462" lon="5.53738">
        <ele>804</ele>
        <time>2025-04-16T09:58:24+00:00</time>
      </trkpt>
      <trkpt lat="45.43472" lon="5.53741">
        <ele>805</ele>
        <time>2025-04-16T09:58:27+00:00</time>
      </trkpt>
      <trkpt lat="45.43484" lon="5.53746">
        <ele>802</ele>
        <time>2025-04-16T09:58:30+00:00</time>
      </trkpt>
      <trkpt lat="45.43484" lon="5.53746">
        <ele>805</ele>
        <time>2025-04-16T09:58:33+00:00</time>
      </trkpt>
      <trkpt lat="45.43487" lon="5.53767">
        <ele>805</ele>
        <time>2025-04-16T09:58:36+00:00</time>
      </trkpt>
      <trkpt lat="45.43494" lon="5.53794">
        <ele>802</ele>
        <time>2025-04-16T09:58:39+00:00</time>
      </trkpt>
      <trkpt lat="45.43502" lon="5.53815">
        <ele>801</ele>
        <time>2025-04-16T09:58:42+00:00</time>
      </trkpt>
      <trkpt lat="45.43511" lon="5.53833">
        <ele>799</ele>
        <time>2025-04-16T09:58:45+00:00</time>
      </trkpt>
      <trkpt lat="45.4352" lon="5.53849">
        <ele>795</ele>
        <time>2025-04-16T09:58:48+00:00</time>
      </trkpt>
      <trkpt lat="45.4353" lon="5.53862">
        <ele>792</ele>
        <time>2025-04-16T09:58:51+00:00</time>
      </trkpt>
      <trkpt lat="45.43546" lon="5.53875">
        <ele>791</ele>
        <time>2025-04-16T09:58:54+00:00</time>
      </trkpt>
      <trkpt lat="45.43563" lon="5.53885">
        <ele>788</ele>
        <time>2025-04-16T09:58:57+00:00</time>
      </trkpt>
      <trkpt lat="45.43582" lon="5.53893">
        <ele>784</ele>
        <time>2025-04-16T09:59:00+00:00</time>
      </trkpt>
      <trkpt lat="45.43598" lon="5.53903">
        <ele>783</ele>
        <time>2025-04-16T09:59:03+00:00</time>
      </trkpt>
      <trkpt lat="45.43607" lon="5.5391">
        <ele>781</ele>
        <time>2025-04-16T09:59:06+00:00</time>
      </trkpt>
      <trkpt lat="45.4362" lon="5.53919">
        <ele>780</ele>
        <time>2025-04-16T09:59:09+00:00</time>
      </trkpt>
      <trkpt lat="45.43635" lon="5.53927">
        <ele>774</ele>
        <time>2025-04-16T09:59:12+00:00</time>
      </trkpt>
      <trkpt lat="45.43651" lon="5.53934">
        <ele>770</ele>
        <time>2025-04-16T09:59:15+00:00</time>
      </trkpt>
      <trkpt lat="45.43665" lon="5.53935">
        <ele>767</ele>
        <time>2025-04-16T09:59:18+00:00</time>
      </trkpt>
      <trkpt lat="45.43665" lon="5.53935">
        <ele>767</ele>
        <time>2025-04-16T09:59:21+00:00</time>
      </trkpt>
      <trkpt lat="45.43665" lon="5.53935">
        <ele>767</ele>
        <time>2025-04-16T09:59:24+00:00</time>
      </trkpt>
      <trkpt lat="45.43675" lon="5.53943">
        <ele>765</ele>
        <time>2025-04-16T09:59:27+00:00</time>
      </trkpt>
      <trkpt lat="45.43684" lon="5.53951">
        <ele>759</ele>
        <time>2025-04-16T09:59:30+00:00</time>
      </trkpt>
      <trkpt lat="45.43689" lon="5.53956">
        <ele>759</ele>
        <time>2025-04-16T09:59:33+00:00</time>
      </trkpt>
      <trkpt lat="45.43697" lon="5.53966">
        <ele>758</ele>
        <time>2025-04-16T09:59:36+00:00</time>
      </trkpt>
      <trkpt lat="45.43708" lon="5.53982">
        <ele>757</ele>
        <time>2025-04-16T09:59:39+00:00</time>
      </trkpt>
      <trkpt lat="45.43715" lon="5.53992">
        <ele>755</ele>
        <time>2025-04-16T09:59:42+00:00</time>
      </trkpt>
      <trkpt lat="45.43722" lon="5.54001">
        <ele>752</ele>
        <time>2025-04-16T09:59:45+00:00</time>
      </trkpt>
      <trkpt lat="45.43729" lon="5.54008">
        <ele>752</ele>
        <time>2025-04-16T09:59:48+00:00</time>
      </trkpt>
      <trkpt lat="45.43735" lon="5.54014">
        <ele>749</ele>
        <time>2025-04-16T09:59:51+00:00</time>
      </trkpt>
      <trkpt lat="45.43741" lon="5.5402">
        <ele>742</ele>
        <time>2025-04-16T09:59:54+00:00</time>
      </trkpt>
      <trkpt lat="45.43753" lon="5.54028">
        <ele>738</ele>
        <time>2025-04-16T09:59:57+00:00</time>
      </trkpt>
      <trkpt lat="45.43762" lon="5.54033">
        <ele>735</ele>
        <time>2025-04-16T10:00:00+00:00</time>
      </trkpt>
      <trkpt lat="45.43771" lon="5.54038">
        <ele>732</ele>
        <time>2025-04-16T10:00:03+00:00</time>
      </trkpt>
      <trkpt lat="45.43777" lon="5.54041">
        <ele>732</ele>
        <time>2025-04-16T10:00:06+00:00</time>
      </trkpt>
      <trkpt lat="45.43785" lon="5.54043">
        <ele>729</ele>
        <time>2025-04-16T10:00:09+00:00</time>
      </trkpt>
      <trkpt lat="45.43794" lon="5.54046">
        <ele>727</ele>
        <time>2025-04-16T10:00:12+00:00</time>
      </trkpt>
      <trkpt lat="45.43803" lon="5.54046">
        <ele>723</ele>
        <time>2025-04-16T10:00:15+00:00</time>
      </trkpt>
      <trkpt lat="45.43824" lon="5.54044">
        <ele>721</ele>
        <time>2025-04-16T10:00:18+00:00</time>
      </trkpt>
      <trkpt lat="45.43828" lon="5.54044">
        <ele>721</ele>
        <time>2025-04-16T10:00:21+00:00</time>
      </trkpt>
      <trkpt lat="45.43834" lon="5.54047">
        <ele>721</ele>
        <time>2025-04-16T10:00:24+00:00</time>
      </trkpt>
      <trkpt lat="45.43844" lon="5.54053">
        <ele>721</ele>
        <time>2025-04-16T10:00:27+00:00</time>
      </trkpt>
      <trkpt lat="45.43857" lon="5.54064">
        <ele>722</ele>
        <time>2025-04-16T10:00:30+00:00</time>
      </trkpt>
      <trkpt lat="45.43866" lon="5.54071">
        <ele>720</ele>
        <time>2025-04-16T10:00:33+00:00</time>
      </trkpt>
      <trkpt lat="45.43874" lon="5.5408">
        <ele>721</ele>
        <time>2025-04-16T10:00:36+00:00</time>
      </trkpt>
      <trkpt lat="45.4388" lon="5.54088">
        <ele>722</ele>
        <time>2025-04-16T10:00:39+00:00</time>
      </trkpt>
      <trkpt lat="45.43889" lon="5.54101">
        <ele>720</ele>
        <time>2025-04-16T10:00:42+00:00</time>
      </trkpt>
      <trkpt lat="45.439" lon="5.54116">
        <ele>719</ele>
        <time>2025-04-16T10:00:45+00:00</time>
      </trkpt>
      <trkpt lat="45.43903" lon="5.5412">
        <ele>720</ele>
        <time>2025-04-16T10:00:48+00:00</time>
      </trkpt>
      <trkpt lat="45.43905" lon="5.54123">
        <ele>720</ele>
        <time>2025-04-16T10:00:51+00:00</time>
      </trkpt>
      <trkpt lat="45.43899" lon="5.54125">
        <ele>719</ele>
        <time>2025-04-16T10:00:54+00:00</time>
      </trkpt>
      <trkpt lat="45.43891" lon="5.54131">
        <ele>719</ele>
        <time>2025-04-16T10:00:57+00:00</time>
      </trkpt>
      <trkpt lat="45.43879" lon="5.5414">
        <ele>719</ele>
        <time>2025-04-16T10:01:00+00:00</time>
      </trkpt>
      <trkpt lat="45.43868" lon="5.5415">
        <ele>718</ele>
        <time>2025-04-16T10:01:03+00:00</time>
      </trkpt>
      <trkpt lat="45.43853" lon="5.54161">
        <ele>717</ele>
        <time>2025-04-16T10:01:06+00:00</time>
      </trkpt>
      <trkpt lat="45.43845" lon="5.54167">
        <ele>716</ele>
        <time>2025-04-16T10:01:09+00:00</time>
      </trkpt>
      <trkpt lat="45.43837" lon="5.54176">
        <ele>715</ele>
        <time>2025-04-16T10:01:12+00:00</time>
      </trkpt>
      <trkpt lat="45.43832" lon="5.54182">
        <ele>714</ele>
        <time>2025-04-16T10:01:15+00:00</time>
      </trkpt>
      <trkpt lat="45.43826" lon="5.54192">
        <ele>713</ele>
        <time>2025-04-16T10:01:18+00:00</time>
      </trkpt>
      <trkpt lat="45.43818" lon="5.54201">
        <ele>711</ele>
        <time>2025-04-16T10:01:21+00:00</time>
      </trkpt>
      <trkpt lat="45.4381" lon="5.54211">
        <ele>710</ele>
        <time>2025-04-16T10:01:24+00:00</time>
      </trkpt>
      <trkpt lat="45.43801" lon="5.54218">
        <ele>710</ele>
        <time>2025-04-16T10:01:27+00:00</time>
      </trkpt>
      <trkpt lat="45.4379" lon="5.54225">
        <ele>709</ele>
        <time>2025-04-16T10:01:30+00:00</time>
      </trkpt>
      <trkpt lat="45.43779" lon="5.54231">
        <ele>708</ele>
        <time>2025-04-16T10:01:33+00:00</time>
      </trkpt>
      <trkpt lat="45.43774" lon="5.54233">
        <ele>708</ele>
        <time>2025-04-16T10:01:36+00:00</time>
      </trkpt>
      <trkpt lat="45.43767" lon="5.54234">
        <ele>707</ele>
        <time>2025-04-16T10:01:39+00:00</time>
      </trkpt>
      <trkpt lat="45.43756" lon="5.54236">
        <ele>707</ele>
        <time>2025-04-16T10:01:42+00:00</time>
      </trkpt>
      <trkpt lat="45.43746" lon="5.54236">
        <ele>706</ele>
        <time>2025-04-16T10:01:45+00:00</time>
      </trkpt>
      <trkpt lat="45.43733" lon="5.54236">
        <ele>705</ele>
        <time>2025-04-16T10:01:48+00:00</time>
      </trkpt>
      <trkpt lat="45.43723" lon="5.54236">
        <ele>705</ele>
        <time>2025-04-16T10:01:51+00:00</time>
      </trkpt>
      <trkpt lat="45.43708" lon="5.54237">
        <ele>704</ele>
        <time>2025-04-16T10:01:54+00:00</time>
      </trkpt>
      <trkpt lat="45.43695" lon="5.54237">
        <ele>704</ele>
        <time>2025-04-16T10:01:57+00:00</time>
      </trkpt>
      <trkpt lat="45.43673" lon="5.54236">
        <ele>704</ele>
        <time>2025-04-16T10:02:00+00:00</time>
      </trkpt>
      <trkpt lat="45.43654" lon="5.54236">
        <ele>703</ele>
        <time>2025-04-16T10:02:03+00:00</time>
      </trkpt>
      <trkpt lat="45.43645" lon="5.54236">
        <ele>703</ele>
        <time>2025-04-16T10:02:06+00:00</time>
      </trkpt>
      <trkpt lat="45.43638" lon="5.54236">
        <ele>702</ele>
        <time>2025-04-16T10:02:09+00:00</time>
      </trkpt>
      <trkpt lat="45.4363" lon="5.54233">
        <ele>701</ele>
        <time>2025-04-16T10:02:12+00:00</time>
      </trkpt>
      <trkpt lat="45.4362" lon="5.54227">
        <ele>702</ele>
        <time>2025-04-16T10:02:15+00:00</time>
      </trkpt>
      <trkpt lat="45.43609" lon="5.54221">
        <ele>698</ele>
        <time>2025-04-16T10:02:18+00:00</time>
      </trkpt>
      <trkpt lat="45.43589" lon="5.54211">
        <ele>698</ele>
        <time>2025-04-16T10:02:21+00:00</time>
      </trkpt>
      <trkpt lat="45.43568" lon="5.54197">
        <ele>698</ele>
        <time>2025-04-16T10:02:24+00:00</time>
      </trkpt>
      <trkpt lat="45.43551" lon="5.54185">
        <ele>697</ele>
        <time>2025-04-16T10:02:27+00:00</time>
      </trkpt>
      <trkpt lat="45.43532" lon="5.54178">
        <ele>696</ele>
        <time>2025-04-16T10:02:30+00:00</time>
      </trkpt>
      <trkpt lat="45.43519" lon="5.54172">
        <ele>692</ele>
        <time>2025-04-16T10:02:33+00:00</time>
      </trkpt>
      <trkpt lat="45.43516" lon="5.54171">
        <ele>692</ele>
        <time>2025-04-16T10:02:36+00:00</time>
      </trkpt>
      <trkpt lat="45.43516" lon="5.54174">
        <ele>692</ele>
        <time>2025-04-16T10:02:39+00:00</time>
      </trkpt>
      <trkpt lat="45.43516" lon="5.54171">
        <ele>692</ele>
        <time>2025-04-16T10:02:42+00:00</time>
      </trkpt>
      <trkpt lat="45.43506" lon="5.54167">
        <ele>692</ele>
        <time>2025-04-16T10:02:45+00:00</time>
      </trkpt>
      <trkpt lat="45.43494" lon="5.54165">
        <ele>689</ele>
        <time>2025-04-16T10:02:48+00:00</time>
      </trkpt>
      <trkpt lat="45.43483" lon="5.54165">
        <ele>687</ele>
        <time>2025-04-16T10:02:51+00:00</time>
      </trkpt>
      <trkpt lat="45.43473" lon="5.54163">
        <ele>685</ele>
        <time>2025-04-16T10:02:54+00:00</time>
      </trkpt>
      <trkpt lat="45.43463" lon="5.54162">
        <ele>684</ele>
        <time>2025-04-16T10:02:57+00:00</time>
      </trkpt>
      <trkpt lat="45.43451" lon="5.5416">
        <ele>683</ele>
        <time>2025-04-16T10:03:00+00:00</time>
      </trkpt>
      <trkpt lat="45.43438" lon="5.54154">
        <ele>678</ele>
        <time>2025-04-16T10:03:03+00:00</time>
      </trkpt>
      <trkpt lat="45.43421" lon="5.54146">
        <ele>679</ele>
        <time>2025-04-16T10:03:06+00:00</time>
      </trkpt>
      <trkpt lat="45.43405" lon="5.54141">
        <ele>677</ele>
        <time>2025-04-16T10:03:09+00:00</time>
      </trkpt>
      <trkpt lat="45.43389" lon="5.54133">
        <ele>676</ele>
        <time>2025-04-16T10:03:12+00:00</time>
      </trkpt>
      <trkpt lat="45.43373" lon="5.54128">
        <ele>676</ele>
        <time>2025-04-16T10:03:15+00:00</time>
      </trkpt>
      <trkpt lat="45.43365" lon="5.54127">
        <ele>675</ele>
        <time>2025-04-16T10:03:18+00:00</time>
      </trkpt>
      <trkpt lat="45.43355" lon="5.54127">
        <ele>675</ele>
        <time>2025-04-16T10:03:21+00:00</time>
      </trkpt>
      <trkpt lat="45.43342" lon="5.5413">
        <ele>674</ele>
        <time>2025-04-16T10:03:24+00:00</time>
      </trkpt>
      <trkpt lat="45.43328" lon="5.54137">
        <ele>671</ele>
        <time>2025-04-16T10:03:27+00:00</time>
      </trkpt>
      <trkpt lat="45.43317" lon="5.54141">
        <ele>668</ele>
        <time>2025-04-16T10:03:30+00:00</time>
      </trkpt>
      <trkpt lat="45.43301" lon="5.54146">
        <ele>668</ele>
        <time>2025-04-16T10:03:33+00:00</time>
      </trkpt>
      <trkpt lat="45.43293" lon="5.54148">
        <ele>667</ele>
        <time>2025-04-16T10:03:36+00:00</time>
      </trkpt>
      <trkpt lat="45.43277" lon="5.54155">
        <ele>663</ele>
        <time>2025-04-16T10:03:39+00:00</time>
      </trkpt>
      <trkpt lat="45.43265" lon="5.54164">
        <ele>661</ele>
        <time>2025-04-16T10:03:42+00:00</time>
      </trkpt>
      <trkpt lat="45.43253" lon="5.54175">
        <ele>659</ele>
        <time>2025-04-16T10:03:45+00:00</time>
      </trkpt>
      <trkpt lat="45.43241" lon="5.54189">
        <ele>657</ele>
        <time>2025-04-16T10:03:48+00:00</time>
      </trkpt>
      <trkpt lat="45.43226" lon="5.54204">
        <ele>654</ele>
        <time>2025-04-16T10:03:51+00:00</time>
      </trkpt>
      <trkpt lat="45.43213" lon="5.5422">
        <ele>651</ele>
        <time>2025-04-16T10:03:54+00:00</time>
      </trkpt>
      <trkpt lat="45.43201" lon="5.54232">
        <ele>650</ele>
        <time>2025-04-16T10:03:57+00:00</time>
      </trkpt>
      <trkpt lat="45.43185" lon="5.54245">
        <ele>648</ele>
        <time>2025-04-16T10:04:00+00:00</time>
      </trkpt>
      <trkpt lat="45.43185" lon="5.54245">
        <ele>648</ele>
        <time>2025-04-16T10:04:03+00:00</time>
      </trkpt>
      <trkpt lat="45.43182" lon="5.54247">
        <ele>648</ele>
        <time>2025-04-16T10:04:06+00:00</time>
      </trkpt>
      <trkpt lat="45.43174" lon="5.54253">
        <ele>647</ele>
        <time>2025-04-16T10:04:09+00:00</time>
      </trkpt>
      <trkpt lat="45.43159" lon="5.54264">
        <ele>643</ele>
        <time>2025-04-16T10:04:12+00:00</time>
      </trkpt>
      <trkpt lat="45.43146" lon="5.54275">
        <ele>642</ele>
        <time>2025-04-16T10:04:15+00:00</time>
      </trkpt>
      <trkpt lat="45.43131" lon="5.54287">
        <ele>641</ele>
        <time>2025-04-16T10:04:18+00:00</time>
      </trkpt>
      <trkpt lat="45.43106" lon="5.54309">
        <ele>639</ele>
        <time>2025-04-16T10:04:21+00:00</time>
      </trkpt>
      <trkpt lat="45.43084" lon="5.54323">
        <ele>638</ele>
        <time>2025-04-16T10:04:24+00:00</time>
      </trkpt>
      <trkpt lat="45.43071" lon="5.5433">
        <ele>641</ele>
        <time>2025-04-16T10:04:27+00:00</time>
      </trkpt>
      <trkpt lat="45.43055" lon="5.54339">
        <ele>637</ele>
        <time>2025-04-16T10:04:30+00:00</time>
      </trkpt>
      <trkpt lat="45.43024" lon="5.54353">
        <ele>636</ele>
        <time>2025-04-16T10:04:33+00:00</time>
      </trkpt>
      <trkpt lat="45.43006" lon="5.5436">
        <ele>633</ele>
        <time>2025-04-16T10:04:36+00:00</time>
      </trkpt>
      <trkpt lat="45.42994" lon="5.54363">
        <ele>632</ele>
        <time>2025-04-16T10:04:39+00:00</time>
      </trkpt>
      <trkpt lat="45.42967" lon="5.54367">
        <ele>629</ele>
        <time>2025-04-16T10:04:42+00:00</time>
      </trkpt>
      <trkpt lat="45.42939" lon="5.54369">
        <ele>625</ele>
        <time>2025-04-16T10:04:45+00:00</time>
      </trkpt>
      <trkpt lat="45.4292" lon="5.54372">
        <ele>624</ele>
        <time>2025-04-16T10:04:48+00:00</time>
      </trkpt>
      <trkpt lat="45.42906" lon="5.54374">
        <ele>623</ele>
        <time>2025-04-16T10:04:51+00:00</time>
      </trkpt>
      <trkpt lat="45.429" lon="5.54376">
        <ele>623</ele>
        <time>2025-04-16T10:04:54+00:00</time>
      </trkpt>
      <trkpt lat="45.42894" lon="5.54382">
        <ele>622</ele>
        <time>2025-04-16T10:04:57+00:00</time>
      </trkpt>
      <trkpt lat="45.42887" lon="5.5439">
        <ele>618</ele>
        <time>2025-04-16T10:05:00+00:00</time>
      </trkpt>
      <trkpt lat="45.42877" lon="5.54401">
        <ele>619</ele>
        <time>2025-04-16T10:05:03+00:00</time>
      </trkpt>
      <trkpt lat="45.42874" lon="5.54404">
        <ele>619</ele>
        <time>2025-04-16T10:05:06+00:00</time>
      </trkpt>
      <trkpt lat="45.42871" lon="5.54406">
        <ele>619</ele>
        <time>2025-04-16T10:05:09+00:00</time>
      </trkpt>
      <trkpt lat="45.42869" lon="5.54409">
        <ele>617</ele>
        <time>2025-04-16T10:05:12+00:00</time>
      </trkpt>
      <trkpt lat="45.42861" lon="5.54414">
        <ele>619</ele>
        <time>2025-04-16T10:05:15+00:00</time>
      </trkpt>
      <trkpt lat="45.42854" lon="5.54416">
        <ele>617</ele>
        <time>2025-04-16T10:05:18+00:00</time>
      </trkpt>
      <trkpt lat="45.42848" lon="5.54417">
        <ele>616</ele>
        <time>2025-04-16T10:05:21+00:00</time>
      </trkpt>
      <trkpt lat="45.42839" lon="5.54416">
        <ele>615</ele>
        <time>2025-04-16T10:05:24+00:00</time>
      </trkpt>
      <trkpt lat="45.42829" lon="5.54414">
        <ele>614</ele>
        <time>2025-04-16T10:05:27+00:00</time>
      </trkpt>
      <trkpt lat="45.42818" lon="5.54411">
        <ele>614</ele>
        <time>2025-04-16T10:05:30+00:00</time>
      </trkpt>
      <trkpt lat="45.42806" lon="5.54407">
        <ele>612</ele>
        <time>2025-04-16T10:05:33+00:00</time>
      </trkpt>
      <trkpt lat="45.42792" lon="5.54403">
        <ele>612</ele>
        <time>2025-04-16T10:05:36+00:00</time>
      </trkpt>
      <trkpt lat="45.4278" lon="5.54402">
        <ele>611</ele>
        <time>2025-04-16T10:05:39+00:00</time>
      </trkpt>
      <trkpt lat="45.4277" lon="5.544">
        <ele>611</ele>
        <time>2025-04-16T10:05:42+00:00</time>
      </trkpt>
      <trkpt lat="45.42758" lon="5.54399">
        <ele>609</ele>
        <time>2025-04-16T10:05:45+00:00</time>
      </trkpt>
      <trkpt lat="45.42745" lon="5.54406">
        <ele>607</ele>
        <time>2025-04-16T10:05:48+00:00</time>
      </trkpt>
      <trkpt lat="45.42731" lon="5.54417">
        <ele>609</ele>
        <time>2025-04-16T10:05:51+00:00</time>
      </trkpt>
      <trkpt lat="45.4272" lon="5.54428">
        <ele>606</ele>
        <time>2025-04-16T10:05:54+00:00</time>
      </trkpt>
      <trkpt lat="45.42713" lon="5.5444">
        <ele>609</ele>
        <time>2025-04-16T10:05:57+00:00</time>
      </trkpt>
      <trkpt lat="45.42705" lon="5.54456">
        <ele>605</ele>
        <time>2025-04-16T10:06:00+00:00</time>
      </trkpt>
      <trkpt lat="45.42701" lon="5.5447">
        <ele>607</ele>
        <time>2025-04-16T10:06:03+00:00</time>
      </trkpt>
      <trkpt lat="45.42696" lon="5.54494">
        <ele>605</ele>
        <time>2025-04-16T10:06:06+00:00</time>
      </trkpt>
      <trkpt lat="45.42694" lon="5.54516">
        <ele>607</ele>
        <time>2025-04-16T10:06:09+00:00</time>
      </trkpt>
      <trkpt lat="45.42691" lon="5.54529">
        <ele>607</ele>
        <time>2025-04-16T10:06:12+00:00</time>
      </trkpt>
      <trkpt lat="45.42689" lon="5.54546">
        <ele>607</ele>
        <time>2025-04-16T10:06:15+00:00</time>
      </trkpt>
      <trkpt lat="45.42688" lon="5.54559">
        <ele>608</ele>
        <time>2025-04-16T10:06:18+00:00</time>
      </trkpt>
      <trkpt lat="45.42687" lon="5.54571">
        <ele>609</ele>
        <time>2025-04-16T10:06:21+00:00</time>
      </trkpt>
      <trkpt lat="45.42686" lon="5.54585">
        <ele>610</ele>
        <time>2025-04-16T10:06:24+00:00</time>
      </trkpt>
      <trkpt lat="45.42687" lon="5.54599">
        <ele>610</ele>
        <time>2025-04-16T10:06:27+00:00</time>
      </trkpt>
      <trkpt lat="45.42686" lon="5.54615">
        <ele>611</ele>
        <time>2025-04-16T10:06:30+00:00</time>
      </trkpt>
      <trkpt lat="45.42684" lon="5.54628">
        <ele>612</ele>
        <time>2025-04-16T10:06:33+00:00</time>
      </trkpt>
      <trkpt lat="45.4268" lon="5.54639">
        <ele>613</ele>
        <time>2025-04-16T10:06:36+00:00</time>
      </trkpt>
      <trkpt lat="45.42677" lon="5.54648">
        <ele>613</ele>
        <time>2025-04-16T10:06:39+00:00</time>
      </trkpt>
      <trkpt lat="45.42672" lon="5.54656">
        <ele>614</ele>
        <time>2025-04-16T10:06:42+00:00</time>
      </trkpt>
      <trkpt lat="45.42666" lon="5.54666">
        <ele>613</ele>
        <time>2025-04-16T10:06:45+00:00</time>
      </trkpt>
      <trkpt lat="45.42662" lon="5.54678">
        <ele>614</ele>
        <time>2025-04-16T10:06:48+00:00</time>
      </trkpt>
      <trkpt lat="45.42662" lon="5.54678">
        <ele>614</ele>
        <time>2025-04-16T10:06:51+00:00</time>
      </trkpt>
      <trkpt lat="45.42662" lon="5.54678">
        <ele>614</ele>
        <time>2025-04-16T10:06:54+00:00</time>
      </trkpt>
      <trkpt lat="45.42671" lon="5.5468">
        <ele>615</ele>
        <time>2025-04-16T10:06:57+00:00</time>
      </trkpt>
      <trkpt lat="45.42685" lon="5.54687">
        <ele>616</ele>
        <time>2025-04-16T10:07:00+00:00</time>
      </trkpt>
      <trkpt lat="45.42693" lon="5.54693">
        <ele>619</ele>
        <time>2025-04-16T10:07:03+00:00</time>
      </trkpt>
      <trkpt lat="45.42709" lon="5.5471">
        <ele>622</ele>
        <time>2025-04-16T10:07:06+00:00</time>
      </trkpt>
      <trkpt lat="45.42733" lon="5.54728">
        <ele>624</ele>
        <time>2025-04-16T10:07:09+00:00</time>
      </trkpt>
      <trkpt lat="45.4275" lon="5.54742">
        <ele>627</ele>
        <time>2025-04-16T10:07:12+00:00</time>
      </trkpt>
      <trkpt lat="45.42775" lon="5.54773">
        <ele>633</ele>
        <time>2025-04-16T10:07:15+00:00</time>
      </trkpt>
      <trkpt lat="45.42795" lon="5.54791">
        <ele>636</ele>
        <time>2025-04-16T10:07:18+00:00</time>
      </trkpt>
      <trkpt lat="45.42812" lon="5.54802">
        <ele>638</ele>
        <time>2025-04-16T10:07:21+00:00</time>
      </trkpt>
      <trkpt lat="45.42827" lon="5.54815">
        <ele>642</ele>
        <time>2025-04-16T10:07:24+00:00</time>
      </trkpt>
      <trkpt lat="45.42841" lon="5.54835">
        <ele>647</ele>
        <time>2025-04-16T10:07:27+00:00</time>
      </trkpt>
      <trkpt lat="45.42865" lon="5.54863">
        <ele>652</ele>
        <time>2025-04-16T10:07:30+00:00</time>
      </trkpt>
      <trkpt lat="45.42884" lon="5.54889">
        <ele>656</ele>
        <time>2025-04-16T10:07:33+00:00</time>
      </trkpt>
      <trkpt lat="45.42908" lon="5.54923">
        <ele>663</ele>
        <time>2025-04-16T10:07:36+00:00</time>
      </trkpt>
      <trkpt lat="45.42929" lon="5.54944">
        <ele>669</ele>
        <time>2025-04-16T10:07:39+00:00</time>
      </trkpt>
      <trkpt lat="45.4294" lon="5.54953">
        <ele>671</ele>
        <time>2025-04-16T10:07:42+00:00</time>
      </trkpt>
      <trkpt lat="45.42951" lon="5.54957">
        <ele>673</ele>
        <time>2025-04-16T10:07:45+00:00</time>
      </trkpt>
      <trkpt lat="45.42964" lon="5.54962">
        <ele>675</ele>
        <time>2025-04-16T10:07:48+00:00</time>
      </trkpt>
      <trkpt lat="45.42979" lon="5.54972">
        <ele>677</ele>
        <time>2025-04-16T10:07:51+00:00</time>
      </trkpt>
      <trkpt lat="45.42988" lon="5.5498">
        <ele>678</ele>
        <time>2025-04-16T10:07:54+00:00</time>
      </trkpt>
      <trkpt lat="45.42992" lon="5.54991">
        <ele>681</ele>
        <time>2025-04-16T10:07:57+00:00</time>
      </trkpt>
      <trkpt lat="45.42995" lon="5.55">
        <ele>682</ele>
        <time>2025-04-16T10:08:00+00:00</time>
      </trkpt>
      <trkpt lat="45.43" lon="5.55009">
        <ele>683</ele>
        <time>2025-04-16T10:08:03+00:00</time>
      </trkpt>
      <trkpt lat="45.4301" lon="5.55019">
        <ele>683</ele>
        <time>2025-04-16T10:08:06+00:00</time>
      </trkpt>
      <trkpt lat="45.43032" lon="5.55037">
        <ele>688</ele>
        <time>2025-04-16T10:08:09+00:00</time>
      </trkpt>
      <trkpt lat="45.43049" lon="5.55046">
        <ele>690</ele>
        <time>2025-04-16T10:08:12+00:00</time>
      </trkpt>
      <trkpt lat="45.43057" lon="5.55053">
        <ele>693</ele>
        <time>2025-04-16T10:08:15+00:00</time>
      </trkpt>
      <trkpt lat="45.43057" lon="5.55053">
        <ele>693</ele>
        <time>2025-04-16T10:08:18+00:00</time>
      </trkpt>
      <trkpt lat="45.43062" lon="5.55063">
        <ele>694</ele>
        <time>2025-04-16T10:08:21+00:00</time>
      </trkpt>
      <trkpt lat="45.43066" lon="5.55077">
        <ele>695</ele>
        <time>2025-04-16T10:08:24+00:00</time>
      </trkpt>
      <trkpt lat="45.43074" lon="5.55089">
        <ele>697</ele>
        <time>2025-04-16T10:08:27+00:00</time>
      </trkpt>
      <trkpt lat="45.43084" lon="5.55103">
        <ele>699</ele>
        <time>2025-04-16T10:08:30+00:00</time>
      </trkpt>
      <trkpt lat="45.43089" lon="5.55115">
        <ele>701</ele>
        <time>2025-04-16T10:08:33+00:00</time>
      </trkpt>
      <trkpt lat="45.43091" lon="5.55129">
        <ele>702</ele>
        <time>2025-04-16T10:08:36+00:00</time>
      </trkpt>
      <trkpt lat="45.43104" lon="5.55144">
        <ele>703</ele>
        <time>2025-04-16T10:08:39+00:00</time>
      </trkpt>
      <trkpt lat="45.43119" lon="5.55167">
        <ele>699</ele>
        <time>2025-04-16T10:08:42+00:00</time>
      </trkpt>
      <trkpt lat="45.43143" lon="5.55204">
        <ele>696</ele>
        <time>2025-04-16T10:08:45+00:00</time>
      </trkpt>
      <trkpt lat="45.43167" lon="5.5523">
        <ele>693</ele>
        <time>2025-04-16T10:08:48+00:00</time>
      </trkpt>
      <trkpt lat="45.43201" lon="5.55238">
        <ele>696</ele>
        <time>2025-04-16T10:08:51+00:00</time>
      </trkpt>
      <trkpt lat="45.43212" lon="5.55187">
        <ele>700</ele>
        <time>2025-04-16T10:08:54+00:00</time>
      </trkpt>
      <trkpt lat="45.4321" lon="5.55184">
        <ele>700</ele>
        <time>2025-04-16T10:08:57+00:00</time>
      </trkpt>
      <trkpt lat="45.43208" lon="5.55177">
        <ele>703</ele>
        <time>2025-04-16T10:09:00+00:00</time>
      </trkpt>
      <trkpt lat="45.43205" lon="5.55159">
        <ele>705</ele>
        <time>2025-04-16T10:09:03+00:00</time>
      </trkpt>
      <trkpt lat="45.43202" lon="5.55136">
        <ele>708</ele>
        <time>2025-04-16T10:09:06+00:00</time>
      </trkpt>
      <trkpt lat="45.43199" lon="5.55119">
        <ele>710</ele>
        <time>2025-04-16T10:09:09+00:00</time>
      </trkpt>
      <trkpt lat="45.432" lon="5.55104">
        <ele>713</ele>
        <time>2025-04-16T10:09:12+00:00</time>
      </trkpt>
      <trkpt lat="45.43204" lon="5.5508">
        <ele>715</ele>
        <time>2025-04-16T10:09:15+00:00</time>
      </trkpt>
      <trkpt lat="45.43211" lon="5.55059">
        <ele>719</ele>
        <time>2025-04-16T10:09:18+00:00</time>
      </trkpt>
      <trkpt lat="45.43222" lon="5.55029">
        <ele>726</ele>
        <time>2025-04-16T10:09:21+00:00</time>
      </trkpt>
      <trkpt lat="45.43233" lon="5.55003">
        <ele>731</ele>
        <time>2025-04-16T10:09:24+00:00</time>
      </trkpt>
      <trkpt lat="45.43246" lon="5.54966">
        <ele>744</ele>
        <time>2025-04-16T10:09:27+00:00</time>
      </trkpt>
      <trkpt lat="45.4326" lon="5.54932">
        <ele>751</ele>
        <time>2025-04-16T10:09:30+00:00</time>
      </trkpt>
      <trkpt lat="45.43271" lon="5.54914">
        <ele>756</ele>
        <time>2025-04-16T10:09:33+00:00</time>
      </trkpt>
      <trkpt lat="45.43278" lon="5.54904">
        <ele>758</ele>
        <time>2025-04-16T10:09:36+00:00</time>
      </trkpt>
      <trkpt lat="45.43288" lon="5.54891">
        <ele>760</ele>
        <time>2025-04-16T10:09:39+00:00</time>
      </trkpt>
      <trkpt lat="45.43296" lon="5.54873">
        <ele>763</ele>
        <time>2025-04-16T10:09:42+00:00</time>
      </trkpt>
      <trkpt lat="45.43304" lon="5.54858">
        <ele>767</ele>
        <time>2025-04-16T10:09:45+00:00</time>
      </trkpt>
      <trkpt lat="45.43312" lon="5.54846">
        <ele>770</ele>
        <time>2025-04-16T10:09:48+00:00</time>
      </trkpt>
      <trkpt lat="45.43318" lon="5.54841">
        <ele>770</ele>
        <time>2025-04-16T10:09:51+00:00</time>
      </trkpt>
      <trkpt lat="45.43338" lon="5.54828">
        <ele>777</ele>
        <time>2025-04-16T10:09:54+00:00</time>
      </trkpt>
      <trkpt lat="45.43352" lon="5.54823">
        <ele>782</ele>
        <time>2025-04-16T10:09:57+00:00</time>
      </trkpt>
      <trkpt lat="45.43362" lon="5.5482">
        <ele>784</ele>
        <time>2025-04-16T10:10:00+00:00</time>
      </trkpt>
      <trkpt lat="45.43372" lon="5.54823">
        <ele>786</ele>
        <time>2025-04-16T10:10:03+00:00</time>
      </trkpt>
      <trkpt lat="45.43392" lon="5.54831">
        <ele>792</ele>
        <time>2025-04-16T10:10:06+00:00</time>
      </trkpt>
      <trkpt lat="45.43411" lon="5.54835">
        <ele>795</ele>
        <time>2025-04-16T10:10:09+00:00</time>
      </trkpt>
      <trkpt lat="45.43412" lon="5.54835">
        <ele>795</ele>
        <time>2025-04-16T10:10:12+00:00</time>
      </trkpt>
      <trkpt lat="45.43425" lon="5.54837">
        <ele>797</ele>
        <time>2025-04-16T10:10:15+00:00</time>
      </trkpt>
      <trkpt lat="45.43433" lon="5.54836">
        <ele>798</ele>
        <time>2025-04-16T10:10:18+00:00</time>
      </trkpt>
      <trkpt lat="45.4344" lon="5.54834">
        <ele>800</ele>
        <time>2025-04-16T10:10:21+00:00</time>
      </trkpt>
      <trkpt lat="45.43446" lon="5.5483">
        <ele>800</ele>
        <time>2025-04-16T10:10:24+00:00</time>
      </trkpt>
      <trkpt lat="45.43447" lon="5.54829">
        <ele>800</ele>
        <time>2025-04-16T10:10:27+00:00</time>
      </trkpt>
      <trkpt lat="45.43456" lon="5.54845">
        <ele>801</ele>
        <time>2025-04-16T10:10:30+00:00</time>
      </trkpt>
      <trkpt lat="45.43469" lon="5.54849">
        <ele>801</ele>
        <time>2025-04-16T10:10:33+00:00</time>
      </trkpt>
      <trkpt lat="45.43484" lon="5.54815">
        <ele>802</ele>
        <time>2025-04-16T10:10:36+00:00</time>
      </trkpt>
      <trkpt lat="45.43491" lon="5.54797">
        <ele>802</ele>
        <time>2025-04-16T10:10:39+00:00</time>
      </trkpt>
      <trkpt lat="45.43503" lon="5.5479">
        <ele>802</ele>
        <time>2025-04-16T10:10:42+00:00</time>
      </trkpt>
      <trkpt lat="45.43517" lon="5.54783">
        <ele>803</ele>
        <time>2025-04-16T10:10:45+00:00</time>
      </trkpt>
      <trkpt lat="45.43536" lon="5.54765">
        <ele>802</ele>
        <time>2025-04-16T10:10:48+00:00</time>
      </trkpt>
      <trkpt lat="45.43568" lon="5.54749">
        <ele>796</ele>
        <time>2025-04-16T10:10:51+00:00</time>
      </trkpt>
      <trkpt lat="45.43579" lon="5.54746">
        <ele>794</ele>
        <time>2025-04-16T10:10:54+00:00</time>
      </trkpt>
      <trkpt lat="45.43606" lon="5.54715">
        <ele>786</ele>
        <time>2025-04-16T10:10:57+00:00</time>
      </trkpt>
      <trkpt lat="45.43633" lon="5.54706">
        <ele>778</ele>
        <time>2025-04-16T10:11:00+00:00</time>
      </trkpt>
      <trkpt lat="45.4365" lon="5.54695">
        <ele>774</ele>
        <time>2025-04-16T10:11:03+00:00</time>
      </trkpt>
      <trkpt lat="45.43669" lon="5.54687">
        <ele>771</ele>
        <time>2025-04-16T10:11:06+00:00</time>
      </trkpt>
      <trkpt lat="45.43696" lon="5.54668">
        <ele>764</ele>
        <time>2025-04-16T10:11:09+00:00</time>
      </trkpt>
      <trkpt lat="45.43714" lon="5.5466">
        <ele>761</ele>
        <time>2025-04-16T10:11:12+00:00</time>
      </trkpt>
      <trkpt lat="45.43732" lon="5.54653">
        <ele>758</ele>
        <time>2025-04-16T10:11:15+00:00</time>
      </trkpt>
      <trkpt lat="45.43755" lon="5.54645">
        <ele>753</ele>
        <time>2025-04-16T10:11:18+00:00</time>
      </trkpt>
      <trkpt lat="45.43775" lon="5.54642">
        <ele>750</ele>
        <time>2025-04-16T10:11:21+00:00</time>
      </trkpt>
      <trkpt lat="45.43795" lon="5.54646">
        <ele>747</ele>
        <time>2025-04-16T10:11:24+00:00</time>
      </trkpt>
      <trkpt lat="45.43812" lon="5.54662">
        <ele>741</ele>
        <time>2025-04-16T10:11:27+00:00</time>
      </trkpt>
      <trkpt lat="45.43823" lon="5.54669">
        <ele>739</ele>
        <time>2025-04-16T10:11:30+00:00</time>
      </trkpt>
      <trkpt lat="45.4383" lon="5.54664">
        <ele>739</ele>
        <time>2025-04-16T10:11:33+00:00</time>
      </trkpt>
      <trkpt lat="45.43831" lon="5.54641">
        <ele>737</ele>
        <time>2025-04-16T10:11:36+00:00</time>
      </trkpt>
      <trkpt lat="45.43831" lon="5.5462">
        <ele>737</ele>
        <time>2025-04-16T10:11:39+00:00</time>
      </trkpt>
      <trkpt lat="45.43846" lon="5.54606">
        <ele>735</ele>
        <time>2025-04-16T10:11:42+00:00</time>
      </trkpt>
      <trkpt lat="45.43868" lon="5.54584">
        <ele>731</ele>
        <time>2025-04-16T10:11:45+00:00</time>
      </trkpt>
      <trkpt lat="45.43883" lon="5.54562">
        <ele>728</ele>
        <time>2025-04-16T10:11:48+00:00</time>
      </trkpt>
      <trkpt lat="45.43898" lon="5.54537">
        <ele>727</ele>
        <time>2025-04-16T10:11:51+00:00</time>
      </trkpt>
      <trkpt lat="45.43911" lon="5.54514">
        <ele>724</ele>
        <time>2025-04-16T10:11:54+00:00</time>
      </trkpt>
      <trkpt lat="45.43923" lon="5.54501">
        <ele>721</ele>
        <time>2025-04-16T10:11:57+00:00</time>
      </trkpt>
      <trkpt lat="45.43929" lon="5.54498">
        <ele>721</ele>
        <time>2025-04-16T10:12:00+00:00</time>
      </trkpt>
      <trkpt lat="45.43934" lon="5.54498">
        <ele>719</ele>
        <time>2025-04-16T10:12:03+00:00</time>
      </trkpt>
      <trkpt lat="45.43934" lon="5.54523">
        <ele>717</ele>
        <time>2025-04-16T10:12:06+00:00</time>
      </trkpt>
      <trkpt lat="45.4393" lon="5.54556">
        <ele>715</ele>
        <time>2025-04-16T10:12:09+00:00</time>
      </trkpt>
      <trkpt lat="45.4393" lon="5.54601">
        <ele>711</ele>
        <time>2025-04-16T10:12:12+00:00</time>
      </trkpt>
      <trkpt lat="45.43934" lon="5.54625">
        <ele>710</ele>
        <time>2025-04-16T10:12:15+00:00</time>
      </trkpt>
      <trkpt lat="45.43941" lon="5.54657">
        <ele>706</ele>
        <time>2025-04-16T10:12:18+00:00</time>
      </trkpt>
      <trkpt lat="45.43947" lon="5.54723">
        <ele>703</ele>
        <time>2025-04-16T10:12:21+00:00</time>
      </trkpt>
      <trkpt lat="45.43947" lon="5.54763">
        <ele>701</ele>
        <time>2025-04-16T10:12:24+00:00</time>
      </trkpt>
      <trkpt lat="45.43946" lon="5.54823">
        <ele>698</ele>
        <time>2025-04-16T10:12:27+00:00</time>
      </trkpt>
      <trkpt lat="45.43955" lon="5.5487">
        <ele>695</ele>
        <time>2025-04-16T10:12:30+00:00</time>
      </trkpt>
      <trkpt lat="45.43969" lon="5.54893">
        <ele>692</ele>
        <time>2025-04-16T10:12:33+00:00</time>
      </trkpt>
      <trkpt lat="45.43982" lon="5.54914">
        <ele>687</ele>
        <time>2025-04-16T10:12:36+00:00</time>
      </trkpt>
      <trkpt lat="45.44002" lon="5.54947">
        <ele>683</ele>
        <time>2025-04-16T10:12:39+00:00</time>
      </trkpt>
      <trkpt lat="45.44" lon="5.54945">
        <ele>685</ele>
        <time>2025-04-16T10:12:42+00:00</time>
      </trkpt>
      <trkpt lat="45.44" lon="5.54945">
        <ele>683</ele>
        <time>2025-04-16T10:12:45+00:00</time>
      </trkpt>
      <trkpt lat="45.44006" lon="5.54953">
        <ele>682</ele>
        <time>2025-04-16T10:12:48+00:00</time>
      </trkpt>
      <trkpt lat="45.44016" lon="5.54959">
        <ele>681</ele>
        <time>2025-04-16T10:12:51+00:00</time>
      </trkpt>
      <trkpt lat="45.44033" lon="5.54968">
        <ele>677</ele>
        <time>2025-04-16T10:12:54+00:00</time>
      </trkpt>
      <trkpt lat="45.44049" lon="5.54976">
        <ele>673</ele>
        <time>2025-04-16T10:12:57+00:00</time>
      </trkpt>
      <trkpt lat="45.44064" lon="5.54984">
        <ele>670</ele>
        <time>2025-04-16T10:13:00+00:00</time>
      </trkpt>
      <trkpt lat="45.44078" lon="5.54993">
        <ele>668</ele>
        <time>2025-04-16T10:13:03+00:00</time>
      </trkpt>
      <trkpt lat="45.44096" lon="5.55008">
        <ele>665</ele>
        <time>2025-04-16T10:13:06+00:00</time>
      </trkpt>
      <trkpt lat="45.44113" lon="5.55021">
        <ele>660</ele>
        <time>2025-04-16T10:13:09+00:00</time>
      </trkpt>
      <trkpt lat="45.44128" lon="5.55034">
        <ele>659</ele>
        <time>2025-04-16T10:13:12+00:00</time>
      </trkpt>
      <trkpt lat="45.44143" lon="5.55047">
        <ele>656</ele>
        <time>2025-04-16T10:13:15+00:00</time>
      </trkpt>
      <trkpt lat="45.44161" lon="5.55073">
        <ele>651</ele>
        <time>2025-04-16T10:13:18+00:00</time>
      </trkpt>
      <trkpt lat="45.44176" lon="5.55094">
        <ele>650</ele>
        <time>2025-04-16T10:13:21+00:00</time>
      </trkpt>
      <trkpt lat="45.44189" lon="5.55116">
        <ele>648</ele>
        <time>2025-04-16T10:13:24+00:00</time>
      </trkpt>
      <trkpt lat="45.44199" lon="5.5513">
        <ele>646</ele>
        <time>2025-04-16T10:13:27+00:00</time>
      </trkpt>
      <trkpt lat="45.44204" lon="5.55135">
        <ele>645</ele>
        <time>2025-04-16T10:13:30+00:00</time>
      </trkpt>
      <trkpt lat="45.44207" lon="5.55137">
        <ele>645</ele>
        <time>2025-04-16T10:13:33+00:00</time>
      </trkpt>
      <trkpt lat="45.4421" lon="5.55131">
        <ele>645</ele>
        <time>2025-04-16T10:13:36+00:00</time>
      </trkpt>
      <trkpt lat="45.44219" lon="5.5512">
        <ele>644</ele>
        <time>2025-04-16T10:13:39+00:00</time>
      </trkpt>
      <trkpt lat="45.44243" lon="5.55099">
        <ele>637</ele>
        <time>2025-04-16T10:13:42+00:00</time>
      </trkpt>
      <trkpt lat="45.44267" lon="5.5508">
        <ele>636</ele>
        <time>2025-04-16T10:13:45+00:00</time>
      </trkpt>
      <trkpt lat="45.4428" lon="5.55072">
        <ele>635</ele>
        <time>2025-04-16T10:13:48+00:00</time>
      </trkpt>
      <trkpt lat="45.44295" lon="5.55068">
        <ele>636</ele>
        <time>2025-04-16T10:13:51+00:00</time>
      </trkpt>
      <trkpt lat="45.44311" lon="5.55066">
        <ele>636</ele>
        <time>2025-04-16T10:13:54+00:00</time>
      </trkpt>
      <trkpt lat="45.44319" lon="5.55062">
        <ele>636</ele>
        <time>2025-04-16T10:13:57+00:00</time>
      </trkpt>
      <trkpt lat="45.44323" lon="5.55057">
        <ele>638</ele>
        <time>2025-04-16T10:14:00+00:00</time>
      </trkpt>
      <trkpt lat="45.44328" lon="5.5505">
        <ele>640</ele>
        <time>2025-04-16T10:14:03+00:00</time>
      </trkpt>
      <trkpt lat="45.44341" lon="5.55028">
        <ele>638</ele>
        <time>2025-04-16T10:14:06+00:00</time>
      </trkpt>
      <trkpt lat="45.44347" lon="5.55016">
        <ele>642</ele>
        <time>2025-04-16T10:14:09+00:00</time>
      </trkpt>
      <trkpt lat="45.44358" lon="5.55007">
        <ele>638</ele>
        <time>2025-04-16T10:14:12+00:00</time>
      </trkpt>
      <trkpt lat="45.44371" lon="5.55003">
        <ele>638</ele>
        <time>2025-04-16T10:14:15+00:00</time>
      </trkpt>
      <trkpt lat="45.44383" lon="5.55008">
        <ele>638</ele>
        <time>2025-04-16T10:14:18+00:00</time>
      </trkpt>
      <trkpt lat="45.44397" lon="5.55018">
        <ele>638</ele>
        <time>2025-04-16T10:14:21+00:00</time>
      </trkpt>
      <trkpt lat="45.44405" lon="5.55021">
        <ele>638</ele>
        <time>2025-04-16T10:14:24+00:00</time>
      </trkpt>
      <trkpt lat="45.44406" lon="5.55027">
        <ele>638</ele>
        <time>2025-04-16T10:14:27+00:00</time>
      </trkpt>
      <trkpt lat="45.44417" lon="5.55046">
        <ele>636</ele>
        <time>2025-04-16T10:14:30+00:00</time>
      </trkpt>
      <trkpt lat="45.44427" lon="5.5506">
        <ele>635</ele>
        <time>2025-04-16T10:14:33+00:00</time>
      </trkpt>
      <trkpt lat="45.44427" lon="5.5506">
        <ele>635</ele>
        <time>2025-04-16T10:14:36+00:00</time>
      </trkpt>
      <trkpt lat="45.4444" lon="5.55077">
        <ele>635</ele>
        <time>2025-04-16T10:14:39+00:00</time>
      </trkpt>
      <trkpt lat="45.44453" lon="5.55098">
        <ele>635</ele>
        <time>2025-04-16T10:14:42+00:00</time>
      </trkpt>
      <trkpt lat="45.44463" lon="5.55124">
        <ele>633</ele>
        <time>2025-04-16T10:14:45+00:00</time>
      </trkpt>
      <trkpt lat="45.44473" lon="5.5515">
        <ele>632</ele>
        <time>2025-04-16T10:14:48+00:00</time>
      </trkpt>
      <trkpt lat="45.44484" lon="5.55174">
        <ele>631</ele>
        <time>2025-04-16T10:14:51+00:00</time>
      </trkpt>
      <trkpt lat="45.44497" lon="5.55194">
        <ele>628</ele>
        <time>2025-04-16T10:14:54+00:00</time>
      </trkpt>
      <trkpt lat="45.44507" lon="5.55204">
        <ele>627</ele>
        <time>2025-04-16T10:14:57+00:00</time>
      </trkpt>
      <trkpt lat="45.44521" lon="5.55213">
        <ele>626</ele>
        <time>2025-04-16T10:15:00+00:00</time>
      </trkpt>
      <trkpt lat="45.44533" lon="5.55215">
        <ele>626</ele>
        <time>2025-04-16T10:15:03+00:00</time>
      </trkpt>
      <trkpt lat="45.44545" lon="5.55213">
        <ele>625</ele>
        <time>2025-04-16T10:15:06+00:00</time>
      </trkpt>
      <trkpt lat="45.44556" lon="5.55209">
        <ele>625</ele>
        <time>2025-04-16T10:15:09+00:00</time>
      </trkpt>
      <trkpt lat="45.4457" lon="5.552">
        <ele>624</ele>
        <time>2025-04-16T10:15:12+00:00</time>
      </trkpt>
      <trkpt lat="45.44585" lon="5.55185">
        <ele>622</ele>
        <time>2025-04-16T10:15:15+00:00</time>
      </trkpt>
      <trkpt lat="45.446" lon="5.55167">
        <ele>620</ele>
        <time>2025-04-16T10:15:18+00:00</time>
      </trkpt>
      <trkpt lat="45.44602" lon="5.55163">
        <ele>618</ele>
        <time>2025-04-16T10:15:21+00:00</time>
      </trkpt>
      <trkpt lat="45.44615" lon="5.55146">
        <ele>617</ele>
        <time>2025-04-16T10:15:24+00:00</time>
      </trkpt>
      <trkpt lat="45.44622" lon="5.55141">
        <ele>616</ele>
        <time>2025-04-16T10:15:27+00:00</time>
      </trkpt>
      <trkpt lat="45.4463" lon="5.55138">
        <ele>616</ele>
        <time>2025-04-16T10:15:30+00:00</time>
      </trkpt>
      <trkpt lat="45.44637" lon="5.55138">
        <ele>616</ele>
        <time>2025-04-16T10:15:33+00:00</time>
      </trkpt>
      <trkpt lat="45.44648" lon="5.55139">
        <ele>616</ele>
        <time>2025-04-16T10:15:36+00:00</time>
      </trkpt>
      <trkpt lat="45.44656" lon="5.5514">
        <ele>616</ele>
        <time>2025-04-16T10:15:39+00:00</time>
      </trkpt>
      <trkpt lat="45.44662" lon="5.55139">
        <ele>616</ele>
        <time>2025-04-16T10:15:42+00:00</time>
      </trkpt>
      <trkpt lat="45.44666" lon="5.55139">
        <ele>616</ele>
        <time>2025-04-16T10:15:45+00:00</time>
      </trkpt>
      <trkpt lat="45.44672" lon="5.55136">
        <ele>615</ele>
        <time>2025-04-16T10:15:48+00:00</time>
      </trkpt>
      <trkpt lat="45.44684" lon="5.55124">
        <ele>614</ele>
        <time>2025-04-16T10:15:51+00:00</time>
      </trkpt>
      <trkpt lat="45.44696" lon="5.55112">
        <ele>613</ele>
        <time>2025-04-16T10:15:54+00:00</time>
      </trkpt>
      <trkpt lat="45.4471" lon="5.55104">
        <ele>613</ele>
        <time>2025-04-16T10:15:57+00:00</time>
      </trkpt>
      <trkpt lat="45.44722" lon="5.55098">
        <ele>610</ele>
        <time>2025-04-16T10:16:00+00:00</time>
      </trkpt>
      <trkpt lat="45.44731" lon="5.55094">
        <ele>609</ele>
        <time>2025-04-16T10:16:03+00:00</time>
      </trkpt>
      <trkpt lat="45.44738" lon="5.55088">
        <ele>608</ele>
        <time>2025-04-16T10:16:06+00:00</time>
      </trkpt>
      <trkpt lat="45.44748" lon="5.55074">
        <ele>606</ele>
        <time>2025-04-16T10:16:09+00:00</time>
      </trkpt>
      <trkpt lat="45.4476" lon="5.55054">
        <ele>603</ele>
        <time>2025-04-16T10:16:12+00:00</time>
      </trkpt>
      <trkpt lat="45.44778" lon="5.55033">
        <ele>601</ele>
        <time>2025-04-16T10:16:15+00:00</time>
      </trkpt>
      <trkpt lat="45.44787" lon="5.55024">
        <ele>600</ele>
        <time>2025-04-16T10:16:18+00:00</time>
      </trkpt>
      <trkpt lat="45.44791" lon="5.55021">
        <ele>599</ele>
        <time>2025-04-16T10:16:21+00:00</time>
      </trkpt>
      <trkpt lat="45.44799" lon="5.55013">
        <ele>599</ele>
        <time>2025-04-16T10:16:24+00:00</time>
      </trkpt>
      <trkpt lat="45.44812" lon="5.55004">
        <ele>598</ele>
        <time>2025-04-16T10:16:27+00:00</time>
      </trkpt>
      <trkpt lat="45.4482" lon="5.55002">
        <ele>597</ele>
        <time>2025-04-16T10:16:30+00:00</time>
      </trkpt>
      <trkpt lat="45.44828" lon="5.55">
        <ele>597</ele>
        <time>2025-04-16T10:16:33+00:00</time>
      </trkpt>
      <trkpt lat="45.44834" lon="5.55">
        <ele>596</ele>
        <time>2025-04-16T10:16:36+00:00</time>
      </trkpt>
      <trkpt lat="45.44852" lon="5.55004">
        <ele>595</ele>
        <time>2025-04-16T10:16:39+00:00</time>
      </trkpt>
      <trkpt lat="45.44853" lon="5.55005">
        <ele>595</ele>
        <time>2025-04-16T10:16:42+00:00</time>
      </trkpt>
      <trkpt lat="45.44884" lon="5.55016">
        <ele>594</ele>
        <time>2025-04-16T10:16:45+00:00</time>
      </trkpt>
      <trkpt lat="45.44904" lon="5.55022">
        <ele>594</ele>
        <time>2025-04-16T10:16:48+00:00</time>
      </trkpt>
      <trkpt lat="45.44911" lon="5.55023">
        <ele>594</ele>
        <time>2025-04-16T10:16:51+00:00</time>
      </trkpt>
      <trkpt lat="45.44916" lon="5.55024">
        <ele>594</ele>
        <time>2025-04-16T10:16:54+00:00</time>
      </trkpt>
      <trkpt lat="45.44916" lon="5.55024">
        <ele>594</ele>
        <time>2025-04-16T10:16:57+00:00</time>
      </trkpt>
      <trkpt lat="45.44915" lon="5.55031">
        <ele>594</ele>
        <time>2025-04-16T10:17:00+00:00</time>
      </trkpt>
      <trkpt lat="45.44914" lon="5.55035">
        <ele>594</ele>
        <time>2025-04-16T10:17:03+00:00</time>
      </trkpt>
      <trkpt lat="45.44913" lon="5.55039">
        <ele>594</ele>
        <time>2025-04-16T10:17:06+00:00</time>
      </trkpt>
      <trkpt lat="45.44911" lon="5.55043">
        <ele>595</ele>
        <time>2025-04-16T10:17:09+00:00</time>
      </trkpt>
      <trkpt lat="45.44914" lon="5.55061">
        <ele>596</ele>
        <time>2025-04-16T10:17:12+00:00</time>
      </trkpt>
      <trkpt lat="45.4491" lon="5.55078">
        <ele>596</ele>
        <time>2025-04-16T10:17:15+00:00</time>
      </trkpt>
      <trkpt lat="45.44907" lon="5.55091">
        <ele>596</ele>
        <time>2025-04-16T10:17:18+00:00</time>
      </trkpt>
      <trkpt lat="45.44907" lon="5.55097">
        <ele>596</ele>
        <time>2025-04-16T10:17:21+00:00</time>
      </trkpt>
      <trkpt lat="45.44907" lon="5.55103">
        <ele>596</ele>
        <time>2025-04-16T10:17:24+00:00</time>
      </trkpt>
      <trkpt lat="45.44905" lon="5.55107">
        <ele>596</ele>
        <time>2025-04-16T10:17:27+00:00</time>
      </trkpt>
      <trkpt lat="45.44903" lon="5.55118">
        <ele>597</ele>
        <time>2025-04-16T10:17:30+00:00</time>
      </trkpt>
      <trkpt lat="45.44894" lon="5.55149">
        <ele>597</ele>
        <time>2025-04-16T10:17:33+00:00</time>
      </trkpt>
      <trkpt lat="45.44886" lon="5.55176">
        <ele>597</ele>
        <time>2025-04-16T10:17:36+00:00</time>
      </trkpt>
      <trkpt lat="45.44881" lon="5.55196">
        <ele>598</ele>
        <time>2025-04-16T10:17:39+00:00</time>
      </trkpt>
      <trkpt lat="45.44881" lon="5.55207">
        <ele>598</ele>
        <time>2025-04-16T10:17:42+00:00</time>
      </trkpt>
      <trkpt lat="45.44882" lon="5.5521">
        <ele>599</ele>
        <time>2025-04-16T10:17:45+00:00</time>
      </trkpt>
      <trkpt lat="45.44885" lon="5.55218">
        <ele>599</ele>
        <time>2025-04-16T10:17:48+00:00</time>
      </trkpt>
      <trkpt lat="45.44897" lon="5.55236">
        <ele>599</ele>
        <time>2025-04-16T10:17:51+00:00</time>
      </trkpt>
      <trkpt lat="45.44911" lon="5.5526">
        <ele>600</ele>
        <time>2025-04-16T10:17:54+00:00</time>
      </trkpt>
      <trkpt lat="45.44918" lon="5.5528">
        <ele>602</ele>
        <time>2025-04-16T10:17:57+00:00</time>
      </trkpt>
      <trkpt lat="45.4492" lon="5.55298">
        <ele>602</ele>
        <time>2025-04-16T10:18:00+00:00</time>
      </trkpt>
      <trkpt lat="45.44921" lon="5.55315">
        <ele>604</ele>
        <time>2025-04-16T10:18:03+00:00</time>
      </trkpt>
      <trkpt lat="45.44921" lon="5.5533">
        <ele>605</ele>
        <time>2025-04-16T10:18:06+00:00</time>
      </trkpt>
      <trkpt lat="45.4492" lon="5.55338">
        <ele>605</ele>
        <time>2025-04-16T10:18:09+00:00</time>
      </trkpt>
      <trkpt lat="45.4492" lon="5.55338">
        <ele>605</ele>
        <time>2025-04-16T10:18:12+00:00</time>
      </trkpt>
      <trkpt lat="45.4494" lon="5.55336">
        <ele>607</ele>
        <time>2025-04-16T10:18:15+00:00</time>
      </trkpt>
      <trkpt lat="45.44954" lon="5.55334">
        <ele>610</ele>
        <time>2025-04-16T10:18:18+00:00</time>
      </trkpt>
      <trkpt lat="45.4496" lon="5.55332">
        <ele>613</ele>
        <time>2025-04-16T10:18:21+00:00</time>
      </trkpt>
      <trkpt lat="45.44968" lon="5.55325">
        <ele>612</ele>
        <time>2025-04-16T10:18:24+00:00</time>
      </trkpt>
      <trkpt lat="45.44978" lon="5.55308">
        <ele>615</ele>
        <time>2025-04-16T10:18:27+00:00</time>
      </trkpt>
      <trkpt lat="45.44985" lon="5.55287">
        <ele>619</ele>
        <time>2025-04-16T10:18:30+00:00</time>
      </trkpt>
      <trkpt lat="45.44993" lon="5.55264">
        <ele>622</ele>
        <time>2025-04-16T10:18:33+00:00</time>
      </trkpt>
      <trkpt lat="45.44999" lon="5.55251">
        <ele>621</ele>
        <time>2025-04-16T10:18:36+00:00</time>
      </trkpt>
      <trkpt lat="45.45005" lon="5.55244">
        <ele>624</ele>
        <time>2025-04-16T10:18:39+00:00</time>
      </trkpt>
      <trkpt lat="45.45016" lon="5.55232">
        <ele>628</ele>
        <time>2025-04-16T10:18:42+00:00</time>
      </trkpt>
      <trkpt lat="45.45026" lon="5.55221">
        <ele>629</ele>
        <time>2025-04-16T10:18:45+00:00</time>
      </trkpt>
      <trkpt lat="45.45036" lon="5.55211">
        <ele>629</ele>
        <time>2025-04-16T10:18:48+00:00</time>
      </trkpt>
      <trkpt lat="45.45045" lon="5.55205">
        <ele>629</ele>
        <time>2025-04-16T10:18:51+00:00</time>
      </trkpt>
      <trkpt lat="45.45054" lon="5.55203">
        <ele>630</ele>
        <time>2025-04-16T10:18:54+00:00</time>
      </trkpt>
      <trkpt lat="45.45067" lon="5.55203">
        <ele>630</ele>
        <time>2025-04-16T10:18:57+00:00</time>
      </trkpt>
      <trkpt lat="45.45077" lon="5.55203">
        <ele>631</ele>
        <time>2025-04-16T10:19:00+00:00</time>
      </trkpt>
      <trkpt lat="45.45081" lon="5.55202">
        <ele>632</ele>
        <time>2025-04-16T10:19:03+00:00</time>
      </trkpt>
      <trkpt lat="45.45083" lon="5.55199">
        <ele>631</ele>
        <time>2025-04-16T10:19:06+00:00</time>
      </trkpt>
      <trkpt lat="45.45086" lon="5.55196">
        <ele>631</ele>
        <time>2025-04-16T10:19:09+00:00</time>
      </trkpt>
      <trkpt lat="45.45092" lon="5.55187">
        <ele>632</ele>
        <time>2025-04-16T10:19:12+00:00</time>
      </trkpt>
      <trkpt lat="45.45098" lon="5.55175">
        <ele>631</ele>
        <time>2025-04-16T10:19:15+00:00</time>
      </trkpt>
      <trkpt lat="45.45103" lon="5.55167">
        <ele>632</ele>
        <time>2025-04-16T10:19:18+00:00</time>
      </trkpt>
      <trkpt lat="45.45107" lon="5.55165">
        <ele>632</ele>
        <time>2025-04-16T10:19:21+00:00</time>
      </trkpt>
      <trkpt lat="45.45117" lon="5.55163">
        <ele>633</ele>
        <time>2025-04-16T10:19:24+00:00</time>
      </trkpt>
      <trkpt lat="45.45136" lon="5.55164">
        <ele>634</ele>
        <time>2025-04-16T10:19:27+00:00</time>
      </trkpt>
      <trkpt lat="45.45148" lon="5.55162">
        <ele>634</ele>
        <time>2025-04-16T10:19:30+00:00</time>
      </trkpt>
      <trkpt lat="45.45159" lon="5.55158">
        <ele>634</ele>
        <time>2025-04-16T10:19:33+00:00</time>
      </trkpt>
      <trkpt lat="45.45172" lon="5.55154">
        <ele>635</ele>
        <time>2025-04-16T10:19:36+00:00</time>
      </trkpt>
      <trkpt lat="45.45183" lon="5.55152">
        <ele>633</ele>
        <time>2025-04-16T10:19:39+00:00</time>
      </trkpt>
      <trkpt lat="45.45189" lon="5.55152">
        <ele>635</ele>
        <time>2025-04-16T10:19:42+00:00</time>
      </trkpt>
      <trkpt lat="45.452" lon="5.55156">
        <ele>634</ele>
        <time>2025-04-16T10:19:45+00:00</time>
      </trkpt>
      <trkpt lat="45.4521" lon="5.5516">
        <ele>634</ele>
        <time>2025-04-16T10:19:48+00:00</time>
      </trkpt>
      <trkpt lat="45.45213" lon="5.55161">
        <ele>633</ele>
        <time>2025-04-16T10:19:51+00:00</time>
      </trkpt>
      <trkpt lat="45.45217" lon="5.55163">
        <ele>633</ele>
        <time>2025-04-16T10:19:54+00:00</time>
      </trkpt>
      <trkpt lat="45.45209" lon="5.55171">
        <ele>635</ele>
        <time>2025-04-16T10:19:57+00:00</time>
      </trkpt>
      <trkpt lat="45.45203" lon="5.55193">
        <ele>636</ele>
        <time>2025-04-16T10:20:00+00:00</time>
      </trkpt>
      <trkpt lat="45.45198" lon="5.55217">
        <ele>638</ele>
        <time>2025-04-16T10:20:03+00:00</time>
      </trkpt>
      <trkpt lat="45.45195" lon="5.55242">
        <ele>640</ele>
        <time>2025-04-16T10:20:06+00:00</time>
      </trkpt>
      <trkpt lat="45.45195" lon="5.55272">
        <ele>641</ele>
        <time>2025-04-16T10:20:09+00:00</time>
      </trkpt>
      <trkpt lat="45.45198" lon="5.55297">
        <ele>642</ele>
        <time>2025-04-16T10:20:12+00:00</time>
      </trkpt>
      <trkpt lat="45.45205" lon="5.55318">
        <ele>641</ele>
        <time>2025-04-16T10:20:15+00:00</time>
      </trkpt>
      <trkpt lat="45.45214" lon="5.5534">
        <ele>642</ele>
        <time>2025-04-16T10:20:18+00:00</time>
      </trkpt>
      <trkpt lat="45.45231" lon="5.55371">
        <ele>641</ele>
        <time>2025-04-16T10:20:21+00:00</time>
      </trkpt>
      <trkpt lat="45.45247" lon="5.55392">
        <ele>640</ele>
        <time>2025-04-16T10:20:24+00:00</time>
      </trkpt>
      <trkpt lat="45.4527" lon="5.55423">
        <ele>638</ele>
        <time>2025-04-16T10:20:27+00:00</time>
      </trkpt>
      <trkpt lat="45.4529" lon="5.55443">
        <ele>638</ele>
        <time>2025-04-16T10:20:30+00:00</time>
      </trkpt>
      <trkpt lat="45.4531" lon="5.55462">
        <ele>638</ele>
        <time>2025-04-16T10:20:33+00:00</time>
      </trkpt>
      <trkpt lat="45.45343" lon="5.555">
        <ele>638</ele>
        <time>2025-04-16T10:20:36+00:00</time>
      </trkpt>
      <trkpt lat="45.45373" lon="5.55535">
        <ele>639</ele>
        <time>2025-04-16T10:20:39+00:00</time>
      </trkpt>
      <trkpt lat="45.45382" lon="5.55555">
        <ele>641</ele>
        <time>2025-04-16T10:20:42+00:00</time>
      </trkpt>
      <trkpt lat="45.45383" lon="5.55587">
        <ele>643</ele>
        <time>2025-04-16T10:20:45+00:00</time>
      </trkpt>
      <trkpt lat="45.4537" lon="5.55647">
        <ele>646</ele>
        <time>2025-04-16T10:20:48+00:00</time>
      </trkpt>
      <trkpt lat="45.45364" lon="5.55681">
        <ele>648</ele>
        <time>2025-04-16T10:20:51+00:00</time>
      </trkpt>
      <trkpt lat="45.45366" lon="5.55701">
        <ele>648</ele>
        <time>2025-04-16T10:20:54+00:00</time>
      </trkpt>
      <trkpt lat="45.45373" lon="5.55712">
        <ele>650</ele>
        <time>2025-04-16T10:20:57+00:00</time>
      </trkpt>
      <trkpt lat="45.45372" lon="5.55713">
        <ele>650</ele>
        <time>2025-04-16T10:21:00+00:00</time>
      </trkpt>
      <trkpt lat="45.45372" lon="5.55713">
        <ele>650</ele>
        <time>2025-04-16T10:21:03+00:00</time>
      </trkpt>
      <trkpt lat="45.45398" lon="5.55742">
        <ele>654</ele>
        <time>2025-04-16T10:21:06+00:00</time>
      </trkpt>
      <trkpt lat="45.4543" lon="5.5577">
        <ele>660</ele>
        <time>2025-04-16T10:21:09+00:00</time>
      </trkpt>
      <trkpt lat="45.45449" lon="5.55793">
        <ele>668</ele>
        <time>2025-04-16T10:21:12+00:00</time>
      </trkpt>
      <trkpt lat="45.45478" lon="5.55809">
        <ele>676</ele>
        <time>2025-04-16T10:21:15+00:00</time>
      </trkpt>
      <trkpt lat="45.45494" lon="5.55822">
        <ele>681</ele>
        <time>2025-04-16T10:21:18+00:00</time>
      </trkpt>
      <trkpt lat="45.45496" lon="5.5582">
        <ele>681</ele>
        <time>2025-04-16T10:21:21+00:00</time>
      </trkpt>
      <trkpt lat="45.45515" lon="5.55878">
        <ele>687</ele>
        <time>2025-04-16T10:21:24+00:00</time>
      </trkpt>
      <trkpt lat="45.45515" lon="5.55906">
        <ele>689</ele>
        <time>2025-04-16T10:21:27+00:00</time>
      </trkpt>
      <trkpt lat="45.45532" lon="5.5595">
        <ele>687</ele>
        <time>2025-04-16T10:21:30+00:00</time>
      </trkpt>
      <trkpt lat="45.45545" lon="5.55999">
        <ele>686</ele>
        <time>2025-04-16T10:21:33+00:00</time>
      </trkpt>
      <trkpt lat="45.45562" lon="5.5605">
        <ele>681</ele>
        <time>2025-04-16T10:21:36+00:00</time>
      </trkpt>
      <trkpt lat="45.45573" lon="5.56096">
        <ele>679</ele>
        <time>2025-04-16T10:21:39+00:00</time>
      </trkpt>
      <trkpt lat="45.4558" lon="5.56139">
        <ele>679</ele>
        <time>2025-04-16T10:21:42+00:00</time>
      </trkpt>
      <trkpt lat="45.45581" lon="5.56155">
        <ele>680</ele>
        <time>2025-04-16T10:21:45+00:00</time>
      </trkpt>
      <trkpt lat="45.45585" lon="5.56192">
        <ele>679</ele>
        <time>2025-04-16T10:21:48+00:00</time>
      </trkpt>
      <trkpt lat="45.4559" lon="5.56233">
        <ele>677</ele>
        <time>2025-04-16T10:21:51+00:00</time>
      </trkpt>
      <trkpt lat="45.45592" lon="5.56251">
        <ele>676</ele>
        <time>2025-04-16T10:21:54+00:00</time>
      </trkpt>
      <trkpt lat="45.45591" lon="5.5626">
        <ele>674</ele>
        <time>2025-04-16T10:21:57+00:00</time>
      </trkpt>
      <trkpt lat="45.45586" lon="5.56283">
        <ele>668</ele>
        <time>2025-04-16T10:22:00+00:00</time>
      </trkpt>
      <trkpt lat="45.45579" lon="5.56303">
        <ele>666</ele>
        <time>2025-04-16T10:22:03+00:00</time>
      </trkpt>
      <trkpt lat="45.45571" lon="5.56323">
        <ele>664</ele>
        <time>2025-04-16T10:22:06+00:00</time>
      </trkpt>
      <trkpt lat="45.45564" lon="5.56344">
        <ele>661</ele>
        <time>2025-04-16T10:22:09+00:00</time>
      </trkpt>
      <trkpt lat="45.45564" lon="5.56344">
        <ele>661</ele>
        <time>2025-04-16T10:22:12+00:00</time>
      </trkpt>
      <trkpt lat="45.45574" lon="5.56351">
        <ele>660</ele>
        <time>2025-04-16T10:22:15+00:00</time>
      </trkpt>
      <trkpt lat="45.45587" lon="5.56359">
        <ele>660</ele>
        <time>2025-04-16T10:22:18+00:00</time>
      </trkpt>
      <trkpt lat="45.456" lon="5.56367">
        <ele>659</ele>
        <time>2025-04-16T10:22:21+00:00</time>
      </trkpt>
      <trkpt lat="45.45613" lon="5.56375">
        <ele>658</ele>
        <time>2025-04-16T10:22:24+00:00</time>
      </trkpt>
      <trkpt lat="45.45624" lon="5.56377">
        <ele>658</ele>
        <time>2025-04-16T10:22:27+00:00</time>
      </trkpt>
      <trkpt lat="45.45634" lon="5.56381">
        <ele>658</ele>
        <time>2025-04-16T10:22:30+00:00</time>
      </trkpt>
      <trkpt lat="45.45655" lon="5.56389">
        <ele>658</ele>
        <time>2025-04-16T10:22:33+00:00</time>
      </trkpt>
      <trkpt lat="45.45673" lon="5.56395">
        <ele>657</ele>
        <time>2025-04-16T10:22:36+00:00</time>
      </trkpt>
      <trkpt lat="45.45684" lon="5.56398">
        <ele>658</ele>
        <time>2025-04-16T10:22:39+00:00</time>
      </trkpt>
      <trkpt lat="45.45698" lon="5.56403">
        <ele>657</ele>
        <time>2025-04-16T10:22:42+00:00</time>
      </trkpt>
      <trkpt lat="45.45718" lon="5.56413">
        <ele>656</ele>
        <time>2025-04-16T10:22:45+00:00</time>
      </trkpt>
      <trkpt lat="45.4573" lon="5.56418">
        <ele>655</ele>
        <time>2025-04-16T10:22:48+00:00</time>
      </trkpt>
      <trkpt lat="45.45735" lon="5.5642">
        <ele>654</ele>
        <time>2025-04-16T10:22:51+00:00</time>
      </trkpt>
      <trkpt lat="45.45744" lon="5.56418">
        <ele>653</ele>
        <time>2025-04-16T10:22:54+00:00</time>
      </trkpt>
      <trkpt lat="45.45764" lon="5.56409">
        <ele>653</ele>
        <time>2025-04-16T10:22:57+00:00</time>
      </trkpt>
      <trkpt lat="45.45773" lon="5.56403">
        <ele>652</ele>
        <time>2025-04-16T10:23:00+00:00</time>
      </trkpt>
      <trkpt lat="45.45777" lon="5.56399">
        <ele>653</ele>
        <time>2025-04-16T10:23:03+00:00</time>
      </trkpt>
      <trkpt lat="45.4578" lon="5.56392">
        <ele>654</ele>
        <time>2025-04-16T10:23:06+00:00</time>
      </trkpt>
      <trkpt lat="45.45785" lon="5.56378">
        <ele>655</ele>
        <time>2025-04-16T10:23:09+00:00</time>
      </trkpt>
      <trkpt lat="45.45789" lon="5.56371">
        <ele>655</ele>
        <time>2025-04-16T10:23:12+00:00</time>
      </trkpt>
      <trkpt lat="45.45792" lon="5.56368">
        <ele>655</ele>
        <time>2025-04-16T10:23:15+00:00</time>
      </trkpt>
      <trkpt lat="45.45798" lon="5.56366">
        <ele>655</ele>
        <time>2025-04-16T10:23:18+00:00</time>
      </trkpt>
      <trkpt lat="45.45811" lon="5.56365">
        <ele>656</ele>
        <time>2025-04-16T10:23:21+00:00</time>
      </trkpt>
      <trkpt lat="45.45824" lon="5.56363">
        <ele>656</ele>
        <time>2025-04-16T10:23:24+00:00</time>
      </trkpt>
      <trkpt lat="45.45851" lon="5.5636">
        <ele>659</ele>
        <time>2025-04-16T10:23:27+00:00</time>
      </trkpt>
      <trkpt lat="45.45853" lon="5.5636">
        <ele>659</ele>
        <time>2025-04-16T10:23:30+00:00</time>
      </trkpt>
      <trkpt lat="45.45883" lon="5.56359">
        <ele>659</ele>
        <time>2025-04-16T10:23:33+00:00</time>
      </trkpt>
      <trkpt lat="45.45889" lon="5.56358">
        <ele>659</ele>
        <time>2025-04-16T10:23:36+00:00</time>
      </trkpt>
      <trkpt lat="45.45893" lon="5.56355">
        <ele>659</ele>
        <time>2025-04-16T10:23:39+00:00</time>
      </trkpt>
      <trkpt lat="45.45911" lon="5.56343">
        <ele>660</ele>
        <time>2025-04-16T10:23:42+00:00</time>
      </trkpt>
      <trkpt lat="45.45924" lon="5.56335">
        <ele>659</ele>
        <time>2025-04-16T10:23:45+00:00</time>
      </trkpt>
      <trkpt lat="45.45924" lon="5.56335">
        <ele>659</ele>
        <time>2025-04-16T10:23:48+00:00</time>
      </trkpt>
      <trkpt lat="45.45934" lon="5.56369">
        <ele>660</ele>
        <time>2025-04-16T10:23:51+00:00</time>
      </trkpt>
      <trkpt lat="45.4595" lon="5.56413">
        <ele>662</ele>
        <time>2025-04-16T10:23:54+00:00</time>
      </trkpt>
      <trkpt lat="45.45972" lon="5.56467">
        <ele>663</ele>
        <time>2025-04-16T10:23:57+00:00</time>
      </trkpt>
      <trkpt lat="45.45981" lon="5.56497">
        <ele>664</ele>
        <time>2025-04-16T10:24:00+00:00</time>
      </trkpt>
      <trkpt lat="45.45983" lon="5.56506">
        <ele>664</ele>
        <time>2025-04-16T10:24:03+00:00</time>
      </trkpt>
      <trkpt lat="45.45984" lon="5.56513">
        <ele>664</ele>
        <time>2025-04-16T10:24:06+00:00</time>
      </trkpt>
      <trkpt lat="45.45983" lon="5.56515">
        <ele>664</ele>
        <time>2025-04-16T10:24:09+00:00</time>
      </trkpt>
      <trkpt lat="45.45983" lon="5.56515">
        <ele>664</ele>
        <time>2025-04-16T10:24:12+00:00</time>
      </trkpt>
      <trkpt lat="45.45995" lon="5.5652">
        <ele>666</ele>
        <time>2025-04-16T10:24:15+00:00</time>
      </trkpt>
      <trkpt lat="45.46005" lon="5.5652">
        <ele>665</ele>
        <time>2025-04-16T10:24:18+00:00</time>
      </trkpt>
      <trkpt lat="45.46009" lon="5.56518">
        <ele>665</ele>
        <time>2025-04-16T10:24:21+00:00</time>
      </trkpt>
      <trkpt lat="45.46021" lon="5.56522">
        <ele>666</ele>
        <time>2025-04-16T10:24:24+00:00</time>
      </trkpt>
      <trkpt lat="45.46043" lon="5.5653">
        <ele>663</ele>
        <time>2025-04-16T10:24:27+00:00</time>
      </trkpt>
      <trkpt lat="45.46066" lon="5.56543">
        <ele>663</ele>
        <time>2025-04-16T10:24:30+00:00</time>
      </trkpt>
      <trkpt lat="45.46097" lon="5.56565">
        <ele>660</ele>
        <time>2025-04-16T10:24:33+00:00</time>
      </trkpt>
      <trkpt lat="45.46124" lon="5.56591">
        <ele>658</ele>
        <time>2025-04-16T10:24:36+00:00</time>
      </trkpt>
      <trkpt lat="45.4615" lon="5.56611">
        <ele>656</ele>
        <time>2025-04-16T10:24:39+00:00</time>
      </trkpt>
      <trkpt lat="45.46183" lon="5.56628">
        <ele>647</ele>
        <time>2025-04-16T10:24:42+00:00</time>
      </trkpt>
      <trkpt lat="45.46197" lon="5.56634">
        <ele>648</ele>
        <time>2025-04-16T10:24:45+00:00</time>
      </trkpt>
      <trkpt lat="45.46212" lon="5.56643">
        <ele>645</ele>
        <time>2025-04-16T10:24:48+00:00</time>
      </trkpt>
      <trkpt lat="45.46237" lon="5.56661">
        <ele>643</ele>
        <time>2025-04-16T10:24:51+00:00</time>
      </trkpt>
      <trkpt lat="45.46263" lon="5.56675">
        <ele>640</ele>
        <time>2025-04-16T10:24:54+00:00</time>
      </trkpt>
      <trkpt lat="45.46277" lon="5.56685">
        <ele>640</ele>
        <time>2025-04-16T10:24:57+00:00</time>
      </trkpt>
      <trkpt lat="45.46294" lon="5.56703">
        <ele>640</ele>
        <time>2025-04-16T10:25:00+00:00</time>
      </trkpt>
      <trkpt lat="45.46313" lon="5.56725">
        <ele>640</ele>
        <time>2025-04-16T10:25:03+00:00</time>
      </trkpt>
      <trkpt lat="45.46329" lon="5.56739">
        <ele>640</ele>
        <time>2025-04-16T10:25:06+00:00</time>
      </trkpt>
      <trkpt lat="45.46345" lon="5.56753">
        <ele>640</ele>
        <time>2025-04-16T10:25:09+00:00</time>
      </trkpt>
      <trkpt lat="45.46347" lon="5.56755">
        <ele>640</ele>
        <time>2025-04-16T10:25:12+00:00</time>
      </trkpt>
      <trkpt lat="45.46355" lon="5.56764">
        <ele>640</ele>
        <time>2025-04-16T10:25:15+00:00</time>
      </trkpt>
      <trkpt lat="45.46369" lon="5.56784">
        <ele>640</ele>
        <time>2025-04-16T10:25:18+00:00</time>
      </trkpt>
      <trkpt lat="45.46385" lon="5.56803">
        <ele>638</ele>
        <time>2025-04-16T10:25:21+00:00</time>
      </trkpt>
      <trkpt lat="45.46398" lon="5.56811">
        <ele>637</ele>
        <time>2025-04-16T10:25:24+00:00</time>
      </trkpt>
      <trkpt lat="45.46414" lon="5.56812">
        <ele>632</ele>
        <time>2025-04-16T10:25:27+00:00</time>
      </trkpt>
      <trkpt lat="45.46431" lon="5.56805">
        <ele>629</ele>
        <time>2025-04-16T10:25:30+00:00</time>
      </trkpt>
      <trkpt lat="45.46445" lon="5.56797">
        <ele>627</ele>
        <time>2025-04-16T10:25:33+00:00</time>
      </trkpt>
      <trkpt lat="45.46454" lon="5.56791">
        <ele>626</ele>
        <time>2025-04-16T10:25:36+00:00</time>
      </trkpt>
      <trkpt lat="45.46462" lon="5.56783">
        <ele>625</ele>
        <time>2025-04-16T10:25:39+00:00</time>
      </trkpt>
      <trkpt lat="45.4648" lon="5.56765">
        <ele>622</ele>
        <time>2025-04-16T10:25:42+00:00</time>
      </trkpt>
      <trkpt lat="45.46497" lon="5.56753">
        <ele>619</ele>
        <time>2025-04-16T10:25:45+00:00</time>
      </trkpt>
      <trkpt lat="45.46518" lon="5.56745">
        <ele>617</ele>
        <time>2025-04-16T10:25:48+00:00</time>
      </trkpt>
      <trkpt lat="45.4653" lon="5.56742">
        <ele>615</ele>
        <time>2025-04-16T10:25:51+00:00</time>
      </trkpt>
      <trkpt lat="45.46536" lon="5.56743">
        <ele>613</ele>
        <time>2025-04-16T10:25:54+00:00</time>
      </trkpt>
      <trkpt lat="45.46543" lon="5.56745">
        <ele>612</ele>
        <time>2025-04-16T10:25:57+00:00</time>
      </trkpt>
      <trkpt lat="45.46552" lon="5.56752">
        <ele>612</ele>
        <time>2025-04-16T10:26:00+00:00</time>
      </trkpt>
      <trkpt lat="45.46567" lon="5.5677">
        <ele>611</ele>
        <time>2025-04-16T10:26:03+00:00</time>
      </trkpt>
      <trkpt lat="45.46586" lon="5.56789">
        <ele>609</ele>
        <time>2025-04-16T10:26:06+00:00</time>
      </trkpt>
      <trkpt lat="45.46606" lon="5.56803">
        <ele>605</ele>
        <time>2025-04-16T10:26:09+00:00</time>
      </trkpt>
      <trkpt lat="45.46623" lon="5.56808">
        <ele>602</ele>
        <time>2025-04-16T10:26:12+00:00</time>
      </trkpt>
      <trkpt lat="45.46627" lon="5.5681">
        <ele>602</ele>
        <time>2025-04-16T10:26:15+00:00</time>
      </trkpt>
      <trkpt lat="45.4665" lon="5.56815">
        <ele>601</ele>
        <time>2025-04-16T10:26:18+00:00</time>
      </trkpt>
      <trkpt lat="45.46663" lon="5.56823">
        <ele>601</ele>
        <time>2025-04-16T10:26:21+00:00</time>
      </trkpt>
      <trkpt lat="45.46668" lon="5.56829">
        <ele>601</ele>
        <time>2025-04-16T10:26:24+00:00</time>
      </trkpt>
      <trkpt lat="45.46677" lon="5.56839">
        <ele>600</ele>
        <time>2025-04-16T10:26:27+00:00</time>
      </trkpt>
      <trkpt lat="45.46687" lon="5.56858">
        <ele>600</ele>
        <time>2025-04-16T10:26:30+00:00</time>
      </trkpt>
      <trkpt lat="45.46698" lon="5.56883">
        <ele>600</ele>
        <time>2025-04-16T10:26:33+00:00</time>
      </trkpt>
      <trkpt lat="45.46711" lon="5.56914">
        <ele>596</ele>
        <time>2025-04-16T10:26:36+00:00</time>
      </trkpt>
      <trkpt lat="45.46719" lon="5.56931">
        <ele>597</ele>
        <time>2025-04-16T10:26:39+00:00</time>
      </trkpt>
      <trkpt lat="45.46732" lon="5.56949">
        <ele>593</ele>
        <time>2025-04-16T10:26:42+00:00</time>
      </trkpt>
      <trkpt lat="45.46745" lon="5.56959">
        <ele>591</ele>
        <time>2025-04-16T10:26:45+00:00</time>
      </trkpt>
      <trkpt lat="45.46754" lon="5.56965">
        <ele>589</ele>
        <time>2025-04-16T10:26:48+00:00</time>
      </trkpt>
      <trkpt lat="45.46761" lon="5.56966">
        <ele>587</ele>
        <time>2025-04-16T10:26:51+00:00</time>
      </trkpt>
      <trkpt lat="45.46763" lon="5.56966">
        <ele>587</ele>
        <time>2025-04-16T10:26:54+00:00</time>
      </trkpt>
      <trkpt lat="45.46766" lon="5.56975">
        <ele>588</ele>
        <time>2025-04-16T10:26:57+00:00</time>
      </trkpt>
      <trkpt lat="45.46772" lon="5.56972">
        <ele>586</ele>
        <time>2025-04-16T10:27:00+00:00</time>
      </trkpt>
      <trkpt lat="45.4678" lon="5.56961">
        <ele>584</ele>
        <time>2025-04-16T10:27:03+00:00</time>
      </trkpt>
      <trkpt lat="45.46786" lon="5.56954">
        <ele>584</ele>
        <time>2025-04-16T10:27:06+00:00</time>
      </trkpt>
      <trkpt lat="45.46795" lon="5.56946">
        <ele>583</ele>
        <time>2025-04-16T10:27:09+00:00</time>
      </trkpt>
      <trkpt lat="45.46805" lon="5.5694">
        <ele>582</ele>
        <time>2025-04-16T10:27:12+00:00</time>
      </trkpt>
      <trkpt lat="45.46821" lon="5.56933">
        <ele>581</ele>
        <time>2025-04-16T10:27:15+00:00</time>
      </trkpt>
      <trkpt lat="45.46827" lon="5.5693">
        <ele>580</ele>
        <time>2025-04-16T10:27:18+00:00</time>
      </trkpt>
      <trkpt lat="45.46831" lon="5.5693">
        <ele>579</ele>
        <time>2025-04-16T10:27:21+00:00</time>
      </trkpt>
      <trkpt lat="45.46835" lon="5.56931">
        <ele>579</ele>
        <time>2025-04-16T10:27:24+00:00</time>
      </trkpt>
      <trkpt lat="45.46841" lon="5.56933">
        <ele>578</ele>
        <time>2025-04-16T10:27:27+00:00</time>
      </trkpt>
      <trkpt lat="45.46853" lon="5.56936">
        <ele>577</ele>
        <time>2025-04-16T10:27:30+00:00</time>
      </trkpt>
      <trkpt lat="45.46865" lon="5.56939">
        <ele>576</ele>
        <time>2025-04-16T10:27:33+00:00</time>
      </trkpt>
      <trkpt lat="45.46878" lon="5.5694">
        <ele>574</ele>
        <time>2025-04-16T10:27:36+00:00</time>
      </trkpt>
      <trkpt lat="45.46894" lon="5.56942">
        <ele>571</ele>
        <time>2025-04-16T10:27:39+00:00</time>
      </trkpt>
      <trkpt lat="45.46914" lon="5.56942">
        <ele>568</ele>
        <time>2025-04-16T10:27:42+00:00</time>
      </trkpt>
      <trkpt lat="45.46931" lon="5.56941">
        <ele>566</ele>
        <time>2025-04-16T10:27:45+00:00</time>
      </trkpt>
      <trkpt lat="45.46958" lon="5.56938">
        <ele>563</ele>
        <time>2025-04-16T10:27:48+00:00</time>
      </trkpt>
      <trkpt lat="45.46983" lon="5.56936">
        <ele>559</ele>
        <time>2025-04-16T10:27:51+00:00</time>
      </trkpt>
      <trkpt lat="45.46993" lon="5.56938">
        <ele>558</ele>
        <time>2025-04-16T10:27:54+00:00</time>
      </trkpt>
      <trkpt lat="45.4701" lon="5.56947">
        <ele>557</ele>
        <time>2025-04-16T10:27:57+00:00</time>
      </trkpt>
      <trkpt lat="45.47031" lon="5.56961">
        <ele>551</ele>
        <time>2025-04-16T10:28:00+00:00</time>
      </trkpt>
      <trkpt lat="45.47046" lon="5.56979">
        <ele>549</ele>
        <time>2025-04-16T10:28:03+00:00</time>
      </trkpt>
      <trkpt lat="45.47057" lon="5.56992">
        <ele>549</ele>
        <time>2025-04-16T10:28:06+00:00</time>
      </trkpt>
      <trkpt lat="45.47064" lon="5.56993">
        <ele>547</ele>
        <time>2025-04-16T10:28:09+00:00</time>
      </trkpt>
      <trkpt lat="45.4707" lon="5.56993">
        <ele>543</ele>
        <time>2025-04-16T10:28:12+00:00</time>
      </trkpt>
      <trkpt lat="45.47074" lon="5.56991">
        <ele>543</ele>
        <time>2025-04-16T10:28:15+00:00</time>
      </trkpt>
      <trkpt lat="45.4708" lon="5.56992">
        <ele>542</ele>
        <time>2025-04-16T10:28:18+00:00</time>
      </trkpt>
      <trkpt lat="45.47088" lon="5.56996">
        <ele>542</ele>
        <time>2025-04-16T10:28:21+00:00</time>
      </trkpt>
      <trkpt lat="45.47108" lon="5.57004">
        <ele>540</ele>
        <time>2025-04-16T10:28:24+00:00</time>
      </trkpt>
      <trkpt lat="45.47135" lon="5.57016">
        <ele>532</ele>
        <time>2025-04-16T10:28:27+00:00</time>
      </trkpt>
      <trkpt lat="45.47147" lon="5.5702">
        <ele>530</ele>
        <time>2025-04-16T10:28:30+00:00</time>
      </trkpt>
      <trkpt lat="45.47157" lon="5.57022">
        <ele>529</ele>
        <time>2025-04-16T10:28:33+00:00</time>
      </trkpt>
      <trkpt lat="45.47168" lon="5.57021">
        <ele>528</ele>
        <time>2025-04-16T10:28:36+00:00</time>
      </trkpt>
      <trkpt lat="45.47179" lon="5.57022">
        <ele>527</ele>
        <time>2025-04-16T10:28:39+00:00</time>
      </trkpt>
      <trkpt lat="45.47189" lon="5.57025">
        <ele>527</ele>
        <time>2025-04-16T10:28:42+00:00</time>
      </trkpt>
      <trkpt lat="45.47198" lon="5.57032">
        <ele>526</ele>
        <time>2025-04-16T10:28:45+00:00</time>
      </trkpt>
      <trkpt lat="45.47209" lon="5.57039">
        <ele>525</ele>
        <time>2025-04-16T10:28:48+00:00</time>
      </trkpt>
      <trkpt lat="45.47226" lon="5.57051">
        <ele>525</ele>
        <time>2025-04-16T10:28:51+00:00</time>
      </trkpt>
      <trkpt lat="45.47235" lon="5.57056">
        <ele>524</ele>
        <time>2025-04-16T10:28:54+00:00</time>
      </trkpt>
      <trkpt lat="45.47243" lon="5.57058">
        <ele>523</ele>
        <time>2025-04-16T10:28:57+00:00</time>
      </trkpt>
      <trkpt lat="45.47261" lon="5.5706">
        <ele>522</ele>
        <time>2025-04-16T10:29:00+00:00</time>
      </trkpt>
      <trkpt lat="45.47288" lon="5.5706">
        <ele>522</ele>
        <time>2025-04-16T10:29:03+00:00</time>
      </trkpt>
      <trkpt lat="45.47313" lon="5.57058">
        <ele>522</ele>
        <time>2025-04-16T10:29:06+00:00</time>
      </trkpt>
      <trkpt lat="45.47328" lon="5.57055">
        <ele>522</ele>
        <time>2025-04-16T10:29:09+00:00</time>
      </trkpt>
      <trkpt lat="45.47337" lon="5.57052">
        <ele>522</ele>
        <time>2025-04-16T10:29:12+00:00</time>
      </trkpt>
      <trkpt lat="45.47334" lon="5.5704">
        <ele>522</ele>
        <time>2025-04-16T10:29:15+00:00</time>
      </trkpt>
      <trkpt lat="45.47317" lon="5.56996">
        <ele>521</ele>
        <time>2025-04-16T10:29:18+00:00</time>
      </trkpt>
      <trkpt lat="45.47304" lon="5.56963">
        <ele>519</ele>
        <time>2025-04-16T10:29:21+00:00</time>
      </trkpt>
      <trkpt lat="45.47294" lon="5.56933">
        <ele>518</ele>
        <time>2025-04-16T10:29:24+00:00</time>
      </trkpt>
      <trkpt lat="45.4729" lon="5.56912">
        <ele>516</ele>
        <time>2025-04-16T10:29:27+00:00</time>
      </trkpt>
      <trkpt lat="45.47291" lon="5.56889">
        <ele>513</ele>
        <time>2025-04-16T10:29:30+00:00</time>
      </trkpt>
      <trkpt lat="45.47291" lon="5.56889">
        <ele>513</ele>
        <time>2025-04-16T10:29:33+00:00</time>
      </trkpt>
      <trkpt lat="45.47292" lon="5.56861">
        <ele>511</ele>
        <time>2025-04-16T10:29:36+00:00</time>
      </trkpt>
      <trkpt lat="45.47297" lon="5.56828">
        <ele>510</ele>
        <time>2025-04-16T10:29:39+00:00</time>
      </trkpt>
      <trkpt lat="45.47274" lon="5.5683">
        <ele>510</ele>
        <time>2025-04-16T10:29:42+00:00</time>
      </trkpt>
      <trkpt lat="45.47245" lon="5.56825">
        <ele>511</ele>
        <time>2025-04-16T10:29:45+00:00</time>
      </trkpt>
      <trkpt lat="45.47204" lon="5.56828">
        <ele>513</ele>
        <time>2025-04-16T10:29:48+00:00</time>
      </trkpt>
      <trkpt lat="45.47189" lon="5.5683">
        <ele>517</ele>
        <time>2025-04-16T10:29:51+00:00</time>
      </trkpt>
      <trkpt lat="45.47165" lon="5.56798">
        <ele>512</ele>
        <time>2025-04-16T10:29:54+00:00</time>
      </trkpt>
      <trkpt lat="45.47141" lon="5.56765">
        <ele>512</ele>
        <time>2025-04-16T10:29:57+00:00</time>
      </trkpt>
      <trkpt lat="45.47117" lon="5.56733">
        <ele>512</ele>
        <time>2025-04-16T10:30:00+00:00</time>
      </trkpt>
      <trkpt lat="45.47084" lon="5.56687">
        <ele>512</ele>
        <time>2025-04-16T10:30:03+00:00</time>
      </trkpt>
      <trkpt lat="45.47066" lon="5.56665">
        <ele>509</ele>
        <time>2025-04-16T10:30:06+00:00</time>
      </trkpt>
      <trkpt lat="45.47087" lon="5.56629">
        <ele>508</ele>
        <time>2025-04-16T10:30:09+00:00</time>
      </trkpt>
      <trkpt lat="45.47069" lon="5.56607">
        <ele>508</ele>
        <time>2025-04-16T10:30:12+00:00</time>
      </trkpt>
      <trkpt lat="45.4705" lon="5.56585">
        <ele>507</ele>
        <time>2025-04-16T10:30:15+00:00</time>
      </trkpt>
      <trkpt lat="45.47029" lon="5.56565">
        <ele>507</ele>
        <time>2025-04-16T10:30:18+00:00</time>
      </trkpt>
      <trkpt lat="45.46998" lon="5.56528">
        <ele>506</ele>
        <time>2025-04-16T10:30:21+00:00</time>
      </trkpt>
      <trkpt lat="45.4698" lon="5.56504">
        <ele>504</ele>
        <time>2025-04-16T10:30:24+00:00</time>
      </trkpt>
      <trkpt lat="45.46962" lon="5.5648">
        <ele>504</ele>
        <time>2025-04-16T10:30:27+00:00</time>
      </trkpt>
      <trkpt lat="45.46979" lon="5.56453">
        <ele>502</ele>
        <time>2025-04-16T10:30:30+00:00</time>
      </trkpt>
      <trkpt lat="45.46996" lon="5.56424">
        <ele>500</ele>
        <time>2025-04-16T10:30:33+00:00</time>
      </trkpt>
      <trkpt lat="45.46989" lon="5.56406">
        <ele>501</ele>
        <time>2025-04-16T10:30:36+00:00</time>
      </trkpt>
      <trkpt lat="45.46997" lon="5.56393">
        <ele>500</ele>
        <time>2025-04-16T10:30:39+00:00</time>
      </trkpt>
      <trkpt lat="45.46987" lon="5.5638">
        <ele>500</ele>
        <time>2025-04-16T10:30:42+00:00</time>
      </trkpt>
      <trkpt lat="45.4698" lon="5.56368">
        <ele>499</ele>
        <time>2025-04-16T10:30:45+00:00</time>
      </trkpt>
      <trkpt lat="45.46958" lon="5.56327">
        <ele>499</ele>
        <time>2025-04-16T10:30:48+00:00</time>
      </trkpt>
      <trkpt lat="45.46942" lon="5.563">
        <ele>499</ele>
        <time>2025-04-16T10:30:51+00:00</time>
      </trkpt>
      <trkpt lat="45.46924" lon="5.5627">
        <ele>498</ele>
        <time>2025-04-16T10:30:54+00:00</time>
      </trkpt>
      <trkpt lat="45.46899" lon="5.56224">
        <ele>498</ele>
        <time>2025-04-16T10:30:57+00:00</time>
      </trkpt>
      <trkpt lat="45.46895" lon="5.56217">
        <ele>498</ele>
        <time>2025-04-16T10:31:00+00:00</time>
      </trkpt>
      <trkpt lat="45.46878" lon="5.56184">
        <ele>498</ele>
        <time>2025-04-16T10:31:03+00:00</time>
      </trkpt>
      <trkpt lat="45.46845" lon="5.56122">
        <ele>497</ele>
        <time>2025-04-16T10:31:06+00:00</time>
      </trkpt>
      <trkpt lat="45.46831" lon="5.56094">
        <ele>497</ele>
        <time>2025-04-16T10:31:09+00:00</time>
      </trkpt>
      <trkpt lat="45.46835" lon="5.56091">
        <ele>497</ele>
        <time>2025-04-16T10:31:12+00:00</time>
      </trkpt>
      <trkpt lat="45.46838" lon="5.56088">
        <ele>497</ele>
        <time>2025-04-16T10:31:15+00:00</time>
      </trkpt>
      <trkpt lat="45.46846" lon="5.56081">
        <ele>496</ele>
        <time>2025-04-16T10:31:18+00:00</time>
      </trkpt>
      <trkpt lat="45.46856" lon="5.56071">
        <ele>495</ele>
        <time>2025-04-16T10:31:21+00:00</time>
      </trkpt>
      <trkpt lat="45.46858" lon="5.56069">
        <ele>495</ele>
        <time>2025-04-16T10:31:24+00:00</time>
      </trkpt>
      <trkpt lat="45.46862" lon="5.56065">
        <ele>495</ele>
        <time>2025-04-16T10:31:27+00:00</time>
      </trkpt>
      <trkpt lat="45.46875" lon="5.56052">
        <ele>495</ele>
        <time>2025-04-16T10:31:30+00:00</time>
      </trkpt>
      <trkpt lat="45.46876" lon="5.56051">
        <ele>495</ele>
        <time>2025-04-16T10:31:33+00:00</time>
      </trkpt>
      <trkpt lat="45.46891" lon="5.56038">
        <ele>495</ele>
        <time>2025-04-16T10:31:36+00:00</time>
      </trkpt>
      <trkpt lat="45.46898" lon="5.56031">
        <ele>495</ele>
        <time>2025-04-16T10:31:39+00:00</time>
      </trkpt>
      <trkpt lat="45.46903" lon="5.56026">
        <ele>494</ele>
        <time>2025-04-16T10:31:42+00:00</time>
      </trkpt>
      <trkpt lat="45.46911" lon="5.56017">
        <ele>493</ele>
        <time>2025-04-16T10:31:45+00:00</time>
      </trkpt>
      <trkpt lat="45.46915" lon="5.56012">
        <ele>493</ele>
        <time>2025-04-16T10:31:48+00:00</time>
      </trkpt>
      <trkpt lat="45.46918" lon="5.56009">
        <ele>493</ele>
        <time>2025-04-16T10:31:51+00:00</time>
      </trkpt>
      <trkpt lat="45.46921" lon="5.56006">
        <ele>493</ele>
        <time>2025-04-16T10:31:54+00:00</time>
      </trkpt>
      <trkpt lat="45.46926" lon="5.56">
        <ele>493</ele>
        <time>2025-04-16T10:31:57+00:00</time>
      </trkpt>
      <trkpt lat="45.46927" lon="5.55998">
        <ele>493</ele>
        <time>2025-04-16T10:32:00+00:00</time>
      </trkpt>
      <trkpt lat="45.46928" lon="5.55995">
        <ele>493</ele>
        <time>2025-04-16T10:32:03+00:00</time>
      </trkpt>
      <trkpt lat="45.46929" lon="5.55989">
        <ele>493</ele>
        <time>2025-04-16T10:32:06+00:00</time>
      </trkpt>
      <trkpt lat="45.46929" lon="5.55985">
        <ele>493</ele>
        <time>2025-04-16T10:32:09+00:00</time>
      </trkpt>
      <trkpt lat="45.46924" lon="5.55962">
        <ele>493</ele>
        <time>2025-04-16T10:32:12+00:00</time>
      </trkpt>
      <trkpt lat="45.46918" lon="5.55941">
        <ele>493</ele>
        <time>2025-04-16T10:32:15+00:00</time>
      </trkpt>
      <trkpt lat="45.46916" lon="5.55937">
        <ele>493</ele>
        <time>2025-04-16T10:32:18+00:00</time>
      </trkpt>
      <trkpt lat="45.46931" lon="5.55926">
        <ele>493</ele>
        <time>2025-04-16T10:32:21+00:00</time>
      </trkpt>
      <trkpt lat="45.4693" lon="5.55904">
        <ele>493</ele>
        <time>2025-04-16T10:32:24+00:00</time>
      </trkpt>
      <trkpt lat="45.46928" lon="5.55881">
        <ele>493</ele>
        <time>2025-04-16T10:32:27+00:00</time>
      </trkpt>
      <trkpt lat="45.46907" lon="5.55859">
        <ele>493</ele>
        <time>2025-04-16T10:32:30+00:00</time>
      </trkpt>
      <trkpt lat="45.46882" lon="5.55835">
        <ele>493</ele>
        <time>2025-04-16T10:32:33+00:00</time>
      </trkpt>
      <trkpt lat="45.46852" lon="5.55807">
        <ele>493</ele>
        <time>2025-04-16T10:32:36+00:00</time>
      </trkpt>
      <trkpt lat="45.46832" lon="5.55788">
        <ele>493</ele>
        <time>2025-04-16T10:32:39+00:00</time>
      </trkpt>
      <trkpt lat="45.46812" lon="5.5577">
        <ele>493</ele>
        <time>2025-04-16T10:32:42+00:00</time>
      </trkpt>
      <trkpt lat="45.46782" lon="5.55765">
        <ele>493</ele>
        <time>2025-04-16T10:32:45+00:00</time>
      </trkpt>
      <trkpt lat="45.4673" lon="5.55757">
        <ele>493</ele>
        <time>2025-04-16T10:32:48+00:00</time>
      </trkpt>
    </trkseg>
  </trk>
</gpx>
