<?xml version="1.0" encoding="UTF-8"?>
<gpx xmlns="http://www.topografix.com/GPX/1/0" xmlns:xsi="http://www.w3.org/2001/XMLSchema-instance" xsi:schemaLocation="http://www.topografix.com/GPX/1/0 http://www.topografix.com/GPX/1/0/gpx.xsd" version="1.0" creator="https://www.livetrack.me"><trk><name>Ultra Tour du Beaufortain 2025 - Solos</name><trkseg><trkpt lat="45.71641" lon="6.45927"><ele>534.26</ele><time>2025-07-19T02:00:30+00:00</time></trkpt><trkpt lat="45.71662" lon="6.45926"><ele>534.11</ele><time>2025-07-19T02:00:38+00:00</time></trkpt><trkpt lat="45.71672" lon="6.45922"><ele>533.94</ele><time>2025-07-19T02:00:42+00:00</time></trkpt><trkpt lat="45.71686" lon="6.45909"><ele>533.59</ele><time>2025-07-19T02:00:49+00:00</time></trkpt><trkpt lat="45.71703" lon="6.45881"><ele>533.24</ele><time>2025-07-19T02:00:58+00:00</time></trkpt><trkpt lat="45.71710" lon="6.45865"><ele>532.85</ele><time>2025-07-19T02:01:03+00:00</time></trkpt><trkpt lat="45.71715" lon="6.45842"><ele>532.69</ele><time>2025-07-19T02:01:10+00:00</time></trkpt><trkpt lat="45.71711" lon="6.45818"><ele>532.55</ele><time>2025-07-19T02:01:17+00:00</time></trkpt><trkpt lat="45.71705" lon="6.45810"><ele>532.58</ele><time>2025-07-19T02:01:20+00:00</time></trkpt><trkpt lat="45.71667" lon="6.45789"><ele>532.78</ele><time>2025-07-19T02:01:36+00:00</time></trkpt><trkpt lat="45.71654" lon="6.45790"><ele>532.88</ele><time>2025-07-19T02:01:42+00:00</time></trkpt><trkpt lat="45.71644" lon="6.45796"><ele>532.88</ele><time>2025-07-19T02:01:46+00:00</time></trkpt><trkpt lat="45.71637" lon="6.45811"><ele>532.88</ele><time>2025-07-19T02:01:51+00:00</time></trkpt><trkpt lat="45.71636" lon="6.45826"><ele>532.93</ele><time>2025-07-19T02:01:55+00:00</time></trkpt><trkpt lat="45.71641" lon="6.45927"><ele>537.31</ele><time>2025-07-19T02:02:30+00:00</time></trkpt><trkpt lat="45.71617" lon="6.45980"><ele>537.98</ele><time>2025-07-19T02:02:49+00:00</time></trkpt><trkpt lat="45.71591" lon="6.46012"><ele>538.90</ele><time>2025-07-19T02:03:04+00:00</time></trkpt><trkpt lat="45.71576" lon="6.46055"><ele>539.65</ele><time>2025-07-19T02:03:18+00:00</time></trkpt><trkpt lat="45.71572" lon="6.46088"><ele>541.07</ele><time>2025-07-19T02:03:29+00:00</time></trkpt><trkpt lat="45.71539" lon="6.46116"><ele>543.52</ele><time>2025-07-19T02:03:48+00:00</time></trkpt><trkpt lat="45.71530" lon="6.46136"><ele>544.63</ele><time>2025-07-19T02:03:57+00:00</time></trkpt><trkpt lat="45.71524" lon="6.46173"><ele>544.63</ele><time>2025-07-19T02:04:07+00:00</time></trkpt><trkpt lat="45.71528" lon="6.46264"><ele>558.86</ele><time>2025-07-19T02:05:03+00:00</time></trkpt><trkpt lat="45.71535" lon="6.46288"><ele>560.06</ele><time>2025-07-19T02:05:12+00:00</time></trkpt><trkpt lat="45.71556" lon="6.46340"><ele>562.47</ele><time>2025-07-19T02:05:32+00:00</time></trkpt><trkpt lat="45.71562" lon="6.46362"><ele>565.07</ele><time>2025-07-19T02:05:44+00:00</time></trkpt><trkpt lat="45.71564" lon="6.46415"><ele>567.29</ele><time>2025-07-19T02:06:02+00:00</time></trkpt><trkpt lat="45.71568" lon="6.46443"><ele>568.83</ele><time>2025-07-19T02:06:12+00:00</time></trkpt><trkpt lat="45.71567" lon="6.46496"><ele>569.38</ele><time>2025-07-19T02:06:28+00:00</time></trkpt><trkpt lat="45.71554" lon="6.46548"><ele>569.10</ele><time>2025-07-19T02:06:43+00:00</time></trkpt><trkpt lat="45.71550" lon="6.46578"><ele>568.15</ele><time>2025-07-19T02:06:50+00:00</time></trkpt><trkpt lat="45.71535" lon="6.46611"><ele>567.67</ele><time>2025-07-19T02:07:01+00:00</time></trkpt><trkpt lat="45.71503" lon="6.46751"><ele>558.00</ele><time>2025-07-19T02:07:33+00:00</time></trkpt><trkpt lat="45.71477" lon="6.46841"><ele>552.26</ele><time>2025-07-19T02:07:55+00:00</time></trkpt><trkpt lat="45.71448" lon="6.46897"><ele>556.83</ele><time>2025-07-19T02:08:22+00:00</time></trkpt><trkpt lat="45.71433" lon="6.46938"><ele>555.80</ele><time>2025-07-19T02:08:33+00:00</time></trkpt><trkpt lat="45.71427" lon="6.46995"><ele>555.03</ele><time>2025-07-19T02:08:49+00:00</time></trkpt><trkpt lat="45.71405" lon="6.47108"><ele>555.15</ele><time>2025-07-19T02:09:21+00:00</time></trkpt><trkpt lat="45.71392" lon="6.47209"><ele>556.92</ele><time>2025-07-19T02:09:52+00:00</time></trkpt><trkpt lat="45.71378" lon="6.47254"><ele>557.50</ele><time>2025-07-19T02:10:07+00:00</time></trkpt><trkpt lat="45.71370" lon="6.47259"><ele>557.50</ele><time>2025-07-19T02:10:10+00:00</time></trkpt><trkpt lat="45.71360" lon="6.47275"><ele>558.25</ele><time>2025-07-19T02:10:18+00:00</time></trkpt><trkpt lat="45.71345" lon="6.47290"><ele>558.25</ele><time>2025-07-19T02:10:25+00:00</time></trkpt><trkpt lat="45.71333" lon="6.47320"><ele>558.86</ele><time>2025-07-19T02:10:35+00:00</time></trkpt><trkpt lat="45.71303" lon="6.47371"><ele>580.63</ele><time>2025-07-19T02:12:10+00:00</time></trkpt><trkpt lat="45.71293" lon="6.47414"><ele>582.53</ele><time>2025-07-19T02:12:25+00:00</time></trkpt><trkpt lat="45.71298" lon="6.47468"><ele>585.05</ele><time>2025-07-19T02:12:44+00:00</time></trkpt><trkpt lat="45.71310" lon="6.47525"><ele>586.77</ele><time>2025-07-19T02:13:03+00:00</time></trkpt><trkpt lat="45.71337" lon="6.47597"><ele>590.50</ele><time>2025-07-19T02:13:32+00:00</time></trkpt><trkpt lat="45.71345" lon="6.47638"><ele>590.96</ele><time>2025-07-19T02:13:44+00:00</time></trkpt><trkpt lat="45.71351" lon="6.47702"><ele>591.83</ele><time>2025-07-19T02:14:03+00:00</time></trkpt><trkpt lat="45.71348" lon="6.47707"><ele>592.18</ele><time>2025-07-19T02:14:06+00:00</time></trkpt><trkpt lat="45.71336" lon="6.47681"><ele>592.18</ele><time>2025-07-19T02:14:14+00:00</time></trkpt><trkpt lat="45.71285" lon="6.47617"><ele>598.13</ele><time>2025-07-19T02:14:51+00:00</time></trkpt><trkpt lat="45.71270" lon="6.47592"><ele>598.13</ele><time>2025-07-19T02:15:00+00:00</time></trkpt><trkpt lat="45.71241" lon="6.47522"><ele>604.25</ele><time>2025-07-19T02:15:33+00:00</time></trkpt><trkpt lat="45.71238" lon="6.47454"><ele>609.02</ele><time>2025-07-19T02:16:00+00:00</time></trkpt><trkpt lat="45.71227" lon="6.47420"><ele>610.31</ele><time>2025-07-19T02:16:12+00:00</time></trkpt><trkpt lat="45.71198" lon="6.47382"><ele>613.49</ele><time>2025-07-19T02:16:33+00:00</time></trkpt><trkpt lat="45.71221" lon="6.47354"><ele>616.36</ele><time>2025-07-19T02:16:49+00:00</time></trkpt><trkpt lat="45.71238" lon="6.47319"><ele>618.10</ele><time>2025-07-19T02:17:04+00:00</time></trkpt><trkpt lat="45.71281" lon="6.47151"><ele>630.20</ele><time>2025-07-19T02:18:13+00:00</time></trkpt><trkpt lat="45.71279" lon="6.47122"><ele>631.90</ele><time>2025-07-19T02:18:24+00:00</time></trkpt><trkpt lat="45.71287" lon="6.47069"><ele>635.92</ele><time>2025-07-19T02:18:46+00:00</time></trkpt><trkpt lat="45.71281" lon="6.47021"><ele>639.82</ele><time>2025-07-19T02:19:06+00:00</time></trkpt><trkpt lat="45.71280" lon="6.46993"><ele>642.09</ele><time>2025-07-19T02:19:17+00:00</time></trkpt><trkpt lat="45.71268" lon="6.46916"><ele>647.24</ele><time>2025-07-19T02:19:48+00:00</time></trkpt><trkpt lat="45.71269" lon="6.46838"><ele>653.49</ele><time>2025-07-19T02:20:20+00:00</time></trkpt><trkpt lat="45.71311" lon="6.46765"><ele>660.36</ele><time>2025-07-19T02:20:57+00:00</time></trkpt><trkpt lat="45.71318" lon="6.46748"><ele>662.56</ele><time>2025-07-19T02:21:07+00:00</time></trkpt><trkpt lat="45.71316" lon="6.46686"><ele>668.04</ele><time>2025-07-19T02:21:34+00:00</time></trkpt><trkpt lat="45.71302" lon="6.46702"><ele>670.82</ele><time>2025-07-19T02:21:46+00:00</time></trkpt><trkpt lat="45.71297" lon="6.46712"><ele>670.82</ele><time>2025-07-19T02:21:49+00:00</time></trkpt><trkpt lat="45.71286" lon="6.46719"><ele>672.10</ele><time>2025-07-19T02:21:56+00:00</time></trkpt><trkpt lat="45.71275" lon="6.46737"><ele>674.77</ele><time>2025-07-19T02:22:08+00:00</time></trkpt><trkpt lat="45.71255" lon="6.46760"><ele>677.02</ele><time>2025-07-19T02:22:22+00:00</time></trkpt><trkpt lat="45.71242" lon="6.46753"><ele>683.47</ele><time>2025-07-19T02:22:50+00:00</time></trkpt><trkpt lat="45.71244" lon="6.46694"><ele>698.38</ele><time>2025-07-19T02:23:48+00:00</time></trkpt><trkpt lat="45.71241" lon="6.46678"><ele>700.59</ele><time>2025-07-19T02:23:57+00:00</time></trkpt><trkpt lat="45.71238" lon="6.46678"><ele>701.56</ele><time>2025-07-19T02:24:01+00:00</time></trkpt><trkpt lat="45.71232" lon="6.46685"><ele>701.56</ele><time>2025-07-19T02:24:04+00:00</time></trkpt><trkpt lat="45.71230" lon="6.46678"><ele>701.56</ele><time>2025-07-19T02:24:06+00:00</time></trkpt><trkpt lat="45.71225" lon="6.46677"><ele>702.94</ele><time>2025-07-19T02:24:11+00:00</time></trkpt><trkpt lat="45.71221" lon="6.46667"><ele>702.94</ele><time>2025-07-19T02:24:14+00:00</time></trkpt><trkpt lat="45.71203" lon="6.46671"><ele>707.47</ele><time>2025-07-19T02:24:32+00:00</time></trkpt><trkpt lat="45.71187" lon="6.46656"><ele>711.55</ele><time>2025-07-19T02:24:48+00:00</time></trkpt><trkpt lat="45.71171" lon="6.46670"><ele>729.53</ele><time>2025-07-19T02:27:53+00:00</time></trkpt><trkpt lat="45.71166" lon="6.46710"><ele>746.63</ele><time>2025-07-19T02:29:24+00:00</time></trkpt><trkpt lat="45.71152" lon="6.46720"><ele>750.42</ele><time>2025-07-19T02:29:38+00:00</time></trkpt><trkpt lat="45.71130" lon="6.46701"><ele>760.42</ele><time>2025-07-19T02:30:18+00:00</time></trkpt><trkpt lat="45.71119" lon="6.46714"><ele>763.46</ele><time>2025-07-19T02:30:30+00:00</time></trkpt><trkpt lat="45.71111" lon="6.46732"><ele>766.71</ele><time>2025-07-19T02:30:43+00:00</time></trkpt><trkpt lat="45.71102" lon="6.46735"><ele>766.71</ele><time>2025-07-19T02:30:47+00:00</time></trkpt><trkpt lat="45.71043" lon="6.46852"><ele>779.86</ele><time>2025-07-19T02:31:50+00:00</time></trkpt><trkpt lat="45.71000" lon="6.46891"><ele>788.38</ele><time>2025-07-19T02:32:26+00:00</time></trkpt><trkpt lat="45.70970" lon="6.46930"><ele>789.97</ele><time>2025-07-19T02:32:45+00:00</time></trkpt><trkpt lat="45.70948" lon="6.46923"><ele>790.86</ele><time>2025-07-19T02:32:55+00:00</time></trkpt><trkpt lat="45.70929" lon="6.46909"><ele>792.42</ele><time>2025-07-19T02:33:06+00:00</time></trkpt><trkpt lat="45.70892" lon="6.46909"><ele>797.67</ele><time>2025-07-19T02:33:30+00:00</time></trkpt><trkpt lat="45.70883" lon="6.46916"><ele>798.57</ele><time>2025-07-19T02:33:35+00:00</time></trkpt><trkpt lat="45.70878" lon="6.46916"><ele>798.79</ele><time>2025-07-19T02:33:38+00:00</time></trkpt><trkpt lat="45.70874" lon="6.46911"><ele>798.79</ele><time>2025-07-19T02:33:40+00:00</time></trkpt><trkpt lat="45.70874" lon="6.46900"><ele>799.23</ele><time>2025-07-19T02:33:44+00:00</time></trkpt><trkpt lat="45.70878" lon="6.46892"><ele>799.23</ele><time>2025-07-19T02:33:46+00:00</time></trkpt><trkpt lat="45.70895" lon="6.46866"><ele>799.77</ele><time>2025-07-19T02:33:57+00:00</time></trkpt><trkpt lat="45.70906" lon="6.46856"><ele>801.47</ele><time>2025-07-19T02:34:05+00:00</time></trkpt><trkpt lat="45.70918" lon="6.46800"><ele>805.56</ele><time>2025-07-19T02:34:28+00:00</time></trkpt><trkpt lat="45.70935" lon="6.46756"><ele>807.21</ele><time>2025-07-19T02:34:44+00:00</time></trkpt><trkpt lat="45.71005" lon="6.46652"><ele>824.50</ele><time>2025-07-19T02:35:58+00:00</time></trkpt><trkpt lat="45.71021" lon="6.46611"><ele>826.70</ele><time>2025-07-19T02:36:14+00:00</time></trkpt><trkpt lat="45.71019" lon="6.46606"><ele>826.70</ele><time>2025-07-19T02:36:16+00:00</time></trkpt><trkpt lat="45.71021" lon="6.46594"><ele>826.70</ele><time>2025-07-19T02:36:19+00:00</time></trkpt><trkpt lat="45.71002" lon="6.46568"><ele>835.68</ele><time>2025-07-19T02:36:54+00:00</time></trkpt><trkpt lat="45.70990" lon="6.46543"><ele>845.08</ele><time>2025-07-19T02:37:34+00:00</time></trkpt><trkpt lat="45.70988" lon="6.46542"><ele>845.08</ele><time>2025-07-19T02:37:34+00:00</time></trkpt><trkpt lat="45.70980" lon="6.46551"><ele>846.81</ele><time>2025-07-19T02:37:42+00:00</time></trkpt><trkpt lat="45.70967" lon="6.46560"><ele>851.33</ele><time>2025-07-19T02:37:59+00:00</time></trkpt><trkpt lat="45.70949" lon="6.46542"><ele>855.04</ele><time>2025-07-19T02:38:15+00:00</time></trkpt><trkpt lat="45.70955" lon="6.46526"><ele>856.61</ele><time>2025-07-19T02:38:23+00:00</time></trkpt><trkpt lat="45.70952" lon="6.46523"><ele>856.61</ele><time>2025-07-19T02:38:24+00:00</time></trkpt><trkpt lat="45.70924" lon="6.46519"><ele>861.55</ele><time>2025-07-19T02:38:45+00:00</time></trkpt><trkpt lat="45.70896" lon="6.46520"><ele>875.68</ele><time>2025-07-19T02:39:49+00:00</time></trkpt><trkpt lat="45.70865" lon="6.46498"><ele>889.90</ele><time>2025-07-19T02:40:47+00:00</time></trkpt><trkpt lat="45.70827" lon="6.46490"><ele>904.92</ele><time>2025-07-19T02:41:47+00:00</time></trkpt><trkpt lat="45.70815" lon="6.46493"><ele>908.18</ele><time>2025-07-19T02:42:00+00:00</time></trkpt><trkpt lat="45.70804" lon="6.46486"><ele>908.18</ele><time>2025-07-19T02:42:05+00:00</time></trkpt><trkpt lat="45.70801" lon="6.46480"><ele>908.18</ele><time>2025-07-19T02:42:07+00:00</time></trkpt><trkpt lat="45.70805" lon="6.46466"><ele>911.10</ele><time>2025-07-19T02:42:18+00:00</time></trkpt><trkpt lat="45.70786" lon="6.46416"><ele>923.14</ele><time>2025-07-19T02:43:04+00:00</time></trkpt><trkpt lat="45.70786" lon="6.46354"><ele>928.89</ele><time>2025-07-19T02:43:31+00:00</time></trkpt><trkpt lat="45.70796" lon="6.46279"><ele>943.09</ele><time>2025-07-19T02:44:25+00:00</time></trkpt><trkpt lat="45.70791" lon="6.46281"><ele>943.09</ele><time>2025-07-19T02:44:27+00:00</time></trkpt><trkpt lat="45.70766" lon="6.46258"><ele>944.66</ele><time>2025-07-19T02:44:42+00:00</time></trkpt><trkpt lat="45.70767" lon="6.46245"><ele>944.66</ele><time>2025-07-19T02:44:45+00:00</time></trkpt><trkpt lat="45.70776" lon="6.46228"><ele>949.02</ele><time>2025-07-19T02:45:02+00:00</time></trkpt><trkpt lat="45.70777" lon="6.46175"><ele>957.96</ele><time>2025-07-19T02:45:36+00:00</time></trkpt><trkpt lat="45.70761" lon="6.46173"><ele>960.65</ele><time>2025-07-19T02:45:48+00:00</time></trkpt><trkpt lat="45.70746" lon="6.46175"><ele>960.65</ele><time>2025-07-19T02:45:54+00:00</time></trkpt><trkpt lat="45.70738" lon="6.46171"><ele>962.41</ele><time>2025-07-19T02:46:01+00:00</time></trkpt><trkpt lat="45.70731" lon="6.46181"><ele>965.67</ele><time>2025-07-19T02:46:13+00:00</time></trkpt><trkpt lat="45.70716" lon="6.46147"><ele>972.04</ele><time>2025-07-19T02:46:38+00:00</time></trkpt><trkpt lat="45.70706" lon="6.46135"><ele>976.63</ele><time>2025-07-19T02:46:56+00:00</time></trkpt><trkpt lat="45.70693" lon="6.46127"><ele>978.66</ele><time>2025-07-19T02:47:05+00:00</time></trkpt><trkpt lat="45.70695" lon="6.46104"><ele>978.66</ele><time>2025-07-19T02:47:12+00:00</time></trkpt><trkpt lat="45.70699" lon="6.46096"><ele>980.15</ele><time>2025-07-19T02:47:18+00:00</time></trkpt><trkpt lat="45.70698" lon="6.46087"><ele>983.26</ele><time>2025-07-19T02:47:31+00:00</time></trkpt><trkpt lat="45.70716" lon="6.46033"><ele>997.00</ele><time>2025-07-19T02:48:24+00:00</time></trkpt><trkpt lat="45.70722" lon="6.45993"><ele>1008.22</ele><time>2025-07-19T02:49:09+00:00</time></trkpt><trkpt lat="45.70742" lon="6.45971"><ele>1011.35</ele><time>2025-07-19T02:49:25+00:00</time></trkpt><trkpt lat="45.70751" lon="6.45945"><ele>1015.82</ele><time>2025-07-19T02:49:42+00:00</time></trkpt><trkpt lat="45.70747" lon="6.45905"><ele>1020.32</ele><time>2025-07-19T02:50:02+00:00</time></trkpt><trkpt lat="45.70748" lon="6.45888"><ele>1024.57</ele><time>2025-07-19T02:50:18+00:00</time></trkpt><trkpt lat="45.70768" lon="6.45829"><ele>1037.22</ele><time>2025-07-19T02:51:07+00:00</time></trkpt><trkpt lat="45.70763" lon="6.45825"><ele>1041.42</ele><time>2025-07-19T02:51:35+00:00</time></trkpt><trkpt lat="45.70755" lon="6.45803"><ele>1046.75</ele><time>2025-07-19T02:51:55+00:00</time></trkpt><trkpt lat="45.70721" lon="6.45765"><ele>1063.42</ele><time>2025-07-19T02:53:01+00:00</time></trkpt><trkpt lat="45.70704" lon="6.45740"><ele>1071.88</ele><time>2025-07-19T02:53:34+00:00</time></trkpt><trkpt lat="45.70698" lon="6.45736"><ele>1071.88</ele><time>2025-07-19T02:53:37+00:00</time></trkpt><trkpt lat="45.70681" lon="6.45714"><ele>1079.16</ele><time>2025-07-19T02:54:05+00:00</time></trkpt><trkpt lat="45.70648" lon="6.45705"><ele>1091.93</ele><time>2025-07-19T02:54:56+00:00</time></trkpt><trkpt lat="45.70628" lon="6.45712"><ele>1097.29</ele><time>2025-07-19T02:55:16+00:00</time></trkpt><trkpt lat="45.70616" lon="6.45725"><ele>1098.97</ele><time>2025-07-19T02:55:25+00:00</time></trkpt><trkpt lat="45.70595" lon="6.45710"><ele>1100.74</ele><time>2025-07-19T02:55:37+00:00</time></trkpt><trkpt lat="45.70596" lon="6.45683"><ele>1105.08</ele><time>2025-07-19T02:55:54+00:00</time></trkpt><trkpt lat="45.70609" lon="6.45629"><ele>1113.79</ele><time>2025-07-19T02:56:28+00:00</time></trkpt><trkpt lat="45.70630" lon="6.45601"><ele>1121.55</ele><time>2025-07-19T02:56:58+00:00</time></trkpt><trkpt lat="45.70635" lon="6.45574"><ele>1129.05</ele><time>2025-07-19T02:57:28+00:00</time></trkpt><trkpt lat="45.70613" lon="6.45552"><ele>1137.14</ele><time>2025-07-19T02:57:58+00:00</time></trkpt><trkpt lat="45.70592" lon="6.45543"><ele>1145.91</ele><time>2025-07-19T02:58:34+00:00</time></trkpt><trkpt lat="45.70559" lon="6.45534"><ele>1154.47</ele><time>2025-07-19T02:59:07+00:00</time></trkpt><trkpt lat="45.70524" lon="6.45501"><ele>1162.78</ele><time>2025-07-19T02:59:40+00:00</time></trkpt><trkpt lat="45.70509" lon="6.45478"><ele>1169.46</ele><time>2025-07-19T03:00:06+00:00</time></trkpt><trkpt lat="45.70474" lon="6.45459"><ele>1171.77</ele><time>2025-07-19T03:00:24+00:00</time></trkpt><trkpt lat="45.70469" lon="6.45453"><ele>1171.77</ele><time>2025-07-19T03:00:26+00:00</time></trkpt><trkpt lat="45.70415" lon="6.45436"><ele>1190.64</ele><time>2025-07-19T03:01:40+00:00</time></trkpt><trkpt lat="45.70400" lon="6.45428"><ele>1190.64</ele><time>2025-07-19T03:01:46+00:00</time></trkpt><trkpt lat="45.70376" lon="6.45404"><ele>1196.97</ele><time>2025-07-19T03:02:11+00:00</time></trkpt><trkpt lat="45.70362" lon="6.45377"><ele>1205.26</ele><time>2025-07-19T03:02:43+00:00</time></trkpt><trkpt lat="45.70347" lon="6.45360"><ele>1208.07</ele><time>2025-07-19T03:02:56+00:00</time></trkpt><trkpt lat="45.70336" lon="6.45354"><ele>1213.34</ele><time>2025-07-19T03:03:18+00:00</time></trkpt><trkpt lat="45.70327" lon="6.45317"><ele>1219.95</ele><time>2025-07-19T03:03:44+00:00</time></trkpt><trkpt lat="45.70319" lon="6.45304"><ele>1222.34</ele><time>2025-07-19T03:03:53+00:00</time></trkpt><trkpt lat="45.70298" lon="6.45324"><ele>1228.74</ele><time>2025-07-19T03:04:18+00:00</time></trkpt><trkpt lat="45.70290" lon="6.45324"><ele>1229.70</ele><time>2025-07-19T03:04:23+00:00</time></trkpt><trkpt lat="45.70278" lon="6.45311"><ele>1232.79</ele><time>2025-07-19T03:04:35+00:00</time></trkpt><trkpt lat="45.70268" lon="6.45304"><ele>1234.46</ele><time>2025-07-19T03:04:42+00:00</time></trkpt><trkpt lat="45.70262" lon="6.45303"><ele>1234.46</ele><time>2025-07-19T03:04:45+00:00</time></trkpt><trkpt lat="45.70253" lon="6.45307"><ele>1235.48</ele><time>2025-07-19T03:04:50+00:00</time></trkpt><trkpt lat="45.70242" lon="6.45347"><ele>1244.10</ele><time>2025-07-19T03:05:23+00:00</time></trkpt><trkpt lat="45.70241" lon="6.45372"><ele>1255.72</ele><time>2025-07-19T03:06:31+00:00</time></trkpt><trkpt lat="45.70229" lon="6.45396"><ele>1258.16</ele><time>2025-07-19T03:06:44+00:00</time></trkpt><trkpt lat="45.70213" lon="6.45398"><ele>1263.49</ele><time>2025-07-19T03:07:04+00:00</time></trkpt><trkpt lat="45.70204" lon="6.45378"><ele>1265.49</ele><time>2025-07-19T03:07:14+00:00</time></trkpt><trkpt lat="45.70188" lon="6.45355"><ele>1267.82</ele><time>2025-07-19T03:07:27+00:00</time></trkpt><trkpt lat="45.70148" lon="6.45321"><ele>1292.37</ele><time>2025-07-19T03:09:23+00:00</time></trkpt><trkpt lat="45.70068" lon="6.45330"><ele>1316.43</ele><time>2025-07-19T03:10:55+00:00</time></trkpt><trkpt lat="45.70003" lon="6.45312"><ele>1331.86</ele><time>2025-07-19T03:11:54+00:00</time></trkpt><trkpt lat="45.69951" lon="6.45288"><ele>1359.80</ele><time>2025-07-19T03:14:03+00:00</time></trkpt><trkpt lat="45.69934" lon="6.45287"><ele>1359.80</ele><time>2025-07-19T03:14:10+00:00</time></trkpt><trkpt lat="45.69917" lon="6.45290"><ele>1364.17</ele><time>2025-07-19T03:14:27+00:00</time></trkpt><trkpt lat="45.69878" lon="6.45302"><ele>1376.54</ele><time>2025-07-19T03:15:14+00:00</time></trkpt><trkpt lat="45.69851" lon="6.45299"><ele>1389.52</ele><time>2025-07-19T03:16:11+00:00</time></trkpt><trkpt lat="45.69823" lon="6.45288"><ele>1395.34</ele><time>2025-07-19T03:16:35+00:00</time></trkpt><trkpt lat="45.69808" lon="6.45278"><ele>1397.88</ele><time>2025-07-19T03:16:46+00:00</time></trkpt><trkpt lat="45.69803" lon="6.45280"><ele>1400.09</ele><time>2025-07-19T03:16:55+00:00</time></trkpt><trkpt lat="45.69793" lon="6.45323"><ele>1406.37</ele><time>2025-07-19T03:17:20+00:00</time></trkpt><trkpt lat="45.69751" lon="6.45298"><ele>1413.54</ele><time>2025-07-19T03:17:52+00:00</time></trkpt><trkpt lat="45.69673" lon="6.45310"><ele>1439.58</ele><time>2025-07-19T03:19:32+00:00</time></trkpt><trkpt lat="45.69669" lon="6.45317"><ele>1441.25</ele><time>2025-07-19T03:19:38+00:00</time></trkpt><trkpt lat="45.69697" lon="6.45361"><ele>1443.26</ele><time>2025-07-19T03:19:58+00:00</time></trkpt><trkpt lat="45.69651" lon="6.45348"><ele>1456.92</ele><time>2025-07-19T03:20:50+00:00</time></trkpt><trkpt lat="45.69624" lon="6.45346"><ele>1458.68</ele><time>2025-07-19T03:21:03+00:00</time></trkpt><trkpt lat="45.69591" lon="6.45358"><ele>1461.88</ele><time>2025-07-19T03:21:22+00:00</time></trkpt><trkpt lat="45.69569" lon="6.45372"><ele>1463.27</ele><time>2025-07-19T03:21:34+00:00</time></trkpt><trkpt lat="45.69552" lon="6.45389"><ele>1463.27</ele><time>2025-07-19T03:21:42+00:00</time></trkpt><trkpt lat="45.69507" lon="6.45424"><ele>1482.69</ele><time>2025-07-19T03:22:59+00:00</time></trkpt><trkpt lat="45.69473" lon="6.45446"><ele>1485.72</ele><time>2025-07-19T03:23:19+00:00</time></trkpt><trkpt lat="45.69453" lon="6.45462"><ele>1488.05</ele><time>2025-07-19T03:23:31+00:00</time></trkpt><trkpt lat="45.69434" lon="6.45474"><ele>1488.05</ele><time>2025-07-19T03:23:40+00:00</time></trkpt><trkpt lat="45.69410" lon="6.45485"><ele>1489.23</ele><time>2025-07-19T03:23:52+00:00</time></trkpt><trkpt lat="45.69341" lon="6.45528"><ele>1510.48</ele><time>2025-07-19T03:25:12+00:00</time></trkpt><trkpt lat="45.69298" lon="6.45566"><ele>1538.82</ele><time>2025-07-19T03:27:33+00:00</time></trkpt><trkpt lat="45.69261" lon="6.45590"><ele>1548.49</ele><time>2025-07-19T03:28:10+00:00</time></trkpt><trkpt lat="45.69245" lon="6.45594"><ele>1553.46</ele><time>2025-07-19T03:28:29+00:00</time></trkpt><trkpt lat="45.69250" lon="6.45609"><ele>1554.23</ele><time>2025-07-19T03:28:35+00:00</time></trkpt><trkpt lat="45.69258" lon="6.45616"><ele>1554.23</ele><time>2025-07-19T03:28:39+00:00</time></trkpt><trkpt lat="45.69257" lon="6.45620"><ele>1554.23</ele><time>2025-07-19T03:28:40+00:00</time></trkpt><trkpt lat="45.69249" lon="6.45622"><ele>1555.74</ele><time>2025-07-19T03:28:46+00:00</time></trkpt><trkpt lat="45.69245" lon="6.45627"><ele>1555.74</ele><time>2025-07-19T03:28:48+00:00</time></trkpt><trkpt lat="45.69244" lon="6.45631"><ele>1555.74</ele><time>2025-07-19T03:28:49+00:00</time></trkpt><trkpt lat="45.69247" lon="6.45636"><ele>1555.74</ele><time>2025-07-19T03:28:51+00:00</time></trkpt><trkpt lat="45.69242" lon="6.45639"><ele>1556.88</ele><time>2025-07-19T03:28:56+00:00</time></trkpt><trkpt lat="45.69245" lon="6.45647"><ele>1556.88</ele><time>2025-07-19T03:28:58+00:00</time></trkpt><trkpt lat="45.69226" lon="6.45651"><ele>1559.24</ele><time>2025-07-19T03:29:10+00:00</time></trkpt><trkpt lat="45.69209" lon="6.45659"><ele>1561.96</ele><time>2025-07-19T03:29:22+00:00</time></trkpt><trkpt lat="45.69188" lon="6.45674"><ele>1567.20</ele><time>2025-07-19T03:29:42+00:00</time></trkpt><trkpt lat="45.69157" lon="6.45681"><ele>1573.26</ele><time>2025-07-19T03:30:07+00:00</time></trkpt><trkpt lat="45.69135" lon="6.45689"><ele>1575.56</ele><time>2025-07-19T03:30:20+00:00</time></trkpt><trkpt lat="45.69056" lon="6.45675"><ele>1590.12</ele><time>2025-07-19T03:31:20+00:00</time></trkpt><trkpt lat="45.68947" lon="6.45616"><ele>1607.20</ele><time>2025-07-19T03:32:37+00:00</time></trkpt><trkpt lat="45.68913" lon="6.45611"><ele>1607.20</ele><time>2025-07-19T03:32:51+00:00</time></trkpt><trkpt lat="45.68939" lon="6.45689"><ele>1625.57</ele><time>2025-07-19T03:34:01+00:00</time></trkpt><trkpt lat="45.68974" lon="6.45742"><ele>1640.81</ele><time>2025-07-19T03:34:59+00:00</time></trkpt><trkpt lat="45.68981" lon="6.45783"><ele>1640.81</ele><time>2025-07-19T03:35:11+00:00</time></trkpt><trkpt lat="45.69000" lon="6.45852"><ele>1670.60</ele><time>2025-07-19T03:37:42+00:00</time></trkpt><trkpt lat="45.69002" lon="6.45875"><ele>1679.26</ele><time>2025-07-19T03:38:23+00:00</time></trkpt><trkpt lat="45.69001" lon="6.45930"><ele>1688.87</ele><time>2025-07-19T03:39:00+00:00</time></trkpt><trkpt lat="45.68996" lon="6.45933"><ele>1688.87</ele><time>2025-07-19T03:39:02+00:00</time></trkpt><trkpt lat="45.68997" lon="6.45944"><ele>1691.03</ele><time>2025-07-19T03:39:10+00:00</time></trkpt><trkpt lat="45.68994" lon="6.45946"><ele>1691.03</ele><time>2025-07-19T03:39:11+00:00</time></trkpt><trkpt lat="45.68994" lon="6.45957"><ele>1693.11</ele><time>2025-07-19T03:39:19+00:00</time></trkpt><trkpt lat="45.68988" lon="6.45957"><ele>1693.11</ele><time>2025-07-19T03:39:22+00:00</time></trkpt><trkpt lat="45.68977" lon="6.46007"><ele>1703.05</ele><time>2025-07-19T03:40:00+00:00</time></trkpt><trkpt lat="45.68964" lon="6.46042"><ele>1717.17</ele><time>2025-07-19T03:41:05+00:00</time></trkpt><trkpt lat="45.68945" lon="6.46065"><ele>1721.71</ele><time>2025-07-19T03:41:23+00:00</time></trkpt><trkpt lat="45.68941" lon="6.46066"><ele>1721.71</ele><time>2025-07-19T03:41:25+00:00</time></trkpt><trkpt lat="45.68921" lon="6.46097"><ele>1723.38</ele><time>2025-07-19T03:41:39+00:00</time></trkpt><trkpt lat="45.68894" lon="6.46117"><ele>1723.22</ele><time>2025-07-19T03:41:51+00:00</time></trkpt><trkpt lat="45.68874" lon="6.46126"><ele>1720.37</ele><time>2025-07-19T03:41:57+00:00</time></trkpt><trkpt lat="45.68847" lon="6.46118"><ele>1718.32</ele><time>2025-07-19T03:42:06+00:00</time></trkpt><trkpt lat="45.68835" lon="6.46108"><ele>1718.26</ele><time>2025-07-19T03:42:12+00:00</time></trkpt><trkpt lat="45.68830" lon="6.46108"><ele>1717.97</ele><time>2025-07-19T03:42:14+00:00</time></trkpt><trkpt lat="45.68814" lon="6.46113"><ele>1718.32</ele><time>2025-07-19T03:42:21+00:00</time></trkpt><trkpt lat="45.68804" lon="6.46121"><ele>1718.39</ele><time>2025-07-19T03:42:25+00:00</time></trkpt><trkpt lat="45.68793" lon="6.46137"><ele>1719.32</ele><time>2025-07-19T03:42:33+00:00</time></trkpt><trkpt lat="45.68778" lon="6.46152"><ele>1720.50</ele><time>2025-07-19T03:42:42+00:00</time></trkpt><trkpt lat="45.68764" lon="6.46185"><ele>1722.70</ele><time>2025-07-19T03:42:56+00:00</time></trkpt><trkpt lat="45.68752" lon="6.46203"><ele>1724.42</ele><time>2025-07-19T03:43:06+00:00</time></trkpt><trkpt lat="45.68744" lon="6.46231"><ele>1726.10</ele><time>2025-07-19T03:43:17+00:00</time></trkpt><trkpt lat="45.68738" lon="6.46243"><ele>1726.83</ele><time>2025-07-19T03:43:22+00:00</time></trkpt><trkpt lat="45.68720" lon="6.46262"><ele>1727.66</ele><time>2025-07-19T03:43:32+00:00</time></trkpt><trkpt lat="45.68704" lon="6.46334"><ele>1732.54</ele><time>2025-07-19T03:44:01+00:00</time></trkpt><trkpt lat="45.68673" lon="6.46411"><ele>1763.35</ele><time>2025-07-19T03:46:20+00:00</time></trkpt><trkpt lat="45.68663" lon="6.46443"><ele>1766.54</ele><time>2025-07-19T03:46:35+00:00</time></trkpt><trkpt lat="45.68654" lon="6.46461"><ele>1767.28</ele><time>2025-07-19T03:46:43+00:00</time></trkpt><trkpt lat="45.68658" lon="6.46470"><ele>1768.44</ele><time>2025-07-19T03:46:48+00:00</time></trkpt><trkpt lat="45.68658" lon="6.46481"><ele>1769.74</ele><time>2025-07-19T03:46:53+00:00</time></trkpt><trkpt lat="45.68656" lon="6.46483"><ele>1769.74</ele><time>2025-07-19T03:46:54+00:00</time></trkpt><trkpt lat="45.68647" lon="6.46474"><ele>1769.74</ele><time>2025-07-19T03:46:59+00:00</time></trkpt><trkpt lat="45.68645" lon="6.46488"><ele>1772.56</ele><time>2025-07-19T03:47:09+00:00</time></trkpt><trkpt lat="45.68633" lon="6.46508"><ele>1779.86</ele><time>2025-07-19T03:47:39+00:00</time></trkpt><trkpt lat="45.68615" lon="6.46523"><ele>1789.40</ele><time>2025-07-19T03:48:20+00:00</time></trkpt><trkpt lat="45.68607" lon="6.46536"><ele>1797.41</ele><time>2025-07-19T03:49:07+00:00</time></trkpt><trkpt lat="45.68606" lon="6.46554"><ele>1799.24</ele><time>2025-07-19T03:49:15+00:00</time></trkpt><trkpt lat="45.68599" lon="6.46580"><ele>1805.93</ele><time>2025-07-19T03:49:41+00:00</time></trkpt><trkpt lat="45.68592" lon="6.46580"><ele>1808.91</ele><time>2025-07-19T03:49:53+00:00</time></trkpt><trkpt lat="45.68589" lon="6.46588"><ele>1808.91</ele><time>2025-07-19T03:49:56+00:00</time></trkpt><trkpt lat="45.68594" lon="6.46599"><ele>1811.34</ele><time>2025-07-19T03:50:05+00:00</time></trkpt><trkpt lat="45.68593" lon="6.46605"><ele>1812.91</ele><time>2025-07-19T03:50:11+00:00</time></trkpt><trkpt lat="45.68601" lon="6.46610"><ele>1813.80</ele><time>2025-07-19T03:50:16+00:00</time></trkpt><trkpt lat="45.68607" lon="6.46621"><ele>1814.56</ele><time>2025-07-19T03:50:21+00:00</time></trkpt><trkpt lat="45.68604" lon="6.46630"><ele>1816.26</ele><time>2025-07-19T03:50:28+00:00</time></trkpt><trkpt lat="45.68593" lon="6.46637"><ele>1817.88</ele><time>2025-07-19T03:50:35+00:00</time></trkpt><trkpt lat="45.68582" lon="6.46637"><ele>1820.40</ele><time>2025-07-19T03:50:45+00:00</time></trkpt><trkpt lat="45.68572" lon="6.46642"><ele>1821.20</ele><time>2025-07-19T03:50:51+00:00</time></trkpt><trkpt lat="45.68568" lon="6.46655"><ele>1824.33</ele><time>2025-07-19T03:51:03+00:00</time></trkpt><trkpt lat="45.68570" lon="6.46688"><ele>1829.64</ele><time>2025-07-19T03:51:23+00:00</time></trkpt><trkpt lat="45.68565" lon="6.46716"><ele>1837.98</ele><time>2025-07-19T03:51:57+00:00</time></trkpt><trkpt lat="45.68567" lon="6.46743"><ele>1844.35</ele><time>2025-07-19T03:52:22+00:00</time></trkpt><trkpt lat="45.68576" lon="6.46760"><ele>1847.03</ele><time>2025-07-19T03:52:33+00:00</time></trkpt><trkpt lat="45.68586" lon="6.46768"><ele>1847.03</ele><time>2025-07-19T03:52:38+00:00</time></trkpt><trkpt lat="45.68595" lon="6.46783"><ele>1852.22</ele><time>2025-07-19T03:52:58+00:00</time></trkpt><trkpt lat="45.68594" lon="6.46788"><ele>1855.07</ele><time>2025-07-19T03:53:19+00:00</time></trkpt><trkpt lat="45.68563" lon="6.46805"><ele>1870.38</ele><time>2025-07-19T03:54:25+00:00</time></trkpt><trkpt lat="45.68552" lon="6.46807"><ele>1874.42</ele><time>2025-07-19T03:54:41+00:00</time></trkpt><trkpt lat="45.68549" lon="6.46812"><ele>1878.36</ele><time>2025-07-19T03:55:14+00:00</time></trkpt><trkpt lat="45.68553" lon="6.46827"><ele>1879.55</ele><time>2025-07-19T03:55:20+00:00</time></trkpt><trkpt lat="45.68550" lon="6.46834"><ele>1880.81</ele><time>2025-07-19T03:55:25+00:00</time></trkpt><trkpt lat="45.68549" lon="6.46849"><ele>1882.13</ele><time>2025-07-19T03:55:32+00:00</time></trkpt><trkpt lat="45.68552" lon="6.46853"><ele>1884.70</ele><time>2025-07-19T03:55:46+00:00</time></trkpt><trkpt lat="45.68553" lon="6.46871"><ele>1885.96</ele><time>2025-07-19T03:55:53+00:00</time></trkpt><trkpt lat="45.68556" lon="6.46880"><ele>1888.58</ele><time>2025-07-19T03:56:04+00:00</time></trkpt><trkpt lat="45.68562" lon="6.46887"><ele>1891.19</ele><time>2025-07-19T03:56:14+00:00</time></trkpt><trkpt lat="45.68563" lon="6.46899"><ele>1894.29</ele><time>2025-07-19T03:56:26+00:00</time></trkpt><trkpt lat="45.68555" lon="6.46904"><ele>1895.74</ele><time>2025-07-19T03:56:32+00:00</time></trkpt><trkpt lat="45.68549" lon="6.46927"><ele>1902.62</ele><time>2025-07-19T03:57:00+00:00</time></trkpt><trkpt lat="45.68544" lon="6.46929"><ele>1904.31</ele><time>2025-07-19T03:57:06+00:00</time></trkpt><trkpt lat="45.68531" lon="6.46926"><ele>1911.34</ele><time>2025-07-19T03:57:40+00:00</time></trkpt><trkpt lat="45.68515" lon="6.46930"><ele>1916.45</ele><time>2025-07-19T03:57:59+00:00</time></trkpt><trkpt lat="45.68511" lon="6.46935"><ele>1917.63</ele><time>2025-07-19T03:58:04+00:00</time></trkpt><trkpt lat="45.68497" lon="6.46930"><ele>1922.91</ele><time>2025-07-19T03:58:25+00:00</time></trkpt><trkpt lat="45.68495" lon="6.46932"><ele>1923.65</ele><time>2025-07-19T03:58:28+00:00</time></trkpt><trkpt lat="45.68488" lon="6.46929"><ele>1923.65</ele><time>2025-07-19T03:58:30+00:00</time></trkpt><trkpt lat="45.68483" lon="6.46923"><ele>1925.73</ele><time>2025-07-19T03:58:38+00:00</time></trkpt><trkpt lat="45.68479" lon="6.46941"><ele>1926.76</ele><time>2025-07-19T03:58:45+00:00</time></trkpt><trkpt lat="45.68472" lon="6.46939"><ele>1927.84</ele><time>2025-07-19T03:58:50+00:00</time></trkpt><trkpt lat="45.68466" lon="6.46943"><ele>1927.84</ele><time>2025-07-19T03:58:53+00:00</time></trkpt><trkpt lat="45.68465" lon="6.46950"><ele>1928.46</ele><time>2025-07-19T03:58:56+00:00</time></trkpt><trkpt lat="45.68470" lon="6.46965"><ele>1929.92</ele><time>2025-07-19T03:59:03+00:00</time></trkpt><trkpt lat="45.68498" lon="6.47025"><ele>1957.46</ele><time>2025-07-19T04:01:16+00:00</time></trkpt><trkpt lat="45.68501" lon="6.47047"><ele>1959.29</ele><time>2025-07-19T04:01:26+00:00</time></trkpt><trkpt lat="45.68500" lon="6.47058"><ele>1960.38</ele><time>2025-07-19T04:01:31+00:00</time></trkpt><trkpt lat="45.68496" lon="6.47052"><ele>1960.38</ele><time>2025-07-19T04:01:33+00:00</time></trkpt><trkpt lat="45.68478" lon="6.47042"><ele>1962.96</ele><time>2025-07-19T04:01:45+00:00</time></trkpt><trkpt lat="45.68469" lon="6.47033"><ele>1964.28</ele><time>2025-07-19T04:01:52+00:00</time></trkpt><trkpt lat="45.68463" lon="6.47034"><ele>1966.45</ele><time>2025-07-19T04:02:00+00:00</time></trkpt><trkpt lat="45.68451" lon="6.47027"><ele>1972.00</ele><time>2025-07-19T04:02:23+00:00</time></trkpt><trkpt lat="45.68433" lon="6.47012"><ele>1973.42</ele><time>2025-07-19T04:02:34+00:00</time></trkpt><trkpt lat="45.68426" lon="6.47010"><ele>1975.02</ele><time>2025-07-19T04:02:40+00:00</time></trkpt><trkpt lat="45.68422" lon="6.47004"><ele>1979.61</ele><time>2025-07-19T04:03:14+00:00</time></trkpt><trkpt lat="45.68412" lon="6.47006"><ele>1983.88</ele><time>2025-07-19T04:03:32+00:00</time></trkpt><trkpt lat="45.68380" lon="6.46986"><ele>1995.82</ele><time>2025-07-19T04:04:18+00:00</time></trkpt><trkpt lat="45.68377" lon="6.46982"><ele>1997.47</ele><time>2025-07-19T04:04:25+00:00</time></trkpt><trkpt lat="45.68372" lon="6.46983"><ele>1998.12</ele><time>2025-07-19T04:04:28+00:00</time></trkpt><trkpt lat="45.68369" lon="6.46988"><ele>1999.64</ele><time>2025-07-19T04:04:34+00:00</time></trkpt><trkpt lat="45.68362" lon="6.46992"><ele>2000.55</ele><time>2025-07-19T04:04:38+00:00</time></trkpt><trkpt lat="45.68359" lon="6.46990"><ele>2000.55</ele><time>2025-07-19T04:04:40+00:00</time></trkpt><trkpt lat="45.68355" lon="6.46992"><ele>2000.55</ele><time>2025-07-19T04:04:41+00:00</time></trkpt><trkpt lat="45.68353" lon="6.47002"><ele>2000.55</ele><time>2025-07-19T04:04:44+00:00</time></trkpt><trkpt lat="45.68350" lon="6.47005"><ele>2002.33</ele><time>2025-07-19T04:04:52+00:00</time></trkpt><trkpt lat="45.68336" lon="6.47007"><ele>2003.75</ele><time>2025-07-19T04:05:00+00:00</time></trkpt><trkpt lat="45.68328" lon="6.47006"><ele>2008.08</ele><time>2025-07-19T04:05:21+00:00</time></trkpt><trkpt lat="45.68308" lon="6.46989"><ele>2020.41</ele><time>2025-07-19T04:06:19+00:00</time></trkpt><trkpt lat="45.68290" lon="6.46981"><ele>2031.64</ele><time>2025-07-19T04:07:18+00:00</time></trkpt><trkpt lat="45.68289" lon="6.46995"><ele>2037.02</ele><time>2025-07-19T04:07:44+00:00</time></trkpt><trkpt lat="45.68285" lon="6.47005"><ele>2037.02</ele><time>2025-07-19T04:07:47+00:00</time></trkpt><trkpt lat="45.68284" lon="6.47024"><ele>2041.62</ele><time>2025-07-19T04:08:05+00:00</time></trkpt><trkpt lat="45.68271" lon="6.47032"><ele>2046.24</ele><time>2025-07-19T04:08:23+00:00</time></trkpt><trkpt lat="45.68279" lon="6.47038"><ele>2048.06</ele><time>2025-07-19T04:08:30+00:00</time></trkpt><trkpt lat="45.68281" lon="6.47052"><ele>2054.54</ele><time>2025-07-19T04:09:07+00:00</time></trkpt><trkpt lat="45.68281" lon="6.47074"><ele>2062.30</ele><time>2025-07-19T04:09:42+00:00</time></trkpt><trkpt lat="45.68278" lon="6.47088"><ele>2062.30</ele><time>2025-07-19T04:09:47+00:00</time></trkpt><trkpt lat="45.68281" lon="6.47105"><ele>2069.19</ele><time>2025-07-19T04:10:21+00:00</time></trkpt><trkpt lat="45.68277" lon="6.47117"><ele>2071.34</ele><time>2025-07-19T04:10:29+00:00</time></trkpt><trkpt lat="45.68279" lon="6.47121"><ele>2071.34</ele><time>2025-07-19T04:10:30+00:00</time></trkpt><trkpt lat="45.68285" lon="6.47120"><ele>2074.51</ele><time>2025-07-19T04:10:45+00:00</time></trkpt><trkpt lat="45.68291" lon="6.47149"><ele>2084.17</ele><time>2025-07-19T04:11:27+00:00</time></trkpt><trkpt lat="45.68281" lon="6.47173"><ele>2094.82</ele><time>2025-07-19T04:12:18+00:00</time></trkpt><trkpt lat="45.68289" lon="6.47179"><ele>2098.72</ele><time>2025-07-19T04:12:35+00:00</time></trkpt><trkpt lat="45.68297" lon="6.47178"><ele>2098.72</ele><time>2025-07-19T04:12:38+00:00</time></trkpt><trkpt lat="45.68302" lon="6.47206"><ele>2108.69</ele><time>2025-07-19T04:13:23+00:00</time></trkpt><trkpt lat="45.68299" lon="6.47248"><ele>2121.18</ele><time>2025-07-19T04:14:14+00:00</time></trkpt><trkpt lat="45.68306" lon="6.47258"><ele>2121.18</ele><time>2025-07-19T04:14:18+00:00</time></trkpt><trkpt lat="45.68316" lon="6.47305"><ele>2132.16</ele><time>2025-07-19T04:15:00+00:00</time></trkpt><trkpt lat="45.68330" lon="6.47335"><ele>2141.11</ele><time>2025-07-19T04:15:35+00:00</time></trkpt><trkpt lat="45.68334" lon="6.47358"><ele>2141.11</ele><time>2025-07-19T04:15:42+00:00</time></trkpt><trkpt lat="45.68344" lon="6.47383"><ele>2147.35</ele><time>2025-07-19T04:16:06+00:00</time></trkpt><trkpt lat="45.68349" lon="6.47424"><ele>2154.62</ele><time>2025-07-19T04:16:34+00:00</time></trkpt><trkpt lat="45.68343" lon="6.47488"><ele>2159.41</ele><time>2025-07-19T04:16:59+00:00</time></trkpt><trkpt lat="45.68336" lon="6.47510"><ele>2160.93</ele><time>2025-07-19T04:17:09+00:00</time></trkpt><trkpt lat="45.68299" lon="6.47593"><ele>2180.74</ele><time>2025-07-19T04:18:24+00:00</time></trkpt><trkpt lat="45.68302" lon="6.47641"><ele>2189.78</ele><time>2025-07-19T04:18:59+00:00</time></trkpt><trkpt lat="45.68315" lon="6.47658"><ele>2198.03</ele><time>2025-07-19T04:19:34+00:00</time></trkpt><trkpt lat="45.68326" lon="6.47688"><ele>2200.88</ele><time>2025-07-19T04:19:49+00:00</time></trkpt><trkpt lat="45.68337" lon="6.47703"><ele>2206.66</ele><time>2025-07-19T04:20:12+00:00</time></trkpt><trkpt lat="45.68334" lon="6.47720"><ele>2209.07</ele><time>2025-07-19T04:20:21+00:00</time></trkpt><trkpt lat="45.68320" lon="6.47751"><ele>2212.94</ele><time>2025-07-19T04:20:39+00:00</time></trkpt><trkpt lat="45.68315" lon="6.47791"><ele>2215.51</ele><time>2025-07-19T04:20:54+00:00</time></trkpt><trkpt lat="45.68313" lon="6.47844"><ele>2215.19</ele><time>2025-07-19T04:21:09+00:00</time></trkpt><trkpt lat="45.68304" lon="6.47887"><ele>2214.87</ele><time>2025-07-19T04:21:21+00:00</time></trkpt><trkpt lat="45.68305" lon="6.47898"><ele>2214.87</ele><time>2025-07-19T04:21:24+00:00</time></trkpt><trkpt lat="45.68278" lon="6.47968"><ele>2213.03</ele><time>2025-07-19T04:21:44+00:00</time></trkpt><trkpt lat="45.68271" lon="6.47998"><ele>2213.03</ele><time>2025-07-19T04:21:53+00:00</time></trkpt><trkpt lat="45.68269" lon="6.48016"><ele>2213.03</ele><time>2025-07-19T04:21:58+00:00</time></trkpt><trkpt lat="45.68280" lon="6.48095"><ele>2222.06</ele><time>2025-07-19T04:22:37+00:00</time></trkpt><trkpt lat="45.68278" lon="6.48118"><ele>2222.06</ele><time>2025-07-19T04:22:44+00:00</time></trkpt><trkpt lat="45.68283" lon="6.48152"><ele>2222.84</ele><time>2025-07-19T04:22:55+00:00</time></trkpt><trkpt lat="45.68280" lon="6.48203"><ele>2225.10</ele><time>2025-07-19T04:23:12+00:00</time></trkpt><trkpt lat="45.68264" lon="6.48243"><ele>2226.96</ele><time>2025-07-19T04:23:28+00:00</time></trkpt><trkpt lat="45.68265" lon="6.48270"><ele>2227.85</ele><time>2025-07-19T04:23:37+00:00</time></trkpt><trkpt lat="45.68258" lon="6.48336"><ele>2241.25</ele><time>2025-07-19T04:24:28+00:00</time></trkpt><trkpt lat="45.68236" lon="6.48380"><ele>2243.70</ele><time>2025-07-19T04:24:46+00:00</time></trkpt><trkpt lat="45.68234" lon="6.48404"><ele>2245.13</ele><time>2025-07-19T04:24:55+00:00</time></trkpt><trkpt lat="45.68227" lon="6.48424"><ele>2245.13</ele><time>2025-07-19T04:25:02+00:00</time></trkpt><trkpt lat="45.68230" lon="6.48438"><ele>2245.67</ele><time>2025-07-19T04:25:06+00:00</time></trkpt><trkpt lat="45.68221" lon="6.48459"><ele>2246.20</ele><time>2025-07-19T04:25:14+00:00</time></trkpt><trkpt lat="45.68226" lon="6.48499"><ele>2247.19</ele><time>2025-07-19T04:25:27+00:00</time></trkpt><trkpt lat="45.68225" lon="6.48526"><ele>2248.26</ele><time>2025-07-19T04:25:36+00:00</time></trkpt><trkpt lat="45.68207" lon="6.48561"><ele>2248.29</ele><time>2025-07-19T04:25:48+00:00</time></trkpt><trkpt lat="45.68199" lon="6.48584"><ele>2248.09</ele><time>2025-07-19T04:25:55+00:00</time></trkpt><trkpt lat="45.68185" lon="6.48598"><ele>2248.09</ele><time>2025-07-19T04:26:02+00:00</time></trkpt><trkpt lat="45.68171" lon="6.48634"><ele>2247.49</ele><time>2025-07-19T04:26:13+00:00</time></trkpt><trkpt lat="45.68169" lon="6.48697"><ele>2246.61</ele><time>2025-07-19T04:26:29+00:00</time></trkpt><trkpt lat="45.68069" lon="6.48798"><ele>2251.87</ele><time>2025-07-19T04:27:26+00:00</time></trkpt><trkpt lat="45.68063" lon="6.48812"><ele>2251.87</ele><time>2025-07-19T04:27:30+00:00</time></trkpt><trkpt lat="45.68063" lon="6.48848"><ele>2252.10</ele><time>2025-07-19T04:27:41+00:00</time></trkpt><trkpt lat="45.68061" lon="6.48849"><ele>2252.10</ele><time>2025-07-19T04:27:41+00:00</time></trkpt><trkpt lat="45.68077" lon="6.48882"><ele>2252.45</ele><time>2025-07-19T04:27:53+00:00</time></trkpt><trkpt lat="45.68087" lon="6.48931"><ele>2252.97</ele><time>2025-07-19T04:28:08+00:00</time></trkpt><trkpt lat="45.68105" lon="6.48961"><ele>2252.96</ele><time>2025-07-19T04:28:19+00:00</time></trkpt><trkpt lat="45.68131" lon="6.49017"><ele>2266.06</ele><time>2025-07-19T04:29:09+00:00</time></trkpt><trkpt lat="45.68158" lon="6.49056"><ele>2268.71</ele><time>2025-07-19T04:29:28+00:00</time></trkpt><trkpt lat="45.68183" lon="6.49068"><ele>2275.72</ele><time>2025-07-19T04:29:55+00:00</time></trkpt><trkpt lat="45.68214" lon="6.49095"><ele>2289.57</ele><time>2025-07-19T04:30:50+00:00</time></trkpt><trkpt lat="45.68237" lon="6.49106"><ele>2296.40</ele><time>2025-07-19T04:31:16+00:00</time></trkpt><trkpt lat="45.68241" lon="6.49116"><ele>2296.40</ele><time>2025-07-19T04:31:19+00:00</time></trkpt><trkpt lat="45.68239" lon="6.49134"><ele>2298.26</ele><time>2025-07-19T04:31:28+00:00</time></trkpt><trkpt lat="45.68246" lon="6.49149"><ele>2301.94</ele><time>2025-07-19T04:31:42+00:00</time></trkpt><trkpt lat="45.68245" lon="6.49162"><ele>2301.94</ele><time>2025-07-19T04:31:45+00:00</time></trkpt><trkpt lat="45.68258" lon="6.49153"><ele>2307.25</ele><time>2025-07-19T04:32:06+00:00</time></trkpt><trkpt lat="45.68257" lon="6.49172"><ele>2309.21</ele><time>2025-07-19T04:32:15+00:00</time></trkpt><trkpt lat="45.68243" lon="6.49199"><ele>2317.03</ele><time>2025-07-19T04:32:45+00:00</time></trkpt><trkpt lat="45.68217" lon="6.49223"><ele>2323.38</ele><time>2025-07-19T04:33:11+00:00</time></trkpt><trkpt lat="45.68171" lon="6.49232"><ele>2348.14</ele><time>2025-07-19T04:35:08+00:00</time></trkpt><trkpt lat="45.68156" lon="6.49238"><ele>2349.80</ele><time>2025-07-19T04:35:17+00:00</time></trkpt><trkpt lat="45.68148" lon="6.49236"><ele>2349.80</ele><time>2025-07-19T04:35:20+00:00</time></trkpt><trkpt lat="45.68130" lon="6.49260"><ele>2355.00</ele><time>2025-07-19T04:35:41+00:00</time></trkpt><trkpt lat="45.68105" lon="6.49253"><ele>2364.94</ele><time>2025-07-19T04:36:21+00:00</time></trkpt><trkpt lat="45.68067" lon="6.49251"><ele>2367.38</ele><time>2025-07-19T04:36:40+00:00</time></trkpt><trkpt lat="45.68060" lon="6.49257"><ele>2365.83</ele><time>2025-07-19T04:36:42+00:00</time></trkpt><trkpt lat="45.68057" lon="6.49265"><ele>2362.95</ele><time>2025-07-19T04:36:47+00:00</time></trkpt><trkpt lat="45.68050" lon="6.49310"><ele>2357.87</ele><time>2025-07-19T04:36:57+00:00</time></trkpt><trkpt lat="45.68054" lon="6.49325"><ele>2352.84</ele><time>2025-07-19T04:37:05+00:00</time></trkpt><trkpt lat="45.68062" lon="6.49334"><ele>2346.98</ele><time>2025-07-19T04:37:20+00:00</time></trkpt><trkpt lat="45.68071" lon="6.49368"><ele>2343.82</ele><time>2025-07-19T04:37:28+00:00</time></trkpt><trkpt lat="45.68082" lon="6.49387"><ele>2335.90</ele><time>2025-07-19T04:37:42+00:00</time></trkpt><trkpt lat="45.68095" lon="6.49438"><ele>2321.19</ele><time>2025-07-19T04:38:03+00:00</time></trkpt><trkpt lat="45.68094" lon="6.49455"><ele>2316.49</ele><time>2025-07-19T04:38:10+00:00</time></trkpt><trkpt lat="45.68085" lon="6.49465"><ele>2310.72</ele><time>2025-07-19T04:38:22+00:00</time></trkpt><trkpt lat="45.68074" lon="6.49527"><ele>2295.07</ele><time>2025-07-19T04:38:43+00:00</time></trkpt><trkpt lat="45.68067" lon="6.49548"><ele>2289.68</ele><time>2025-07-19T04:38:50+00:00</time></trkpt><trkpt lat="45.68057" lon="6.49556"><ele>2289.68</ele><time>2025-07-19T04:38:55+00:00</time></trkpt><trkpt lat="45.68020" lon="6.49658"><ele>2263.23</ele><time>2025-07-19T04:39:30+00:00</time></trkpt><trkpt lat="45.68023" lon="6.49676"><ele>2263.23</ele><time>2025-07-19T04:39:35+00:00</time></trkpt><trkpt lat="45.68021" lon="6.49699"><ele>2263.23</ele><time>2025-07-19T04:39:42+00:00</time></trkpt><trkpt lat="45.68015" lon="6.49716"><ele>2261.23</ele><time>2025-07-19T04:39:46+00:00</time></trkpt><trkpt lat="45.68018" lon="6.49771"><ele>2252.49</ele><time>2025-07-19T04:39:58+00:00</time></trkpt><trkpt lat="45.68038" lon="6.49795"><ele>2246.92</ele><time>2025-07-19T04:40:06+00:00</time></trkpt><trkpt lat="45.68038" lon="6.49819"><ele>2244.52</ele><time>2025-07-19T04:40:11+00:00</time></trkpt><trkpt lat="45.68035" lon="6.49841"><ele>2238.38</ele><time>2025-07-19T04:40:20+00:00</time></trkpt><trkpt lat="45.68027" lon="6.49858"><ele>2234.19</ele><time>2025-07-19T04:40:25+00:00</time></trkpt><trkpt lat="45.68021" lon="6.49885"><ele>2230.35</ele><time>2025-07-19T04:40:31+00:00</time></trkpt><trkpt lat="45.68012" lon="6.49888"><ele>2229.64</ele><time>2025-07-19T04:40:34+00:00</time></trkpt><trkpt lat="45.68008" lon="6.49894"><ele>2228.37</ele><time>2025-07-19T04:40:36+00:00</time></trkpt><trkpt lat="45.68007" lon="6.49905"><ele>2228.37</ele><time>2025-07-19T04:40:39+00:00</time></trkpt><trkpt lat="45.67991" lon="6.49916"><ele>2225.54</ele><time>2025-07-19T04:40:44+00:00</time></trkpt><trkpt lat="45.67991" lon="6.49919"><ele>2225.54</ele><time>2025-07-19T04:40:45+00:00</time></trkpt><trkpt lat="45.67994" lon="6.49923"><ele>2224.88</ele><time>2025-07-19T04:40:46+00:00</time></trkpt><trkpt lat="45.67993" lon="6.49957"><ele>2219.36</ele><time>2025-07-19T04:40:54+00:00</time></trkpt><trkpt lat="45.68002" lon="6.49968"><ele>2217.79</ele><time>2025-07-19T04:40:57+00:00</time></trkpt><trkpt lat="45.68020" lon="6.49978"><ele>2211.88</ele><time>2025-07-19T04:41:05+00:00</time></trkpt><trkpt lat="45.68022" lon="6.49991"><ele>2209.95</ele><time>2025-07-19T04:41:08+00:00</time></trkpt><trkpt lat="45.68021" lon="6.50008"><ele>2206.56</ele><time>2025-07-19T04:41:12+00:00</time></trkpt><trkpt lat="45.68028" lon="6.50031"><ele>2202.53</ele><time>2025-07-19T04:41:18+00:00</time></trkpt><trkpt lat="45.68023" lon="6.50049"><ele>2198.85</ele><time>2025-07-19T04:41:23+00:00</time></trkpt><trkpt lat="45.68015" lon="6.50059"><ele>2196.85</ele><time>2025-07-19T04:41:26+00:00</time></trkpt><trkpt lat="45.68015" lon="6.50070"><ele>2191.41</ele><time>2025-07-19T04:41:46+00:00</time></trkpt><trkpt lat="45.68022" lon="6.50098"><ele>2189.11</ele><time>2025-07-19T04:41:53+00:00</time></trkpt><trkpt lat="45.68034" lon="6.50125"><ele>2176.17</ele><time>2025-07-19T04:42:26+00:00</time></trkpt><trkpt lat="45.68049" lon="6.50177"><ele>2165.53</ele><time>2025-07-19T04:42:40+00:00</time></trkpt><trkpt lat="45.68052" lon="6.50178"><ele>2165.53</ele><time>2025-07-19T04:42:41+00:00</time></trkpt><trkpt lat="45.68065" lon="6.50200"><ele>2159.77</ele><time>2025-07-19T04:42:48+00:00</time></trkpt><trkpt lat="45.68073" lon="6.50252"><ele>2150.38</ele><time>2025-07-19T04:43:01+00:00</time></trkpt><trkpt lat="45.68068" lon="6.50265"><ele>2141.28</ele><time>2025-07-19T04:43:57+00:00</time></trkpt><trkpt lat="45.68076" lon="6.50318"><ele>2129.54</ele><time>2025-07-19T04:44:13+00:00</time></trkpt><trkpt lat="45.68071" lon="6.50338"><ele>2125.55</ele><time>2025-07-19T04:44:18+00:00</time></trkpt><trkpt lat="45.68073" lon="6.50373"><ele>2117.91</ele><time>2025-07-19T04:44:28+00:00</time></trkpt><trkpt lat="45.68053" lon="6.50409"><ele>2106.59</ele><time>2025-07-19T04:44:43+00:00</time></trkpt><trkpt lat="45.68056" lon="6.50424"><ele>2106.59</ele><time>2025-07-19T04:44:48+00:00</time></trkpt><trkpt lat="45.68072" lon="6.50455"><ele>2101.39</ele><time>2025-07-19T04:44:56+00:00</time></trkpt><trkpt lat="45.68078" lon="6.50458"><ele>2101.39</ele><time>2025-07-19T04:44:58+00:00</time></trkpt><trkpt lat="45.68081" lon="6.50481"><ele>2097.88</ele><time>2025-07-19T04:45:03+00:00</time></trkpt><trkpt lat="45.68076" lon="6.50507"><ele>2096.73</ele><time>2025-07-19T04:45:10+00:00</time></trkpt><trkpt lat="45.68080" lon="6.50528"><ele>2094.63</ele><time>2025-07-19T04:45:14+00:00</time></trkpt><trkpt lat="45.68093" lon="6.50555"><ele>2093.71</ele><time>2025-07-19T04:45:22+00:00</time></trkpt><trkpt lat="45.68122" lon="6.50634"><ele>2084.44</ele><time>2025-07-19T04:45:41+00:00</time></trkpt><trkpt lat="45.68126" lon="6.50684"><ele>2084.44</ele><time>2025-07-19T04:45:55+00:00</time></trkpt><trkpt lat="45.68131" lon="6.50695"><ele>2084.44</ele><time>2025-07-19T04:45:59+00:00</time></trkpt><trkpt lat="45.68215" lon="6.50786"><ele>2084.97</ele><time>2025-07-19T04:46:41+00:00</time></trkpt><trkpt lat="45.68224" lon="6.50825"><ele>2084.27</ele><time>2025-07-19T04:46:52+00:00</time></trkpt><trkpt lat="45.68224" lon="6.50842"><ele>2084.27</ele><time>2025-07-19T04:46:57+00:00</time></trkpt><trkpt lat="45.68230" lon="6.50861"><ele>2083.63</ele><time>2025-07-19T04:47:02+00:00</time></trkpt><trkpt lat="45.68301" lon="6.50976"><ele>2055.68</ele><time>2025-07-19T04:47:39+00:00</time></trkpt><trkpt lat="45.68304" lon="6.50986"><ele>2055.63</ele><time>2025-07-19T04:47:42+00:00</time></trkpt><trkpt lat="45.68304" lon="6.51003"><ele>2055.57</ele><time>2025-07-19T04:47:46+00:00</time></trkpt><trkpt lat="45.68314" lon="6.51003"><ele>2055.57</ele><time>2025-07-19T04:47:50+00:00</time></trkpt><trkpt lat="45.68325" lon="6.51015"><ele>2055.48</ele><time>2025-07-19T04:47:56+00:00</time></trkpt><trkpt lat="45.68331" lon="6.51018"><ele>2055.44</ele><time>2025-07-19T04:47:58+00:00</time></trkpt><trkpt lat="45.68334" lon="6.51024"><ele>2055.40</ele><time>2025-07-19T04:48:00+00:00</time></trkpt><trkpt lat="45.68336" lon="6.51059"><ele>2054.97</ele><time>2025-07-19T04:48:09+00:00</time></trkpt><trkpt lat="45.68341" lon="6.51070"><ele>2054.97</ele><time>2025-07-19T04:48:13+00:00</time></trkpt><trkpt lat="45.68342" lon="6.51088"><ele>2053.48</ele><time>2025-07-19T04:48:17+00:00</time></trkpt><trkpt lat="45.68348" lon="6.51103"><ele>2053.48</ele><time>2025-07-19T04:48:22+00:00</time></trkpt><trkpt lat="45.68348" lon="6.51138"><ele>2050.72</ele><time>2025-07-19T04:48:29+00:00</time></trkpt><trkpt lat="45.68344" lon="6.51145"><ele>2049.91</ele><time>2025-07-19T04:48:31+00:00</time></trkpt><trkpt lat="45.68340" lon="6.51172"><ele>2047.46</ele><time>2025-07-19T04:48:37+00:00</time></trkpt><trkpt lat="45.68346" lon="6.51185"><ele>2046.72</ele><time>2025-07-19T04:48:41+00:00</time></trkpt><trkpt lat="45.68357" lon="6.51194"><ele>2045.91</ele><time>2025-07-19T04:48:45+00:00</time></trkpt><trkpt lat="45.68359" lon="6.51209"><ele>2044.96</ele><time>2025-07-19T04:48:48+00:00</time></trkpt><trkpt lat="45.68350" lon="6.51230"><ele>2044.31</ele><time>2025-07-19T04:48:54+00:00</time></trkpt><trkpt lat="45.68361" lon="6.51319"><ele>2034.39</ele><time>2025-07-19T04:49:13+00:00</time></trkpt><trkpt lat="45.68351" lon="6.51376"><ele>2032.57</ele><time>2025-07-19T04:49:28+00:00</time></trkpt><trkpt lat="45.68349" lon="6.51430"><ele>2029.08</ele><time>2025-07-19T04:49:39+00:00</time></trkpt><trkpt lat="45.68357" lon="6.51490"><ele>2025.07</ele><time>2025-07-19T04:49:53+00:00</time></trkpt><trkpt lat="45.68355" lon="6.51499"><ele>2023.77</ele><time>2025-07-19T04:49:55+00:00</time></trkpt><trkpt lat="45.68350" lon="6.51504"><ele>2023.06</ele><time>2025-07-19T04:49:57+00:00</time></trkpt><trkpt lat="45.68343" lon="6.51566"><ele>2021.84</ele><time>2025-07-19T04:50:13+00:00</time></trkpt><trkpt lat="45.68358" lon="6.51708"><ele>2011.67</ele><time>2025-07-19T04:50:44+00:00</time></trkpt><trkpt lat="45.68355" lon="6.51811"><ele>2007.37</ele><time>2025-07-19T04:51:09+00:00</time></trkpt><trkpt lat="45.68352" lon="6.51833"><ele>2007.31</ele><time>2025-07-19T04:51:15+00:00</time></trkpt><trkpt lat="45.68332" lon="6.51880"><ele>2006.94</ele><time>2025-07-19T04:51:30+00:00</time></trkpt><trkpt lat="45.68326" lon="6.51937"><ele>2006.95</ele><time>2025-07-19T04:51:46+00:00</time></trkpt><trkpt lat="45.68332" lon="6.52000"><ele>2007.10</ele><time>2025-07-19T04:52:04+00:00</time></trkpt><trkpt lat="45.68347" lon="6.52059"><ele>2007.54</ele><time>2025-07-19T04:52:22+00:00</time></trkpt><trkpt lat="45.68347" lon="6.52088"><ele>2007.80</ele><time>2025-07-19T04:52:30+00:00</time></trkpt><trkpt lat="45.68377" lon="6.52139"><ele>2009.16</ele><time>2025-07-19T04:52:51+00:00</time></trkpt><trkpt lat="45.68389" lon="6.52170"><ele>2009.16</ele><time>2025-07-19T04:53:01+00:00</time></trkpt><trkpt lat="45.68393" lon="6.52187"><ele>2009.16</ele><time>2025-07-19T04:53:06+00:00</time></trkpt><trkpt lat="45.68424" lon="6.52250"><ele>1995.77</ele><time>2025-07-19T04:53:23+00:00</time></trkpt><trkpt lat="45.68439" lon="6.52275"><ele>1995.77</ele><time>2025-07-19T04:53:33+00:00</time></trkpt><trkpt lat="45.68456" lon="6.52387"><ele>1968.77</ele><time>2025-07-19T04:54:09+00:00</time></trkpt><trkpt lat="45.68450" lon="6.52412"><ele>1968.77</ele><time>2025-07-19T04:54:16+00:00</time></trkpt><trkpt lat="45.68449" lon="6.52432"><ele>1968.77</ele><time>2025-07-19T04:54:22+00:00</time></trkpt><trkpt lat="45.68460" lon="6.52544"><ele>1948.72</ele><time>2025-07-19T04:54:48+00:00</time></trkpt><trkpt lat="45.68473" lon="6.52596"><ele>1948.72</ele><time>2025-07-19T04:55:04+00:00</time></trkpt><trkpt lat="45.68468" lon="6.52692"><ele>1911.40</ele><time>2025-07-19T04:56:31+00:00</time></trkpt><trkpt lat="45.68464" lon="6.52727"><ele>1909.04</ele><time>2025-07-19T04:56:39+00:00</time></trkpt><trkpt lat="45.68438" lon="6.52776"><ele>1906.56</ele><time>2025-07-19T04:56:54+00:00</time></trkpt><trkpt lat="45.68403" lon="6.52884"><ele>1872.64</ele><time>2025-07-19T04:57:46+00:00</time></trkpt><trkpt lat="45.68407" lon="6.52902"><ele>1871.15</ele><time>2025-07-19T04:57:50+00:00</time></trkpt><trkpt lat="45.68417" lon="6.52920"><ele>1869.45</ele><time>2025-07-19T04:57:55+00:00</time></trkpt><trkpt lat="45.68423" lon="6.52950"><ele>1866.09</ele><time>2025-07-19T04:58:01+00:00</time></trkpt><trkpt lat="45.68425" lon="6.52974"><ele>1862.41</ele><time>2025-07-19T04:58:07+00:00</time></trkpt><trkpt lat="45.68430" lon="6.52987"><ele>1858.82</ele><time>2025-07-19T04:58:12+00:00</time></trkpt><trkpt lat="45.68435" lon="6.53015"><ele>1855.49</ele><time>2025-07-19T04:58:18+00:00</time></trkpt><trkpt lat="45.68425" lon="6.53035"><ele>1853.71</ele><time>2025-07-19T04:58:23+00:00</time></trkpt><trkpt lat="45.68421" lon="6.53052"><ele>1852.24</ele><time>2025-07-19T04:58:27+00:00</time></trkpt><trkpt lat="45.68376" lon="6.53092"><ele>1833.06</ele><time>2025-07-19T04:58:53+00:00</time></trkpt><trkpt lat="45.68374" lon="6.53109"><ele>1833.06</ele><time>2025-07-19T04:58:58+00:00</time></trkpt><trkpt lat="45.68355" lon="6.53173"><ele>1812.75</ele><time>2025-07-19T04:59:30+00:00</time></trkpt><trkpt lat="45.68354" lon="6.53209"><ele>1811.86</ele><time>2025-07-19T04:59:39+00:00</time></trkpt><trkpt lat="45.68348" lon="6.53234"><ele>1811.86</ele><time>2025-07-19T04:59:47+00:00</time></trkpt><trkpt lat="45.68343" lon="6.53241"><ele>1811.10</ele><time>2025-07-19T04:59:49+00:00</time></trkpt><trkpt lat="45.68325" lon="6.53311"><ele>1780.61</ele><time>2025-07-19T05:01:08+00:00</time></trkpt><trkpt lat="45.68328" lon="6.53333"><ele>1778.66</ele><time>2025-07-19T05:01:12+00:00</time></trkpt><trkpt lat="45.68339" lon="6.53352"><ele>1776.95</ele><time>2025-07-19T05:01:18+00:00</time></trkpt><trkpt lat="45.68348" lon="6.53386"><ele>1773.05</ele><time>2025-07-19T05:01:25+00:00</time></trkpt><trkpt lat="45.68362" lon="6.53404"><ele>1771.17</ele><time>2025-07-19T05:01:31+00:00</time></trkpt><trkpt lat="45.68373" lon="6.53435"><ele>1766.03</ele><time>2025-07-19T05:01:39+00:00</time></trkpt><trkpt lat="45.68399" lon="6.53474"><ele>1760.62</ele><time>2025-07-19T05:01:50+00:00</time></trkpt><trkpt lat="45.68430" lon="6.53530"><ele>1740.61</ele><time>2025-07-19T05:02:20+00:00</time></trkpt><trkpt lat="45.68446" lon="6.53554"><ele>1740.61</ele><time>2025-07-19T05:02:29+00:00</time></trkpt><trkpt lat="45.68490" lon="6.53585"><ele>1720.69</ele><time>2025-07-19T05:03:00+00:00</time></trkpt><trkpt lat="45.68504" lon="6.53613"><ele>1717.05</ele><time>2025-07-19T05:03:07+00:00</time></trkpt><trkpt lat="45.68543" lon="6.53627"><ele>1708.59</ele><time>2025-07-19T05:03:19+00:00</time></trkpt><trkpt lat="45.68551" lon="6.53617"><ele>1706.12</ele><time>2025-07-19T05:03:23+00:00</time></trkpt><trkpt lat="45.68552" lon="6.53630"><ele>1704.45</ele><time>2025-07-19T05:03:25+00:00</time></trkpt><trkpt lat="45.68549" lon="6.53647"><ele>1704.45</ele><time>2025-07-19T05:03:30+00:00</time></trkpt><trkpt lat="45.68532" lon="6.53673"><ele>1702.41</ele><time>2025-07-19T05:03:38+00:00</time></trkpt><trkpt lat="45.68526" lon="6.53678"><ele>1702.41</ele><time>2025-07-19T05:03:41+00:00</time></trkpt><trkpt lat="45.68499" lon="6.53733"><ele>1675.65</ele><time>2025-07-19T05:04:47+00:00</time></trkpt><trkpt lat="45.68477" lon="6.53757"><ele>1670.37</ele><time>2025-07-19T05:04:55+00:00</time></trkpt><trkpt lat="45.68447" lon="6.53768"><ele>1666.22</ele><time>2025-07-19T05:05:04+00:00</time></trkpt><trkpt lat="45.68444" lon="6.53771"><ele>1666.22</ele><time>2025-07-19T05:05:06+00:00</time></trkpt><trkpt lat="45.68443" lon="6.53776"><ele>1666.22</ele><time>2025-07-19T05:05:07+00:00</time></trkpt><trkpt lat="45.68449" lon="6.53786"><ele>1662.90</ele><time>2025-07-19T05:05:12+00:00</time></trkpt><trkpt lat="45.68467" lon="6.53801"><ele>1661.08</ele><time>2025-07-19T05:05:19+00:00</time></trkpt><trkpt lat="45.68486" lon="6.53809"><ele>1654.03</ele><time>2025-07-19T05:05:28+00:00</time></trkpt><trkpt lat="45.68483" lon="6.53821"><ele>1651.77</ele><time>2025-07-19T05:05:31+00:00</time></trkpt><trkpt lat="45.68456" lon="6.53844"><ele>1642.99</ele><time>2025-07-19T05:05:43+00:00</time></trkpt><trkpt lat="45.68440" lon="6.53848"><ele>1635.07</ele><time>2025-07-19T05:05:58+00:00</time></trkpt><trkpt lat="45.68434" lon="6.53860"><ele>1635.07</ele><time>2025-07-19T05:06:02+00:00</time></trkpt><trkpt lat="45.68408" lon="6.53880"><ele>1627.89</ele><time>2025-07-19T05:06:12+00:00</time></trkpt><trkpt lat="45.68378" lon="6.53890"><ele>1614.37</ele><time>2025-07-19T05:06:34+00:00</time></trkpt><trkpt lat="45.68354" lon="6.53908"><ele>1607.78</ele><time>2025-07-19T05:06:43+00:00</time></trkpt><trkpt lat="45.68344" lon="6.53923"><ele>1603.46</ele><time>2025-07-19T05:06:49+00:00</time></trkpt><trkpt lat="45.68334" lon="6.53927"><ele>1599.76</ele><time>2025-07-19T05:06:54+00:00</time></trkpt><trkpt lat="45.68310" lon="6.53913"><ele>1592.39</ele><time>2025-07-19T05:07:03+00:00</time></trkpt><trkpt lat="45.68301" lon="6.53916"><ele>1592.39</ele><time>2025-07-19T05:07:07+00:00</time></trkpt><trkpt lat="45.68307" lon="6.53922"><ele>1590.23</ele><time>2025-07-19T05:07:10+00:00</time></trkpt><trkpt lat="45.68304" lon="6.53926"><ele>1588.31</ele><time>2025-07-19T05:07:13+00:00</time></trkpt><trkpt lat="45.68299" lon="6.53924"><ele>1587.52</ele><time>2025-07-19T05:07:15+00:00</time></trkpt><trkpt lat="45.68291" lon="6.53929"><ele>1585.92</ele><time>2025-07-19T05:07:17+00:00</time></trkpt><trkpt lat="45.68290" lon="6.53934"><ele>1585.92</ele><time>2025-07-19T05:07:19+00:00</time></trkpt><trkpt lat="45.68285" lon="6.53934"><ele>1585.92</ele><time>2025-07-19T05:07:21+00:00</time></trkpt><trkpt lat="45.68274" lon="6.53943"><ele>1584.31</ele><time>2025-07-19T05:07:24+00:00</time></trkpt><trkpt lat="45.68274" lon="6.53954"><ele>1583.52</ele><time>2025-07-19T05:07:27+00:00</time></trkpt><trkpt lat="45.68268" lon="6.53953"><ele>1581.21</ele><time>2025-07-19T05:07:30+00:00</time></trkpt><trkpt lat="45.68265" lon="6.53955"><ele>1580.45</ele><time>2025-07-19T05:07:31+00:00</time></trkpt><trkpt lat="45.68264" lon="6.53960"><ele>1578.62</ele><time>2025-07-19T05:07:35+00:00</time></trkpt><trkpt lat="45.68291" lon="6.53991"><ele>1570.14</ele><time>2025-07-19T05:07:46+00:00</time></trkpt><trkpt lat="45.68292" lon="6.54005"><ele>1565.78</ele><time>2025-07-19T05:07:54+00:00</time></trkpt><trkpt lat="45.68284" lon="6.54024"><ele>1562.32</ele><time>2025-07-19T05:07:58+00:00</time></trkpt><trkpt lat="45.68264" lon="6.54094"><ele>1548.88</ele><time>2025-07-19T05:08:16+00:00</time></trkpt><trkpt lat="45.68257" lon="6.54131"><ele>1547.34</ele><time>2025-07-19T05:08:25+00:00</time></trkpt><trkpt lat="45.68256" lon="6.54165"><ele>1546.15</ele><time>2025-07-19T05:08:34+00:00</time></trkpt><trkpt lat="45.68249" lon="6.54195"><ele>1546.07</ele><time>2025-07-19T05:08:42+00:00</time></trkpt><trkpt lat="45.68237" lon="6.54207"><ele>1545.62</ele><time>2025-07-19T05:08:48+00:00</time></trkpt><trkpt lat="45.68224" lon="6.54233"><ele>1546.16</ele><time>2025-07-19T05:08:57+00:00</time></trkpt><trkpt lat="45.68202" lon="6.54291"><ele>1546.85</ele><time>2025-07-19T05:09:17+00:00</time></trkpt><trkpt lat="45.68176" lon="6.54387"><ele>1531.39</ele><time>2025-07-19T05:09:39+00:00</time></trkpt><trkpt lat="45.68154" lon="6.54433"><ele>1529.34</ele><time>2025-07-19T05:09:52+00:00</time></trkpt><trkpt lat="45.68127" lon="6.54439"><ele>1527.83</ele><time>2025-07-19T05:10:02+00:00</time></trkpt><trkpt lat="45.67995" lon="6.54487"><ele>1497.87</ele><time>2025-07-19T05:10:44+00:00</time></trkpt><trkpt lat="45.67977" lon="6.54470"><ele>1497.87</ele><time>2025-07-19T05:10:53+00:00</time></trkpt><trkpt lat="45.67973" lon="6.54463"><ele>1497.87</ele><time>2025-07-19T05:10:55+00:00</time></trkpt><trkpt lat="45.67911" lon="6.54429"><ele>1468.21</ele><time>2025-07-19T05:11:46+00:00</time></trkpt><trkpt lat="45.67909" lon="6.54423"><ele>1468.21</ele><time>2025-07-19T05:11:47+00:00</time></trkpt><trkpt lat="45.67946" lon="6.54362"><ele>1441.90</ele><time>2025-07-19T05:12:35+00:00</time></trkpt><trkpt lat="45.67955" lon="6.54360"><ele>1439.33</ele><time>2025-07-19T05:12:38+00:00</time></trkpt><trkpt lat="45.67970" lon="6.54352"><ele>1437.12</ele><time>2025-07-19T05:12:43+00:00</time></trkpt><trkpt lat="45.67988" lon="6.54326"><ele>1431.90</ele><time>2025-07-19T05:12:51+00:00</time></trkpt><trkpt lat="45.67987" lon="6.54317"><ele>1429.45</ele><time>2025-07-19T05:12:54+00:00</time></trkpt><trkpt lat="45.67953" lon="6.54304"><ele>1421.42</ele><time>2025-07-19T05:13:05+00:00</time></trkpt><trkpt lat="45.67915" lon="6.54303"><ele>1408.88</ele><time>2025-07-19T05:13:22+00:00</time></trkpt><trkpt lat="45.67892" lon="6.54291"><ele>1401.29</ele><time>2025-07-19T05:13:32+00:00</time></trkpt><trkpt lat="45.67851" lon="6.54284"><ele>1396.01</ele><time>2025-07-19T05:13:44+00:00</time></trkpt><trkpt lat="45.67859" lon="6.54274"><ele>1393.77</ele><time>2025-07-19T05:13:47+00:00</time></trkpt><trkpt lat="45.67886" lon="6.54272"><ele>1392.92</ele><time>2025-07-19T05:13:57+00:00</time></trkpt><trkpt lat="45.67902" lon="6.54257"><ele>1392.05</ele><time>2025-07-19T05:14:04+00:00</time></trkpt><trkpt lat="45.67904" lon="6.54235"><ele>1389.94</ele><time>2025-07-19T05:14:09+00:00</time></trkpt><trkpt lat="45.67882" lon="6.54192"><ele>1385.43</ele><time>2025-07-19T05:14:20+00:00</time></trkpt><trkpt lat="45.67868" lon="6.54147"><ele>1381.56</ele><time>2025-07-19T05:14:30+00:00</time></trkpt><trkpt lat="45.67869" lon="6.54120"><ele>1380.60</ele><time>2025-07-19T05:14:37+00:00</time></trkpt><trkpt lat="45.67862" lon="6.54116"><ele>1380.60</ele><time>2025-07-19T05:14:40+00:00</time></trkpt><trkpt lat="45.67856" lon="6.54119"><ele>1380.60</ele><time>2025-07-19T05:14:42+00:00</time></trkpt><trkpt lat="45.67858" lon="6.54200"><ele>1372.19</ele><time>2025-07-19T05:14:59+00:00</time></trkpt><trkpt lat="45.67853" lon="6.54218"><ele>1372.19</ele><time>2025-07-19T05:15:05+00:00</time></trkpt><trkpt lat="45.67843" lon="6.54229"><ele>1371.45</ele><time>2025-07-19T05:15:09+00:00</time></trkpt><trkpt lat="45.67827" lon="6.54234"><ele>1369.85</ele><time>2025-07-19T05:15:14+00:00</time></trkpt><trkpt lat="45.67814" lon="6.54251"><ele>1368.35</ele><time>2025-07-19T05:15:20+00:00</time></trkpt><trkpt lat="45.67809" lon="6.54276"><ele>1367.26</ele><time>2025-07-19T05:15:26+00:00</time></trkpt><trkpt lat="45.67806" lon="6.54280"><ele>1367.26</ele><time>2025-07-19T05:15:28+00:00</time></trkpt><trkpt lat="45.67801" lon="6.54278"><ele>1367.26</ele><time>2025-07-19T05:15:30+00:00</time></trkpt><trkpt lat="45.67800" lon="6.54267"><ele>1365.98</ele><time>2025-07-19T05:15:32+00:00</time></trkpt><trkpt lat="45.67805" lon="6.54243"><ele>1364.81</ele><time>2025-07-19T05:15:38+00:00</time></trkpt><trkpt lat="45.67815" lon="6.54213"><ele>1361.64</ele><time>2025-07-19T05:15:45+00:00</time></trkpt><trkpt lat="45.67816" lon="6.54202"><ele>1360.79</ele><time>2025-07-19T05:15:47+00:00</time></trkpt><trkpt lat="45.67804" lon="6.54175"><ele>1359.82</ele><time>2025-07-19T05:15:55+00:00</time></trkpt><trkpt lat="45.67794" lon="6.54164"><ele>1358.57</ele><time>2025-07-19T05:15:59+00:00</time></trkpt><trkpt lat="45.67763" lon="6.54119"><ele>1352.80</ele><time>2025-07-19T05:16:12+00:00</time></trkpt><trkpt lat="45.67754" lon="6.54092"><ele>1346.42</ele><time>2025-07-19T05:16:20+00:00</time></trkpt><trkpt lat="45.67714" lon="6.54117"><ele>1339.64</ele><time>2025-07-19T05:16:33+00:00</time></trkpt><trkpt lat="45.67698" lon="6.54131"><ele>1336.13</ele><time>2025-07-19T05:16:39+00:00</time></trkpt><trkpt lat="45.67654" lon="6.54152"><ele>1314.46</ele><time>2025-07-19T05:17:18+00:00</time></trkpt><trkpt lat="45.67577" lon="6.54203"><ele>1273.45</ele><time>2025-07-19T05:18:35+00:00</time></trkpt><trkpt lat="45.67543" lon="6.54233"><ele>1267.04</ele><time>2025-07-19T05:18:47+00:00</time></trkpt><trkpt lat="45.67527" lon="6.54241"><ele>1260.60</ele><time>2025-07-19T05:18:57+00:00</time></trkpt><trkpt lat="45.67512" lon="6.54256"><ele>1258.43</ele><time>2025-07-19T05:19:02+00:00</time></trkpt><trkpt lat="45.67507" lon="6.54271"><ele>1255.60</ele><time>2025-07-19T05:19:06+00:00</time></trkpt><trkpt lat="45.67496" lon="6.54282"><ele>1255.60</ele><time>2025-07-19T05:19:11+00:00</time></trkpt><trkpt lat="45.67484" lon="6.54285"><ele>1254.50</ele><time>2025-07-19T05:19:15+00:00</time></trkpt><trkpt lat="45.67477" lon="6.54293"><ele>1253.23</ele><time>2025-07-19T05:19:18+00:00</time></trkpt><trkpt lat="45.67471" lon="6.54295"><ele>1252.26</ele><time>2025-07-19T05:19:20+00:00</time></trkpt><trkpt lat="45.67442" lon="6.54333"><ele>1249.26</ele><time>2025-07-19T05:19:32+00:00</time></trkpt><trkpt lat="45.67394" lon="6.54351"><ele>1215.41</ele><time>2025-07-19T05:21:31+00:00</time></trkpt><trkpt lat="45.67386" lon="6.54346"><ele>1215.41</ele><time>2025-07-19T05:21:35+00:00</time></trkpt><trkpt lat="45.67375" lon="6.54330"><ele>1215.41</ele><time>2025-07-19T05:21:41+00:00</time></trkpt><trkpt lat="45.67371" lon="6.54332"><ele>1215.41</ele><time>2025-07-19T05:21:42+00:00</time></trkpt><trkpt lat="45.67339" lon="6.54393"><ele>1189.44</ele><time>2025-07-19T05:22:32+00:00</time></trkpt><trkpt lat="45.67327" lon="6.54442"><ele>1185.05</ele><time>2025-07-19T05:22:43+00:00</time></trkpt><trkpt lat="45.67326" lon="6.54474"><ele>1182.45</ele><time>2025-07-19T05:22:50+00:00</time></trkpt><trkpt lat="45.67323" lon="6.54472"><ele>1182.45</ele><time>2025-07-19T05:22:51+00:00</time></trkpt><trkpt lat="45.67314" lon="6.54450"><ele>1180.36</ele><time>2025-07-19T05:22:57+00:00</time></trkpt><trkpt lat="45.67304" lon="6.54435"><ele>1179.33</ele><time>2025-07-19T05:23:01+00:00</time></trkpt><trkpt lat="45.67297" lon="6.54405"><ele>1176.45</ele><time>2025-07-19T05:23:08+00:00</time></trkpt><trkpt lat="45.67291" lon="6.54398"><ele>1175.59</ele><time>2025-07-19T05:23:10+00:00</time></trkpt><trkpt lat="45.67257" lon="6.54395"><ele>1172.89</ele><time>2025-07-19T05:23:22+00:00</time></trkpt><trkpt lat="45.67246" lon="6.54402"><ele>1172.20</ele><time>2025-07-19T05:23:26+00:00</time></trkpt><trkpt lat="45.67253" lon="6.54364"><ele>1171.40</ele><time>2025-07-19T05:23:36+00:00</time></trkpt><trkpt lat="45.67275" lon="6.54284"><ele>1184.31</ele><time>2025-07-19T05:24:27+00:00</time></trkpt><trkpt lat="45.67271" lon="6.54261"><ele>1184.62</ele><time>2025-07-19T05:24:34+00:00</time></trkpt><trkpt lat="45.67265" lon="6.54245"><ele>1184.88</ele><time>2025-07-19T05:24:39+00:00</time></trkpt><trkpt lat="45.67280" lon="6.54238"><ele>1185.12</ele><time>2025-07-19T05:24:46+00:00</time></trkpt><trkpt lat="45.67282" lon="6.54219"><ele>1185.38</ele><time>2025-07-19T05:24:51+00:00</time></trkpt><trkpt lat="45.67277" lon="6.54206"><ele>1185.65</ele><time>2025-07-19T05:24:56+00:00</time></trkpt><trkpt lat="45.67263" lon="6.54205"><ele>1185.91</ele><time>2025-07-19T05:25:02+00:00</time></trkpt><trkpt lat="45.67160" lon="6.54221"><ele>1192.97</ele><time>2025-07-19T05:25:54+00:00</time></trkpt><trkpt lat="45.67162" lon="6.54180"><ele>1194.28</ele><time>2025-07-19T05:26:07+00:00</time></trkpt><trkpt lat="45.67168" lon="6.54156"><ele>1196.93</ele><time>2025-07-19T05:26:19+00:00</time></trkpt><trkpt lat="45.67185" lon="6.54113"><ele>1199.10</ele><time>2025-07-19T05:26:36+00:00</time></trkpt><trkpt lat="45.67179" lon="6.54108"><ele>1199.10</ele><time>2025-07-19T05:26:39+00:00</time></trkpt><trkpt lat="45.67168" lon="6.54115"><ele>1199.64</ele><time>2025-07-19T05:26:44+00:00</time></trkpt><trkpt lat="45.67151" lon="6.54095"><ele>1202.53</ele><time>2025-07-19T05:26:58+00:00</time></trkpt><trkpt lat="45.67130" lon="6.54055"><ele>1208.67</ele><time>2025-07-19T05:27:24+00:00</time></trkpt><trkpt lat="45.67120" lon="6.54062"><ele>1209.17</ele><time>2025-07-19T05:27:29+00:00</time></trkpt><trkpt lat="45.67111" lon="6.54074"><ele>1210.83</ele><time>2025-07-19T05:27:37+00:00</time></trkpt><trkpt lat="45.67111" lon="6.54061"><ele>1210.83</ele><time>2025-07-19T05:27:41+00:00</time></trkpt><trkpt lat="45.67099" lon="6.54059"><ele>1210.83</ele><time>2025-07-19T05:27:45+00:00</time></trkpt><trkpt lat="45.67093" lon="6.54051"><ele>1211.34</ele><time>2025-07-19T05:27:49+00:00</time></trkpt><trkpt lat="45.67089" lon="6.54030"><ele>1211.84</ele><time>2025-07-19T05:27:56+00:00</time></trkpt><trkpt lat="45.67016" lon="6.53973"><ele>1256.44</ele><time>2025-07-19T05:31:29+00:00</time></trkpt><trkpt lat="45.66987" lon="6.53926"><ele>1256.44</ele><time>2025-07-19T05:31:47+00:00</time></trkpt><trkpt lat="45.66926" lon="6.53891"><ele>1297.08</ele><time>2025-07-19T05:35:27+00:00</time></trkpt><trkpt lat="45.66920" lon="6.53880"><ele>1297.08</ele><time>2025-07-19T05:35:31+00:00</time></trkpt><trkpt lat="45.66915" lon="6.53901"><ele>1298.43</ele><time>2025-07-19T05:35:39+00:00</time></trkpt><trkpt lat="45.66908" lon="6.53893"><ele>1298.43</ele><time>2025-07-19T05:35:43+00:00</time></trkpt><trkpt lat="45.66905" lon="6.53894"><ele>1298.43</ele><time>2025-07-19T05:35:44+00:00</time></trkpt><trkpt lat="45.66913" lon="6.53939"><ele>1304.74</ele><time>2025-07-19T05:36:10+00:00</time></trkpt><trkpt lat="45.66912" lon="6.53967"><ele>1310.64</ele><time>2025-07-19T05:36:32+00:00</time></trkpt><trkpt lat="45.66908" lon="6.53977"><ele>1310.64</ele><time>2025-07-19T05:36:35+00:00</time></trkpt><trkpt lat="45.66899" lon="6.53985"><ele>1310.64</ele><time>2025-07-19T05:36:40+00:00</time></trkpt><trkpt lat="45.66878" lon="6.53995"><ele>1312.01</ele><time>2025-07-19T05:36:50+00:00</time></trkpt><trkpt lat="45.66815" lon="6.53983"><ele>1349.23</ele><time>2025-07-19T05:40:02+00:00</time></trkpt><trkpt lat="45.66798" lon="6.53952"><ele>1349.23</ele><time>2025-07-19T05:40:13+00:00</time></trkpt><trkpt lat="45.66808" lon="6.53939"><ele>1355.76</ele><time>2025-07-19T05:40:42+00:00</time></trkpt><trkpt lat="45.66774" lon="6.53940"><ele>1366.26</ele><time>2025-07-19T05:41:22+00:00</time></trkpt><trkpt lat="45.66772" lon="6.53931"><ele>1368.68</ele><time>2025-07-19T05:41:32+00:00</time></trkpt><trkpt lat="45.66779" lon="6.53932"><ele>1373.67</ele><time>2025-07-19T05:42:03+00:00</time></trkpt><trkpt lat="45.66781" lon="6.53903"><ele>1375.60</ele><time>2025-07-19T05:42:15+00:00</time></trkpt><trkpt lat="45.66768" lon="6.53885"><ele>1380.06</ele><time>2025-07-19T05:42:32+00:00</time></trkpt><trkpt lat="45.66769" lon="6.53875"><ele>1382.28</ele><time>2025-07-19T05:42:40+00:00</time></trkpt><trkpt lat="45.66755" lon="6.53871"><ele>1384.34</ele><time>2025-07-19T05:42:50+00:00</time></trkpt><trkpt lat="45.66751" lon="6.53849"><ele>1393.42</ele><time>2025-07-19T05:43:35+00:00</time></trkpt><trkpt lat="45.66715" lon="6.53848"><ele>1418.46</ele><time>2025-07-19T05:46:11+00:00</time></trkpt><trkpt lat="45.66716" lon="6.53833"><ele>1426.08</ele><time>2025-07-19T05:47:00+00:00</time></trkpt><trkpt lat="45.66685" lon="6.53813"><ele>1433.18</ele><time>2025-07-19T05:47:29+00:00</time></trkpt><trkpt lat="45.66701" lon="6.53765"><ele>1451.80</ele><time>2025-07-19T05:48:53+00:00</time></trkpt><trkpt lat="45.66690" lon="6.53735"><ele>1458.23</ele><time>2025-07-19T05:49:18+00:00</time></trkpt><trkpt lat="45.66680" lon="6.53728"><ele>1458.23</ele><time>2025-07-19T05:49:22+00:00</time></trkpt><trkpt lat="45.66630" lon="6.53755"><ele>1477.97</ele><time>2025-07-19T05:50:40+00:00</time></trkpt><trkpt lat="45.66622" lon="6.53750"><ele>1477.97</ele><time>2025-07-19T05:50:43+00:00</time></trkpt><trkpt lat="45.66621" lon="6.53742"><ele>1477.97</ele><time>2025-07-19T05:50:46+00:00</time></trkpt><trkpt lat="45.66625" lon="6.53736"><ele>1479.19</ele><time>2025-07-19T05:50:50+00:00</time></trkpt><trkpt lat="45.66645" lon="6.53725"><ele>1481.14</ele><time>2025-07-19T05:51:02+00:00</time></trkpt><trkpt lat="45.66661" lon="6.53700"><ele>1485.11</ele><time>2025-07-19T05:51:19+00:00</time></trkpt><trkpt lat="45.66660" lon="6.53689"><ele>1486.48</ele><time>2025-07-19T05:51:25+00:00</time></trkpt><trkpt lat="45.66651" lon="6.53677"><ele>1486.48</ele><time>2025-07-19T05:51:30+00:00</time></trkpt><trkpt lat="45.66646" lon="6.53693"><ele>1492.47</ele><time>2025-07-19T05:51:56+00:00</time></trkpt><trkpt lat="45.66617" lon="6.53662"><ele>1510.05</ele><time>2025-07-19T05:53:15+00:00</time></trkpt><trkpt lat="45.66589" lon="6.53644"><ele>1517.90</ele><time>2025-07-19T05:53:45+00:00</time></trkpt><trkpt lat="45.66579" lon="6.53640"><ele>1517.90</ele><time>2025-07-19T05:53:49+00:00</time></trkpt><trkpt lat="45.66562" lon="6.53646"><ele>1519.75</ele><time>2025-07-19T05:53:59+00:00</time></trkpt><trkpt lat="45.66550" lon="6.53641"><ele>1519.75</ele><time>2025-07-19T05:54:04+00:00</time></trkpt><trkpt lat="45.66500" lon="6.53610"><ele>1537.78</ele><time>2025-07-19T05:55:13+00:00</time></trkpt><trkpt lat="45.66494" lon="6.53596"><ele>1539.99</ele><time>2025-07-19T05:55:22+00:00</time></trkpt><trkpt lat="45.66479" lon="6.53534"><ele>1544.93</ele><time>2025-07-19T05:55:49+00:00</time></trkpt><trkpt lat="45.66464" lon="6.53493"><ele>1552.28</ele><time>2025-07-19T05:56:17+00:00</time></trkpt><trkpt lat="45.66461" lon="6.53467"><ele>1556.85</ele><time>2025-07-19T05:56:35+00:00</time></trkpt><trkpt lat="45.66453" lon="6.53480"><ele>1560.66</ele><time>2025-07-19T05:56:49+00:00</time></trkpt><trkpt lat="45.66433" lon="6.53459"><ele>1564.77</ele><time>2025-07-19T05:57:07+00:00</time></trkpt><trkpt lat="45.66422" lon="6.53453"><ele>1566.76</ele><time>2025-07-19T05:57:15+00:00</time></trkpt><trkpt lat="45.66418" lon="6.53443"><ele>1573.54</ele><time>2025-07-19T05:58:11+00:00</time></trkpt><trkpt lat="45.66411" lon="6.53438"><ele>1577.08</ele><time>2025-07-19T05:58:26+00:00</time></trkpt><trkpt lat="45.66389" lon="6.53408"><ele>1584.44</ele><time>2025-07-19T05:58:54+00:00</time></trkpt><trkpt lat="45.66387" lon="6.53407"><ele>1585.36</ele><time>2025-07-19T05:58:58+00:00</time></trkpt><trkpt lat="45.66382" lon="6.53410"><ele>1585.36</ele><time>2025-07-19T05:59:00+00:00</time></trkpt><trkpt lat="45.66379" lon="6.53407"><ele>1586.87</ele><time>2025-07-19T05:59:07+00:00</time></trkpt><trkpt lat="45.66370" lon="6.53406"><ele>1588.28</ele><time>2025-07-19T05:59:13+00:00</time></trkpt><trkpt lat="45.66361" lon="6.53413"><ele>1590.12</ele><time>2025-07-19T05:59:20+00:00</time></trkpt><trkpt lat="45.66356" lon="6.53407"><ele>1590.12</ele><time>2025-07-19T05:59:23+00:00</time></trkpt><trkpt lat="45.66347" lon="6.53411"><ele>1593.16</ele><time>2025-07-19T05:59:35+00:00</time></trkpt><trkpt lat="45.66342" lon="6.53444"><ele>1604.01</ele><time>2025-07-19T06:00:21+00:00</time></trkpt><trkpt lat="45.66330" lon="6.53455"><ele>1610.55</ele><time>2025-07-19T06:00:50+00:00</time></trkpt><trkpt lat="45.66327" lon="6.53473"><ele>1612.97</ele><time>2025-07-19T06:00:59+00:00</time></trkpt><trkpt lat="45.66322" lon="6.53487"><ele>1612.97</ele><time>2025-07-19T06:01:04+00:00</time></trkpt><trkpt lat="45.66316" lon="6.53492"><ele>1614.80</ele><time>2025-07-19T06:01:11+00:00</time></trkpt><trkpt lat="45.66314" lon="6.53504"><ele>1616.22</ele><time>2025-07-19T06:01:17+00:00</time></trkpt><trkpt lat="45.66311" lon="6.53500"><ele>1618.12</ele><time>2025-07-19T06:01:25+00:00</time></trkpt><trkpt lat="45.66300" lon="6.53459"><ele>1625.89</ele><time>2025-07-19T06:01:55+00:00</time></trkpt><trkpt lat="45.66289" lon="6.53446"><ele>1630.13</ele><time>2025-07-19T06:02:11+00:00</time></trkpt><trkpt lat="45.66271" lon="6.53435"><ele>1635.72</ele><time>2025-07-19T06:02:32+00:00</time></trkpt><trkpt lat="45.66263" lon="6.53434"><ele>1635.72</ele><time>2025-07-19T06:02:36+00:00</time></trkpt><trkpt lat="45.66234" lon="6.53461"><ele>1645.03</ele><time>2025-07-19T06:03:11+00:00</time></trkpt><trkpt lat="45.66232" lon="6.53488"><ele>1650.56</ele><time>2025-07-19T06:03:32+00:00</time></trkpt><trkpt lat="45.66228" lon="6.53507"><ele>1654.12</ele><time>2025-07-19T06:03:46+00:00</time></trkpt><trkpt lat="45.66203" lon="6.53560"><ele>1663.16</ele><time>2025-07-19T06:04:22+00:00</time></trkpt><trkpt lat="45.66195" lon="6.53584"><ele>1667.32</ele><time>2025-07-19T06:04:38+00:00</time></trkpt><trkpt lat="45.66160" lon="6.53744"><ele>1707.12</ele><time>2025-07-19T06:07:12+00:00</time></trkpt><trkpt lat="45.66140" lon="6.53787"><ele>1709.78</ele><time>2025-07-19T06:07:31+00:00</time></trkpt><trkpt lat="45.66122" lon="6.53814"><ele>1712.08</ele><time>2025-07-19T06:07:45+00:00</time></trkpt><trkpt lat="45.66103" lon="6.53822"><ele>1713.34</ele><time>2025-07-19T06:07:54+00:00</time></trkpt><trkpt lat="45.66094" lon="6.53823"><ele>1714.48</ele><time>2025-07-19T06:08:00+00:00</time></trkpt><trkpt lat="45.66075" lon="6.53817"><ele>1718.25</ele><time>2025-07-19T06:08:15+00:00</time></trkpt><trkpt lat="45.66049" lon="6.53797"><ele>1725.28</ele><time>2025-07-19T06:08:42+00:00</time></trkpt><trkpt lat="45.66022" lon="6.53767"><ele>1728.73</ele><time>2025-07-19T06:09:02+00:00</time></trkpt><trkpt lat="45.65985" lon="6.53719"><ele>1749.24</ele><time>2025-07-19T06:10:25+00:00</time></trkpt><trkpt lat="45.65877" lon="6.53633"><ele>1775.50</ele><time>2025-07-19T06:12:09+00:00</time></trkpt><trkpt lat="45.65873" lon="6.53620"><ele>1775.50</ele><time>2025-07-19T06:12:13+00:00</time></trkpt><trkpt lat="45.65863" lon="6.53608"><ele>1775.50</ele><time>2025-07-19T06:12:18+00:00</time></trkpt><trkpt lat="45.65863" lon="6.53605"><ele>1775.50</ele><time>2025-07-19T06:12:19+00:00</time></trkpt><trkpt lat="45.65875" lon="6.53600"><ele>1776.43</ele><time>2025-07-19T06:12:26+00:00</time></trkpt><trkpt lat="45.65879" lon="6.53600"><ele>1776.43</ele><time>2025-07-19T06:12:27+00:00</time></trkpt><trkpt lat="45.65916" lon="6.53623"><ele>1781.53</ele><time>2025-07-19T06:12:52+00:00</time></trkpt><trkpt lat="45.65932" lon="6.53629"><ele>1785.94</ele><time>2025-07-19T06:13:09+00:00</time></trkpt><trkpt lat="45.65935" lon="6.53621"><ele>1787.55</ele><time>2025-07-19T06:13:15+00:00</time></trkpt><trkpt lat="45.65934" lon="6.53615"><ele>1787.55</ele><time>2025-07-19T06:13:17+00:00</time></trkpt><trkpt lat="45.65913" lon="6.53601"><ele>1794.23</ele><time>2025-07-19T06:13:42+00:00</time></trkpt><trkpt lat="45.65904" lon="6.53581"><ele>1796.67</ele><time>2025-07-19T06:13:53+00:00</time></trkpt><trkpt lat="45.65896" lon="6.53579"><ele>1801.13</ele><time>2025-07-19T06:14:15+00:00</time></trkpt><trkpt lat="45.65891" lon="6.53574"><ele>1801.13</ele><time>2025-07-19T06:14:17+00:00</time></trkpt><trkpt lat="45.65887" lon="6.53565"><ele>1801.13</ele><time>2025-07-19T06:14:20+00:00</time></trkpt><trkpt lat="45.65885" lon="6.53557"><ele>1801.13</ele><time>2025-07-19T06:14:23+00:00</time></trkpt><trkpt lat="45.65886" lon="6.53546"><ele>1805.23</ele><time>2025-07-19T06:14:42+00:00</time></trkpt><trkpt lat="45.65903" lon="6.53539"><ele>1809.34</ele><time>2025-07-19T06:14:58+00:00</time></trkpt><trkpt lat="45.65894" lon="6.53511"><ele>1822.71</ele><time>2025-07-19T06:16:11+00:00</time></trkpt><trkpt lat="45.65880" lon="6.53493"><ele>1826.09</ele><time>2025-07-19T06:16:25+00:00</time></trkpt><trkpt lat="45.65869" lon="6.53487"><ele>1831.96</ele><time>2025-07-19T06:16:51+00:00</time></trkpt><trkpt lat="45.65857" lon="6.53492"><ele>1833.71</ele><time>2025-07-19T06:17:00+00:00</time></trkpt><trkpt lat="45.65831" lon="6.53482"><ele>1840.49</ele><time>2025-07-19T06:17:26+00:00</time></trkpt><trkpt lat="45.65822" lon="6.53486"><ele>1843.44</ele><time>2025-07-19T06:17:37+00:00</time></trkpt><trkpt lat="45.65805" lon="6.53479"><ele>1844.84</ele><time>2025-07-19T06:17:46+00:00</time></trkpt><trkpt lat="45.65799" lon="6.53481"><ele>1846.07</ele><time>2025-07-19T06:17:51+00:00</time></trkpt><trkpt lat="45.65791" lon="6.53478"><ele>1847.21</ele><time>2025-07-19T06:17:56+00:00</time></trkpt><trkpt lat="45.65786" lon="6.53472"><ele>1848.16</ele><time>2025-07-19T06:18:01+00:00</time></trkpt><trkpt lat="45.65780" lon="6.53472"><ele>1849.60</ele><time>2025-07-19T06:18:06+00:00</time></trkpt><trkpt lat="45.65762" lon="6.53459"><ele>1854.34</ele><time>2025-07-19T06:18:25+00:00</time></trkpt><trkpt lat="45.65759" lon="6.53452"><ele>1855.50</ele><time>2025-07-19T06:18:29+00:00</time></trkpt><trkpt lat="45.65745" lon="6.53438"><ele>1859.62</ele><time>2025-07-19T06:18:45+00:00</time></trkpt><trkpt lat="45.65739" lon="6.53440"><ele>1862.31</ele><time>2025-07-19T06:18:56+00:00</time></trkpt><trkpt lat="45.65730" lon="6.53439"><ele>1862.31</ele><time>2025-07-19T06:19:00+00:00</time></trkpt><trkpt lat="45.65709" lon="6.53427"><ele>1865.76</ele><time>2025-07-19T06:19:15+00:00</time></trkpt><trkpt lat="45.65704" lon="6.53417"><ele>1866.68</ele><time>2025-07-19T06:19:20+00:00</time></trkpt><trkpt lat="45.65668" lon="6.53417"><ele>1867.80</ele><time>2025-07-19T06:19:36+00:00</time></trkpt><trkpt lat="45.65648" lon="6.53413"><ele>1866.46</ele><time>2025-07-19T06:19:43+00:00</time></trkpt><trkpt lat="45.65614" lon="6.53399"><ele>1863.59</ele><time>2025-07-19T06:19:54+00:00</time></trkpt><trkpt lat="45.65573" lon="6.53399"><ele>1859.77</ele><time>2025-07-19T06:20:07+00:00</time></trkpt><trkpt lat="45.65547" lon="6.53380"><ele>1857.83</ele><time>2025-07-19T06:20:17+00:00</time></trkpt><trkpt lat="45.65542" lon="6.53383"><ele>1857.16</ele><time>2025-07-19T06:20:19+00:00</time></trkpt><trkpt lat="45.65540" lon="6.53391"><ele>1857.16</ele><time>2025-07-19T06:20:21+00:00</time></trkpt><trkpt lat="45.65549" lon="6.53413"><ele>1855.56</ele><time>2025-07-19T06:20:27+00:00</time></trkpt><trkpt lat="45.65548" lon="6.53419"><ele>1855.56</ele><time>2025-07-19T06:20:28+00:00</time></trkpt><trkpt lat="45.65532" lon="6.53414"><ele>1853.63</ele><time>2025-07-19T06:20:33+00:00</time></trkpt><trkpt lat="45.65523" lon="6.53417"><ele>1850.52</ele><time>2025-07-19T06:20:38+00:00</time></trkpt><trkpt lat="45.65511" lon="6.53443"><ele>1846.53</ele><time>2025-07-19T06:20:44+00:00</time></trkpt><trkpt lat="45.65504" lon="6.53476"><ele>1844.12</ele><time>2025-07-19T06:20:52+00:00</time></trkpt><trkpt lat="45.65505" lon="6.53502"><ele>1842.02</ele><time>2025-07-19T06:20:57+00:00</time></trkpt><trkpt lat="45.65501" lon="6.53510"><ele>1841.21</ele><time>2025-07-19T06:20:59+00:00</time></trkpt><trkpt lat="45.65499" lon="6.53552"><ele>1839.30</ele><time>2025-07-19T06:21:09+00:00</time></trkpt><trkpt lat="45.65495" lon="6.53579"><ele>1837.30</ele><time>2025-07-19T06:21:15+00:00</time></trkpt><trkpt lat="45.65486" lon="6.53593"><ele>1837.30</ele><time>2025-07-19T06:21:20+00:00</time></trkpt><trkpt lat="45.65493" lon="6.53621"><ele>1836.10</ele><time>2025-07-19T06:21:27+00:00</time></trkpt><trkpt lat="45.65497" lon="6.53627"><ele>1836.10</ele><time>2025-07-19T06:21:30+00:00</time></trkpt><trkpt lat="45.65508" lon="6.53679"><ele>1832.97</ele><time>2025-07-19T06:21:42+00:00</time></trkpt><trkpt lat="45.65523" lon="6.53724"><ele>1827.30</ele><time>2025-07-19T06:21:52+00:00</time></trkpt><trkpt lat="45.65524" lon="6.53741"><ele>1825.88</ele><time>2025-07-19T06:21:56+00:00</time></trkpt><trkpt lat="45.65530" lon="6.53752"><ele>1825.88</ele><time>2025-07-19T06:22:00+00:00</time></trkpt><trkpt lat="45.65533" lon="6.53781"><ele>1826.47</ele><time>2025-07-19T06:22:09+00:00</time></trkpt><trkpt lat="45.65525" lon="6.53816"><ele>1827.94</ele><time>2025-07-19T06:22:21+00:00</time></trkpt><trkpt lat="45.65514" lon="6.53831"><ele>1828.30</ele><time>2025-07-19T06:22:28+00:00</time></trkpt><trkpt lat="45.65504" lon="6.53838"><ele>1829.13</ele><time>2025-07-19T06:22:33+00:00</time></trkpt><trkpt lat="45.65497" lon="6.53847"><ele>1829.99</ele><time>2025-07-19T06:22:39+00:00</time></trkpt><trkpt lat="45.65483" lon="6.53850"><ele>1830.35</ele><time>2025-07-19T06:22:45+00:00</time></trkpt><trkpt lat="45.65470" lon="6.53863"><ele>1831.40</ele><time>2025-07-19T06:22:53+00:00</time></trkpt><trkpt lat="45.65461" lon="6.53860"><ele>1832.78</ele><time>2025-07-19T06:22:59+00:00</time></trkpt><trkpt lat="45.65455" lon="6.53864"><ele>1832.78</ele><time>2025-07-19T06:23:01+00:00</time></trkpt><trkpt lat="45.65433" lon="6.53858"><ele>1836.62</ele><time>2025-07-19T06:23:18+00:00</time></trkpt><trkpt lat="45.65417" lon="6.53862"><ele>1840.42</ele><time>2025-07-19T06:23:32+00:00</time></trkpt><trkpt lat="45.65413" lon="6.53879"><ele>1843.80</ele><time>2025-07-19T06:23:45+00:00</time></trkpt><trkpt lat="45.65398" lon="6.53887"><ele>1845.77</ele><time>2025-07-19T06:23:55+00:00</time></trkpt><trkpt lat="45.65396" lon="6.53884"><ele>1846.64</ele><time>2025-07-19T06:23:58+00:00</time></trkpt><trkpt lat="45.65391" lon="6.53884"><ele>1846.64</ele><time>2025-07-19T06:24:00+00:00</time></trkpt><trkpt lat="45.65391" lon="6.53874"><ele>1847.47</ele><time>2025-07-19T06:24:05+00:00</time></trkpt><trkpt lat="45.65387" lon="6.53877"><ele>1848.25</ele><time>2025-07-19T06:24:08+00:00</time></trkpt><trkpt lat="45.65383" lon="6.53874"><ele>1848.25</ele><time>2025-07-19T06:24:10+00:00</time></trkpt><trkpt lat="45.65386" lon="6.53861"><ele>1848.88</ele><time>2025-07-19T06:24:14+00:00</time></trkpt><trkpt lat="45.65382" lon="6.53860"><ele>1848.88</ele><time>2025-07-19T06:24:16+00:00</time></trkpt><trkpt lat="45.65381" lon="6.53855"><ele>1850.50</ele><time>2025-07-19T06:24:23+00:00</time></trkpt><trkpt lat="45.65377" lon="6.53857"><ele>1852.07</ele><time>2025-07-19T06:24:29+00:00</time></trkpt><trkpt lat="45.65364" lon="6.53846"><ele>1855.70</ele><time>2025-07-19T06:24:43+00:00</time></trkpt><trkpt lat="45.65341" lon="6.53838"><ele>1866.84</ele><time>2025-07-19T06:25:32+00:00</time></trkpt><trkpt lat="45.65339" lon="6.53832"><ele>1869.96</ele><time>2025-07-19T06:25:50+00:00</time></trkpt><trkpt lat="45.65326" lon="6.53828"><ele>1872.16</ele><time>2025-07-19T06:26:00+00:00</time></trkpt><trkpt lat="45.65321" lon="6.53824"><ele>1875.20</ele><time>2025-07-19T06:26:14+00:00</time></trkpt><trkpt lat="45.65312" lon="6.53828"><ele>1876.68</ele><time>2025-07-19T06:26:21+00:00</time></trkpt><trkpt lat="45.65309" lon="6.53835"><ele>1876.68</ele><time>2025-07-19T06:26:23+00:00</time></trkpt><trkpt lat="45.65302" lon="6.53842"><ele>1878.48</ele><time>2025-07-19T06:26:30+00:00</time></trkpt><trkpt lat="45.65282" lon="6.53842"><ele>1881.44</ele><time>2025-07-19T06:26:43+00:00</time></trkpt><trkpt lat="45.65280" lon="6.53839"><ele>1882.21</ele><time>2025-07-19T06:26:46+00:00</time></trkpt><trkpt lat="45.65272" lon="6.53843"><ele>1882.21</ele><time>2025-07-19T06:26:50+00:00</time></trkpt><trkpt lat="45.65260" lon="6.53838"><ele>1886.03</ele><time>2025-07-19T06:27:04+00:00</time></trkpt><trkpt lat="45.65247" lon="6.53840"><ele>1890.76</ele><time>2025-07-19T06:27:23+00:00</time></trkpt><trkpt lat="45.65232" lon="6.53819"><ele>1897.30</ele><time>2025-07-19T06:27:48+00:00</time></trkpt><trkpt lat="45.65216" lon="6.53836"><ele>1900.70</ele><time>2025-07-19T06:28:02+00:00</time></trkpt><trkpt lat="45.65213" lon="6.53836"><ele>1900.70</ele><time>2025-07-19T06:28:03+00:00</time></trkpt><trkpt lat="45.65207" lon="6.53854"><ele>1904.73</ele><time>2025-07-19T06:28:19+00:00</time></trkpt><trkpt lat="45.65195" lon="6.53870"><ele>1906.90</ele><time>2025-07-19T06:28:29+00:00</time></trkpt><trkpt lat="45.65192" lon="6.53894"><ele>1910.18</ele><time>2025-07-19T06:28:42+00:00</time></trkpt><trkpt lat="45.65189" lon="6.53896"><ele>1911.16</ele><time>2025-07-19T06:28:46+00:00</time></trkpt><trkpt lat="45.65172" lon="6.53889"><ele>1913.83</ele><time>2025-07-19T06:28:58+00:00</time></trkpt><trkpt lat="45.65162" lon="6.53897"><ele>1915.54</ele><time>2025-07-19T06:29:06+00:00</time></trkpt><trkpt lat="45.65148" lon="6.53891"><ele>1916.97</ele><time>2025-07-19T06:29:14+00:00</time></trkpt><trkpt lat="45.65142" lon="6.53895"><ele>1917.83</ele><time>2025-07-19T06:29:18+00:00</time></trkpt><trkpt lat="45.65134" lon="6.53889"><ele>1918.47</ele><time>2025-07-19T06:29:23+00:00</time></trkpt><trkpt lat="45.65121" lon="6.53889"><ele>1920.12</ele><time>2025-07-19T06:29:31+00:00</time></trkpt><trkpt lat="45.65116" lon="6.53884"><ele>1920.71</ele><time>2025-07-19T06:29:34+00:00</time></trkpt><trkpt lat="45.65089" lon="6.53882"><ele>1922.55</ele><time>2025-07-19T06:29:48+00:00</time></trkpt><trkpt lat="45.65086" lon="6.53879"><ele>1923.17</ele><time>2025-07-19T06:29:50+00:00</time></trkpt><trkpt lat="45.65077" lon="6.53880"><ele>1923.17</ele><time>2025-07-19T06:29:54+00:00</time></trkpt><trkpt lat="45.65048" lon="6.53861"><ele>1927.07</ele><time>2025-07-19T06:30:13+00:00</time></trkpt><trkpt lat="45.65030" lon="6.53833"><ele>1931.92</ele><time>2025-07-19T06:30:33+00:00</time></trkpt><trkpt lat="45.65015" lon="6.53819"><ele>1933.00</ele><time>2025-07-19T06:30:42+00:00</time></trkpt><trkpt lat="45.64998" lon="6.53792"><ele>1935.11</ele><time>2025-07-19T06:30:55+00:00</time></trkpt><trkpt lat="45.64985" lon="6.53787"><ele>1937.20</ele><time>2025-07-19T06:31:05+00:00</time></trkpt><trkpt lat="45.64977" lon="6.53788"><ele>1938.02</ele><time>2025-07-19T06:31:09+00:00</time></trkpt><trkpt lat="45.64950" lon="6.53770"><ele>1940.06</ele><time>2025-07-19T06:31:24+00:00</time></trkpt><trkpt lat="45.64947" lon="6.53765"><ele>1940.06</ele><time>2025-07-19T06:31:26+00:00</time></trkpt><trkpt lat="45.64925" lon="6.53754"><ele>1942.41</ele><time>2025-07-19T06:31:39+00:00</time></trkpt><trkpt lat="45.64924" lon="6.53751"><ele>1942.41</ele><time>2025-07-19T06:31:40+00:00</time></trkpt><trkpt lat="45.64899" lon="6.53737"><ele>1944.33</ele><time>2025-07-19T06:31:54+00:00</time></trkpt><trkpt lat="45.64886" lon="6.53723"><ele>1944.33</ele><time>2025-07-19T06:32:00+00:00</time></trkpt><trkpt lat="45.64864" lon="6.53706"><ele>1946.60</ele><time>2025-07-19T06:32:14+00:00</time></trkpt><trkpt lat="45.64839" lon="6.53702"><ele>1948.07</ele><time>2025-07-19T06:32:26+00:00</time></trkpt><trkpt lat="45.64832" lon="6.53703"><ele>1948.07</ele><time>2025-07-19T06:32:29+00:00</time></trkpt><trkpt lat="45.64797" lon="6.53687"><ele>1948.44</ele><time>2025-07-19T06:32:44+00:00</time></trkpt><trkpt lat="45.64749" lon="6.53675"><ele>1941.77</ele><time>2025-07-19T06:32:58+00:00</time></trkpt><trkpt lat="45.64726" lon="6.53656"><ele>1941.64</ele><time>2025-07-19T06:33:09+00:00</time></trkpt><trkpt lat="45.64723" lon="6.53657"><ele>1941.57</ele><time>2025-07-19T06:33:10+00:00</time></trkpt><trkpt lat="45.64719" lon="6.53654"><ele>1941.57</ele><time>2025-07-19T06:33:12+00:00</time></trkpt><trkpt lat="45.64717" lon="6.53649"><ele>1941.57</ele><time>2025-07-19T06:33:13+00:00</time></trkpt><trkpt lat="45.64710" lon="6.53645"><ele>1941.57</ele><time>2025-07-19T06:33:16+00:00</time></trkpt><trkpt lat="45.64704" lon="6.53648"><ele>1941.46</ele><time>2025-07-19T06:33:19+00:00</time></trkpt><trkpt lat="45.64683" lon="6.53649"><ele>1941.99</ele><time>2025-07-19T06:33:28+00:00</time></trkpt><trkpt lat="45.64653" lon="6.53647"><ele>1943.38</ele><time>2025-07-19T06:33:42+00:00</time></trkpt><trkpt lat="45.64641" lon="6.53640"><ele>1943.75</ele><time>2025-07-19T06:33:48+00:00</time></trkpt><trkpt lat="45.64639" lon="6.53642"><ele>1943.75</ele><time>2025-07-19T06:33:49+00:00</time></trkpt><trkpt lat="45.64635" lon="6.53641"><ele>1944.19</ele><time>2025-07-19T06:33:51+00:00</time></trkpt><trkpt lat="45.64616" lon="6.53630"><ele>1945.60</ele><time>2025-07-19T06:34:01+00:00</time></trkpt><trkpt lat="45.64600" lon="6.53624"><ele>1946.00</ele><time>2025-07-19T06:34:08+00:00</time></trkpt><trkpt lat="45.64578" lon="6.53611"><ele>1949.77</ele><time>2025-07-19T06:34:25+00:00</time></trkpt><trkpt lat="45.64575" lon="6.53606"><ele>1949.77</ele><time>2025-07-19T06:34:27+00:00</time></trkpt><trkpt lat="45.64538" lon="6.53589"><ele>1957.91</ele><time>2025-07-19T06:34:59+00:00</time></trkpt><trkpt lat="45.64528" lon="6.53589"><ele>1960.62</ele><time>2025-07-19T06:35:09+00:00</time></trkpt><trkpt lat="45.64523" lon="6.53592"><ele>1960.62</ele><time>2025-07-19T06:35:12+00:00</time></trkpt><trkpt lat="45.64519" lon="6.53602"><ele>1960.62</ele><time>2025-07-19T06:35:15+00:00</time></trkpt><trkpt lat="45.64504" lon="6.53605"><ele>1962.72</ele><time>2025-07-19T06:35:25+00:00</time></trkpt><trkpt lat="45.64499" lon="6.53612"><ele>1962.72</ele><time>2025-07-19T06:35:27+00:00</time></trkpt><trkpt lat="45.64480" lon="6.53659"><ele>1974.70</ele><time>2025-07-19T06:36:13+00:00</time></trkpt><trkpt lat="45.64479" lon="6.53675"><ele>1981.61</ele><time>2025-07-19T06:36:51+00:00</time></trkpt><trkpt lat="45.64487" lon="6.53686"><ele>1982.61</ele><time>2025-07-19T06:36:57+00:00</time></trkpt><trkpt lat="45.64492" lon="6.53698"><ele>1982.61</ele><time>2025-07-19T06:37:00+00:00</time></trkpt><trkpt lat="45.64495" lon="6.53721"><ele>1984.06</ele><time>2025-07-19T06:37:09+00:00</time></trkpt><trkpt lat="45.64494" lon="6.53737"><ele>1985.86</ele><time>2025-07-19T06:37:17+00:00</time></trkpt><trkpt lat="45.64505" lon="6.53788"><ele>1987.82</ele><time>2025-07-19T06:37:35+00:00</time></trkpt><trkpt lat="45.64511" lon="6.53853"><ele>1984.07</ele><time>2025-07-19T06:37:50+00:00</time></trkpt><trkpt lat="45.64505" lon="6.53879"><ele>1981.51</ele><time>2025-07-19T06:37:55+00:00</time></trkpt><trkpt lat="45.64508" lon="6.53890"><ele>1981.51</ele><time>2025-07-19T06:37:59+00:00</time></trkpt><trkpt lat="45.64506" lon="6.53906"><ele>1981.51</ele><time>2025-07-19T06:38:03+00:00</time></trkpt><trkpt lat="45.64498" lon="6.53930"><ele>1978.86</ele><time>2025-07-19T06:38:09+00:00</time></trkpt><trkpt lat="45.64492" lon="6.53987"><ele>1972.56</ele><time>2025-07-19T06:38:21+00:00</time></trkpt><trkpt lat="45.64498" lon="6.54026"><ele>1968.36</ele><time>2025-07-19T06:38:29+00:00</time></trkpt><trkpt lat="45.64496" lon="6.54053"><ele>1966.88</ele><time>2025-07-19T06:38:35+00:00</time></trkpt><trkpt lat="45.64499" lon="6.54101"><ele>1968.69</ele><time>2025-07-19T06:38:51+00:00</time></trkpt><trkpt lat="45.64497" lon="6.54121"><ele>1969.78</ele><time>2025-07-19T06:38:58+00:00</time></trkpt><trkpt lat="45.64505" lon="6.54157"><ele>1974.77</ele><time>2025-07-19T06:39:19+00:00</time></trkpt><trkpt lat="45.64484" lon="6.54205"><ele>1989.50</ele><time>2025-07-19T06:40:17+00:00</time></trkpt><trkpt lat="45.64471" lon="6.54209"><ele>1993.97</ele><time>2025-07-19T06:40:34+00:00</time></trkpt><trkpt lat="45.64467" lon="6.54220"><ele>1993.97</ele><time>2025-07-19T06:40:38+00:00</time></trkpt><trkpt lat="45.64460" lon="6.54229"><ele>1994.71</ele><time>2025-07-19T06:40:43+00:00</time></trkpt><trkpt lat="45.64441" lon="6.54237"><ele>1995.70</ele><time>2025-07-19T06:40:52+00:00</time></trkpt><trkpt lat="45.64416" lon="6.54239"><ele>1998.08</ele><time>2025-07-19T06:41:06+00:00</time></trkpt><trkpt lat="45.64392" lon="6.54255"><ele>2000.11</ele><time>2025-07-19T06:41:19+00:00</time></trkpt><trkpt lat="45.64387" lon="6.54262"><ele>2000.11</ele><time>2025-07-19T06:41:22+00:00</time></trkpt><trkpt lat="45.64382" lon="6.54283"><ele>2000.55</ele><time>2025-07-19T06:41:29+00:00</time></trkpt><trkpt lat="45.64373" lon="6.54285"><ele>2001.06</ele><time>2025-07-19T06:41:33+00:00</time></trkpt><trkpt lat="45.64338" lon="6.54260"><ele>2003.12</ele><time>2025-07-19T06:41:52+00:00</time></trkpt><trkpt lat="45.64322" lon="6.54252"><ele>2005.23</ele><time>2025-07-19T06:42:02+00:00</time></trkpt><trkpt lat="45.64282" lon="6.54239"><ele>2008.45</ele><time>2025-07-19T06:42:24+00:00</time></trkpt><trkpt lat="45.64272" lon="6.54232"><ele>2009.27</ele><time>2025-07-19T06:42:29+00:00</time></trkpt><trkpt lat="45.64265" lon="6.54232"><ele>2010.74</ele><time>2025-07-19T06:42:35+00:00</time></trkpt><trkpt lat="45.64264" lon="6.54201"><ele>2013.10</ele><time>2025-07-19T06:42:48+00:00</time></trkpt><trkpt lat="45.64259" lon="6.54172"><ele>2018.41</ele><time>2025-07-19T06:43:08+00:00</time></trkpt><trkpt lat="45.64244" lon="6.54145"><ele>2026.55</ele><time>2025-07-19T06:43:40+00:00</time></trkpt><trkpt lat="45.64234" lon="6.54139"><ele>2030.09</ele><time>2025-07-19T06:43:53+00:00</time></trkpt><trkpt lat="45.64223" lon="6.54121"><ele>2033.83</ele><time>2025-07-19T06:44:08+00:00</time></trkpt><trkpt lat="45.64217" lon="6.54118"><ele>2033.83</ele><time>2025-07-19T06:44:10+00:00</time></trkpt><trkpt lat="45.64217" lon="6.54114"><ele>2034.99</ele><time>2025-07-19T06:44:15+00:00</time></trkpt><trkpt lat="45.64208" lon="6.54105"><ele>2036.25</ele><time>2025-07-19T06:44:22+00:00</time></trkpt><trkpt lat="45.64198" lon="6.54089"><ele>2037.29</ele><time>2025-07-19T06:44:29+00:00</time></trkpt><trkpt lat="45.64200" lon="6.54084"><ele>2037.29</ele><time>2025-07-19T06:44:31+00:00</time></trkpt><trkpt lat="45.64192" lon="6.54065"><ele>2042.27</ele><time>2025-07-19T06:44:50+00:00</time></trkpt><trkpt lat="45.64180" lon="6.54008"><ele>2058.57</ele><time>2025-07-19T06:45:55+00:00</time></trkpt><trkpt lat="45.64172" lon="6.53992"><ele>2063.36</ele><time>2025-07-19T06:46:14+00:00</time></trkpt><trkpt lat="45.64163" lon="6.53953"><ele>2063.36</ele><time>2025-07-19T06:46:25+00:00</time></trkpt><trkpt lat="45.64134" lon="6.53883"><ele>2097.83</ele><time>2025-07-19T06:49:29+00:00</time></trkpt><trkpt lat="45.64130" lon="6.53865"><ele>2097.83</ele><time>2025-07-19T06:49:34+00:00</time></trkpt><trkpt lat="45.64132" lon="6.53851"><ele>2097.83</ele><time>2025-07-19T06:49:38+00:00</time></trkpt><trkpt lat="45.64128" lon="6.53837"><ele>2099.16</ele><time>2025-07-19T06:49:44+00:00</time></trkpt><trkpt lat="45.64121" lon="6.53826"><ele>2099.16</ele><time>2025-07-19T06:49:49+00:00</time></trkpt><trkpt lat="45.64107" lon="6.53792"><ele>2105.68</ele><time>2025-07-19T06:50:14+00:00</time></trkpt><trkpt lat="45.64092" lon="6.53770"><ele>2109.51</ele><time>2025-07-19T06:50:30+00:00</time></trkpt><trkpt lat="45.64090" lon="6.53761"><ele>2109.51</ele><time>2025-07-19T06:50:32+00:00</time></trkpt><trkpt lat="45.64085" lon="6.53757"><ele>2109.51</ele><time>2025-07-19T06:50:35+00:00</time></trkpt><trkpt lat="45.64081" lon="6.53757"><ele>2109.51</ele><time>2025-07-19T06:50:36+00:00</time></trkpt><trkpt lat="45.64067" lon="6.53743"><ele>2110.13</ele><time>2025-07-19T06:50:44+00:00</time></trkpt><trkpt lat="45.64061" lon="6.53729"><ele>2114.08</ele><time>2025-07-19T06:50:59+00:00</time></trkpt><trkpt lat="45.64048" lon="6.53677"><ele>2125.22</ele><time>2025-07-19T06:51:42+00:00</time></trkpt><trkpt lat="45.64044" lon="6.53671"><ele>2125.22</ele><time>2025-07-19T06:51:44+00:00</time></trkpt><trkpt lat="45.64027" lon="6.53664"><ele>2127.47</ele><time>2025-07-19T06:51:55+00:00</time></trkpt><trkpt lat="45.64018" lon="6.53655"><ele>2127.47</ele><time>2025-07-19T06:51:59+00:00</time></trkpt><trkpt lat="45.64012" lon="6.53642"><ele>2129.34</ele><time>2025-07-19T06:52:07+00:00</time></trkpt><trkpt lat="45.63999" lon="6.53589"><ele>2136.74</ele><time>2025-07-19T06:52:38+00:00</time></trkpt><trkpt lat="45.63970" lon="6.53551"><ele>2140.45</ele><time>2025-07-19T06:52:59+00:00</time></trkpt><trkpt lat="45.63947" lon="6.53478"><ele>2179.08</ele><time>2025-07-19T06:56:56+00:00</time></trkpt><trkpt lat="45.63910" lon="6.53407"><ele>2200.37</ele><time>2025-07-19T06:58:19+00:00</time></trkpt><trkpt lat="45.63863" lon="6.53340"><ele>2222.86</ele><time>2025-07-19T06:59:46+00:00</time></trkpt><trkpt lat="45.63786" lon="6.53262"><ele>2234.87</ele><time>2025-07-19T07:00:44+00:00</time></trkpt><trkpt lat="45.63772" lon="6.53262"><ele>2234.87</ele><time>2025-07-19T07:00:50+00:00</time></trkpt><trkpt lat="45.63702" lon="6.53199"><ele>2253.62</ele><time>2025-07-19T07:02:03+00:00</time></trkpt><trkpt lat="45.63644" lon="6.53157"><ele>2270.88</ele><time>2025-07-19T07:03:09+00:00</time></trkpt><trkpt lat="45.63634" lon="6.53162"><ele>2270.88</ele><time>2025-07-19T07:03:13+00:00</time></trkpt><trkpt lat="45.63620" lon="6.53157"><ele>2270.88</ele><time>2025-07-19T07:03:19+00:00</time></trkpt><trkpt lat="45.63575" lon="6.53107"><ele>2299.25</ele><time>2025-07-19T07:05:27+00:00</time></trkpt><trkpt lat="45.63541" lon="6.53099"><ele>2304.49</ele><time>2025-07-19T07:05:50+00:00</time></trkpt><trkpt lat="45.63516" lon="6.53068"><ele>2314.23</ele><time>2025-07-19T07:06:27+00:00</time></trkpt><trkpt lat="45.63476" lon="6.53053"><ele>2325.76</ele><time>2025-07-19T07:07:11+00:00</time></trkpt><trkpt lat="45.63459" lon="6.53033"><ele>2336.54</ele><time>2025-07-19T07:08:00+00:00</time></trkpt><trkpt lat="45.63444" lon="6.52981"><ele>2347.20</ele><time>2025-07-19T07:08:40+00:00</time></trkpt><trkpt lat="45.63416" lon="6.52931"><ele>2356.66</ele><time>2025-07-19T07:09:18+00:00</time></trkpt><trkpt lat="45.63403" lon="6.52868"><ele>2365.06</ele><time>2025-07-19T07:09:52+00:00</time></trkpt><trkpt lat="45.63403" lon="6.52816"><ele>2372.63</ele><time>2025-07-19T07:10:22+00:00</time></trkpt><trkpt lat="45.63390" lon="6.52780"><ele>2380.85</ele><time>2025-07-19T07:10:54+00:00</time></trkpt><trkpt lat="45.63371" lon="6.52749"><ele>2389.64</ele><time>2025-07-19T07:11:27+00:00</time></trkpt><trkpt lat="45.63362" lon="6.52725"><ele>2392.81</ele><time>2025-07-19T07:11:41+00:00</time></trkpt><trkpt lat="45.63345" lon="6.52695"><ele>2396.06</ele><time>2025-07-19T07:11:57+00:00</time></trkpt><trkpt lat="45.63336" lon="6.52661"><ele>2406.27</ele><time>2025-07-19T07:12:38+00:00</time></trkpt><trkpt lat="45.63320" lon="6.52631"><ele>2413.46</ele><time>2025-07-19T07:13:06+00:00</time></trkpt><trkpt lat="45.63312" lon="6.52624"><ele>2413.46</ele><time>2025-07-19T07:13:10+00:00</time></trkpt><trkpt lat="45.63295" lon="6.52617"><ele>2424.96</ele><time>2025-07-19T07:14:16+00:00</time></trkpt><trkpt lat="45.63274" lon="6.52589"><ele>2437.22</ele><time>2025-07-19T07:15:06+00:00</time></trkpt><trkpt lat="45.63274" lon="6.52565"><ele>2438.42</ele><time>2025-07-19T07:15:15+00:00</time></trkpt><trkpt lat="45.63272" lon="6.52560"><ele>2441.23</ele><time>2025-07-19T07:15:32+00:00</time></trkpt><trkpt lat="45.63261" lon="6.52549"><ele>2441.23</ele><time>2025-07-19T07:15:38+00:00</time></trkpt><trkpt lat="45.63254" lon="6.52526"><ele>2442.13</ele><time>2025-07-19T07:15:46+00:00</time></trkpt><trkpt lat="45.63203" lon="6.52497"><ele>2396.55</ele><time>2025-07-19T07:19:55+00:00</time></trkpt><trkpt lat="45.63184" lon="6.52489"><ele>2395.07</ele><time>2025-07-19T07:20:02+00:00</time></trkpt><trkpt lat="45.63177" lon="6.52490"><ele>2395.07</ele><time>2025-07-19T07:20:04+00:00</time></trkpt><trkpt lat="45.63167" lon="6.52498"><ele>2395.07</ele><time>2025-07-19T07:20:09+00:00</time></trkpt><trkpt lat="45.63144" lon="6.52490"><ele>2393.68</ele><time>2025-07-19T07:20:17+00:00</time></trkpt><trkpt lat="45.63086" lon="6.52450"><ele>2323.50</ele><time>2025-07-19T07:33:13+00:00</time></trkpt><trkpt lat="45.63065" lon="6.52424"><ele>2317.09</ele><time>2025-07-19T07:33:22+00:00</time></trkpt><trkpt lat="45.63053" lon="6.52422"><ele>2317.09</ele><time>2025-07-19T07:33:27+00:00</time></trkpt><trkpt lat="45.63034" lon="6.52408"><ele>2296.08</ele><time>2025-07-19T07:36:23+00:00</time></trkpt><trkpt lat="45.63009" lon="6.52406"><ele>2278.25</ele><time>2025-07-19T07:37:31+00:00</time></trkpt><trkpt lat="45.62997" lon="6.52399"><ele>2278.25</ele><time>2025-07-19T07:37:36+00:00</time></trkpt><trkpt lat="45.62991" lon="6.52398"><ele>2276.74</ele><time>2025-07-19T07:37:38+00:00</time></trkpt><trkpt lat="45.62987" lon="6.52396"><ele>2273.73</ele><time>2025-07-19T07:37:50+00:00</time></trkpt><trkpt lat="45.62978" lon="6.52382"><ele>2271.77</ele><time>2025-07-19T07:37:54+00:00</time></trkpt><trkpt lat="45.62971" lon="6.52376"><ele>2271.77</ele><time>2025-07-19T07:37:57+00:00</time></trkpt><trkpt lat="45.62956" lon="6.52369"><ele>2269.21</ele><time>2025-07-19T07:38:02+00:00</time></trkpt><trkpt lat="45.62940" lon="6.52366"><ele>2262.09</ele><time>2025-07-19T07:38:14+00:00</time></trkpt><trkpt lat="45.62912" lon="6.52350"><ele>2248.17</ele><time>2025-07-19T07:38:38+00:00</time></trkpt><trkpt lat="45.62895" lon="6.52351"><ele>2243.20</ele><time>2025-07-19T07:38:45+00:00</time></trkpt><trkpt lat="45.62852" lon="6.52324"><ele>2213.64</ele><time>2025-07-19T07:40:13+00:00</time></trkpt><trkpt lat="45.62846" lon="6.52321"><ele>2213.64</ele><time>2025-07-19T07:40:15+00:00</time></trkpt><trkpt lat="45.62841" lon="6.52322"><ele>2212.16</ele><time>2025-07-19T07:40:17+00:00</time></trkpt><trkpt lat="45.62838" lon="6.52313"><ele>2212.16</ele><time>2025-07-19T07:40:20+00:00</time></trkpt><trkpt lat="45.62832" lon="6.52305"><ele>2212.16</ele><time>2025-07-19T07:40:23+00:00</time></trkpt><trkpt lat="45.62820" lon="6.52299"><ele>2209.63</ele><time>2025-07-19T07:40:27+00:00</time></trkpt><trkpt lat="45.62802" lon="6.52295"><ele>2204.37</ele><time>2025-07-19T07:40:34+00:00</time></trkpt><trkpt lat="45.62784" lon="6.52282"><ele>2193.83</ele><time>2025-07-19T07:40:56+00:00</time></trkpt><trkpt lat="45.62771" lon="6.52278"><ele>2184.54</ele><time>2025-07-19T07:41:30+00:00</time></trkpt><trkpt lat="45.62755" lon="6.52277"><ele>2175.33</ele><time>2025-07-19T07:41:53+00:00</time></trkpt><trkpt lat="45.62737" lon="6.52265"><ele>2163.14</ele><time>2025-07-19T07:42:28+00:00</time></trkpt><trkpt lat="45.62718" lon="6.52259"><ele>2157.56</ele><time>2025-07-19T07:42:35+00:00</time></trkpt><trkpt lat="45.62710" lon="6.52253"><ele>2154.16</ele><time>2025-07-19T07:42:40+00:00</time></trkpt><trkpt lat="45.62706" lon="6.52253"><ele>2154.16</ele><time>2025-07-19T07:42:42+00:00</time></trkpt><trkpt lat="45.62700" lon="6.52258"><ele>2149.53</ele><time>2025-07-19T07:42:57+00:00</time></trkpt><trkpt lat="45.62689" lon="6.52258"><ele>2147.08</ele><time>2025-07-19T07:43:00+00:00</time></trkpt><trkpt lat="45.62662" lon="6.52243"><ele>2122.81</ele><time>2025-07-19T07:45:16+00:00</time></trkpt><trkpt lat="45.62648" lon="6.52224"><ele>2110.60</ele><time>2025-07-19T07:45:53+00:00</time></trkpt><trkpt lat="45.62644" lon="6.52224"><ele>2110.60</ele><time>2025-07-19T07:45:54+00:00</time></trkpt><trkpt lat="45.62641" lon="6.52227"><ele>2110.60</ele><time>2025-07-19T07:45:56+00:00</time></trkpt><trkpt lat="45.62638" lon="6.52234"><ele>2110.60</ele><time>2025-07-19T07:45:58+00:00</time></trkpt><trkpt lat="45.62635" lon="6.52266"><ele>2106.29</ele><time>2025-07-19T07:46:05+00:00</time></trkpt><trkpt lat="45.62630" lon="6.52278"><ele>2103.57</ele><time>2025-07-19T07:46:08+00:00</time></trkpt><trkpt lat="45.62615" lon="6.52284"><ele>2091.15</ele><time>2025-07-19T07:47:10+00:00</time></trkpt><trkpt lat="45.62591" lon="6.52270"><ele>2083.22</ele><time>2025-07-19T07:47:20+00:00</time></trkpt><trkpt lat="45.62582" lon="6.52269"><ele>2079.80</ele><time>2025-07-19T07:47:25+00:00</time></trkpt><trkpt lat="45.62574" lon="6.52277"><ele>2077.53</ele><time>2025-07-19T07:47:28+00:00</time></trkpt><trkpt lat="45.62569" lon="6.52289"><ele>2071.02</ele><time>2025-07-19T07:47:50+00:00</time></trkpt><trkpt lat="45.62565" lon="6.52292"><ele>2071.02</ele><time>2025-07-19T07:47:52+00:00</time></trkpt><trkpt lat="45.62539" lon="6.52290"><ele>2064.04</ele><time>2025-07-19T07:48:01+00:00</time></trkpt><trkpt lat="45.62531" lon="6.52285"><ele>2059.01</ele><time>2025-07-19T07:48:13+00:00</time></trkpt><trkpt lat="45.62526" lon="6.52285"><ele>2059.01</ele><time>2025-07-19T07:48:15+00:00</time></trkpt><trkpt lat="45.62500" lon="6.52299"><ele>2046.73</ele><time>2025-07-19T07:48:36+00:00</time></trkpt><trkpt lat="45.62497" lon="6.52284"><ele>2043.86</ele><time>2025-07-19T07:48:40+00:00</time></trkpt><trkpt lat="45.62491" lon="6.52271"><ele>2030.41</ele><time>2025-07-19T07:52:12+00:00</time></trkpt><trkpt lat="45.62473" lon="6.52253"><ele>2025.22</ele><time>2025-07-19T07:52:19+00:00</time></trkpt><trkpt lat="45.62458" lon="6.52253"><ele>2017.05</ele><time>2025-07-19T07:52:38+00:00</time></trkpt><trkpt lat="45.62452" lon="6.52259"><ele>2017.05</ele><time>2025-07-19T07:52:41+00:00</time></trkpt><trkpt lat="45.62448" lon="6.52285"><ele>2009.64</ele><time>2025-07-19T07:52:52+00:00</time></trkpt><trkpt lat="45.62445" lon="6.52291"><ele>2009.64</ele><time>2025-07-19T07:52:54+00:00</time></trkpt><trkpt lat="45.62437" lon="6.52294"><ele>2007.32</ele><time>2025-07-19T07:52:57+00:00</time></trkpt><trkpt lat="45.62417" lon="6.52285"><ele>1995.62</ele><time>2025-07-19T07:53:25+00:00</time></trkpt><trkpt lat="45.62414" lon="6.52301"><ele>1994.01</ele><time>2025-07-19T07:53:28+00:00</time></trkpt><trkpt lat="45.62420" lon="6.52320"><ele>1985.56</ele><time>2025-07-19T07:53:50+00:00</time></trkpt><trkpt lat="45.62418" lon="6.52331"><ele>1985.56</ele><time>2025-07-19T07:53:53+00:00</time></trkpt><trkpt lat="45.62419" lon="6.52344"><ele>1985.56</ele><time>2025-07-19T07:53:57+00:00</time></trkpt><trkpt lat="45.62416" lon="6.52357"><ele>1983.97</ele><time>2025-07-19T07:54:00+00:00</time></trkpt><trkpt lat="45.62418" lon="6.52364"><ele>1982.15</ele><time>2025-07-19T07:54:02+00:00</time></trkpt><trkpt lat="45.62419" lon="6.52512"><ele>1971.19</ele><time>2025-07-19T07:54:34+00:00</time></trkpt><trkpt lat="45.62415" lon="6.52536"><ele>1971.31</ele><time>2025-07-19T07:54:41+00:00</time></trkpt><trkpt lat="45.62411" lon="6.52543"><ele>1971.31</ele><time>2025-07-19T07:54:44+00:00</time></trkpt><trkpt lat="45.62408" lon="6.52568"><ele>1971.83</ele><time>2025-07-19T07:54:51+00:00</time></trkpt><trkpt lat="45.62401" lon="6.52591"><ele>1972.13</ele><time>2025-07-19T07:54:59+00:00</time></trkpt><trkpt lat="45.62392" lon="6.52608"><ele>1972.67</ele><time>2025-07-19T07:55:06+00:00</time></trkpt><trkpt lat="45.62386" lon="6.52611"><ele>1972.67</ele><time>2025-07-19T07:55:08+00:00</time></trkpt><trkpt lat="45.62384" lon="6.52618"><ele>1973.09</ele><time>2025-07-19T07:55:11+00:00</time></trkpt><trkpt lat="45.62374" lon="6.52608"><ele>1973.30</ele><time>2025-07-19T07:55:16+00:00</time></trkpt><trkpt lat="45.62365" lon="6.52603"><ele>1973.54</ele><time>2025-07-19T07:55:20+00:00</time></trkpt><trkpt lat="45.62341" lon="6.52606"><ele>1975.96</ele><time>2025-07-19T07:55:34+00:00</time></trkpt><trkpt lat="45.62314" lon="6.52624"><ele>1984.06</ele><time>2025-07-19T07:56:05+00:00</time></trkpt><trkpt lat="45.62292" lon="6.52633"><ele>1987.80</ele><time>2025-07-19T07:56:21+00:00</time></trkpt><trkpt lat="45.62286" lon="6.52641"><ele>1987.80</ele><time>2025-07-19T07:56:24+00:00</time></trkpt><trkpt lat="45.62282" lon="6.52640"><ele>1987.80</ele><time>2025-07-19T07:56:26+00:00</time></trkpt><trkpt lat="45.62268" lon="6.52646"><ele>1990.73</ele><time>2025-07-19T07:56:37+00:00</time></trkpt><trkpt lat="45.62258" lon="6.52655"><ele>1993.74</ele><time>2025-07-19T07:56:49+00:00</time></trkpt><trkpt lat="45.62229" lon="6.52650"><ele>2000.45</ele><time>2025-07-19T07:57:15+00:00</time></trkpt><trkpt lat="45.62222" lon="6.52653"><ele>2001.99</ele><time>2025-07-19T07:57:21+00:00</time></trkpt><trkpt lat="45.62217" lon="6.52659"><ele>2001.99</ele><time>2025-07-19T07:57:24+00:00</time></trkpt><trkpt lat="45.62215" lon="6.52668"><ele>2003.51</ele><time>2025-07-19T07:57:30+00:00</time></trkpt><trkpt lat="45.62229" lon="6.52687"><ele>2004.34</ele><time>2025-07-19T07:57:39+00:00</time></trkpt><trkpt lat="45.62231" lon="6.52694"><ele>2004.34</ele><time>2025-07-19T07:57:41+00:00</time></trkpt><trkpt lat="45.62218" lon="6.52731"><ele>2006.27</ele><time>2025-07-19T07:57:55+00:00</time></trkpt><trkpt lat="45.62212" lon="6.52740"><ele>2006.27</ele><time>2025-07-19T07:57:59+00:00</time></trkpt><trkpt lat="45.62200" lon="6.52751"><ele>2008.00</ele><time>2025-07-19T07:58:07+00:00</time></trkpt><trkpt lat="45.62173" lon="6.52794"><ele>2009.18</ele><time>2025-07-19T07:58:25+00:00</time></trkpt><trkpt lat="45.62128" lon="6.52843"><ele>2037.20</ele><time>2025-07-19T08:00:31+00:00</time></trkpt><trkpt lat="45.62122" lon="6.52844"><ele>2037.20</ele><time>2025-07-19T08:00:34+00:00</time></trkpt><trkpt lat="45.62117" lon="6.52852"><ele>2039.77</ele><time>2025-07-19T08:00:44+00:00</time></trkpt><trkpt lat="45.62116" lon="6.52879"><ele>2043.59</ele><time>2025-07-19T08:00:59+00:00</time></trkpt><trkpt lat="45.62119" lon="6.52915"><ele>2049.40</ele><time>2025-07-19T08:01:21+00:00</time></trkpt><trkpt lat="45.62122" lon="6.52919"><ele>2051.70</ele><time>2025-07-19T08:01:33+00:00</time></trkpt><trkpt lat="45.62131" lon="6.52919"><ele>2051.70</ele><time>2025-07-19T08:01:37+00:00</time></trkpt><trkpt lat="45.62135" lon="6.52949"><ele>2058.09</ele><time>2025-07-19T08:02:01+00:00</time></trkpt><trkpt lat="45.62130" lon="6.53009"><ele>2073.10</ele><time>2025-07-19T08:02:59+00:00</time></trkpt><trkpt lat="45.62132" lon="6.53049"><ele>2079.02</ele><time>2025-07-19T08:03:23+00:00</time></trkpt><trkpt lat="45.62137" lon="6.53062"><ele>2079.71</ele><time>2025-07-19T08:03:28+00:00</time></trkpt><trkpt lat="45.62142" lon="6.53096"><ele>2081.48</ele><time>2025-07-19T08:03:40+00:00</time></trkpt><trkpt lat="45.62147" lon="6.53103"><ele>2081.48</ele><time>2025-07-19T08:03:43+00:00</time></trkpt><trkpt lat="45.62151" lon="6.53117"><ele>2083.02</ele><time>2025-07-19T08:03:50+00:00</time></trkpt><trkpt lat="45.62146" lon="6.53142"><ele>2085.03</ele><time>2025-07-19T08:04:01+00:00</time></trkpt><trkpt lat="45.62151" lon="6.53180"><ele>2088.13</ele><time>2025-07-19T08:04:17+00:00</time></trkpt><trkpt lat="45.62156" lon="6.53193"><ele>2090.40</ele><time>2025-07-19T08:04:26+00:00</time></trkpt><trkpt lat="45.62155" lon="6.53225"><ele>2091.51</ele><time>2025-07-19T08:04:36+00:00</time></trkpt><trkpt lat="45.62165" lon="6.53250"><ele>2092.11</ele><time>2025-07-19T08:04:45+00:00</time></trkpt><trkpt lat="45.62165" lon="6.53255"><ele>2092.20</ele><time>2025-07-19T08:04:47+00:00</time></trkpt><trkpt lat="45.62153" lon="6.53275"><ele>2092.41</ele><time>2025-07-19T08:04:54+00:00</time></trkpt><trkpt lat="45.62160" lon="6.53309"><ele>2091.92</ele><time>2025-07-19T08:05:04+00:00</time></trkpt><trkpt lat="45.62162" lon="6.53353"><ele>2090.58</ele><time>2025-07-19T08:05:15+00:00</time></trkpt><trkpt lat="45.62141" lon="6.53393"><ele>2088.63</ele><time>2025-07-19T08:05:26+00:00</time></trkpt><trkpt lat="45.62130" lon="6.53435"><ele>2087.62</ele><time>2025-07-19T08:05:38+00:00</time></trkpt><trkpt lat="45.62105" lon="6.53504"><ele>2085.67</ele><time>2025-07-19T08:05:57+00:00</time></trkpt><trkpt lat="45.62097" lon="6.53550"><ele>2085.88</ele><time>2025-07-19T08:06:11+00:00</time></trkpt><trkpt lat="45.62097" lon="6.53576"><ele>2086.00</ele><time>2025-07-19T08:06:18+00:00</time></trkpt><trkpt lat="45.62102" lon="6.53588"><ele>2086.42</ele><time>2025-07-19T08:06:23+00:00</time></trkpt><trkpt lat="45.62111" lon="6.53601"><ele>2086.42</ele><time>2025-07-19T08:06:28+00:00</time></trkpt><trkpt lat="45.62113" lon="6.53634"><ele>2087.23</ele><time>2025-07-19T08:06:38+00:00</time></trkpt><trkpt lat="45.62119" lon="6.53644"><ele>2088.65</ele><time>2025-07-19T08:06:45+00:00</time></trkpt><trkpt lat="45.62142" lon="6.53660"><ele>2089.85</ele><time>2025-07-19T08:06:57+00:00</time></trkpt><trkpt lat="45.62152" lon="6.53676"><ele>2093.71</ele><time>2025-07-19T08:07:11+00:00</time></trkpt><trkpt lat="45.62162" lon="6.53724"><ele>2097.65</ele><time>2025-07-19T08:07:32+00:00</time></trkpt><trkpt lat="45.62161" lon="6.53732"><ele>2097.65</ele><time>2025-07-19T08:07:34+00:00</time></trkpt><trkpt lat="45.62164" lon="6.53752"><ele>2098.32</ele><time>2025-07-19T08:07:41+00:00</time></trkpt><trkpt lat="45.62162" lon="6.53759"><ele>2098.32</ele><time>2025-07-19T08:07:43+00:00</time></trkpt><trkpt lat="45.62154" lon="6.53763"><ele>2098.32</ele><time>2025-07-19T08:07:46+00:00</time></trkpt><trkpt lat="45.62148" lon="6.53776"><ele>2098.61</ele><time>2025-07-19T08:07:51+00:00</time></trkpt><trkpt lat="45.62147" lon="6.53789"><ele>2099.14</ele><time>2025-07-19T08:07:56+00:00</time></trkpt><trkpt lat="45.62160" lon="6.53834"><ele>2101.09</ele><time>2025-07-19T08:08:12+00:00</time></trkpt><trkpt lat="45.62161" lon="6.53850"><ele>2101.53</ele><time>2025-07-19T08:08:17+00:00</time></trkpt><trkpt lat="45.62156" lon="6.53862"><ele>2103.14</ele><time>2025-07-19T08:08:24+00:00</time></trkpt><trkpt lat="45.62156" lon="6.53872"><ele>2103.14</ele><time>2025-07-19T08:08:27+00:00</time></trkpt><trkpt lat="45.62165" lon="6.53889"><ele>2104.57</ele><time>2025-07-19T08:08:35+00:00</time></trkpt><trkpt lat="45.62165" lon="6.53920"><ele>2109.57</ele><time>2025-07-19T08:08:55+00:00</time></trkpt><trkpt lat="45.62156" lon="6.53942"><ele>2114.04</ele><time>2025-07-19T08:09:12+00:00</time></trkpt><trkpt lat="45.62156" lon="6.53958"><ele>2117.70</ele><time>2025-07-19T08:09:26+00:00</time></trkpt><trkpt lat="45.62163" lon="6.53972"><ele>2119.38</ele><time>2025-07-19T08:09:34+00:00</time></trkpt><trkpt lat="45.62156" lon="6.53990"><ele>2122.62</ele><time>2025-07-19T08:09:46+00:00</time></trkpt><trkpt lat="45.62165" lon="6.54003"><ele>2125.39</ele><time>2025-07-19T08:09:57+00:00</time></trkpt><trkpt lat="45.62166" lon="6.54027"><ele>2128.39</ele><time>2025-07-19T08:10:10+00:00</time></trkpt><trkpt lat="45.62161" lon="6.54048"><ele>2129.70</ele><time>2025-07-19T08:10:18+00:00</time></trkpt><trkpt lat="45.62168" lon="6.54054"><ele>2131.49</ele><time>2025-07-19T08:10:25+00:00</time></trkpt><trkpt lat="45.62168" lon="6.54068"><ele>2132.88</ele><time>2025-07-19T08:10:31+00:00</time></trkpt><trkpt lat="45.62173" lon="6.54076"><ele>2132.88</ele><time>2025-07-19T08:10:34+00:00</time></trkpt><trkpt lat="45.62179" lon="6.54114"><ele>2134.66</ele><time>2025-07-19T08:10:48+00:00</time></trkpt><trkpt lat="45.62178" lon="6.54130"><ele>2135.03</ele><time>2025-07-19T08:10:53+00:00</time></trkpt><trkpt lat="45.62182" lon="6.54140"><ele>2135.52</ele><time>2025-07-19T08:10:57+00:00</time></trkpt><trkpt lat="45.62179" lon="6.54154"><ele>2135.60</ele><time>2025-07-19T08:11:01+00:00</time></trkpt><trkpt lat="45.62180" lon="6.54168"><ele>2135.66</ele><time>2025-07-19T08:11:05+00:00</time></trkpt><trkpt lat="45.62176" lon="6.54174"><ele>2135.66</ele><time>2025-07-19T08:11:07+00:00</time></trkpt><trkpt lat="45.62176" lon="6.54185"><ele>2135.79</ele><time>2025-07-19T08:11:10+00:00</time></trkpt><trkpt lat="45.62165" lon="6.54200"><ele>2136.01</ele><time>2025-07-19T08:11:17+00:00</time></trkpt><trkpt lat="45.62169" lon="6.54212"><ele>2136.08</ele><time>2025-07-19T08:11:21+00:00</time></trkpt><trkpt lat="45.62170" lon="6.54240"><ele>2136.74</ele><time>2025-07-19T08:11:29+00:00</time></trkpt><trkpt lat="45.62165" lon="6.54259"><ele>2137.86</ele><time>2025-07-19T08:11:37+00:00</time></trkpt><trkpt lat="45.62166" lon="6.54296"><ele>2140.24</ele><time>2025-07-19T08:11:51+00:00</time></trkpt><trkpt lat="45.62173" lon="6.54322"><ele>2143.33</ele><time>2025-07-19T08:12:04+00:00</time></trkpt><trkpt lat="45.62183" lon="6.54332"><ele>2146.65</ele><time>2025-07-19T08:12:17+00:00</time></trkpt><trkpt lat="45.62184" lon="6.54367"><ele>2150.29</ele><time>2025-07-19T08:12:33+00:00</time></trkpt><trkpt lat="45.62179" lon="6.54380"><ele>2152.20</ele><time>2025-07-19T08:12:41+00:00</time></trkpt><trkpt lat="45.62182" lon="6.54409"><ele>2153.25</ele><time>2025-07-19T08:12:51+00:00</time></trkpt><trkpt lat="45.62180" lon="6.54420"><ele>2153.25</ele><time>2025-07-19T08:12:54+00:00</time></trkpt><trkpt lat="45.62170" lon="6.54426"><ele>2153.54</ele><time>2025-07-19T08:12:59+00:00</time></trkpt><trkpt lat="45.62156" lon="6.54449"><ele>2152.81</ele><time>2025-07-19T08:13:07+00:00</time></trkpt><trkpt lat="45.62151" lon="6.54453"><ele>2152.81</ele><time>2025-07-19T08:13:09+00:00</time></trkpt><trkpt lat="45.62146" lon="6.54495"><ele>2150.43</ele><time>2025-07-19T08:13:19+00:00</time></trkpt><trkpt lat="45.62155" lon="6.54520"><ele>2149.19</ele><time>2025-07-19T08:13:25+00:00</time></trkpt><trkpt lat="45.62163" lon="6.54528"><ele>2149.78</ele><time>2025-07-19T08:13:30+00:00</time></trkpt><trkpt lat="45.62170" lon="6.54543"><ele>2149.78</ele><time>2025-07-19T08:13:35+00:00</time></trkpt><trkpt lat="45.62194" lon="6.54573"><ele>2150.22</ele><time>2025-07-19T08:13:48+00:00</time></trkpt><trkpt lat="45.62199" lon="6.54593"><ele>2149.28</ele><time>2025-07-19T08:13:53+00:00</time></trkpt><trkpt lat="45.62197" lon="6.54603"><ele>2149.28</ele><time>2025-07-19T08:13:56+00:00</time></trkpt><trkpt lat="45.62186" lon="6.54616"><ele>2147.26</ele><time>2025-07-19T08:14:00+00:00</time></trkpt><trkpt lat="45.62197" lon="6.54644"><ele>2144.26</ele><time>2025-07-19T08:14:07+00:00</time></trkpt><trkpt lat="45.62198" lon="6.54665"><ele>2139.41</ele><time>2025-07-19T08:14:14+00:00</time></trkpt><trkpt lat="45.62204" lon="6.54689"><ele>2137.09</ele><time>2025-07-19T08:14:19+00:00</time></trkpt><trkpt lat="45.62206" lon="6.54723"><ele>2134.63</ele><time>2025-07-19T08:14:26+00:00</time></trkpt><trkpt lat="45.62222" lon="6.54794"><ele>2120.25</ele><time>2025-07-19T08:14:45+00:00</time></trkpt><trkpt lat="45.62237" lon="6.54829"><ele>2119.61</ele><time>2025-07-19T08:14:56+00:00</time></trkpt><trkpt lat="45.62250" lon="6.54843"><ele>2119.46</ele><time>2025-07-19T08:15:02+00:00</time></trkpt><trkpt lat="45.62264" lon="6.54866"><ele>2119.10</ele><time>2025-07-19T08:15:10+00:00</time></trkpt><trkpt lat="45.62260" lon="6.54874"><ele>2119.10</ele><time>2025-07-19T08:15:13+00:00</time></trkpt><trkpt lat="45.62260" lon="6.54897"><ele>2119.21</ele><time>2025-07-19T08:15:19+00:00</time></trkpt><trkpt lat="45.62279" lon="6.54939"><ele>2122.64</ele><time>2025-07-19T08:15:39+00:00</time></trkpt><trkpt lat="45.62287" lon="6.54987"><ele>2128.15</ele><time>2025-07-19T08:16:03+00:00</time></trkpt><trkpt lat="45.62298" lon="6.55023"><ele>2131.04</ele><time>2025-07-19T08:16:19+00:00</time></trkpt><trkpt lat="45.62296" lon="6.55043"><ele>2131.14</ele><time>2025-07-19T08:16:24+00:00</time></trkpt><trkpt lat="45.62299" lon="6.55068"><ele>2131.39</ele><time>2025-07-19T08:16:32+00:00</time></trkpt><trkpt lat="45.62319" lon="6.55086"><ele>2130.87</ele><time>2025-07-19T08:16:41+00:00</time></trkpt><trkpt lat="45.62319" lon="6.55103"><ele>2130.23</ele><time>2025-07-19T08:16:45+00:00</time></trkpt><trkpt lat="45.62327" lon="6.55114"><ele>2129.69</ele><time>2025-07-19T08:16:49+00:00</time></trkpt><trkpt lat="45.62336" lon="6.55158"><ele>2128.99</ele><time>2025-07-19T08:17:01+00:00</time></trkpt><trkpt lat="45.62352" lon="6.55167"><ele>2128.71</ele><time>2025-07-19T08:17:07+00:00</time></trkpt><trkpt lat="45.62389" lon="6.55234"><ele>2120.01</ele><time>2025-07-19T08:17:25+00:00</time></trkpt><trkpt lat="45.62395" lon="6.55260"><ele>2119.74</ele><time>2025-07-19T08:17:32+00:00</time></trkpt><trkpt lat="45.62405" lon="6.55279"><ele>2119.53</ele><time>2025-07-19T08:17:39+00:00</time></trkpt><trkpt lat="45.62409" lon="6.55310"><ele>2119.32</ele><time>2025-07-19T08:17:47+00:00</time></trkpt><trkpt lat="45.62417" lon="6.55337"><ele>2119.33</ele><time>2025-07-19T08:17:55+00:00</time></trkpt><trkpt lat="45.62427" lon="6.55386"><ele>2119.42</ele><time>2025-07-19T08:18:10+00:00</time></trkpt><trkpt lat="45.62429" lon="6.55421"><ele>2119.66</ele><time>2025-07-19T08:18:20+00:00</time></trkpt><trkpt lat="45.62434" lon="6.55441"><ele>2119.66</ele><time>2025-07-19T08:18:26+00:00</time></trkpt><trkpt lat="45.62492" lon="6.55498"><ele>2101.60</ele><time>2025-07-19T08:18:50+00:00</time></trkpt><trkpt lat="45.62548" lon="6.55580"><ele>2072.00</ele><time>2025-07-19T08:19:31+00:00</time></trkpt><trkpt lat="45.62579" lon="6.55618"><ele>2067.45</ele><time>2025-07-19T08:19:44+00:00</time></trkpt><trkpt lat="45.62595" lon="6.55635"><ele>2063.87</ele><time>2025-07-19T08:19:50+00:00</time></trkpt><trkpt lat="45.62616" lon="6.55648"><ele>2063.87</ele><time>2025-07-19T08:19:59+00:00</time></trkpt><trkpt lat="45.62634" lon="6.55663"><ele>2062.18</ele><time>2025-07-19T08:20:06+00:00</time></trkpt><trkpt lat="45.62657" lon="6.55722"><ele>2034.88</ele><time>2025-07-19T08:21:15+00:00</time></trkpt><trkpt lat="45.62683" lon="6.55757"><ele>2031.06</ele><time>2025-07-19T08:21:26+00:00</time></trkpt><trkpt lat="45.62691" lon="6.55786"><ele>2023.78</ele><time>2025-07-19T08:21:36+00:00</time></trkpt><trkpt lat="45.62727" lon="6.55825"><ele>2014.19</ele><time>2025-07-19T08:21:49+00:00</time></trkpt><trkpt lat="45.62740" lon="6.55866"><ele>2002.97</ele><time>2025-07-19T08:22:05+00:00</time></trkpt><trkpt lat="45.62751" lon="6.55886"><ele>1999.97</ele><time>2025-07-19T08:22:10+00:00</time></trkpt><trkpt lat="45.62766" lon="6.55901"><ele>1996.75</ele><time>2025-07-19T08:22:16+00:00</time></trkpt><trkpt lat="45.62774" lon="6.55900"><ele>1993.92</ele><time>2025-07-19T08:22:19+00:00</time></trkpt><trkpt lat="45.62778" lon="6.55936"><ele>1989.73</ele><time>2025-07-19T08:22:27+00:00</time></trkpt><trkpt lat="45.62782" lon="6.55945"><ele>1988.72</ele><time>2025-07-19T08:22:29+00:00</time></trkpt><trkpt lat="45.62788" lon="6.55948"><ele>1986.49</ele><time>2025-07-19T08:22:32+00:00</time></trkpt><trkpt lat="45.62792" lon="6.55946"><ele>1985.29</ele><time>2025-07-19T08:22:34+00:00</time></trkpt><trkpt lat="45.62796" lon="6.55950"><ele>1984.02</ele><time>2025-07-19T08:22:35+00:00</time></trkpt><trkpt lat="45.62819" lon="6.55961"><ele>1983.00</ele><time>2025-07-19T08:22:44+00:00</time></trkpt><trkpt lat="45.62822" lon="6.55971"><ele>1981.93</ele><time>2025-07-19T08:22:46+00:00</time></trkpt><trkpt lat="45.62828" lon="6.55977"><ele>1977.28</ele><time>2025-07-19T08:23:00+00:00</time></trkpt><trkpt lat="45.62873" lon="6.55987"><ele>1957.82</ele><time>2025-07-19T08:23:32+00:00</time></trkpt><trkpt lat="45.62878" lon="6.55998"><ele>1954.25</ele><time>2025-07-19T08:23:37+00:00</time></trkpt><trkpt lat="45.62886" lon="6.55999"><ele>1953.04</ele><time>2025-07-19T08:23:39+00:00</time></trkpt><trkpt lat="45.62892" lon="6.56006"><ele>1951.97</ele><time>2025-07-19T08:23:42+00:00</time></trkpt><trkpt lat="45.62903" lon="6.56010"><ele>1950.96</ele><time>2025-07-19T08:23:45+00:00</time></trkpt><trkpt lat="45.62919" lon="6.56036"><ele>1947.98</ele><time>2025-07-19T08:23:53+00:00</time></trkpt><trkpt lat="45.62920" lon="6.56044"><ele>1947.00</ele><time>2025-07-19T08:23:54+00:00</time></trkpt><trkpt lat="45.62927" lon="6.56055"><ele>1945.91</ele><time>2025-07-19T08:23:58+00:00</time></trkpt><trkpt lat="45.62947" lon="6.56075"><ele>1944.61</ele><time>2025-07-19T08:24:06+00:00</time></trkpt><trkpt lat="45.62976" lon="6.56143"><ele>1910.76</ele><time>2025-07-19T08:25:40+00:00</time></trkpt><trkpt lat="45.62989" lon="6.56165"><ele>1908.24</ele><time>2025-07-19T08:25:46+00:00</time></trkpt><trkpt lat="45.62996" lon="6.56170"><ele>1908.24</ele><time>2025-07-19T08:25:49+00:00</time></trkpt><trkpt lat="45.62995" lon="6.56177"><ele>1908.24</ele><time>2025-07-19T08:25:51+00:00</time></trkpt><trkpt lat="45.62999" lon="6.56186"><ele>1906.42</ele><time>2025-07-19T08:25:54+00:00</time></trkpt><trkpt lat="45.63011" lon="6.56201"><ele>1900.84</ele><time>2025-07-19T08:26:01+00:00</time></trkpt><trkpt lat="45.63010" lon="6.56209"><ele>1899.60</ele><time>2025-07-19T08:26:03+00:00</time></trkpt><trkpt lat="45.63018" lon="6.56231"><ele>1892.44</ele><time>2025-07-19T08:26:14+00:00</time></trkpt><trkpt lat="45.63026" lon="6.56235"><ele>1889.87</ele><time>2025-07-19T08:26:17+00:00</time></trkpt><trkpt lat="45.63028" lon="6.56243"><ele>1888.83</ele><time>2025-07-19T08:26:19+00:00</time></trkpt><trkpt lat="45.63032" lon="6.56242"><ele>1888.83</ele><time>2025-07-19T08:26:21+00:00</time></trkpt><trkpt lat="45.63033" lon="6.56249"><ele>1886.45</ele><time>2025-07-19T08:26:25+00:00</time></trkpt><trkpt lat="45.63038" lon="6.56255"><ele>1885.10</ele><time>2025-07-19T08:26:27+00:00</time></trkpt><trkpt lat="45.63044" lon="6.56255"><ele>1883.89</ele><time>2025-07-19T08:26:29+00:00</time></trkpt><trkpt lat="45.63047" lon="6.56261"><ele>1882.67</ele><time>2025-07-19T08:26:31+00:00</time></trkpt><trkpt lat="45.63054" lon="6.56262"><ele>1880.50</ele><time>2025-07-19T08:26:33+00:00</time></trkpt><trkpt lat="45.63057" lon="6.56273"><ele>1877.24</ele><time>2025-07-19T08:26:38+00:00</time></trkpt><trkpt lat="45.63065" lon="6.56267"><ele>1873.93</ele><time>2025-07-19T08:26:43+00:00</time></trkpt><trkpt lat="45.63077" lon="6.56276"><ele>1870.41</ele><time>2025-07-19T08:26:48+00:00</time></trkpt><trkpt lat="45.63081" lon="6.56269"><ele>1868.04</ele><time>2025-07-19T08:26:51+00:00</time></trkpt><trkpt lat="45.63084" lon="6.56273"><ele>1865.69</ele><time>2025-07-19T08:26:57+00:00</time></trkpt><trkpt lat="45.63084" lon="6.56281"><ele>1863.44</ele><time>2025-07-19T08:27:00+00:00</time></trkpt><trkpt lat="45.63088" lon="6.56285"><ele>1863.44</ele><time>2025-07-19T08:27:02+00:00</time></trkpt><trkpt lat="45.63092" lon="6.56274"><ele>1860.45</ele><time>2025-07-19T08:27:06+00:00</time></trkpt><trkpt lat="45.63096" lon="6.56286"><ele>1858.56</ele><time>2025-07-19T08:27:09+00:00</time></trkpt><trkpt lat="45.63105" lon="6.56298"><ele>1857.57</ele><time>2025-07-19T08:27:13+00:00</time></trkpt><trkpt lat="45.63109" lon="6.56293"><ele>1856.62</ele><time>2025-07-19T08:27:15+00:00</time></trkpt><trkpt lat="45.63113" lon="6.56295"><ele>1855.74</ele><time>2025-07-19T08:27:16+00:00</time></trkpt><trkpt lat="45.63116" lon="6.56305"><ele>1853.95</ele><time>2025-07-19T08:27:18+00:00</time></trkpt><trkpt lat="45.63122" lon="6.56311"><ele>1853.95</ele><time>2025-07-19T08:27:21+00:00</time></trkpt><trkpt lat="45.63129" lon="6.56313"><ele>1853.19</ele><time>2025-07-19T08:27:23+00:00</time></trkpt><trkpt lat="45.63149" lon="6.56392"><ele>1827.54</ele><time>2025-07-19T08:28:06+00:00</time></trkpt><trkpt lat="45.63156" lon="6.56409"><ele>1824.86</ele><time>2025-07-19T08:28:10+00:00</time></trkpt><trkpt lat="45.63162" lon="6.56433"><ele>1822.63</ele><time>2025-07-19T08:28:15+00:00</time></trkpt><trkpt lat="45.63183" lon="6.56454"><ele>1815.51</ele><time>2025-07-19T08:28:25+00:00</time></trkpt><trkpt lat="45.63198" lon="6.56460"><ele>1812.61</ele><time>2025-07-19T08:28:29+00:00</time></trkpt><trkpt lat="45.63199" lon="6.56468"><ele>1810.84</ele><time>2025-07-19T08:28:32+00:00</time></trkpt><trkpt lat="45.63206" lon="6.56471"><ele>1809.52</ele><time>2025-07-19T08:28:34+00:00</time></trkpt><trkpt lat="45.63212" lon="6.56469"><ele>1809.52</ele><time>2025-07-19T08:28:36+00:00</time></trkpt><trkpt lat="45.63214" lon="6.56480"><ele>1807.99</ele><time>2025-07-19T08:28:39+00:00</time></trkpt><trkpt lat="45.63213" lon="6.56496"><ele>1804.02</ele><time>2025-07-19T08:28:44+00:00</time></trkpt><trkpt lat="45.63229" lon="6.56512"><ele>1800.11</ele><time>2025-07-19T08:28:50+00:00</time></trkpt><trkpt lat="45.63239" lon="6.56528"><ele>1795.28</ele><time>2025-07-19T08:28:56+00:00</time></trkpt><trkpt lat="45.63240" lon="6.56536"><ele>1791.79</ele><time>2025-07-19T08:29:06+00:00</time></trkpt><trkpt lat="45.63244" lon="6.56541"><ele>1791.79</ele><time>2025-07-19T08:29:08+00:00</time></trkpt><trkpt lat="45.63263" lon="6.56535"><ele>1785.83</ele><time>2025-07-19T08:29:16+00:00</time></trkpt><trkpt lat="45.63274" lon="6.56547"><ele>1781.38</ele><time>2025-07-19T08:29:22+00:00</time></trkpt><trkpt lat="45.63278" lon="6.56547"><ele>1780.08</ele><time>2025-07-19T08:29:24+00:00</time></trkpt><trkpt lat="45.63288" lon="6.56564"><ele>1776.35</ele><time>2025-07-19T08:29:29+00:00</time></trkpt><trkpt lat="45.63295" lon="6.56565"><ele>1775.49</ele><time>2025-07-19T08:29:31+00:00</time></trkpt><trkpt lat="45.63293" lon="6.56569"><ele>1775.49</ele><time>2025-07-19T08:29:32+00:00</time></trkpt><trkpt lat="45.63295" lon="6.56577"><ele>1773.52</ele><time>2025-07-19T08:29:35+00:00</time></trkpt><trkpt lat="45.63300" lon="6.56580"><ele>1773.52</ele><time>2025-07-19T08:29:37+00:00</time></trkpt><trkpt lat="45.63303" lon="6.56579"><ele>1772.48</ele><time>2025-07-19T08:29:38+00:00</time></trkpt><trkpt lat="45.63312" lon="6.56552"><ele>1768.71</ele><time>2025-07-19T08:29:45+00:00</time></trkpt><trkpt lat="45.63316" lon="6.56551"><ele>1767.97</ele><time>2025-07-19T08:29:46+00:00</time></trkpt><trkpt lat="45.63324" lon="6.56554"><ele>1766.24</ele><time>2025-07-19T08:29:48+00:00</time></trkpt><trkpt lat="45.63335" lon="6.56549"><ele>1762.55</ele><time>2025-07-19T08:29:53+00:00</time></trkpt><trkpt lat="45.63339" lon="6.56552"><ele>1761.19</ele><time>2025-07-19T08:29:55+00:00</time></trkpt><trkpt lat="45.63344" lon="6.56564"><ele>1759.07</ele><time>2025-07-19T08:29:58+00:00</time></trkpt><trkpt lat="45.63373" lon="6.56581"><ele>1750.30</ele><time>2025-07-19T08:30:09+00:00</time></trkpt><trkpt lat="45.63383" lon="6.56595"><ele>1743.24</ele><time>2025-07-19T08:30:23+00:00</time></trkpt><trkpt lat="45.63397" lon="6.56598"><ele>1739.78</ele><time>2025-07-19T08:30:28+00:00</time></trkpt><trkpt lat="45.63409" lon="6.56617"><ele>1737.73</ele><time>2025-07-19T08:30:34+00:00</time></trkpt><trkpt lat="45.63405" lon="6.56622"><ele>1736.11</ele><time>2025-07-19T08:30:36+00:00</time></trkpt><trkpt lat="45.63406" lon="6.56629"><ele>1735.24</ele><time>2025-07-19T08:30:37+00:00</time></trkpt><trkpt lat="45.63402" lon="6.56634"><ele>1734.11</ele><time>2025-07-19T08:30:39+00:00</time></trkpt><trkpt lat="45.63412" lon="6.56659"><ele>1731.32</ele><time>2025-07-19T08:30:45+00:00</time></trkpt><trkpt lat="45.63412" lon="6.56662"><ele>1731.32</ele><time>2025-07-19T08:30:46+00:00</time></trkpt><trkpt lat="45.63397" lon="6.56665"><ele>1729.69</ele><time>2025-07-19T08:30:50+00:00</time></trkpt><trkpt lat="45.63403" lon="6.56685"><ele>1726.94</ele><time>2025-07-19T08:30:55+00:00</time></trkpt><trkpt lat="45.63415" lon="6.56692"><ele>1726.94</ele><time>2025-07-19T08:31:00+00:00</time></trkpt><trkpt lat="45.63429" lon="6.56718"><ele>1722.36</ele><time>2025-07-19T08:31:07+00:00</time></trkpt><trkpt lat="45.63443" lon="6.56752"><ele>1720.58</ele><time>2025-07-19T08:31:16+00:00</time></trkpt><trkpt lat="45.63455" lon="6.56760"><ele>1719.71</ele><time>2025-07-19T08:31:21+00:00</time></trkpt><trkpt lat="45.63482" lon="6.56806"><ele>1717.28</ele><time>2025-07-19T08:31:35+00:00</time></trkpt><trkpt lat="45.63479" lon="6.56830"><ele>1715.80</ele><time>2025-07-19T08:31:40+00:00</time></trkpt><trkpt lat="45.63491" lon="6.56842"><ele>1715.80</ele><time>2025-07-19T08:31:46+00:00</time></trkpt><trkpt lat="45.63509" lon="6.56854"><ele>1713.10</ele><time>2025-07-19T08:31:52+00:00</time></trkpt><trkpt lat="45.63527" lon="6.56892"><ele>1705.44</ele><time>2025-07-19T08:32:02+00:00</time></trkpt><trkpt lat="45.63540" lon="6.56908"><ele>1701.35</ele><time>2025-07-19T08:32:08+00:00</time></trkpt><trkpt lat="45.63557" lon="6.56915"><ele>1700.54</ele><time>2025-07-19T08:32:14+00:00</time></trkpt><trkpt lat="45.63571" lon="6.56912"><ele>1699.38</ele><time>2025-07-19T08:32:19+00:00</time></trkpt><trkpt lat="45.63582" lon="6.56918"><ele>1699.38</ele><time>2025-07-19T08:32:23+00:00</time></trkpt><trkpt lat="45.63587" lon="6.56937"><ele>1697.16</ele><time>2025-07-19T08:32:28+00:00</time></trkpt><trkpt lat="45.63619" lon="6.56971"><ele>1689.56</ele><time>2025-07-19T08:32:40+00:00</time></trkpt><trkpt lat="45.63632" lon="6.56996"><ele>1685.71</ele><time>2025-07-19T08:32:46+00:00</time></trkpt><trkpt lat="45.63635" lon="6.57009"><ele>1685.13</ele><time>2025-07-19T08:32:49+00:00</time></trkpt><trkpt lat="45.63625" lon="6.57026"><ele>1684.28</ele><time>2025-07-19T08:32:55+00:00</time></trkpt><trkpt lat="45.63620" lon="6.57030"><ele>1683.46</ele><time>2025-07-19T08:32:56+00:00</time></trkpt><trkpt lat="45.63621" lon="6.57035"><ele>1683.46</ele><time>2025-07-19T08:32:58+00:00</time></trkpt><trkpt lat="45.63640" lon="6.57041"><ele>1680.74</ele><time>2025-07-19T08:33:04+00:00</time></trkpt><trkpt lat="45.63654" lon="6.57060"><ele>1677.40</ele><time>2025-07-19T08:33:09+00:00</time></trkpt><trkpt lat="45.63665" lon="6.57060"><ele>1673.35</ele><time>2025-07-19T08:33:15+00:00</time></trkpt><trkpt lat="45.63675" lon="6.57070"><ele>1671.47</ele><time>2025-07-19T08:33:19+00:00</time></trkpt><trkpt lat="45.63687" lon="6.57061"><ele>1670.33</ele><time>2025-07-19T08:33:23+00:00</time></trkpt><trkpt lat="45.63691" lon="6.57053"><ele>1669.13</ele><time>2025-07-19T08:33:25+00:00</time></trkpt><trkpt lat="45.63697" lon="6.57058"><ele>1666.93</ele><time>2025-07-19T08:33:28+00:00</time></trkpt><trkpt lat="45.63703" lon="6.57055"><ele>1665.88</ele><time>2025-07-19T08:33:30+00:00</time></trkpt><trkpt lat="45.63706" lon="6.57057"><ele>1663.92</ele><time>2025-07-19T08:33:35+00:00</time></trkpt><trkpt lat="45.63705" lon="6.57067"><ele>1661.86</ele><time>2025-07-19T08:33:38+00:00</time></trkpt><trkpt lat="45.63719" lon="6.57081"><ele>1657.34</ele><time>2025-07-19T08:33:44+00:00</time></trkpt><trkpt lat="45.63725" lon="6.57082"><ele>1655.50</ele><time>2025-07-19T08:33:46+00:00</time></trkpt><trkpt lat="45.63732" lon="6.57076"><ele>1654.51</ele><time>2025-07-19T08:33:48+00:00</time></trkpt><trkpt lat="45.63732" lon="6.57084"><ele>1652.56</ele><time>2025-07-19T08:33:51+00:00</time></trkpt><trkpt lat="45.63734" lon="6.57086"><ele>1650.72</ele><time>2025-07-19T08:33:59+00:00</time></trkpt><trkpt lat="45.63738" lon="6.57085"><ele>1649.92</ele><time>2025-07-19T08:34:00+00:00</time></trkpt><trkpt lat="45.63739" lon="6.57080"><ele>1648.93</ele><time>2025-07-19T08:34:02+00:00</time></trkpt><trkpt lat="45.63743" lon="6.57079"><ele>1648.08</ele><time>2025-07-19T08:34:03+00:00</time></trkpt><trkpt lat="45.63748" lon="6.57091"><ele>1647.25</ele><time>2025-07-19T08:34:06+00:00</time></trkpt><trkpt lat="45.63753" lon="6.57086"><ele>1645.64</ele><time>2025-07-19T08:34:08+00:00</time></trkpt><trkpt lat="45.63760" lon="6.57101"><ele>1642.57</ele><time>2025-07-19T08:34:12+00:00</time></trkpt><trkpt lat="45.63764" lon="6.57100"><ele>1641.81</ele><time>2025-07-19T08:34:13+00:00</time></trkpt><trkpt lat="45.63764" lon="6.57108"><ele>1640.43</ele><time>2025-07-19T08:34:15+00:00</time></trkpt><trkpt lat="45.63769" lon="6.57111"><ele>1638.34</ele><time>2025-07-19T08:34:18+00:00</time></trkpt><trkpt lat="45.63773" lon="6.57111"><ele>1637.03</ele><time>2025-07-19T08:34:20+00:00</time></trkpt><trkpt lat="45.63773" lon="6.57095"><ele>1635.76</ele><time>2025-07-19T08:34:23+00:00</time></trkpt><trkpt lat="45.63780" lon="6.57095"><ele>1634.61</ele><time>2025-07-19T08:34:26+00:00</time></trkpt><trkpt lat="45.63783" lon="6.57104"><ele>1634.61</ele><time>2025-07-19T08:34:28+00:00</time></trkpt><trkpt lat="45.63789" lon="6.57112"><ele>1633.36</ele><time>2025-07-19T08:34:31+00:00</time></trkpt><trkpt lat="45.63788" lon="6.57118"><ele>1632.73</ele><time>2025-07-19T08:34:32+00:00</time></trkpt><trkpt lat="45.63793" lon="6.57126"><ele>1632.25</ele><time>2025-07-19T08:34:35+00:00</time></trkpt><trkpt lat="45.63793" lon="6.57140"><ele>1631.42</ele><time>2025-07-19T08:34:38+00:00</time></trkpt><trkpt lat="45.63796" lon="6.57151"><ele>1631.06</ele><time>2025-07-19T08:34:41+00:00</time></trkpt><trkpt lat="45.63827" lon="6.57162"><ele>1628.78</ele><time>2025-07-19T08:34:51+00:00</time></trkpt><trkpt lat="45.63833" lon="6.57190"><ele>1626.10</ele><time>2025-07-19T08:34:57+00:00</time></trkpt><trkpt lat="45.63860" lon="6.57209"><ele>1622.80</ele><time>2025-07-19T08:35:07+00:00</time></trkpt><trkpt lat="45.63888" lon="6.57250"><ele>1617.61</ele><time>2025-07-19T08:35:19+00:00</time></trkpt><trkpt lat="45.63910" lon="6.57291"><ele>1610.60</ele><time>2025-07-19T08:35:29+00:00</time></trkpt><trkpt lat="45.63931" lon="6.57337"><ele>1603.40</ele><time>2025-07-19T08:35:41+00:00</time></trkpt><trkpt lat="45.63945" lon="6.57346"><ele>1600.90</ele><time>2025-07-19T08:35:45+00:00</time></trkpt><trkpt lat="45.63958" lon="6.57350"><ele>1600.90</ele><time>2025-07-19T08:35:51+00:00</time></trkpt><trkpt lat="45.64002" lon="6.57381"><ele>1591.61</ele><time>2025-07-19T08:36:05+00:00</time></trkpt><trkpt lat="45.64010" lon="6.57430"><ele>1589.53</ele><time>2025-07-19T08:36:17+00:00</time></trkpt><trkpt lat="45.64033" lon="6.57438"><ele>1585.24</ele><time>2025-07-19T08:36:24+00:00</time></trkpt><trkpt lat="45.64064" lon="6.57468"><ele>1579.95</ele><time>2025-07-19T08:36:36+00:00</time></trkpt><trkpt lat="45.64072" lon="6.57487"><ele>1578.14</ele><time>2025-07-19T08:36:40+00:00</time></trkpt><trkpt lat="45.64087" lon="6.57503"><ele>1575.93</ele><time>2025-07-19T08:36:46+00:00</time></trkpt><trkpt lat="45.64099" lon="6.57542"><ele>1569.91</ele><time>2025-07-19T08:36:55+00:00</time></trkpt><trkpt lat="45.64114" lon="6.57572"><ele>1564.59</ele><time>2025-07-19T08:37:03+00:00</time></trkpt><trkpt lat="45.64132" lon="6.57591"><ele>1562.50</ele><time>2025-07-19T08:37:10+00:00</time></trkpt><trkpt lat="45.64110" lon="6.57582"><ele>1561.91</ele><time>2025-07-19T08:37:18+00:00</time></trkpt><trkpt lat="45.64101" lon="6.57575"><ele>1561.17</ele><time>2025-07-19T08:37:22+00:00</time></trkpt><trkpt lat="45.64090" lon="6.57559"><ele>1560.86</ele><time>2025-07-19T08:37:28+00:00</time></trkpt><trkpt lat="45.64076" lon="6.57552"><ele>1560.86</ele><time>2025-07-19T08:37:34+00:00</time></trkpt><trkpt lat="45.64070" lon="6.57556"><ele>1560.69</ele><time>2025-07-19T08:37:36+00:00</time></trkpt><trkpt lat="45.64065" lon="6.57564"><ele>1560.78</ele><time>2025-07-19T08:37:39+00:00</time></trkpt><trkpt lat="45.64064" lon="6.57578"><ele>1560.75</ele><time>2025-07-19T08:37:43+00:00</time></trkpt><trkpt lat="45.64071" lon="6.57624"><ele>1561.28</ele><time>2025-07-19T08:37:57+00:00</time></trkpt><trkpt lat="45.64083" lon="6.57647"><ele>1561.73</ele><time>2025-07-19T08:38:06+00:00</time></trkpt><trkpt lat="45.64103" lon="6.57667"><ele>1562.01</ele><time>2025-07-19T08:38:16+00:00</time></trkpt><trkpt lat="45.64137" lon="6.57691"><ele>1562.40</ele><time>2025-07-19T08:38:31+00:00</time></trkpt><trkpt lat="45.64142" lon="6.57697"><ele>1562.40</ele><time>2025-07-19T08:38:34+00:00</time></trkpt><trkpt lat="45.64145" lon="6.57707"><ele>1562.55</ele><time>2025-07-19T08:38:37+00:00</time></trkpt><trkpt lat="45.64149" lon="6.57765"><ele>1562.62</ele><time>2025-07-19T08:38:54+00:00</time></trkpt><trkpt lat="45.64160" lon="6.57793"><ele>1562.40</ele><time>2025-07-19T08:39:02+00:00</time></trkpt><trkpt lat="45.64166" lon="6.57828"><ele>1562.22</ele><time>2025-07-19T08:39:12+00:00</time></trkpt><trkpt lat="45.64180" lon="6.57868"><ele>1562.27</ele><time>2025-07-19T08:39:25+00:00</time></trkpt><trkpt lat="45.64185" lon="6.57908"><ele>1562.72</ele><time>2025-07-19T08:39:37+00:00</time></trkpt><trkpt lat="45.64199" lon="6.57944"><ele>1563.05</ele><time>2025-07-19T08:39:49+00:00</time></trkpt><trkpt lat="45.64199" lon="6.57951"><ele>1563.05</ele><time>2025-07-19T08:39:51+00:00</time></trkpt><trkpt lat="45.64193" lon="6.57969"><ele>1563.28</ele><time>2025-07-19T08:39:56+00:00</time></trkpt><trkpt lat="45.64204" lon="6.58018"><ele>1563.62</ele><time>2025-07-19T08:40:11+00:00</time></trkpt><trkpt lat="45.64197" lon="6.58040"><ele>1563.80</ele><time>2025-07-19T08:40:18+00:00</time></trkpt><trkpt lat="45.64175" lon="6.58078"><ele>1563.96</ele><time>2025-07-19T08:40:32+00:00</time></trkpt><trkpt lat="45.64165" lon="6.58108"><ele>1564.35</ele><time>2025-07-19T08:40:42+00:00</time></trkpt><trkpt lat="45.64163" lon="6.58143"><ele>1565.09</ele><time>2025-07-19T08:40:53+00:00</time></trkpt><trkpt lat="45.64174" lon="6.58202"><ele>1566.13</ele><time>2025-07-19T08:41:11+00:00</time></trkpt><trkpt lat="45.64174" lon="6.58215"><ele>1566.51</ele><time>2025-07-19T08:41:16+00:00</time></trkpt><trkpt lat="45.64177" lon="6.58222"><ele>1566.51</ele><time>2025-07-19T08:41:18+00:00</time></trkpt><trkpt lat="45.64244" lon="6.58292"><ele>1570.75</ele><time>2025-07-19T08:41:57+00:00</time></trkpt><trkpt lat="45.64264" lon="6.58302"><ele>1571.53</ele><time>2025-07-19T08:42:07+00:00</time></trkpt><trkpt lat="45.64273" lon="6.58311"><ele>1572.27</ele><time>2025-07-19T08:42:12+00:00</time></trkpt><trkpt lat="45.64252" lon="6.58307"><ele>1574.22</ele><time>2025-07-19T08:42:24+00:00</time></trkpt><trkpt lat="45.64270" lon="6.58321"><ele>1575.68</ele><time>2025-07-19T08:42:34+00:00</time></trkpt><trkpt lat="45.64281" lon="6.58323"><ele>1577.28</ele><time>2025-07-19T08:42:41+00:00</time></trkpt><trkpt lat="45.64275" lon="6.58326"><ele>1577.28</ele><time>2025-07-19T08:42:44+00:00</time></trkpt><trkpt lat="45.64250" lon="6.58325"><ele>1579.61</ele><time>2025-07-19T08:42:58+00:00</time></trkpt><trkpt lat="45.64238" lon="6.58330"><ele>1580.99</ele><time>2025-07-19T08:43:05+00:00</time></trkpt><trkpt lat="45.64230" lon="6.58354"><ele>1583.18</ele><time>2025-07-19T08:43:16+00:00</time></trkpt><trkpt lat="45.64220" lon="6.58360"><ele>1583.65</ele><time>2025-07-19T08:43:21+00:00</time></trkpt><trkpt lat="45.64208" lon="6.58358"><ele>1584.34</ele><time>2025-07-19T08:43:27+00:00</time></trkpt><trkpt lat="45.64198" lon="6.58362"><ele>1585.53</ele><time>2025-07-19T08:43:33+00:00</time></trkpt><trkpt lat="45.64185" lon="6.58376"><ele>1585.95</ele><time>2025-07-19T08:43:40+00:00</time></trkpt><trkpt lat="45.64185" lon="6.58407"><ele>1588.02</ele><time>2025-07-19T08:43:52+00:00</time></trkpt><trkpt lat="45.64157" lon="6.58437"><ele>1589.24</ele><time>2025-07-19T08:44:08+00:00</time></trkpt><trkpt lat="45.64149" lon="6.58434"><ele>1589.28</ele><time>2025-07-19T08:44:11+00:00</time></trkpt><trkpt lat="45.64125" lon="6.58442"><ele>1589.44</ele><time>2025-07-19T08:44:21+00:00</time></trkpt><trkpt lat="45.64109" lon="6.58453"><ele>1589.36</ele><time>2025-07-19T08:44:28+00:00</time></trkpt><trkpt lat="45.64095" lon="6.58481"><ele>1588.99</ele><time>2025-07-19T08:44:37+00:00</time></trkpt><trkpt lat="45.64072" lon="6.58501"><ele>1588.55</ele><time>2025-07-19T08:44:48+00:00</time></trkpt><trkpt lat="45.64035" lon="6.58565"><ele>1598.00</ele><time>2025-07-19T08:45:28+00:00</time></trkpt><trkpt lat="45.64009" lon="6.58560"><ele>1599.14</ele><time>2025-07-19T08:45:40+00:00</time></trkpt><trkpt lat="45.64001" lon="6.58563"><ele>1599.14</ele><time>2025-07-19T08:45:44+00:00</time></trkpt><trkpt lat="45.63984" lon="6.58579"><ele>1600.27</ele><time>2025-07-19T08:45:54+00:00</time></trkpt><trkpt lat="45.63969" lon="6.58587"><ele>1601.10</ele><time>2025-07-19T08:46:01+00:00</time></trkpt><trkpt lat="45.63954" lon="6.58599"><ele>1602.40</ele><time>2025-07-19T08:46:10+00:00</time></trkpt><trkpt lat="45.63933" lon="6.58610"><ele>1605.38</ele><time>2025-07-19T08:46:24+00:00</time></trkpt><trkpt lat="45.63904" lon="6.58637"><ele>1611.59</ele><time>2025-07-19T08:46:50+00:00</time></trkpt><trkpt lat="45.63892" lon="6.58643"><ele>1613.70</ele><time>2025-07-19T08:46:59+00:00</time></trkpt><trkpt lat="45.63871" lon="6.58648"><ele>1613.70</ele><time>2025-07-19T08:47:07+00:00</time></trkpt><trkpt lat="45.63817" lon="6.58675"><ele>1627.88</ele><time>2025-07-19T08:48:02+00:00</time></trkpt><trkpt lat="45.63793" lon="6.58706"><ele>1632.21</ele><time>2025-07-19T08:48:22+00:00</time></trkpt><trkpt lat="45.63773" lon="6.58746"><ele>1641.60</ele><time>2025-07-19T08:48:58+00:00</time></trkpt><trkpt lat="45.63770" lon="6.58768"><ele>1644.40</ele><time>2025-07-19T08:49:10+00:00</time></trkpt><trkpt lat="45.63776" lon="6.58773"><ele>1645.10</ele><time>2025-07-19T08:49:14+00:00</time></trkpt><trkpt lat="45.63778" lon="6.58794"><ele>1645.10</ele><time>2025-07-19T08:49:20+00:00</time></trkpt><trkpt lat="45.63782" lon="6.58800"><ele>1646.11</ele><time>2025-07-19T08:49:24+00:00</time></trkpt><trkpt lat="45.63769" lon="6.58808"><ele>1646.86</ele><time>2025-07-19T08:49:31+00:00</time></trkpt><trkpt lat="45.63758" lon="6.58807"><ele>1648.80</ele><time>2025-07-19T08:49:39+00:00</time></trkpt><trkpt lat="45.63749" lon="6.58827"><ele>1652.01</ele><time>2025-07-19T08:49:52+00:00</time></trkpt><trkpt lat="45.63723" lon="6.58822"><ele>1656.65</ele><time>2025-07-19T08:50:11+00:00</time></trkpt><trkpt lat="45.63713" lon="6.58812"><ele>1658.47</ele><time>2025-07-19T08:50:19+00:00</time></trkpt><trkpt lat="45.63703" lon="6.58815"><ele>1662.68</ele><time>2025-07-19T08:50:37+00:00</time></trkpt><trkpt lat="45.63668" lon="6.58836"><ele>1670.01</ele><time>2025-07-19T08:51:06+00:00</time></trkpt><trkpt lat="45.63657" lon="6.58850"><ele>1673.73</ele><time>2025-07-19T08:51:21+00:00</time></trkpt><trkpt lat="45.63646" lon="6.58858"><ele>1673.73</ele><time>2025-07-19T08:51:26+00:00</time></trkpt><trkpt lat="45.63621" lon="6.58864"><ele>1677.98</ele><time>2025-07-19T08:51:44+00:00</time></trkpt><trkpt lat="45.63598" lon="6.58902"><ele>1682.38</ele><time>2025-07-19T08:52:05+00:00</time></trkpt><trkpt lat="45.63591" lon="6.58907"><ele>1682.38</ele><time>2025-07-19T08:52:08+00:00</time></trkpt><trkpt lat="45.63577" lon="6.58910"><ele>1683.36</ele><time>2025-07-19T08:52:15+00:00</time></trkpt><trkpt lat="45.63559" lon="6.58930"><ele>1684.00</ele><time>2025-07-19T08:52:25+00:00</time></trkpt><trkpt lat="45.63521" lon="6.58949"><ele>1687.86</ele><time>2025-07-19T08:52:48+00:00</time></trkpt><trkpt lat="45.63504" lon="6.58993"><ele>1693.76</ele><time>2025-07-19T08:53:13+00:00</time></trkpt><trkpt lat="45.63489" lon="6.59012"><ele>1696.70</ele><time>2025-07-19T08:53:26+00:00</time></trkpt><trkpt lat="45.63483" lon="6.59024"><ele>1696.70</ele><time>2025-07-19T08:53:30+00:00</time></trkpt><trkpt lat="45.63474" lon="6.59032"><ele>1697.22</ele><time>2025-07-19T08:53:35+00:00</time></trkpt><trkpt lat="45.63460" lon="6.59039"><ele>1699.31</ele><time>2025-07-19T08:53:45+00:00</time></trkpt><trkpt lat="45.63453" lon="6.59047"><ele>1699.31</ele><time>2025-07-19T08:53:49+00:00</time></trkpt><trkpt lat="45.63440" lon="6.59048"><ele>1700.30</ele><time>2025-07-19T08:53:55+00:00</time></trkpt><trkpt lat="45.63427" lon="6.59042"><ele>1702.62</ele><time>2025-07-19T08:54:05+00:00</time></trkpt><trkpt lat="45.63417" lon="6.59046"><ele>1703.29</ele><time>2025-07-19T08:54:10+00:00</time></trkpt><trkpt lat="45.63402" lon="6.59075"><ele>1706.37</ele><time>2025-07-19T08:54:26+00:00</time></trkpt><trkpt lat="45.63396" lon="6.59078"><ele>1706.37</ele><time>2025-07-19T08:54:28+00:00</time></trkpt><trkpt lat="45.63385" lon="6.59079"><ele>1707.07</ele><time>2025-07-19T08:54:34+00:00</time></trkpt><trkpt lat="45.63370" lon="6.59094"><ele>1709.51</ele><time>2025-07-19T08:54:45+00:00</time></trkpt><trkpt lat="45.63344" lon="6.59130"><ele>1716.34</ele><time>2025-07-19T08:55:13+00:00</time></trkpt><trkpt lat="45.63307" lon="6.59146"><ele>1725.11</ele><time>2025-07-19T08:55:47+00:00</time></trkpt><trkpt lat="45.63284" lon="6.59162"><ele>1729.68</ele><time>2025-07-19T08:56:06+00:00</time></trkpt><trkpt lat="45.63280" lon="6.59171"><ele>1730.39</ele><time>2025-07-19T08:56:10+00:00</time></trkpt><trkpt lat="45.63290" lon="6.59176"><ele>1731.25</ele><time>2025-07-19T08:56:16+00:00</time></trkpt><trkpt lat="45.63295" lon="6.59182"><ele>1732.29</ele><time>2025-07-19T08:56:20+00:00</time></trkpt><trkpt lat="45.63288" lon="6.59188"><ele>1733.56</ele><time>2025-07-19T08:56:26+00:00</time></trkpt><trkpt lat="45.63288" lon="6.59206"><ele>1734.93</ele><time>2025-07-19T08:56:33+00:00</time></trkpt><trkpt lat="45.63283" lon="6.59209"><ele>1735.68</ele><time>2025-07-19T08:56:37+00:00</time></trkpt><trkpt lat="45.63282" lon="6.59217"><ele>1738.09</ele><time>2025-07-19T08:56:47+00:00</time></trkpt><trkpt lat="45.63267" lon="6.59240"><ele>1743.13</ele><time>2025-07-19T08:57:06+00:00</time></trkpt><trkpt lat="45.63257" lon="6.59250"><ele>1746.35</ele><time>2025-07-19T08:57:19+00:00</time></trkpt><trkpt lat="45.63253" lon="6.59261"><ele>1749.24</ele><time>2025-07-19T08:57:30+00:00</time></trkpt><trkpt lat="45.63254" lon="6.59274"><ele>1751.47</ele><time>2025-07-19T08:57:38+00:00</time></trkpt><trkpt lat="45.63251" lon="6.59283"><ele>1751.47</ele><time>2025-07-19T08:57:41+00:00</time></trkpt><trkpt lat="45.63242" lon="6.59278"><ele>1752.58</ele><time>2025-07-19T08:57:47+00:00</time></trkpt><trkpt lat="45.63233" lon="6.59277"><ele>1752.58</ele><time>2025-07-19T08:57:50+00:00</time></trkpt><trkpt lat="45.63224" lon="6.59291"><ele>1754.05</ele><time>2025-07-19T08:57:58+00:00</time></trkpt><trkpt lat="45.63196" lon="6.59399"><ele>1767.23</ele><time>2025-07-19T08:58:55+00:00</time></trkpt><trkpt lat="45.63184" lon="6.59431"><ele>1768.92</ele><time>2025-07-19T08:59:08+00:00</time></trkpt><trkpt lat="45.63183" lon="6.59456"><ele>1769.86</ele><time>2025-07-19T08:59:16+00:00</time></trkpt><trkpt lat="45.63179" lon="6.59472"><ele>1770.97</ele><time>2025-07-19T08:59:23+00:00</time></trkpt><trkpt lat="45.63173" lon="6.59478"><ele>1770.97</ele><time>2025-07-19T08:59:26+00:00</time></trkpt><trkpt lat="45.63166" lon="6.59476"><ele>1771.59</ele><time>2025-07-19T08:59:29+00:00</time></trkpt><trkpt lat="45.63160" lon="6.59479"><ele>1772.67</ele><time>2025-07-19T08:59:34+00:00</time></trkpt><trkpt lat="45.63155" lon="6.59490"><ele>1772.67</ele><time>2025-07-19T08:59:38+00:00</time></trkpt><trkpt lat="45.63156" lon="6.59505"><ele>1773.74</ele><time>2025-07-19T08:59:44+00:00</time></trkpt><trkpt lat="45.63153" lon="6.59527"><ele>1775.69</ele><time>2025-07-19T08:59:53+00:00</time></trkpt><trkpt lat="45.63143" lon="6.59532"><ele>1776.25</ele><time>2025-07-19T08:59:58+00:00</time></trkpt><trkpt lat="45.63138" lon="6.59553"><ele>1777.81</ele><time>2025-07-19T09:00:07+00:00</time></trkpt><trkpt lat="45.63138" lon="6.59573"><ele>1778.40</ele><time>2025-07-19T09:00:13+00:00</time></trkpt><trkpt lat="45.63134" lon="6.59576"><ele>1778.77</ele><time>2025-07-19T09:00:16+00:00</time></trkpt><trkpt lat="45.63121" lon="6.59563"><ele>1779.80</ele><time>2025-07-19T09:00:24+00:00</time></trkpt><trkpt lat="45.63091" lon="6.59558"><ele>1780.38</ele><time>2025-07-19T09:00:36+00:00</time></trkpt><trkpt lat="45.63078" lon="6.59561"><ele>1780.47</ele><time>2025-07-19T09:00:42+00:00</time></trkpt><trkpt lat="45.63075" lon="6.59557"><ele>1780.49</ele><time>2025-07-19T09:00:43+00:00</time></trkpt><trkpt lat="45.63064" lon="6.59557"><ele>1780.42</ele><time>2025-07-19T09:00:48+00:00</time></trkpt><trkpt lat="45.63058" lon="6.59549"><ele>1780.46</ele><time>2025-07-19T09:00:51+00:00</time></trkpt><trkpt lat="45.63053" lon="6.59533"><ele>1780.39</ele><time>2025-07-19T09:00:56+00:00</time></trkpt><trkpt lat="45.63043" lon="6.59526"><ele>1780.47</ele><time>2025-07-19T09:01:00+00:00</time></trkpt><trkpt lat="45.63040" lon="6.59516"><ele>1780.44</ele><time>2025-07-19T09:01:03+00:00</time></trkpt><trkpt lat="45.63030" lon="6.59512"><ele>1781.37</ele><time>2025-07-19T09:01:09+00:00</time></trkpt><trkpt lat="45.63010" lon="6.59526"><ele>1783.07</ele><time>2025-07-19T09:01:21+00:00</time></trkpt><trkpt lat="45.62994" lon="6.59543"><ele>1784.60</ele><time>2025-07-19T09:01:31+00:00</time></trkpt><trkpt lat="45.62991" lon="6.59542"><ele>1784.60</ele><time>2025-07-19T09:01:32+00:00</time></trkpt><trkpt lat="45.62988" lon="6.59535"><ele>1786.53</ele><time>2025-07-19T09:01:40+00:00</time></trkpt><trkpt lat="45.62993" lon="6.59517"><ele>1787.22</ele><time>2025-07-19T09:01:46+00:00</time></trkpt><trkpt lat="45.62991" lon="6.59488"><ele>1787.91</ele><time>2025-07-19T09:01:55+00:00</time></trkpt><trkpt lat="45.62985" lon="6.59481"><ele>1790.21</ele><time>2025-07-19T09:02:04+00:00</time></trkpt><trkpt lat="45.62981" lon="6.59483"><ele>1790.21</ele><time>2025-07-19T09:02:06+00:00</time></trkpt><trkpt lat="45.62980" lon="6.59492"><ele>1792.19</ele><time>2025-07-19T09:02:13+00:00</time></trkpt><trkpt lat="45.62959" lon="6.59520"><ele>1795.92</ele><time>2025-07-19T09:02:31+00:00</time></trkpt><trkpt lat="45.62943" lon="6.59528"><ele>1800.22</ele><time>2025-07-19T09:02:48+00:00</time></trkpt><trkpt lat="45.62929" lon="6.59540"><ele>1804.70</ele><time>2025-07-19T09:03:05+00:00</time></trkpt><trkpt lat="45.62915" lon="6.59535"><ele>1806.35</ele><time>2025-07-19T09:03:13+00:00</time></trkpt><trkpt lat="45.62904" lon="6.59553"><ele>1809.23</ele><time>2025-07-19T09:03:25+00:00</time></trkpt><trkpt lat="45.62893" lon="6.59563"><ele>1810.37</ele><time>2025-07-19T09:03:32+00:00</time></trkpt><trkpt lat="45.62876" lon="6.59588"><ele>1813.70</ele><time>2025-07-19T09:03:48+00:00</time></trkpt><trkpt lat="45.62865" lon="6.59592"><ele>1814.81</ele><time>2025-07-19T09:03:54+00:00</time></trkpt><trkpt lat="45.62856" lon="6.59603"><ele>1816.19</ele><time>2025-07-19T09:04:01+00:00</time></trkpt><trkpt lat="45.62801" lon="6.59605"><ele>1829.79</ele><time>2025-07-19T09:04:54+00:00</time></trkpt><trkpt lat="45.62796" lon="6.59603"><ele>1829.79</ele><time>2025-07-19T09:04:56+00:00</time></trkpt><trkpt lat="45.62789" lon="6.59608"><ele>1829.79</ele><time>2025-07-19T09:04:59+00:00</time></trkpt><trkpt lat="45.62768" lon="6.59636"><ele>1829.79</ele><time>2025-07-19T09:05:10+00:00</time></trkpt><trkpt lat="45.62730" lon="6.59747"><ele>1839.15</ele><time>2025-07-19T09:06:00+00:00</time></trkpt><trkpt lat="45.62726" lon="6.59771"><ele>1839.81</ele><time>2025-07-19T09:06:08+00:00</time></trkpt><trkpt lat="45.62731" lon="6.59795"><ele>1840.09</ele><time>2025-07-19T09:06:15+00:00</time></trkpt><trkpt lat="45.62726" lon="6.59805"><ele>1840.88</ele><time>2025-07-19T09:06:20+00:00</time></trkpt><trkpt lat="45.62717" lon="6.59806"><ele>1841.31</ele><time>2025-07-19T09:06:24+00:00</time></trkpt><trkpt lat="45.62711" lon="6.59803"><ele>1841.31</ele><time>2025-07-19T09:06:27+00:00</time></trkpt><trkpt lat="45.62706" lon="6.59806"><ele>1841.71</ele><time>2025-07-19T09:06:30+00:00</time></trkpt><trkpt lat="45.62707" lon="6.59838"><ele>1847.49</ele><time>2025-07-19T09:06:52+00:00</time></trkpt><trkpt lat="45.62696" lon="6.59870"><ele>1860.84</ele><time>2025-07-19T09:07:55+00:00</time></trkpt><trkpt lat="45.62679" lon="6.59884"><ele>1863.49</ele><time>2025-07-19T09:08:08+00:00</time></trkpt><trkpt lat="45.62675" lon="6.59897"><ele>1866.20</ele><time>2025-07-19T09:08:18+00:00</time></trkpt><trkpt lat="45.62677" lon="6.59901"><ele>1866.20</ele><time>2025-07-19T09:08:20+00:00</time></trkpt><trkpt lat="45.62680" lon="6.59901"><ele>1866.20</ele><time>2025-07-19T09:08:21+00:00</time></trkpt><trkpt lat="45.62687" lon="6.59915"><ele>1868.08</ele><time>2025-07-19T09:08:29+00:00</time></trkpt><trkpt lat="45.62683" lon="6.59919"><ele>1868.08</ele><time>2025-07-19T09:08:31+00:00</time></trkpt><trkpt lat="45.62680" lon="6.59936"><ele>1869.56</ele><time>2025-07-19T09:08:38+00:00</time></trkpt><trkpt lat="45.62683" lon="6.59942"><ele>1870.33</ele><time>2025-07-19T09:08:42+00:00</time></trkpt><trkpt lat="45.62700" lon="6.59951"><ele>1874.61</ele><time>2025-07-19T09:08:58+00:00</time></trkpt><trkpt lat="45.62712" lon="6.59976"><ele>1881.85</ele><time>2025-07-19T09:09:26+00:00</time></trkpt><trkpt lat="45.62715" lon="6.59988"><ele>1886.46</ele><time>2025-07-19T09:09:48+00:00</time></trkpt><trkpt lat="45.62713" lon="6.60020"><ele>1892.89</ele><time>2025-07-19T09:10:12+00:00</time></trkpt><trkpt lat="45.62718" lon="6.60028"><ele>1892.89</ele><time>2025-07-19T09:10:15+00:00</time></trkpt><trkpt lat="45.62718" lon="6.60058"><ele>1896.86</ele><time>2025-07-19T09:10:31+00:00</time></trkpt><trkpt lat="45.62716" lon="6.60071"><ele>1897.40</ele><time>2025-07-19T09:10:36+00:00</time></trkpt><trkpt lat="45.62711" lon="6.60077"><ele>1897.40</ele><time>2025-07-19T09:10:39+00:00</time></trkpt><trkpt lat="45.62685" lon="6.60078"><ele>1898.92</ele><time>2025-07-19T09:10:51+00:00</time></trkpt><trkpt lat="45.62674" lon="6.60072"><ele>1900.48</ele><time>2025-07-19T09:10:59+00:00</time></trkpt><trkpt lat="45.62639" lon="6.60075"><ele>1903.19</ele><time>2025-07-19T09:11:17+00:00</time></trkpt><trkpt lat="45.62643" lon="6.60064"><ele>1903.64</ele><time>2025-07-19T09:11:21+00:00</time></trkpt><trkpt lat="45.62643" lon="6.60047"><ele>1904.76</ele><time>2025-07-19T09:11:27+00:00</time></trkpt><trkpt lat="45.62635" lon="6.60031"><ele>1905.46</ele><time>2025-07-19T09:11:34+00:00</time></trkpt><trkpt lat="45.62621" lon="6.60035"><ele>1905.94</ele><time>2025-07-19T09:11:40+00:00</time></trkpt><trkpt lat="45.62611" lon="6.60045"><ele>1907.37</ele><time>2025-07-19T09:11:48+00:00</time></trkpt><trkpt lat="45.62599" lon="6.60064"><ele>1909.47</ele><time>2025-07-19T09:11:58+00:00</time></trkpt><trkpt lat="45.62588" lon="6.60098"><ele>1911.63</ele><time>2025-07-19T09:12:12+00:00</time></trkpt><trkpt lat="45.62582" lon="6.60094"><ele>1912.98</ele><time>2025-07-19T09:12:18+00:00</time></trkpt><trkpt lat="45.62577" lon="6.60082"><ele>1912.98</ele><time>2025-07-19T09:12:21+00:00</time></trkpt><trkpt lat="45.62577" lon="6.60047"><ele>1914.12</ele><time>2025-07-19T09:12:33+00:00</time></trkpt><trkpt lat="45.62571" lon="6.60040"><ele>1915.04</ele><time>2025-07-19T09:12:37+00:00</time></trkpt><trkpt lat="45.62555" lon="6.60035"><ele>1915.94</ele><time>2025-07-19T09:12:45+00:00</time></trkpt><trkpt lat="45.62537" lon="6.60012"><ele>1917.32</ele><time>2025-07-19T09:12:57+00:00</time></trkpt><trkpt lat="45.62502" lon="6.60007"><ele>1921.16</ele><time>2025-07-19T09:13:17+00:00</time></trkpt><trkpt lat="45.62464" lon="6.59975"><ele>1927.47</ele><time>2025-07-19T09:13:46+00:00</time></trkpt><trkpt lat="45.62460" lon="6.59963"><ele>1929.71</ele><time>2025-07-19T09:13:55+00:00</time></trkpt><trkpt lat="45.62453" lon="6.59969"><ele>1929.71</ele><time>2025-07-19T09:13:58+00:00</time></trkpt><trkpt lat="45.62448" lon="6.59965"><ele>1929.71</ele><time>2025-07-19T09:14:00+00:00</time></trkpt><trkpt lat="45.62435" lon="6.59941"><ele>1932.05</ele><time>2025-07-19T09:14:13+00:00</time></trkpt><trkpt lat="45.62426" lon="6.59941"><ele>1932.88</ele><time>2025-07-19T09:14:18+00:00</time></trkpt><trkpt lat="45.62410" lon="6.59924"><ele>1935.89</ele><time>2025-07-19T09:14:31+00:00</time></trkpt><trkpt lat="45.62398" lon="6.59930"><ele>1938.54</ele><time>2025-07-19T09:14:42+00:00</time></trkpt><trkpt lat="45.62370" lon="6.59965"><ele>1948.60</ele><time>2025-07-19T09:15:20+00:00</time></trkpt><trkpt lat="45.62356" lon="6.59966"><ele>1950.78</ele><time>2025-07-19T09:15:30+00:00</time></trkpt><trkpt lat="45.62350" lon="6.59956"><ele>1950.78</ele><time>2025-07-19T09:15:33+00:00</time></trkpt><trkpt lat="45.62329" lon="6.59963"><ele>1952.87</ele><time>2025-07-19T09:15:45+00:00</time></trkpt><trkpt lat="45.62298" lon="6.59957"><ele>1957.12</ele><time>2025-07-19T09:16:05+00:00</time></trkpt><trkpt lat="45.62287" lon="6.59950"><ele>1957.12</ele><time>2025-07-19T09:16:10+00:00</time></trkpt><trkpt lat="45.62285" lon="6.59936"><ele>1958.89</ele><time>2025-07-19T09:16:17+00:00</time></trkpt><trkpt lat="45.62278" lon="6.59930"><ele>1959.87</ele><time>2025-07-19T09:16:22+00:00</time></trkpt><trkpt lat="45.62265" lon="6.59938"><ele>1959.87</ele><time>2025-07-19T09:16:28+00:00</time></trkpt><trkpt lat="45.62258" lon="6.59959"><ele>1963.85</ele><time>2025-07-19T09:16:43+00:00</time></trkpt><trkpt lat="45.62247" lon="6.59952"><ele>1966.27</ele><time>2025-07-19T09:16:53+00:00</time></trkpt><trkpt lat="45.62228" lon="6.59960"><ele>1970.72</ele><time>2025-07-19T09:17:10+00:00</time></trkpt><trkpt lat="45.62224" lon="6.59971"><ele>1972.05</ele><time>2025-07-19T09:17:16+00:00</time></trkpt><trkpt lat="45.62210" lon="6.59979"><ele>1975.18</ele><time>2025-07-19T09:17:29+00:00</time></trkpt><trkpt lat="45.62198" lon="6.59998"><ele>1978.35</ele><time>2025-07-19T09:17:42+00:00</time></trkpt><trkpt lat="45.62191" lon="6.59993"><ele>1979.70</ele><time>2025-07-19T09:17:48+00:00</time></trkpt><trkpt lat="45.62180" lon="6.60006"><ele>1984.34</ele><time>2025-07-19T09:18:06+00:00</time></trkpt><trkpt lat="45.62163" lon="6.60013"><ele>1987.36</ele><time>2025-07-19T09:18:18+00:00</time></trkpt><trkpt lat="45.62164" lon="6.60036"><ele>1990.61</ele><time>2025-07-19T09:18:31+00:00</time></trkpt><trkpt lat="45.62159" lon="6.60040"><ele>1992.52</ele><time>2025-07-19T09:18:39+00:00</time></trkpt><trkpt lat="45.62150" lon="6.60033"><ele>1996.04</ele><time>2025-07-19T09:18:52+00:00</time></trkpt><trkpt lat="45.62120" lon="6.60026"><ele>2001.58</ele><time>2025-07-19T09:19:15+00:00</time></trkpt><trkpt lat="45.62119" lon="6.60016"><ele>2006.17</ele><time>2025-07-19T09:19:42+00:00</time></trkpt><trkpt lat="45.62096" lon="6.60023"><ele>2010.59</ele><time>2025-07-19T09:20:00+00:00</time></trkpt><trkpt lat="45.62108" lon="6.59999"><ele>2014.87</ele><time>2025-07-19T09:20:17+00:00</time></trkpt><trkpt lat="45.62104" lon="6.59989"><ele>2017.05</ele><time>2025-07-19T09:20:25+00:00</time></trkpt><trkpt lat="45.62076" lon="6.60007"><ele>2023.80</ele><time>2025-07-19T09:20:51+00:00</time></trkpt><trkpt lat="45.62041" lon="6.60003"><ele>2038.31</ele><time>2025-07-19T09:21:51+00:00</time></trkpt><trkpt lat="45.62014" lon="6.60016"><ele>2047.09</ele><time>2025-07-19T09:22:24+00:00</time></trkpt><trkpt lat="45.62012" lon="6.59999"><ele>2047.09</ele><time>2025-07-19T09:22:29+00:00</time></trkpt><trkpt lat="45.62002" lon="6.60009"><ele>2051.39</ele><time>2025-07-19T09:22:46+00:00</time></trkpt><trkpt lat="45.61996" lon="6.59987"><ele>2053.38</ele><time>2025-07-19T09:22:56+00:00</time></trkpt><trkpt lat="45.61969" lon="6.60001"><ele>2058.81</ele><time>2025-07-19T09:23:18+00:00</time></trkpt><trkpt lat="45.61983" lon="6.59993"><ele>2062.46</ele><time>2025-07-19T09:23:32+00:00</time></trkpt><trkpt lat="45.61969" lon="6.60001"><ele>2065.23</ele><time>2025-07-19T09:23:44+00:00</time></trkpt><trkpt lat="45.61973" lon="6.59976"><ele>2066.23</ele><time>2025-07-19T09:23:52+00:00</time></trkpt><trkpt lat="45.61970" lon="6.59963"><ele>2066.60</ele><time>2025-07-19T09:23:57+00:00</time></trkpt><trkpt lat="45.61966" lon="6.59960"><ele>2067.15</ele><time>2025-07-19T09:23:59+00:00</time></trkpt><trkpt lat="45.61952" lon="6.59960"><ele>2067.15</ele><time>2025-07-19T09:24:05+00:00</time></trkpt><trkpt lat="45.61928" lon="6.59979"><ele>2067.77</ele><time>2025-07-19T09:24:17+00:00</time></trkpt><trkpt lat="45.61877" lon="6.60004"><ele>2078.43</ele><time>2025-07-19T09:25:00+00:00</time></trkpt><trkpt lat="45.61854" lon="6.60025"><ele>2078.43</ele><time>2025-07-19T09:25:11+00:00</time></trkpt><trkpt lat="45.61822" lon="6.60076"><ele>2088.30</ele><time>2025-07-19T09:25:50+00:00</time></trkpt><trkpt lat="45.61800" lon="6.60132"><ele>2089.41</ele><time>2025-07-19T09:26:09+00:00</time></trkpt><trkpt lat="45.61777" lon="6.60176"><ele>2090.52</ele><time>2025-07-19T09:26:26+00:00</time></trkpt><trkpt lat="45.61714" lon="6.60262"><ele>2105.42</ele><time>2025-07-19T09:27:29+00:00</time></trkpt><trkpt lat="45.61711" lon="6.60277"><ele>2105.68</ele><time>2025-07-19T09:27:34+00:00</time></trkpt><trkpt lat="45.61720" lon="6.60296"><ele>2105.68</ele><time>2025-07-19T09:27:40+00:00</time></trkpt><trkpt lat="45.61729" lon="6.60307"><ele>2105.68</ele><time>2025-07-19T09:27:45+00:00</time></trkpt><trkpt lat="45.61735" lon="6.60309"><ele>2106.13</ele><time>2025-07-19T09:27:48+00:00</time></trkpt><trkpt lat="45.61747" lon="6.60308"><ele>2106.34</ele><time>2025-07-19T09:27:53+00:00</time></trkpt><trkpt lat="45.61779" lon="6.60315"><ele>2107.42</ele><time>2025-07-19T09:28:08+00:00</time></trkpt><trkpt lat="45.61829" lon="6.60334"><ele>2124.81</ele><time>2025-07-19T09:29:15+00:00</time></trkpt><trkpt lat="45.61839" lon="6.60332"><ele>2124.81</ele><time>2025-07-19T09:29:19+00:00</time></trkpt><trkpt lat="45.61870" lon="6.60335"><ele>2129.77</ele><time>2025-07-19T09:29:40+00:00</time></trkpt><trkpt lat="45.61891" lon="6.60342"><ele>2134.34</ele><time>2025-07-19T09:29:59+00:00</time></trkpt><trkpt lat="45.61901" lon="6.60350"><ele>2134.34</ele><time>2025-07-19T09:30:03+00:00</time></trkpt><trkpt lat="45.61912" lon="6.60354"><ele>2134.34</ele><time>2025-07-19T09:30:08+00:00</time></trkpt><trkpt lat="45.61916" lon="6.60360"><ele>2135.52</ele><time>2025-07-19T09:30:12+00:00</time></trkpt><trkpt lat="45.61916" lon="6.60375"><ele>2136.83</ele><time>2025-07-19T09:30:19+00:00</time></trkpt><trkpt lat="45.61930" lon="6.60425"><ele>2144.44</ele><time>2025-07-19T09:30:49+00:00</time></trkpt><trkpt lat="45.61933" lon="6.60458"><ele>2153.93</ele><time>2025-07-19T09:31:28+00:00</time></trkpt><trkpt lat="45.61953" lon="6.60494"><ele>2159.66</ele><time>2025-07-19T09:31:52+00:00</time></trkpt><trkpt lat="45.61964" lon="6.60503"><ele>2160.74</ele><time>2025-07-19T09:31:59+00:00</time></trkpt><trkpt lat="45.61969" lon="6.60513"><ele>2162.32</ele><time>2025-07-19T09:32:05+00:00</time></trkpt><trkpt lat="45.61983" lon="6.60527"><ele>2162.32</ele><time>2025-07-19T09:32:12+00:00</time></trkpt><trkpt lat="45.61999" lon="6.60533"><ele>2165.47</ele><time>2025-07-19T09:32:25+00:00</time></trkpt><trkpt lat="45.62027" lon="6.60558"><ele>2173.69</ele><time>2025-07-19T09:32:56+00:00</time></trkpt><trkpt lat="45.62052" lon="6.60585"><ele>2179.47</ele><time>2025-07-19T09:33:20+00:00</time></trkpt><trkpt lat="45.62064" lon="6.60604"><ele>2183.03</ele><time>2025-07-19T09:33:34+00:00</time></trkpt><trkpt lat="45.62087" lon="6.60631"><ele>2186.32</ele><time>2025-07-19T09:33:52+00:00</time></trkpt><trkpt lat="45.62118" lon="6.60657"><ele>2190.59</ele><time>2025-07-19T09:34:13+00:00</time></trkpt><trkpt lat="45.62134" lon="6.60656"><ele>2191.85</ele><time>2025-07-19T09:34:22+00:00</time></trkpt><trkpt lat="45.62145" lon="6.60661"><ele>2193.58</ele><time>2025-07-19T09:34:29+00:00</time></trkpt><trkpt lat="45.62160" lon="6.60660"><ele>2193.58</ele><time>2025-07-19T09:34:35+00:00</time></trkpt><trkpt lat="45.62186" lon="6.60674"><ele>2200.23</ele><time>2025-07-19T09:35:01+00:00</time></trkpt><trkpt lat="45.62198" lon="6.60694"><ele>2203.76</ele><time>2025-07-19T09:35:15+00:00</time></trkpt><trkpt lat="45.62204" lon="6.60716"><ele>2204.80</ele><time>2025-07-19T09:35:24+00:00</time></trkpt><trkpt lat="45.62209" lon="6.60723"><ele>2205.97</ele><time>2025-07-19T09:35:29+00:00</time></trkpt><trkpt lat="45.62219" lon="6.60760"><ele>2210.24</ele><time>2025-07-19T09:35:47+00:00</time></trkpt><trkpt lat="45.62221" lon="6.60781"><ele>2213.51</ele><time>2025-07-19T09:36:00+00:00</time></trkpt><trkpt lat="45.62230" lon="6.60792"><ele>2215.69</ele><time>2025-07-19T09:36:09+00:00</time></trkpt><trkpt lat="45.62235" lon="6.60805"><ele>2217.62</ele><time>2025-07-19T09:36:17+00:00</time></trkpt><trkpt lat="45.62233" lon="6.60819"><ele>2219.71</ele><time>2025-07-19T09:36:25+00:00</time></trkpt><trkpt lat="45.62237" lon="6.60835"><ele>2220.76</ele><time>2025-07-19T09:36:32+00:00</time></trkpt><trkpt lat="45.62240" lon="6.60837"><ele>2221.76</ele><time>2025-07-19T09:36:36+00:00</time></trkpt><trkpt lat="45.62252" lon="6.60833"><ele>2224.16</ele><time>2025-07-19T09:36:45+00:00</time></trkpt><trkpt lat="45.62251" lon="6.60842"><ele>2225.41</ele><time>2025-07-19T09:36:50+00:00</time></trkpt><trkpt lat="45.62254" lon="6.60844"><ele>2227.57</ele><time>2025-07-19T09:37:03+00:00</time></trkpt><trkpt lat="45.62252" lon="6.60857"><ele>2229.78</ele><time>2025-07-19T09:37:11+00:00</time></trkpt><trkpt lat="45.62273" lon="6.60864"><ele>2234.30</ele><time>2025-07-19T09:37:29+00:00</time></trkpt><trkpt lat="45.62281" lon="6.60873"><ele>2235.48</ele><time>2025-07-19T09:37:35+00:00</time></trkpt><trkpt lat="45.62284" lon="6.60873"><ele>2236.78</ele><time>2025-07-19T09:37:41+00:00</time></trkpt><trkpt lat="45.62289" lon="6.60883"><ele>2239.11</ele><time>2025-07-19T09:37:50+00:00</time></trkpt><trkpt lat="45.62294" lon="6.60885"><ele>2240.37</ele><time>2025-07-19T09:37:55+00:00</time></trkpt><trkpt lat="45.62299" lon="6.60905"><ele>2242.05</ele><time>2025-07-19T09:38:03+00:00</time></trkpt><trkpt lat="45.62320" lon="6.60910"><ele>2246.17</ele><time>2025-07-19T09:38:20+00:00</time></trkpt><trkpt lat="45.62328" lon="6.60920"><ele>2247.78</ele><time>2025-07-19T09:38:27+00:00</time></trkpt><trkpt lat="45.62341" lon="6.60924"><ele>2248.28</ele><time>2025-07-19T09:38:33+00:00</time></trkpt><trkpt lat="45.62357" lon="6.60938"><ele>2249.95</ele><time>2025-07-19T09:38:43+00:00</time></trkpt><trkpt lat="45.62359" lon="6.60937"><ele>2249.95</ele><time>2025-07-19T09:38:44+00:00</time></trkpt><trkpt lat="45.62372" lon="6.60959"><ele>2252.12</ele><time>2025-07-19T09:38:56+00:00</time></trkpt><trkpt lat="45.62379" lon="6.60962"><ele>2252.77</ele><time>2025-07-19T09:39:00+00:00</time></trkpt><trkpt lat="45.62390" lon="6.60973"><ele>2255.65</ele><time>2025-07-19T09:39:11+00:00</time></trkpt><trkpt lat="45.62411" lon="6.60979"><ele>2260.54</ele><time>2025-07-19T09:39:30+00:00</time></trkpt><trkpt lat="45.62421" lon="6.60994"><ele>2264.36</ele><time>2025-07-19T09:39:45+00:00</time></trkpt><trkpt lat="45.62425" lon="6.60992"><ele>2264.96</ele><time>2025-07-19T09:39:47+00:00</time></trkpt><trkpt lat="45.62445" lon="6.60999"><ele>2266.77</ele><time>2025-07-19T09:39:59+00:00</time></trkpt><trkpt lat="45.62446" lon="6.60996"><ele>2266.77</ele><time>2025-07-19T09:39:59+00:00</time></trkpt><trkpt lat="45.62449" lon="6.60997"><ele>2267.34</ele><time>2025-07-19T09:40:02+00:00</time></trkpt><trkpt lat="45.62451" lon="6.61002"><ele>2268.14</ele><time>2025-07-19T09:40:05+00:00</time></trkpt><trkpt lat="45.62457" lon="6.61003"><ele>2268.14</ele><time>2025-07-19T09:40:07+00:00</time></trkpt><trkpt lat="45.62462" lon="6.61010"><ele>2269.16</ele><time>2025-07-19T09:40:12+00:00</time></trkpt><trkpt lat="45.62467" lon="6.61011"><ele>2269.64</ele><time>2025-07-19T09:40:15+00:00</time></trkpt><trkpt lat="45.62490" lon="6.61005"><ele>2270.52</ele><time>2025-07-19T09:40:25+00:00</time></trkpt><trkpt lat="45.62503" lon="6.61005"><ele>2272.31</ele><time>2025-07-19T09:40:34+00:00</time></trkpt><trkpt lat="45.62540" lon="6.61023"><ele>2272.68</ele><time>2025-07-19T09:40:50+00:00</time></trkpt><trkpt lat="45.62566" lon="6.61042"><ele>2271.42</ele><time>2025-07-19T09:41:00+00:00</time></trkpt><trkpt lat="45.62602" lon="6.61060"><ele>2269.86</ele><time>2025-07-19T09:41:14+00:00</time></trkpt><trkpt lat="45.62627" lon="6.61082"><ele>2268.63</ele><time>2025-07-19T09:41:24+00:00</time></trkpt><trkpt lat="45.62652" lon="6.61092"><ele>2267.99</ele><time>2025-07-19T09:41:34+00:00</time></trkpt><trkpt lat="45.62672" lon="6.61113"><ele>2268.05</ele><time>2025-07-19T09:41:44+00:00</time></trkpt><trkpt lat="45.62682" lon="6.61128"><ele>2268.05</ele><time>2025-07-19T09:41:50+00:00</time></trkpt><trkpt lat="45.62692" lon="6.61133"><ele>2268.14</ele><time>2025-07-19T09:41:54+00:00</time></trkpt><trkpt lat="45.62707" lon="6.61133"><ele>2267.37</ele><time>2025-07-19T09:41:59+00:00</time></trkpt><trkpt lat="45.62732" lon="6.61160"><ele>2266.43</ele><time>2025-07-19T09:42:11+00:00</time></trkpt><trkpt lat="45.62733" lon="6.61167"><ele>2266.43</ele><time>2025-07-19T09:42:13+00:00</time></trkpt><trkpt lat="45.62739" lon="6.61178"><ele>2266.24</ele><time>2025-07-19T09:42:16+00:00</time></trkpt><trkpt lat="45.62741" lon="6.61195"><ele>2266.03</ele><time>2025-07-19T09:42:21+00:00</time></trkpt><trkpt lat="45.62753" lon="6.61210"><ele>2266.03</ele><time>2025-07-19T09:42:27+00:00</time></trkpt><trkpt lat="45.62764" lon="6.61214"><ele>2265.68</ele><time>2025-07-19T09:42:31+00:00</time></trkpt><trkpt lat="45.62768" lon="6.61221"><ele>2265.68</ele><time>2025-07-19T09:42:34+00:00</time></trkpt><trkpt lat="45.62757" lon="6.61262"><ele>2265.26</ele><time>2025-07-19T09:42:46+00:00</time></trkpt><trkpt lat="45.62757" lon="6.61271"><ele>2265.26</ele><time>2025-07-19T09:42:48+00:00</time></trkpt><trkpt lat="45.62745" lon="6.61310"><ele>2265.09</ele><time>2025-07-19T09:43:00+00:00</time></trkpt><trkpt lat="45.62744" lon="6.61335"><ele>2265.17</ele><time>2025-07-19T09:43:07+00:00</time></trkpt><trkpt lat="45.62736" lon="6.61356"><ele>2265.54</ele><time>2025-07-19T09:43:14+00:00</time></trkpt><trkpt lat="45.62736" lon="6.61364"><ele>2265.54</ele><time>2025-07-19T09:43:16+00:00</time></trkpt><trkpt lat="45.62730" lon="6.61383"><ele>2265.71</ele><time>2025-07-19T09:43:22+00:00</time></trkpt><trkpt lat="45.62715" lon="6.61409"><ele>2267.09</ele><time>2025-07-19T09:43:34+00:00</time></trkpt><trkpt lat="45.62696" lon="6.61430"><ele>2268.73</ele><time>2025-07-19T09:43:46+00:00</time></trkpt><trkpt lat="45.62692" lon="6.61444"><ele>2268.73</ele><time>2025-07-19T09:43:50+00:00</time></trkpt><trkpt lat="45.62697" lon="6.61522"><ele>2271.84</ele><time>2025-07-19T09:44:17+00:00</time></trkpt><trkpt lat="45.62693" lon="6.61540"><ele>2273.05</ele><time>2025-07-19T09:44:24+00:00</time></trkpt><trkpt lat="45.62685" lon="6.61552"><ele>2273.05</ele><time>2025-07-19T09:44:28+00:00</time></trkpt><trkpt lat="45.62673" lon="6.61558"><ele>2274.09</ele><time>2025-07-19T09:44:35+00:00</time></trkpt><trkpt lat="45.62664" lon="6.61569"><ele>2275.74</ele><time>2025-07-19T09:44:43+00:00</time></trkpt><trkpt lat="45.62657" lon="6.61572"><ele>2275.74</ele><time>2025-07-19T09:44:46+00:00</time></trkpt><trkpt lat="45.62649" lon="6.61600"><ele>2279.64</ele><time>2025-07-19T09:45:02+00:00</time></trkpt><trkpt lat="45.62638" lon="6.61619"><ele>2280.91</ele><time>2025-07-19T09:45:11+00:00</time></trkpt><trkpt lat="45.62632" lon="6.61654"><ele>2289.80</ele><time>2025-07-19T09:45:45+00:00</time></trkpt><trkpt lat="45.62634" lon="6.61690"><ele>2297.13</ele><time>2025-07-19T09:46:13+00:00</time></trkpt><trkpt lat="45.62639" lon="6.61702"><ele>2297.13</ele><time>2025-07-19T09:46:17+00:00</time></trkpt><trkpt lat="45.62656" lon="6.61723"><ele>2301.49</ele><time>2025-07-19T09:46:35+00:00</time></trkpt><trkpt lat="45.62682" lon="6.61774"><ele>2310.78</ele><time>2025-07-19T09:47:11+00:00</time></trkpt><trkpt lat="45.62707" lon="6.61797"><ele>2325.03</ele><time>2025-07-19T09:48:14+00:00</time></trkpt><trkpt lat="45.62708" lon="6.61828"><ele>2328.16</ele><time>2025-07-19T09:48:29+00:00</time></trkpt><trkpt lat="45.62704" lon="6.61835"><ele>2328.61</ele><time>2025-07-19T09:48:32+00:00</time></trkpt><trkpt lat="45.62699" lon="6.61836"><ele>2328.61</ele><time>2025-07-19T09:48:34+00:00</time></trkpt><trkpt lat="45.62696" lon="6.61841"><ele>2329.00</ele><time>2025-07-19T09:48:36+00:00</time></trkpt><trkpt lat="45.62698" lon="6.61845"><ele>2329.00</ele><time>2025-07-19T09:48:38+00:00</time></trkpt><trkpt lat="45.62701" lon="6.61844"><ele>2329.00</ele><time>2025-07-19T09:48:39+00:00</time></trkpt><trkpt lat="45.62701" lon="6.61853"><ele>2329.61</ele><time>2025-07-19T09:48:42+00:00</time></trkpt><trkpt lat="45.62707" lon="6.61855"><ele>2329.61</ele><time>2025-07-19T09:48:45+00:00</time></trkpt><trkpt lat="45.62706" lon="6.61861"><ele>2329.61</ele><time>2025-07-19T09:48:47+00:00</time></trkpt><trkpt lat="45.62698" lon="6.61858"><ele>2329.89</ele><time>2025-07-19T09:48:50+00:00</time></trkpt><trkpt lat="45.62697" lon="6.61863"><ele>2329.89</ele><time>2025-07-19T09:48:52+00:00</time></trkpt><trkpt lat="45.62704" lon="6.61875"><ele>2331.22</ele><time>2025-07-19T09:48:58+00:00</time></trkpt><trkpt lat="45.62740" lon="6.61914"><ele>2338.05</ele><time>2025-07-19T09:49:29+00:00</time></trkpt><trkpt lat="45.62756" lon="6.61926"><ele>2339.48</ele><time>2025-07-19T09:49:38+00:00</time></trkpt><trkpt lat="45.62773" lon="6.61952"><ele>2338.65</ele><time>2025-07-19T09:49:47+00:00</time></trkpt><trkpt lat="45.62791" lon="6.62006"><ele>2337.75</ele><time>2025-07-19T09:50:03+00:00</time></trkpt><trkpt lat="45.62795" lon="6.62057"><ele>2337.98</ele><time>2025-07-19T09:50:18+00:00</time></trkpt><trkpt lat="45.62794" lon="6.62089"><ele>2338.64</ele><time>2025-07-19T09:50:27+00:00</time></trkpt><trkpt lat="45.62807" lon="6.62117"><ele>2338.40</ele><time>2025-07-19T09:50:37+00:00</time></trkpt><trkpt lat="45.62813" lon="6.62137"><ele>2338.43</ele><time>2025-07-19T09:50:43+00:00</time></trkpt><trkpt lat="45.62827" lon="6.62148"><ele>2337.14</ele><time>2025-07-19T09:50:48+00:00</time></trkpt><trkpt lat="45.62848" lon="6.62200"><ele>2334.48</ele><time>2025-07-19T09:51:02+00:00</time></trkpt><trkpt lat="45.62870" lon="6.62228"><ele>2332.52</ele><time>2025-07-19T09:51:12+00:00</time></trkpt><trkpt lat="45.62880" lon="6.62273"><ele>2332.24</ele><time>2025-07-19T09:51:25+00:00</time></trkpt><trkpt lat="45.62894" lon="6.62296"><ele>2332.41</ele><time>2025-07-19T09:51:33+00:00</time></trkpt><trkpt lat="45.62897" lon="6.62310"><ele>2332.41</ele><time>2025-07-19T09:51:37+00:00</time></trkpt><trkpt lat="45.62900" lon="6.62313"><ele>2332.41</ele><time>2025-07-19T09:51:39+00:00</time></trkpt><trkpt lat="45.62908" lon="6.62352"><ele>2333.33</ele><time>2025-07-19T09:51:52+00:00</time></trkpt><trkpt lat="45.62911" lon="6.62384"><ele>2334.72</ele><time>2025-07-19T09:52:03+00:00</time></trkpt><trkpt lat="45.62909" lon="6.62409"><ele>2335.09</ele><time>2025-07-19T09:52:10+00:00</time></trkpt><trkpt lat="45.62912" lon="6.62418"><ele>2336.70</ele><time>2025-07-19T09:52:16+00:00</time></trkpt><trkpt lat="45.62900" lon="6.62448"><ele>2337.22</ele><time>2025-07-19T09:52:27+00:00</time></trkpt><trkpt lat="45.62895" lon="6.62475"><ele>2342.79</ele><time>2025-07-19T09:52:48+00:00</time></trkpt><trkpt lat="45.62877" lon="6.62507"><ele>2351.51</ele><time>2025-07-19T09:53:21+00:00</time></trkpt><trkpt lat="45.62876" lon="6.62517"><ele>2351.51</ele><time>2025-07-19T09:53:24+00:00</time></trkpt><trkpt lat="45.62895" lon="6.62519"><ele>2356.50</ele><time>2025-07-19T09:53:43+00:00</time></trkpt><trkpt lat="45.62900" lon="6.62517"><ele>2356.50</ele><time>2025-07-19T09:53:45+00:00</time></trkpt><trkpt lat="45.62910" lon="6.62527"><ele>2358.43</ele><time>2025-07-19T09:53:54+00:00</time></trkpt><trkpt lat="45.62923" lon="6.62526"><ele>2363.60</ele><time>2025-07-19T09:54:14+00:00</time></trkpt><trkpt lat="45.62936" lon="6.62518"><ele>2367.57</ele><time>2025-07-19T09:54:30+00:00</time></trkpt><trkpt lat="45.62947" lon="6.62516"><ele>2374.23</ele><time>2025-07-19T09:55:05+00:00</time></trkpt><trkpt lat="45.62959" lon="6.62502"><ele>2379.66</ele><time>2025-07-19T09:55:26+00:00</time></trkpt><trkpt lat="45.62959" lon="6.62515"><ele>2382.18</ele><time>2025-07-19T09:55:35+00:00</time></trkpt><trkpt lat="45.62969" lon="6.62511"><ele>2382.88</ele><time>2025-07-19T09:55:41+00:00</time></trkpt><trkpt lat="45.62971" lon="6.62517"><ele>2385.00</ele><time>2025-07-19T09:55:50+00:00</time></trkpt><trkpt lat="45.62975" lon="6.62517"><ele>2385.46</ele><time>2025-07-19T09:55:52+00:00</time></trkpt><trkpt lat="45.62979" lon="6.62511"><ele>2386.95</ele><time>2025-07-19T09:55:58+00:00</time></trkpt><trkpt lat="45.62982" lon="6.62520"><ele>2387.28</ele><time>2025-07-19T09:56:01+00:00</time></trkpt><trkpt lat="45.62985" lon="6.62516"><ele>2387.60</ele><time>2025-07-19T09:56:03+00:00</time></trkpt><trkpt lat="45.62990" lon="6.62528"><ele>2388.55</ele><time>2025-07-19T09:56:09+00:00</time></trkpt><trkpt lat="45.62992" lon="6.62518"><ele>2389.06</ele><time>2025-07-19T09:56:12+00:00</time></trkpt><trkpt lat="45.62993" lon="6.62524"><ele>2389.31</ele><time>2025-07-19T09:56:14+00:00</time></trkpt><trkpt lat="45.62999" lon="6.62530"><ele>2389.30</ele><time>2025-07-19T09:56:17+00:00</time></trkpt><trkpt lat="45.63005" lon="6.62529"><ele>2389.54</ele><time>2025-07-19T09:56:20+00:00</time></trkpt><trkpt lat="45.63005" lon="6.62535"><ele>2389.65</ele><time>2025-07-19T09:56:22+00:00</time></trkpt><trkpt lat="45.63010" lon="6.62532"><ele>2389.75</ele><time>2025-07-19T09:56:24+00:00</time></trkpt><trkpt lat="45.63009" lon="6.62538"><ele>2389.85</ele><time>2025-07-19T09:56:26+00:00</time></trkpt><trkpt lat="45.63020" lon="6.62535"><ele>2386.94</ele><time>2025-07-19T09:56:30+00:00</time></trkpt><trkpt lat="45.63018" lon="6.62542"><ele>2385.25</ele><time>2025-07-19T09:56:32+00:00</time></trkpt><trkpt lat="45.63022" lon="6.62544"><ele>2384.73</ele><time>2025-07-19T09:56:33+00:00</time></trkpt><trkpt lat="45.63049" lon="6.62520"><ele>2374.39</ele><time>2025-07-19T09:56:47+00:00</time></trkpt><trkpt lat="45.63053" lon="6.62519"><ele>2374.39</ele><time>2025-07-19T09:56:49+00:00</time></trkpt><trkpt lat="45.63055" lon="6.62523"><ele>2372.40</ele><time>2025-07-19T09:56:54+00:00</time></trkpt><trkpt lat="45.63047" lon="6.62543"><ele>2363.21</ele><time>2025-07-19T09:57:16+00:00</time></trkpt><trkpt lat="45.63051" lon="6.62568"><ele>2359.30</ele><time>2025-07-19T09:57:22+00:00</time></trkpt><trkpt lat="45.63060" lon="6.62585"><ele>2343.47</ele><time>2025-07-19T10:00:05+00:00</time></trkpt><trkpt lat="45.63078" lon="6.62565"><ele>2335.73</ele><time>2025-07-19T10:00:15+00:00</time></trkpt><trkpt lat="45.63088" lon="6.62558"><ele>2330.62</ele><time>2025-07-19T10:00:24+00:00</time></trkpt><trkpt lat="45.63099" lon="6.62554"><ele>2329.03</ele><time>2025-07-19T10:00:28+00:00</time></trkpt><trkpt lat="45.63102" lon="6.62548"><ele>2327.02</ele><time>2025-07-19T10:00:30+00:00</time></trkpt><trkpt lat="45.63115" lon="6.62538"><ele>2324.35</ele><time>2025-07-19T10:00:35+00:00</time></trkpt><trkpt lat="45.63118" lon="6.62530"><ele>2322.92</ele><time>2025-07-19T10:00:37+00:00</time></trkpt><trkpt lat="45.63137" lon="6.62531"><ele>2319.00</ele><time>2025-07-19T10:00:43+00:00</time></trkpt><trkpt lat="45.63143" lon="6.62535"><ele>2316.30</ele><time>2025-07-19T10:00:47+00:00</time></trkpt><trkpt lat="45.63141" lon="6.62540"><ele>2316.30</ele><time>2025-07-19T10:00:48+00:00</time></trkpt><trkpt lat="45.63159" lon="6.62561"><ele>2311.11</ele><time>2025-07-19T10:00:56+00:00</time></trkpt><trkpt lat="45.63171" lon="6.62562"><ele>2311.11</ele><time>2025-07-19T10:01:00+00:00</time></trkpt><trkpt lat="45.63201" lon="6.62574"><ele>2300.74</ele><time>2025-07-19T10:01:14+00:00</time></trkpt><trkpt lat="45.63213" lon="6.62595"><ele>2291.75</ele><time>2025-07-19T10:01:31+00:00</time></trkpt><trkpt lat="45.63227" lon="6.62596"><ele>2289.40</ele><time>2025-07-19T10:01:35+00:00</time></trkpt><trkpt lat="45.63251" lon="6.62607"><ele>2281.12</ele><time>2025-07-19T10:01:46+00:00</time></trkpt><trkpt lat="45.63256" lon="6.62621"><ele>2279.04</ele><time>2025-07-19T10:01:49+00:00</time></trkpt><trkpt lat="45.63273" lon="6.62639"><ele>2273.99</ele><time>2025-07-19T10:01:56+00:00</time></trkpt><trkpt lat="45.63278" lon="6.62641"><ele>2273.99</ele><time>2025-07-19T10:01:58+00:00</time></trkpt><trkpt lat="45.63281" lon="6.62637"><ele>2273.99</ele><time>2025-07-19T10:02:00+00:00</time></trkpt><trkpt lat="45.63306" lon="6.62655"><ele>2268.82</ele><time>2025-07-19T10:02:08+00:00</time></trkpt><trkpt lat="45.63309" lon="6.62665"><ele>2268.82</ele><time>2025-07-19T10:02:11+00:00</time></trkpt><trkpt lat="45.63323" lon="6.62681"><ele>2258.25</ele><time>2025-07-19T10:02:39+00:00</time></trkpt><trkpt lat="45.63350" lon="6.62702"><ele>2248.53</ele><time>2025-07-19T10:02:52+00:00</time></trkpt><trkpt lat="45.63357" lon="6.62712"><ele>2248.53</ele><time>2025-07-19T10:02:56+00:00</time></trkpt><trkpt lat="45.63373" lon="6.62724"><ele>2243.53</ele><time>2025-07-19T10:03:02+00:00</time></trkpt><trkpt lat="45.63380" lon="6.62745"><ele>2242.04</ele><time>2025-07-19T10:03:07+00:00</time></trkpt><trkpt lat="45.63392" lon="6.62751"><ele>2237.81</ele><time>2025-07-19T10:03:13+00:00</time></trkpt><trkpt lat="45.63403" lon="6.62769"><ele>2237.81</ele><time>2025-07-19T10:03:19+00:00</time></trkpt><trkpt lat="45.63415" lon="6.62779"><ele>2233.73</ele><time>2025-07-19T10:03:25+00:00</time></trkpt><trkpt lat="45.63423" lon="6.62792"><ele>2232.27</ele><time>2025-07-19T10:03:28+00:00</time></trkpt><trkpt lat="45.63442" lon="6.62810"><ele>2227.77</ele><time>2025-07-19T10:03:35+00:00</time></trkpt><trkpt lat="45.63453" lon="6.62812"><ele>2226.42</ele><time>2025-07-19T10:03:39+00:00</time></trkpt><trkpt lat="45.63465" lon="6.62833"><ele>2221.88</ele><time>2025-07-19T10:03:45+00:00</time></trkpt><trkpt lat="45.63482" lon="6.62854"><ele>2220.50</ele><time>2025-07-19T10:03:52+00:00</time></trkpt><trkpt lat="45.63501" lon="6.62868"><ele>2216.61</ele><time>2025-07-19T10:03:59+00:00</time></trkpt><trkpt lat="45.63528" lon="6.62898"><ele>2211.14</ele><time>2025-07-19T10:04:09+00:00</time></trkpt><trkpt lat="45.63562" lon="6.62923"><ele>2207.84</ele><time>2025-07-19T10:04:21+00:00</time></trkpt><trkpt lat="45.63597" lon="6.62922"><ele>2205.95</ele><time>2025-07-19T10:04:33+00:00</time></trkpt><trkpt lat="45.63624" lon="6.62930"><ele>2205.12</ele><time>2025-07-19T10:04:43+00:00</time></trkpt><trkpt lat="45.63692" lon="6.62958"><ele>2189.35</ele><time>2025-07-19T10:05:05+00:00</time></trkpt><trkpt lat="45.63729" lon="6.62967"><ele>2187.92</ele><time>2025-07-19T10:05:19+00:00</time></trkpt><trkpt lat="45.63747" lon="6.62922"><ele>2184.38</ele><time>2025-07-19T10:05:30+00:00</time></trkpt><trkpt lat="45.63756" lon="6.62939"><ele>2179.51</ele><time>2025-07-19T10:05:37+00:00</time></trkpt><trkpt lat="45.63793" lon="6.62972"><ele>2173.50</ele><time>2025-07-19T10:05:50+00:00</time></trkpt><trkpt lat="45.63821" lon="6.63006"><ele>2167.52</ele><time>2025-07-19T10:06:00+00:00</time></trkpt><trkpt lat="45.63843" lon="6.63053"><ele>2161.59</ele><time>2025-07-19T10:06:12+00:00</time></trkpt><trkpt lat="45.63841" lon="6.63069"><ele>2159.78</ele><time>2025-07-19T10:06:15+00:00</time></trkpt><trkpt lat="45.63826" lon="6.63106"><ele>2157.94</ele><time>2025-07-19T10:06:26+00:00</time></trkpt><trkpt lat="45.63802" lon="6.63138"><ele>2155.96</ele><time>2025-07-19T10:06:37+00:00</time></trkpt><trkpt lat="45.63810" lon="6.63149"><ele>2155.96</ele><time>2025-07-19T10:06:41+00:00</time></trkpt><trkpt lat="45.63875" lon="6.63184"><ele>2146.48</ele><time>2025-07-19T10:07:02+00:00</time></trkpt><trkpt lat="45.63920" lon="6.63213"><ele>2142.19</ele><time>2025-07-19T10:07:18+00:00</time></trkpt><trkpt lat="45.63960" lon="6.63230"><ele>2141.82</ele><time>2025-07-19T10:07:34+00:00</time></trkpt><trkpt lat="45.63971" lon="6.63243"><ele>2141.20</ele><time>2025-07-19T10:07:39+00:00</time></trkpt><trkpt lat="45.64009" lon="6.63251"><ele>2140.39</ele><time>2025-07-19T10:07:53+00:00</time></trkpt><trkpt lat="45.64049" lon="6.63276"><ele>2139.91</ele><time>2025-07-19T10:08:10+00:00</time></trkpt><trkpt lat="45.64087" lon="6.63306"><ele>2139.70</ele><time>2025-07-19T10:08:27+00:00</time></trkpt><trkpt lat="45.64128" lon="6.63345"><ele>2140.37</ele><time>2025-07-19T10:08:48+00:00</time></trkpt><trkpt lat="45.64143" lon="6.63367"><ele>2139.85</ele><time>2025-07-19T10:08:56+00:00</time></trkpt><trkpt lat="45.64163" lon="6.63374"><ele>2139.85</ele><time>2025-07-19T10:09:04+00:00</time></trkpt><trkpt lat="45.64169" lon="6.63380"><ele>2139.52</ele><time>2025-07-19T10:09:07+00:00</time></trkpt><trkpt lat="45.64177" lon="6.63400"><ele>2138.70</ele><time>2025-07-19T10:09:12+00:00</time></trkpt><trkpt lat="45.64217" lon="6.63426"><ele>2136.23</ele><time>2025-07-19T10:09:27+00:00</time></trkpt><trkpt lat="45.64245" lon="6.63438"><ele>2134.98</ele><time>2025-07-19T10:09:38+00:00</time></trkpt><trkpt lat="45.64341" lon="6.63454"><ele>2122.50</ele><time>2025-07-19T10:10:07+00:00</time></trkpt><trkpt lat="45.64360" lon="6.63449"><ele>2121.77</ele><time>2025-07-19T10:10:13+00:00</time></trkpt><trkpt lat="45.64403" lon="6.63444"><ele>2120.97</ele><time>2025-07-19T10:10:30+00:00</time></trkpt><trkpt lat="45.64491" lon="6.63439"><ele>2108.27</ele><time>2025-07-19T10:10:56+00:00</time></trkpt><trkpt lat="45.64501" lon="6.63427"><ele>2108.27</ele><time>2025-07-19T10:11:01+00:00</time></trkpt><trkpt lat="45.64520" lon="6.63416"><ele>2107.68</ele><time>2025-07-19T10:11:09+00:00</time></trkpt><trkpt lat="45.64546" lon="6.63448"><ele>2105.61</ele><time>2025-07-19T10:11:20+00:00</time></trkpt><trkpt lat="45.64568" lon="6.63496"><ele>2103.00</ele><time>2025-07-19T10:11:34+00:00</time></trkpt><trkpt lat="45.64593" lon="6.63511"><ele>2099.86</ele><time>2025-07-19T10:11:42+00:00</time></trkpt><trkpt lat="45.64610" lon="6.63530"><ele>2096.51</ele><time>2025-07-19T10:11:48+00:00</time></trkpt><trkpt lat="45.64630" lon="6.63558"><ele>2092.67</ele><time>2025-07-19T10:11:57+00:00</time></trkpt><trkpt lat="45.64650" lon="6.63578"><ele>2089.31</ele><time>2025-07-19T10:12:04+00:00</time></trkpt><trkpt lat="45.64683" lon="6.63617"><ele>2087.47</ele><time>2025-07-19T10:12:19+00:00</time></trkpt><trkpt lat="45.64719" lon="6.63675"><ele>2072.44</ele><time>2025-07-19T10:12:39+00:00</time></trkpt><trkpt lat="45.64740" lon="6.63688"><ele>2072.44</ele><time>2025-07-19T10:12:48+00:00</time></trkpt><trkpt lat="45.64757" lon="6.63690"><ele>2071.43</ele><time>2025-07-19T10:12:54+00:00</time></trkpt><trkpt lat="45.64782" lon="6.63712"><ele>2069.81</ele><time>2025-07-19T10:13:04+00:00</time></trkpt><trkpt lat="45.64824" lon="6.63762"><ele>2053.96</ele><time>2025-07-19T10:13:24+00:00</time></trkpt><trkpt lat="45.64836" lon="6.63773"><ele>2053.96</ele><time>2025-07-19T10:13:30+00:00</time></trkpt><trkpt lat="45.64846" lon="6.63778"><ele>2053.19</ele><time>2025-07-19T10:13:33+00:00</time></trkpt><trkpt lat="45.64849" lon="6.63790"><ele>2053.19</ele><time>2025-07-19T10:13:37+00:00</time></trkpt><trkpt lat="45.64818" lon="6.63814"><ele>2050.15</ele><time>2025-07-19T10:13:48+00:00</time></trkpt><trkpt lat="45.64795" lon="6.63841"><ele>2046.63</ele><time>2025-07-19T10:13:57+00:00</time></trkpt><trkpt lat="45.64781" lon="6.63843"><ele>2046.63</ele><time>2025-07-19T10:14:03+00:00</time></trkpt><trkpt lat="45.64763" lon="6.63838"><ele>2044.75</ele><time>2025-07-19T10:14:08+00:00</time></trkpt><trkpt lat="45.64753" lon="6.63844"><ele>2044.75</ele><time>2025-07-19T10:14:13+00:00</time></trkpt><trkpt lat="45.64755" lon="6.63887"><ele>2040.63</ele><time>2025-07-19T10:14:22+00:00</time></trkpt><trkpt lat="45.64749" lon="6.63911"><ele>2036.60</ele><time>2025-07-19T10:14:27+00:00</time></trkpt><trkpt lat="45.64736" lon="6.63937"><ele>2035.28</ele><time>2025-07-19T10:14:35+00:00</time></trkpt><trkpt lat="45.64722" lon="6.63951"><ele>2032.94</ele><time>2025-07-19T10:14:40+00:00</time></trkpt><trkpt lat="45.64696" lon="6.63968"><ele>2030.80</ele><time>2025-07-19T10:14:49+00:00</time></trkpt><trkpt lat="45.64688" lon="6.63977"><ele>2029.68</ele><time>2025-07-19T10:14:53+00:00</time></trkpt><trkpt lat="45.64689" lon="6.63989"><ele>2029.06</ele><time>2025-07-19T10:14:55+00:00</time></trkpt><trkpt lat="45.64694" lon="6.64004"><ele>2029.13</ele><time>2025-07-19T10:15:00+00:00</time></trkpt><trkpt lat="45.64710" lon="6.64030"><ele>2028.99</ele><time>2025-07-19T10:15:10+00:00</time></trkpt><trkpt lat="45.64707" lon="6.64033"><ele>2028.98</ele><time>2025-07-19T10:15:11+00:00</time></trkpt><trkpt lat="45.64691" lon="6.64033"><ele>2029.09</ele><time>2025-07-19T10:15:18+00:00</time></trkpt><trkpt lat="45.64616" lon="6.64049"><ele>2040.93</ele><time>2025-07-19T10:16:10+00:00</time></trkpt><trkpt lat="45.64609" lon="6.64047"><ele>2040.93</ele><time>2025-07-19T10:16:12+00:00</time></trkpt><trkpt lat="45.64602" lon="6.64038"><ele>2041.23</ele><time>2025-07-19T10:16:17+00:00</time></trkpt><trkpt lat="45.64589" lon="6.64007"><ele>2041.23</ele><time>2025-07-19T10:16:27+00:00</time></trkpt><trkpt lat="45.64577" lon="6.63992"><ele>2042.40</ele><time>2025-07-19T10:16:35+00:00</time></trkpt><trkpt lat="45.64550" lon="6.63972"><ele>2044.88</ele><time>2025-07-19T10:16:51+00:00</time></trkpt><trkpt lat="45.64530" lon="6.63969"><ele>2047.33</ele><time>2025-07-19T10:17:03+00:00</time></trkpt><trkpt lat="45.64500" lon="6.63925"><ele>2050.26</ele><time>2025-07-19T10:17:25+00:00</time></trkpt><trkpt lat="45.64482" lon="6.63905"><ele>2054.31</ele><time>2025-07-19T10:17:42+00:00</time></trkpt><trkpt lat="45.64455" lon="6.63883"><ele>2059.80</ele><time>2025-07-19T10:18:04+00:00</time></trkpt><trkpt lat="45.64435" lon="6.63873"><ele>2066.62</ele><time>2025-07-19T10:18:31+00:00</time></trkpt><trkpt lat="45.64396" lon="6.63870"><ele>2074.22</ele><time>2025-07-19T10:19:01+00:00</time></trkpt><trkpt lat="45.64378" lon="6.63856"><ele>2076.87</ele><time>2025-07-19T10:19:14+00:00</time></trkpt><trkpt lat="45.64362" lon="6.63848"><ele>2079.00</ele><time>2025-07-19T10:19:25+00:00</time></trkpt><trkpt lat="45.64321" lon="6.63820"><ele>2084.99</ele><time>2025-07-19T10:19:53+00:00</time></trkpt><trkpt lat="45.64298" lon="6.63825"><ele>2089.66</ele><time>2025-07-19T10:20:12+00:00</time></trkpt><trkpt lat="45.64276" lon="6.63838"><ele>2091.08</ele><time>2025-07-19T10:20:24+00:00</time></trkpt><trkpt lat="45.64275" lon="6.63843"><ele>2091.08</ele><time>2025-07-19T10:20:25+00:00</time></trkpt><trkpt lat="45.64237" lon="6.63886"><ele>2105.55</ele><time>2025-07-19T10:21:20+00:00</time></trkpt><trkpt lat="45.64189" lon="6.63885"><ele>2124.31</ele><time>2025-07-19T10:22:35+00:00</time></trkpt><trkpt lat="45.64153" lon="6.63875"><ele>2127.26</ele><time>2025-07-19T10:22:55+00:00</time></trkpt><trkpt lat="45.64133" lon="6.63880"><ele>2131.60</ele><time>2025-07-19T10:23:12+00:00</time></trkpt><trkpt lat="45.64107" lon="6.63877"><ele>2134.35</ele><time>2025-07-19T10:23:27+00:00</time></trkpt><trkpt lat="45.64059" lon="6.63881"><ele>2162.33</ele><time>2025-07-19T10:25:50+00:00</time></trkpt><trkpt lat="45.64040" lon="6.63880"><ele>2165.73</ele><time>2025-07-19T10:26:04+00:00</time></trkpt><trkpt lat="45.64022" lon="6.63887"><ele>2168.73</ele><time>2025-07-19T10:26:17+00:00</time></trkpt><trkpt lat="45.64002" lon="6.63909"><ele>2176.10</ele><time>2025-07-19T10:26:45+00:00</time></trkpt><trkpt lat="45.63994" lon="6.63922"><ele>2179.52</ele><time>2025-07-19T10:26:58+00:00</time></trkpt><trkpt lat="45.63963" lon="6.63927"><ele>2194.12</ele><time>2025-07-19T10:28:01+00:00</time></trkpt><trkpt lat="45.63946" lon="6.63916"><ele>2208.26</ele><time>2025-07-19T10:29:40+00:00</time></trkpt><trkpt lat="45.63928" lon="6.63940"><ele>2211.78</ele><time>2025-07-19T10:29:56+00:00</time></trkpt><trkpt lat="45.63912" lon="6.63942"><ele>2218.70</ele><time>2025-07-19T10:30:25+00:00</time></trkpt><trkpt lat="45.63892" lon="6.63948"><ele>2224.30</ele><time>2025-07-19T10:30:46+00:00</time></trkpt><trkpt lat="45.63874" lon="6.63938"><ele>2227.43</ele><time>2025-07-19T10:31:00+00:00</time></trkpt><trkpt lat="45.63860" lon="6.63923"><ele>2233.30</ele><time>2025-07-19T10:31:22+00:00</time></trkpt><trkpt lat="45.63823" lon="6.63925"><ele>2243.02</ele><time>2025-07-19T10:32:00+00:00</time></trkpt><trkpt lat="45.63810" lon="6.63916"><ele>2246.85</ele><time>2025-07-19T10:32:14+00:00</time></trkpt><trkpt lat="45.63787" lon="6.63919"><ele>2247.80</ele><time>2025-07-19T10:32:25+00:00</time></trkpt><trkpt lat="45.63778" lon="6.63928"><ele>2249.00</ele><time>2025-07-19T10:32:31+00:00</time></trkpt><trkpt lat="45.63769" lon="6.63932"><ele>2249.30</ele><time>2025-07-19T10:32:35+00:00</time></trkpt><trkpt lat="45.63763" lon="6.63932"><ele>2250.09</ele><time>2025-07-19T10:32:39+00:00</time></trkpt><trkpt lat="45.63749" lon="6.63946"><ele>2250.61</ele><time>2025-07-19T10:32:47+00:00</time></trkpt><trkpt lat="45.63738" lon="6.63950"><ele>2251.00</ele><time>2025-07-19T10:32:52+00:00</time></trkpt><trkpt lat="45.63737" lon="6.63955"><ele>2251.33</ele><time>2025-07-19T10:32:54+00:00</time></trkpt><trkpt lat="45.63726" lon="6.63967"><ele>2252.42</ele><time>2025-07-19T10:33:01+00:00</time></trkpt><trkpt lat="45.63720" lon="6.63989"><ele>2254.20</ele><time>2025-07-19T10:33:10+00:00</time></trkpt><trkpt lat="45.63724" lon="6.64013"><ele>2256.86</ele><time>2025-07-19T10:33:22+00:00</time></trkpt><trkpt lat="45.63732" lon="6.64038"><ele>2258.41</ele><time>2025-07-19T10:33:32+00:00</time></trkpt><trkpt lat="45.63732" lon="6.64047"><ele>2258.98</ele><time>2025-07-19T10:33:36+00:00</time></trkpt><trkpt lat="45.63735" lon="6.64052"><ele>2260.29</ele><time>2025-07-19T10:33:41+00:00</time></trkpt><trkpt lat="45.63738" lon="6.64079"><ele>2261.96</ele><time>2025-07-19T10:33:51+00:00</time></trkpt><trkpt lat="45.63758" lon="6.64076"><ele>2262.53</ele><time>2025-07-19T10:34:00+00:00</time></trkpt><trkpt lat="45.63763" lon="6.64080"><ele>2264.08</ele><time>2025-07-19T10:34:06+00:00</time></trkpt><trkpt lat="45.63765" lon="6.64092"><ele>2264.71</ele><time>2025-07-19T10:34:10+00:00</time></trkpt><trkpt lat="45.63772" lon="6.64104"><ele>2266.22</ele><time>2025-07-19T10:34:17+00:00</time></trkpt><trkpt lat="45.63777" lon="6.64139"><ele>2270.67</ele><time>2025-07-19T10:34:36+00:00</time></trkpt><trkpt lat="45.63778" lon="6.64166"><ele>2275.72</ele><time>2025-07-19T10:34:55+00:00</time></trkpt><trkpt lat="45.63773" lon="6.64174"><ele>2277.89</ele><time>2025-07-19T10:35:03+00:00</time></trkpt><trkpt lat="45.63774" lon="6.64190"><ele>2277.89</ele><time>2025-07-19T10:35:08+00:00</time></trkpt><trkpt lat="45.63767" lon="6.64199"><ele>2279.09</ele><time>2025-07-19T10:35:13+00:00</time></trkpt><trkpt lat="45.63767" lon="6.64207"><ele>2279.09</ele><time>2025-07-19T10:35:16+00:00</time></trkpt><trkpt lat="45.63761" lon="6.64215"><ele>2281.83</ele><time>2025-07-19T10:35:26+00:00</time></trkpt><trkpt lat="45.63759" lon="6.64231"><ele>2282.65</ele><time>2025-07-19T10:35:32+00:00</time></trkpt><trkpt lat="45.63738" lon="6.64260"><ele>2290.17</ele><time>2025-07-19T10:36:01+00:00</time></trkpt><trkpt lat="45.63733" lon="6.64261"><ele>2290.17</ele><time>2025-07-19T10:36:03+00:00</time></trkpt><trkpt lat="45.63723" lon="6.64275"><ele>2294.02</ele><time>2025-07-19T10:36:17+00:00</time></trkpt><trkpt lat="45.63721" lon="6.64288"><ele>2294.02</ele><time>2025-07-19T10:36:21+00:00</time></trkpt><trkpt lat="45.63723" lon="6.64300"><ele>2295.12</ele><time>2025-07-19T10:36:27+00:00</time></trkpt><trkpt lat="45.63732" lon="6.64320"><ele>2297.97</ele><time>2025-07-19T10:36:39+00:00</time></trkpt><trkpt lat="45.63728" lon="6.64356"><ele>2302.52</ele><time>2025-07-19T10:36:58+00:00</time></trkpt><trkpt lat="45.63723" lon="6.64366"><ele>2305.93</ele><time>2025-07-19T10:37:11+00:00</time></trkpt><trkpt lat="45.63722" lon="6.64387"><ele>2307.58</ele><time>2025-07-19T10:37:20+00:00</time></trkpt><trkpt lat="45.63717" lon="6.64395"><ele>2310.32</ele><time>2025-07-19T10:37:31+00:00</time></trkpt><trkpt lat="45.63710" lon="6.64420"><ele>2316.55</ele><time>2025-07-19T10:37:55+00:00</time></trkpt><trkpt lat="45.63690" lon="6.64435"><ele>2324.91</ele><time>2025-07-19T10:38:28+00:00</time></trkpt><trkpt lat="45.63677" lon="6.64433"><ele>2327.51</ele><time>2025-07-19T10:38:38+00:00</time></trkpt><trkpt lat="45.63673" lon="6.64427"><ele>2330.05</ele><time>2025-07-19T10:38:49+00:00</time></trkpt><trkpt lat="45.63664" lon="6.64432"><ele>2334.67</ele><time>2025-07-19T10:39:09+00:00</time></trkpt><trkpt lat="45.63669" lon="6.64455"><ele>2337.28</ele><time>2025-07-19T10:39:21+00:00</time></trkpt><trkpt lat="45.63681" lon="6.64474"><ele>2345.91</ele><time>2025-07-19T10:39:59+00:00</time></trkpt><trkpt lat="45.63679" lon="6.64485"><ele>2348.33</ele><time>2025-07-19T10:40:08+00:00</time></trkpt><trkpt lat="45.63682" lon="6.64509"><ele>2355.19</ele><time>2025-07-19T10:40:36+00:00</time></trkpt><trkpt lat="45.63687" lon="6.64521"><ele>2357.90</ele><time>2025-07-19T10:40:46+00:00</time></trkpt><trkpt lat="45.63695" lon="6.64532"><ele>2361.76</ele><time>2025-07-19T10:41:01+00:00</time></trkpt><trkpt lat="45.63708" lon="6.64542"><ele>2367.74</ele><time>2025-07-19T10:41:25+00:00</time></trkpt><trkpt lat="45.63717" lon="6.64545"><ele>2369.38</ele><time>2025-07-19T10:41:32+00:00</time></trkpt><trkpt lat="45.63728" lon="6.64540"><ele>2374.55</ele><time>2025-07-19T10:41:54+00:00</time></trkpt><trkpt lat="45.63736" lon="6.64546"><ele>2376.42</ele><time>2025-07-19T10:42:02+00:00</time></trkpt><trkpt lat="45.63749" lon="6.64544"><ele>2379.96</ele><time>2025-07-19T10:42:15+00:00</time></trkpt><trkpt lat="45.63755" lon="6.64554"><ele>2383.24</ele><time>2025-07-19T10:42:28+00:00</time></trkpt><trkpt lat="45.63760" lon="6.64555"><ele>2386.77</ele><time>2025-07-19T10:42:50+00:00</time></trkpt><trkpt lat="45.63772" lon="6.64568"><ele>2391.84</ele><time>2025-07-19T10:43:10+00:00</time></trkpt><trkpt lat="45.63783" lon="6.64570"><ele>2393.59</ele><time>2025-07-19T10:43:17+00:00</time></trkpt><trkpt lat="45.63789" lon="6.64587"><ele>2397.28</ele><time>2025-07-19T10:43:31+00:00</time></trkpt><trkpt lat="45.63793" lon="6.64590"><ele>2401.06</ele><time>2025-07-19T10:44:02+00:00</time></trkpt><trkpt lat="45.63800" lon="6.64605"><ele>2404.90</ele><time>2025-07-19T10:44:17+00:00</time></trkpt><trkpt lat="45.63799" lon="6.64611"><ele>2406.80</ele><time>2025-07-19T10:44:24+00:00</time></trkpt><trkpt lat="45.63789" lon="6.64621"><ele>2412.12</ele><time>2025-07-19T10:44:47+00:00</time></trkpt><trkpt lat="45.63782" lon="6.64639"><ele>2416.08</ele><time>2025-07-19T10:45:02+00:00</time></trkpt><trkpt lat="45.63788" lon="6.64646"><ele>2419.78</ele><time>2025-07-19T10:45:18+00:00</time></trkpt><trkpt lat="45.63793" lon="6.64660"><ele>2423.58</ele><time>2025-07-19T10:45:33+00:00</time></trkpt><trkpt lat="45.63798" lon="6.64662"><ele>2425.66</ele><time>2025-07-19T10:45:41+00:00</time></trkpt><trkpt lat="45.63808" lon="6.64685"><ele>2432.82</ele><time>2025-07-19T10:46:10+00:00</time></trkpt><trkpt lat="45.63815" lon="6.64693"><ele>2434.62</ele><time>2025-07-19T10:46:17+00:00</time></trkpt><trkpt lat="45.63816" lon="6.64707"><ele>2439.67</ele><time>2025-07-19T10:46:40+00:00</time></trkpt><trkpt lat="45.63821" lon="6.64717"><ele>2444.78</ele><time>2025-07-19T10:47:07+00:00</time></trkpt><trkpt lat="45.63823" lon="6.64730"><ele>2446.36</ele><time>2025-07-19T10:47:14+00:00</time></trkpt><trkpt lat="45.63831" lon="6.64737"><ele>2447.79</ele><time>2025-07-19T10:47:20+00:00</time></trkpt><trkpt lat="45.63835" lon="6.64753"><ele>2453.48</ele><time>2025-07-19T10:47:45+00:00</time></trkpt><trkpt lat="45.63838" lon="6.64753"><ele>2453.48</ele><time>2025-07-19T10:47:46+00:00</time></trkpt><trkpt lat="45.63840" lon="6.64760"><ele>2456.22</ele><time>2025-07-19T10:47:59+00:00</time></trkpt><trkpt lat="45.63852" lon="6.64754"><ele>2459.75</ele><time>2025-07-19T10:48:12+00:00</time></trkpt><trkpt lat="45.63852" lon="6.64770"><ele>2461.08</ele><time>2025-07-19T10:48:19+00:00</time></trkpt><trkpt lat="45.63855" lon="6.64770"><ele>2462.52</ele><time>2025-07-19T10:48:25+00:00</time></trkpt><trkpt lat="45.63858" lon="6.64782"><ele>2464.48</ele><time>2025-07-19T10:48:33+00:00</time></trkpt><trkpt lat="45.63866" lon="6.64777"><ele>2467.09</ele><time>2025-07-19T10:48:43+00:00</time></trkpt><trkpt lat="45.63868" lon="6.64782"><ele>2468.48</ele><time>2025-07-19T10:48:49+00:00</time></trkpt><trkpt lat="45.63873" lon="6.64783"><ele>2468.48</ele><time>2025-07-19T10:48:51+00:00</time></trkpt><trkpt lat="45.63897" lon="6.64800"><ele>2481.18</ele><time>2025-07-19T10:49:46+00:00</time></trkpt><trkpt lat="45.63911" lon="6.64820"><ele>2494.15</ele><time>2025-07-19T10:51:01+00:00</time></trkpt><trkpt lat="45.63915" lon="6.64821"><ele>2495.08</ele><time>2025-07-19T10:51:05+00:00</time></trkpt><trkpt lat="45.63925" lon="6.64844"><ele>2495.08</ele><time>2025-07-19T10:51:12+00:00</time></trkpt><trkpt lat="45.63928" lon="6.64859"><ele>2498.38</ele><time>2025-07-19T10:51:25+00:00</time></trkpt><trkpt lat="45.63937" lon="6.64873"><ele>2498.97</ele><time>2025-07-19T10:51:31+00:00</time></trkpt><trkpt lat="45.63944" lon="6.64910"><ele>2503.94</ele><time>2025-07-19T10:51:52+00:00</time></trkpt><trkpt lat="45.63946" lon="6.64955"><ele>2514.20</ele><time>2025-07-19T10:52:31+00:00</time></trkpt><trkpt lat="45.63953" lon="6.64976"><ele>2517.67</ele><time>2025-07-19T10:52:45+00:00</time></trkpt><trkpt lat="45.63954" lon="6.65006"><ele>2525.33</ele><time>2025-07-19T10:53:15+00:00</time></trkpt><trkpt lat="45.63941" lon="6.65051"><ele>2536.83</ele><time>2025-07-19T10:53:59+00:00</time></trkpt><trkpt lat="45.63946" lon="6.65054"><ele>2538.67</ele><time>2025-07-19T10:54:06+00:00</time></trkpt><trkpt lat="45.63953" lon="6.65054"><ele>2541.23</ele><time>2025-07-19T10:54:16+00:00</time></trkpt><trkpt lat="45.63953" lon="6.65071"><ele>2541.23</ele><time>2025-07-19T10:54:21+00:00</time></trkpt><trkpt lat="45.63941" lon="6.65086"><ele>2543.50</ele><time>2025-07-19T10:54:31+00:00</time></trkpt><trkpt lat="45.63930" lon="6.65088"><ele>2547.77</ele><time>2025-07-19T10:54:48+00:00</time></trkpt><trkpt lat="45.63907" lon="6.65110"><ele>2554.05</ele><time>2025-07-19T10:55:13+00:00</time></trkpt><trkpt lat="45.63907" lon="6.65123"><ele>2555.17</ele><time>2025-07-19T10:55:18+00:00</time></trkpt><trkpt lat="45.63915" lon="6.65128"><ele>2555.17</ele><time>2025-07-19T10:55:22+00:00</time></trkpt><trkpt lat="45.63907" lon="6.65139"><ele>2554.55</ele><time>2025-07-19T10:55:26+00:00</time></trkpt><trkpt lat="45.63908" lon="6.65144"><ele>2554.55</ele><time>2025-07-19T10:55:27+00:00</time></trkpt><trkpt lat="45.63903" lon="6.65149"><ele>2554.55</ele><time>2025-07-19T10:55:30+00:00</time></trkpt><trkpt lat="45.63915" lon="6.65159"><ele>2549.50</ele><time>2025-07-19T10:55:37+00:00</time></trkpt><trkpt lat="45.63927" lon="6.65161"><ele>2545.06</ele><time>2025-07-19T10:55:43+00:00</time></trkpt><trkpt lat="45.63947" lon="6.65177"><ele>2534.12</ele><time>2025-07-19T10:56:03+00:00</time></trkpt><trkpt lat="45.63948" lon="6.65182"><ele>2534.12</ele><time>2025-07-19T10:56:05+00:00</time></trkpt><trkpt lat="45.63931" lon="6.65193"><ele>2529.09</ele><time>2025-07-19T10:56:11+00:00</time></trkpt><trkpt lat="45.63934" lon="6.65200"><ele>2523.85</ele><time>2025-07-19T10:56:47+00:00</time></trkpt><trkpt lat="45.63925" lon="6.65208"><ele>2523.85</ele><time>2025-07-19T10:56:52+00:00</time></trkpt><trkpt lat="45.63936" lon="6.65221"><ele>2516.31</ele><time>2025-07-19T10:57:08+00:00</time></trkpt><trkpt lat="45.63948" lon="6.65242"><ele>2507.66</ele><time>2025-07-19T10:57:23+00:00</time></trkpt><trkpt lat="45.63967" lon="6.65254"><ele>2496.67</ele><time>2025-07-19T10:57:47+00:00</time></trkpt><trkpt lat="45.63981" lon="6.65256"><ele>2493.37</ele><time>2025-07-19T10:57:51+00:00</time></trkpt><trkpt lat="45.63983" lon="6.65268"><ele>2490.31</ele><time>2025-07-19T10:57:56+00:00</time></trkpt><trkpt lat="45.63977" lon="6.65272"><ele>2487.33</ele><time>2025-07-19T10:58:01+00:00</time></trkpt><trkpt lat="45.63976" lon="6.65280"><ele>2483.89</ele><time>2025-07-19T10:58:10+00:00</time></trkpt><trkpt lat="45.64007" lon="6.65295"><ele>2473.35</ele><time>2025-07-19T10:58:24+00:00</time></trkpt><trkpt lat="45.64018" lon="6.65292"><ele>2464.93</ele><time>2025-07-19T10:59:01+00:00</time></trkpt><trkpt lat="45.64024" lon="6.65296"><ele>2461.19</ele><time>2025-07-19T10:59:10+00:00</time></trkpt><trkpt lat="45.64046" lon="6.65302"><ele>2458.70</ele><time>2025-07-19T10:59:16+00:00</time></trkpt><trkpt lat="45.64059" lon="6.65312"><ele>2454.03</ele><time>2025-07-19T10:59:23+00:00</time></trkpt><trkpt lat="45.64082" lon="6.65320"><ele>2447.68</ele><time>2025-07-19T10:59:31+00:00</time></trkpt><trkpt lat="45.64100" lon="6.65336"><ele>2444.90</ele><time>2025-07-19T10:59:37+00:00</time></trkpt><trkpt lat="45.64106" lon="6.65352"><ele>2443.20</ele><time>2025-07-19T10:59:41+00:00</time></trkpt><trkpt lat="45.64113" lon="6.65355"><ele>2443.20</ele><time>2025-07-19T10:59:44+00:00</time></trkpt><trkpt lat="45.64120" lon="6.65364"><ele>2441.96</ele><time>2025-07-19T10:59:47+00:00</time></trkpt><trkpt lat="45.64143" lon="6.65408"><ele>2439.99</ele><time>2025-07-19T11:00:00+00:00</time></trkpt><trkpt lat="45.64166" lon="6.65433"><ele>2439.15</ele><time>2025-07-19T11:00:11+00:00</time></trkpt><trkpt lat="45.64169" lon="6.65459"><ele>2438.84</ele><time>2025-07-19T11:00:18+00:00</time></trkpt><trkpt lat="45.64181" lon="6.65484"><ele>2438.84</ele><time>2025-07-19T11:00:26+00:00</time></trkpt><trkpt lat="45.64221" lon="6.65550"><ele>2445.93</ele><time>2025-07-19T11:01:02+00:00</time></trkpt><trkpt lat="45.64257" lon="6.65630"><ele>2444.37</ele><time>2025-07-19T11:01:27+00:00</time></trkpt><trkpt lat="45.64264" lon="6.65638"><ele>2444.37</ele><time>2025-07-19T11:01:31+00:00</time></trkpt><trkpt lat="45.64269" lon="6.65664"><ele>2444.76</ele><time>2025-07-19T11:01:39+00:00</time></trkpt><trkpt lat="45.64276" lon="6.65680"><ele>2444.76</ele><time>2025-07-19T11:01:44+00:00</time></trkpt><trkpt lat="45.64277" lon="6.65726"><ele>2444.73</ele><time>2025-07-19T11:01:57+00:00</time></trkpt><trkpt lat="45.64302" lon="6.65732"><ele>2443.62</ele><time>2025-07-19T11:02:06+00:00</time></trkpt><trkpt lat="45.64330" lon="6.65716"><ele>2442.73</ele><time>2025-07-19T11:02:17+00:00</time></trkpt><trkpt lat="45.64339" lon="6.65718"><ele>2442.73</ele><time>2025-07-19T11:02:21+00:00</time></trkpt><trkpt lat="45.64405" lon="6.65714"><ele>2449.29</ele><time>2025-07-19T11:02:58+00:00</time></trkpt><trkpt lat="45.64416" lon="6.65718"><ele>2449.29</ele><time>2025-07-19T11:03:02+00:00</time></trkpt><trkpt lat="45.64424" lon="6.65716"><ele>2449.29</ele><time>2025-07-19T11:03:05+00:00</time></trkpt><trkpt lat="45.64439" lon="6.65717"><ele>2450.79</ele><time>2025-07-19T11:03:14+00:00</time></trkpt><trkpt lat="45.64450" lon="6.65722"><ele>2450.79</ele><time>2025-07-19T11:03:18+00:00</time></trkpt><trkpt lat="45.64482" lon="6.65718"><ele>2456.62</ele><time>2025-07-19T11:03:43+00:00</time></trkpt><trkpt lat="45.64501" lon="6.65682"><ele>2465.61</ele><time>2025-07-19T11:04:17+00:00</time></trkpt><trkpt lat="45.64518" lon="6.65711"><ele>2467.72</ele><time>2025-07-19T11:04:31+00:00</time></trkpt><trkpt lat="45.64522" lon="6.65728"><ele>2467.35</ele><time>2025-07-19T11:04:35+00:00</time></trkpt><trkpt lat="45.64540" lon="6.65749"><ele>2466.86</ele><time>2025-07-19T11:04:44+00:00</time></trkpt><trkpt lat="45.64557" lon="6.65760"><ele>2466.33</ele><time>2025-07-19T11:04:51+00:00</time></trkpt><trkpt lat="45.64575" lon="6.65779"><ele>2465.82</ele><time>2025-07-19T11:04:59+00:00</time></trkpt><trkpt lat="45.64606" lon="6.65839"><ele>2455.84</ele><time>2025-07-19T11:05:15+00:00</time></trkpt><trkpt lat="45.64609" lon="6.65840"><ele>2455.84</ele><time>2025-07-19T11:05:16+00:00</time></trkpt><trkpt lat="45.64618" lon="6.65852"><ele>2455.84</ele><time>2025-07-19T11:05:21+00:00</time></trkpt><trkpt lat="45.64645" lon="6.65908"><ele>2451.01</ele><time>2025-07-19T11:05:36+00:00</time></trkpt><trkpt lat="45.64661" lon="6.65966"><ele>2450.63</ele><time>2025-07-19T11:05:53+00:00</time></trkpt><trkpt lat="45.64687" lon="6.66019"><ele>2450.88</ele><time>2025-07-19T11:06:11+00:00</time></trkpt><trkpt lat="45.64710" lon="6.66054"><ele>2452.87</ele><time>2025-07-19T11:06:27+00:00</time></trkpt><trkpt lat="45.64730" lon="6.66070"><ele>2457.32</ele><time>2025-07-19T11:06:45+00:00</time></trkpt><trkpt lat="45.64760" lon="6.66102"><ele>2463.44</ele><time>2025-07-19T11:07:12+00:00</time></trkpt><trkpt lat="45.64766" lon="6.66123"><ele>2465.12</ele><time>2025-07-19T11:07:21+00:00</time></trkpt><trkpt lat="45.64772" lon="6.66130"><ele>2465.12</ele><time>2025-07-19T11:07:24+00:00</time></trkpt><trkpt lat="45.64783" lon="6.66132"><ele>2467.08</ele><time>2025-07-19T11:07:32+00:00</time></trkpt><trkpt lat="45.64821" lon="6.66157"><ele>2475.14</ele><time>2025-07-19T11:08:05+00:00</time></trkpt><trkpt lat="45.64838" lon="6.66175"><ele>2477.23</ele><time>2025-07-19T11:08:17+00:00</time></trkpt><trkpt lat="45.64840" lon="6.66190"><ele>2477.23</ele><time>2025-07-19T11:08:21+00:00</time></trkpt><trkpt lat="45.64849" lon="6.66205"><ele>2479.31</ele><time>2025-07-19T11:08:30+00:00</time></trkpt><trkpt lat="45.64854" lon="6.66253"><ele>2487.68</ele><time>2025-07-19T11:09:02+00:00</time></trkpt><trkpt lat="45.64841" lon="6.66293"><ele>2496.94</ele><time>2025-07-19T11:09:38+00:00</time></trkpt><trkpt lat="45.64834" lon="6.66329"><ele>2501.78</ele><time>2025-07-19T11:09:58+00:00</time></trkpt><trkpt lat="45.64836" lon="6.66342"><ele>2502.30</ele><time>2025-07-19T11:10:02+00:00</time></trkpt><trkpt lat="45.64850" lon="6.66356"><ele>2503.61</ele><time>2025-07-19T11:10:11+00:00</time></trkpt><trkpt lat="45.64849" lon="6.66374"><ele>2503.61</ele><time>2025-07-19T11:10:16+00:00</time></trkpt><trkpt lat="45.64859" lon="6.66388"><ele>2504.06</ele><time>2025-07-19T11:10:22+00:00</time></trkpt><trkpt lat="45.64860" lon="6.66445"><ele>2504.48</ele><time>2025-07-19T11:10:39+00:00</time></trkpt><trkpt lat="45.64881" lon="6.66505"><ele>2506.76</ele><time>2025-07-19T11:11:01+00:00</time></trkpt><trkpt lat="45.64880" lon="6.66526"><ele>2506.76</ele><time>2025-07-19T11:11:07+00:00</time></trkpt><trkpt lat="45.64965" lon="6.66639"><ele>2523.63</ele><time>2025-07-19T11:12:23+00:00</time></trkpt><trkpt lat="45.65012" lon="6.66644"><ele>2538.59</ele><time>2025-07-19T11:13:21+00:00</time></trkpt><trkpt lat="45.65053" lon="6.66614"><ele>2543.89</ele><time>2025-07-19T11:13:48+00:00</time></trkpt><trkpt lat="45.65072" lon="6.66610"><ele>2548.81</ele><time>2025-07-19T11:14:07+00:00</time></trkpt><trkpt lat="45.65093" lon="6.66626"><ele>2550.58</ele><time>2025-07-19T11:14:19+00:00</time></trkpt><trkpt lat="45.65102" lon="6.66645"><ele>2555.20</ele><time>2025-07-19T11:14:36+00:00</time></trkpt><trkpt lat="45.65123" lon="6.66636"><ele>2557.02</ele><time>2025-07-19T11:14:48+00:00</time></trkpt><trkpt lat="45.65136" lon="6.66639"><ele>2564.89</ele><time>2025-07-19T11:15:29+00:00</time></trkpt><trkpt lat="45.65172" lon="6.66635"><ele>2572.69</ele><time>2025-07-19T11:16:00+00:00</time></trkpt><trkpt lat="45.65174" lon="6.66643"><ele>2572.69</ele><time>2025-07-19T11:16:02+00:00</time></trkpt><trkpt lat="45.65185" lon="6.66640"><ele>2574.64</ele><time>2025-07-19T11:16:11+00:00</time></trkpt><trkpt lat="45.65205" lon="6.66660"><ele>2574.64</ele><time>2025-07-19T11:16:20+00:00</time></trkpt><trkpt lat="45.65292" lon="6.66651"><ele>2605.28</ele><time>2025-07-19T11:18:20+00:00</time></trkpt><trkpt lat="45.65306" lon="6.66636"><ele>2607.03</ele><time>2025-07-19T11:18:29+00:00</time></trkpt><trkpt lat="45.65316" lon="6.66639"><ele>2608.63</ele><time>2025-07-19T11:18:36+00:00</time></trkpt><trkpt lat="45.65324" lon="6.66628"><ele>2610.16</ele><time>2025-07-19T11:18:44+00:00</time></trkpt><trkpt lat="45.65338" lon="6.66645"><ele>2613.98</ele><time>2025-07-19T11:18:59+00:00</time></trkpt><trkpt lat="45.65343" lon="6.66636"><ele>2615.66</ele><time>2025-07-19T11:19:05+00:00</time></trkpt><trkpt lat="45.65357" lon="6.66656"><ele>2617.53</ele><time>2025-07-19T11:19:16+00:00</time></trkpt><trkpt lat="45.65364" lon="6.66636"><ele>2626.75</ele><time>2025-07-19T11:20:04+00:00</time></trkpt><trkpt lat="45.65388" lon="6.66687"><ele>2654.91</ele><time>2025-07-19T11:22:47+00:00</time></trkpt><trkpt lat="45.65401" lon="6.66669"><ele>2662.02</ele><time>2025-07-19T11:23:15+00:00</time></trkpt><trkpt lat="45.65410" lon="6.66668"><ele>2662.02</ele><time>2025-07-19T11:23:19+00:00</time></trkpt><trkpt lat="45.65416" lon="6.66692"><ele>2661.97</ele><time>2025-07-19T11:23:26+00:00</time></trkpt><trkpt lat="45.65427" lon="6.66695"><ele>2662.20</ele><time>2025-07-19T11:23:31+00:00</time></trkpt><trkpt lat="45.65447" lon="6.66689"><ele>2659.56</ele><time>2025-07-19T11:23:37+00:00</time></trkpt><trkpt lat="45.65465" lon="6.66712"><ele>2656.47</ele><time>2025-07-19T11:23:44+00:00</time></trkpt><trkpt lat="45.65484" lon="6.66701"><ele>2652.57</ele><time>2025-07-19T11:23:50+00:00</time></trkpt><trkpt lat="45.65490" lon="6.66686"><ele>2650.30</ele><time>2025-07-19T11:23:54+00:00</time></trkpt><trkpt lat="45.65511" lon="6.66689"><ele>2644.81</ele><time>2025-07-19T11:24:01+00:00</time></trkpt><trkpt lat="45.65537" lon="6.66708"><ele>2636.26</ele><time>2025-07-19T11:24:12+00:00</time></trkpt><trkpt lat="45.65556" lon="6.66745"><ele>2632.20</ele><time>2025-07-19T11:24:22+00:00</time></trkpt><trkpt lat="45.65606" lon="6.66796"><ele>2598.50</ele><time>2025-07-19T11:25:40+00:00</time></trkpt><trkpt lat="45.65685" lon="6.66907"><ele>2564.90</ele><time>2025-07-19T11:26:23+00:00</time></trkpt><trkpt lat="45.65796" lon="6.66939"><ele>2539.94</ele><time>2025-07-19T11:26:58+00:00</time></trkpt><trkpt lat="45.65836" lon="6.67011"><ele>2525.14</ele><time>2025-07-19T11:27:19+00:00</time></trkpt><trkpt lat="45.65883" lon="6.67080"><ele>2506.36</ele><time>2025-07-19T11:27:43+00:00</time></trkpt><trkpt lat="45.65920" lon="6.67200"><ele>2480.04</ele><time>2025-07-19T11:28:17+00:00</time></trkpt><trkpt lat="45.65937" lon="6.67389"><ele>2447.53</ele><time>2025-07-19T11:29:01+00:00</time></trkpt><trkpt lat="45.65931" lon="6.67421"><ele>2447.53</ele><time>2025-07-19T11:29:10+00:00</time></trkpt><trkpt lat="45.65935" lon="6.67445"><ele>2446.02</ele><time>2025-07-19T11:29:15+00:00</time></trkpt><trkpt lat="45.65924" lon="6.67502"><ele>2441.41</ele><time>2025-07-19T11:29:28+00:00</time></trkpt><trkpt lat="45.65925" lon="6.67516"><ele>2439.10</ele><time>2025-07-19T11:29:31+00:00</time></trkpt><trkpt lat="45.65929" lon="6.67526"><ele>2439.10</ele><time>2025-07-19T11:29:34+00:00</time></trkpt><trkpt lat="45.65929" lon="6.67579"><ele>2437.19</ele><time>2025-07-19T11:29:47+00:00</time></trkpt><trkpt lat="45.65921" lon="6.67601"><ele>2435.98</ele><time>2025-07-19T11:29:53+00:00</time></trkpt><trkpt lat="45.65921" lon="6.67614"><ele>2435.98</ele><time>2025-07-19T11:29:57+00:00</time></trkpt><trkpt lat="45.65907" lon="6.67653"><ele>2435.62</ele><time>2025-07-19T11:30:08+00:00</time></trkpt><trkpt lat="45.65898" lon="6.67695"><ele>2435.46</ele><time>2025-07-19T11:30:21+00:00</time></trkpt><trkpt lat="45.65898" lon="6.67712"><ele>2435.23</ele><time>2025-07-19T11:30:25+00:00</time></trkpt><trkpt lat="45.65905" lon="6.67733"><ele>2435.08</ele><time>2025-07-19T11:30:31+00:00</time></trkpt><trkpt lat="45.65922" lon="6.67766"><ele>2434.77</ele><time>2025-07-19T11:30:42+00:00</time></trkpt><trkpt lat="45.65959" lon="6.67861"><ele>2413.91</ele><time>2025-07-19T11:31:09+00:00</time></trkpt><trkpt lat="45.65991" lon="6.67908"><ele>2413.91</ele><time>2025-07-19T11:31:28+00:00</time></trkpt><trkpt lat="45.66077" lon="6.67991"><ele>2386.03</ele><time>2025-07-19T11:32:04+00:00</time></trkpt><trkpt lat="45.66092" lon="6.68021"><ele>2384.83</ele><time>2025-07-19T11:32:13+00:00</time></trkpt><trkpt lat="45.66110" lon="6.68041"><ele>2381.61</ele><time>2025-07-19T11:32:20+00:00</time></trkpt><trkpt lat="45.66138" lon="6.68066"><ele>2377.50</ele><time>2025-07-19T11:32:30+00:00</time></trkpt><trkpt lat="45.66166" lon="6.68112"><ele>2372.70</ele><time>2025-07-19T11:32:43+00:00</time></trkpt><trkpt lat="45.66189" lon="6.68137"><ele>2368.80</ele><time>2025-07-19T11:32:52+00:00</time></trkpt><trkpt lat="45.66198" lon="6.68173"><ele>2365.80</ele><time>2025-07-19T11:33:00+00:00</time></trkpt><trkpt lat="45.66212" lon="6.68206"><ele>2364.69</ele><time>2025-07-19T11:33:09+00:00</time></trkpt><trkpt lat="45.66256" lon="6.68270"><ele>2354.83</ele><time>2025-07-19T11:33:28+00:00</time></trkpt><trkpt lat="45.66238" lon="6.68362"><ele>2340.97</ele><time>2025-07-19T11:33:48+00:00</time></trkpt><trkpt lat="45.66248" lon="6.68387"><ele>2340.97</ele><time>2025-07-19T11:33:56+00:00</time></trkpt><trkpt lat="45.66325" lon="6.68469"><ele>2331.92</ele><time>2025-07-19T11:34:27+00:00</time></trkpt><trkpt lat="45.66337" lon="6.68499"><ele>2331.59</ele><time>2025-07-19T11:34:36+00:00</time></trkpt><trkpt lat="45.66347" lon="6.68508"><ele>2331.59</ele><time>2025-07-19T11:34:41+00:00</time></trkpt><trkpt lat="45.66361" lon="6.68534"><ele>2331.23</ele><time>2025-07-19T11:34:49+00:00</time></trkpt><trkpt lat="45.66416" lon="6.68604"><ele>2317.41</ele><time>2025-07-19T11:35:11+00:00</time></trkpt><trkpt lat="45.66425" lon="6.68632"><ele>2316.08</ele><time>2025-07-19T11:35:19+00:00</time></trkpt><trkpt lat="45.66445" lon="6.68670"><ele>2313.30</ele><time>2025-07-19T11:35:29+00:00</time></trkpt><trkpt lat="45.66454" lon="6.68710"><ele>2309.83</ele><time>2025-07-19T11:35:38+00:00</time></trkpt><trkpt lat="45.66476" lon="6.68743"><ele>2306.34</ele><time>2025-07-19T11:35:48+00:00</time></trkpt><trkpt lat="45.66490" lon="6.68753"><ele>2305.14</ele><time>2025-07-19T11:35:53+00:00</time></trkpt><trkpt lat="45.66488" lon="6.68771"><ele>2305.14</ele><time>2025-07-19T11:35:58+00:00</time></trkpt><trkpt lat="45.66737" lon="6.68923"><ele>2259.81</ele><time>2025-07-19T11:37:18+00:00</time></trkpt><trkpt lat="45.66830" lon="6.69068"><ele>2225.30</ele><time>2025-07-19T11:38:04+00:00</time></trkpt><trkpt lat="45.66890" lon="6.69139"><ele>2206.42</ele><time>2025-07-19T11:38:29+00:00</time></trkpt><trkpt lat="45.66904" lon="6.69203"><ele>2202.09</ele><time>2025-07-19T11:38:44+00:00</time></trkpt><trkpt lat="45.66951" lon="6.69276"><ele>2186.74</ele><time>2025-07-19T11:39:06+00:00</time></trkpt><trkpt lat="45.67002" lon="6.69274"><ele>2183.13</ele><time>2025-07-19T11:39:23+00:00</time></trkpt><trkpt lat="45.67027" lon="6.69303"><ele>2183.13</ele><time>2025-07-19T11:39:35+00:00</time></trkpt><trkpt lat="45.67107" lon="6.69341"><ele>2173.06</ele><time>2025-07-19T11:40:01+00:00</time></trkpt><trkpt lat="45.67223" lon="6.69460"><ele>2163.92</ele><time>2025-07-19T11:40:49+00:00</time></trkpt><trkpt lat="45.67290" lon="6.69501"><ele>2151.75</ele><time>2025-07-19T11:41:10+00:00</time></trkpt><trkpt lat="45.67313" lon="6.69537"><ele>2151.75</ele><time>2025-07-19T11:41:24+00:00</time></trkpt><trkpt lat="45.67370" lon="6.69564"><ele>2128.37</ele><time>2025-07-19T11:41:58+00:00</time></trkpt><trkpt lat="45.67389" lon="6.69555"><ele>2128.37</ele><time>2025-07-19T11:42:06+00:00</time></trkpt><trkpt lat="45.67419" lon="6.69624"><ele>2107.82</ele><time>2025-07-19T11:42:35+00:00</time></trkpt><trkpt lat="45.67419" lon="6.69638"><ele>2107.82</ele><time>2025-07-19T11:42:39+00:00</time></trkpt><trkpt lat="45.67436" lon="6.69655"><ele>2105.04</ele><time>2025-07-19T11:42:45+00:00</time></trkpt><trkpt lat="45.67466" lon="6.69672"><ele>2098.28</ele><time>2025-07-19T11:42:55+00:00</time></trkpt><trkpt lat="45.67476" lon="6.69693"><ele>2094.57</ele><time>2025-07-19T11:43:00+00:00</time></trkpt><trkpt lat="45.67548" lon="6.69754"><ele>2070.69</ele><time>2025-07-19T11:43:31+00:00</time></trkpt><trkpt lat="45.67560" lon="6.69771"><ele>2070.69</ele><time>2025-07-19T11:43:38+00:00</time></trkpt><trkpt lat="45.67566" lon="6.69795"><ele>2068.32</ele><time>2025-07-19T11:43:43+00:00</time></trkpt><trkpt lat="45.67589" lon="6.69820"><ele>2062.61</ele><time>2025-07-19T11:43:52+00:00</time></trkpt><trkpt lat="45.67602" lon="6.69859"><ele>2057.50</ele><time>2025-07-19T11:44:01+00:00</time></trkpt><trkpt lat="45.67616" lon="6.69887"><ele>2053.60</ele><time>2025-07-19T11:44:08+00:00</time></trkpt><trkpt lat="45.67653" lon="6.69913"><ele>2051.47</ele><time>2025-07-19T11:44:22+00:00</time></trkpt><trkpt lat="45.67653" lon="6.69920"><ele>2051.20</ele><time>2025-07-19T11:44:24+00:00</time></trkpt><trkpt lat="45.67662" lon="6.69930"><ele>2050.74</ele><time>2025-07-19T11:44:28+00:00</time></trkpt><trkpt lat="45.67669" lon="6.69949"><ele>2050.36</ele><time>2025-07-19T11:44:34+00:00</time></trkpt><trkpt lat="45.67687" lon="6.69960"><ele>2049.70</ele><time>2025-07-19T11:44:41+00:00</time></trkpt><trkpt lat="45.67699" lon="6.69982"><ele>2048.60</ele><time>2025-07-19T11:44:47+00:00</time></trkpt><trkpt lat="45.67714" lon="6.69980"><ele>2048.17</ele><time>2025-07-19T11:44:53+00:00</time></trkpt><trkpt lat="45.67738" lon="6.70008"><ele>2046.96</ele><time>2025-07-19T11:45:04+00:00</time></trkpt><trkpt lat="45.67766" lon="6.70028"><ele>2045.79</ele><time>2025-07-19T11:45:15+00:00</time></trkpt><trkpt lat="45.67812" lon="6.70068"><ele>2036.19</ele><time>2025-07-19T11:45:31+00:00</time></trkpt><trkpt lat="45.67830" lon="6.70074"><ele>2033.62</ele><time>2025-07-19T11:45:37+00:00</time></trkpt><trkpt lat="45.67862" lon="6.70100"><ele>2028.93</ele><time>2025-07-19T11:45:48+00:00</time></trkpt><trkpt lat="45.67873" lon="6.70119"><ele>2026.93</ele><time>2025-07-19T11:45:53+00:00</time></trkpt><trkpt lat="45.67889" lon="6.70137"><ele>2026.93</ele><time>2025-07-19T11:46:01+00:00</time></trkpt><trkpt lat="45.67928" lon="6.70202"><ele>2008.89</ele><time>2025-07-19T11:46:25+00:00</time></trkpt><trkpt lat="45.67951" lon="6.70221"><ele>2008.89</ele><time>2025-07-19T11:46:35+00:00</time></trkpt><trkpt lat="45.67957" lon="6.70199"><ele>2008.60</ele><time>2025-07-19T11:46:41+00:00</time></trkpt><trkpt lat="45.67992" lon="6.70190"><ele>2007.86</ele><time>2025-07-19T11:46:55+00:00</time></trkpt><trkpt lat="45.68014" lon="6.70186"><ele>2007.58</ele><time>2025-07-19T11:47:03+00:00</time></trkpt><trkpt lat="45.68028" lon="6.70187"><ele>2007.38</ele><time>2025-07-19T11:47:09+00:00</time></trkpt><trkpt lat="45.68060" lon="6.70196"><ele>2006.86</ele><time>2025-07-19T11:47:21+00:00</time></trkpt><trkpt lat="45.68090" lon="6.70213"><ele>2006.34</ele><time>2025-07-19T11:47:33+00:00</time></trkpt><trkpt lat="45.68116" lon="6.70236"><ele>2006.12</ele><time>2025-07-19T11:47:45+00:00</time></trkpt><trkpt lat="45.68190" lon="6.70291"><ele>2004.66</ele><time>2025-07-19T11:48:17+00:00</time></trkpt><trkpt lat="45.68250" lon="6.70340"><ele>2003.51</ele><time>2025-07-19T11:48:43+00:00</time></trkpt><trkpt lat="45.68300" lon="6.70372"><ele>2002.56</ele><time>2025-07-19T11:49:04+00:00</time></trkpt><trkpt lat="45.68327" lon="6.70384"><ele>2002.56</ele><time>2025-07-19T11:49:15+00:00</time></trkpt><trkpt lat="45.68379" lon="6.70384"><ele>2000.70</ele><time>2025-07-19T11:49:34+00:00</time></trkpt><trkpt lat="45.68410" lon="6.70392"><ele>2000.70</ele><time>2025-07-19T11:49:47+00:00</time></trkpt><trkpt lat="45.68421" lon="6.70391"><ele>2000.42</ele><time>2025-07-19T11:49:51+00:00</time></trkpt><trkpt lat="45.68460" lon="6.70379"><ele>1999.65</ele><time>2025-07-19T11:50:06+00:00</time></trkpt><trkpt lat="45.68491" lon="6.70374"><ele>1999.02</ele><time>2025-07-19T11:50:18+00:00</time></trkpt><trkpt lat="45.68526" lon="6.70372"><ele>1998.74</ele><time>2025-07-19T11:50:31+00:00</time></trkpt><trkpt lat="45.68582" lon="6.70349"><ele>1997.47</ele><time>2025-07-19T11:50:53+00:00</time></trkpt><trkpt lat="45.68593" lon="6.70347"><ele>1997.45</ele><time>2025-07-19T11:50:58+00:00</time></trkpt><trkpt lat="45.68617" lon="6.70352"><ele>1997.38</ele><time>2025-07-19T11:51:07+00:00</time></trkpt><trkpt lat="45.68635" lon="6.70366"><ele>1997.41</ele><time>2025-07-19T11:51:15+00:00</time></trkpt><trkpt lat="45.68650" lon="6.70374"><ele>1996.94</ele><time>2025-07-19T11:51:21+00:00</time></trkpt><trkpt lat="45.68696" lon="6.70372"><ele>1995.69</ele><time>2025-07-19T11:51:38+00:00</time></trkpt><trkpt lat="45.68709" lon="6.70362"><ele>1994.97</ele><time>2025-07-19T11:51:43+00:00</time></trkpt><trkpt lat="45.68721" lon="6.70337"><ele>1994.97</ele><time>2025-07-19T11:51:52+00:00</time></trkpt><trkpt lat="45.68730" lon="6.70324"><ele>1994.64</ele><time>2025-07-19T11:51:57+00:00</time></trkpt><trkpt lat="45.68740" lon="6.70314"><ele>1994.56</ele><time>2025-07-19T11:52:01+00:00</time></trkpt><trkpt lat="45.68766" lon="6.70299"><ele>1994.22</ele><time>2025-07-19T11:52:12+00:00</time></trkpt><trkpt lat="45.68773" lon="6.70288"><ele>1994.14</ele><time>2025-07-19T11:52:16+00:00</time></trkpt><trkpt lat="45.68780" lon="6.70271"><ele>1994.04</ele><time>2025-07-19T11:52:22+00:00</time></trkpt><trkpt lat="45.68783" lon="6.70251"><ele>1993.65</ele><time>2025-07-19T11:52:27+00:00</time></trkpt><trkpt lat="45.68784" lon="6.70205"><ele>1992.92</ele><time>2025-07-19T11:52:39+00:00</time></trkpt><trkpt lat="45.68789" lon="6.70189"><ele>1992.78</ele><time>2025-07-19T11:52:44+00:00</time></trkpt><trkpt lat="45.68804" lon="6.70167"><ele>1992.57</ele><time>2025-07-19T11:52:52+00:00</time></trkpt><trkpt lat="45.68809" lon="6.70163"><ele>1992.53</ele><time>2025-07-19T11:52:54+00:00</time></trkpt><trkpt lat="45.68816" lon="6.70161"><ele>1992.47</ele><time>2025-07-19T11:52:57+00:00</time></trkpt><trkpt lat="45.68825" lon="6.70163"><ele>1992.43</ele><time>2025-07-19T11:53:01+00:00</time></trkpt><trkpt lat="45.68841" lon="6.70172"><ele>1992.29</ele><time>2025-07-19T11:53:07+00:00</time></trkpt><trkpt lat="45.68851" lon="6.70174"><ele>1992.25</ele><time>2025-07-19T11:53:11+00:00</time></trkpt><trkpt lat="45.68869" lon="6.70172"><ele>1992.15</ele><time>2025-07-19T11:53:18+00:00</time></trkpt><trkpt lat="45.68883" lon="6.70166"><ele>1991.89</ele><time>2025-07-19T11:53:24+00:00</time></trkpt><trkpt lat="45.68918" lon="6.70159"><ele>1991.40</ele><time>2025-07-19T11:53:37+00:00</time></trkpt><trkpt lat="45.68968" lon="6.70162"><ele>1987.22</ele><time>2025-07-19T11:53:54+00:00</time></trkpt><trkpt lat="45.68975" lon="6.70158"><ele>1987.22</ele><time>2025-07-19T11:53:57+00:00</time></trkpt><trkpt lat="45.68980" lon="6.70148"><ele>1987.22</ele><time>2025-07-19T11:54:00+00:00</time></trkpt><trkpt lat="45.68986" lon="6.70026"><ele>1981.58</ele><time>2025-07-19T11:54:28+00:00</time></trkpt><trkpt lat="45.68968" lon="6.69897"><ele>1981.34</ele><time>2025-07-19T11:55:05+00:00</time></trkpt><trkpt lat="45.68967" lon="6.69856"><ele>1981.34</ele><time>2025-07-19T11:55:16+00:00</time></trkpt><trkpt lat="45.68981" lon="6.69784"><ele>1986.04</ele><time>2025-07-19T11:55:45+00:00</time></trkpt><trkpt lat="45.69004" lon="6.69708"><ele>1982.13</ele><time>2025-07-19T11:56:04+00:00</time></trkpt><trkpt lat="45.69009" lon="6.69661"><ele>1982.13</ele><time>2025-07-19T11:56:17+00:00</time></trkpt><trkpt lat="45.69022" lon="6.69585"><ele>1982.35</ele><time>2025-07-19T11:56:39+00:00</time></trkpt><trkpt lat="45.69022" lon="6.69527"><ele>1982.35</ele><time>2025-07-19T11:56:56+00:00</time></trkpt><trkpt lat="45.69014" lon="6.69439"><ele>1983.04</ele><time>2025-07-19T11:57:21+00:00</time></trkpt><trkpt lat="45.69006" lon="6.69412"><ele>1983.04</ele><time>2025-07-19T11:57:29+00:00</time></trkpt><trkpt lat="45.68989" lon="6.69385"><ele>1983.03</ele><time>2025-07-19T11:57:40+00:00</time></trkpt><trkpt lat="45.68984" lon="6.69365"><ele>1983.01</ele><time>2025-07-19T11:57:45+00:00</time></trkpt><trkpt lat="45.68986" lon="6.69337"><ele>1982.99</ele><time>2025-07-19T11:57:53+00:00</time></trkpt><trkpt lat="45.69006" lon="6.69277"><ele>1988.98</ele><time>2025-07-19T11:58:22+00:00</time></trkpt><trkpt lat="45.69026" lon="6.69234"><ele>1989.25</ele><time>2025-07-19T11:58:37+00:00</time></trkpt><trkpt lat="45.69026" lon="6.69222"><ele>1989.45</ele><time>2025-07-19T11:58:41+00:00</time></trkpt><trkpt lat="45.69019" lon="6.69192"><ele>1989.69</ele><time>2025-07-19T11:58:50+00:00</time></trkpt><trkpt lat="45.69017" lon="6.69167"><ele>1989.89</ele><time>2025-07-19T11:58:57+00:00</time></trkpt><trkpt lat="45.69041" lon="6.69081"><ele>1977.79</ele><time>2025-07-19T11:59:16+00:00</time></trkpt><trkpt lat="45.69045" lon="6.69058"><ele>1977.33</ele><time>2025-07-19T11:59:22+00:00</time></trkpt><trkpt lat="45.69048" lon="6.69049"><ele>1976.80</ele><time>2025-07-19T11:59:25+00:00</time></trkpt><trkpt lat="45.69056" lon="6.69041"><ele>1976.29</ele><time>2025-07-19T11:59:28+00:00</time></trkpt><trkpt lat="45.69062" lon="6.69039"><ele>1975.80</ele><time>2025-07-19T11:59:30+00:00</time></trkpt><trkpt lat="45.69072" lon="6.69040"><ele>1975.34</ele><time>2025-07-19T11:59:34+00:00</time></trkpt><trkpt lat="45.69080" lon="6.69014"><ele>1974.15</ele><time>2025-07-19T11:59:40+00:00</time></trkpt><trkpt lat="45.69088" lon="6.69009"><ele>1973.62</ele><time>2025-07-19T11:59:43+00:00</time></trkpt><trkpt lat="45.69090" lon="6.69005"><ele>1973.09</ele><time>2025-07-19T11:59:44+00:00</time></trkpt><trkpt lat="45.69108" lon="6.68995"><ele>1971.34</ele><time>2025-07-19T11:59:50+00:00</time></trkpt><trkpt lat="45.69116" lon="6.69059"><ele>1969.29</ele><time>2025-07-19T12:00:06+00:00</time></trkpt><trkpt lat="45.69132" lon="6.69062"><ele>1969.23</ele><time>2025-07-19T12:00:13+00:00</time></trkpt><trkpt lat="45.69203" lon="6.69158"><ele>1965.84</ele><time>2025-07-19T12:00:48+00:00</time></trkpt><trkpt lat="45.69220" lon="6.69169"><ele>1966.36</ele><time>2025-07-19T12:00:56+00:00</time></trkpt><trkpt lat="45.69249" lon="6.69177"><ele>1967.58</ele><time>2025-07-19T12:01:10+00:00</time></trkpt><trkpt lat="45.69293" lon="6.69177"><ele>1969.26</ele><time>2025-07-19T12:01:30+00:00</time></trkpt><trkpt lat="45.69313" lon="6.69172"><ele>1969.87</ele><time>2025-07-19T12:01:39+00:00</time></trkpt><trkpt lat="45.69326" lon="6.69174"><ele>1970.43</ele><time>2025-07-19T12:01:45+00:00</time></trkpt><trkpt lat="45.69361" lon="6.69194"><ele>1971.81</ele><time>2025-07-19T12:02:02+00:00</time></trkpt><trkpt lat="45.69375" lon="6.69217"><ele>1972.45</ele><time>2025-07-19T12:02:11+00:00</time></trkpt><trkpt lat="45.69441" lon="6.69293"><ele>1977.87</ele><time>2025-07-19T12:02:53+00:00</time></trkpt><trkpt lat="45.69479" lon="6.69359"><ele>1983.65</ele><time>2025-07-19T12:03:26+00:00</time></trkpt><trkpt lat="45.69506" lon="6.69377"><ele>1984.13</ele><time>2025-07-19T12:03:39+00:00</time></trkpt><trkpt lat="45.69533" lon="6.69377"><ele>1984.95</ele><time>2025-07-19T12:03:50+00:00</time></trkpt><trkpt lat="45.69568" lon="6.69362"><ele>1985.94</ele><time>2025-07-19T12:04:06+00:00</time></trkpt><trkpt lat="45.69589" lon="6.69344"><ele>1986.90</ele><time>2025-07-19T12:04:18+00:00</time></trkpt><trkpt lat="45.69615" lon="6.69333"><ele>1987.41</ele><time>2025-07-19T12:04:29+00:00</time></trkpt><trkpt lat="45.69626" lon="6.69334"><ele>1987.50</ele><time>2025-07-19T12:04:34+00:00</time></trkpt><trkpt lat="45.69644" lon="6.69345"><ele>1987.64</ele><time>2025-07-19T12:04:42+00:00</time></trkpt><trkpt lat="45.69668" lon="6.69343"><ele>1987.74</ele><time>2025-07-19T12:04:51+00:00</time></trkpt><trkpt lat="45.69727" lon="6.69360"><ele>1990.32</ele><time>2025-07-19T12:05:19+00:00</time></trkpt><trkpt lat="45.69755" lon="6.69378"><ele>1991.10</ele><time>2025-07-19T12:05:32+00:00</time></trkpt><trkpt lat="45.69781" lon="6.69404"><ele>1992.56</ele><time>2025-07-19T12:05:47+00:00</time></trkpt><trkpt lat="45.69804" lon="6.69433"><ele>1994.03</ele><time>2025-07-19T12:06:01+00:00</time></trkpt><trkpt lat="45.69831" lon="6.69437"><ele>1994.37</ele><time>2025-07-19T12:06:13+00:00</time></trkpt><trkpt lat="45.69839" lon="6.69431"><ele>1994.20</ele><time>2025-07-19T12:06:16+00:00</time></trkpt><trkpt lat="45.69845" lon="6.69421"><ele>1994.20</ele><time>2025-07-19T12:06:20+00:00</time></trkpt><trkpt lat="45.69841" lon="6.69370"><ele>1994.08</ele><time>2025-07-19T12:06:34+00:00</time></trkpt><trkpt lat="45.69833" lon="6.69334"><ele>1994.71</ele><time>2025-07-19T12:06:45+00:00</time></trkpt><trkpt lat="45.69828" lon="6.69276"><ele>1996.56</ele><time>2025-07-19T12:07:04+00:00</time></trkpt><trkpt lat="45.69832" lon="6.69259"><ele>1997.17</ele><time>2025-07-19T12:07:10+00:00</time></trkpt><trkpt lat="45.69836" lon="6.69252"><ele>1997.17</ele><time>2025-07-19T12:07:13+00:00</time></trkpt><trkpt lat="45.69856" lon="6.69255"><ele>1997.15</ele><time>2025-07-19T12:07:21+00:00</time></trkpt><trkpt lat="45.69876" lon="6.69230"><ele>1995.65</ele><time>2025-07-19T12:07:30+00:00</time></trkpt><trkpt lat="45.69893" lon="6.69198"><ele>1990.42</ele><time>2025-07-19T12:07:38+00:00</time></trkpt><trkpt lat="45.69899" lon="6.69165"><ele>1987.26</ele><time>2025-07-19T12:07:45+00:00</time></trkpt><trkpt lat="45.69903" lon="6.69159"><ele>1987.26</ele><time>2025-07-19T12:07:48+00:00</time></trkpt><trkpt lat="45.69914" lon="6.69162"><ele>1986.09</ele><time>2025-07-19T12:07:51+00:00</time></trkpt><trkpt lat="45.69929" lon="6.69170"><ele>1983.73</ele><time>2025-07-19T12:07:56+00:00</time></trkpt><trkpt lat="45.69935" lon="6.69164"><ele>1983.73</ele><time>2025-07-19T12:07:59+00:00</time></trkpt><trkpt lat="45.69942" lon="6.69142"><ele>1979.93</ele><time>2025-07-19T12:08:04+00:00</time></trkpt><trkpt lat="45.69939" lon="6.69130"><ele>1976.73</ele><time>2025-07-19T12:08:08+00:00</time></trkpt><trkpt lat="45.69946" lon="6.69084"><ele>1970.47</ele><time>2025-07-19T12:08:18+00:00</time></trkpt><trkpt lat="45.69944" lon="6.69072"><ele>1968.11</ele><time>2025-07-19T12:08:21+00:00</time></trkpt><trkpt lat="45.69945" lon="6.69034"><ele>1966.58</ele><time>2025-07-19T12:08:30+00:00</time></trkpt><trkpt lat="45.69943" lon="6.69025"><ele>1965.96</ele><time>2025-07-19T12:08:33+00:00</time></trkpt><trkpt lat="45.69934" lon="6.69021"><ele>1965.26</ele><time>2025-07-19T12:08:36+00:00</time></trkpt><trkpt lat="45.69916" lon="6.68984"><ele>1962.50</ele><time>2025-07-19T12:08:46+00:00</time></trkpt><trkpt lat="45.69912" lon="6.68935"><ele>1956.65</ele><time>2025-07-19T12:08:56+00:00</time></trkpt><trkpt lat="45.69896" lon="6.68923"><ele>1953.48</ele><time>2025-07-19T12:09:01+00:00</time></trkpt><trkpt lat="45.69885" lon="6.68903"><ele>1953.48</ele><time>2025-07-19T12:09:08+00:00</time></trkpt><trkpt lat="45.69884" lon="6.68886"><ele>1950.23</ele><time>2025-07-19T12:09:13+00:00</time></trkpt><trkpt lat="45.69857" lon="6.68835"><ele>1943.84</ele><time>2025-07-19T12:09:26+00:00</time></trkpt><trkpt lat="45.69856" lon="6.68805"><ele>1936.07</ele><time>2025-07-19T12:09:37+00:00</time></trkpt><trkpt lat="45.69865" lon="6.68761"><ele>1926.37</ele><time>2025-07-19T12:09:49+00:00</time></trkpt><trkpt lat="45.69861" lon="6.68732"><ele>1923.62</ele><time>2025-07-19T12:09:56+00:00</time></trkpt><trkpt lat="45.69865" lon="6.68721"><ele>1921.55</ele><time>2025-07-19T12:09:58+00:00</time></trkpt><trkpt lat="45.69863" lon="6.68701"><ele>1921.55</ele><time>2025-07-19T12:10:04+00:00</time></trkpt><trkpt lat="45.69854" lon="6.68670"><ele>1913.49</ele><time>2025-07-19T12:10:15+00:00</time></trkpt><trkpt lat="45.69853" lon="6.68627"><ele>1906.27</ele><time>2025-07-19T12:10:25+00:00</time></trkpt><trkpt lat="45.69849" lon="6.68616"><ele>1904.09</ele><time>2025-07-19T12:10:27+00:00</time></trkpt><trkpt lat="45.69845" lon="6.68573"><ele>1900.95</ele><time>2025-07-19T12:10:37+00:00</time></trkpt><trkpt lat="45.69851" lon="6.68566"><ele>1900.03</ele><time>2025-07-19T12:10:39+00:00</time></trkpt><trkpt lat="45.69859" lon="6.68565"><ele>1899.50</ele><time>2025-07-19T12:10:42+00:00</time></trkpt><trkpt lat="45.69866" lon="6.68570"><ele>1898.31</ele><time>2025-07-19T12:10:44+00:00</time></trkpt><trkpt lat="45.69882" lon="6.68589"><ele>1897.95</ele><time>2025-07-19T12:10:52+00:00</time></trkpt><trkpt lat="45.69892" lon="6.68584"><ele>1896.84</ele><time>2025-07-19T12:10:55+00:00</time></trkpt><trkpt lat="45.69897" lon="6.68565"><ele>1896.35</ele><time>2025-07-19T12:11:01+00:00</time></trkpt><trkpt lat="45.69907" lon="6.68549"><ele>1896.08</ele><time>2025-07-19T12:11:06+00:00</time></trkpt><trkpt lat="45.69902" lon="6.68529"><ele>1895.81</ele><time>2025-07-19T12:11:12+00:00</time></trkpt><trkpt lat="45.69902" lon="6.68519"><ele>1896.31</ele><time>2025-07-19T12:11:15+00:00</time></trkpt><trkpt lat="45.69914" lon="6.68460"><ele>1898.87</ele><time>2025-07-19T12:11:36+00:00</time></trkpt><trkpt lat="45.69915" lon="6.68438"><ele>1899.82</ele><time>2025-07-19T12:11:44+00:00</time></trkpt><trkpt lat="45.69915" lon="6.68405"><ele>1900.48</ele><time>2025-07-19T12:11:54+00:00</time></trkpt><trkpt lat="45.69907" lon="6.68349"><ele>1901.68</ele><time>2025-07-19T12:12:12+00:00</time></trkpt><trkpt lat="45.69903" lon="6.68279"><ele>1907.75</ele><time>2025-07-19T12:12:42+00:00</time></trkpt><trkpt lat="45.69884" lon="6.68155"><ele>1916.99</ele><time>2025-07-19T12:13:32+00:00</time></trkpt><trkpt lat="45.69885" lon="6.68140"><ele>1916.99</ele><time>2025-07-19T12:13:36+00:00</time></trkpt><trkpt lat="45.69890" lon="6.68130"><ele>1916.99</ele><time>2025-07-19T12:13:40+00:00</time></trkpt><trkpt lat="45.69947" lon="6.68084"><ele>1925.43</ele><time>2025-07-19T12:14:20+00:00</time></trkpt><trkpt lat="45.69964" lon="6.68062"><ele>1928.53</ele><time>2025-07-19T12:14:35+00:00</time></trkpt><trkpt lat="45.69984" lon="6.68042"><ele>1931.71</ele><time>2025-07-19T12:14:50+00:00</time></trkpt><trkpt lat="45.69989" lon="6.68030"><ele>1934.47</ele><time>2025-07-19T12:15:01+00:00</time></trkpt><trkpt lat="45.69995" lon="6.68003"><ele>1938.20</ele><time>2025-07-19T12:15:16+00:00</time></trkpt><trkpt lat="45.70007" lon="6.68020"><ele>1942.10</ele><time>2025-07-19T12:15:31+00:00</time></trkpt><trkpt lat="45.70005" lon="6.68025"><ele>1942.10</ele><time>2025-07-19T12:15:33+00:00</time></trkpt><trkpt lat="45.70011" lon="6.68042"><ele>1945.24</ele><time>2025-07-19T12:15:45+00:00</time></trkpt><trkpt lat="45.70021" lon="6.68048"><ele>1946.19</ele><time>2025-07-19T12:15:51+00:00</time></trkpt><trkpt lat="45.70022" lon="6.68052"><ele>1948.02</ele><time>2025-07-19T12:16:01+00:00</time></trkpt><trkpt lat="45.70025" lon="6.68051"><ele>1948.02</ele><time>2025-07-19T12:16:02+00:00</time></trkpt><trkpt lat="45.70027" lon="6.68056"><ele>1948.93</ele><time>2025-07-19T12:16:05+00:00</time></trkpt><trkpt lat="45.70041" lon="6.68069"><ele>1952.34</ele><time>2025-07-19T12:16:19+00:00</time></trkpt><trkpt lat="45.70045" lon="6.68068"><ele>1953.05</ele><time>2025-07-19T12:16:22+00:00</time></trkpt><trkpt lat="45.70056" lon="6.68082"><ele>1954.73</ele><time>2025-07-19T12:16:31+00:00</time></trkpt><trkpt lat="45.70056" lon="6.68085"><ele>1955.57</ele><time>2025-07-19T12:16:34+00:00</time></trkpt><trkpt lat="45.70048" lon="6.68089"><ele>1957.31</ele><time>2025-07-19T12:16:41+00:00</time></trkpt><trkpt lat="45.70048" lon="6.68102"><ele>1958.32</ele><time>2025-07-19T12:16:46+00:00</time></trkpt><trkpt lat="45.70052" lon="6.68107"><ele>1958.32</ele><time>2025-07-19T12:16:49+00:00</time></trkpt><trkpt lat="45.70054" lon="6.68103"><ele>1959.03</ele><time>2025-07-19T12:16:51+00:00</time></trkpt><trkpt lat="45.70058" lon="6.68103"><ele>1962.23</ele><time>2025-07-19T12:17:16+00:00</time></trkpt><trkpt lat="45.70089" lon="6.68148"><ele>1978.83</ele><time>2025-07-19T12:18:21+00:00</time></trkpt><trkpt lat="45.70101" lon="6.68156"><ele>1981.94</ele><time>2025-07-19T12:18:33+00:00</time></trkpt><trkpt lat="45.70117" lon="6.68144"><ele>1983.10</ele><time>2025-07-19T12:18:42+00:00</time></trkpt><trkpt lat="45.70119" lon="6.68146"><ele>1983.10</ele><time>2025-07-19T12:18:43+00:00</time></trkpt><trkpt lat="45.70117" lon="6.68144"><ele>1983.10</ele><time>2025-07-19T12:18:44+00:00</time></trkpt><trkpt lat="45.70105" lon="6.68153"><ele>1984.62</ele><time>2025-07-19T12:18:52+00:00</time></trkpt><trkpt lat="45.70117" lon="6.68144"><ele>1987.48</ele><time>2025-07-19T12:19:04+00:00</time></trkpt><trkpt lat="45.70127" lon="6.68151"><ele>1988.66</ele><time>2025-07-19T12:19:10+00:00</time></trkpt><trkpt lat="45.70135" lon="6.68171"><ele>1994.04</ele><time>2025-07-19T12:19:31+00:00</time></trkpt><trkpt lat="45.70141" lon="6.68171"><ele>1996.52</ele><time>2025-07-19T12:19:41+00:00</time></trkpt><trkpt lat="45.70152" lon="6.68179"><ele>1999.50</ele><time>2025-07-19T12:19:52+00:00</time></trkpt><trkpt lat="45.70155" lon="6.68178"><ele>2000.72</ele><time>2025-07-19T12:19:57+00:00</time></trkpt><trkpt lat="45.70165" lon="6.68184"><ele>2003.03</ele><time>2025-07-19T12:20:06+00:00</time></trkpt><trkpt lat="45.70162" lon="6.68201"><ele>2004.90</ele><time>2025-07-19T12:20:15+00:00</time></trkpt><trkpt lat="45.70166" lon="6.68206"><ele>2006.03</ele><time>2025-07-19T12:20:19+00:00</time></trkpt><trkpt lat="45.70170" lon="6.68207"><ele>2008.23</ele><time>2025-07-19T12:20:30+00:00</time></trkpt><trkpt lat="45.70168" lon="6.68210"><ele>2008.23</ele><time>2025-07-19T12:20:31+00:00</time></trkpt><trkpt lat="45.70172" lon="6.68211"><ele>2008.23</ele><time>2025-07-19T12:20:32+00:00</time></trkpt><trkpt lat="45.70172" lon="6.68232"><ele>2011.50</ele><time>2025-07-19T12:20:45+00:00</time></trkpt><trkpt lat="45.70168" lon="6.68236"><ele>2013.85</ele><time>2025-07-19T12:20:56+00:00</time></trkpt><trkpt lat="45.70168" lon="6.68241"><ele>2013.85</ele><time>2025-07-19T12:20:57+00:00</time></trkpt><trkpt lat="45.70181" lon="6.68239"><ele>2018.56</ele><time>2025-07-19T12:21:15+00:00</time></trkpt><trkpt lat="45.70191" lon="6.68246"><ele>2022.35</ele><time>2025-07-19T12:21:30+00:00</time></trkpt><trkpt lat="45.70201" lon="6.68264"><ele>2025.86</ele><time>2025-07-19T12:21:44+00:00</time></trkpt><trkpt lat="45.70202" lon="6.68275"><ele>2029.40</ele><time>2025-07-19T12:21:59+00:00</time></trkpt><trkpt lat="45.70211" lon="6.68273"><ele>2029.40</ele><time>2025-07-19T12:22:03+00:00</time></trkpt><trkpt lat="45.70233" lon="6.68288"><ele>2039.69</ele><time>2025-07-19T12:22:45+00:00</time></trkpt><trkpt lat="45.70254" lon="6.68277"><ele>2052.00</ele><time>2025-07-19T12:23:45+00:00</time></trkpt><trkpt lat="45.70277" lon="6.68285"><ele>2056.55</ele><time>2025-07-19T12:24:04+00:00</time></trkpt><trkpt lat="45.70286" lon="6.68282"><ele>2061.27</ele><time>2025-07-19T12:24:25+00:00</time></trkpt><trkpt lat="45.70293" lon="6.68312"><ele>2065.85</ele><time>2025-07-19T12:24:44+00:00</time></trkpt><trkpt lat="45.70299" lon="6.68314"><ele>2065.85</ele><time>2025-07-19T12:24:46+00:00</time></trkpt><trkpt lat="45.70301" lon="6.68301"><ele>2069.14</ele><time>2025-07-19T12:24:59+00:00</time></trkpt><trkpt lat="45.70308" lon="6.68286"><ele>2072.24</ele><time>2025-07-19T12:25:11+00:00</time></trkpt><trkpt lat="45.70314" lon="6.68283"><ele>2072.24</ele><time>2025-07-19T12:25:13+00:00</time></trkpt><trkpt lat="45.70319" lon="6.68311"><ele>2078.82</ele><time>2025-07-19T12:25:39+00:00</time></trkpt><trkpt lat="45.70332" lon="6.68332"><ele>2082.35</ele><time>2025-07-19T12:25:53+00:00</time></trkpt><trkpt lat="45.70333" lon="6.68321"><ele>2088.57</ele><time>2025-07-19T12:26:40+00:00</time></trkpt><trkpt lat="45.70343" lon="6.68300"><ele>2090.75</ele><time>2025-07-19T12:26:51+00:00</time></trkpt><trkpt lat="45.70346" lon="6.68298"><ele>2094.67</ele><time>2025-07-19T12:27:55+00:00</time></trkpt><trkpt lat="45.70356" lon="6.68327"><ele>2101.05</ele><time>2025-07-19T12:28:19+00:00</time></trkpt><trkpt lat="45.70369" lon="6.68332"><ele>2104.78</ele><time>2025-07-19T12:28:33+00:00</time></trkpt><trkpt lat="45.70377" lon="6.68340"><ele>2107.34</ele><time>2025-07-19T12:28:43+00:00</time></trkpt><trkpt lat="45.70382" lon="6.68341"><ele>2109.60</ele><time>2025-07-19T12:28:53+00:00</time></trkpt><trkpt lat="45.70388" lon="6.68350"><ele>2110.45</ele><time>2025-07-19T12:28:58+00:00</time></trkpt><trkpt lat="45.70394" lon="6.68350"><ele>2111.30</ele><time>2025-07-19T12:29:01+00:00</time></trkpt><trkpt lat="45.70397" lon="6.68339"><ele>2113.27</ele><time>2025-07-19T12:29:09+00:00</time></trkpt><trkpt lat="45.70395" lon="6.68328"><ele>2114.11</ele><time>2025-07-19T12:29:14+00:00</time></trkpt><trkpt lat="45.70400" lon="6.68328"><ele>2115.80</ele><time>2025-07-19T12:29:20+00:00</time></trkpt><trkpt lat="45.70403" lon="6.68338"><ele>2116.59</ele><time>2025-07-19T12:29:24+00:00</time></trkpt><trkpt lat="45.70410" lon="6.68340"><ele>2119.10</ele><time>2025-07-19T12:29:34+00:00</time></trkpt><trkpt lat="45.70408" lon="6.68330"><ele>2120.67</ele><time>2025-07-19T12:29:40+00:00</time></trkpt><trkpt lat="45.70413" lon="6.68320"><ele>2123.02</ele><time>2025-07-19T12:29:49+00:00</time></trkpt><trkpt lat="45.70416" lon="6.68324"><ele>2123.83</ele><time>2025-07-19T12:29:53+00:00</time></trkpt><trkpt lat="45.70427" lon="6.68328"><ele>2125.46</ele><time>2025-07-19T12:30:00+00:00</time></trkpt><trkpt lat="45.70425" lon="6.68314"><ele>2128.49</ele><time>2025-07-19T12:30:12+00:00</time></trkpt><trkpt lat="45.70427" lon="6.68309"><ele>2128.49</ele><time>2025-07-19T12:30:13+00:00</time></trkpt><trkpt lat="45.70430" lon="6.68308"><ele>2129.29</ele><time>2025-07-19T12:30:16+00:00</time></trkpt><trkpt lat="45.70434" lon="6.68317"><ele>2130.83</ele><time>2025-07-19T12:30:22+00:00</time></trkpt><trkpt lat="45.70438" lon="6.68312"><ele>2130.83</ele><time>2025-07-19T12:30:25+00:00</time></trkpt><trkpt lat="45.70438" lon="6.68293"><ele>2133.07</ele><time>2025-07-19T12:30:34+00:00</time></trkpt><trkpt lat="45.70441" lon="6.68291"><ele>2133.79</ele><time>2025-07-19T12:30:37+00:00</time></trkpt><trkpt lat="45.70444" lon="6.68300"><ele>2133.79</ele><time>2025-07-19T12:30:40+00:00</time></trkpt><trkpt lat="45.70453" lon="6.68282"><ele>2137.34</ele><time>2025-07-19T12:30:53+00:00</time></trkpt><trkpt lat="45.70467" lon="6.68274"><ele>2139.13</ele><time>2025-07-19T12:31:03+00:00</time></trkpt><trkpt lat="45.70486" lon="6.68285"><ele>2146.55</ele><time>2025-07-19T12:31:32+00:00</time></trkpt><trkpt lat="45.70516" lon="6.68273"><ele>2156.09</ele><time>2025-07-19T12:32:08+00:00</time></trkpt><trkpt lat="45.70547" lon="6.68280"><ele>2163.12</ele><time>2025-07-19T12:32:35+00:00</time></trkpt><trkpt lat="45.70577" lon="6.68305"><ele>2170.20</ele><time>2025-07-19T12:33:04+00:00</time></trkpt><trkpt lat="45.70606" lon="6.68321"><ele>2174.53</ele><time>2025-07-19T12:33:24+00:00</time></trkpt><trkpt lat="45.70617" lon="6.68316"><ele>2174.53</ele><time>2025-07-19T12:33:28+00:00</time></trkpt><trkpt lat="45.70627" lon="6.68323"><ele>2175.68</ele><time>2025-07-19T12:33:35+00:00</time></trkpt><trkpt lat="45.70631" lon="6.68342"><ele>2177.43</ele><time>2025-07-19T12:33:43+00:00</time></trkpt><trkpt lat="45.70663" lon="6.68370"><ele>2184.39</ele><time>2025-07-19T12:34:12+00:00</time></trkpt><trkpt lat="45.70685" lon="6.68403"><ele>2190.41</ele><time>2025-07-19T12:34:36+00:00</time></trkpt><trkpt lat="45.70684" lon="6.68424"><ele>2193.65</ele><time>2025-07-19T12:34:49+00:00</time></trkpt><trkpt lat="45.70687" lon="6.68440"><ele>2193.65</ele><time>2025-07-19T12:34:54+00:00</time></trkpt><trkpt lat="45.70703" lon="6.68476"><ele>2197.42</ele><time>2025-07-19T12:35:12+00:00</time></trkpt><trkpt lat="45.70706" lon="6.68500"><ele>2201.01</ele><time>2025-07-19T12:35:26+00:00</time></trkpt><trkpt lat="45.70717" lon="6.68515"><ele>2201.78</ele><time>2025-07-19T12:35:34+00:00</time></trkpt><trkpt lat="45.70737" lon="6.68532"><ele>2202.88</ele><time>2025-07-19T12:35:44+00:00</time></trkpt><trkpt lat="45.70753" lon="6.68550"><ele>2203.53</ele><time>2025-07-19T12:35:53+00:00</time></trkpt><trkpt lat="45.70808" lon="6.68617"><ele>2223.02</ele><time>2025-07-19T12:37:08+00:00</time></trkpt><trkpt lat="45.70817" lon="6.68647"><ele>2225.42</ele><time>2025-07-19T12:37:21+00:00</time></trkpt><trkpt lat="45.70848" lon="6.68684"><ele>2230.45</ele><time>2025-07-19T12:37:46+00:00</time></trkpt><trkpt lat="45.70852" lon="6.68700"><ele>2232.37</ele><time>2025-07-19T12:37:54+00:00</time></trkpt><trkpt lat="45.70867" lon="6.68735"><ele>2234.33</ele><time>2025-07-19T12:38:08+00:00</time></trkpt><trkpt lat="45.70882" lon="6.68759"><ele>2239.88</ele><time>2025-07-19T12:38:30+00:00</time></trkpt><trkpt lat="45.70897" lon="6.68797"><ele>2245.65</ele><time>2025-07-19T12:38:53+00:00</time></trkpt><trkpt lat="45.70915" lon="6.68812"><ele>2250.40</ele><time>2025-07-19T12:39:12+00:00</time></trkpt><trkpt lat="45.70929" lon="6.68857"><ele>2253.00</ele><time>2025-07-19T12:39:29+00:00</time></trkpt><trkpt lat="45.70968" lon="6.68903"><ele>2267.55</ele><time>2025-07-19T12:40:25+00:00</time></trkpt><trkpt lat="45.70960" lon="6.68943"><ele>2269.58</ele><time>2025-07-19T12:40:39+00:00</time></trkpt><trkpt lat="45.70965" lon="6.68975"><ele>2271.59</ele><time>2025-07-19T12:40:52+00:00</time></trkpt><trkpt lat="45.70975" lon="6.68986"><ele>2272.02</ele><time>2025-07-19T12:40:57+00:00</time></trkpt><trkpt lat="45.70991" lon="6.68990"><ele>2272.68</ele><time>2025-07-19T12:41:05+00:00</time></trkpt><trkpt lat="45.70998" lon="6.68996"><ele>2272.68</ele><time>2025-07-19T12:41:08+00:00</time></trkpt><trkpt lat="45.71004" lon="6.69007"><ele>2273.93</ele><time>2025-07-19T12:41:14+00:00</time></trkpt><trkpt lat="45.71007" lon="6.69064"><ele>2277.78</ele><time>2025-07-19T12:41:36+00:00</time></trkpt><trkpt lat="45.70991" lon="6.69122"><ele>2281.87</ele><time>2025-07-19T12:42:00+00:00</time></trkpt><trkpt lat="45.70981" lon="6.69134"><ele>2283.30</ele><time>2025-07-19T12:42:08+00:00</time></trkpt><trkpt lat="45.70983" lon="6.69150"><ele>2283.30</ele><time>2025-07-19T12:42:12+00:00</time></trkpt><trkpt lat="45.70995" lon="6.69164"><ele>2283.30</ele><time>2025-07-19T12:42:19+00:00</time></trkpt><trkpt lat="45.70997" lon="6.69183"><ele>2284.29</ele><time>2025-07-19T12:42:25+00:00</time></trkpt><trkpt lat="45.71016" lon="6.69232"><ele>2285.63</ele><time>2025-07-19T12:42:43+00:00</time></trkpt><trkpt lat="45.71048" lon="6.69287"><ele>2296.86</ele><time>2025-07-19T12:43:27+00:00</time></trkpt><trkpt lat="45.71081" lon="6.69297"><ele>2297.55</ele><time>2025-07-19T12:43:41+00:00</time></trkpt><trkpt lat="45.71099" lon="6.69322"><ele>2298.78</ele><time>2025-07-19T12:43:53+00:00</time></trkpt><trkpt lat="45.71112" lon="6.69347"><ele>2299.47</ele><time>2025-07-19T12:44:03+00:00</time></trkpt><trkpt lat="45.71152" lon="6.69393"><ele>2305.68</ele><time>2025-07-19T12:44:34+00:00</time></trkpt><trkpt lat="45.71163" lon="6.69411"><ele>2305.97</ele><time>2025-07-19T12:44:41+00:00</time></trkpt><trkpt lat="45.71169" lon="6.69427"><ele>2306.31</ele><time>2025-07-19T12:44:46+00:00</time></trkpt><trkpt lat="45.71169" lon="6.69437"><ele>2306.31</ele><time>2025-07-19T12:44:49+00:00</time></trkpt><trkpt lat="45.71149" lon="6.69446"><ele>2306.62</ele><time>2025-07-19T12:44:58+00:00</time></trkpt><trkpt lat="45.71141" lon="6.69459"><ele>2306.89</ele><time>2025-07-19T12:45:03+00:00</time></trkpt><trkpt lat="45.71100" lon="6.69497"><ele>2318.10</ele><time>2025-07-19T12:45:47+00:00</time></trkpt><trkpt lat="45.71096" lon="6.69511"><ele>2319.28</ele><time>2025-07-19T12:45:53+00:00</time></trkpt><trkpt lat="45.71072" lon="6.69507"><ele>2319.28</ele><time>2025-07-19T12:46:02+00:00</time></trkpt><trkpt lat="45.71056" lon="6.69515"><ele>2322.96</ele><time>2025-07-19T12:46:17+00:00</time></trkpt><trkpt lat="45.71025" lon="6.69520"><ele>2327.78</ele><time>2025-07-19T12:46:38+00:00</time></trkpt><trkpt lat="45.71016" lon="6.69530"><ele>2327.78</ele><time>2025-07-19T12:46:43+00:00</time></trkpt><trkpt lat="45.71012" lon="6.69554"><ele>2330.31</ele><time>2025-07-19T12:46:54+00:00</time></trkpt><trkpt lat="45.70998" lon="6.69561"><ele>2330.31</ele><time>2025-07-19T12:47:00+00:00</time></trkpt><trkpt lat="45.70975" lon="6.69551"><ele>2338.32</ele><time>2025-07-19T12:47:31+00:00</time></trkpt><trkpt lat="45.70953" lon="6.69547"><ele>2346.69</ele><time>2025-07-19T12:48:04+00:00</time></trkpt><trkpt lat="45.70946" lon="6.69552"><ele>2346.69</ele><time>2025-07-19T12:48:07+00:00</time></trkpt><trkpt lat="45.70957" lon="6.69559"><ele>2352.19</ele><time>2025-07-19T12:48:31+00:00</time></trkpt><trkpt lat="45.70971" lon="6.69581"><ele>2357.61</ele><time>2025-07-19T12:48:52+00:00</time></trkpt><trkpt lat="45.70968" lon="6.69586"><ele>2358.50</ele><time>2025-07-19T12:48:55+00:00</time></trkpt><trkpt lat="45.70968" lon="6.69601"><ele>2363.03</ele><time>2025-07-19T12:49:14+00:00</time></trkpt><trkpt lat="45.70963" lon="6.69598"><ele>2363.60</ele><time>2025-07-19T12:49:17+00:00</time></trkpt><trkpt lat="45.70964" lon="6.69603"><ele>2363.60</ele><time>2025-07-19T12:49:19+00:00</time></trkpt><trkpt lat="45.70958" lon="6.69600"><ele>2365.43</ele><time>2025-07-19T12:49:26+00:00</time></trkpt><trkpt lat="45.70959" lon="6.69604"><ele>2365.43</ele><time>2025-07-19T12:49:27+00:00</time></trkpt><trkpt lat="45.70948" lon="6.69608"><ele>2366.06</ele><time>2025-07-19T12:49:32+00:00</time></trkpt><trkpt lat="45.70948" lon="6.69611"><ele>2366.92</ele><time>2025-07-19T12:49:36+00:00</time></trkpt><trkpt lat="45.70944" lon="6.69613"><ele>2367.82</ele><time>2025-07-19T12:49:39+00:00</time></trkpt><trkpt lat="45.70948" lon="6.69621"><ele>2367.82</ele><time>2025-07-19T12:49:42+00:00</time></trkpt><trkpt lat="45.70946" lon="6.69630"><ele>2368.31</ele><time>2025-07-19T12:49:45+00:00</time></trkpt><trkpt lat="45.70948" lon="6.69642"><ele>2370.11</ele><time>2025-07-19T12:49:53+00:00</time></trkpt><trkpt lat="45.70947" lon="6.69663"><ele>2371.70</ele><time>2025-07-19T12:50:01+00:00</time></trkpt><trkpt lat="45.70950" lon="6.69704"><ele>2377.47</ele><time>2025-07-19T12:50:24+00:00</time></trkpt><trkpt lat="45.70953" lon="6.69711"><ele>2378.30</ele><time>2025-07-19T12:50:28+00:00</time></trkpt><trkpt lat="45.70952" lon="6.69740"><ele>2381.06</ele><time>2025-07-19T12:50:41+00:00</time></trkpt><trkpt lat="45.70944" lon="6.69753"><ele>2382.76</ele><time>2025-07-19T12:50:49+00:00</time></trkpt><trkpt lat="45.70946" lon="6.69761"><ele>2384.27</ele><time>2025-07-19T12:50:55+00:00</time></trkpt><trkpt lat="45.70943" lon="6.69779"><ele>2390.10</ele><time>2025-07-19T12:51:19+00:00</time></trkpt><trkpt lat="45.70943" lon="6.69812"><ele>2391.55</ele><time>2025-07-19T12:51:31+00:00</time></trkpt><trkpt lat="45.70946" lon="6.69823"><ele>2393.10</ele><time>2025-07-19T12:51:37+00:00</time></trkpt><trkpt lat="45.70943" lon="6.69834"><ele>2394.81</ele><time>2025-07-19T12:51:44+00:00</time></trkpt><trkpt lat="45.70946" lon="6.69834"><ele>2394.81</ele><time>2025-07-19T12:51:45+00:00</time></trkpt><trkpt lat="45.70947" lon="6.69839"><ele>2394.81</ele><time>2025-07-19T12:51:47+00:00</time></trkpt><trkpt lat="45.70928" lon="6.69936"><ele>2422.06</ele><time>2025-07-19T12:53:35+00:00</time></trkpt><trkpt lat="45.70935" lon="6.69985"><ele>2422.06</ele><time>2025-07-19T12:53:49+00:00</time></trkpt><trkpt lat="45.70961" lon="6.70074"><ele>2413.90</ele><time>2025-07-19T12:54:10+00:00</time></trkpt><trkpt lat="45.70975" lon="6.70138"><ele>2416.05</ele><time>2025-07-19T12:54:32+00:00</time></trkpt><trkpt lat="45.70988" lon="6.70177"><ele>2420.33</ele><time>2025-07-19T12:54:51+00:00</time></trkpt><trkpt lat="45.70999" lon="6.70225"><ele>2425.21</ele><time>2025-07-19T12:55:14+00:00</time></trkpt><trkpt lat="45.70997" lon="6.70234"><ele>2425.21</ele><time>2025-07-19T12:55:17+00:00</time></trkpt><trkpt lat="45.71000" lon="6.70252"><ele>2426.57</ele><time>2025-07-19T12:55:24+00:00</time></trkpt><trkpt lat="45.71003" lon="6.70250"><ele>2428.31</ele><time>2025-07-19T12:55:32+00:00</time></trkpt><trkpt lat="45.71005" lon="6.70234"><ele>2428.31</ele><time>2025-07-19T12:55:37+00:00</time></trkpt><trkpt lat="45.71016" lon="6.70278"><ele>2434.82</ele><time>2025-07-19T12:56:03+00:00</time></trkpt><trkpt lat="45.71036" lon="6.70333"><ele>2441.00</ele><time>2025-07-19T12:56:31+00:00</time></trkpt><trkpt lat="45.71055" lon="6.70402"><ele>2467.26</ele><time>2025-07-19T12:58:31+00:00</time></trkpt><trkpt lat="45.71069" lon="6.70442"><ele>2470.13</ele><time>2025-07-19T12:58:48+00:00</time></trkpt><trkpt lat="45.71087" lon="6.70474"><ele>2474.28</ele><time>2025-07-19T12:59:07+00:00</time></trkpt><trkpt lat="45.71111" lon="6.70530"><ele>2477.10</ele><time>2025-07-19T12:59:30+00:00</time></trkpt><trkpt lat="45.71155" lon="6.70661"><ele>2500.58</ele><time>2025-07-19T13:01:01+00:00</time></trkpt><trkpt lat="45.71180" lon="6.70716"><ele>2503.08</ele><time>2025-07-19T13:01:23+00:00</time></trkpt><trkpt lat="45.71206" lon="6.70753"><ele>2506.92</ele><time>2025-07-19T13:01:44+00:00</time></trkpt><trkpt lat="45.71223" lon="6.70772"><ele>2509.27</ele><time>2025-07-19T13:01:56+00:00</time></trkpt><trkpt lat="45.71251" lon="6.70859"><ele>2522.53</ele><time>2025-07-19T13:02:50+00:00</time></trkpt><trkpt lat="45.71262" lon="6.70881"><ele>2522.53</ele><time>2025-07-19T13:02:57+00:00</time></trkpt><trkpt lat="45.71269" lon="6.70889"><ele>2522.53</ele><time>2025-07-19T13:03:01+00:00</time></trkpt><trkpt lat="45.71349" lon="6.70939"><ele>2522.72</ele><time>2025-07-19T13:03:36+00:00</time></trkpt><trkpt lat="45.71388" lon="6.70982"><ele>2521.93</ele><time>2025-07-19T13:03:55+00:00</time></trkpt><trkpt lat="45.71427" lon="6.71017"><ele>2520.18</ele><time>2025-07-19T13:04:11+00:00</time></trkpt><trkpt lat="45.71450" lon="6.71047"><ele>2515.75</ele><time>2025-07-19T13:04:20+00:00</time></trkpt><trkpt lat="45.71430" lon="6.71056"><ele>2513.85</ele><time>2025-07-19T13:04:27+00:00</time></trkpt><trkpt lat="45.71446" lon="6.71057"><ele>2513.33</ele><time>2025-07-19T13:04:33+00:00</time></trkpt><trkpt lat="45.71454" lon="6.71063"><ele>2513.33</ele><time>2025-07-19T13:04:36+00:00</time></trkpt><trkpt lat="45.71461" lon="6.71063"><ele>2512.77</ele><time>2025-07-19T13:04:39+00:00</time></trkpt><trkpt lat="45.71470" lon="6.71069"><ele>2512.77</ele><time>2025-07-19T13:04:43+00:00</time></trkpt><trkpt lat="45.71475" lon="6.71066"><ele>2510.54</ele><time>2025-07-19T13:04:46+00:00</time></trkpt><trkpt lat="45.71518" lon="6.71084"><ele>2500.71</ele><time>2025-07-19T13:05:00+00:00</time></trkpt><trkpt lat="45.71524" lon="6.71084"><ele>2497.55</ele><time>2025-07-19T13:05:07+00:00</time></trkpt><trkpt lat="45.71548" lon="6.71103"><ele>2494.80</ele><time>2025-07-19T13:05:15+00:00</time></trkpt><trkpt lat="45.71568" lon="6.71113"><ele>2491.89</ele><time>2025-07-19T13:05:22+00:00</time></trkpt><trkpt lat="45.71587" lon="6.71128"><ele>2490.48</ele><time>2025-07-19T13:05:29+00:00</time></trkpt><trkpt lat="45.71607" lon="6.71152"><ele>2486.96</ele><time>2025-07-19T13:05:37+00:00</time></trkpt><trkpt lat="45.71627" lon="6.71169"><ele>2484.39</ele><time>2025-07-19T13:05:44+00:00</time></trkpt><trkpt lat="45.71656" lon="6.71182"><ele>2483.50</ele><time>2025-07-19T13:05:55+00:00</time></trkpt><trkpt lat="45.71668" lon="6.71195"><ele>2483.34</ele><time>2025-07-19T13:06:01+00:00</time></trkpt><trkpt lat="45.71676" lon="6.71215"><ele>2483.06</ele><time>2025-07-19T13:06:07+00:00</time></trkpt><trkpt lat="45.71682" lon="6.71243"><ele>2482.83</ele><time>2025-07-19T13:06:15+00:00</time></trkpt><trkpt lat="45.71722" lon="6.71325"><ele>2472.05</ele><time>2025-07-19T13:06:36+00:00</time></trkpt><trkpt lat="45.71734" lon="6.71342"><ele>2472.05</ele><time>2025-07-19T13:06:42+00:00</time></trkpt><trkpt lat="45.71745" lon="6.71349"><ele>2472.05</ele><time>2025-07-19T13:06:47+00:00</time></trkpt><trkpt lat="45.71755" lon="6.71344"><ele>2470.04</ele><time>2025-07-19T13:06:50+00:00</time></trkpt><trkpt lat="45.71786" lon="6.71379"><ele>2462.56</ele><time>2025-07-19T13:07:02+00:00</time></trkpt><trkpt lat="45.71810" lon="6.71411"><ele>2455.22</ele><time>2025-07-19T13:07:12+00:00</time></trkpt><trkpt lat="45.71824" lon="6.71439"><ele>2446.93</ele><time>2025-07-19T13:07:24+00:00</time></trkpt><trkpt lat="45.71798" lon="6.71437"><ele>2442.20</ele><time>2025-07-19T13:07:31+00:00</time></trkpt><trkpt lat="45.71814" lon="6.71448"><ele>2442.20</ele><time>2025-07-19T13:07:39+00:00</time></trkpt><trkpt lat="45.71818" lon="6.71454"><ele>2440.73</ele><time>2025-07-19T13:07:40+00:00</time></trkpt><trkpt lat="45.71826" lon="6.71458"><ele>2439.51</ele><time>2025-07-19T13:07:43+00:00</time></trkpt><trkpt lat="45.71868" lon="6.71467"><ele>2436.56</ele><time>2025-07-19T13:07:57+00:00</time></trkpt><trkpt lat="45.71913" lon="6.71499"><ele>2421.62</ele><time>2025-07-19T13:08:16+00:00</time></trkpt><trkpt lat="45.71965" lon="6.71495"><ele>2408.21</ele><time>2025-07-19T13:08:34+00:00</time></trkpt><trkpt lat="45.71971" lon="6.71488"><ele>2408.21</ele><time>2025-07-19T13:08:37+00:00</time></trkpt><trkpt lat="45.71965" lon="6.71495"><ele>2408.21</ele><time>2025-07-19T13:08:40+00:00</time></trkpt><trkpt lat="45.71913" lon="6.71499"><ele>2421.62</ele><time>2025-07-19T13:09:31+00:00</time></trkpt><trkpt lat="45.71965" lon="6.71495"><ele>2407.67</ele><time>2025-07-19T13:09:50+00:00</time></trkpt><trkpt lat="45.71984" lon="6.71477"><ele>2408.43</ele><time>2025-07-19T13:10:00+00:00</time></trkpt><trkpt lat="45.72007" lon="6.71461"><ele>2408.80</ele><time>2025-07-19T13:10:10+00:00</time></trkpt><trkpt lat="45.72027" lon="6.71454"><ele>2410.99</ele><time>2025-07-19T13:10:22+00:00</time></trkpt><trkpt lat="45.72054" lon="6.71452"><ele>2413.81</ele><time>2025-07-19T13:10:38+00:00</time></trkpt><trkpt lat="45.72065" lon="6.71472"><ele>2415.00</ele><time>2025-07-19T13:10:47+00:00</time></trkpt><trkpt lat="45.72073" lon="6.71481"><ele>2416.13</ele><time>2025-07-19T13:10:53+00:00</time></trkpt><trkpt lat="45.72086" lon="6.71512"><ele>2419.07</ele><time>2025-07-19T13:11:08+00:00</time></trkpt><trkpt lat="45.72105" lon="6.71543"><ele>2421.43</ele><time>2025-07-19T13:11:23+00:00</time></trkpt><trkpt lat="45.72117" lon="6.71554"><ele>2421.43</ele><time>2025-07-19T13:11:28+00:00</time></trkpt><trkpt lat="45.72184" lon="6.71592"><ele>2432.00</ele><time>2025-07-19T13:12:16+00:00</time></trkpt><trkpt lat="45.72197" lon="6.71604"><ele>2433.09</ele><time>2025-07-19T13:12:24+00:00</time></trkpt><trkpt lat="45.72204" lon="6.71618"><ele>2433.09</ele><time>2025-07-19T13:12:29+00:00</time></trkpt><trkpt lat="45.72210" lon="6.71665"><ele>2436.79</ele><time>2025-07-19T13:12:48+00:00</time></trkpt><trkpt lat="45.72203" lon="6.71697"><ele>2441.25</ele><time>2025-07-19T13:13:07+00:00</time></trkpt><trkpt lat="45.72193" lon="6.71713"><ele>2441.25</ele><time>2025-07-19T13:13:13+00:00</time></trkpt><trkpt lat="45.72212" lon="6.71715"><ele>2442.48</ele><time>2025-07-19T13:13:22+00:00</time></trkpt><trkpt lat="45.72222" lon="6.71720"><ele>2444.97</ele><time>2025-07-19T13:13:32+00:00</time></trkpt><trkpt lat="45.72267" lon="6.71721"><ele>2454.84</ele><time>2025-07-19T13:14:10+00:00</time></trkpt><trkpt lat="45.72295" lon="6.71711"><ele>2464.12</ele><time>2025-07-19T13:14:46+00:00</time></trkpt><trkpt lat="45.72320" lon="6.71714"><ele>2468.56</ele><time>2025-07-19T13:15:04+00:00</time></trkpt><trkpt lat="45.72338" lon="6.71709"><ele>2470.20</ele><time>2025-07-19T13:15:14+00:00</time></trkpt><trkpt lat="45.72360" lon="6.71710"><ele>2472.98</ele><time>2025-07-19T13:15:28+00:00</time></trkpt><trkpt lat="45.72379" lon="6.71717"><ele>2476.11</ele><time>2025-07-19T13:15:42+00:00</time></trkpt><trkpt lat="45.72401" lon="6.71720"><ele>2477.47</ele><time>2025-07-19T13:15:52+00:00</time></trkpt><trkpt lat="45.72406" lon="6.71718"><ele>2478.66</ele><time>2025-07-19T13:15:57+00:00</time></trkpt><trkpt lat="45.72417" lon="6.71705"><ele>2478.66</ele><time>2025-07-19T13:16:03+00:00</time></trkpt><trkpt lat="45.72467" lon="6.71673"><ele>2485.39</ele><time>2025-07-19T13:16:36+00:00</time></trkpt><trkpt lat="45.72482" lon="6.71667"><ele>2485.39</ele><time>2025-07-19T13:16:42+00:00</time></trkpt><trkpt lat="45.72500" lon="6.71667"><ele>2485.39</ele><time>2025-07-19T13:16:50+00:00</time></trkpt><trkpt lat="45.72527" lon="6.71609"><ele>2469.55</ele><time>2025-07-19T13:17:10+00:00</time></trkpt><trkpt lat="45.72534" lon="6.71607"><ele>2469.26</ele><time>2025-07-19T13:17:13+00:00</time></trkpt><trkpt lat="45.72544" lon="6.71616"><ele>2468.54</ele><time>2025-07-19T13:17:17+00:00</time></trkpt><trkpt lat="45.72549" lon="6.71608"><ele>2468.54</ele><time>2025-07-19T13:17:20+00:00</time></trkpt><trkpt lat="45.72545" lon="6.71594"><ele>2468.54</ele><time>2025-07-19T13:17:24+00:00</time></trkpt><trkpt lat="45.72550" lon="6.71581"><ele>2468.10</ele><time>2025-07-19T13:17:28+00:00</time></trkpt><trkpt lat="45.72551" lon="6.71561"><ele>2465.38</ele><time>2025-07-19T13:17:32+00:00</time></trkpt><trkpt lat="45.72539" lon="6.71517"><ele>2455.11</ele><time>2025-07-19T13:17:45+00:00</time></trkpt><trkpt lat="45.72538" lon="6.71462"><ele>2447.15</ele><time>2025-07-19T13:17:57+00:00</time></trkpt><trkpt lat="45.72543" lon="6.71452"><ele>2444.76</ele><time>2025-07-19T13:18:00+00:00</time></trkpt><trkpt lat="45.72548" lon="6.71450"><ele>2444.76</ele><time>2025-07-19T13:18:02+00:00</time></trkpt><trkpt lat="45.72552" lon="6.71437"><ele>2443.44</ele><time>2025-07-19T13:18:05+00:00</time></trkpt><trkpt lat="45.72555" lon="6.71403"><ele>2441.03</ele><time>2025-07-19T13:18:13+00:00</time></trkpt><trkpt lat="45.72550" lon="6.71381"><ele>2436.69</ele><time>2025-07-19T13:18:18+00:00</time></trkpt><trkpt lat="45.72563" lon="6.71356"><ele>2432.50</ele><time>2025-07-19T13:18:25+00:00</time></trkpt><trkpt lat="45.72564" lon="6.71332"><ele>2428.19</ele><time>2025-07-19T13:18:31+00:00</time></trkpt><trkpt lat="45.72579" lon="6.71309"><ele>2424.49</ele><time>2025-07-19T13:18:37+00:00</time></trkpt><trkpt lat="45.72581" lon="6.71280"><ele>2421.43</ele><time>2025-07-19T13:18:43+00:00</time></trkpt><trkpt lat="45.72590" lon="6.71268"><ele>2419.72</ele><time>2025-07-19T13:18:47+00:00</time></trkpt><trkpt lat="45.72615" lon="6.71256"><ele>2419.24</ele><time>2025-07-19T13:18:57+00:00</time></trkpt><trkpt lat="45.72624" lon="6.71231"><ele>2419.48</ele><time>2025-07-19T13:19:05+00:00</time></trkpt><trkpt lat="45.72629" lon="6.71229"><ele>2419.66</ele><time>2025-07-19T13:19:07+00:00</time></trkpt><trkpt lat="45.72648" lon="6.71232"><ele>2419.66</ele><time>2025-07-19T13:19:15+00:00</time></trkpt><trkpt lat="45.72654" lon="6.71225"><ele>2420.07</ele><time>2025-07-19T13:19:19+00:00</time></trkpt><trkpt lat="45.72665" lon="6.71219"><ele>2420.07</ele><time>2025-07-19T13:19:23+00:00</time></trkpt><trkpt lat="45.72697" lon="6.71149"><ele>2419.14</ele><time>2025-07-19T13:19:46+00:00</time></trkpt><trkpt lat="45.72695" lon="6.71142"><ele>2419.14</ele><time>2025-07-19T13:19:48+00:00</time></trkpt><trkpt lat="45.72706" lon="6.71131"><ele>2418.68</ele><time>2025-07-19T13:19:53+00:00</time></trkpt><trkpt lat="45.72741" lon="6.71122"><ele>2417.55</ele><time>2025-07-19T13:20:05+00:00</time></trkpt><trkpt lat="45.72755" lon="6.71108"><ele>2414.90</ele><time>2025-07-19T13:20:11+00:00</time></trkpt><trkpt lat="45.72787" lon="6.71094"><ele>2412.64</ele><time>2025-07-19T13:20:22+00:00</time></trkpt><trkpt lat="45.72792" lon="6.71083"><ele>2411.74</ele><time>2025-07-19T13:20:25+00:00</time></trkpt><trkpt lat="45.72801" lon="6.71076"><ele>2410.82</ele><time>2025-07-19T13:20:28+00:00</time></trkpt><trkpt lat="45.72803" lon="6.71052"><ele>2410.62</ele><time>2025-07-19T13:20:34+00:00</time></trkpt><trkpt lat="45.72808" lon="6.71039"><ele>2410.20</ele><time>2025-07-19T13:20:38+00:00</time></trkpt><trkpt lat="45.72816" lon="6.71034"><ele>2410.20</ele><time>2025-07-19T13:20:41+00:00</time></trkpt><trkpt lat="45.72825" lon="6.71034"><ele>2410.17</ele><time>2025-07-19T13:20:45+00:00</time></trkpt><trkpt lat="45.72834" lon="6.71026"><ele>2410.42</ele><time>2025-07-19T13:20:50+00:00</time></trkpt><trkpt lat="45.72841" lon="6.71024"><ele>2410.42</ele><time>2025-07-19T13:20:52+00:00</time></trkpt><trkpt lat="45.72867" lon="6.71030"><ele>2411.71</ele><time>2025-07-19T13:21:05+00:00</time></trkpt><trkpt lat="45.72875" lon="6.71025"><ele>2412.10</ele><time>2025-07-19T13:21:09+00:00</time></trkpt><trkpt lat="45.72887" lon="6.71022"><ele>2413.56</ele><time>2025-07-19T13:21:16+00:00</time></trkpt><trkpt lat="45.72940" lon="6.71025"><ele>2414.23</ele><time>2025-07-19T13:21:38+00:00</time></trkpt><trkpt lat="45.72945" lon="6.71015"><ele>2413.83</ele><time>2025-07-19T13:21:41+00:00</time></trkpt><trkpt lat="45.72956" lon="6.71003"><ele>2413.83</ele><time>2025-07-19T13:21:47+00:00</time></trkpt><trkpt lat="45.72964" lon="6.70984"><ele>2413.16</ele><time>2025-07-19T13:21:52+00:00</time></trkpt><trkpt lat="45.72976" lon="6.70971"><ele>2412.18</ele><time>2025-07-19T13:21:57+00:00</time></trkpt><trkpt lat="45.72987" lon="6.70940"><ele>2410.07</ele><time>2025-07-19T13:22:05+00:00</time></trkpt><trkpt lat="45.73008" lon="6.70935"><ele>2409.38</ele><time>2025-07-19T13:22:13+00:00</time></trkpt><trkpt lat="45.73012" lon="6.70929"><ele>2407.94</ele><time>2025-07-19T13:22:15+00:00</time></trkpt><trkpt lat="45.73010" lon="6.70923"><ele>2407.94</ele><time>2025-07-19T13:22:17+00:00</time></trkpt><trkpt lat="45.73046" lon="6.70902"><ele>2404.11</ele><time>2025-07-19T13:22:29+00:00</time></trkpt><trkpt lat="45.73054" lon="6.70906"><ele>2402.85</ele><time>2025-07-19T13:22:31+00:00</time></trkpt><trkpt lat="45.73059" lon="6.70901"><ele>2402.39</ele><time>2025-07-19T13:22:33+00:00</time></trkpt><trkpt lat="45.73073" lon="6.70896"><ele>2401.79</ele><time>2025-07-19T13:22:38+00:00</time></trkpt><trkpt lat="45.73078" lon="6.70886"><ele>2401.20</ele><time>2025-07-19T13:22:41+00:00</time></trkpt><trkpt lat="45.73085" lon="6.70884"><ele>2401.20</ele><time>2025-07-19T13:22:44+00:00</time></trkpt><trkpt lat="45.73083" lon="6.70867"><ele>2400.22</ele><time>2025-07-19T13:22:48+00:00</time></trkpt><trkpt lat="45.73090" lon="6.70853"><ele>2398.26</ele><time>2025-07-19T13:22:51+00:00</time></trkpt><trkpt lat="45.73100" lon="6.70849"><ele>2397.61</ele><time>2025-07-19T13:22:55+00:00</time></trkpt><trkpt lat="45.73127" lon="6.70850"><ele>2391.17</ele><time>2025-07-19T13:23:04+00:00</time></trkpt><trkpt lat="45.73146" lon="6.70833"><ele>2388.23</ele><time>2025-07-19T13:23:10+00:00</time></trkpt><trkpt lat="45.73156" lon="6.70831"><ele>2388.23</ele><time>2025-07-19T13:23:14+00:00</time></trkpt><trkpt lat="45.73165" lon="6.70835"><ele>2388.23</ele><time>2025-07-19T13:23:18+00:00</time></trkpt><trkpt lat="45.73212" lon="6.70828"><ele>2381.50</ele><time>2025-07-19T13:23:32+00:00</time></trkpt><trkpt lat="45.73226" lon="6.70830"><ele>2380.37</ele><time>2025-07-19T13:23:37+00:00</time></trkpt><trkpt lat="45.73234" lon="6.70828"><ele>2380.37</ele><time>2025-07-19T13:23:40+00:00</time></trkpt><trkpt lat="45.73236" lon="6.70824"><ele>2380.37</ele><time>2025-07-19T13:23:41+00:00</time></trkpt><trkpt lat="45.73260" lon="6.70835"><ele>2376.43</ele><time>2025-07-19T13:23:49+00:00</time></trkpt><trkpt lat="45.73286" lon="6.70844"><ele>2370.27</ele><time>2025-07-19T13:23:57+00:00</time></trkpt><trkpt lat="45.73293" lon="6.70844"><ele>2370.27</ele><time>2025-07-19T13:24:00+00:00</time></trkpt><trkpt lat="45.73314" lon="6.70864"><ele>2367.47</ele><time>2025-07-19T13:24:08+00:00</time></trkpt><trkpt lat="45.73339" lon="6.70863"><ele>2365.30</ele><time>2025-07-19T13:24:16+00:00</time></trkpt><trkpt lat="45.73390" lon="6.70840"><ele>2347.80</ele><time>2025-07-19T13:24:39+00:00</time></trkpt><trkpt lat="45.73419" lon="6.70801"><ele>2347.80</ele><time>2025-07-19T13:24:55+00:00</time></trkpt><trkpt lat="45.73450" lon="6.70739"><ele>2341.76</ele><time>2025-07-19T13:25:11+00:00</time></trkpt><trkpt lat="45.73490" lon="6.70687"><ele>2330.49</ele><time>2025-07-19T13:25:28+00:00</time></trkpt><trkpt lat="45.73504" lon="6.70659"><ele>2330.49</ele><time>2025-07-19T13:25:37+00:00</time></trkpt><trkpt lat="45.73499" lon="6.70649"><ele>2330.49</ele><time>2025-07-19T13:25:41+00:00</time></trkpt><trkpt lat="45.73489" lon="6.70648"><ele>2330.49</ele><time>2025-07-19T13:25:45+00:00</time></trkpt><trkpt lat="45.73424" lon="6.70603"><ele>2306.72</ele><time>2025-07-19T13:26:16+00:00</time></trkpt><trkpt lat="45.73415" lon="6.70592"><ele>2306.72</ele><time>2025-07-19T13:26:21+00:00</time></trkpt><trkpt lat="45.73407" lon="6.70573"><ele>2305.14</ele><time>2025-07-19T13:26:26+00:00</time></trkpt><trkpt lat="45.73389" lon="6.70568"><ele>2303.41</ele><time>2025-07-19T13:26:32+00:00</time></trkpt><trkpt lat="45.73373" lon="6.70551"><ele>2299.09</ele><time>2025-07-19T13:26:38+00:00</time></trkpt><trkpt lat="45.73359" lon="6.70547"><ele>2295.26</ele><time>2025-07-19T13:26:43+00:00</time></trkpt><trkpt lat="45.73342" lon="6.70546"><ele>2291.45</ele><time>2025-07-19T13:26:48+00:00</time></trkpt><trkpt lat="45.73322" lon="6.70526"><ele>2288.31</ele><time>2025-07-19T13:26:55+00:00</time></trkpt><trkpt lat="45.73314" lon="6.70523"><ele>2286.70</ele><time>2025-07-19T13:26:58+00:00</time></trkpt><trkpt lat="45.73286" lon="6.70500"><ele>2285.16</ele><time>2025-07-19T13:27:09+00:00</time></trkpt><trkpt lat="45.73208" lon="6.70463"><ele>2256.98</ele><time>2025-07-19T13:27:47+00:00</time></trkpt><trkpt lat="45.73178" lon="6.70443"><ele>2256.98</ele><time>2025-07-19T13:28:00+00:00</time></trkpt><trkpt lat="45.73060" lon="6.70346"><ele>2238.55</ele><time>2025-07-19T13:28:41+00:00</time></trkpt><trkpt lat="45.73023" lon="6.70297"><ele>2225.62</ele><time>2025-07-19T13:28:58+00:00</time></trkpt><trkpt lat="45.72986" lon="6.70271"><ele>2223.38</ele><time>2025-07-19T13:29:12+00:00</time></trkpt><trkpt lat="45.72949" lon="6.70255"><ele>2218.10</ele><time>2025-07-19T13:29:24+00:00</time></trkpt><trkpt lat="45.72915" lon="6.70248"><ele>2210.54</ele><time>2025-07-19T13:29:34+00:00</time></trkpt><trkpt lat="45.72888" lon="6.70247"><ele>2205.32</ele><time>2025-07-19T13:29:43+00:00</time></trkpt><trkpt lat="45.72872" lon="6.70242"><ele>2205.32</ele><time>2025-07-19T13:29:49+00:00</time></trkpt><trkpt lat="45.72856" lon="6.70233"><ele>2198.34</ele><time>2025-07-19T13:30:00+00:00</time></trkpt><trkpt lat="45.72823" lon="6.70221"><ele>2193.19</ele><time>2025-07-19T13:30:10+00:00</time></trkpt><trkpt lat="45.72814" lon="6.70210"><ele>2188.56</ele><time>2025-07-19T13:30:17+00:00</time></trkpt><trkpt lat="45.72779" lon="6.70195"><ele>2182.29</ele><time>2025-07-19T13:30:27+00:00</time></trkpt><trkpt lat="45.72772" lon="6.70186"><ele>2182.29</ele><time>2025-07-19T13:30:31+00:00</time></trkpt><trkpt lat="45.72777" lon="6.70180"><ele>2180.71</ele><time>2025-07-19T13:30:33+00:00</time></trkpt><trkpt lat="45.72806" lon="6.70176"><ele>2180.71</ele><time>2025-07-19T13:30:45+00:00</time></trkpt><trkpt lat="45.72720" lon="6.70111"><ele>2154.36</ele><time>2025-07-19T13:31:19+00:00</time></trkpt><trkpt lat="45.72672" lon="6.70086"><ele>2136.46</ele><time>2025-07-19T13:31:44+00:00</time></trkpt><trkpt lat="45.72644" lon="6.70068"><ele>2136.46</ele><time>2025-07-19T13:31:56+00:00</time></trkpt><trkpt lat="45.72641" lon="6.70059"><ele>2133.55</ele><time>2025-07-19T13:32:01+00:00</time></trkpt><trkpt lat="45.72598" lon="6.70035"><ele>2122.70</ele><time>2025-07-19T13:32:15+00:00</time></trkpt><trkpt lat="45.72594" lon="6.70037"><ele>2115.77</ele><time>2025-07-19T13:36:35+00:00</time></trkpt><trkpt lat="45.72593" lon="6.70068"><ele>2110.15</ele><time>2025-07-19T13:36:43+00:00</time></trkpt><trkpt lat="45.72578" lon="6.70042"><ele>2102.92</ele><time>2025-07-19T13:36:52+00:00</time></trkpt><trkpt lat="45.72564" lon="6.70032"><ele>2097.00</ele><time>2025-07-19T13:37:00+00:00</time></trkpt><trkpt lat="45.72562" lon="6.70033"><ele>2095.56</ele><time>2025-07-19T13:37:05+00:00</time></trkpt><trkpt lat="45.72560" lon="6.70045"><ele>2090.81</ele><time>2025-07-19T13:37:16+00:00</time></trkpt><trkpt lat="45.72548" lon="6.70034"><ele>2089.58</ele><time>2025-07-19T13:37:21+00:00</time></trkpt><trkpt lat="45.72546" lon="6.70043"><ele>2086.79</ele><time>2025-07-19T13:37:25+00:00</time></trkpt><trkpt lat="45.72547" lon="6.70061"><ele>2084.90</ele><time>2025-07-19T13:37:29+00:00</time></trkpt><trkpt lat="45.72544" lon="6.70060"><ele>2083.65</ele><time>2025-07-19T13:37:31+00:00</time></trkpt><trkpt lat="45.72544" lon="6.70055"><ele>2081.13</ele><time>2025-07-19T13:37:41+00:00</time></trkpt><trkpt lat="45.72539" lon="6.70053"><ele>2081.13</ele><time>2025-07-19T13:37:43+00:00</time></trkpt><trkpt lat="45.72527" lon="6.70040"><ele>2078.56</ele><time>2025-07-19T13:37:48+00:00</time></trkpt><trkpt lat="45.72524" lon="6.70041"><ele>2077.39</ele><time>2025-07-19T13:37:49+00:00</time></trkpt><trkpt lat="45.72526" lon="6.70050"><ele>2076.30</ele><time>2025-07-19T13:37:51+00:00</time></trkpt><trkpt lat="45.72523" lon="6.70051"><ele>2076.30</ele><time>2025-07-19T13:37:52+00:00</time></trkpt><trkpt lat="45.72511" lon="6.70046"><ele>2069.13</ele><time>2025-07-19T13:38:10+00:00</time></trkpt><trkpt lat="45.72501" lon="6.70025"><ele>2064.02</ele><time>2025-07-19T13:38:17+00:00</time></trkpt><trkpt lat="45.72493" lon="6.70056"><ele>2050.81</ele><time>2025-07-19T13:38:50+00:00</time></trkpt><trkpt lat="45.72490" lon="6.70060"><ele>2050.81</ele><time>2025-07-19T13:38:51+00:00</time></trkpt><trkpt lat="45.72486" lon="6.70047"><ele>2047.99</ele><time>2025-07-19T13:38:55+00:00</time></trkpt><trkpt lat="45.72476" lon="6.70028"><ele>2042.45</ele><time>2025-07-19T13:39:02+00:00</time></trkpt><trkpt lat="45.72471" lon="6.70007"><ele>2039.79</ele><time>2025-07-19T13:39:07+00:00</time></trkpt><trkpt lat="45.72455" lon="6.69987"><ele>2029.16</ele><time>2025-07-19T13:39:28+00:00</time></trkpt><trkpt lat="45.72445" lon="6.69965"><ele>2023.59</ele><time>2025-07-19T13:39:35+00:00</time></trkpt><trkpt lat="45.72442" lon="6.69947"><ele>2019.78</ele><time>2025-07-19T13:39:40+00:00</time></trkpt><trkpt lat="45.72435" lon="6.69933"><ele>2018.52</ele><time>2025-07-19T13:39:44+00:00</time></trkpt><trkpt lat="45.72429" lon="6.69936"><ele>2015.90</ele><time>2025-07-19T13:39:48+00:00</time></trkpt><trkpt lat="45.72425" lon="6.69948"><ele>2014.87</ele><time>2025-07-19T13:39:51+00:00</time></trkpt><trkpt lat="45.72420" lon="6.69954"><ele>2012.82</ele><time>2025-07-19T13:39:54+00:00</time></trkpt><trkpt lat="45.72407" lon="6.69958"><ele>2009.87</ele><time>2025-07-19T13:39:58+00:00</time></trkpt><trkpt lat="45.72393" lon="6.69954"><ele>2007.83</ele><time>2025-07-19T13:40:02+00:00</time></trkpt><trkpt lat="45.72391" lon="6.69946"><ele>2006.84</ele><time>2025-07-19T13:40:04+00:00</time></trkpt><trkpt lat="45.72398" lon="6.69932"><ele>2005.77</ele><time>2025-07-19T13:40:08+00:00</time></trkpt><trkpt lat="45.72399" lon="6.69924"><ele>2003.77</ele><time>2025-07-19T13:40:10+00:00</time></trkpt><trkpt lat="45.72397" lon="6.69914"><ele>2002.75</ele><time>2025-07-19T13:40:13+00:00</time></trkpt><trkpt lat="45.72391" lon="6.69906"><ele>2000.93</ele><time>2025-07-19T13:40:15+00:00</time></trkpt><trkpt lat="45.72364" lon="6.69901"><ele>1998.10</ele><time>2025-07-19T13:40:23+00:00</time></trkpt><trkpt lat="45.72368" lon="6.69895"><ele>1995.86</ele><time>2025-07-19T13:40:27+00:00</time></trkpt><trkpt lat="45.72366" lon="6.69887"><ele>1994.72</ele><time>2025-07-19T13:40:29+00:00</time></trkpt><trkpt lat="45.72340" lon="6.69854"><ele>1990.42</ele><time>2025-07-19T13:40:39+00:00</time></trkpt><trkpt lat="45.72334" lon="6.69822"><ele>1988.07</ele><time>2025-07-19T13:40:46+00:00</time></trkpt><trkpt lat="45.72338" lon="6.69816"><ele>1988.07</ele><time>2025-07-19T13:40:49+00:00</time></trkpt><trkpt lat="45.72334" lon="6.69736"><ele>1980.53</ele><time>2025-07-19T13:41:05+00:00</time></trkpt><trkpt lat="45.72333" lon="6.69726"><ele>1980.53</ele><time>2025-07-19T13:41:08+00:00</time></trkpt><trkpt lat="45.72327" lon="6.69712"><ele>1980.22</ele><time>2025-07-19T13:41:12+00:00</time></trkpt><trkpt lat="45.72331" lon="6.69658"><ele>1979.58</ele><time>2025-07-19T13:41:27+00:00</time></trkpt><trkpt lat="45.72340" lon="6.69640"><ele>1979.10</ele><time>2025-07-19T13:41:32+00:00</time></trkpt><trkpt lat="45.72342" lon="6.69624"><ele>1979.10</ele><time>2025-07-19T13:41:37+00:00</time></trkpt><trkpt lat="45.72351" lon="6.69599"><ele>1978.28</ele><time>2025-07-19T13:41:44+00:00</time></trkpt><trkpt lat="45.72354" lon="6.69596"><ele>1978.28</ele><time>2025-07-19T13:41:45+00:00</time></trkpt><trkpt lat="45.72364" lon="6.69595"><ele>1977.76</ele><time>2025-07-19T13:41:49+00:00</time></trkpt><trkpt lat="45.72373" lon="6.69570"><ele>1975.96</ele><time>2025-07-19T13:41:55+00:00</time></trkpt><trkpt lat="45.72379" lon="6.69566"><ele>1975.35</ele><time>2025-07-19T13:41:57+00:00</time></trkpt><trkpt lat="45.72383" lon="6.69550"><ele>1973.74</ele><time>2025-07-19T13:42:01+00:00</time></trkpt><trkpt lat="45.72379" lon="6.69537"><ele>1972.37</ele><time>2025-07-19T13:42:04+00:00</time></trkpt><trkpt lat="45.72381" lon="6.69520"><ele>1971.78</ele><time>2025-07-19T13:42:08+00:00</time></trkpt><trkpt lat="45.72384" lon="6.69504"><ele>1970.64</ele><time>2025-07-19T13:42:11+00:00</time></trkpt><trkpt lat="45.72389" lon="6.69497"><ele>1969.99</ele><time>2025-07-19T13:42:14+00:00</time></trkpt><trkpt lat="45.72384" lon="6.69485"><ele>1968.61</ele><time>2025-07-19T13:42:17+00:00</time></trkpt><trkpt lat="45.72381" lon="6.69463"><ele>1968.04</ele><time>2025-07-19T13:42:22+00:00</time></trkpt><trkpt lat="45.72382" lon="6.69446"><ele>1967.43</ele><time>2025-07-19T13:42:26+00:00</time></trkpt><trkpt lat="45.72372" lon="6.69431"><ele>1963.67</ele><time>2025-07-19T13:42:31+00:00</time></trkpt><trkpt lat="45.72358" lon="6.69386"><ele>1958.29</ele><time>2025-07-19T13:42:41+00:00</time></trkpt><trkpt lat="45.72362" lon="6.69376"><ele>1958.29</ele><time>2025-07-19T13:42:45+00:00</time></trkpt><trkpt lat="45.72358" lon="6.69365"><ele>1956.43</ele><time>2025-07-19T13:42:47+00:00</time></trkpt><trkpt lat="45.72358" lon="6.69353"><ele>1956.43</ele><time>2025-07-19T13:42:51+00:00</time></trkpt><trkpt lat="45.72350" lon="6.69329"><ele>1955.28</ele><time>2025-07-19T13:42:57+00:00</time></trkpt><trkpt lat="45.72349" lon="6.69308"><ele>1952.46</ele><time>2025-07-19T13:43:01+00:00</time></trkpt><trkpt lat="45.72338" lon="6.69267"><ele>1950.21</ele><time>2025-07-19T13:43:11+00:00</time></trkpt><trkpt lat="45.72336" lon="6.69245"><ele>1946.89</ele><time>2025-07-19T13:43:16+00:00</time></trkpt><trkpt lat="45.72315" lon="6.69197"><ele>1943.61</ele><time>2025-07-19T13:43:29+00:00</time></trkpt><trkpt lat="45.72317" lon="6.69129"><ele>1944.09</ele><time>2025-07-19T13:43:48+00:00</time></trkpt><trkpt lat="45.72315" lon="6.69119"><ele>1944.81</ele><time>2025-07-19T13:43:53+00:00</time></trkpt><trkpt lat="45.72315" lon="6.69075"><ele>1945.59</ele><time>2025-07-19T13:44:06+00:00</time></trkpt><trkpt lat="45.72311" lon="6.69061"><ele>1946.90</ele><time>2025-07-19T13:44:12+00:00</time></trkpt><trkpt lat="45.72315" lon="6.69025"><ele>1947.81</ele><time>2025-07-19T13:44:24+00:00</time></trkpt><trkpt lat="45.72314" lon="6.68998"><ele>1948.53</ele><time>2025-07-19T13:44:32+00:00</time></trkpt><trkpt lat="45.72318" lon="6.68979"><ele>1948.31</ele><time>2025-07-19T13:44:38+00:00</time></trkpt><trkpt lat="45.72332" lon="6.68947"><ele>1946.94</ele><time>2025-07-19T13:44:47+00:00</time></trkpt><trkpt lat="45.72343" lon="6.68936"><ele>1943.52</ele><time>2025-07-19T13:44:51+00:00</time></trkpt><trkpt lat="45.72347" lon="6.68902"><ele>1939.86</ele><time>2025-07-19T13:44:58+00:00</time></trkpt><trkpt lat="45.72354" lon="6.68878"><ele>1935.40</ele><time>2025-07-19T13:45:04+00:00</time></trkpt><trkpt lat="45.72364" lon="6.68875"><ele>1930.50</ele><time>2025-07-19T13:45:13+00:00</time></trkpt><trkpt lat="45.72382" lon="6.68848"><ele>1925.81</ele><time>2025-07-19T13:45:21+00:00</time></trkpt><trkpt lat="45.72376" lon="6.68833"><ele>1923.87</ele><time>2025-07-19T13:45:25+00:00</time></trkpt><trkpt lat="45.72402" lon="6.68808"><ele>1922.18</ele><time>2025-07-19T13:45:35+00:00</time></trkpt><trkpt lat="45.72405" lon="6.68801"><ele>1920.92</ele><time>2025-07-19T13:45:37+00:00</time></trkpt><trkpt lat="45.72415" lon="6.68731"><ele>1899.22</ele><time>2025-07-19T13:46:13+00:00</time></trkpt><trkpt lat="45.72429" lon="6.68683"><ele>1894.72</ele><time>2025-07-19T13:46:24+00:00</time></trkpt><trkpt lat="45.72440" lon="6.68655"><ele>1885.87</ele><time>2025-07-19T13:46:37+00:00</time></trkpt><trkpt lat="45.72436" lon="6.68606"><ele>1873.84</ele><time>2025-07-19T13:46:54+00:00</time></trkpt><trkpt lat="45.72421" lon="6.68578"><ele>1869.14</ele><time>2025-07-19T13:47:01+00:00</time></trkpt><trkpt lat="45.72413" lon="6.68569"><ele>1868.32</ele><time>2025-07-19T13:47:04+00:00</time></trkpt><trkpt lat="45.72403" lon="6.68563"><ele>1867.35</ele><time>2025-07-19T13:47:08+00:00</time></trkpt><trkpt lat="45.72404" lon="6.68559"><ele>1866.23</ele><time>2025-07-19T13:47:09+00:00</time></trkpt><trkpt lat="45.72418" lon="6.68561"><ele>1864.15</ele><time>2025-07-19T13:47:13+00:00</time></trkpt><trkpt lat="45.72432" lon="6.68548"><ele>1863.35</ele><time>2025-07-19T13:47:19+00:00</time></trkpt><trkpt lat="45.72437" lon="6.68547"><ele>1860.95</ele><time>2025-07-19T13:47:24+00:00</time></trkpt><trkpt lat="45.72433" lon="6.68530"><ele>1858.71</ele><time>2025-07-19T13:47:27+00:00</time></trkpt><trkpt lat="45.72427" lon="6.68521"><ele>1856.84</ele><time>2025-07-19T13:47:30+00:00</time></trkpt><trkpt lat="45.72408" lon="6.68502"><ele>1852.15</ele><time>2025-07-19T13:47:37+00:00</time></trkpt><trkpt lat="45.72386" lon="6.68496"><ele>1848.60</ele><time>2025-07-19T13:47:44+00:00</time></trkpt><trkpt lat="45.72379" lon="6.68488"><ele>1846.20</ele><time>2025-07-19T13:47:47+00:00</time></trkpt><trkpt lat="45.72336" lon="6.68462"><ele>1823.92</ele><time>2025-07-19T13:48:28+00:00</time></trkpt><trkpt lat="45.72325" lon="6.68468"><ele>1822.07</ele><time>2025-07-19T13:48:32+00:00</time></trkpt><trkpt lat="45.72297" lon="6.68460"><ele>1822.07</ele><time>2025-07-19T13:48:43+00:00</time></trkpt><trkpt lat="45.72284" lon="6.68459"><ele>1815.60</ele><time>2025-07-19T13:48:56+00:00</time></trkpt><trkpt lat="45.72250" lon="6.68464"><ele>1806.89</ele><time>2025-07-19T13:49:07+00:00</time></trkpt><trkpt lat="45.72242" lon="6.68472"><ele>1806.26</ele><time>2025-07-19T13:49:11+00:00</time></trkpt><trkpt lat="45.72239" lon="6.68472"><ele>1804.79</ele><time>2025-07-19T13:49:13+00:00</time></trkpt><trkpt lat="45.72229" lon="6.68464"><ele>1803.87</ele><time>2025-07-19T13:49:17+00:00</time></trkpt><trkpt lat="45.72227" lon="6.68458"><ele>1803.87</ele><time>2025-07-19T13:49:19+00:00</time></trkpt><trkpt lat="45.72224" lon="6.68459"><ele>1802.61</ele><time>2025-07-19T13:49:21+00:00</time></trkpt><trkpt lat="45.72210" lon="6.68452"><ele>1801.93</ele><time>2025-07-19T13:49:26+00:00</time></trkpt><trkpt lat="45.72197" lon="6.68437"><ele>1798.46</ele><time>2025-07-19T13:49:31+00:00</time></trkpt><trkpt lat="45.72189" lon="6.68421"><ele>1793.85</ele><time>2025-07-19T13:49:37+00:00</time></trkpt><trkpt lat="45.72173" lon="6.68401"><ele>1787.79</ele><time>2025-07-19T13:49:45+00:00</time></trkpt><trkpt lat="45.72155" lon="6.68388"><ele>1783.62</ele><time>2025-07-19T13:49:51+00:00</time></trkpt><trkpt lat="45.72142" lon="6.68371"><ele>1781.40</ele><time>2025-07-19T13:49:57+00:00</time></trkpt><trkpt lat="45.72138" lon="6.68340"><ele>1776.89</ele><time>2025-07-19T13:50:03+00:00</time></trkpt><trkpt lat="45.72111" lon="6.68335"><ele>1767.57</ele><time>2025-07-19T13:50:16+00:00</time></trkpt><trkpt lat="45.72090" lon="6.68306"><ele>1762.36</ele><time>2025-07-19T13:50:24+00:00</time></trkpt><trkpt lat="45.72084" lon="6.68288"><ele>1761.39</ele><time>2025-07-19T13:50:29+00:00</time></trkpt><trkpt lat="45.72076" lon="6.68275"><ele>1759.20</ele><time>2025-07-19T13:50:33+00:00</time></trkpt><trkpt lat="45.72069" lon="6.68271"><ele>1759.20</ele><time>2025-07-19T13:50:36+00:00</time></trkpt><trkpt lat="45.72044" lon="6.68278"><ele>1757.35</ele><time>2025-07-19T13:50:44+00:00</time></trkpt><trkpt lat="45.72037" lon="6.68275"><ele>1756.42</ele><time>2025-07-19T13:50:46+00:00</time></trkpt><trkpt lat="45.72028" lon="6.68256"><ele>1754.69</ele><time>2025-07-19T13:50:51+00:00</time></trkpt><trkpt lat="45.72028" lon="6.68174"><ele>1728.78</ele><time>2025-07-19T13:51:36+00:00</time></trkpt><trkpt lat="45.72034" lon="6.68112"><ele>1726.90</ele><time>2025-07-19T13:51:51+00:00</time></trkpt><trkpt lat="45.72034" lon="6.68081"><ele>1725.13</ele><time>2025-07-19T13:51:58+00:00</time></trkpt><trkpt lat="45.72063" lon="6.68015"><ele>1700.08</ele><time>2025-07-19T13:52:43+00:00</time></trkpt><trkpt lat="45.72070" lon="6.67987"><ele>1698.48</ele><time>2025-07-19T13:52:49+00:00</time></trkpt><trkpt lat="45.72078" lon="6.67967"><ele>1698.48</ele><time>2025-07-19T13:52:56+00:00</time></trkpt><trkpt lat="45.72090" lon="6.67947"><ele>1695.03</ele><time>2025-07-19T13:53:01+00:00</time></trkpt><trkpt lat="45.72102" lon="6.67891"><ele>1690.76</ele><time>2025-07-19T13:53:14+00:00</time></trkpt><trkpt lat="45.72094" lon="6.67823"><ele>1668.92</ele><time>2025-07-19T13:53:52+00:00</time></trkpt><trkpt lat="45.72097" lon="6.67802"><ele>1667.73</ele><time>2025-07-19T13:53:57+00:00</time></trkpt><trkpt lat="45.72103" lon="6.67790"><ele>1667.73</ele><time>2025-07-19T13:54:01+00:00</time></trkpt><trkpt lat="45.72101" lon="6.67773"><ele>1667.73</ele><time>2025-07-19T13:54:06+00:00</time></trkpt><trkpt lat="45.72112" lon="6.67744"><ele>1662.93</ele><time>2025-07-19T13:54:13+00:00</time></trkpt><trkpt lat="45.72113" lon="6.67703"><ele>1655.61</ele><time>2025-07-19T13:54:22+00:00</time></trkpt><trkpt lat="45.72116" lon="6.67689"><ele>1655.61</ele><time>2025-07-19T13:54:26+00:00</time></trkpt><trkpt lat="45.72123" lon="6.67684"><ele>1653.78</ele><time>2025-07-19T13:54:29+00:00</time></trkpt><trkpt lat="45.72127" lon="6.67660"><ele>1653.78</ele><time>2025-07-19T13:54:36+00:00</time></trkpt><trkpt lat="45.72125" lon="6.67586"><ele>1639.52</ele><time>2025-07-19T13:54:54+00:00</time></trkpt><trkpt lat="45.72120" lon="6.67562"><ele>1638.35</ele><time>2025-07-19T13:55:00+00:00</time></trkpt><trkpt lat="45.72120" lon="6.67536"><ele>1637.82</ele><time>2025-07-19T13:55:07+00:00</time></trkpt><trkpt lat="45.72117" lon="6.67515"><ele>1636.74</ele><time>2025-07-19T13:55:12+00:00</time></trkpt><trkpt lat="45.72119" lon="6.67498"><ele>1636.74</ele><time>2025-07-19T13:55:16+00:00</time></trkpt><trkpt lat="45.72128" lon="6.67486"><ele>1635.88</ele><time>2025-07-19T13:55:21+00:00</time></trkpt><trkpt lat="45.72139" lon="6.67493"><ele>1635.39</ele><time>2025-07-19T13:55:25+00:00</time></trkpt><trkpt lat="45.72157" lon="6.67468"><ele>1635.96</ele><time>2025-07-19T13:55:36+00:00</time></trkpt><trkpt lat="45.72171" lon="6.67434"><ele>1638.58</ele><time>2025-07-19T13:55:51+00:00</time></trkpt><trkpt lat="45.72180" lon="6.67428"><ele>1640.30</ele><time>2025-07-19T13:55:58+00:00</time></trkpt><trkpt lat="45.72210" lon="6.67436"><ele>1644.68</ele><time>2025-07-19T13:56:18+00:00</time></trkpt><trkpt lat="45.72225" lon="6.67430"><ele>1647.38</ele><time>2025-07-19T13:56:29+00:00</time></trkpt><trkpt lat="45.72244" lon="6.67414"><ele>1650.39</ele><time>2025-07-19T13:56:44+00:00</time></trkpt><trkpt lat="45.72252" lon="6.67415"><ele>1650.39</ele><time>2025-07-19T13:56:47+00:00</time></trkpt><trkpt lat="45.72265" lon="6.67421"><ele>1653.17</ele><time>2025-07-19T13:56:58+00:00</time></trkpt><trkpt lat="45.72272" lon="6.67448"><ele>1656.64</ele><time>2025-07-19T13:57:12+00:00</time></trkpt><trkpt lat="45.72294" lon="6.67452"><ele>1660.20</ele><time>2025-07-19T13:57:28+00:00</time></trkpt><trkpt lat="45.72298" lon="6.67461"><ele>1661.58</ele><time>2025-07-19T13:57:34+00:00</time></trkpt><trkpt lat="45.72298" lon="6.67469"><ele>1661.58</ele><time>2025-07-19T13:57:36+00:00</time></trkpt><trkpt lat="45.72315" lon="6.67493"><ele>1664.17</ele><time>2025-07-19T13:57:50+00:00</time></trkpt><trkpt lat="45.72327" lon="6.67527"><ele>1667.71</ele><time>2025-07-19T13:58:06+00:00</time></trkpt><trkpt lat="45.72364" lon="6.67593"><ele>1684.57</ele><time>2025-07-19T13:59:11+00:00</time></trkpt><trkpt lat="45.72387" lon="6.67625"><ele>1686.32</ele><time>2025-07-19T13:59:26+00:00</time></trkpt><trkpt lat="45.72399" lon="6.67632"><ele>1686.32</ele><time>2025-07-19T13:59:31+00:00</time></trkpt><trkpt lat="45.72424" lon="6.67657"><ele>1691.81</ele><time>2025-07-19T13:59:54+00:00</time></trkpt><trkpt lat="45.72467" lon="6.67677"><ele>1705.59</ele><time>2025-07-19T14:00:47+00:00</time></trkpt><trkpt lat="45.72479" lon="6.67677"><ele>1710.32</ele><time>2025-07-19T14:01:06+00:00</time></trkpt><trkpt lat="45.72489" lon="6.67684"><ele>1711.62</ele><time>2025-07-19T14:01:12+00:00</time></trkpt><trkpt lat="45.72502" lon="6.67703"><ele>1713.49</ele><time>2025-07-19T14:01:23+00:00</time></trkpt><trkpt lat="45.72509" lon="6.67687"><ele>1716.37</ele><time>2025-07-19T14:01:34+00:00</time></trkpt><trkpt lat="45.72513" lon="6.67668"><ele>1718.76</ele><time>2025-07-19T14:01:44+00:00</time></trkpt><trkpt lat="45.72517" lon="6.67669"><ele>1719.72</ele><time>2025-07-19T14:01:48+00:00</time></trkpt><trkpt lat="45.72520" lon="6.67683"><ele>1719.72</ele><time>2025-07-19T14:01:52+00:00</time></trkpt><trkpt lat="45.72525" lon="6.67686"><ele>1722.14</ele><time>2025-07-19T14:02:02+00:00</time></trkpt><trkpt lat="45.72530" lon="6.67678"><ele>1723.47</ele><time>2025-07-19T14:02:08+00:00</time></trkpt><trkpt lat="45.72534" lon="6.67684"><ele>1724.40</ele><time>2025-07-19T14:02:12+00:00</time></trkpt><trkpt lat="45.72544" lon="6.67688"><ele>1726.15</ele><time>2025-07-19T14:02:19+00:00</time></trkpt><trkpt lat="45.72554" lon="6.67713"><ele>1734.25</ele><time>2025-07-19T14:02:52+00:00</time></trkpt><trkpt lat="45.72557" lon="6.67715"><ele>1735.67</ele><time>2025-07-19T14:02:58+00:00</time></trkpt><trkpt lat="45.72574" lon="6.67697"><ele>1741.66</ele><time>2025-07-19T14:03:21+00:00</time></trkpt><trkpt lat="45.72580" lon="6.67698"><ele>1744.76</ele><time>2025-07-19T14:03:35+00:00</time></trkpt><trkpt lat="45.72588" lon="6.67694"><ele>1745.75</ele><time>2025-07-19T14:03:40+00:00</time></trkpt><trkpt lat="45.72594" lon="6.67697"><ele>1745.75</ele><time>2025-07-19T14:03:43+00:00</time></trkpt><trkpt lat="45.72608" lon="6.67697"><ele>1749.47</ele><time>2025-07-19T14:03:57+00:00</time></trkpt><trkpt lat="45.72612" lon="6.67700"><ele>1749.47</ele><time>2025-07-19T14:03:59+00:00</time></trkpt><trkpt lat="45.72614" lon="6.67713"><ele>1751.80</ele><time>2025-07-19T14:04:08+00:00</time></trkpt><trkpt lat="45.72620" lon="6.67718"><ele>1752.65</ele><time>2025-07-19T14:04:12+00:00</time></trkpt><trkpt lat="45.72633" lon="6.67715"><ele>1754.80</ele><time>2025-07-19T14:04:21+00:00</time></trkpt><trkpt lat="45.72652" lon="6.67716"><ele>1761.36</ele><time>2025-07-19T14:04:46+00:00</time></trkpt><trkpt lat="45.72679" lon="6.67726"><ele>1779.20</ele><time>2025-07-19T14:06:27+00:00</time></trkpt><trkpt lat="45.72701" lon="6.67728"><ele>1784.97</ele><time>2025-07-19T14:06:49+00:00</time></trkpt><trkpt lat="45.72709" lon="6.67721"><ele>1786.58</ele><time>2025-07-19T14:06:56+00:00</time></trkpt><trkpt lat="45.72718" lon="6.67708"><ele>1788.21</ele><time>2025-07-19T14:07:04+00:00</time></trkpt><trkpt lat="45.72727" lon="6.67710"><ele>1792.26</ele><time>2025-07-19T14:07:21+00:00</time></trkpt><trkpt lat="45.72745" lon="6.67707"><ele>1794.84</ele><time>2025-07-19T14:07:33+00:00</time></trkpt><trkpt lat="45.72748" lon="6.67697"><ele>1797.42</ele><time>2025-07-19T14:07:43+00:00</time></trkpt><trkpt lat="45.72761" lon="6.67703"><ele>1798.96</ele><time>2025-07-19T14:07:51+00:00</time></trkpt><trkpt lat="45.72764" lon="6.67697"><ele>1798.96</ele><time>2025-07-19T14:07:53+00:00</time></trkpt><trkpt lat="45.72770" lon="6.67701"><ele>1802.36</ele><time>2025-07-19T14:08:08+00:00</time></trkpt><trkpt lat="45.72784" lon="6.67689"><ele>1803.65</ele><time>2025-07-19T14:08:17+00:00</time></trkpt><trkpt lat="45.72811" lon="6.67694"><ele>1814.28</ele><time>2025-07-19T14:09:00+00:00</time></trkpt><trkpt lat="45.72851" lon="6.67714"><ele>1833.03</ele><time>2025-07-19T14:10:19+00:00</time></trkpt><trkpt lat="45.72863" lon="6.67714"><ele>1836.52</ele><time>2025-07-19T14:10:32+00:00</time></trkpt><trkpt lat="45.72869" lon="6.67703"><ele>1836.52</ele><time>2025-07-19T14:10:36+00:00</time></trkpt><trkpt lat="45.72883" lon="6.67712"><ele>1839.33</ele><time>2025-07-19T14:10:47+00:00</time></trkpt><trkpt lat="45.72889" lon="6.67703"><ele>1841.43</ele><time>2025-07-19T14:10:56+00:00</time></trkpt><trkpt lat="45.72881" lon="6.67668"><ele>1846.11</ele><time>2025-07-19T14:11:15+00:00</time></trkpt><trkpt lat="45.72883" lon="6.67665"><ele>1846.11</ele><time>2025-07-19T14:11:16+00:00</time></trkpt><trkpt lat="45.72892" lon="6.67672"><ele>1847.37</ele><time>2025-07-19T14:11:22+00:00</time></trkpt><trkpt lat="45.72897" lon="6.67669"><ele>1849.20</ele><time>2025-07-19T14:11:29+00:00</time></trkpt><trkpt lat="45.72890" lon="6.67654"><ele>1852.13</ele><time>2025-07-19T14:11:41+00:00</time></trkpt><trkpt lat="45.72888" lon="6.67608"><ele>1859.77</ele><time>2025-07-19T14:12:10+00:00</time></trkpt><trkpt lat="45.72894" lon="6.67609"><ele>1861.45</ele><time>2025-07-19T14:12:17+00:00</time></trkpt><trkpt lat="45.72902" lon="6.67622"><ele>1863.19</ele><time>2025-07-19T14:12:25+00:00</time></trkpt><trkpt lat="45.72914" lon="6.67630"><ele>1864.54</ele><time>2025-07-19T14:12:32+00:00</time></trkpt><trkpt lat="45.72916" lon="6.67629"><ele>1864.54</ele><time>2025-07-19T14:12:33+00:00</time></trkpt><trkpt lat="45.72902" lon="6.67586"><ele>1870.56</ele><time>2025-07-19T14:12:58+00:00</time></trkpt><trkpt lat="45.72874" lon="6.67538"><ele>1881.44</ele><time>2025-07-19T14:13:40+00:00</time></trkpt><trkpt lat="45.72863" lon="6.67533"><ele>1886.36</ele><time>2025-07-19T14:14:00+00:00</time></trkpt><trkpt lat="45.72842" lon="6.67517"><ele>1889.71</ele><time>2025-07-19T14:14:15+00:00</time></trkpt><trkpt lat="45.72829" lon="6.67498"><ele>1891.93</ele><time>2025-07-19T14:14:27+00:00</time></trkpt><trkpt lat="45.72834" lon="6.67498"><ele>1893.69</ele><time>2025-07-19T14:14:33+00:00</time></trkpt><trkpt lat="45.72846" lon="6.67504"><ele>1894.64</ele><time>2025-07-19T14:14:40+00:00</time></trkpt><trkpt lat="45.72841" lon="6.67495"><ele>1895.02</ele><time>2025-07-19T14:14:44+00:00</time></trkpt><trkpt lat="45.72840" lon="6.67486"><ele>1896.20</ele><time>2025-07-19T14:14:49+00:00</time></trkpt><trkpt lat="45.72844" lon="6.67464"><ele>1897.26</ele><time>2025-07-19T14:14:57+00:00</time></trkpt><trkpt lat="45.72847" lon="6.67461"><ele>1897.71</ele><time>2025-07-19T14:14:59+00:00</time></trkpt><trkpt lat="45.72844" lon="6.67450"><ele>1897.71</ele><time>2025-07-19T14:15:02+00:00</time></trkpt><trkpt lat="45.72844" lon="6.67438"><ele>1898.12</ele><time>2025-07-19T14:15:06+00:00</time></trkpt><trkpt lat="45.72840" lon="6.67427"><ele>1900.51</ele><time>2025-07-19T14:15:15+00:00</time></trkpt><trkpt lat="45.72830" lon="6.67414"><ele>1901.05</ele><time>2025-07-19T14:15:21+00:00</time></trkpt><trkpt lat="45.72826" lon="6.67380"><ele>1907.74</ele><time>2025-07-19T14:15:47+00:00</time></trkpt><trkpt lat="45.72829" lon="6.67377"><ele>1907.74</ele><time>2025-07-19T14:15:48+00:00</time></trkpt><trkpt lat="45.72847" lon="6.67395"><ele>1915.51</ele><time>2025-07-19T14:16:18+00:00</time></trkpt><trkpt lat="45.72849" lon="6.67388"><ele>1915.51</ele><time>2025-07-19T14:16:21+00:00</time></trkpt><trkpt lat="45.72848" lon="6.67354"><ele>1921.65</ele><time>2025-07-19T14:16:44+00:00</time></trkpt><trkpt lat="45.72855" lon="6.67351"><ele>1921.65</ele><time>2025-07-19T14:16:47+00:00</time></trkpt><trkpt lat="45.72855" lon="6.67341"><ele>1921.65</ele><time>2025-07-19T14:16:50+00:00</time></trkpt><trkpt lat="45.72833" lon="6.67321"><ele>1927.74</ele><time>2025-07-19T14:17:13+00:00</time></trkpt><trkpt lat="45.72833" lon="6.67316"><ele>1929.04</ele><time>2025-07-19T14:17:19+00:00</time></trkpt><trkpt lat="45.72856" lon="6.67316"><ele>1935.22</ele><time>2025-07-19T14:17:42+00:00</time></trkpt><trkpt lat="45.72856" lon="6.67313"><ele>1935.22</ele><time>2025-07-19T14:17:43+00:00</time></trkpt><trkpt lat="45.72839" lon="6.67298"><ele>1937.02</ele><time>2025-07-19T14:17:54+00:00</time></trkpt><trkpt lat="45.72828" lon="6.67284"><ele>1938.29</ele><time>2025-07-19T14:18:02+00:00</time></trkpt><trkpt lat="45.72825" lon="6.67273"><ele>1938.29</ele><time>2025-07-19T14:18:05+00:00</time></trkpt><trkpt lat="45.72836" lon="6.67269"><ele>1939.34</ele><time>2025-07-19T14:18:11+00:00</time></trkpt><trkpt lat="45.72886" lon="6.67272"><ele>1957.16</ele><time>2025-07-19T14:19:21+00:00</time></trkpt><trkpt lat="45.72894" lon="6.67281"><ele>1957.55</ele><time>2025-07-19T14:19:25+00:00</time></trkpt><trkpt lat="45.72919" lon="6.67292"><ele>1957.55</ele><time>2025-07-19T14:19:36+00:00</time></trkpt><trkpt lat="45.72923" lon="6.67303"><ele>1959.25</ele><time>2025-07-19T14:19:43+00:00</time></trkpt><trkpt lat="45.72931" lon="6.67304"><ele>1959.83</ele><time>2025-07-19T14:19:47+00:00</time></trkpt><trkpt lat="45.72962" lon="6.67280"><ele>1967.51</ele><time>2025-07-19T14:20:17+00:00</time></trkpt><trkpt lat="45.72972" lon="6.67256"><ele>1971.81</ele><time>2025-07-19T14:20:34+00:00</time></trkpt><trkpt lat="45.72980" lon="6.67243"><ele>1971.81</ele><time>2025-07-19T14:20:39+00:00</time></trkpt><trkpt lat="45.72979" lon="6.67230"><ele>1971.81</ele><time>2025-07-19T14:20:42+00:00</time></trkpt><trkpt lat="45.72983" lon="6.67227"><ele>1971.81</ele><time>2025-07-19T14:20:44+00:00</time></trkpt><trkpt lat="45.72990" lon="6.67229"><ele>1974.22</ele><time>2025-07-19T14:20:53+00:00</time></trkpt><trkpt lat="45.73021" lon="6.67275"><ele>1980.75</ele><time>2025-07-19T14:21:23+00:00</time></trkpt><trkpt lat="45.73039" lon="6.67295"><ele>1983.43</ele><time>2025-07-19T14:21:37+00:00</time></trkpt><trkpt lat="45.73115" lon="6.67347"><ele>1998.30</ele><time>2025-07-19T14:22:39+00:00</time></trkpt><trkpt lat="45.73136" lon="6.67352"><ele>1999.08</ele><time>2025-07-19T14:22:48+00:00</time></trkpt><trkpt lat="45.73176" lon="6.67335"><ele>1999.92</ele><time>2025-07-19T14:23:06+00:00</time></trkpt><trkpt lat="45.73217" lon="6.67304"><ele>2010.79</ele><time>2025-07-19T14:23:48+00:00</time></trkpt><trkpt lat="45.73247" lon="6.67287"><ele>2012.92</ele><time>2025-07-19T14:24:04+00:00</time></trkpt><trkpt lat="45.73278" lon="6.67280"><ele>2018.03</ele><time>2025-07-19T14:24:26+00:00</time></trkpt><trkpt lat="45.73300" lon="6.67280"><ele>2021.46</ele><time>2025-07-19T14:24:41+00:00</time></trkpt><trkpt lat="45.73320" lon="6.67270"><ele>2023.89</ele><time>2025-07-19T14:24:54+00:00</time></trkpt><trkpt lat="45.73329" lon="6.67269"><ele>2025.80</ele><time>2025-07-19T14:25:01+00:00</time></trkpt><trkpt lat="45.73348" lon="6.67272"><ele>2026.63</ele><time>2025-07-19T14:25:10+00:00</time></trkpt><trkpt lat="45.73351" lon="6.67276"><ele>2027.12</ele><time>2025-07-19T14:25:13+00:00</time></trkpt><trkpt lat="45.73348" lon="6.67283"><ele>2027.12</ele><time>2025-07-19T14:25:15+00:00</time></trkpt><trkpt lat="45.73339" lon="6.67286"><ele>2027.70</ele><time>2025-07-19T14:25:20+00:00</time></trkpt><trkpt lat="45.73333" lon="6.67293"><ele>2027.70</ele><time>2025-07-19T14:25:23+00:00</time></trkpt><trkpt lat="45.73326" lon="6.67323"><ele>2029.78</ele><time>2025-07-19T14:25:35+00:00</time></trkpt><trkpt lat="45.73333" lon="6.67359"><ele>2036.75</ele><time>2025-07-19T14:26:01+00:00</time></trkpt><trkpt lat="45.73332" lon="6.67420"><ele>2043.52</ele><time>2025-07-19T14:26:31+00:00</time></trkpt><trkpt lat="45.73343" lon="6.67429"><ele>2045.16</ele><time>2025-07-19T14:26:39+00:00</time></trkpt><trkpt lat="45.73350" lon="6.67428"><ele>2046.29</ele><time>2025-07-19T14:26:44+00:00</time></trkpt><trkpt lat="45.73367" lon="6.67416"><ele>2047.87</ele><time>2025-07-19T14:26:54+00:00</time></trkpt><trkpt lat="45.73383" lon="6.67392"><ele>2050.62</ele><time>2025-07-19T14:27:08+00:00</time></trkpt><trkpt lat="45.73389" lon="6.67388"><ele>2051.42</ele><time>2025-07-19T14:27:12+00:00</time></trkpt><trkpt lat="45.73396" lon="6.67390"><ele>2051.42</ele><time>2025-07-19T14:27:15+00:00</time></trkpt><trkpt lat="45.73408" lon="6.67404"><ele>2052.23</ele><time>2025-07-19T14:27:22+00:00</time></trkpt><trkpt lat="45.73417" lon="6.67420"><ele>2053.90</ele><time>2025-07-19T14:27:30+00:00</time></trkpt><trkpt lat="45.73430" lon="6.67469"><ele>2062.55</ele><time>2025-07-19T14:28:04+00:00</time></trkpt><trkpt lat="45.73428" lon="6.67497"><ele>2065.47</ele><time>2025-07-19T14:28:17+00:00</time></trkpt><trkpt lat="45.73430" lon="6.67510"><ele>2065.47</ele><time>2025-07-19T14:28:21+00:00</time></trkpt><trkpt lat="45.73435" lon="6.67516"><ele>2066.58</ele><time>2025-07-19T14:28:25+00:00</time></trkpt><trkpt lat="45.73460" lon="6.67517"><ele>2068.67</ele><time>2025-07-19T14:28:39+00:00</time></trkpt><trkpt lat="45.73480" lon="6.67510"><ele>2071.60</ele><time>2025-07-19T14:28:52+00:00</time></trkpt><trkpt lat="45.73491" lon="6.67510"><ele>2074.07</ele><time>2025-07-19T14:29:02+00:00</time></trkpt><trkpt lat="45.73508" lon="6.67519"><ele>2075.43</ele><time>2025-07-19T14:29:11+00:00</time></trkpt><trkpt lat="45.73526" lon="6.67525"><ele>2078.73</ele><time>2025-07-19T14:29:25+00:00</time></trkpt><trkpt lat="45.73554" lon="6.67547"><ele>2086.10</ele><time>2025-07-19T14:29:53+00:00</time></trkpt><trkpt lat="45.73581" lon="6.67563"><ele>2090.16</ele><time>2025-07-19T14:30:12+00:00</time></trkpt><trkpt lat="45.73591" lon="6.67573"><ele>2090.68</ele><time>2025-07-19T14:30:18+00:00</time></trkpt><trkpt lat="45.73596" lon="6.67574"><ele>2091.57</ele><time>2025-07-19T14:30:22+00:00</time></trkpt><trkpt lat="45.73599" lon="6.67569"><ele>2091.57</ele><time>2025-07-19T14:30:23+00:00</time></trkpt><trkpt lat="45.73598" lon="6.67561"><ele>2091.57</ele><time>2025-07-19T14:30:26+00:00</time></trkpt><trkpt lat="45.73578" lon="6.67531"><ele>2093.74</ele><time>2025-07-19T14:30:41+00:00</time></trkpt><trkpt lat="45.73560" lon="6.67493"><ele>2102.98</ele><time>2025-07-19T14:31:16+00:00</time></trkpt><trkpt lat="45.73553" lon="6.67453"><ele>2106.63</ele><time>2025-07-19T14:31:34+00:00</time></trkpt><trkpt lat="45.73556" lon="6.67447"><ele>2106.63</ele><time>2025-07-19T14:31:36+00:00</time></trkpt><trkpt lat="45.73565" lon="6.67448"><ele>2106.63</ele><time>2025-07-19T14:31:39+00:00</time></trkpt><trkpt lat="45.73578" lon="6.67457"><ele>2108.66</ele><time>2025-07-19T14:31:49+00:00</time></trkpt><trkpt lat="45.73594" lon="6.67463"><ele>2110.27</ele><time>2025-07-19T14:31:58+00:00</time></trkpt><trkpt lat="45.73614" lon="6.67464"><ele>2115.24</ele><time>2025-07-19T14:32:17+00:00</time></trkpt><trkpt lat="45.73633" lon="6.67460"><ele>2120.44</ele><time>2025-07-19T14:32:37+00:00</time></trkpt><trkpt lat="45.73657" lon="6.67466"><ele>2123.28</ele><time>2025-07-19T14:32:51+00:00</time></trkpt><trkpt lat="45.73667" lon="6.67462"><ele>2125.14</ele><time>2025-07-19T14:32:59+00:00</time></trkpt><trkpt lat="45.73673" lon="6.67464"><ele>2125.45</ele><time>2025-07-19T14:33:02+00:00</time></trkpt><trkpt lat="45.73674" lon="6.67469"><ele>2125.45</ele><time>2025-07-19T14:33:03+00:00</time></trkpt><trkpt lat="45.73662" lon="6.67483"><ele>2126.37</ele><time>2025-07-19T14:33:11+00:00</time></trkpt><trkpt lat="45.73653" lon="6.67488"><ele>2126.37</ele><time>2025-07-19T14:33:15+00:00</time></trkpt><trkpt lat="45.73649" lon="6.67493"><ele>2126.78</ele><time>2025-07-19T14:33:18+00:00</time></trkpt><trkpt lat="45.73651" lon="6.67500"><ele>2127.26</ele><time>2025-07-19T14:33:20+00:00</time></trkpt><trkpt lat="45.73657" lon="6.67502"><ele>2127.52</ele><time>2025-07-19T14:33:23+00:00</time></trkpt><trkpt lat="45.73671" lon="6.67496"><ele>2128.15</ele><time>2025-07-19T14:33:30+00:00</time></trkpt><trkpt lat="45.73689" lon="6.67478"><ele>2130.83</ele><time>2025-07-19T14:33:43+00:00</time></trkpt><trkpt lat="45.73706" lon="6.67443"><ele>2137.86</ele><time>2025-07-19T14:34:10+00:00</time></trkpt><trkpt lat="45.73723" lon="6.67382"><ele>2145.62</ele><time>2025-07-19T14:34:43+00:00</time></trkpt><trkpt lat="45.73727" lon="6.67378"><ele>2146.97</ele><time>2025-07-19T14:34:49+00:00</time></trkpt><trkpt lat="45.73731" lon="6.67380"><ele>2147.49</ele><time>2025-07-19T14:34:51+00:00</time></trkpt><trkpt lat="45.73732" lon="6.67384"><ele>2147.49</ele><time>2025-07-19T14:34:52+00:00</time></trkpt><trkpt lat="45.73726" lon="6.67410"><ele>2148.88</ele><time>2025-07-19T14:35:02+00:00</time></trkpt><trkpt lat="45.73727" lon="6.67420"><ele>2149.34</ele><time>2025-07-19T14:35:06+00:00</time></trkpt><trkpt lat="45.73734" lon="6.67438"><ele>2150.27</ele><time>2025-07-19T14:35:13+00:00</time></trkpt><trkpt lat="45.73734" lon="6.67456"><ele>2151.31</ele><time>2025-07-19T14:35:19+00:00</time></trkpt><trkpt lat="45.73737" lon="6.67461"><ele>2151.31</ele><time>2025-07-19T14:35:21+00:00</time></trkpt><trkpt lat="45.73742" lon="6.67462"><ele>2151.31</ele><time>2025-07-19T14:35:23+00:00</time></trkpt><trkpt lat="45.73747" lon="6.67458"><ele>2153.04</ele><time>2025-07-19T14:35:30+00:00</time></trkpt><trkpt lat="45.73768" lon="6.67400"><ele>2161.50</ele><time>2025-07-19T14:36:05+00:00</time></trkpt><trkpt lat="45.73774" lon="6.67395"><ele>2163.99</ele><time>2025-07-19T14:36:14+00:00</time></trkpt><trkpt lat="45.73806" lon="6.67400"><ele>2169.45</ele><time>2025-07-19T14:36:38+00:00</time></trkpt><trkpt lat="45.73822" lon="6.67399"><ele>2174.07</ele><time>2025-07-19T14:36:55+00:00</time></trkpt><trkpt lat="45.73835" lon="6.67406"><ele>2174.96</ele><time>2025-07-19T14:37:02+00:00</time></trkpt><trkpt lat="45.73844" lon="6.67407"><ele>2174.96</ele><time>2025-07-19T14:37:06+00:00</time></trkpt><trkpt lat="45.73854" lon="6.67413"><ele>2176.32</ele><time>2025-07-19T14:37:12+00:00</time></trkpt><trkpt lat="45.73876" lon="6.67419"><ele>2177.03</ele><time>2025-07-19T14:37:22+00:00</time></trkpt><trkpt lat="45.73937" lon="6.67410"><ele>2202.26</ele><time>2025-07-19T14:39:05+00:00</time></trkpt><trkpt lat="45.73945" lon="6.67413"><ele>2202.81</ele><time>2025-07-19T14:39:09+00:00</time></trkpt><trkpt lat="45.73957" lon="6.67426"><ele>2203.45</ele><time>2025-07-19T14:39:16+00:00</time></trkpt><trkpt lat="45.73976" lon="6.67433"><ele>2204.18</ele><time>2025-07-19T14:39:25+00:00</time></trkpt><trkpt lat="45.73980" lon="6.67437"><ele>2205.27</ele><time>2025-07-19T14:39:29+00:00</time></trkpt><trkpt lat="45.73983" lon="6.67447"><ele>2206.82</ele><time>2025-07-19T14:39:36+00:00</time></trkpt><trkpt lat="45.73976" lon="6.67488"><ele>2209.09</ele><time>2025-07-19T14:39:51+00:00</time></trkpt><trkpt lat="45.73978" lon="6.67494"><ele>2210.07</ele><time>2025-07-19T14:39:55+00:00</time></trkpt><trkpt lat="45.73984" lon="6.67499"><ele>2213.27</ele><time>2025-07-19T14:40:09+00:00</time></trkpt><trkpt lat="45.74006" lon="6.67500"><ele>2218.34</ele><time>2025-07-19T14:40:28+00:00</time></trkpt><trkpt lat="45.74023" lon="6.67510"><ele>2224.75</ele><time>2025-07-19T14:40:53+00:00</time></trkpt><trkpt lat="45.74032" lon="6.67510"><ele>2228.00</ele><time>2025-07-19T14:41:06+00:00</time></trkpt><trkpt lat="45.74047" lon="6.67504"><ele>2228.00</ele><time>2025-07-19T14:41:12+00:00</time></trkpt><trkpt lat="45.74052" lon="6.67500"><ele>2231.17</ele><time>2025-07-19T14:41:28+00:00</time></trkpt><trkpt lat="45.74051" lon="6.67484"><ele>2231.17</ele><time>2025-07-19T14:41:32+00:00</time></trkpt><trkpt lat="45.74056" lon="6.67472"><ele>2235.20</ele><time>2025-07-19T14:41:49+00:00</time></trkpt><trkpt lat="45.74056" lon="6.67440"><ele>2239.65</ele><time>2025-07-19T14:42:07+00:00</time></trkpt><trkpt lat="45.74063" lon="6.67421"><ele>2242.99</ele><time>2025-07-19T14:42:20+00:00</time></trkpt><trkpt lat="45.74069" lon="6.67412"><ele>2242.99</ele><time>2025-07-19T14:42:23+00:00</time></trkpt><trkpt lat="45.74072" lon="6.67399"><ele>2244.24</ele><time>2025-07-19T14:42:29+00:00</time></trkpt><trkpt lat="45.74070" lon="6.67387"><ele>2245.05</ele><time>2025-07-19T14:42:34+00:00</time></trkpt><trkpt lat="45.74072" lon="6.67374"><ele>2245.85</ele><time>2025-07-19T14:42:39+00:00</time></trkpt><trkpt lat="45.74097" lon="6.67346"><ele>2247.51</ele><time>2025-07-19T14:42:54+00:00</time></trkpt><trkpt lat="45.74142" lon="6.67272"><ele>2272.33</ele><time>2025-07-19T14:44:31+00:00</time></trkpt><trkpt lat="45.74157" lon="6.67262"><ele>2272.57</ele><time>2025-07-19T14:44:38+00:00</time></trkpt><trkpt lat="45.74165" lon="6.67253"><ele>2272.57</ele><time>2025-07-19T14:44:42+00:00</time></trkpt><trkpt lat="45.74166" lon="6.67247"><ele>2272.57</ele><time>2025-07-19T14:44:44+00:00</time></trkpt><trkpt lat="45.74175" lon="6.67247"><ele>2272.57</ele><time>2025-07-19T14:44:47+00:00</time></trkpt><trkpt lat="45.74187" lon="6.67238"><ele>2272.79</ele><time>2025-07-19T14:44:53+00:00</time></trkpt><trkpt lat="45.74234" lon="6.67224"><ele>2289.26</ele><time>2025-07-19T14:45:57+00:00</time></trkpt><trkpt lat="45.74306" lon="6.67207"><ele>2309.33</ele><time>2025-07-19T14:47:13+00:00</time></trkpt><trkpt lat="45.74334" lon="6.67211"><ele>2310.20</ele><time>2025-07-19T14:47:26+00:00</time></trkpt><trkpt lat="45.74366" lon="6.67204"><ele>2310.79</ele><time>2025-07-19T14:47:40+00:00</time></trkpt><trkpt lat="45.74374" lon="6.67190"><ele>2310.54</ele><time>2025-07-19T14:47:44+00:00</time></trkpt><trkpt lat="45.74372" lon="6.67128"><ele>2310.22</ele><time>2025-07-19T14:48:01+00:00</time></trkpt><trkpt lat="45.74323" lon="6.67080"><ele>2305.16</ele><time>2025-07-19T14:48:20+00:00</time></trkpt><trkpt lat="45.74292" lon="6.67053"><ele>2304.30</ele><time>2025-07-19T14:48:34+00:00</time></trkpt><trkpt lat="45.74274" lon="6.67031"><ele>2302.91</ele><time>2025-07-19T14:48:42+00:00</time></trkpt><trkpt lat="45.74257" lon="6.67003"><ele>2302.42</ele><time>2025-07-19T14:48:52+00:00</time></trkpt><trkpt lat="45.74247" lon="6.66995"><ele>2302.42</ele><time>2025-07-19T14:48:56+00:00</time></trkpt><trkpt lat="45.74233" lon="6.66964"><ele>2302.45</ele><time>2025-07-19T14:49:06+00:00</time></trkpt><trkpt lat="45.74224" lon="6.66925"><ele>2302.64</ele><time>2025-07-19T14:49:18+00:00</time></trkpt><trkpt lat="45.74143" lon="6.66775"><ele>2292.39</ele><time>2025-07-19T14:50:01+00:00</time></trkpt><trkpt lat="45.74120" lon="6.66743"><ele>2292.39</ele><time>2025-07-19T14:50:14+00:00</time></trkpt><trkpt lat="45.74092" lon="6.66609"><ele>2276.87</ele><time>2025-07-19T14:50:43+00:00</time></trkpt><trkpt lat="45.74096" lon="6.66536"><ele>2287.14</ele><time>2025-07-19T14:51:24+00:00</time></trkpt><trkpt lat="45.74079" lon="6.66477"><ele>2287.14</ele><time>2025-07-19T14:51:42+00:00</time></trkpt><trkpt lat="45.74030" lon="6.66397"><ele>2300.42</ele><time>2025-07-19T14:52:37+00:00</time></trkpt><trkpt lat="45.73986" lon="6.66344"><ele>2315.91</ele><time>2025-07-19T14:53:36+00:00</time></trkpt><trkpt lat="45.73980" lon="6.66296"><ele>2319.56</ele><time>2025-07-19T14:53:56+00:00</time></trkpt><trkpt lat="45.73980" lon="6.66245"><ele>2326.77</ele><time>2025-07-19T14:54:25+00:00</time></trkpt><trkpt lat="45.73984" lon="6.66207"><ele>2330.50</ele><time>2025-07-19T14:54:42+00:00</time></trkpt><trkpt lat="45.73982" lon="6.66187"><ele>2330.50</ele><time>2025-07-19T14:54:48+00:00</time></trkpt><trkpt lat="45.73984" lon="6.66178"><ele>2331.71</ele><time>2025-07-19T14:54:53+00:00</time></trkpt><trkpt lat="45.73893" lon="6.66021"><ele>2362.03</ele><time>2025-07-19T14:56:52+00:00</time></trkpt><trkpt lat="45.73923" lon="6.66009"><ele>2362.03</ele><time>2025-07-19T14:57:05+00:00</time></trkpt><trkpt lat="45.73965" lon="6.65939"><ele>2359.88</ele><time>2025-07-19T14:57:28+00:00</time></trkpt><trkpt lat="45.73986" lon="6.65870"><ele>2360.29</ele><time>2025-07-19T14:57:50+00:00</time></trkpt><trkpt lat="45.74007" lon="6.65737"><ele>2374.73</ele><time>2025-07-19T14:58:54+00:00</time></trkpt><trkpt lat="45.74024" lon="6.65683"><ele>2378.68</ele><time>2025-07-19T14:59:17+00:00</time></trkpt><trkpt lat="45.74039" lon="6.65661"><ele>2381.91</ele><time>2025-07-19T14:59:31+00:00</time></trkpt><trkpt lat="45.74035" lon="6.65636"><ele>2381.91</ele><time>2025-07-19T14:59:39+00:00</time></trkpt><trkpt lat="45.74040" lon="6.65610"><ele>2383.35</ele><time>2025-07-19T14:59:48+00:00</time></trkpt><trkpt lat="45.74033" lon="6.65531"><ele>2373.35</ele><time>2025-07-19T15:00:05+00:00</time></trkpt><trkpt lat="45.74052" lon="6.65524"><ele>2373.35</ele><time>2025-07-19T15:00:13+00:00</time></trkpt><trkpt lat="45.74066" lon="6.65510"><ele>2373.35</ele><time>2025-07-19T15:00:19+00:00</time></trkpt><trkpt lat="45.74066" lon="6.65497"><ele>2370.87</ele><time>2025-07-19T15:00:23+00:00</time></trkpt><trkpt lat="45.74090" lon="6.65456"><ele>2361.30</ele><time>2025-07-19T15:00:35+00:00</time></trkpt><trkpt lat="45.74106" lon="6.65447"><ele>2357.94</ele><time>2025-07-19T15:00:40+00:00</time></trkpt><trkpt lat="45.74120" lon="6.65432"><ele>2355.60</ele><time>2025-07-19T15:00:46+00:00</time></trkpt><trkpt lat="45.74150" lon="6.65421"><ele>2352.21</ele><time>2025-07-19T15:00:55+00:00</time></trkpt><trkpt lat="45.74159" lon="6.65414"><ele>2352.21</ele><time>2025-07-19T15:00:59+00:00</time></trkpt><trkpt lat="45.74168" lon="6.65402"><ele>2349.05</ele><time>2025-07-19T15:01:03+00:00</time></trkpt><trkpt lat="45.74202" lon="6.65376"><ele>2342.08</ele><time>2025-07-19T15:01:15+00:00</time></trkpt><trkpt lat="45.74213" lon="6.65356"><ele>2338.22</ele><time>2025-07-19T15:01:20+00:00</time></trkpt><trkpt lat="45.74239" lon="6.65350"><ele>2337.05</ele><time>2025-07-19T15:01:30+00:00</time></trkpt><trkpt lat="45.74241" lon="6.65334"><ele>2333.83</ele><time>2025-07-19T15:01:34+00:00</time></trkpt><trkpt lat="45.74257" lon="6.65328"><ele>2332.53</ele><time>2025-07-19T15:01:39+00:00</time></trkpt><trkpt lat="45.74256" lon="6.65299"><ele>2326.99</ele><time>2025-07-19T15:01:46+00:00</time></trkpt><trkpt lat="45.74276" lon="6.65265"><ele>2314.18</ele><time>2025-07-19T15:02:06+00:00</time></trkpt><trkpt lat="45.74320" lon="6.65260"><ele>2300.94</ele><time>2025-07-19T15:02:23+00:00</time></trkpt><trkpt lat="45.74333" lon="6.65254"><ele>2297.40</ele><time>2025-07-19T15:02:28+00:00</time></trkpt><trkpt lat="45.74339" lon="6.65254"><ele>2297.40</ele><time>2025-07-19T15:02:31+00:00</time></trkpt><trkpt lat="45.74345" lon="6.65240"><ele>2293.52</ele><time>2025-07-19T15:02:36+00:00</time></trkpt><trkpt lat="45.74325" lon="6.65189"><ele>2278.05</ele><time>2025-07-19T15:02:58+00:00</time></trkpt><trkpt lat="45.74298" lon="6.65141"><ele>2261.34</ele><time>2025-07-19T15:03:22+00:00</time></trkpt><trkpt lat="45.74308" lon="6.65137"><ele>2253.71</ele><time>2025-07-19T15:03:54+00:00</time></trkpt><trkpt lat="45.74287" lon="6.65099"><ele>2251.93</ele><time>2025-07-19T15:04:05+00:00</time></trkpt><trkpt lat="45.74291" lon="6.65088"><ele>2247.94</ele><time>2025-07-19T15:04:13+00:00</time></trkpt><trkpt lat="45.74286" lon="6.65058"><ele>2246.53</ele><time>2025-07-19T15:04:20+00:00</time></trkpt><trkpt lat="45.74292" lon="6.65033"><ele>2242.36</ele><time>2025-07-19T15:04:26+00:00</time></trkpt><trkpt lat="45.74270" lon="6.64982"><ele>2234.12</ele><time>2025-07-19T15:04:38+00:00</time></trkpt><trkpt lat="45.74276" lon="6.64945"><ele>2224.83</ele><time>2025-07-19T15:04:51+00:00</time></trkpt><trkpt lat="45.74266" lon="6.64902"><ele>2216.09</ele><time>2025-07-19T15:05:02+00:00</time></trkpt><trkpt lat="45.74272" lon="6.64868"><ele>2211.52</ele><time>2025-07-19T15:05:09+00:00</time></trkpt><trkpt lat="45.74247" lon="6.64742"><ele>2204.76</ele><time>2025-07-19T15:05:39+00:00</time></trkpt><trkpt lat="45.74235" lon="6.64732"><ele>2204.76</ele><time>2025-07-19T15:05:45+00:00</time></trkpt><trkpt lat="45.74231" lon="6.64723"><ele>2205.20</ele><time>2025-07-19T15:05:49+00:00</time></trkpt><trkpt lat="45.74227" lon="6.64727"><ele>2205.20</ele><time>2025-07-19T15:05:51+00:00</time></trkpt><trkpt lat="45.74210" lon="6.64724"><ele>2205.20</ele><time>2025-07-19T15:05:57+00:00</time></trkpt><trkpt lat="45.74192" lon="6.64714"><ele>2205.65</ele><time>2025-07-19T15:06:06+00:00</time></trkpt><trkpt lat="45.74188" lon="6.64714"><ele>2205.65</ele><time>2025-07-19T15:06:07+00:00</time></trkpt><trkpt lat="45.74144" lon="6.64681"><ele>2206.09</ele><time>2025-07-19T15:06:28+00:00</time></trkpt><trkpt lat="45.74145" lon="6.64656"><ele>2205.86</ele><time>2025-07-19T15:06:34+00:00</time></trkpt><trkpt lat="45.74142" lon="6.64652"><ele>2205.86</ele><time>2025-07-19T15:06:36+00:00</time></trkpt><trkpt lat="45.74149" lon="6.64640"><ele>2205.46</ele><time>2025-07-19T15:06:40+00:00</time></trkpt><trkpt lat="45.74155" lon="6.64621"><ele>2205.23</ele><time>2025-07-19T15:06:46+00:00</time></trkpt><trkpt lat="45.74148" lon="6.64587"><ele>2204.42</ele><time>2025-07-19T15:06:55+00:00</time></trkpt><trkpt lat="45.74132" lon="6.64554"><ele>2203.86</ele><time>2025-07-19T15:07:05+00:00</time></trkpt><trkpt lat="45.74114" lon="6.64532"><ele>2203.96</ele><time>2025-07-19T15:07:15+00:00</time></trkpt><trkpt lat="45.74116" lon="6.64512"><ele>2203.96</ele><time>2025-07-19T15:07:20+00:00</time></trkpt><trkpt lat="45.74114" lon="6.64501"><ele>2204.02</ele><time>2025-07-19T15:07:24+00:00</time></trkpt><trkpt lat="45.74088" lon="6.64452"><ele>2202.19</ele><time>2025-07-19T15:07:39+00:00</time></trkpt><trkpt lat="45.74093" lon="6.64438"><ele>2200.41</ele><time>2025-07-19T15:07:42+00:00</time></trkpt><trkpt lat="45.74091" lon="6.64418"><ele>2198.65</ele><time>2025-07-19T15:07:46+00:00</time></trkpt><trkpt lat="45.74096" lon="6.64420"><ele>2198.65</ele><time>2025-07-19T15:07:48+00:00</time></trkpt><trkpt lat="45.74092" lon="6.64391"><ele>2195.65</ele><time>2025-07-19T15:07:54+00:00</time></trkpt><trkpt lat="45.74093" lon="6.64374"><ele>2194.67</ele><time>2025-07-19T15:07:58+00:00</time></trkpt><trkpt lat="45.74089" lon="6.64366"><ele>2194.67</ele><time>2025-07-19T15:08:01+00:00</time></trkpt><trkpt lat="45.74100" lon="6.64360"><ele>2191.22</ele><time>2025-07-19T15:08:06+00:00</time></trkpt><trkpt lat="45.74100" lon="6.64356"><ele>2190.17</ele><time>2025-07-19T15:08:07+00:00</time></trkpt><trkpt lat="45.74093" lon="6.64309"><ele>2185.15</ele><time>2025-07-19T15:08:17+00:00</time></trkpt><trkpt lat="45.74087" lon="6.64294"><ele>2184.35</ele><time>2025-07-19T15:08:21+00:00</time></trkpt><trkpt lat="45.74091" lon="6.64289"><ele>2183.41</ele><time>2025-07-19T15:08:23+00:00</time></trkpt><trkpt lat="45.74087" lon="6.64275"><ele>2183.41</ele><time>2025-07-19T15:08:27+00:00</time></trkpt><trkpt lat="45.74075" lon="6.64256"><ele>2182.12</ele><time>2025-07-19T15:08:33+00:00</time></trkpt><trkpt lat="45.74058" lon="6.64219"><ele>2178.98</ele><time>2025-07-19T15:08:42+00:00</time></trkpt><trkpt lat="45.74049" lon="6.64208"><ele>2178.98</ele><time>2025-07-19T15:08:47+00:00</time></trkpt><trkpt lat="45.74046" lon="6.64199"><ele>2177.30</ele><time>2025-07-19T15:08:49+00:00</time></trkpt><trkpt lat="45.74041" lon="6.64195"><ele>2177.30</ele><time>2025-07-19T15:08:52+00:00</time></trkpt><trkpt lat="45.74017" lon="6.64154"><ele>2174.62</ele><time>2025-07-19T15:09:04+00:00</time></trkpt><trkpt lat="45.74008" lon="6.64125"><ele>2171.80</ele><time>2025-07-19T15:09:11+00:00</time></trkpt><trkpt lat="45.73978" lon="6.64064"><ele>2158.05</ele><time>2025-07-19T15:09:28+00:00</time></trkpt><trkpt lat="45.73955" lon="6.64004"><ele>2140.85</ele><time>2025-07-19T15:09:52+00:00</time></trkpt><trkpt lat="45.73950" lon="6.63980"><ele>2136.20</ele><time>2025-07-19T15:09:58+00:00</time></trkpt><trkpt lat="45.73921" lon="6.63933"><ele>2125.84</ele><time>2025-07-19T15:10:12+00:00</time></trkpt><trkpt lat="45.73910" lon="6.63918"><ele>2122.11</ele><time>2025-07-19T15:10:17+00:00</time></trkpt><trkpt lat="45.73900" lon="6.63911"><ele>2121.08</ele><time>2025-07-19T15:10:21+00:00</time></trkpt><trkpt lat="45.73897" lon="6.63901"><ele>2121.08</ele><time>2025-07-19T15:10:24+00:00</time></trkpt><trkpt lat="45.73887" lon="6.63886"><ele>2119.91</ele><time>2025-07-19T15:10:29+00:00</time></trkpt><trkpt lat="45.73874" lon="6.63857"><ele>2117.15</ele><time>2025-07-19T15:10:36+00:00</time></trkpt><trkpt lat="45.73850" lon="6.63820"><ele>2112.38</ele><time>2025-07-19T15:10:47+00:00</time></trkpt><trkpt lat="45.73799" lon="6.63715"><ele>2097.55</ele><time>2025-07-19T15:11:13+00:00</time></trkpt><trkpt lat="45.73786" lon="6.63696"><ele>2096.66</ele><time>2025-07-19T15:11:19+00:00</time></trkpt><trkpt lat="45.73774" lon="6.63657"><ele>2095.20</ele><time>2025-07-19T15:11:30+00:00</time></trkpt><trkpt lat="45.73760" lon="6.63635"><ele>2095.18</ele><time>2025-07-19T15:11:38+00:00</time></trkpt><trkpt lat="45.73751" lon="6.63613"><ele>2095.18</ele><time>2025-07-19T15:11:45+00:00</time></trkpt><trkpt lat="45.73737" lon="6.63597"><ele>2095.91</ele><time>2025-07-19T15:11:53+00:00</time></trkpt><trkpt lat="45.73734" lon="6.63589"><ele>2095.91</ele><time>2025-07-19T15:11:56+00:00</time></trkpt><trkpt lat="45.73736" lon="6.63585"><ele>2096.22</ele><time>2025-07-19T15:11:58+00:00</time></trkpt><trkpt lat="45.73719" lon="6.63549"><ele>2097.66</ele><time>2025-07-19T15:12:12+00:00</time></trkpt><trkpt lat="45.73719" lon="6.63543"><ele>2097.94</ele><time>2025-07-19T15:12:14+00:00</time></trkpt><trkpt lat="45.73711" lon="6.63535"><ele>2098.52</ele><time>2025-07-19T15:12:19+00:00</time></trkpt><trkpt lat="45.73708" lon="6.63527"><ele>2099.22</ele><time>2025-07-19T15:12:23+00:00</time></trkpt><trkpt lat="45.73709" lon="6.63518"><ele>2099.52</ele><time>2025-07-19T15:12:25+00:00</time></trkpt><trkpt lat="45.73704" lon="6.63509"><ele>2099.52</ele><time>2025-07-19T15:12:29+00:00</time></trkpt><trkpt lat="45.73703" lon="6.63487"><ele>2100.66</ele><time>2025-07-19T15:12:37+00:00</time></trkpt><trkpt lat="45.73696" lon="6.63468"><ele>2101.86</ele><time>2025-07-19T15:12:44+00:00</time></trkpt><trkpt lat="45.73697" lon="6.63462"><ele>2102.19</ele><time>2025-07-19T15:12:47+00:00</time></trkpt><trkpt lat="45.73694" lon="6.63446"><ele>2103.94</ele><time>2025-07-19T15:12:54+00:00</time></trkpt><trkpt lat="45.73700" lon="6.63437"><ele>2105.23</ele><time>2025-07-19T15:13:00+00:00</time></trkpt><trkpt lat="45.73702" lon="6.63427"><ele>2106.59</ele><time>2025-07-19T15:13:06+00:00</time></trkpt><trkpt lat="45.73700" lon="6.63399"><ele>2109.17</ele><time>2025-07-19T15:13:18+00:00</time></trkpt><trkpt lat="45.73693" lon="6.63385"><ele>2109.87</ele><time>2025-07-19T15:13:24+00:00</time></trkpt><trkpt lat="45.73696" lon="6.63384"><ele>2109.87</ele><time>2025-07-19T15:13:25+00:00</time></trkpt><trkpt lat="45.73703" lon="6.63374"><ele>2112.04</ele><time>2025-07-19T15:13:34+00:00</time></trkpt><trkpt lat="45.73698" lon="6.63360"><ele>2112.77</ele><time>2025-07-19T15:13:39+00:00</time></trkpt><trkpt lat="45.73699" lon="6.63357"><ele>2112.77</ele><time>2025-07-19T15:13:40+00:00</time></trkpt><trkpt lat="45.73724" lon="6.63345"><ele>2116.19</ele><time>2025-07-19T15:13:57+00:00</time></trkpt><trkpt lat="45.73724" lon="6.63342"><ele>2116.19</ele><time>2025-07-19T15:13:57+00:00</time></trkpt><trkpt lat="45.73707" lon="6.63322"><ele>2122.44</ele><time>2025-07-19T15:14:21+00:00</time></trkpt><trkpt lat="45.73686" lon="6.63282"><ele>2132.62</ele><time>2025-07-19T15:15:00+00:00</time></trkpt><trkpt lat="45.73678" lon="6.63262"><ele>2137.44</ele><time>2025-07-19T15:15:18+00:00</time></trkpt><trkpt lat="45.73689" lon="6.63258"><ele>2139.51</ele><time>2025-07-19T15:15:27+00:00</time></trkpt><trkpt lat="45.73709" lon="6.63266"><ele>2143.82</ele><time>2025-07-19T15:15:44+00:00</time></trkpt><trkpt lat="45.73733" lon="6.63263"><ele>2148.74</ele><time>2025-07-19T15:16:04+00:00</time></trkpt><trkpt lat="45.73719" lon="6.63240"><ele>2153.86</ele><time>2025-07-19T15:16:23+00:00</time></trkpt><trkpt lat="45.73737" lon="6.63236"><ele>2160.63</ele><time>2025-07-19T15:16:50+00:00</time></trkpt><trkpt lat="45.73756" lon="6.63218"><ele>2163.89</ele><time>2025-07-19T15:17:05+00:00</time></trkpt><trkpt lat="45.73763" lon="6.63216"><ele>2165.39</ele><time>2025-07-19T15:17:11+00:00</time></trkpt><trkpt lat="45.73765" lon="6.63213"><ele>2165.39</ele><time>2025-07-19T15:17:12+00:00</time></trkpt><trkpt lat="45.73768" lon="6.63197"><ele>2165.69</ele><time>2025-07-19T15:17:17+00:00</time></trkpt><trkpt lat="45.73761" lon="6.63186"><ele>2166.55</ele><time>2025-07-19T15:17:23+00:00</time></trkpt><trkpt lat="45.73759" lon="6.63174"><ele>2166.55</ele><time>2025-07-19T15:17:26+00:00</time></trkpt><trkpt lat="45.73764" lon="6.63148"><ele>2167.24</ele><time>2025-07-19T15:17:35+00:00</time></trkpt><trkpt lat="45.73763" lon="6.63123"><ele>2167.45</ele><time>2025-07-19T15:17:42+00:00</time></trkpt><trkpt lat="45.73772" lon="6.63108"><ele>2167.57</ele><time>2025-07-19T15:17:48+00:00</time></trkpt><trkpt lat="45.73789" lon="6.63018"><ele>2166.86</ele><time>2025-07-19T15:18:13+00:00</time></trkpt><trkpt lat="45.73793" lon="6.63007"><ele>2166.86</ele><time>2025-07-19T15:18:16+00:00</time></trkpt><trkpt lat="45.73794" lon="6.62969"><ele>2166.92</ele><time>2025-07-19T15:18:27+00:00</time></trkpt><trkpt lat="45.73789" lon="6.62913"><ele>2167.24</ele><time>2025-07-19T15:18:43+00:00</time></trkpt><trkpt lat="45.73773" lon="6.62856"><ele>2168.04</ele><time>2025-07-19T15:19:01+00:00</time></trkpt><trkpt lat="45.73759" lon="6.62815"><ele>2169.01</ele><time>2025-07-19T15:19:15+00:00</time></trkpt><trkpt lat="45.73748" lon="6.62793"><ele>2169.62</ele><time>2025-07-19T15:19:24+00:00</time></trkpt><trkpt lat="45.73706" lon="6.62743"><ele>2164.89</ele><time>2025-07-19T15:19:41+00:00</time></trkpt><trkpt lat="45.73691" lon="6.62720"><ele>2164.34</ele><time>2025-07-19T15:19:49+00:00</time></trkpt><trkpt lat="45.73675" lon="6.62706"><ele>2163.65</ele><time>2025-07-19T15:19:56+00:00</time></trkpt><trkpt lat="45.73663" lon="6.62687"><ele>2163.07</ele><time>2025-07-19T15:20:03+00:00</time></trkpt><trkpt lat="45.73650" lon="6.62688"><ele>2161.63</ele><time>2025-07-19T15:20:07+00:00</time></trkpt><trkpt lat="45.73628" lon="6.62647"><ele>2158.00</ele><time>2025-07-19T15:20:18+00:00</time></trkpt><trkpt lat="45.73605" lon="6.62620"><ele>2156.02</ele><time>2025-07-19T15:20:28+00:00</time></trkpt><trkpt lat="45.73601" lon="6.62610"><ele>2156.02</ele><time>2025-07-19T15:20:31+00:00</time></trkpt><trkpt lat="45.73587" lon="6.62594"><ele>2155.32</ele><time>2025-07-19T15:20:37+00:00</time></trkpt><trkpt lat="45.73570" lon="6.62591"><ele>2153.19</ele><time>2025-07-19T15:20:42+00:00</time></trkpt><trkpt lat="45.73534" lon="6.62590"><ele>2145.07</ele><time>2025-07-19T15:20:54+00:00</time></trkpt><trkpt lat="45.73516" lon="6.62585"><ele>2142.29</ele><time>2025-07-19T15:20:59+00:00</time></trkpt><trkpt lat="45.73499" lon="6.62576"><ele>2139.73</ele><time>2025-07-19T15:21:05+00:00</time></trkpt><trkpt lat="45.73471" lon="6.62548"><ele>2131.25</ele><time>2025-07-19T15:21:16+00:00</time></trkpt><trkpt lat="45.73440" lon="6.62527"><ele>2119.22</ele><time>2025-07-19T15:21:32+00:00</time></trkpt><trkpt lat="45.73405" lon="6.62509"><ele>2110.98</ele><time>2025-07-19T15:21:44+00:00</time></trkpt><trkpt lat="45.73399" lon="6.62514"><ele>2110.98</ele><time>2025-07-19T15:21:47+00:00</time></trkpt><trkpt lat="45.73392" lon="6.62509"><ele>2107.91</ele><time>2025-07-19T15:21:51+00:00</time></trkpt><trkpt lat="45.73370" lon="6.62517"><ele>2106.95</ele><time>2025-07-19T15:21:59+00:00</time></trkpt><trkpt lat="45.73362" lon="6.62512"><ele>2106.95</ele><time>2025-07-19T15:22:03+00:00</time></trkpt><trkpt lat="45.73351" lon="6.62513"><ele>2105.10</ele><time>2025-07-19T15:22:06+00:00</time></trkpt><trkpt lat="45.73328" lon="6.62523"><ele>2104.38</ele><time>2025-07-19T15:22:15+00:00</time></trkpt><trkpt lat="45.73285" lon="6.62473"><ele>2087.53</ele><time>2025-07-19T15:22:37+00:00</time></trkpt><trkpt lat="45.73269" lon="6.62463"><ele>2086.43</ele><time>2025-07-19T15:22:43+00:00</time></trkpt><trkpt lat="45.73261" lon="6.62445"><ele>2085.11</ele><time>2025-07-19T15:22:47+00:00</time></trkpt><trkpt lat="45.73252" lon="6.62445"><ele>2085.11</ele><time>2025-07-19T15:22:51+00:00</time></trkpt><trkpt lat="45.73247" lon="6.62455"><ele>2084.38</ele><time>2025-07-19T15:22:54+00:00</time></trkpt><trkpt lat="45.73238" lon="6.62465"><ele>2082.32</ele><time>2025-07-19T15:22:57+00:00</time></trkpt><trkpt lat="45.73231" lon="6.62465"><ele>2080.77</ele><time>2025-07-19T15:22:59+00:00</time></trkpt><trkpt lat="45.73223" lon="6.62470"><ele>2080.02</ele><time>2025-07-19T15:23:02+00:00</time></trkpt><trkpt lat="45.73201" lon="6.62462"><ele>2075.91</ele><time>2025-07-19T15:23:09+00:00</time></trkpt><trkpt lat="45.73195" lon="6.62456"><ele>2075.48</ele><time>2025-07-19T15:23:11+00:00</time></trkpt><trkpt lat="45.73188" lon="6.62454"><ele>2074.26</ele><time>2025-07-19T15:23:13+00:00</time></trkpt><trkpt lat="45.73180" lon="6.62453"><ele>2073.52</ele><time>2025-07-19T15:23:16+00:00</time></trkpt><trkpt lat="45.73171" lon="6.62457"><ele>2072.13</ele><time>2025-07-19T15:23:19+00:00</time></trkpt><trkpt lat="45.73168" lon="6.62454"><ele>2072.13</ele><time>2025-07-19T15:23:20+00:00</time></trkpt><trkpt lat="45.73167" lon="6.62445"><ele>2071.89</ele><time>2025-07-19T15:23:22+00:00</time></trkpt><trkpt lat="45.73163" lon="6.62439"><ele>2071.58</ele><time>2025-07-19T15:23:24+00:00</time></trkpt><trkpt lat="45.73157" lon="6.62434"><ele>2070.99</ele><time>2025-07-19T15:23:27+00:00</time></trkpt><trkpt lat="45.73143" lon="6.62432"><ele>2070.42</ele><time>2025-07-19T15:23:32+00:00</time></trkpt><trkpt lat="45.73136" lon="6.62427"><ele>2070.42</ele><time>2025-07-19T15:23:35+00:00</time></trkpt><trkpt lat="45.73129" lon="6.62415"><ele>2069.50</ele><time>2025-07-19T15:23:38+00:00</time></trkpt><trkpt lat="45.73119" lon="6.62404"><ele>2068.33</ele><time>2025-07-19T15:23:42+00:00</time></trkpt><trkpt lat="45.73091" lon="6.62384"><ele>2066.87</ele><time>2025-07-19T15:23:53+00:00</time></trkpt><trkpt lat="45.73083" lon="6.62374"><ele>2065.96</ele><time>2025-07-19T15:23:57+00:00</time></trkpt><trkpt lat="45.73057" lon="6.62352"><ele>2065.31</ele><time>2025-07-19T15:24:08+00:00</time></trkpt><trkpt lat="45.73050" lon="6.62350"><ele>2065.46</ele><time>2025-07-19T15:24:11+00:00</time></trkpt><trkpt lat="45.73034" lon="6.62326"><ele>2065.49</ele><time>2025-07-19T15:24:20+00:00</time></trkpt><trkpt lat="45.73021" lon="6.62316"><ele>2066.19</ele><time>2025-07-19T15:24:27+00:00</time></trkpt><trkpt lat="45.73019" lon="6.62310"><ele>2067.19</ele><time>2025-07-19T15:24:31+00:00</time></trkpt><trkpt lat="45.72989" lon="6.62269"><ele>2069.88</ele><time>2025-07-19T15:24:52+00:00</time></trkpt><trkpt lat="45.72988" lon="6.62264"><ele>2070.88</ele><time>2025-07-19T15:24:55+00:00</time></trkpt><trkpt lat="45.72978" lon="6.62250"><ele>2073.69</ele><time>2025-07-19T15:25:07+00:00</time></trkpt><trkpt lat="45.72959" lon="6.62199"><ele>2077.04</ele><time>2025-07-19T15:25:28+00:00</time></trkpt><trkpt lat="45.72911" lon="6.62107"><ele>2106.96</ele><time>2025-07-19T15:27:26+00:00</time></trkpt><trkpt lat="45.72899" lon="6.62099"><ele>2107.97</ele><time>2025-07-19T15:27:33+00:00</time></trkpt><trkpt lat="45.72895" lon="6.62100"><ele>2107.97</ele><time>2025-07-19T15:27:35+00:00</time></trkpt><trkpt lat="45.72889" lon="6.62093"><ele>2108.52</ele><time>2025-07-19T15:27:39+00:00</time></trkpt><trkpt lat="45.72880" lon="6.62091"><ele>2109.17</ele><time>2025-07-19T15:27:43+00:00</time></trkpt><trkpt lat="45.72870" lon="6.62092"><ele>2109.78</ele><time>2025-07-19T15:27:48+00:00</time></trkpt><trkpt lat="45.72862" lon="6.62088"><ele>2110.89</ele><time>2025-07-19T15:27:54+00:00</time></trkpt><trkpt lat="45.72856" lon="6.62090"><ele>2110.89</ele><time>2025-07-19T15:27:56+00:00</time></trkpt><trkpt lat="45.72849" lon="6.62083"><ele>2111.89</ele><time>2025-07-19T15:28:01+00:00</time></trkpt><trkpt lat="45.72844" lon="6.62071"><ele>2113.80</ele><time>2025-07-19T15:28:09+00:00</time></trkpt><trkpt lat="45.72849" lon="6.62060"><ele>2114.41</ele><time>2025-07-19T15:28:13+00:00</time></trkpt><trkpt lat="45.72846" lon="6.62046"><ele>2115.07</ele><time>2025-07-19T15:28:18+00:00</time></trkpt><trkpt lat="45.72838" lon="6.62024"><ele>2117.69</ele><time>2025-07-19T15:28:30+00:00</time></trkpt><trkpt lat="45.72832" lon="6.62015"><ele>2117.69</ele><time>2025-07-19T15:28:34+00:00</time></trkpt><trkpt lat="45.72817" lon="6.61966"><ele>2121.12</ele><time>2025-07-19T15:28:54+00:00</time></trkpt><trkpt lat="45.72806" lon="6.61944"><ele>2126.84</ele><time>2025-07-19T15:29:16+00:00</time></trkpt><trkpt lat="45.72778" lon="6.61922"><ele>2129.89</ele><time>2025-07-19T15:29:33+00:00</time></trkpt><trkpt lat="45.72775" lon="6.61924"><ele>2129.89</ele><time>2025-07-19T15:29:35+00:00</time></trkpt><trkpt lat="45.72769" lon="6.61923"><ele>2129.89</ele><time>2025-07-19T15:29:37+00:00</time></trkpt><trkpt lat="45.72752" lon="6.61906"><ele>2132.27</ele><time>2025-07-19T15:29:49+00:00</time></trkpt><trkpt lat="45.72745" lon="6.61904"><ele>2132.27</ele><time>2025-07-19T15:29:52+00:00</time></trkpt><trkpt lat="45.72725" lon="6.61926"><ele>2134.51</ele><time>2025-07-19T15:30:06+00:00</time></trkpt><trkpt lat="45.72716" lon="6.61913"><ele>2134.51</ele><time>2025-07-19T15:30:11+00:00</time></trkpt><trkpt lat="45.72689" lon="6.61856"><ele>2150.41</ele><time>2025-07-19T15:31:12+00:00</time></trkpt><trkpt lat="45.72670" lon="6.61848"><ele>2152.69</ele><time>2025-07-19T15:31:24+00:00</time></trkpt><trkpt lat="45.72670" lon="6.61843"><ele>2152.69</ele><time>2025-07-19T15:31:25+00:00</time></trkpt><trkpt lat="45.72652" lon="6.61814"><ele>2159.77</ele><time>2025-07-19T15:31:52+00:00</time></trkpt><trkpt lat="45.72646" lon="6.61779"><ele>2164.87</ele><time>2025-07-19T15:32:13+00:00</time></trkpt><trkpt lat="45.72641" lon="6.61777"><ele>2165.54</ele><time>2025-07-19T15:32:16+00:00</time></trkpt><trkpt lat="45.72632" lon="6.61779"><ele>2165.54</ele><time>2025-07-19T15:32:20+00:00</time></trkpt><trkpt lat="45.72633" lon="6.61759"><ele>2167.80</ele><time>2025-07-19T15:32:29+00:00</time></trkpt><trkpt lat="45.72650" lon="6.61742"><ele>2168.36</ele><time>2025-07-19T15:32:39+00:00</time></trkpt><trkpt lat="45.72665" lon="6.61713"><ele>2173.33</ele><time>2025-07-19T15:32:59+00:00</time></trkpt><trkpt lat="45.72673" lon="6.61681"><ele>2176.57</ele><time>2025-07-19T15:33:14+00:00</time></trkpt><trkpt lat="45.72679" lon="6.61670"><ele>2176.57</ele><time>2025-07-19T15:33:18+00:00</time></trkpt><trkpt lat="45.72680" lon="6.61657"><ele>2176.57</ele><time>2025-07-19T15:33:21+00:00</time></trkpt><trkpt lat="45.72691" lon="6.61645"><ele>2177.43</ele><time>2025-07-19T15:33:28+00:00</time></trkpt><trkpt lat="45.72699" lon="6.61643"><ele>2177.52</ele><time>2025-07-19T15:33:31+00:00</time></trkpt><trkpt lat="45.72699" lon="6.61639"><ele>2177.52</ele><time>2025-07-19T15:33:33+00:00</time></trkpt><trkpt lat="45.72719" lon="6.61623"><ele>2177.97</ele><time>2025-07-19T15:33:42+00:00</time></trkpt><trkpt lat="45.72723" lon="6.61615"><ele>2177.97</ele><time>2025-07-19T15:33:45+00:00</time></trkpt><trkpt lat="45.72729" lon="6.61611"><ele>2178.02</ele><time>2025-07-19T15:33:48+00:00</time></trkpt><trkpt lat="45.72741" lon="6.61596"><ele>2178.16</ele><time>2025-07-19T15:33:54+00:00</time></trkpt><trkpt lat="45.72791" lon="6.61517"><ele>2168.09</ele><time>2025-07-19T15:34:17+00:00</time></trkpt><trkpt lat="45.72800" lon="6.61471"><ele>2168.79</ele><time>2025-07-19T15:34:31+00:00</time></trkpt><trkpt lat="45.72800" lon="6.61408"><ele>2170.01</ele><time>2025-07-19T15:34:50+00:00</time></trkpt><trkpt lat="45.72805" lon="6.61382"><ele>2170.72</ele><time>2025-07-19T15:34:59+00:00</time></trkpt><trkpt lat="45.72823" lon="6.61320"><ele>2175.90</ele><time>2025-07-19T15:35:26+00:00</time></trkpt><trkpt lat="45.72840" lon="6.61305"><ele>2174.59</ele><time>2025-07-19T15:35:33+00:00</time></trkpt><trkpt lat="45.72855" lon="6.61319"><ele>2172.44</ele><time>2025-07-19T15:35:38+00:00</time></trkpt><trkpt lat="45.72878" lon="6.61329"><ele>2169.15</ele><time>2025-07-19T15:35:45+00:00</time></trkpt><trkpt lat="45.72885" lon="6.61328"><ele>2167.05</ele><time>2025-07-19T15:35:48+00:00</time></trkpt><trkpt lat="45.72894" lon="6.61334"><ele>2167.05</ele><time>2025-07-19T15:35:52+00:00</time></trkpt><trkpt lat="45.72915" lon="6.61336"><ele>2163.05</ele><time>2025-07-19T15:35:58+00:00</time></trkpt><trkpt lat="45.72915" lon="6.61330"><ele>2163.05</ele><time>2025-07-19T15:36:00+00:00</time></trkpt><trkpt lat="45.72908" lon="6.61329"><ele>2161.23</ele><time>2025-07-19T15:36:02+00:00</time></trkpt><trkpt lat="45.72892" lon="6.61321"><ele>2158.15</ele><time>2025-07-19T15:36:07+00:00</time></trkpt><trkpt lat="45.72883" lon="6.61307"><ele>2156.84</ele><time>2025-07-19T15:36:11+00:00</time></trkpt><trkpt lat="45.72884" lon="6.61304"><ele>2156.84</ele><time>2025-07-19T15:36:12+00:00</time></trkpt><trkpt lat="45.72894" lon="6.61309"><ele>2154.91</ele><time>2025-07-19T15:36:15+00:00</time></trkpt><trkpt lat="45.72910" lon="6.61309"><ele>2150.91</ele><time>2025-07-19T15:36:21+00:00</time></trkpt><trkpt lat="45.72922" lon="6.61297"><ele>2146.62</ele><time>2025-07-19T15:36:26+00:00</time></trkpt><trkpt lat="45.72947" lon="6.61280"><ele>2134.08</ele><time>2025-07-19T15:36:48+00:00</time></trkpt><trkpt lat="45.72958" lon="6.61265"><ele>2128.88</ele><time>2025-07-19T15:36:55+00:00</time></trkpt><trkpt lat="45.72966" lon="6.61237"><ele>2122.97</ele><time>2025-07-19T15:37:03+00:00</time></trkpt><trkpt lat="45.72964" lon="6.61234"><ele>2122.97</ele><time>2025-07-19T15:37:04+00:00</time></trkpt><trkpt lat="45.72946" lon="6.61246"><ele>2119.38</ele><time>2025-07-19T15:37:10+00:00</time></trkpt><trkpt lat="45.72939" lon="6.61245"><ele>2117.19</ele><time>2025-07-19T15:37:13+00:00</time></trkpt><trkpt lat="45.72931" lon="6.61249"><ele>2117.19</ele><time>2025-07-19T15:37:16+00:00</time></trkpt><trkpt lat="45.72912" lon="6.61247"><ele>2114.28</ele><time>2025-07-19T15:37:22+00:00</time></trkpt><trkpt lat="45.72902" lon="6.61241"><ele>2114.28</ele><time>2025-07-19T15:37:26+00:00</time></trkpt><trkpt lat="45.72896" lon="6.61234"><ele>2110.99</ele><time>2025-07-19T15:37:31+00:00</time></trkpt><trkpt lat="45.72915" lon="6.61230"><ele>2108.61</ele><time>2025-07-19T15:37:37+00:00</time></trkpt><trkpt lat="45.72899" lon="6.61200"><ele>2096.07</ele><time>2025-07-19T15:38:00+00:00</time></trkpt><trkpt lat="45.72882" lon="6.61178"><ele>2087.44</ele><time>2025-07-19T15:38:13+00:00</time></trkpt><trkpt lat="45.72881" lon="6.61171"><ele>2087.44</ele><time>2025-07-19T15:38:15+00:00</time></trkpt><trkpt lat="45.72888" lon="6.61173"><ele>2087.44</ele><time>2025-07-19T15:38:18+00:00</time></trkpt><trkpt lat="45.72879" lon="6.61145"><ele>2079.43</ele><time>2025-07-19T15:38:29+00:00</time></trkpt><trkpt lat="45.72874" lon="6.61101"><ele>2068.48</ele><time>2025-07-19T15:38:44+00:00</time></trkpt><trkpt lat="45.72876" lon="6.61092"><ele>2068.48</ele><time>2025-07-19T15:38:46+00:00</time></trkpt><trkpt lat="45.72875" lon="6.61061"><ele>2063.41</ele><time>2025-07-19T15:38:53+00:00</time></trkpt><trkpt lat="45.72879" lon="6.61046"><ele>2063.41</ele><time>2025-07-19T15:38:58+00:00</time></trkpt><trkpt lat="45.72880" lon="6.61025"><ele>2054.99</ele><time>2025-07-19T15:39:19+00:00</time></trkpt><trkpt lat="45.72871" lon="6.60973"><ele>2046.57</ele><time>2025-07-19T15:39:31+00:00</time></trkpt><trkpt lat="45.72875" lon="6.60966"><ele>2044.24</ele><time>2025-07-19T15:39:34+00:00</time></trkpt><trkpt lat="45.72873" lon="6.60930"><ele>2037.27</ele><time>2025-07-19T15:39:43+00:00</time></trkpt><trkpt lat="45.72878" lon="6.60903"><ele>2034.30</ele><time>2025-07-19T15:39:49+00:00</time></trkpt><trkpt lat="45.72876" lon="6.60893"><ele>2032.88</ele><time>2025-07-19T15:39:51+00:00</time></trkpt><trkpt lat="45.72879" lon="6.60891"><ele>2032.88</ele><time>2025-07-19T15:39:52+00:00</time></trkpt><trkpt lat="45.72885" lon="6.60906"><ele>2031.79</ele><time>2025-07-19T15:39:56+00:00</time></trkpt><trkpt lat="45.72888" lon="6.60904"><ele>2031.79</ele><time>2025-07-19T15:39:57+00:00</time></trkpt><trkpt lat="45.72889" lon="6.60893"><ele>2029.45</ele><time>2025-07-19T15:40:00+00:00</time></trkpt><trkpt lat="45.72894" lon="6.60879"><ele>2029.45</ele><time>2025-07-19T15:40:05+00:00</time></trkpt><trkpt lat="45.72883" lon="6.60855"><ele>2023.97</ele><time>2025-07-19T15:40:12+00:00</time></trkpt><trkpt lat="45.72880" lon="6.60838"><ele>2017.60</ele><time>2025-07-19T15:40:25+00:00</time></trkpt><trkpt lat="45.72894" lon="6.60797"><ele>2004.45</ele><time>2025-07-19T15:40:46+00:00</time></trkpt><trkpt lat="45.72900" lon="6.60795"><ele>2001.38</ele><time>2025-07-19T15:40:52+00:00</time></trkpt><trkpt lat="45.72912" lon="6.60783"><ele>1998.77</ele><time>2025-07-19T15:40:56+00:00</time></trkpt><trkpt lat="45.72913" lon="6.60774"><ele>1998.77</ele><time>2025-07-19T15:40:59+00:00</time></trkpt><trkpt lat="45.72918" lon="6.60769"><ele>1998.13</ele><time>2025-07-19T15:41:01+00:00</time></trkpt><trkpt lat="45.72926" lon="6.60768"><ele>1996.71</ele><time>2025-07-19T15:41:03+00:00</time></trkpt><trkpt lat="45.72928" lon="6.60772"><ele>1996.71</ele><time>2025-07-19T15:41:04+00:00</time></trkpt><trkpt lat="45.72927" lon="6.60782"><ele>1995.21</ele><time>2025-07-19T15:41:07+00:00</time></trkpt><trkpt lat="45.72929" lon="6.60784"><ele>1993.76</ele><time>2025-07-19T15:41:10+00:00</time></trkpt><trkpt lat="45.72948" lon="6.60771"><ele>1992.56</ele><time>2025-07-19T15:41:18+00:00</time></trkpt><trkpt lat="45.72955" lon="6.60770"><ele>1989.78</ele><time>2025-07-19T15:41:22+00:00</time></trkpt><trkpt lat="45.72952" lon="6.60764"><ele>1989.78</ele><time>2025-07-19T15:41:24+00:00</time></trkpt><trkpt lat="45.72947" lon="6.60761"><ele>1987.16</ele><time>2025-07-19T15:41:29+00:00</time></trkpt><trkpt lat="45.72946" lon="6.60752"><ele>1985.32</ele><time>2025-07-19T15:41:31+00:00</time></trkpt><trkpt lat="45.72935" lon="6.60723"><ele>1981.14</ele><time>2025-07-19T15:41:38+00:00</time></trkpt><trkpt lat="45.72938" lon="6.60717"><ele>1981.14</ele><time>2025-07-19T15:41:40+00:00</time></trkpt><trkpt lat="45.72945" lon="6.60727"><ele>1979.02</ele><time>2025-07-19T15:41:43+00:00</time></trkpt><trkpt lat="45.72950" lon="6.60726"><ele>1977.91</ele><time>2025-07-19T15:41:45+00:00</time></trkpt><trkpt lat="45.72948" lon="6.60712"><ele>1974.45</ele><time>2025-07-19T15:41:49+00:00</time></trkpt><trkpt lat="45.72951" lon="6.60698"><ele>1972.16</ele><time>2025-07-19T15:41:52+00:00</time></trkpt><trkpt lat="45.72967" lon="6.60654"><ele>1960.63</ele><time>2025-07-19T15:42:08+00:00</time></trkpt><trkpt lat="45.72975" lon="6.60644"><ele>1956.39</ele><time>2025-07-19T15:42:14+00:00</time></trkpt><trkpt lat="45.72977" lon="6.60645"><ele>1952.06</ele><time>2025-07-19T15:47:57+00:00</time></trkpt><trkpt lat="45.72981" lon="6.60631"><ele>1952.06</ele><time>2025-07-19T15:48:01+00:00</time></trkpt><trkpt lat="45.73002" lon="6.60613"><ele>1948.62</ele><time>2025-07-19T15:48:09+00:00</time></trkpt><trkpt lat="45.73012" lon="6.60615"><ele>1945.64</ele><time>2025-07-19T15:48:13+00:00</time></trkpt><trkpt lat="45.73031" lon="6.60601"><ele>1941.66</ele><time>2025-07-19T15:48:19+00:00</time></trkpt><trkpt lat="45.73048" lon="6.60606"><ele>1940.08</ele><time>2025-07-19T15:48:24+00:00</time></trkpt><trkpt lat="45.73054" lon="6.60616"><ele>1938.43</ele><time>2025-07-19T15:48:27+00:00</time></trkpt><trkpt lat="45.73108" lon="6.60646"><ele>1925.81</ele><time>2025-07-19T15:48:45+00:00</time></trkpt><trkpt lat="45.73110" lon="6.60645"><ele>1925.81</ele><time>2025-07-19T15:48:46+00:00</time></trkpt><trkpt lat="45.73110" lon="6.60638"><ele>1925.81</ele><time>2025-07-19T15:48:48+00:00</time></trkpt><trkpt lat="45.73106" lon="6.60630"><ele>1925.81</ele><time>2025-07-19T15:48:51+00:00</time></trkpt><trkpt lat="45.73113" lon="6.60626"><ele>1924.90</ele><time>2025-07-19T15:48:53+00:00</time></trkpt><trkpt lat="45.73113" lon="6.60622"><ele>1924.90</ele><time>2025-07-19T15:48:54+00:00</time></trkpt><trkpt lat="45.73110" lon="6.60616"><ele>1924.90</ele><time>2025-07-19T15:48:56+00:00</time></trkpt><trkpt lat="45.73101" lon="6.60615"><ele>1923.55</ele><time>2025-07-19T15:48:59+00:00</time></trkpt><trkpt lat="45.73081" lon="6.60595"><ele>1917.02</ele><time>2025-07-19T15:49:07+00:00</time></trkpt><trkpt lat="45.73078" lon="6.60569"><ele>1909.87</ele><time>2025-07-19T15:49:18+00:00</time></trkpt><trkpt lat="45.73083" lon="6.60567"><ele>1906.69</ele><time>2025-07-19T15:49:27+00:00</time></trkpt><trkpt lat="45.73085" lon="6.60571"><ele>1906.69</ele><time>2025-07-19T15:49:28+00:00</time></trkpt><trkpt lat="45.73088" lon="6.60570"><ele>1905.38</ele><time>2025-07-19T15:49:30+00:00</time></trkpt><trkpt lat="45.73104" lon="6.60579"><ele>1900.43</ele><time>2025-07-19T15:49:37+00:00</time></trkpt><trkpt lat="45.73118" lon="6.60574"><ele>1898.43</ele><time>2025-07-19T15:49:41+00:00</time></trkpt><trkpt lat="45.73118" lon="6.60569"><ele>1897.36</ele><time>2025-07-19T15:49:42+00:00</time></trkpt><trkpt lat="45.73127" lon="6.60566"><ele>1894.08</ele><time>2025-07-19T15:49:47+00:00</time></trkpt><trkpt lat="45.73127" lon="6.60560"><ele>1891.83</ele><time>2025-07-19T15:49:52+00:00</time></trkpt><trkpt lat="45.73120" lon="6.60553"><ele>1890.84</ele><time>2025-07-19T15:49:54+00:00</time></trkpt><trkpt lat="45.73124" lon="6.60553"><ele>1890.84</ele><time>2025-07-19T15:49:56+00:00</time></trkpt><trkpt lat="45.73130" lon="6.60545"><ele>1887.69</ele><time>2025-07-19T15:50:01+00:00</time></trkpt><trkpt lat="45.73136" lon="6.60547"><ele>1887.69</ele><time>2025-07-19T15:50:03+00:00</time></trkpt><trkpt lat="45.73147" lon="6.60539"><ele>1883.59</ele><time>2025-07-19T15:50:09+00:00</time></trkpt><trkpt lat="45.73152" lon="6.60534"><ele>1882.65</ele><time>2025-07-19T15:50:10+00:00</time></trkpt><trkpt lat="45.73159" lon="6.60536"><ele>1880.61</ele><time>2025-07-19T15:50:13+00:00</time></trkpt><trkpt lat="45.73165" lon="6.60532"><ele>1877.46</ele><time>2025-07-19T15:50:19+00:00</time></trkpt><trkpt lat="45.73170" lon="6.60536"><ele>1876.46</ele><time>2025-07-19T15:50:21+00:00</time></trkpt><trkpt lat="45.73179" lon="6.60534"><ele>1874.26</ele><time>2025-07-19T15:50:23+00:00</time></trkpt><trkpt lat="45.73187" lon="6.60536"><ele>1873.10</ele><time>2025-07-19T15:50:26+00:00</time></trkpt><trkpt lat="45.73188" lon="6.60522"><ele>1868.97</ele><time>2025-07-19T15:50:32+00:00</time></trkpt><trkpt lat="45.73200" lon="6.60522"><ele>1867.87</ele><time>2025-07-19T15:50:36+00:00</time></trkpt><trkpt lat="45.73200" lon="6.60517"><ele>1866.90</ele><time>2025-07-19T15:50:38+00:00</time></trkpt><trkpt lat="45.73184" lon="6.60498"><ele>1863.34</ele><time>2025-07-19T15:50:44+00:00</time></trkpt><trkpt lat="45.73184" lon="6.60491"><ele>1862.11</ele><time>2025-07-19T15:50:45+00:00</time></trkpt><trkpt lat="45.73187" lon="6.60486"><ele>1862.11</ele><time>2025-07-19T15:50:47+00:00</time></trkpt><trkpt lat="45.73209" lon="6.60481"><ele>1854.89</ele><time>2025-07-19T15:50:57+00:00</time></trkpt><trkpt lat="45.73240" lon="6.60484"><ele>1846.42</ele><time>2025-07-19T15:51:08+00:00</time></trkpt><trkpt lat="45.73247" lon="6.60494"><ele>1846.42</ele><time>2025-07-19T15:51:12+00:00</time></trkpt><trkpt lat="45.73277" lon="6.60513"><ele>1836.49</ele><time>2025-07-19T15:51:24+00:00</time></trkpt><trkpt lat="45.73304" lon="6.60522"><ele>1828.69</ele><time>2025-07-19T15:51:35+00:00</time></trkpt><trkpt lat="45.73316" lon="6.60521"><ele>1827.66</ele><time>2025-07-19T15:51:38+00:00</time></trkpt><trkpt lat="45.73317" lon="6.60526"><ele>1827.66</ele><time>2025-07-19T15:51:40+00:00</time></trkpt><trkpt lat="45.73330" lon="6.60532"><ele>1824.47</ele><time>2025-07-19T15:51:44+00:00</time></trkpt><trkpt lat="45.73338" lon="6.60531"><ele>1823.16</ele><time>2025-07-19T15:51:47+00:00</time></trkpt><trkpt lat="45.73353" lon="6.60541"><ele>1822.18</ele><time>2025-07-19T15:51:52+00:00</time></trkpt><trkpt lat="45.73364" lon="6.60552"><ele>1816.61</ele><time>2025-07-19T15:52:01+00:00</time></trkpt><trkpt lat="45.73375" lon="6.60553"><ele>1815.02</ele><time>2025-07-19T15:52:04+00:00</time></trkpt><trkpt lat="45.73400" lon="6.60577"><ele>1801.61</ele><time>2025-07-19T15:52:27+00:00</time></trkpt><trkpt lat="45.73412" lon="6.60598"><ele>1797.19</ele><time>2025-07-19T15:52:33+00:00</time></trkpt><trkpt lat="45.73419" lon="6.60602"><ele>1796.55</ele><time>2025-07-19T15:52:35+00:00</time></trkpt><trkpt lat="45.73423" lon="6.60601"><ele>1796.55</ele><time>2025-07-19T15:52:37+00:00</time></trkpt><trkpt lat="45.73427" lon="6.60608"><ele>1796.55</ele><time>2025-07-19T15:52:40+00:00</time></trkpt><trkpt lat="45.73433" lon="6.60611"><ele>1796.55</ele><time>2025-07-19T15:52:42+00:00</time></trkpt><trkpt lat="45.73456" lon="6.60634"><ele>1793.53</ele><time>2025-07-19T15:52:51+00:00</time></trkpt><trkpt lat="45.73481" lon="6.60645"><ele>1789.15</ele><time>2025-07-19T15:52:58+00:00</time></trkpt><trkpt lat="45.73495" lon="6.60657"><ele>1789.15</ele><time>2025-07-19T15:53:05+00:00</time></trkpt><trkpt lat="45.73512" lon="6.60683"><ele>1785.58</ele><time>2025-07-19T15:53:12+00:00</time></trkpt><trkpt lat="45.73504" lon="6.60712"><ele>1776.87</ele><time>2025-07-19T15:53:25+00:00</time></trkpt><trkpt lat="45.73507" lon="6.60751"><ele>1772.06</ele><time>2025-07-19T15:53:34+00:00</time></trkpt><trkpt lat="45.73513" lon="6.60758"><ele>1772.06</ele><time>2025-07-19T15:53:37+00:00</time></trkpt><trkpt lat="45.73517" lon="6.60754"><ele>1770.59</ele><time>2025-07-19T15:53:39+00:00</time></trkpt><trkpt lat="45.73526" lon="6.60764"><ele>1767.98</ele><time>2025-07-19T15:53:42+00:00</time></trkpt><trkpt lat="45.73538" lon="6.60753"><ele>1765.49</ele><time>2025-07-19T15:53:46+00:00</time></trkpt><trkpt lat="45.73554" lon="6.60744"><ele>1761.89</ele><time>2025-07-19T15:53:52+00:00</time></trkpt><trkpt lat="45.73561" lon="6.60752"><ele>1760.46</ele><time>2025-07-19T15:53:54+00:00</time></trkpt><trkpt lat="45.73562" lon="6.60742"><ele>1757.80</ele><time>2025-07-19T15:53:58+00:00</time></trkpt><trkpt lat="45.73571" lon="6.60753"><ele>1757.80</ele><time>2025-07-19T15:54:03+00:00</time></trkpt><trkpt lat="45.73577" lon="6.60736"><ele>1754.41</ele><time>2025-07-19T15:54:07+00:00</time></trkpt><trkpt lat="45.73590" lon="6.60746"><ele>1751.78</ele><time>2025-07-19T15:54:12+00:00</time></trkpt><trkpt lat="45.73602" lon="6.60725"><ele>1744.12</ele><time>2025-07-19T15:54:23+00:00</time></trkpt><trkpt lat="45.73635" lon="6.60694"><ele>1733.24</ele><time>2025-07-19T15:54:37+00:00</time></trkpt><trkpt lat="45.73668" lon="6.60670"><ele>1728.78</ele><time>2025-07-19T15:54:49+00:00</time></trkpt><trkpt lat="45.73740" lon="6.60653"><ele>1701.26</ele><time>2025-07-19T15:55:28+00:00</time></trkpt><trkpt lat="45.73776" lon="6.60658"><ele>1696.50</ele><time>2025-07-19T15:55:39+00:00</time></trkpt><trkpt lat="45.73790" lon="6.60653"><ele>1692.02</ele><time>2025-07-19T15:55:45+00:00</time></trkpt><trkpt lat="45.73808" lon="6.60664"><ele>1691.34</ele><time>2025-07-19T15:55:52+00:00</time></trkpt><trkpt lat="45.73822" lon="6.60679"><ele>1689.44</ele><time>2025-07-19T15:55:57+00:00</time></trkpt><trkpt lat="45.73828" lon="6.60680"><ele>1689.44</ele><time>2025-07-19T15:56:00+00:00</time></trkpt><trkpt lat="45.73833" lon="6.60684"><ele>1688.89</ele><time>2025-07-19T15:56:01+00:00</time></trkpt><trkpt lat="45.73857" lon="6.60676"><ele>1688.30</ele><time>2025-07-19T15:56:11+00:00</time></trkpt><trkpt lat="45.73942" lon="6.60603"><ele>1688.20</ele><time>2025-07-19T15:56:50+00:00</time></trkpt><trkpt lat="45.74009" lon="6.60529"><ele>1691.03</ele><time>2025-07-19T15:57:28+00:00</time></trkpt><trkpt lat="45.74019" lon="6.60532"><ele>1690.95</ele><time>2025-07-19T15:57:32+00:00</time></trkpt><trkpt lat="45.74055" lon="6.60569"><ele>1690.85</ele><time>2025-07-19T15:57:49+00:00</time></trkpt><trkpt lat="45.74111" lon="6.60643"><ele>1684.50</ele><time>2025-07-19T15:58:14+00:00</time></trkpt><trkpt lat="45.74142" lon="6.60663"><ele>1683.91</ele><time>2025-07-19T15:58:27+00:00</time></trkpt><trkpt lat="45.74164" lon="6.60668"><ele>1683.35</ele><time>2025-07-19T15:58:35+00:00</time></trkpt><trkpt lat="45.74212" lon="6.60671"><ele>1676.87</ele><time>2025-07-19T15:58:49+00:00</time></trkpt><trkpt lat="45.74260" lon="6.60690"><ele>1670.23</ele><time>2025-07-19T15:59:04+00:00</time></trkpt><trkpt lat="45.74297" lon="6.60709"><ele>1670.23</ele><time>2025-07-19T15:59:20+00:00</time></trkpt><trkpt lat="45.74421" lon="6.60799"><ele>1648.94</ele><time>2025-07-19T16:00:01+00:00</time></trkpt><trkpt lat="45.74446" lon="6.60833"><ele>1648.94</ele><time>2025-07-19T16:00:15+00:00</time></trkpt><trkpt lat="45.74496" lon="6.60887"><ele>1636.37</ele><time>2025-07-19T16:00:34+00:00</time></trkpt><trkpt lat="45.74506" lon="6.60905"><ele>1634.90</ele><time>2025-07-19T16:00:39+00:00</time></trkpt><trkpt lat="45.74509" lon="6.60889"><ele>1634.90</ele><time>2025-07-19T16:00:44+00:00</time></trkpt><trkpt lat="45.74490" lon="6.60849"><ele>1630.18</ele><time>2025-07-19T16:00:54+00:00</time></trkpt><trkpt lat="45.74480" lon="6.60792"><ele>1618.48</ele><time>2025-07-19T16:01:09+00:00</time></trkpt><trkpt lat="45.74470" lon="6.60770"><ele>1614.54</ele><time>2025-07-19T16:01:15+00:00</time></trkpt><trkpt lat="45.74465" lon="6.60749"><ele>1614.54</ele><time>2025-07-19T16:01:21+00:00</time></trkpt><trkpt lat="45.74469" lon="6.60745"><ele>1614.54</ele><time>2025-07-19T16:01:23+00:00</time></trkpt><trkpt lat="45.74485" lon="6.60757"><ele>1611.37</ele><time>2025-07-19T16:01:28+00:00</time></trkpt><trkpt lat="45.74519" lon="6.60797"><ele>1603.06</ele><time>2025-07-19T16:01:41+00:00</time></trkpt><trkpt lat="45.74522" lon="6.60798"><ele>1600.49</ele><time>2025-07-19T16:01:55+00:00</time></trkpt><trkpt lat="45.74499" lon="6.60761"><ele>1596.82</ele><time>2025-07-19T16:02:06+00:00</time></trkpt><trkpt lat="45.74483" lon="6.60722"><ele>1593.54</ele><time>2025-07-19T16:02:16+00:00</time></trkpt><trkpt lat="45.74484" lon="6.60714"><ele>1592.89</ele><time>2025-07-19T16:02:18+00:00</time></trkpt><trkpt lat="45.74489" lon="6.60710"><ele>1592.89</ele><time>2025-07-19T16:02:20+00:00</time></trkpt><trkpt lat="45.74495" lon="6.60714"><ele>1592.07</ele><time>2025-07-19T16:02:22+00:00</time></trkpt><trkpt lat="45.74514" lon="6.60747"><ele>1590.59</ele><time>2025-07-19T16:02:32+00:00</time></trkpt><trkpt lat="45.74527" lon="6.60763"><ele>1588.03</ele><time>2025-07-19T16:02:37+00:00</time></trkpt><trkpt lat="45.74571" lon="6.60798"><ele>1574.68</ele><time>2025-07-19T16:02:55+00:00</time></trkpt><trkpt lat="45.74588" lon="6.60815"><ele>1572.44</ele><time>2025-07-19T16:03:01+00:00</time></trkpt><trkpt lat="45.74599" lon="6.60840"><ele>1572.44</ele><time>2025-07-19T16:03:09+00:00</time></trkpt><trkpt lat="45.74611" lon="6.60820"><ele>1570.90</ele><time>2025-07-19T16:03:15+00:00</time></trkpt><trkpt lat="45.74611" lon="6.60813"><ele>1568.02</ele><time>2025-07-19T16:03:23+00:00</time></trkpt><trkpt lat="45.74595" lon="6.60755"><ele>1557.06</ele><time>2025-07-19T16:03:37+00:00</time></trkpt><trkpt lat="45.74585" lon="6.60732"><ele>1546.04</ele><time>2025-07-19T16:04:06+00:00</time></trkpt><trkpt lat="45.74575" lon="6.60679"><ele>1540.16</ele><time>2025-07-19T16:04:17+00:00</time></trkpt><trkpt lat="45.74577" lon="6.60674"><ele>1540.16</ele><time>2025-07-19T16:04:19+00:00</time></trkpt><trkpt lat="45.74583" lon="6.60674"><ele>1538.43</ele><time>2025-07-19T16:04:21+00:00</time></trkpt><trkpt lat="45.74609" lon="6.60700"><ele>1536.41</ele><time>2025-07-19T16:04:32+00:00</time></trkpt><trkpt lat="45.74628" lon="6.60712"><ele>1528.96</ele><time>2025-07-19T16:04:42+00:00</time></trkpt><trkpt lat="45.74650" lon="6.60732"><ele>1522.06</ele><time>2025-07-19T16:04:51+00:00</time></trkpt><trkpt lat="45.74682" lon="6.60751"><ele>1519.03</ele><time>2025-07-19T16:05:02+00:00</time></trkpt><trkpt lat="45.74689" lon="6.60751"><ele>1519.03</ele><time>2025-07-19T16:05:05+00:00</time></trkpt><trkpt lat="45.74695" lon="6.60739"><ele>1517.73</ele><time>2025-07-19T16:05:08+00:00</time></trkpt><trkpt lat="45.74663" lon="6.60642"><ele>1495.02</ele><time>2025-07-19T16:05:37+00:00</time></trkpt><trkpt lat="45.74667" lon="6.60627"><ele>1494.38</ele><time>2025-07-19T16:05:41+00:00</time></trkpt><trkpt lat="45.74671" lon="6.60622"><ele>1494.38</ele><time>2025-07-19T16:05:43+00:00</time></trkpt><trkpt lat="45.74677" lon="6.60618"><ele>1494.38</ele><time>2025-07-19T16:05:46+00:00</time></trkpt><trkpt lat="45.74687" lon="6.60616"><ele>1493.03</ele><time>2025-07-19T16:05:49+00:00</time></trkpt><trkpt lat="45.74692" lon="6.60606"><ele>1493.03</ele><time>2025-07-19T16:05:52+00:00</time></trkpt><trkpt lat="45.74689" lon="6.60585"><ele>1490.71</ele><time>2025-07-19T16:05:57+00:00</time></trkpt><trkpt lat="45.74677" lon="6.60561"><ele>1485.93</ele><time>2025-07-19T16:06:03+00:00</time></trkpt><trkpt lat="45.74673" lon="6.60539"><ele>1479.74</ele><time>2025-07-19T16:06:12+00:00</time></trkpt><trkpt lat="45.74662" lon="6.60506"><ele>1477.05</ele><time>2025-07-19T16:06:20+00:00</time></trkpt><trkpt lat="45.74665" lon="6.60496"><ele>1471.33</ele><time>2025-07-19T16:06:45+00:00</time></trkpt><trkpt lat="45.74705" lon="6.60486"><ele>1461.57</ele><time>2025-07-19T16:06:58+00:00</time></trkpt><trkpt lat="45.74722" lon="6.60489"><ele>1458.58</ele><time>2025-07-19T16:07:03+00:00</time></trkpt><trkpt lat="45.74732" lon="6.60496"><ele>1458.58</ele><time>2025-07-19T16:07:08+00:00</time></trkpt><trkpt lat="45.74775" lon="6.60547"><ele>1441.14</ele><time>2025-07-19T16:07:31+00:00</time></trkpt><trkpt lat="45.74829" lon="6.60617"><ele>1418.05</ele><time>2025-07-19T16:08:01+00:00</time></trkpt><trkpt lat="45.74836" lon="6.60623"><ele>1417.06</ele><time>2025-07-19T16:08:03+00:00</time></trkpt><trkpt lat="45.74847" lon="6.60621"><ele>1417.06</ele><time>2025-07-19T16:08:08+00:00</time></trkpt><trkpt lat="45.74840" lon="6.60582"><ele>1414.89</ele><time>2025-07-19T16:08:17+00:00</time></trkpt><trkpt lat="45.74831" lon="6.60550"><ele>1412.34</ele><time>2025-07-19T16:08:24+00:00</time></trkpt><trkpt lat="45.74800" lon="6.60467"><ele>1389.71</ele><time>2025-07-19T16:08:55+00:00</time></trkpt><trkpt lat="45.74815" lon="6.60472"><ele>1386.53</ele><time>2025-07-19T16:09:00+00:00</time></trkpt><trkpt lat="45.74811" lon="6.60442"><ele>1386.53</ele><time>2025-07-19T16:09:08+00:00</time></trkpt><trkpt lat="45.74821" lon="6.60442"><ele>1382.37</ele><time>2025-07-19T16:09:15+00:00</time></trkpt><trkpt lat="45.74829" lon="6.60447"><ele>1380.16</ele><time>2025-07-19T16:09:17+00:00</time></trkpt><trkpt lat="45.74854" lon="6.60487"><ele>1371.61</ele><time>2025-07-19T16:09:29+00:00</time></trkpt><trkpt lat="45.74859" lon="6.60491"><ele>1368.84</ele><time>2025-07-19T16:09:35+00:00</time></trkpt><trkpt lat="45.74862" lon="6.60489"><ele>1366.83</ele><time>2025-07-19T16:09:40+00:00</time></trkpt><trkpt lat="45.74860" lon="6.60470"><ele>1365.11</ele><time>2025-07-19T16:09:44+00:00</time></trkpt><trkpt lat="45.74851" lon="6.60439"><ele>1365.11</ele><time>2025-07-19T16:09:54+00:00</time></trkpt><trkpt lat="45.74851" lon="6.60431"><ele>1364.09</ele><time>2025-07-19T16:09:55+00:00</time></trkpt><trkpt lat="45.74854" lon="6.60426"><ele>1362.41</ele><time>2025-07-19T16:09:58+00:00</time></trkpt><trkpt lat="45.74858" lon="6.60425"><ele>1362.41</ele><time>2025-07-19T16:09:59+00:00</time></trkpt><trkpt lat="45.74897" lon="6.60462"><ele>1338.09</ele><time>2025-07-19T16:10:51+00:00</time></trkpt><trkpt lat="45.74916" lon="6.60468"><ele>1333.52</ele><time>2025-07-19T16:10:57+00:00</time></trkpt><trkpt lat="45.74936" lon="6.60502"><ele>1330.77</ele><time>2025-07-19T16:11:07+00:00</time></trkpt><trkpt lat="45.74942" lon="6.60505"><ele>1326.88</ele><time>2025-07-19T16:11:18+00:00</time></trkpt><trkpt lat="45.74985" lon="6.60499"><ele>1314.34</ele><time>2025-07-19T16:11:34+00:00</time></trkpt><trkpt lat="45.74998" lon="6.60502"><ele>1307.94</ele><time>2025-07-19T16:11:46+00:00</time></trkpt><trkpt lat="45.75020" lon="6.60524"><ele>1304.04</ele><time>2025-07-19T16:11:54+00:00</time></trkpt><trkpt lat="45.75019" lon="6.60503"><ele>1299.54</ele><time>2025-07-19T16:12:00+00:00</time></trkpt><trkpt lat="45.75036" lon="6.60503"><ele>1296.51</ele><time>2025-07-19T16:12:05+00:00</time></trkpt><trkpt lat="45.75043" lon="6.60512"><ele>1295.95</ele><time>2025-07-19T16:12:08+00:00</time></trkpt><trkpt lat="45.75045" lon="6.60526"><ele>1294.74</ele><time>2025-07-19T16:12:11+00:00</time></trkpt><trkpt lat="45.75050" lon="6.60532"><ele>1294.74</ele><time>2025-07-19T16:12:14+00:00</time></trkpt><trkpt lat="45.75059" lon="6.60536"><ele>1293.81</ele><time>2025-07-19T16:12:17+00:00</time></trkpt><trkpt lat="45.75065" lon="6.60545"><ele>1293.81</ele><time>2025-07-19T16:12:20+00:00</time></trkpt><trkpt lat="45.75074" lon="6.60551"><ele>1293.28</ele><time>2025-07-19T16:12:24+00:00</time></trkpt><trkpt lat="45.75122" lon="6.60562"><ele>1262.97</ele><time>2025-07-19T16:13:52+00:00</time></trkpt><trkpt lat="45.75135" lon="6.60572"><ele>1262.10</ele><time>2025-07-19T16:13:57+00:00</time></trkpt><trkpt lat="45.75149" lon="6.60592"><ele>1260.97</ele><time>2025-07-19T16:14:04+00:00</time></trkpt><trkpt lat="45.75160" lon="6.60601"><ele>1260.49</ele><time>2025-07-19T16:14:08+00:00</time></trkpt><trkpt lat="45.75168" lon="6.60602"><ele>1260.49</ele><time>2025-07-19T16:14:11+00:00</time></trkpt><trkpt lat="45.75170" lon="6.60593"><ele>1260.06</ele><time>2025-07-19T16:14:14+00:00</time></trkpt><trkpt lat="45.75178" lon="6.60601"><ele>1260.06</ele><time>2025-07-19T16:14:18+00:00</time></trkpt><trkpt lat="45.75183" lon="6.60611"><ele>1257.96</ele><time>2025-07-19T16:14:20+00:00</time></trkpt><trkpt lat="45.75225" lon="6.60587"><ele>1250.97</ele><time>2025-07-19T16:14:34+00:00</time></trkpt><trkpt lat="45.75303" lon="6.60571"><ele>1201.00</ele><time>2025-07-19T16:17:04+00:00</time></trkpt><trkpt lat="45.75314" lon="6.60565"><ele>1197.93</ele><time>2025-07-19T16:17:08+00:00</time></trkpt><trkpt lat="45.75322" lon="6.60510"><ele>1191.05</ele><time>2025-07-19T16:17:20+00:00</time></trkpt><trkpt lat="45.75339" lon="6.60485"><ele>1182.71</ele><time>2025-07-19T16:17:31+00:00</time></trkpt><trkpt lat="45.75361" lon="6.60460"><ele>1174.02</ele><time>2025-07-19T16:17:43+00:00</time></trkpt><trkpt lat="45.75374" lon="6.60439"><ele>1165.23</ele><time>2025-07-19T16:17:58+00:00</time></trkpt><trkpt lat="45.75398" lon="6.60416"><ele>1155.15</ele><time>2025-07-19T16:18:11+00:00</time></trkpt><trkpt lat="45.75433" lon="6.60373"><ele>1143.32</ele><time>2025-07-19T16:18:27+00:00</time></trkpt><trkpt lat="45.75441" lon="6.60365"><ele>1137.80</ele><time>2025-07-19T16:18:40+00:00</time></trkpt><trkpt lat="45.75464" lon="6.60358"><ele>1135.97</ele><time>2025-07-19T16:18:48+00:00</time></trkpt><trkpt lat="45.75477" lon="6.60374"><ele>1134.00</ele><time>2025-07-19T16:18:53+00:00</time></trkpt><trkpt lat="45.75503" lon="6.60386"><ele>1129.93</ele><time>2025-07-19T16:19:01+00:00</time></trkpt><trkpt lat="45.75527" lon="6.60420"><ele>1126.41</ele><time>2025-07-19T16:19:12+00:00</time></trkpt><trkpt lat="45.75529" lon="6.60434"><ele>1126.41</ele><time>2025-07-19T16:19:16+00:00</time></trkpt><trkpt lat="45.75541" lon="6.60446"><ele>1125.28</ele><time>2025-07-19T16:19:21+00:00</time></trkpt><trkpt lat="45.75558" lon="6.60485"><ele>1124.70</ele><time>2025-07-19T16:19:33+00:00</time></trkpt><trkpt lat="45.75560" lon="6.60494"><ele>1124.33</ele><time>2025-07-19T16:19:35+00:00</time></trkpt><trkpt lat="45.75558" lon="6.60524"><ele>1124.01</ele><time>2025-07-19T16:19:43+00:00</time></trkpt><trkpt lat="45.75574" lon="6.60543"><ele>1123.68</ele><time>2025-07-19T16:19:51+00:00</time></trkpt><trkpt lat="45.75599" lon="6.60603"><ele>1111.07</ele><time>2025-07-19T16:20:07+00:00</time></trkpt><trkpt lat="45.75612" lon="6.60616"><ele>1109.95</ele><time>2025-07-19T16:20:13+00:00</time></trkpt><trkpt lat="45.75621" lon="6.60629"><ele>1109.47</ele><time>2025-07-19T16:20:17+00:00</time></trkpt><trkpt lat="45.75632" lon="6.60632"><ele>1109.47</ele><time>2025-07-19T16:20:22+00:00</time></trkpt><trkpt lat="45.75644" lon="6.60642"><ele>1108.01</ele><time>2025-07-19T16:20:26+00:00</time></trkpt><trkpt lat="45.75652" lon="6.60645"><ele>1108.01</ele><time>2025-07-19T16:20:29+00:00</time></trkpt><trkpt lat="45.75657" lon="6.60651"><ele>1107.52</ele><time>2025-07-19T16:20:31+00:00</time></trkpt><trkpt lat="45.75671" lon="6.60678"><ele>1104.70</ele><time>2025-07-19T16:20:39+00:00</time></trkpt><trkpt lat="45.75686" lon="6.60722"><ele>1099.64</ele><time>2025-07-19T16:20:49+00:00</time></trkpt><trkpt lat="45.75704" lon="6.60748"><ele>1098.02</ele><time>2025-07-19T16:20:57+00:00</time></trkpt><trkpt lat="45.75724" lon="6.60763"><ele>1097.88</ele><time>2025-07-19T16:21:06+00:00</time></trkpt><trkpt lat="45.75731" lon="6.60773"><ele>1098.43</ele><time>2025-07-19T16:21:11+00:00</time></trkpt><trkpt lat="45.75752" lon="6.60823"><ele>1099.98</ele><time>2025-07-19T16:21:29+00:00</time></trkpt><trkpt lat="45.75772" lon="6.60848"><ele>1101.54</ele><time>2025-07-19T16:21:42+00:00</time></trkpt><trkpt lat="45.75797" lon="6.60869"><ele>1102.90</ele><time>2025-07-19T16:21:56+00:00</time></trkpt><trkpt lat="45.75820" lon="6.60896"><ele>1104.31</ele><time>2025-07-19T16:22:10+00:00</time></trkpt><trkpt lat="45.75864" lon="6.60895"><ele>1105.32</ele><time>2025-07-19T16:22:29+00:00</time></trkpt><trkpt lat="45.75905" lon="6.60900"><ele>1106.61</ele><time>2025-07-19T16:22:47+00:00</time></trkpt><trkpt lat="45.75898" lon="6.60869"><ele>1106.94</ele><time>2025-07-19T16:22:56+00:00</time></trkpt><trkpt lat="45.75885" lon="6.60854"><ele>1108.19</ele><time>2025-07-19T16:23:05+00:00</time></trkpt><trkpt lat="45.75854" lon="6.60807"><ele>1112.26</ele><time>2025-07-19T16:23:29+00:00</time></trkpt><trkpt lat="45.75849" lon="6.60795"><ele>1113.71</ele><time>2025-07-19T16:23:36+00:00</time></trkpt><trkpt lat="45.75847" lon="6.60776"><ele>1115.65</ele><time>2025-07-19T16:23:45+00:00</time></trkpt><trkpt lat="45.75863" lon="6.60729"><ele>1121.64</ele><time>2025-07-19T16:24:10+00:00</time></trkpt><trkpt lat="45.75864" lon="6.60713"><ele>1125.16</ele><time>2025-07-19T16:24:24+00:00</time></trkpt><trkpt lat="45.75857" lon="6.60704"><ele>1125.16</ele><time>2025-07-19T16:24:28+00:00</time></trkpt><trkpt lat="45.75866" lon="6.60661"><ele>1129.27</ele><time>2025-07-19T16:24:47+00:00</time></trkpt><trkpt lat="45.75882" lon="6.60632"><ele>1132.30</ele><time>2025-07-19T16:25:03+00:00</time></trkpt><trkpt lat="45.75891" lon="6.60624"><ele>1132.30</ele><time>2025-07-19T16:25:07+00:00</time></trkpt><trkpt lat="45.75924" lon="6.60544"><ele>1151.86</ele><time>2025-07-19T16:26:22+00:00</time></trkpt><trkpt lat="45.75904" lon="6.60526"><ele>1152.94</ele><time>2025-07-19T16:26:33+00:00</time></trkpt><trkpt lat="45.75881" lon="6.60496"><ele>1155.29</ele><time>2025-07-19T16:26:49+00:00</time></trkpt><trkpt lat="45.75871" lon="6.60473"><ele>1156.28</ele><time>2025-07-19T16:26:58+00:00</time></trkpt><trkpt lat="45.75877" lon="6.60449"><ele>1157.81</ele><time>2025-07-19T16:27:07+00:00</time></trkpt><trkpt lat="45.75863" lon="6.60413"><ele>1159.61</ele><time>2025-07-19T16:27:21+00:00</time></trkpt><trkpt lat="45.75869" lon="6.60397"><ele>1159.61</ele><time>2025-07-19T16:27:26+00:00</time></trkpt><trkpt lat="45.75851" lon="6.60377"><ele>1159.90</ele><time>2025-07-19T16:27:36+00:00</time></trkpt><trkpt lat="45.75827" lon="6.60344"><ele>1158.67</ele><time>2025-07-19T16:27:48+00:00</time></trkpt><trkpt lat="45.75802" lon="6.60295"><ele>1157.01</ele><time>2025-07-19T16:28:03+00:00</time></trkpt><trkpt lat="45.75786" lon="6.60241"><ele>1156.03</ele><time>2025-07-19T16:28:18+00:00</time></trkpt><trkpt lat="45.75776" lon="6.60174"><ele>1148.89</ele><time>2025-07-19T16:28:32+00:00</time></trkpt><trkpt lat="45.75770" lon="6.60158"><ele>1148.89</ele><time>2025-07-19T16:28:37+00:00</time></trkpt><trkpt lat="45.75754" lon="6.60138"><ele>1148.32</ele><time>2025-07-19T16:28:45+00:00</time></trkpt><trkpt lat="45.75717" lon="6.60108"><ele>1146.68</ele><time>2025-07-19T16:29:00+00:00</time></trkpt><trkpt lat="45.75705" lon="6.60091"><ele>1144.96</ele><time>2025-07-19T16:29:06+00:00</time></trkpt><trkpt lat="45.75681" lon="6.60043"><ele>1143.03</ele><time>2025-07-19T16:29:20+00:00</time></trkpt><trkpt lat="45.75674" lon="6.60017"><ele>1142.14</ele><time>2025-07-19T16:29:27+00:00</time></trkpt><trkpt lat="45.75671" lon="6.59990"><ele>1142.14</ele><time>2025-07-19T16:29:34+00:00</time></trkpt><trkpt lat="45.75664" lon="6.59968"><ele>1141.76</ele><time>2025-07-19T16:29:41+00:00</time></trkpt><trkpt lat="45.75631" lon="6.59904"><ele>1136.20</ele><time>2025-07-19T16:29:58+00:00</time></trkpt><trkpt lat="45.75620" lon="6.59858"><ele>1136.20</ele><time>2025-07-19T16:30:12+00:00</time></trkpt><trkpt lat="45.75551" lon="6.59671"><ele>1123.47</ele><time>2025-07-19T16:30:59+00:00</time></trkpt><trkpt lat="45.75548" lon="6.59649"><ele>1123.47</ele><time>2025-07-19T16:31:05+00:00</time></trkpt><trkpt lat="45.75549" lon="6.59624"><ele>1122.00</ele><time>2025-07-19T16:31:11+00:00</time></trkpt><trkpt lat="45.75557" lon="6.59580"><ele>1120.14</ele><time>2025-07-19T16:31:21+00:00</time></trkpt><trkpt lat="45.75564" lon="6.59563"><ele>1119.42</ele><time>2025-07-19T16:31:26+00:00</time></trkpt><trkpt lat="45.75587" lon="6.59539"><ele>1118.47</ele><time>2025-07-19T16:31:36+00:00</time></trkpt><trkpt lat="45.75589" lon="6.59531"><ele>1118.07</ele><time>2025-07-19T16:31:38+00:00</time></trkpt><trkpt lat="45.75587" lon="6.59519"><ele>1118.07</ele><time>2025-07-19T16:31:42+00:00</time></trkpt><trkpt lat="45.75584" lon="6.59513"><ele>1117.23</ele><time>2025-07-19T16:31:43+00:00</time></trkpt><trkpt lat="45.75546" lon="6.59479"><ele>1115.04</ele><time>2025-07-19T16:31:59+00:00</time></trkpt><trkpt lat="45.75521" lon="6.59442"><ele>1114.15</ele><time>2025-07-19T16:32:12+00:00</time></trkpt><trkpt lat="45.75492" lon="6.59335"><ele>1108.04</ele><time>2025-07-19T16:32:38+00:00</time></trkpt><trkpt lat="45.75457" lon="6.59240"><ele>1104.73</ele><time>2025-07-19T16:33:05+00:00</time></trkpt><trkpt lat="45.75445" lon="6.59232"><ele>1104.73</ele><time>2025-07-19T16:33:10+00:00</time></trkpt><trkpt lat="45.75424" lon="6.59198"><ele>1106.00</ele><time>2025-07-19T16:33:25+00:00</time></trkpt><trkpt lat="45.75401" lon="6.59154"><ele>1108.84</ele><time>2025-07-19T16:33:44+00:00</time></trkpt><trkpt lat="45.75387" lon="6.59102"><ele>1110.56</ele><time>2025-07-19T16:34:02+00:00</time></trkpt><trkpt lat="45.75337" lon="6.59046"><ele>1120.90</ele><time>2025-07-19T16:34:47+00:00</time></trkpt><trkpt lat="45.75234" lon="6.58857"><ele>1133.22</ele><time>2025-07-19T16:36:12+00:00</time></trkpt><trkpt lat="45.75217" lon="6.58835"><ele>1133.22</ele><time>2025-07-19T16:36:22+00:00</time></trkpt><trkpt lat="45.75211" lon="6.58819"><ele>1133.22</ele><time>2025-07-19T16:36:27+00:00</time></trkpt><trkpt lat="45.75112" lon="6.58651"><ele>1141.14</ele><time>2025-07-19T16:37:39+00:00</time></trkpt><trkpt lat="45.75067" lon="6.58557"><ele>1143.35</ele><time>2025-07-19T16:38:14+00:00</time></trkpt><trkpt lat="45.75059" lon="6.58543"><ele>1143.35</ele><time>2025-07-19T16:38:19+00:00</time></trkpt><trkpt lat="45.75044" lon="6.58530"><ele>1142.21</ele><time>2025-07-19T16:38:25+00:00</time></trkpt><trkpt lat="45.75031" lon="6.58492"><ele>1140.60</ele><time>2025-07-19T16:38:35+00:00</time></trkpt><trkpt lat="45.75024" lon="6.58478"><ele>1140.60</ele><time>2025-07-19T16:38:40+00:00</time></trkpt><trkpt lat="45.75000" lon="6.58449"><ele>1139.45</ele><time>2025-07-19T16:38:51+00:00</time></trkpt><trkpt lat="45.74974" lon="6.58410"><ele>1137.98</ele><time>2025-07-19T16:39:05+00:00</time></trkpt><trkpt lat="45.74973" lon="6.58393"><ele>1137.63</ele><time>2025-07-19T16:39:09+00:00</time></trkpt><trkpt lat="45.74949" lon="6.58375"><ele>1138.07</ele><time>2025-07-19T16:39:21+00:00</time></trkpt><trkpt lat="45.74922" lon="6.58333"><ele>1139.34</ele><time>2025-07-19T16:39:38+00:00</time></trkpt><trkpt lat="45.74912" lon="6.58306"><ele>1140.84</ele><time>2025-07-19T16:39:49+00:00</time></trkpt><trkpt lat="45.74900" lon="6.58268"><ele>1142.60</ele><time>2025-07-19T16:40:03+00:00</time></trkpt><trkpt lat="45.74894" lon="6.58232"><ele>1144.78</ele><time>2025-07-19T16:40:17+00:00</time></trkpt><trkpt lat="45.74885" lon="6.58184"><ele>1147.36</ele><time>2025-07-19T16:40:35+00:00</time></trkpt><trkpt lat="45.74881" lon="6.58130"><ele>1150.27</ele><time>2025-07-19T16:40:54+00:00</time></trkpt><trkpt lat="45.74874" lon="6.58083"><ele>1153.74</ele><time>2025-07-19T16:41:13+00:00</time></trkpt><trkpt lat="45.74858" lon="6.58032"><ele>1155.99</ele><time>2025-07-19T16:41:32+00:00</time></trkpt><trkpt lat="45.74861" lon="6.58027"><ele>1155.99</ele><time>2025-07-19T16:41:34+00:00</time></trkpt><trkpt lat="45.74875" lon="6.57972"><ele>1159.61</ele><time>2025-07-19T16:41:56+00:00</time></trkpt><trkpt lat="45.74885" lon="6.57958"><ele>1164.07</ele><time>2025-07-19T16:42:13+00:00</time></trkpt><trkpt lat="45.74910" lon="6.57946"><ele>1164.82</ele><time>2025-07-19T16:42:25+00:00</time></trkpt><trkpt lat="45.74917" lon="6.57946"><ele>1166.30</ele><time>2025-07-19T16:42:31+00:00</time></trkpt><trkpt lat="45.74920" lon="6.57943"><ele>1166.30</ele><time>2025-07-19T16:42:32+00:00</time></trkpt><trkpt lat="45.74939" lon="6.57939"><ele>1167.31</ele><time>2025-07-19T16:42:41+00:00</time></trkpt><trkpt lat="45.74957" lon="6.57938"><ele>1168.42</ele><time>2025-07-19T16:42:50+00:00</time></trkpt><trkpt lat="45.74939" lon="6.57939"><ele>1168.92</ele><time>2025-07-19T16:42:58+00:00</time></trkpt><trkpt lat="45.74920" lon="6.57943"><ele>1168.97</ele><time>2025-07-19T16:43:06+00:00</time></trkpt><trkpt lat="45.74917" lon="6.57946"><ele>1169.37</ele><time>2025-07-19T16:43:08+00:00</time></trkpt><trkpt lat="45.74920" lon="6.57943"><ele>1169.37</ele><time>2025-07-19T16:43:09+00:00</time></trkpt><trkpt lat="45.74939" lon="6.57939"><ele>1169.61</ele><time>2025-07-19T16:43:17+00:00</time></trkpt><trkpt lat="45.74959" lon="6.57938"><ele>1172.51</ele><time>2025-07-19T16:43:30+00:00</time></trkpt><trkpt lat="45.74996" lon="6.57941"><ele>1182.26</ele><time>2025-07-19T16:44:08+00:00</time></trkpt><trkpt lat="45.75009" lon="6.57953"><ele>1185.76</ele><time>2025-07-19T16:44:21+00:00</time></trkpt><trkpt lat="45.75027" lon="6.57956"><ele>1188.67</ele><time>2025-07-19T16:44:34+00:00</time></trkpt><trkpt lat="45.75062" lon="6.57936"><ele>1197.38</ele><time>2025-07-19T16:45:08+00:00</time></trkpt><trkpt lat="45.75106" lon="6.57920"><ele>1205.94</ele><time>2025-07-19T16:45:43+00:00</time></trkpt><trkpt lat="45.75131" lon="6.57934"><ele>1214.32</ele><time>2025-07-19T16:46:15+00:00</time></trkpt><trkpt lat="45.75153" lon="6.57922"><ele>1217.81</ele><time>2025-07-19T16:46:30+00:00</time></trkpt><trkpt lat="45.75171" lon="6.57908"><ele>1218.80</ele><time>2025-07-19T16:46:40+00:00</time></trkpt><trkpt lat="45.75187" lon="6.57903"><ele>1219.91</ele><time>2025-07-19T16:46:48+00:00</time></trkpt><trkpt lat="45.75215" lon="6.57909"><ele>1222.96</ele><time>2025-07-19T16:47:05+00:00</time></trkpt><trkpt lat="45.75246" lon="6.57928"><ele>1226.35</ele><time>2025-07-19T16:47:24+00:00</time></trkpt><trkpt lat="45.75253" lon="6.57927"><ele>1226.75</ele><time>2025-07-19T16:47:27+00:00</time></trkpt><trkpt lat="45.75266" lon="6.57942"><ele>1227.55</ele><time>2025-07-19T16:47:35+00:00</time></trkpt><trkpt lat="45.75282" lon="6.57951"><ele>1228.05</ele><time>2025-07-19T16:47:42+00:00</time></trkpt><trkpt lat="45.75290" lon="6.57950"><ele>1228.42</ele><time>2025-07-19T16:47:46+00:00</time></trkpt><trkpt lat="45.75307" lon="6.57928"><ele>1230.31</ele><time>2025-07-19T16:47:58+00:00</time></trkpt><trkpt lat="45.75331" lon="6.57919"><ele>1234.27</ele><time>2025-07-19T16:48:15+00:00</time></trkpt><trkpt lat="45.75353" lon="6.57903"><ele>1235.50</ele><time>2025-07-19T16:48:27+00:00</time></trkpt><trkpt lat="45.75371" lon="6.57894"><ele>1237.84</ele><time>2025-07-19T16:48:39+00:00</time></trkpt><trkpt lat="45.75405" lon="6.57861"><ele>1245.98</ele><time>2025-07-19T16:49:11+00:00</time></trkpt><trkpt lat="45.75416" lon="6.57855"><ele>1248.77</ele><time>2025-07-19T16:49:22+00:00</time></trkpt><trkpt lat="45.75436" lon="6.57853"><ele>1248.77</ele><time>2025-07-19T16:49:30+00:00</time></trkpt><trkpt lat="45.75446" lon="6.57846"><ele>1250.39</ele><time>2025-07-19T16:49:38+00:00</time></trkpt><trkpt lat="45.75450" lon="6.57830"><ele>1251.49</ele><time>2025-07-19T16:49:44+00:00</time></trkpt><trkpt lat="45.75470" lon="6.57791"><ele>1259.87</ele><time>2025-07-19T16:50:16+00:00</time></trkpt><trkpt lat="45.75487" lon="6.57775"><ele>1268.15</ele><time>2025-07-19T16:50:50+00:00</time></trkpt><trkpt lat="45.75504" lon="6.57776"><ele>1275.47</ele><time>2025-07-19T16:51:20+00:00</time></trkpt><trkpt lat="45.75513" lon="6.57788"><ele>1278.87</ele><time>2025-07-19T16:51:33+00:00</time></trkpt><trkpt lat="45.75513" lon="6.57813"><ele>1289.83</ele><time>2025-07-19T16:52:34+00:00</time></trkpt><trkpt lat="45.75527" lon="6.57816"><ele>1292.74</ele><time>2025-07-19T16:52:45+00:00</time></trkpt><trkpt lat="45.75534" lon="6.57841"><ele>1302.68</ele><time>2025-07-19T16:53:32+00:00</time></trkpt><trkpt lat="45.75535" lon="6.57858"><ele>1305.08</ele><time>2025-07-19T16:53:42+00:00</time></trkpt><trkpt lat="45.75530" lon="6.57874"><ele>1307.88</ele><time>2025-07-19T16:53:53+00:00</time></trkpt><trkpt lat="45.75519" lon="6.57887"><ele>1313.23</ele><time>2025-07-19T16:54:14+00:00</time></trkpt><trkpt lat="45.75510" lon="6.57907"><ele>1317.33</ele><time>2025-07-19T16:54:30+00:00</time></trkpt><trkpt lat="45.75533" lon="6.57903"><ele>1321.82</ele><time>2025-07-19T16:54:48+00:00</time></trkpt><trkpt lat="45.75552" lon="6.57892"><ele>1325.34</ele><time>2025-07-19T16:55:03+00:00</time></trkpt><trkpt lat="45.75571" lon="6.57859"><ele>1329.19</ele><time>2025-07-19T16:55:21+00:00</time></trkpt><trkpt lat="45.75593" lon="6.57840"><ele>1329.03</ele><time>2025-07-19T16:55:31+00:00</time></trkpt><trkpt lat="45.75604" lon="6.57807"><ele>1328.53</ele><time>2025-07-19T16:55:41+00:00</time></trkpt><trkpt lat="45.75614" lon="6.57791"><ele>1328.96</ele><time>2025-07-19T16:55:48+00:00</time></trkpt><trkpt lat="45.75615" lon="6.57781"><ele>1328.80</ele><time>2025-07-19T16:55:50+00:00</time></trkpt><trkpt lat="45.75605" lon="6.57771"><ele>1328.80</ele><time>2025-07-19T16:55:55+00:00</time></trkpt><trkpt lat="45.75594" lon="6.57746"><ele>1332.75</ele><time>2025-07-19T16:56:11+00:00</time></trkpt><trkpt lat="45.75589" lon="6.57700"><ele>1342.46</ele><time>2025-07-19T16:56:48+00:00</time></trkpt><trkpt lat="45.75593" lon="6.57690"><ele>1342.46</ele><time>2025-07-19T16:56:51+00:00</time></trkpt><trkpt lat="45.75592" lon="6.57678"><ele>1345.57</ele><time>2025-07-19T16:57:04+00:00</time></trkpt><trkpt lat="45.75594" lon="6.57670"><ele>1346.68</ele><time>2025-07-19T16:57:08+00:00</time></trkpt><trkpt lat="45.75604" lon="6.57668"><ele>1348.08</ele><time>2025-07-19T16:57:15+00:00</time></trkpt><trkpt lat="45.75607" lon="6.57663"><ele>1348.08</ele><time>2025-07-19T16:57:17+00:00</time></trkpt><trkpt lat="45.75606" lon="6.57638"><ele>1351.99</ele><time>2025-07-19T16:57:32+00:00</time></trkpt><trkpt lat="45.75610" lon="6.57623"><ele>1353.13</ele><time>2025-07-19T16:57:38+00:00</time></trkpt><trkpt lat="45.75621" lon="6.57630"><ele>1357.74</ele><time>2025-07-19T16:57:57+00:00</time></trkpt><trkpt lat="45.75631" lon="6.57629"><ele>1362.16</ele><time>2025-07-19T16:58:15+00:00</time></trkpt><trkpt lat="45.75656" lon="6.57621"><ele>1366.12</ele><time>2025-07-19T16:58:33+00:00</time></trkpt><trkpt lat="45.75659" lon="6.57615"><ele>1366.12</ele><time>2025-07-19T16:58:35+00:00</time></trkpt><trkpt lat="45.75657" lon="6.57606"><ele>1367.26</ele><time>2025-07-19T16:58:40+00:00</time></trkpt><trkpt lat="45.75663" lon="6.57587"><ele>1368.32</ele><time>2025-07-19T16:58:47+00:00</time></trkpt><trkpt lat="45.75671" lon="6.57574"><ele>1368.32</ele><time>2025-07-19T16:58:52+00:00</time></trkpt><trkpt lat="45.75695" lon="6.57566"><ele>1371.59</ele><time>2025-07-19T16:59:07+00:00</time></trkpt><trkpt lat="45.75712" lon="6.57535"><ele>1375.47</ele><time>2025-07-19T16:59:25+00:00</time></trkpt><trkpt lat="45.75718" lon="6.57529"><ele>1375.47</ele><time>2025-07-19T16:59:28+00:00</time></trkpt><trkpt lat="45.75717" lon="6.57520"><ele>1375.47</ele><time>2025-07-19T16:59:31+00:00</time></trkpt><trkpt lat="45.75710" lon="6.57511"><ele>1376.48</ele><time>2025-07-19T16:59:36+00:00</time></trkpt><trkpt lat="45.75690" lon="6.57504"><ele>1381.27</ele><time>2025-07-19T16:59:55+00:00</time></trkpt><trkpt lat="45.75654" lon="6.57499"><ele>1394.37</ele><time>2025-07-19T17:00:46+00:00</time></trkpt><trkpt lat="45.75648" lon="6.57489"><ele>1394.37</ele><time>2025-07-19T17:00:50+00:00</time></trkpt><trkpt lat="45.75628" lon="6.57475"><ele>1403.27</ele><time>2025-07-19T17:01:26+00:00</time></trkpt><trkpt lat="45.75628" lon="6.57467"><ele>1403.27</ele><time>2025-07-19T17:01:28+00:00</time></trkpt><trkpt lat="45.75648" lon="6.57451"><ele>1409.58</ele><time>2025-07-19T17:01:52+00:00</time></trkpt><trkpt lat="45.75645" lon="6.57446"><ele>1409.58</ele><time>2025-07-19T17:01:54+00:00</time></trkpt><trkpt lat="45.75633" lon="6.57440"><ele>1409.58</ele><time>2025-07-19T17:01:59+00:00</time></trkpt><trkpt lat="45.75639" lon="6.57432"><ele>1412.54</ele><time>2025-07-19T17:02:10+00:00</time></trkpt><trkpt lat="45.75656" lon="6.57427"><ele>1414.39</ele><time>2025-07-19T17:02:20+00:00</time></trkpt><trkpt lat="45.75699" lon="6.57421"><ele>1423.59</ele><time>2025-07-19T17:02:57+00:00</time></trkpt><trkpt lat="45.75723" lon="6.57399"><ele>1434.23</ele><time>2025-07-19T17:03:39+00:00</time></trkpt><trkpt lat="45.75746" lon="6.57372"><ele>1441.73</ele><time>2025-07-19T17:04:08+00:00</time></trkpt><trkpt lat="45.75756" lon="6.57365"><ele>1443.90</ele><time>2025-07-19T17:04:16+00:00</time></trkpt><trkpt lat="45.75769" lon="6.57340"><ele>1447.08</ele><time>2025-07-19T17:04:31+00:00</time></trkpt><trkpt lat="45.75764" lon="6.57335"><ele>1447.08</ele><time>2025-07-19T17:04:33+00:00</time></trkpt><trkpt lat="45.75755" lon="6.57340"><ele>1448.42</ele><time>2025-07-19T17:04:39+00:00</time></trkpt><trkpt lat="45.75752" lon="6.57337"><ele>1448.42</ele><time>2025-07-19T17:04:41+00:00</time></trkpt><trkpt lat="45.75757" lon="6.57319"><ele>1452.09</ele><time>2025-07-19T17:04:55+00:00</time></trkpt><trkpt lat="45.75781" lon="6.57273"><ele>1464.55</ele><time>2025-07-19T17:05:42+00:00</time></trkpt><trkpt lat="45.75782" lon="6.57263"><ele>1469.97</ele><time>2025-07-19T17:06:21+00:00</time></trkpt><trkpt lat="45.75775" lon="6.57261"><ele>1471.26</ele><time>2025-07-19T17:06:26+00:00</time></trkpt><trkpt lat="45.75740" lon="6.57277"><ele>1475.74</ele><time>2025-07-19T17:06:49+00:00</time></trkpt><trkpt lat="45.75734" lon="6.57271"><ele>1476.84</ele><time>2025-07-19T17:06:54+00:00</time></trkpt><trkpt lat="45.75727" lon="6.57256"><ele>1479.24</ele><time>2025-07-19T17:07:03+00:00</time></trkpt><trkpt lat="45.75728" lon="6.57247"><ele>1479.24</ele><time>2025-07-19T17:07:06+00:00</time></trkpt><trkpt lat="45.75735" lon="6.57228"><ele>1481.71</ele><time>2025-07-19T17:07:16+00:00</time></trkpt><trkpt lat="45.75750" lon="6.57222"><ele>1485.71</ele><time>2025-07-19T17:07:32+00:00</time></trkpt><trkpt lat="45.75770" lon="6.57221"><ele>1489.83</ele><time>2025-07-19T17:07:48+00:00</time></trkpt><trkpt lat="45.75774" lon="6.57210"><ele>1489.83</ele><time>2025-07-19T17:07:52+00:00</time></trkpt><trkpt lat="45.75784" lon="6.57206"><ele>1492.37</ele><time>2025-07-19T17:08:01+00:00</time></trkpt><trkpt lat="45.75784" lon="6.57203"><ele>1492.37</ele><time>2025-07-19T17:08:02+00:00</time></trkpt><trkpt lat="45.75778" lon="6.57196"><ele>1495.14</ele><time>2025-07-19T17:08:13+00:00</time></trkpt><trkpt lat="45.75778" lon="6.57190"><ele>1496.67</ele><time>2025-07-19T17:08:19+00:00</time></trkpt><trkpt lat="45.75805" lon="6.57168"><ele>1501.58</ele><time>2025-07-19T17:08:41+00:00</time></trkpt><trkpt lat="45.75808" lon="6.57162"><ele>1505.79</ele><time>2025-07-19T17:09:13+00:00</time></trkpt><trkpt lat="45.75806" lon="6.57149"><ele>1507.40</ele><time>2025-07-19T17:09:20+00:00</time></trkpt><trkpt lat="45.75799" lon="6.57152"><ele>1509.27</ele><time>2025-07-19T17:09:27+00:00</time></trkpt><trkpt lat="45.75794" lon="6.57151"><ele>1509.27</ele><time>2025-07-19T17:09:29+00:00</time></trkpt><trkpt lat="45.75778" lon="6.57128"><ele>1514.49</ele><time>2025-07-19T17:09:50+00:00</time></trkpt><trkpt lat="45.75764" lon="6.57097"><ele>1532.30</ele><time>2025-07-19T17:11:39+00:00</time></trkpt><trkpt lat="45.75734" lon="6.57096"><ele>1541.38</ele><time>2025-07-19T17:12:14+00:00</time></trkpt><trkpt lat="45.75729" lon="6.57088"><ele>1541.38</ele><time>2025-07-19T17:12:17+00:00</time></trkpt><trkpt lat="45.75740" lon="6.57049"><ele>1546.51</ele><time>2025-07-19T17:12:38+00:00</time></trkpt><trkpt lat="45.75737" lon="6.57037"><ele>1547.84</ele><time>2025-07-19T17:12:44+00:00</time></trkpt><trkpt lat="45.75722" lon="6.57029"><ele>1551.96</ele><time>2025-07-19T17:13:00+00:00</time></trkpt><trkpt lat="45.75714" lon="6.57019"><ele>1551.96</ele><time>2025-07-19T17:13:04+00:00</time></trkpt><trkpt lat="45.75706" lon="6.56994"><ele>1555.26</ele><time>2025-07-19T17:13:18+00:00</time></trkpt><trkpt lat="45.75705" lon="6.56978"><ele>1556.82</ele><time>2025-07-19T17:13:26+00:00</time></trkpt><trkpt lat="45.75698" lon="6.56946"><ele>1564.61</ele><time>2025-07-19T17:13:56+00:00</time></trkpt><trkpt lat="45.75681" lon="6.56894"><ele>1578.28</ele><time>2025-07-19T17:14:48+00:00</time></trkpt><trkpt lat="45.75662" lon="6.56852"><ele>1587.89</ele><time>2025-07-19T17:15:25+00:00</time></trkpt><trkpt lat="45.75657" lon="6.56826"><ele>1592.17</ele><time>2025-07-19T17:15:42+00:00</time></trkpt><trkpt lat="45.75636" lon="6.56753"><ele>1611.19</ele><time>2025-07-19T17:16:55+00:00</time></trkpt><trkpt lat="45.75633" lon="6.56667"><ele>1629.19</ele><time>2025-07-19T17:18:04+00:00</time></trkpt><trkpt lat="45.75617" lon="6.56634"><ele>1630.99</ele><time>2025-07-19T17:18:18+00:00</time></trkpt><trkpt lat="45.75612" lon="6.56612"><ele>1631.88</ele><time>2025-07-19T17:18:26+00:00</time></trkpt><trkpt lat="45.75613" lon="6.56594"><ele>1633.97</ele><time>2025-07-19T17:18:35+00:00</time></trkpt><trkpt lat="45.75611" lon="6.56581"><ele>1633.97</ele><time>2025-07-19T17:18:38+00:00</time></trkpt><trkpt lat="45.75605" lon="6.56571"><ele>1636.63</ele><time>2025-07-19T17:18:49+00:00</time></trkpt><trkpt lat="45.75590" lon="6.56558"><ele>1639.67</ele><time>2025-07-19T17:19:01+00:00</time></trkpt><trkpt lat="45.75568" lon="6.56555"><ele>1645.66</ele><time>2025-07-19T17:19:24+00:00</time></trkpt><trkpt lat="45.75548" lon="6.56563"><ele>1648.60</ele><time>2025-07-19T17:19:38+00:00</time></trkpt><trkpt lat="45.75539" lon="6.56560"><ele>1650.41</ele><time>2025-07-19T17:19:45+00:00</time></trkpt><trkpt lat="45.75537" lon="6.56541"><ele>1652.38</ele><time>2025-07-19T17:19:54+00:00</time></trkpt><trkpt lat="45.75545" lon="6.56525"><ele>1653.70</ele><time>2025-07-19T17:20:02+00:00</time></trkpt><trkpt lat="45.75535" lon="6.56489"><ele>1661.54</ele><time>2025-07-19T17:20:31+00:00</time></trkpt><trkpt lat="45.75531" lon="6.56441"><ele>1666.56</ele><time>2025-07-19T17:20:54+00:00</time></trkpt><trkpt lat="45.75533" lon="6.56433"><ele>1666.56</ele><time>2025-07-19T17:20:56+00:00</time></trkpt><trkpt lat="45.75538" lon="6.56428"><ele>1666.56</ele><time>2025-07-19T17:20:59+00:00</time></trkpt><trkpt lat="45.75547" lon="6.56426"><ele>1668.64</ele><time>2025-07-19T17:21:07+00:00</time></trkpt><trkpt lat="45.75589" lon="6.56431"><ele>1671.27</ele><time>2025-07-19T17:21:28+00:00</time></trkpt><trkpt lat="45.75667" lon="6.56396"><ele>1696.90</ele><time>2025-07-19T17:23:06+00:00</time></trkpt><trkpt lat="45.75681" lon="6.56393"><ele>1697.46</ele><time>2025-07-19T17:23:12+00:00</time></trkpt><trkpt lat="45.75704" lon="6.56400"><ele>1697.46</ele><time>2025-07-19T17:23:21+00:00</time></trkpt><trkpt lat="45.75714" lon="6.56399"><ele>1698.00</ele><time>2025-07-19T17:23:26+00:00</time></trkpt><trkpt lat="45.75766" lon="6.56379"><ele>1719.11</ele><time>2025-07-19T17:24:51+00:00</time></trkpt><trkpt lat="45.75797" lon="6.56371"><ele>1722.61</ele><time>2025-07-19T17:25:09+00:00</time></trkpt><trkpt lat="45.75820" lon="6.56361"><ele>1729.57</ele><time>2025-07-19T17:25:36+00:00</time></trkpt><trkpt lat="45.75854" lon="6.56363"><ele>1732.52</ele><time>2025-07-19T17:25:54+00:00</time></trkpt><trkpt lat="45.75858" lon="6.56360"><ele>1735.36</ele><time>2025-07-19T17:26:10+00:00</time></trkpt><trkpt lat="45.75882" lon="6.56308"><ele>1743.95</ele><time>2025-07-19T17:26:44+00:00</time></trkpt><trkpt lat="45.75899" lon="6.56265"><ele>1752.42</ele><time>2025-07-19T17:27:17+00:00</time></trkpt><trkpt lat="45.75912" lon="6.56261"><ele>1754.56</ele><time>2025-07-19T17:27:26+00:00</time></trkpt><trkpt lat="45.75926" lon="6.56263"><ele>1754.56</ele><time>2025-07-19T17:27:32+00:00</time></trkpt><trkpt lat="45.75932" lon="6.56256"><ele>1756.44</ele><time>2025-07-19T17:27:39+00:00</time></trkpt><trkpt lat="45.75926" lon="6.56195"><ele>1763.32</ele><time>2025-07-19T17:28:09+00:00</time></trkpt><trkpt lat="45.75930" lon="6.56158"><ele>1769.00</ele><time>2025-07-19T17:28:31+00:00</time></trkpt><trkpt lat="45.75940" lon="6.56116"><ele>1773.05</ele><time>2025-07-19T17:28:51+00:00</time></trkpt><trkpt lat="45.75938" lon="6.56054"><ele>1774.92</ele><time>2025-07-19T17:29:11+00:00</time></trkpt><trkpt lat="45.75907" lon="6.55953"><ele>1783.63</ele><time>2025-07-19T17:29:56+00:00</time></trkpt><trkpt lat="45.75907" lon="6.55919"><ele>1783.63</ele><time>2025-07-19T17:30:05+00:00</time></trkpt><trkpt lat="45.75922" lon="6.55850"><ele>1785.24</ele><time>2025-07-19T17:30:28+00:00</time></trkpt><trkpt lat="45.75957" lon="6.55777"><ele>1786.28</ele><time>2025-07-19T17:30:54+00:00</time></trkpt><trkpt lat="45.76004" lon="6.55711"><ele>1785.84</ele><time>2025-07-19T17:31:20+00:00</time></trkpt><trkpt lat="45.76008" lon="6.55692"><ele>1785.84</ele><time>2025-07-19T17:31:25+00:00</time></trkpt><trkpt lat="45.76006" lon="6.55604"><ele>1784.70</ele><time>2025-07-19T17:31:48+00:00</time></trkpt><trkpt lat="45.76001" lon="6.55571"><ele>1784.70</ele><time>2025-07-19T17:31:58+00:00</time></trkpt><trkpt lat="45.76002" lon="6.55473"><ele>1784.46</ele><time>2025-07-19T17:32:25+00:00</time></trkpt><trkpt lat="45.76036" lon="6.55443"><ele>1784.77</ele><time>2025-07-19T17:32:41+00:00</time></trkpt><trkpt lat="45.76040" lon="6.55424"><ele>1784.93</ele><time>2025-07-19T17:32:47+00:00</time></trkpt><trkpt lat="45.76035" lon="6.55389"><ele>1785.16</ele><time>2025-07-19T17:32:57+00:00</time></trkpt><trkpt lat="45.76035" lon="6.55355"><ele>1785.41</ele><time>2025-07-19T17:33:07+00:00</time></trkpt><trkpt lat="45.76040" lon="6.55330"><ele>1785.60</ele><time>2025-07-19T17:33:15+00:00</time></trkpt><trkpt lat="45.76057" lon="6.55287"><ele>1786.10</ele><time>2025-07-19T17:33:29+00:00</time></trkpt><trkpt lat="45.76065" lon="6.55235"><ele>1786.49</ele><time>2025-07-19T17:33:44+00:00</time></trkpt><trkpt lat="45.76078" lon="6.55217"><ele>1786.59</ele><time>2025-07-19T17:33:52+00:00</time></trkpt><trkpt lat="45.76067" lon="6.55188"><ele>1786.59</ele><time>2025-07-19T17:34:01+00:00</time></trkpt><trkpt lat="45.76064" lon="6.55118"><ele>1782.01</ele><time>2025-07-19T17:34:16+00:00</time></trkpt><trkpt lat="45.76060" lon="6.55103"><ele>1782.01</ele><time>2025-07-19T17:34:21+00:00</time></trkpt><trkpt lat="45.76031" lon="6.55050"><ele>1777.89</ele><time>2025-07-19T17:34:36+00:00</time></trkpt><trkpt lat="45.76014" lon="6.54948"><ele>1770.87</ele><time>2025-07-19T17:34:59+00:00</time></trkpt><trkpt lat="45.76013" lon="6.54915"><ele>1770.87</ele><time>2025-07-19T17:35:08+00:00</time></trkpt><trkpt lat="45.75997" lon="6.54843"><ele>1765.88</ele><time>2025-07-19T17:35:25+00:00</time></trkpt><trkpt lat="45.75960" lon="6.54732"><ele>1754.27</ele><time>2025-07-19T17:35:50+00:00</time></trkpt><trkpt lat="45.75955" lon="6.54708"><ele>1753.18</ele><time>2025-07-19T17:35:56+00:00</time></trkpt><trkpt lat="45.75953" lon="6.54663"><ele>1751.99</ele><time>2025-07-19T17:36:07+00:00</time></trkpt><trkpt lat="45.75957" lon="6.54587"><ele>1736.97</ele><time>2025-07-19T17:36:27+00:00</time></trkpt><trkpt lat="45.75961" lon="6.54574"><ele>1736.97</ele><time>2025-07-19T17:36:31+00:00</time></trkpt><trkpt lat="45.75964" lon="6.54537"><ele>1736.97</ele><time>2025-07-19T17:36:41+00:00</time></trkpt><trkpt lat="45.75960" lon="6.54465"><ele>1727.17</ele><time>2025-07-19T17:36:56+00:00</time></trkpt><trkpt lat="45.75937" lon="6.54300"><ele>1712.24</ele><time>2025-07-19T17:37:32+00:00</time></trkpt><trkpt lat="45.75940" lon="6.54210"><ele>1706.59</ele><time>2025-07-19T17:37:52+00:00</time></trkpt><trkpt lat="45.75935" lon="6.54181"><ele>1705.88</ele><time>2025-07-19T17:37:59+00:00</time></trkpt><trkpt lat="45.75941" lon="6.54125"><ele>1705.12</ele><time>2025-07-19T17:38:14+00:00</time></trkpt><trkpt lat="45.75927" lon="6.54046"><ele>1695.56</ele><time>2025-07-19T17:38:31+00:00</time></trkpt><trkpt lat="45.75920" lon="6.54027"><ele>1695.56</ele><time>2025-07-19T17:38:37+00:00</time></trkpt><trkpt lat="45.75918" lon="6.53952"><ele>1685.40</ele><time>2025-07-19T17:38:53+00:00</time></trkpt><trkpt lat="45.75919" lon="6.53917"><ele>1685.40</ele><time>2025-07-19T17:39:02+00:00</time></trkpt><trkpt lat="45.75942" lon="6.53829"><ele>1678.25</ele><time>2025-07-19T17:39:23+00:00</time></trkpt><trkpt lat="45.75946" lon="6.53803"><ele>1676.66</ele><time>2025-07-19T17:39:29+00:00</time></trkpt><trkpt lat="45.75950" lon="6.53743"><ele>1672.88</ele><time>2025-07-19T17:39:42+00:00</time></trkpt><trkpt lat="45.75948" lon="6.53722"><ele>1670.30</ele><time>2025-07-19T17:39:46+00:00</time></trkpt><trkpt lat="45.75938" lon="6.53691"><ele>1669.18</ele><time>2025-07-19T17:39:55+00:00</time></trkpt><trkpt lat="45.75937" lon="6.53661"><ele>1667.15</ele><time>2025-07-19T17:40:01+00:00</time></trkpt><trkpt lat="45.75931" lon="6.53626"><ele>1664.88</ele><time>2025-07-19T17:40:09+00:00</time></trkpt><trkpt lat="45.75932" lon="6.53615"><ele>1663.64</ele><time>2025-07-19T17:40:11+00:00</time></trkpt><trkpt lat="45.75922" lon="6.53590"><ele>1662.94</ele><time>2025-07-19T17:40:19+00:00</time></trkpt><trkpt lat="45.75926" lon="6.53590"><ele>1662.94</ele><time>2025-07-19T17:40:20+00:00</time></trkpt><trkpt lat="45.75945" lon="6.53576"><ele>1662.45</ele><time>2025-07-19T17:40:28+00:00</time></trkpt><trkpt lat="45.75960" lon="6.53546"><ele>1662.20</ele><time>2025-07-19T17:40:38+00:00</time></trkpt><trkpt lat="45.75980" lon="6.53491"><ele>1661.98</ele><time>2025-07-19T17:40:55+00:00</time></trkpt><trkpt lat="45.75992" lon="6.53476"><ele>1661.42</ele><time>2025-07-19T17:41:01+00:00</time></trkpt><trkpt lat="45.75990" lon="6.53457"><ele>1661.42</ele><time>2025-07-19T17:41:06+00:00</time></trkpt><trkpt lat="45.75996" lon="6.53432"><ele>1660.78</ele><time>2025-07-19T17:41:13+00:00</time></trkpt><trkpt lat="45.76005" lon="6.53420"><ele>1660.21</ele><time>2025-07-19T17:41:17+00:00</time></trkpt><trkpt lat="45.76030" lon="6.53396"><ele>1659.18</ele><time>2025-07-19T17:41:28+00:00</time></trkpt><trkpt lat="45.76036" lon="6.53386"><ele>1658.87</ele><time>2025-07-19T17:41:32+00:00</time></trkpt><trkpt lat="45.76038" lon="6.53377"><ele>1658.87</ele><time>2025-07-19T17:41:34+00:00</time></trkpt><trkpt lat="45.76035" lon="6.53357"><ele>1658.36</ele><time>2025-07-19T17:41:39+00:00</time></trkpt><trkpt lat="45.76031" lon="6.53358"><ele>1658.36</ele><time>2025-07-19T17:41:41+00:00</time></trkpt><trkpt lat="45.76024" lon="6.53302"><ele>1657.83</ele><time>2025-07-19T17:41:56+00:00</time></trkpt><trkpt lat="45.76085" lon="6.53289"><ele>1655.42</ele><time>2025-07-19T17:42:18+00:00</time></trkpt><trkpt lat="45.76078" lon="6.53259"><ele>1655.00</ele><time>2025-07-19T17:42:27+00:00</time></trkpt><trkpt lat="45.76072" lon="6.53250"><ele>1654.66</ele><time>2025-07-19T17:42:30+00:00</time></trkpt><trkpt lat="45.76044" lon="6.53218"><ele>1653.76</ele><time>2025-07-19T17:42:43+00:00</time></trkpt><trkpt lat="45.76037" lon="6.53217"><ele>1653.45</ele><time>2025-07-19T17:42:45+00:00</time></trkpt><trkpt lat="45.76017" lon="6.53207"><ele>1653.10</ele><time>2025-07-19T17:42:53+00:00</time></trkpt><trkpt lat="45.76010" lon="6.53194"><ele>1653.10</ele><time>2025-07-19T17:42:58+00:00</time></trkpt><trkpt lat="45.75988" lon="6.53170"><ele>1653.00</ele><time>2025-07-19T17:43:09+00:00</time></trkpt><trkpt lat="45.75969" lon="6.53174"><ele>1653.49</ele><time>2025-07-19T17:43:17+00:00</time></trkpt><trkpt lat="45.75932" lon="6.53202"><ele>1653.73</ele><time>2025-07-19T17:43:34+00:00</time></trkpt><trkpt lat="45.75891" lon="6.53145"><ele>1649.97</ele><time>2025-07-19T17:43:53+00:00</time></trkpt><trkpt lat="45.75865" lon="6.53128"><ele>1649.97</ele><time>2025-07-19T17:44:05+00:00</time></trkpt><trkpt lat="45.75852" lon="6.53114"><ele>1649.97</ele><time>2025-07-19T17:44:11+00:00</time></trkpt><trkpt lat="45.75818" lon="6.53067"><ele>1644.27</ele><time>2025-07-19T17:44:26+00:00</time></trkpt><trkpt lat="45.75809" lon="6.53076"><ele>1644.54</ele><time>2025-07-19T17:44:30+00:00</time></trkpt><trkpt lat="45.75798" lon="6.53094"><ele>1644.77</ele><time>2025-07-19T17:44:37+00:00</time></trkpt><trkpt lat="45.75786" lon="6.53124"><ele>1645.16</ele><time>2025-07-19T17:44:48+00:00</time></trkpt><trkpt lat="45.75782" lon="6.53146"><ele>1645.33</ele><time>2025-07-19T17:44:54+00:00</time></trkpt><trkpt lat="45.75775" lon="6.53148"><ele>1645.50</ele><time>2025-07-19T17:44:57+00:00</time></trkpt><trkpt lat="45.75769" lon="6.53153"><ele>1644.59</ele><time>2025-07-19T17:44:59+00:00</time></trkpt><trkpt lat="45.75741" lon="6.53202"><ele>1641.15</ele><time>2025-07-19T17:45:14+00:00</time></trkpt><trkpt lat="45.75735" lon="6.53200"><ele>1639.85</ele><time>2025-07-19T17:45:16+00:00</time></trkpt><trkpt lat="45.75712" lon="6.53159"><ele>1639.85</ele><time>2025-07-19T17:45:30+00:00</time></trkpt><trkpt lat="45.75704" lon="6.53091"><ele>1631.27</ele><time>2025-07-19T17:45:45+00:00</time></trkpt><trkpt lat="45.75665" lon="6.53139"><ele>1621.64</ele><time>2025-07-19T17:46:00+00:00</time></trkpt><trkpt lat="45.75644" lon="6.53094"><ele>1619.96</ele><time>2025-07-19T17:46:13+00:00</time></trkpt><trkpt lat="45.75634" lon="6.53079"><ele>1618.96</ele><time>2025-07-19T17:46:18+00:00</time></trkpt><trkpt lat="45.75627" lon="6.53071"><ele>1618.96</ele><time>2025-07-19T17:46:22+00:00</time></trkpt><trkpt lat="45.75609" lon="6.53068"><ele>1618.96</ele><time>2025-07-19T17:46:29+00:00</time></trkpt><trkpt lat="45.75594" lon="6.53079"><ele>1618.19</ele><time>2025-07-19T17:46:35+00:00</time></trkpt><trkpt lat="45.75567" lon="6.53126"><ele>1617.23</ele><time>2025-07-19T17:46:51+00:00</time></trkpt><trkpt lat="45.75525" lon="6.53167"><ele>1614.42</ele><time>2025-07-19T17:47:08+00:00</time></trkpt><trkpt lat="45.75502" lon="6.53186"><ele>1614.10</ele><time>2025-07-19T17:47:18+00:00</time></trkpt><trkpt lat="45.75484" lon="6.53221"><ele>1613.41</ele><time>2025-07-19T17:47:30+00:00</time></trkpt><trkpt lat="45.75482" lon="6.53247"><ele>1612.87</ele><time>2025-07-19T17:47:36+00:00</time></trkpt><trkpt lat="45.75484" lon="6.53259"><ele>1612.87</ele><time>2025-07-19T17:47:40+00:00</time></trkpt><trkpt lat="45.75480" lon="6.53308"><ele>1612.30</ele><time>2025-07-19T17:47:53+00:00</time></trkpt><trkpt lat="45.75466" lon="6.53331"><ele>1611.90</ele><time>2025-07-19T17:48:01+00:00</time></trkpt><trkpt lat="45.75463" lon="6.53346"><ele>1611.90</ele><time>2025-07-19T17:48:05+00:00</time></trkpt><trkpt lat="45.75395" lon="6.53310"><ele>1620.36</ele><time>2025-07-19T17:48:48+00:00</time></trkpt><trkpt lat="45.75341" lon="6.53276"><ele>1627.26</ele><time>2025-07-19T17:49:24+00:00</time></trkpt><trkpt lat="45.75290" lon="6.53235"><ele>1633.61</ele><time>2025-07-19T17:49:57+00:00</time></trkpt><trkpt lat="45.75283" lon="6.53234"><ele>1633.61</ele><time>2025-07-19T17:50:00+00:00</time></trkpt><trkpt lat="45.75238" lon="6.53274"><ele>1640.38</ele><time>2025-07-19T17:50:33+00:00</time></trkpt><trkpt lat="45.75225" lon="6.53289"><ele>1640.38</ele><time>2025-07-19T17:50:40+00:00</time></trkpt><trkpt lat="45.75177" lon="6.53312"><ele>1644.92</ele><time>2025-07-19T17:51:07+00:00</time></trkpt><trkpt lat="45.75089" lon="6.53349"><ele>1651.42</ele><time>2025-07-19T17:51:54+00:00</time></trkpt><trkpt lat="45.75053" lon="6.53358"><ele>1651.42</ele><time>2025-07-19T17:52:08+00:00</time></trkpt><trkpt lat="45.74973" lon="6.53349"><ele>1665.02</ele><time>2025-07-19T17:53:06+00:00</time></trkpt><trkpt lat="45.74961" lon="6.53351"><ele>1665.45</ele><time>2025-07-19T17:53:11+00:00</time></trkpt><trkpt lat="45.74982" lon="6.53350"><ele>1665.90</ele><time>2025-07-19T17:53:20+00:00</time></trkpt><trkpt lat="45.74961" lon="6.53351"><ele>1667.01</ele><time>2025-07-19T17:53:30+00:00</time></trkpt><trkpt lat="45.74941" lon="6.53363"><ele>1668.78</ele><time>2025-07-19T17:53:42+00:00</time></trkpt><trkpt lat="45.74934" lon="6.53363"><ele>1670.69</ele><time>2025-07-19T17:53:49+00:00</time></trkpt><trkpt lat="45.74945" lon="6.53324"><ele>1674.43</ele><time>2025-07-19T17:54:07+00:00</time></trkpt><trkpt lat="45.74947" lon="6.53310"><ele>1675.80</ele><time>2025-07-19T17:54:14+00:00</time></trkpt><trkpt lat="45.74945" lon="6.53297"><ele>1676.72</ele><time>2025-07-19T17:54:19+00:00</time></trkpt><trkpt lat="45.74940" lon="6.53298"><ele>1676.72</ele><time>2025-07-19T17:54:21+00:00</time></trkpt><trkpt lat="45.74934" lon="6.53303"><ele>1676.72</ele><time>2025-07-19T17:54:24+00:00</time></trkpt><trkpt lat="45.74932" lon="6.53299"><ele>1677.14</ele><time>2025-07-19T17:54:26+00:00</time></trkpt><trkpt lat="45.74936" lon="6.53291"><ele>1677.54</ele><time>2025-07-19T17:54:29+00:00</time></trkpt><trkpt lat="45.74937" lon="6.53282"><ele>1677.88</ele><time>2025-07-19T17:54:32+00:00</time></trkpt><trkpt lat="45.74934" lon="6.53277"><ele>1677.88</ele><time>2025-07-19T17:54:34+00:00</time></trkpt><trkpt lat="45.74925" lon="6.53286"><ele>1678.81</ele><time>2025-07-19T17:54:40+00:00</time></trkpt><trkpt lat="45.74911" lon="6.53287"><ele>1680.74</ele><time>2025-07-19T17:54:49+00:00</time></trkpt><trkpt lat="45.74904" lon="6.53278"><ele>1681.22</ele><time>2025-07-19T17:54:53+00:00</time></trkpt><trkpt lat="45.74896" lon="6.53253"><ele>1684.71</ele><time>2025-07-19T17:55:08+00:00</time></trkpt><trkpt lat="45.74889" lon="6.53239"><ele>1688.10</ele><time>2025-07-19T17:55:21+00:00</time></trkpt><trkpt lat="45.74863" lon="6.53223"><ele>1691.40</ele><time>2025-07-19T17:55:37+00:00</time></trkpt><trkpt lat="45.74855" lon="6.53222"><ele>1693.85</ele><time>2025-07-19T17:55:47+00:00</time></trkpt><trkpt lat="45.74850" lon="6.53218"><ele>1693.85</ele><time>2025-07-19T17:55:49+00:00</time></trkpt><trkpt lat="45.74850" lon="6.53210"><ele>1694.89</ele><time>2025-07-19T17:55:53+00:00</time></trkpt><trkpt lat="45.74868" lon="6.53168"><ele>1700.71</ele><time>2025-07-19T17:56:18+00:00</time></trkpt><trkpt lat="45.74853" lon="6.53130"><ele>1705.68</ele><time>2025-07-19T17:56:39+00:00</time></trkpt><trkpt lat="45.74854" lon="6.53122"><ele>1706.01</ele><time>2025-07-19T17:56:42+00:00</time></trkpt><trkpt lat="45.74852" lon="6.53118"><ele>1706.01</ele><time>2025-07-19T17:56:44+00:00</time></trkpt><trkpt lat="45.74848" lon="6.53115"><ele>1706.01</ele><time>2025-07-19T17:56:45+00:00</time></trkpt><trkpt lat="45.74844" lon="6.53122"><ele>1706.73</ele><time>2025-07-19T17:56:49+00:00</time></trkpt><trkpt lat="45.74841" lon="6.53119"><ele>1707.40</ele><time>2025-07-19T17:56:52+00:00</time></trkpt><trkpt lat="45.74837" lon="6.53098"><ele>1708.11</ele><time>2025-07-19T17:56:59+00:00</time></trkpt><trkpt lat="45.74830" lon="6.53086"><ele>1708.41</ele><time>2025-07-19T17:57:04+00:00</time></trkpt><trkpt lat="45.74816" lon="6.53071"><ele>1712.41</ele><time>2025-07-19T17:57:19+00:00</time></trkpt><trkpt lat="45.74810" lon="6.53050"><ele>1714.07</ele><time>2025-07-19T17:57:28+00:00</time></trkpt><trkpt lat="45.74810" lon="6.53028"><ele>1716.89</ele><time>2025-07-19T17:57:40+00:00</time></trkpt><trkpt lat="45.74805" lon="6.53010"><ele>1717.94</ele><time>2025-07-19T17:57:47+00:00</time></trkpt><trkpt lat="45.74800" lon="6.53004"><ele>1718.67</ele><time>2025-07-19T17:57:51+00:00</time></trkpt><trkpt lat="45.74795" lon="6.52990"><ele>1719.38</ele><time>2025-07-19T17:57:56+00:00</time></trkpt><trkpt lat="45.74798" lon="6.52965"><ele>1720.38</ele><time>2025-07-19T17:58:05+00:00</time></trkpt><trkpt lat="45.74789" lon="6.52956"><ele>1720.38</ele><time>2025-07-19T17:58:09+00:00</time></trkpt><trkpt lat="45.74779" lon="6.52932"><ele>1722.61</ele><time>2025-07-19T17:58:21+00:00</time></trkpt><trkpt lat="45.74782" lon="6.52887"><ele>1724.16</ele><time>2025-07-19T17:58:35+00:00</time></trkpt><trkpt lat="45.74774" lon="6.52807"><ele>1735.54</ele><time>2025-07-19T17:59:21+00:00</time></trkpt><trkpt lat="45.74788" lon="6.52770"><ele>1736.55</ele><time>2025-07-19T17:59:34+00:00</time></trkpt><trkpt lat="45.74800" lon="6.52779"><ele>1737.55</ele><time>2025-07-19T17:59:41+00:00</time></trkpt><trkpt lat="45.74816" lon="6.52779"><ele>1739.18</ele><time>2025-07-19T17:59:50+00:00</time></trkpt><trkpt lat="45.74843" lon="6.52774"><ele>1741.81</ele><time>2025-07-19T18:00:05+00:00</time></trkpt><trkpt lat="45.74856" lon="6.52766"><ele>1742.81</ele><time>2025-07-19T18:00:12+00:00</time></trkpt><trkpt lat="45.74870" lon="6.52746"><ele>1745.39</ele><time>2025-07-19T18:00:25+00:00</time></trkpt><trkpt lat="45.74877" lon="6.52744"><ele>1745.97</ele><time>2025-07-19T18:00:29+00:00</time></trkpt><trkpt lat="45.74887" lon="6.52698"><ele>1749.43</ele><time>2025-07-19T18:00:48+00:00</time></trkpt><trkpt lat="45.74885" lon="6.52693"><ele>1749.43</ele><time>2025-07-19T18:00:49+00:00</time></trkpt><trkpt lat="45.74882" lon="6.52693"><ele>1749.99</ele><time>2025-07-19T18:00:52+00:00</time></trkpt><trkpt lat="45.74874" lon="6.52703"><ele>1751.29</ele><time>2025-07-19T18:00:58+00:00</time></trkpt><trkpt lat="45.74871" lon="6.52700"><ele>1751.29</ele><time>2025-07-19T18:00:59+00:00</time></trkpt><trkpt lat="45.74871" lon="6.52694"><ele>1752.04</ele><time>2025-07-19T18:01:03+00:00</time></trkpt><trkpt lat="45.74876" lon="6.52687"><ele>1752.77</ele><time>2025-07-19T18:01:07+00:00</time></trkpt><trkpt lat="45.74885" lon="6.52645"><ele>1755.72</ele><time>2025-07-19T18:01:24+00:00</time></trkpt><trkpt lat="45.74880" lon="6.52643"><ele>1757.67</ele><time>2025-07-19T18:01:31+00:00</time></trkpt><trkpt lat="45.74875" lon="6.52647"><ele>1759.01</ele><time>2025-07-19T18:01:36+00:00</time></trkpt><trkpt lat="45.74873" lon="6.52641"><ele>1759.91</ele><time>2025-07-19T18:01:40+00:00</time></trkpt><trkpt lat="45.74878" lon="6.52613"><ele>1759.91</ele><time>2025-07-19T18:01:48+00:00</time></trkpt><trkpt lat="45.74874" lon="6.52595"><ele>1761.77</ele><time>2025-07-19T18:01:57+00:00</time></trkpt><trkpt lat="45.74875" lon="6.52589"><ele>1762.40</ele><time>2025-07-19T18:02:00+00:00</time></trkpt><trkpt lat="45.74895" lon="6.52556"><ele>1769.28</ele><time>2025-07-19T18:02:26+00:00</time></trkpt><trkpt lat="45.74894" lon="6.52532"><ele>1773.44</ele><time>2025-07-19T18:02:42+00:00</time></trkpt><trkpt lat="45.74900" lon="6.52509"><ele>1774.57</ele><time>2025-07-19T18:02:51+00:00</time></trkpt><trkpt lat="45.74898" lon="6.52502"><ele>1774.98</ele><time>2025-07-19T18:02:54+00:00</time></trkpt><trkpt lat="45.74890" lon="6.52491"><ele>1776.38</ele><time>2025-07-19T18:03:01+00:00</time></trkpt><trkpt lat="45.74895" lon="6.52470"><ele>1777.12</ele><time>2025-07-19T18:03:08+00:00</time></trkpt><trkpt lat="45.74894" lon="6.52461"><ele>1777.12</ele><time>2025-07-19T18:03:10+00:00</time></trkpt><trkpt lat="45.74886" lon="6.52459"><ele>1777.48</ele><time>2025-07-19T18:03:14+00:00</time></trkpt><trkpt lat="45.74882" lon="6.52452"><ele>1777.87</ele><time>2025-07-19T18:03:17+00:00</time></trkpt><trkpt lat="45.74873" lon="6.52447"><ele>1777.87</ele><time>2025-07-19T18:03:21+00:00</time></trkpt><trkpt lat="45.74868" lon="6.52438"><ele>1778.81</ele><time>2025-07-19T18:03:26+00:00</time></trkpt><trkpt lat="45.74871" lon="6.52377"><ele>1782.83</ele><time>2025-07-19T18:03:49+00:00</time></trkpt><trkpt lat="45.74867" lon="6.52357"><ele>1786.12</ele><time>2025-07-19T18:04:02+00:00</time></trkpt><trkpt lat="45.74876" lon="6.52312"><ele>1789.39</ele><time>2025-07-19T18:04:20+00:00</time></trkpt><trkpt lat="45.74853" lon="6.52315"><ele>1790.76</ele><time>2025-07-19T18:04:32+00:00</time></trkpt><trkpt lat="45.74833" lon="6.52312"><ele>1790.93</ele><time>2025-07-19T18:04:40+00:00</time></trkpt><trkpt lat="45.74843" lon="6.52286"><ele>1791.33</ele><time>2025-07-19T18:04:49+00:00</time></trkpt><trkpt lat="45.74849" lon="6.52254"><ele>1791.42</ele><time>2025-07-19T18:04:58+00:00</time></trkpt><trkpt lat="45.74850" lon="6.52169"><ele>1795.64</ele><time>2025-07-19T18:05:28+00:00</time></trkpt><trkpt lat="45.74858" lon="6.52121"><ele>1796.59</ele><time>2025-07-19T18:05:43+00:00</time></trkpt><trkpt lat="45.74857" lon="6.52085"><ele>1797.60</ele><time>2025-07-19T18:05:55+00:00</time></trkpt><trkpt lat="45.74864" lon="6.51950"><ele>1808.85</ele><time>2025-07-19T18:06:51+00:00</time></trkpt><trkpt lat="45.74864" lon="6.51927"><ele>1808.85</ele><time>2025-07-19T18:06:58+00:00</time></trkpt><trkpt lat="45.74860" lon="6.51920"><ele>1809.70</ele><time>2025-07-19T18:07:02+00:00</time></trkpt><trkpt lat="45.74863" lon="6.51910"><ele>1809.70</ele><time>2025-07-19T18:07:05+00:00</time></trkpt><trkpt lat="45.74866" lon="6.51863"><ele>1812.35</ele><time>2025-07-19T18:07:22+00:00</time></trkpt><trkpt lat="45.74874" lon="6.51800"><ele>1815.34</ele><time>2025-07-19T18:07:45+00:00</time></trkpt><trkpt lat="45.74870" lon="6.51640"><ele>1848.10</ele><time>2025-07-19T18:09:49+00:00</time></trkpt><trkpt lat="45.74852" lon="6.51543"><ele>1858.05</ele><time>2025-07-19T18:10:35+00:00</time></trkpt><trkpt lat="45.74831" lon="6.51377"><ele>1867.58</ele><time>2025-07-19T18:11:37+00:00</time></trkpt><trkpt lat="45.74823" lon="6.51344"><ele>1867.58</ele><time>2025-07-19T18:11:47+00:00</time></trkpt><trkpt lat="45.74808" lon="6.51198"><ele>1890.44</ele><time>2025-07-19T18:13:16+00:00</time></trkpt><trkpt lat="45.74799" lon="6.51134"><ele>1896.43</ele><time>2025-07-19T18:13:45+00:00</time></trkpt><trkpt lat="45.74798" lon="6.51099"><ele>1900.26</ele><time>2025-07-19T18:14:01+00:00</time></trkpt><trkpt lat="45.74791" lon="6.51095"><ele>1900.26</ele><time>2025-07-19T18:14:04+00:00</time></trkpt><trkpt lat="45.74786" lon="6.51087"><ele>1900.26</ele><time>2025-07-19T18:14:07+00:00</time></trkpt><trkpt lat="45.74789" lon="6.51064"><ele>1901.41</ele><time>2025-07-19T18:14:16+00:00</time></trkpt><trkpt lat="45.74795" lon="6.51053"><ele>1903.54</ele><time>2025-07-19T18:14:24+00:00</time></trkpt><trkpt lat="45.74790" lon="6.50996"><ele>1913.28</ele><time>2025-07-19T18:15:02+00:00</time></trkpt><trkpt lat="45.74783" lon="6.50949"><ele>1921.02</ele><time>2025-07-19T18:15:32+00:00</time></trkpt><trkpt lat="45.74764" lon="6.50898"><ele>1926.97</ele><time>2025-07-19T18:15:59+00:00</time></trkpt><trkpt lat="45.74764" lon="6.50879"><ele>1931.78</ele><time>2025-07-19T18:16:17+00:00</time></trkpt><trkpt lat="45.74752" lon="6.50829"><ele>1935.96</ele><time>2025-07-19T18:16:39+00:00</time></trkpt><trkpt lat="45.74749" lon="6.50803"><ele>1937.26</ele><time>2025-07-19T18:16:48+00:00</time></trkpt><trkpt lat="45.74752" lon="6.50773"><ele>1937.26</ele><time>2025-07-19T18:16:57+00:00</time></trkpt><trkpt lat="45.74719" lon="6.50702"><ele>1933.97</ele><time>2025-07-19T18:17:17+00:00</time></trkpt><trkpt lat="45.74717" lon="6.50671"><ele>1933.97</ele><time>2025-07-19T18:17:26+00:00</time></trkpt><trkpt lat="45.74708" lon="6.50668"><ele>1933.97</ele><time>2025-07-19T18:17:30+00:00</time></trkpt><trkpt lat="45.74656" lon="6.50565"><ele>1925.31</ele><time>2025-07-19T18:17:57+00:00</time></trkpt><trkpt lat="45.74647" lon="6.50543"><ele>1925.31</ele><time>2025-07-19T18:18:04+00:00</time></trkpt><trkpt lat="45.74614" lon="6.50424"><ele>1916.88</ele><time>2025-07-19T18:18:33+00:00</time></trkpt><trkpt lat="45.74612" lon="6.50399"><ele>1913.49</ele><time>2025-07-19T18:18:38+00:00</time></trkpt><trkpt lat="45.74590" lon="6.50360"><ele>1905.98</ele><time>2025-07-19T18:18:49+00:00</time></trkpt><trkpt lat="45.74568" lon="6.50338"><ele>1901.26</ele><time>2025-07-19T18:18:57+00:00</time></trkpt><trkpt lat="45.74561" lon="6.50326"><ele>1901.26</ele><time>2025-07-19T18:19:01+00:00</time></trkpt><trkpt lat="45.74550" lon="6.50322"><ele>1899.44</ele><time>2025-07-19T18:19:04+00:00</time></trkpt><trkpt lat="45.74495" lon="6.50248"><ele>1871.53</ele><time>2025-07-19T18:19:44+00:00</time></trkpt><trkpt lat="45.74489" lon="6.50230"><ele>1871.53</ele><time>2025-07-19T18:19:49+00:00</time></trkpt><trkpt lat="45.74485" lon="6.50205"><ele>1869.86</ele><time>2025-07-19T18:19:55+00:00</time></trkpt><trkpt lat="45.74484" lon="6.50154"><ele>1865.21</ele><time>2025-07-19T18:20:06+00:00</time></trkpt><trkpt lat="45.74474" lon="6.50106"><ele>1861.25</ele><time>2025-07-19T18:20:16+00:00</time></trkpt><trkpt lat="45.74467" lon="6.50078"><ele>1860.05</ele><time>2025-07-19T18:20:23+00:00</time></trkpt><trkpt lat="45.74453" lon="6.50050"><ele>1860.05</ele><time>2025-07-19T18:20:33+00:00</time></trkpt><trkpt lat="45.74430" lon="6.49949"><ele>1851.51</ele><time>2025-07-19T18:20:56+00:00</time></trkpt><trkpt lat="45.74405" lon="6.49862"><ele>1842.59</ele><time>2025-07-19T18:21:15+00:00</time></trkpt><trkpt lat="45.74416" lon="6.49826"><ele>1840.65</ele><time>2025-07-19T18:21:24+00:00</time></trkpt><trkpt lat="45.74418" lon="6.49760"><ele>1838.60</ele><time>2025-07-19T18:21:41+00:00</time></trkpt><trkpt lat="45.74374" lon="6.49684"><ele>1827.03</ele><time>2025-07-19T18:22:01+00:00</time></trkpt><trkpt lat="45.74346" lon="6.49618"><ele>1824.13</ele><time>2025-07-19T18:22:19+00:00</time></trkpt><trkpt lat="45.74342" lon="6.49578"><ele>1823.46</ele><time>2025-07-19T18:22:30+00:00</time></trkpt><trkpt lat="45.74333" lon="6.49536"><ele>1821.70</ele><time>2025-07-19T18:22:40+00:00</time></trkpt><trkpt lat="45.74323" lon="6.49516"><ele>1819.15</ele><time>2025-07-19T18:22:46+00:00</time></trkpt><trkpt lat="45.74288" lon="6.49478"><ele>1816.13</ele><time>2025-07-19T18:23:00+00:00</time></trkpt><trkpt lat="45.74275" lon="6.49468"><ele>1814.94</ele><time>2025-07-19T18:23:05+00:00</time></trkpt><trkpt lat="45.74263" lon="6.49447"><ele>1814.94</ele><time>2025-07-19T18:23:12+00:00</time></trkpt><trkpt lat="45.74254" lon="6.49421"><ele>1814.57</ele><time>2025-07-19T18:23:20+00:00</time></trkpt><trkpt lat="45.74251" lon="6.49377"><ele>1814.54</ele><time>2025-07-19T18:23:32+00:00</time></trkpt><trkpt lat="45.74202" lon="6.49281"><ele>1805.75</ele><time>2025-07-19T18:23:58+00:00</time></trkpt><trkpt lat="45.74190" lon="6.49242"><ele>1804.88</ele><time>2025-07-19T18:24:09+00:00</time></trkpt><trkpt lat="45.74179" lon="6.49233"><ele>1804.53</ele><time>2025-07-19T18:24:14+00:00</time></trkpt><trkpt lat="45.74171" lon="6.49237"><ele>1803.83</ele><time>2025-07-19T18:24:16+00:00</time></trkpt><trkpt lat="45.74161" lon="6.49251"><ele>1802.94</ele><time>2025-07-19T18:24:21+00:00</time></trkpt><trkpt lat="45.74148" lon="6.49252"><ele>1802.56</ele><time>2025-07-19T18:24:26+00:00</time></trkpt><trkpt lat="45.74135" lon="6.49245"><ele>1802.14</ele><time>2025-07-19T18:24:31+00:00</time></trkpt><trkpt lat="45.74132" lon="6.49237"><ele>1800.88</ele><time>2025-07-19T18:24:33+00:00</time></trkpt><trkpt lat="45.74131" lon="6.49222"><ele>1799.94</ele><time>2025-07-19T18:24:36+00:00</time></trkpt><trkpt lat="45.74133" lon="6.49173"><ele>1796.89</ele><time>2025-07-19T18:24:47+00:00</time></trkpt><trkpt lat="45.74130" lon="6.49160"><ele>1795.22</ele><time>2025-07-19T18:24:50+00:00</time></trkpt><trkpt lat="45.74124" lon="6.49151"><ele>1794.09</ele><time>2025-07-19T18:24:52+00:00</time></trkpt><trkpt lat="45.74091" lon="6.49132"><ele>1792.80</ele><time>2025-07-19T18:25:05+00:00</time></trkpt><trkpt lat="45.74081" lon="6.49112"><ele>1792.33</ele><time>2025-07-19T18:25:12+00:00</time></trkpt><trkpt lat="45.74062" lon="6.49096"><ele>1792.33</ele><time>2025-07-19T18:25:20+00:00</time></trkpt><trkpt lat="45.74045" lon="6.49075"><ele>1792.65</ele><time>2025-07-19T18:25:30+00:00</time></trkpt><trkpt lat="45.74034" lon="6.49030"><ele>1793.68</ele><time>2025-07-19T18:25:45+00:00</time></trkpt><trkpt lat="45.74008" lon="6.49005"><ele>1794.12</ele><time>2025-07-19T18:25:58+00:00</time></trkpt><trkpt lat="45.73973" lon="6.48940"><ele>1792.97</ele><time>2025-07-19T18:26:19+00:00</time></trkpt><trkpt lat="45.73964" lon="6.48895"><ele>1790.66</ele><time>2025-07-19T18:26:30+00:00</time></trkpt><trkpt lat="45.73964" lon="6.48870"><ele>1789.21</ele><time>2025-07-19T18:26:36+00:00</time></trkpt><trkpt lat="45.73955" lon="6.48844"><ele>1788.61</ele><time>2025-07-19T18:26:43+00:00</time></trkpt><trkpt lat="45.73949" lon="6.48837"><ele>1787.99</ele><time>2025-07-19T18:26:45+00:00</time></trkpt><trkpt lat="45.73940" lon="6.48832"><ele>1787.41</ele><time>2025-07-19T18:26:49+00:00</time></trkpt><trkpt lat="45.73921" lon="6.48828"><ele>1786.06</ele><time>2025-07-19T18:26:55+00:00</time></trkpt><trkpt lat="45.73909" lon="6.48828"><ele>1784.75</ele><time>2025-07-19T18:26:59+00:00</time></trkpt><trkpt lat="45.73884" lon="6.48819"><ele>1782.36</ele><time>2025-07-19T18:27:07+00:00</time></trkpt><trkpt lat="45.73869" lon="6.48808"><ele>1781.51</ele><time>2025-07-19T18:27:13+00:00</time></trkpt><trkpt lat="45.73856" lon="6.48804"><ele>1780.95</ele><time>2025-07-19T18:27:17+00:00</time></trkpt><trkpt lat="45.73848" lon="6.48804"><ele>1780.95</ele><time>2025-07-19T18:27:21+00:00</time></trkpt><trkpt lat="45.73841" lon="6.48819"><ele>1780.98</ele><time>2025-07-19T18:27:26+00:00</time></trkpt><trkpt lat="45.73804" lon="6.48806"><ele>1782.98</ele><time>2025-07-19T18:27:44+00:00</time></trkpt><trkpt lat="45.73764" lon="6.48811"><ele>1787.07</ele><time>2025-07-19T18:28:07+00:00</time></trkpt><trkpt lat="45.73757" lon="6.48806"><ele>1788.33</ele><time>2025-07-19T18:28:12+00:00</time></trkpt><trkpt lat="45.73746" lon="6.48792"><ele>1789.52</ele><time>2025-07-19T18:28:20+00:00</time></trkpt><trkpt lat="45.73742" lon="6.48792"><ele>1789.52</ele><time>2025-07-19T18:28:21+00:00</time></trkpt><trkpt lat="45.73742" lon="6.48747"><ele>1794.16</ele><time>2025-07-19T18:28:42+00:00</time></trkpt><trkpt lat="45.73733" lon="6.48723"><ele>1801.43</ele><time>2025-07-19T18:29:11+00:00</time></trkpt><trkpt lat="45.73701" lon="6.48722"><ele>1803.80</ele><time>2025-07-19T18:29:28+00:00</time></trkpt><trkpt lat="45.73693" lon="6.48728"><ele>1803.82</ele><time>2025-07-19T18:29:31+00:00</time></trkpt><trkpt lat="45.73662" lon="6.48692"><ele>1803.65</ele><time>2025-07-19T18:29:47+00:00</time></trkpt><trkpt lat="45.73657" lon="6.48609"><ele>1787.10</ele><time>2025-07-19T18:30:08+00:00</time></trkpt><trkpt lat="45.73646" lon="6.48626"><ele>1787.10</ele><time>2025-07-19T18:30:15+00:00</time></trkpt><trkpt lat="45.73623" lon="6.48686"><ele>1768.26</ele><time>2025-07-19T18:30:43+00:00</time></trkpt><trkpt lat="45.73613" lon="6.48719"><ele>1760.94</ele><time>2025-07-19T18:30:52+00:00</time></trkpt><trkpt lat="45.73613" lon="6.48753"><ele>1755.69</ele><time>2025-07-19T18:31:00+00:00</time></trkpt><trkpt lat="45.73609" lon="6.48760"><ele>1754.70</ele><time>2025-07-19T18:31:02+00:00</time></trkpt><trkpt lat="45.73597" lon="6.48754"><ele>1753.62</ele><time>2025-07-19T18:31:06+00:00</time></trkpt><trkpt lat="45.73584" lon="6.48741"><ele>1751.01</ele><time>2025-07-19T18:31:10+00:00</time></trkpt><trkpt lat="45.73577" lon="6.48739"><ele>1750.04</ele><time>2025-07-19T18:31:12+00:00</time></trkpt><trkpt lat="45.73570" lon="6.48743"><ele>1749.09</ele><time>2025-07-19T18:31:15+00:00</time></trkpt><trkpt lat="45.73563" lon="6.48729"><ele>1747.05</ele><time>2025-07-19T18:31:18+00:00</time></trkpt><trkpt lat="45.73546" lon="6.48719"><ele>1745.09</ele><time>2025-07-19T18:31:24+00:00</time></trkpt><trkpt lat="45.73545" lon="6.48709"><ele>1744.21</ele><time>2025-07-19T18:31:26+00:00</time></trkpt><trkpt lat="45.73552" lon="6.48699"><ele>1740.94</ele><time>2025-07-19T18:31:30+00:00</time></trkpt><trkpt lat="45.73552" lon="6.48683"><ele>1739.90</ele><time>2025-07-19T18:31:34+00:00</time></trkpt><trkpt lat="45.73566" lon="6.48653"><ele>1736.85</ele><time>2025-07-19T18:31:42+00:00</time></trkpt><trkpt lat="45.73572" lon="6.48620"><ele>1734.43</ele><time>2025-07-19T18:31:49+00:00</time></trkpt><trkpt lat="45.73577" lon="6.48509"><ele>1709.95</ele><time>2025-07-19T18:32:21+00:00</time></trkpt><trkpt lat="45.73585" lon="6.48487"><ele>1709.95</ele><time>2025-07-19T18:32:28+00:00</time></trkpt><trkpt lat="45.73602" lon="6.48360"><ele>1677.89</ele><time>2025-07-19T18:33:12+00:00</time></trkpt><trkpt lat="45.73600" lon="6.48359"><ele>1677.89</ele><time>2025-07-19T18:33:13+00:00</time></trkpt><trkpt lat="45.73585" lon="6.48387"><ele>1676.32</ele><time>2025-07-19T18:33:21+00:00</time></trkpt><trkpt lat="45.73573" lon="6.48403"><ele>1674.78</ele><time>2025-07-19T18:33:26+00:00</time></trkpt><trkpt lat="45.73571" lon="6.48402"><ele>1674.78</ele><time>2025-07-19T18:33:27+00:00</time></trkpt><trkpt lat="45.73570" lon="6.48387"><ele>1673.31</ele><time>2025-07-19T18:33:30+00:00</time></trkpt><trkpt lat="45.73579" lon="6.48370"><ele>1671.91</ele><time>2025-07-19T18:33:35+00:00</time></trkpt><trkpt lat="45.73581" lon="6.48361"><ele>1671.09</ele><time>2025-07-19T18:33:37+00:00</time></trkpt><trkpt lat="45.73576" lon="6.48363"><ele>1668.99</ele><time>2025-07-19T18:33:40+00:00</time></trkpt><trkpt lat="45.73575" lon="6.48318"><ele>1662.61</ele><time>2025-07-19T18:33:50+00:00</time></trkpt><trkpt lat="45.73564" lon="6.48330"><ele>1655.18</ele><time>2025-07-19T18:34:06+00:00</time></trkpt><trkpt lat="45.73556" lon="6.48297"><ele>1649.04</ele><time>2025-07-19T18:34:14+00:00</time></trkpt><trkpt lat="45.73554" lon="6.48269"><ele>1641.49</ele><time>2025-07-19T18:34:25+00:00</time></trkpt><trkpt lat="45.73557" lon="6.48245"><ele>1636.19</ele><time>2025-07-19T18:34:32+00:00</time></trkpt><trkpt lat="45.73555" lon="6.48227"><ele>1632.51</ele><time>2025-07-19T18:34:37+00:00</time></trkpt><trkpt lat="45.73549" lon="6.48228"><ele>1631.68</ele><time>2025-07-19T18:34:39+00:00</time></trkpt><trkpt lat="45.73537" lon="6.48244"><ele>1629.60</ele><time>2025-07-19T18:34:44+00:00</time></trkpt><trkpt lat="45.73535" lon="6.48232"><ele>1629.60</ele><time>2025-07-19T18:34:47+00:00</time></trkpt><trkpt lat="45.73532" lon="6.48234"><ele>1628.61</ele><time>2025-07-19T18:34:48+00:00</time></trkpt><trkpt lat="45.73526" lon="6.48232"><ele>1628.61</ele><time>2025-07-19T18:34:51+00:00</time></trkpt><trkpt lat="45.73520" lon="6.48224"><ele>1626.26</ele><time>2025-07-19T18:34:54+00:00</time></trkpt><trkpt lat="45.73523" lon="6.48210"><ele>1625.42</ele><time>2025-07-19T18:34:57+00:00</time></trkpt><trkpt lat="45.73543" lon="6.48182"><ele>1618.67</ele><time>2025-07-19T18:35:06+00:00</time></trkpt><trkpt lat="45.73536" lon="6.48140"><ele>1612.97</ele><time>2025-07-19T18:35:15+00:00</time></trkpt><trkpt lat="45.73543" lon="6.48025"><ele>1588.43</ele><time>2025-07-19T18:35:47+00:00</time></trkpt><trkpt lat="45.73546" lon="6.47896"><ele>1574.01</ele><time>2025-07-19T18:36:14+00:00</time></trkpt><trkpt lat="45.73555" lon="6.47835"><ele>1572.34</ele><time>2025-07-19T18:36:29+00:00</time></trkpt><trkpt lat="45.73552" lon="6.47792"><ele>1570.20</ele><time>2025-07-19T18:36:39+00:00</time></trkpt><trkpt lat="45.73546" lon="6.47752"><ele>1569.02</ele><time>2025-07-19T18:36:49+00:00</time></trkpt><trkpt lat="45.73546" lon="6.47711"><ele>1568.45</ele><time>2025-07-19T18:37:00+00:00</time></trkpt><trkpt lat="45.73556" lon="6.47667"><ele>1567.18</ele><time>2025-07-19T18:37:12+00:00</time></trkpt><trkpt lat="45.73551" lon="6.47650"><ele>1567.18</ele><time>2025-07-19T18:37:17+00:00</time></trkpt><trkpt lat="45.73540" lon="6.47634"><ele>1565.72</ele><time>2025-07-19T18:37:22+00:00</time></trkpt><trkpt lat="45.73527" lon="6.47622"><ele>1564.90</ele><time>2025-07-19T18:37:27+00:00</time></trkpt><trkpt lat="45.73512" lon="6.47601"><ele>1562.70</ele><time>2025-07-19T18:37:34+00:00</time></trkpt><trkpt lat="45.73501" lon="6.47579"><ele>1561.90</ele><time>2025-07-19T18:37:40+00:00</time></trkpt><trkpt lat="45.73491" lon="6.47567"><ele>1560.87</ele><time>2025-07-19T18:37:45+00:00</time></trkpt><trkpt lat="45.73448" lon="6.47535"><ele>1547.83</ele><time>2025-07-19T18:38:02+00:00</time></trkpt><trkpt lat="45.73435" lon="6.47520"><ele>1545.30</ele><time>2025-07-19T18:38:07+00:00</time></trkpt><trkpt lat="45.73415" lon="6.47474"><ele>1539.15</ele><time>2025-07-19T18:38:18+00:00</time></trkpt><trkpt lat="45.73405" lon="6.47466"><ele>1535.91</ele><time>2025-07-19T18:38:22+00:00</time></trkpt><trkpt lat="45.73396" lon="6.47465"><ele>1535.91</ele><time>2025-07-19T18:38:26+00:00</time></trkpt><trkpt lat="45.73391" lon="6.47475"><ele>1535.91</ele><time>2025-07-19T18:38:29+00:00</time></trkpt><trkpt lat="45.73385" lon="6.47510"><ele>1530.62</ele><time>2025-07-19T18:38:37+00:00</time></trkpt><trkpt lat="45.73370" lon="6.47560"><ele>1523.37</ele><time>2025-07-19T18:38:48+00:00</time></trkpt><trkpt lat="45.73364" lon="6.47560"><ele>1523.37</ele><time>2025-07-19T18:38:50+00:00</time></trkpt><trkpt lat="45.73348" lon="6.47547"><ele>1519.01</ele><time>2025-07-19T18:38:56+00:00</time></trkpt><trkpt lat="45.73344" lon="6.47507"><ele>1513.12</ele><time>2025-07-19T18:39:05+00:00</time></trkpt><trkpt lat="45.73337" lon="6.47478"><ele>1508.06</ele><time>2025-07-19T18:39:12+00:00</time></trkpt><trkpt lat="45.73334" lon="6.47442"><ele>1506.40</ele><time>2025-07-19T18:39:20+00:00</time></trkpt><trkpt lat="45.73323" lon="6.47467"><ele>1506.40</ele><time>2025-07-19T18:39:29+00:00</time></trkpt><trkpt lat="45.73309" lon="6.47399"><ele>1482.58</ele><time>2025-07-19T18:40:13+00:00</time></trkpt><trkpt lat="45.73299" lon="6.47372"><ele>1482.58</ele><time>2025-07-19T18:40:22+00:00</time></trkpt><trkpt lat="45.73297" lon="6.47337"><ele>1477.92</ele><time>2025-07-19T18:40:29+00:00</time></trkpt><trkpt lat="45.73288" lon="6.47300"><ele>1471.09</ele><time>2025-07-19T18:40:38+00:00</time></trkpt><trkpt lat="45.73282" lon="6.47303"><ele>1469.76</ele><time>2025-07-19T18:40:40+00:00</time></trkpt><trkpt lat="45.73274" lon="6.47325"><ele>1467.84</ele><time>2025-07-19T18:40:45+00:00</time></trkpt><trkpt lat="45.73264" lon="6.47337"><ele>1466.13</ele><time>2025-07-19T18:40:49+00:00</time></trkpt><trkpt lat="45.73250" lon="6.47331"><ele>1463.44</ele><time>2025-07-19T18:40:54+00:00</time></trkpt><trkpt lat="45.73225" lon="6.47315"><ele>1458.19</ele><time>2025-07-19T18:41:02+00:00</time></trkpt><trkpt lat="45.73219" lon="6.47314"><ele>1456.20</ele><time>2025-07-19T18:41:05+00:00</time></trkpt><trkpt lat="45.73211" lon="6.47265"><ele>1448.13</ele><time>2025-07-19T18:41:16+00:00</time></trkpt><trkpt lat="45.73202" lon="6.47248"><ele>1442.83</ele><time>2025-07-19T18:41:23+00:00</time></trkpt><trkpt lat="45.73197" lon="6.47244"><ele>1441.74</ele><time>2025-07-19T18:41:25+00:00</time></trkpt><trkpt lat="45.73181" lon="6.47244"><ele>1440.63</ele><time>2025-07-19T18:41:30+00:00</time></trkpt><trkpt lat="45.73167" lon="6.47249"><ele>1438.24</ele><time>2025-07-19T18:41:34+00:00</time></trkpt><trkpt lat="45.73156" lon="6.47250"><ele>1436.24</ele><time>2025-07-19T18:41:38+00:00</time></trkpt><trkpt lat="45.73148" lon="6.47238"><ele>1434.16</ele><time>2025-07-19T18:41:41+00:00</time></trkpt><trkpt lat="45.73148" lon="6.47220"><ele>1432.13</ele><time>2025-07-19T18:41:45+00:00</time></trkpt><trkpt lat="45.73157" lon="6.47198"><ele>1430.00</ele><time>2025-07-19T18:41:50+00:00</time></trkpt><trkpt lat="45.73159" lon="6.47182"><ele>1428.05</ele><time>2025-07-19T18:41:53+00:00</time></trkpt><trkpt lat="45.73152" lon="6.47175"><ele>1427.07</ele><time>2025-07-19T18:41:56+00:00</time></trkpt><trkpt lat="45.73139" lon="6.47174"><ele>1423.72</ele><time>2025-07-19T18:42:00+00:00</time></trkpt><trkpt lat="45.73124" lon="6.47188"><ele>1422.73</ele><time>2025-07-19T18:42:07+00:00</time></trkpt><trkpt lat="45.73109" lon="6.47208"><ele>1418.65</ele><time>2025-07-19T18:42:13+00:00</time></trkpt><trkpt lat="45.73103" lon="6.47212"><ele>1417.17</ele><time>2025-07-19T18:42:15+00:00</time></trkpt><trkpt lat="45.73105" lon="6.47160"><ele>1412.80</ele><time>2025-07-19T18:42:26+00:00</time></trkpt><trkpt lat="45.73102" lon="6.47149"><ele>1411.35</ele><time>2025-07-19T18:42:28+00:00</time></trkpt><trkpt lat="45.73097" lon="6.47150"><ele>1409.53</ele><time>2025-07-19T18:42:31+00:00</time></trkpt><trkpt lat="45.73054" lon="6.47190"><ele>1393.21</ele><time>2025-07-19T18:42:52+00:00</time></trkpt><trkpt lat="45.73036" lon="6.47211"><ele>1392.13</ele><time>2025-07-19T18:43:00+00:00</time></trkpt><trkpt lat="45.73032" lon="6.47225"><ele>1392.13</ele><time>2025-07-19T18:43:05+00:00</time></trkpt><trkpt lat="45.73019" lon="6.47233"><ele>1391.58</ele><time>2025-07-19T18:43:10+00:00</time></trkpt><trkpt lat="45.73009" lon="6.47243"><ele>1389.18</ele><time>2025-07-19T18:43:13+00:00</time></trkpt><trkpt lat="45.73022" lon="6.47300"><ele>1381.24</ele><time>2025-07-19T18:43:26+00:00</time></trkpt><trkpt lat="45.73012" lon="6.47323"><ele>1377.24</ele><time>2025-07-19T18:43:32+00:00</time></trkpt><trkpt lat="45.73030" lon="6.47393"><ele>1362.72</ele><time>2025-07-19T18:43:50+00:00</time></trkpt><trkpt lat="45.73013" lon="6.47464"><ele>1355.36</ele><time>2025-07-19T18:44:06+00:00</time></trkpt><trkpt lat="45.73046" lon="6.47529"><ele>1330.71</ele><time>2025-07-19T18:44:47+00:00</time></trkpt><trkpt lat="45.73018" lon="6.47557"><ele>1330.71</ele><time>2025-07-19T18:45:01+00:00</time></trkpt><trkpt lat="45.73047" lon="6.47655"><ele>1299.28</ele><time>2025-07-19T18:45:51+00:00</time></trkpt><trkpt lat="45.73044" lon="6.47721"><ele>1299.28</ele><time>2025-07-19T18:46:09+00:00</time></trkpt><trkpt lat="45.73023" lon="6.47880"><ele>1270.43</ele><time>2025-07-19T18:46:47+00:00</time></trkpt><trkpt lat="45.73017" lon="6.47850"><ele>1266.49</ele><time>2025-07-19T18:46:54+00:00</time></trkpt><trkpt lat="45.73000" lon="6.47812"><ele>1258.30</ele><time>2025-07-19T18:47:05+00:00</time></trkpt><trkpt lat="45.72977" lon="6.47790"><ele>1248.65</ele><time>2025-07-19T18:47:18+00:00</time></trkpt><trkpt lat="45.72939" lon="6.47780"><ele>1238.83</ele><time>2025-07-19T18:47:31+00:00</time></trkpt><trkpt lat="45.72937" lon="6.47752"><ele>1230.48</ele><time>2025-07-19T18:47:44+00:00</time></trkpt><trkpt lat="45.72901" lon="6.47723"><ele>1223.58</ele><time>2025-07-19T18:47:56+00:00</time></trkpt><trkpt lat="45.72885" lon="6.47686"><ele>1220.80</ele><time>2025-07-19T18:48:06+00:00</time></trkpt><trkpt lat="45.72836" lon="6.47588"><ele>1213.93</ele><time>2025-07-19T18:48:33+00:00</time></trkpt><trkpt lat="45.72817" lon="6.47560"><ele>1213.43</ele><time>2025-07-19T18:48:43+00:00</time></trkpt><trkpt lat="45.72793" lon="6.47548"><ele>1212.16</ele><time>2025-07-19T18:48:52+00:00</time></trkpt><trkpt lat="45.72770" lon="6.47513"><ele>1210.62</ele><time>2025-07-19T18:49:04+00:00</time></trkpt><trkpt lat="45.72749" lon="6.47473"><ele>1209.71</ele><time>2025-07-19T18:49:17+00:00</time></trkpt><trkpt lat="45.72702" lon="6.47400"><ele>1199.34</ele><time>2025-07-19T18:49:37+00:00</time></trkpt><trkpt lat="45.72677" lon="6.47366"><ele>1199.34</ele><time>2025-07-19T18:49:51+00:00</time></trkpt><trkpt lat="45.72624" lon="6.47317"><ele>1191.67</ele><time>2025-07-19T18:50:10+00:00</time></trkpt><trkpt lat="45.72606" lon="6.47304"><ele>1191.67</ele><time>2025-07-19T18:50:18+00:00</time></trkpt><trkpt lat="45.72566" lon="6.47248"><ele>1183.23</ele><time>2025-07-19T18:50:35+00:00</time></trkpt><trkpt lat="45.72553" lon="6.47211"><ele>1181.60</ele><time>2025-07-19T18:50:45+00:00</time></trkpt><trkpt lat="45.72547" lon="6.47161"><ele>1178.17</ele><time>2025-07-19T18:50:56+00:00</time></trkpt><trkpt lat="45.72541" lon="6.47143"><ele>1176.81</ele><time>2025-07-19T18:51:00+00:00</time></trkpt><trkpt lat="45.72534" lon="6.47144"><ele>1174.79</ele><time>2025-07-19T18:51:03+00:00</time></trkpt><trkpt lat="45.72532" lon="6.47206"><ele>1169.21</ele><time>2025-07-19T18:51:16+00:00</time></trkpt><trkpt lat="45.72520" lon="6.47182"><ele>1167.18</ele><time>2025-07-19T18:51:22+00:00</time></trkpt><trkpt lat="45.72512" lon="6.47179"><ele>1167.18</ele><time>2025-07-19T18:51:26+00:00</time></trkpt><trkpt lat="45.72510" lon="6.47255"><ele>1145.93</ele><time>2025-07-19T18:51:58+00:00</time></trkpt><trkpt lat="45.72499" lon="6.47250"><ele>1144.24</ele><time>2025-07-19T18:52:01+00:00</time></trkpt><trkpt lat="45.72487" lon="6.47229"><ele>1144.24</ele><time>2025-07-19T18:52:09+00:00</time></trkpt><trkpt lat="45.72475" lon="6.47201"><ele>1140.67</ele><time>2025-07-19T18:52:16+00:00</time></trkpt><trkpt lat="45.72447" lon="6.47161"><ele>1136.25</ele><time>2025-07-19T18:52:28+00:00</time></trkpt><trkpt lat="45.72391" lon="6.47097"><ele>1101.78</ele><time>2025-07-19T18:53:32+00:00</time></trkpt><trkpt lat="45.72388" lon="6.47078"><ele>1100.10</ele><time>2025-07-19T18:53:36+00:00</time></trkpt><trkpt lat="45.72368" lon="6.47057"><ele>1097.18</ele><time>2025-07-19T18:53:44+00:00</time></trkpt><trkpt lat="45.72357" lon="6.47061"><ele>1095.16</ele><time>2025-07-19T18:53:47+00:00</time></trkpt><trkpt lat="45.72349" lon="6.47033"><ele>1089.10</ele><time>2025-07-19T18:53:55+00:00</time></trkpt><trkpt lat="45.72324" lon="6.47019"><ele>1081.52</ele><time>2025-07-19T18:54:05+00:00</time></trkpt><trkpt lat="45.72285" lon="6.47123"><ele>1041.54</ele><time>2025-07-19T18:55:21+00:00</time></trkpt><trkpt lat="45.72293" lon="6.47214"><ele>1022.90</ele><time>2025-07-19T18:55:45+00:00</time></trkpt><trkpt lat="45.72268" lon="6.47275"><ele>994.09</ele><time>2025-07-19T18:56:59+00:00</time></trkpt><trkpt lat="45.72274" lon="6.47287"><ele>994.09</ele><time>2025-07-19T18:57:03+00:00</time></trkpt><trkpt lat="45.72267" lon="6.47335"><ele>991.64</ele><time>2025-07-19T18:57:15+00:00</time></trkpt><trkpt lat="45.72242" lon="6.47312"><ele>988.15</ele><time>2025-07-19T18:57:24+00:00</time></trkpt><trkpt lat="45.72184" lon="6.47209"><ele>973.54</ele><time>2025-07-19T18:57:51+00:00</time></trkpt><trkpt lat="45.72175" lon="6.47180"><ele>972.74</ele><time>2025-07-19T18:57:59+00:00</time></trkpt><trkpt lat="45.72167" lon="6.47141"><ele>971.57</ele><time>2025-07-19T18:58:09+00:00</time></trkpt><trkpt lat="45.72150" lon="6.47116"><ele>970.82</ele><time>2025-07-19T18:58:18+00:00</time></trkpt><trkpt lat="45.72122" lon="6.47050"><ele>960.97</ele><time>2025-07-19T18:58:34+00:00</time></trkpt><trkpt lat="45.72112" lon="6.46999"><ele>959.23</ele><time>2025-07-19T18:58:47+00:00</time></trkpt><trkpt lat="45.72105" lon="6.46977"><ele>958.09</ele><time>2025-07-19T18:58:52+00:00</time></trkpt><trkpt lat="45.72097" lon="6.46967"><ele>957.57</ele><time>2025-07-19T18:58:56+00:00</time></trkpt><trkpt lat="45.72088" lon="6.46964"><ele>957.12</ele><time>2025-07-19T18:58:59+00:00</time></trkpt><trkpt lat="45.72074" lon="6.46970"><ele>956.19</ele><time>2025-07-19T18:59:04+00:00</time></trkpt><trkpt lat="45.72062" lon="6.46993"><ele>954.89</ele><time>2025-07-19T18:59:11+00:00</time></trkpt><trkpt lat="45.72053" lon="6.46996"><ele>954.45</ele><time>2025-07-19T18:59:14+00:00</time></trkpt><trkpt lat="45.72040" lon="6.46993"><ele>953.38</ele><time>2025-07-19T18:59:18+00:00</time></trkpt><trkpt lat="45.72033" lon="6.46983"><ele>952.88</ele><time>2025-07-19T18:59:22+00:00</time></trkpt><trkpt lat="45.72031" lon="6.46964"><ele>951.85</ele><time>2025-07-19T18:59:26+00:00</time></trkpt><trkpt lat="45.72039" lon="6.46944"><ele>950.16</ele><time>2025-07-19T18:59:31+00:00</time></trkpt><trkpt lat="45.72052" lon="6.46928"><ele>949.20</ele><time>2025-07-19T18:59:37+00:00</time></trkpt><trkpt lat="45.72050" lon="6.46915"><ele>948.87</ele><time>2025-07-19T18:59:40+00:00</time></trkpt><trkpt lat="45.72045" lon="6.46913"><ele>948.38</ele><time>2025-07-19T18:59:42+00:00</time></trkpt><trkpt lat="45.72036" lon="6.46921"><ele>948.38</ele><time>2025-07-19T18:59:46+00:00</time></trkpt><trkpt lat="45.72021" lon="6.46948"><ele>947.78</ele><time>2025-07-19T18:59:55+00:00</time></trkpt><trkpt lat="45.71989" lon="6.47035"><ele>927.08</ele><time>2025-07-19T19:00:22+00:00</time></trkpt><trkpt lat="45.71977" lon="6.47046"><ele>924.48</ele><time>2025-07-19T19:00:26+00:00</time></trkpt><trkpt lat="45.71967" lon="6.47067"><ele>923.54</ele><time>2025-07-19T19:00:32+00:00</time></trkpt><trkpt lat="45.71960" lon="6.47089"><ele>922.15</ele><time>2025-07-19T19:00:38+00:00</time></trkpt><trkpt lat="45.71958" lon="6.47088"><ele>922.15</ele><time>2025-07-19T19:00:39+00:00</time></trkpt><trkpt lat="45.71953" lon="6.47091"><ele>922.15</ele><time>2025-07-19T19:00:41+00:00</time></trkpt><trkpt lat="45.71949" lon="6.47099"><ele>921.59</ele><time>2025-07-19T19:00:43+00:00</time></trkpt><trkpt lat="45.71953" lon="6.47111"><ele>921.59</ele><time>2025-07-19T19:00:47+00:00</time></trkpt><trkpt lat="45.71943" lon="6.47132"><ele>921.08</ele><time>2025-07-19T19:00:53+00:00</time></trkpt><trkpt lat="45.71906" lon="6.47252"><ele>878.63</ele><time>2025-07-19T19:02:09+00:00</time></trkpt><trkpt lat="45.71882" lon="6.47282"><ele>874.21</ele><time>2025-07-19T19:02:18+00:00</time></trkpt><trkpt lat="45.71857" lon="6.47290"><ele>868.99</ele><time>2025-07-19T19:02:26+00:00</time></trkpt><trkpt lat="45.71842" lon="6.47285"><ele>868.41</ele><time>2025-07-19T19:02:32+00:00</time></trkpt><trkpt lat="45.71832" lon="6.47287"><ele>866.10</ele><time>2025-07-19T19:02:35+00:00</time></trkpt><trkpt lat="45.71826" lon="6.47298"><ele>865.67</ele><time>2025-07-19T19:02:38+00:00</time></trkpt><trkpt lat="45.71825" lon="6.47308"><ele>865.67</ele><time>2025-07-19T19:02:41+00:00</time></trkpt><trkpt lat="45.71833" lon="6.47322"><ele>865.11</ele><time>2025-07-19T19:02:46+00:00</time></trkpt><trkpt lat="45.71829" lon="6.47330"><ele>863.65</ele><time>2025-07-19T19:02:48+00:00</time></trkpt><trkpt lat="45.71829" lon="6.47342"><ele>863.65</ele><time>2025-07-19T19:02:51+00:00</time></trkpt><trkpt lat="45.71824" lon="6.47356"><ele>863.22</ele><time>2025-07-19T19:02:55+00:00</time></trkpt><trkpt lat="45.71812" lon="6.47331"><ele>859.39</ele><time>2025-07-19T19:03:01+00:00</time></trkpt><trkpt lat="45.71809" lon="6.47282"><ele>852.68</ele><time>2025-07-19T19:03:12+00:00</time></trkpt><trkpt lat="45.71820" lon="6.47223"><ele>850.14</ele><time>2025-07-19T19:03:26+00:00</time></trkpt><trkpt lat="45.71815" lon="6.47131"><ele>834.78</ele><time>2025-07-19T19:03:47+00:00</time></trkpt><trkpt lat="45.71814" lon="6.47048"><ele>821.26</ele><time>2025-07-19T19:04:05+00:00</time></trkpt><trkpt lat="45.71817" lon="6.47031"><ele>821.26</ele><time>2025-07-19T19:04:10+00:00</time></trkpt><trkpt lat="45.71827" lon="6.47016"><ele>819.70</ele><time>2025-07-19T19:04:15+00:00</time></trkpt><trkpt lat="45.71830" lon="6.47007"><ele>819.70</ele><time>2025-07-19T19:04:18+00:00</time></trkpt><trkpt lat="45.71824" lon="6.46964"><ele>814.62</ele><time>2025-07-19T19:04:27+00:00</time></trkpt><trkpt lat="45.71831" lon="6.46931"><ele>809.35</ele><time>2025-07-19T19:04:34+00:00</time></trkpt><trkpt lat="45.71836" lon="6.46857"><ele>779.96</ele><time>2025-07-19T19:05:46+00:00</time></trkpt><trkpt lat="45.71861" lon="6.46803"><ele>773.88</ele><time>2025-07-19T19:05:59+00:00</time></trkpt><trkpt lat="45.71865" lon="6.46770"><ele>770.28</ele><time>2025-07-19T19:06:06+00:00</time></trkpt><trkpt lat="45.71874" lon="6.46743"><ele>766.34</ele><time>2025-07-19T19:06:12+00:00</time></trkpt><trkpt lat="45.71892" lon="6.46706"><ele>754.57</ele><time>2025-07-19T19:06:29+00:00</time></trkpt><trkpt lat="45.71913" lon="6.46695"><ele>743.04</ele><time>2025-07-19T19:06:53+00:00</time></trkpt><trkpt lat="45.71936" lon="6.46675"><ele>737.98</ele><time>2025-07-19T19:07:01+00:00</time></trkpt><trkpt lat="45.71950" lon="6.46660"><ele>737.98</ele><time>2025-07-19T19:07:08+00:00</time></trkpt><trkpt lat="45.71954" lon="6.46647"><ele>736.15</ele><time>2025-07-19T19:07:11+00:00</time></trkpt><trkpt lat="45.71966" lon="6.46574"><ele>708.02</ele><time>2025-07-19T19:08:14+00:00</time></trkpt><trkpt lat="45.71961" lon="6.46569"><ele>708.02</ele><time>2025-07-19T19:08:16+00:00</time></trkpt><trkpt lat="45.71948" lon="6.46575"><ele>708.02</ele><time>2025-07-19T19:08:22+00:00</time></trkpt><trkpt lat="45.71944" lon="6.46564"><ele>708.02</ele><time>2025-07-19T19:08:25+00:00</time></trkpt><trkpt lat="45.71961" lon="6.46476"><ele>682.94</ele><time>2025-07-19T19:09:02+00:00</time></trkpt><trkpt lat="45.71968" lon="6.46402"><ele>660.44</ele><time>2025-07-19T19:09:39+00:00</time></trkpt><trkpt lat="45.71977" lon="6.46372"><ele>659.78</ele><time>2025-07-19T19:09:47+00:00</time></trkpt><trkpt lat="45.71993" lon="6.46349"><ele>659.78</ele><time>2025-07-19T19:09:56+00:00</time></trkpt><trkpt lat="45.72006" lon="6.46342"><ele>658.74</ele><time>2025-07-19T19:10:01+00:00</time></trkpt><trkpt lat="45.72033" lon="6.46303"><ele>657.36</ele><time>2025-07-19T19:10:15+00:00</time></trkpt><trkpt lat="45.72062" lon="6.46275"><ele>657.14</ele><time>2025-07-19T19:10:29+00:00</time></trkpt><trkpt lat="45.72113" lon="6.46210"><ele>655.69</ele><time>2025-07-19T19:10:54+00:00</time></trkpt><trkpt lat="45.72132" lon="6.46195"><ele>653.80</ele><time>2025-07-19T19:11:01+00:00</time></trkpt><trkpt lat="45.72155" lon="6.46155"><ele>647.01</ele><time>2025-07-19T19:11:12+00:00</time></trkpt><trkpt lat="45.72144" lon="6.46131"><ele>640.52</ele><time>2025-07-19T19:11:20+00:00</time></trkpt><trkpt lat="45.72137" lon="6.46146"><ele>639.12</ele><time>2025-07-19T19:11:24+00:00</time></trkpt><trkpt lat="45.72123" lon="6.46143"><ele>634.40</ele><time>2025-07-19T19:11:31+00:00</time></trkpt><trkpt lat="45.72114" lon="6.46127"><ele>633.03</ele><time>2025-07-19T19:11:35+00:00</time></trkpt><trkpt lat="45.72105" lon="6.46125"><ele>631.69</ele><time>2025-07-19T19:11:38+00:00</time></trkpt><trkpt lat="45.72096" lon="6.46133"><ele>628.56</ele><time>2025-07-19T19:11:42+00:00</time></trkpt><trkpt lat="45.72096" lon="6.46119"><ele>628.56</ele><time>2025-07-19T19:11:46+00:00</time></trkpt><trkpt lat="45.72087" lon="6.46120"><ele>624.13</ele><time>2025-07-19T19:11:54+00:00</time></trkpt><trkpt lat="45.72065" lon="6.46108"><ele>619.08</ele><time>2025-07-19T19:12:02+00:00</time></trkpt><trkpt lat="45.72068" lon="6.46084"><ele>615.54</ele><time>2025-07-19T19:12:07+00:00</time></trkpt><trkpt lat="45.72066" lon="6.46078"><ele>615.54</ele><time>2025-07-19T19:12:09+00:00</time></trkpt><trkpt lat="45.72060" lon="6.46074"><ele>614.23</ele><time>2025-07-19T19:12:11+00:00</time></trkpt><trkpt lat="45.72056" lon="6.46076"><ele>614.23</ele><time>2025-07-19T19:12:12+00:00</time></trkpt><trkpt lat="45.72044" lon="6.46098"><ele>613.34</ele><time>2025-07-19T19:12:19+00:00</time></trkpt><trkpt lat="45.72014" lon="6.46034"><ele>592.30</ele><time>2025-07-19T19:12:50+00:00</time></trkpt><trkpt lat="45.72018" lon="6.46022"><ele>592.30</ele><time>2025-07-19T19:12:54+00:00</time></trkpt><trkpt lat="45.72026" lon="6.46013"><ele>592.30</ele><time>2025-07-19T19:12:58+00:00</time></trkpt><trkpt lat="45.72036" lon="6.45995"><ele>590.77</ele><time>2025-07-19T19:13:03+00:00</time></trkpt><trkpt lat="45.72040" lon="6.45982"><ele>590.77</ele><time>2025-07-19T19:13:07+00:00</time></trkpt><trkpt lat="45.72020" lon="6.45970"><ele>587.41</ele><time>2025-07-19T19:13:13+00:00</time></trkpt><trkpt lat="45.72014" lon="6.45962"><ele>586.86</ele><time>2025-07-19T19:13:16+00:00</time></trkpt><trkpt lat="45.72019" lon="6.45937"><ele>584.83</ele><time>2025-07-19T19:13:22+00:00</time></trkpt><trkpt lat="45.72017" lon="6.45920"><ele>584.49</ele><time>2025-07-19T19:13:26+00:00</time></trkpt><trkpt lat="45.72012" lon="6.45909"><ele>584.03</ele><time>2025-07-19T19:13:29+00:00</time></trkpt><trkpt lat="45.72005" lon="6.45909"><ele>583.51</ele><time>2025-07-19T19:13:32+00:00</time></trkpt><trkpt lat="45.72006" lon="6.45870"><ele>582.49</ele><time>2025-07-19T19:13:41+00:00</time></trkpt><trkpt lat="45.72012" lon="6.45821"><ele>578.97</ele><time>2025-07-19T19:13:52+00:00</time></trkpt><trkpt lat="45.71995" lon="6.45816"><ele>576.64</ele><time>2025-07-19T19:13:57+00:00</time></trkpt><trkpt lat="45.71976" lon="6.45798"><ele>576.64</ele><time>2025-07-19T19:14:06+00:00</time></trkpt><trkpt lat="45.71965" lon="6.45793"><ele>573.07</ele><time>2025-07-19T19:14:11+00:00</time></trkpt><trkpt lat="45.71920" lon="6.45780"><ele>564.73</ele><time>2025-07-19T19:14:25+00:00</time></trkpt><trkpt lat="45.71899" lon="6.45770"><ele>561.93</ele><time>2025-07-19T19:14:31+00:00</time></trkpt><trkpt lat="45.71893" lon="6.45771"><ele>558.48</ele><time>2025-07-19T19:14:40+00:00</time></trkpt><trkpt lat="45.71854" lon="6.45749"><ele>547.15</ele><time>2025-07-19T19:14:55+00:00</time></trkpt><trkpt lat="45.71828" lon="6.45740"><ele>542.02</ele><time>2025-07-19T19:15:03+00:00</time></trkpt><trkpt lat="45.71820" lon="6.45734"><ele>540.91</ele><time>2025-07-19T19:15:05+00:00</time></trkpt><trkpt lat="45.71804" lon="6.45688"><ele>539.11</ele><time>2025-07-19T19:15:18+00:00</time></trkpt><trkpt lat="45.71796" lon="6.45688"><ele>538.25</ele><time>2025-07-19T19:15:20+00:00</time></trkpt><trkpt lat="45.71786" lon="6.45617"><ele>531.05</ele><time>2025-07-19T19:15:35+00:00</time></trkpt><trkpt lat="45.71791" lon="6.45616"><ele>531.05</ele><time>2025-07-19T19:15:37+00:00</time></trkpt><trkpt lat="45.71789" lon="6.45603"><ele>531.05</ele><time>2025-07-19T19:15:41+00:00</time></trkpt><trkpt lat="45.71773" lon="6.45607"><ele>531.05</ele><time>2025-07-19T19:15:48+00:00</time></trkpt><trkpt lat="45.71774" lon="6.45616"><ele>531.05</ele><time>2025-07-19T19:15:50+00:00</time></trkpt><trkpt lat="45.71720" lon="6.45627"><ele>530.33</ele><time>2025-07-19T19:16:11+00:00</time></trkpt><trkpt lat="45.71709" lon="6.45639"><ele>530.33</ele><time>2025-07-19T19:16:17+00:00</time></trkpt><trkpt lat="45.71701" lon="6.45657"><ele>530.78</ele><time>2025-07-19T19:16:23+00:00</time></trkpt><trkpt lat="45.71701" lon="6.45669"><ele>530.78</ele><time>2025-07-19T19:16:27+00:00</time></trkpt><trkpt lat="45.71714" lon="6.45718"><ele>532.20</ele><time>2025-07-19T19:16:43+00:00</time></trkpt><trkpt lat="45.71726" lon="6.45734"><ele>533.23</ele><time>2025-07-19T19:16:51+00:00</time></trkpt><trkpt lat="45.71735" lon="6.45742"><ele>533.12</ele><time>2025-07-19T19:16:55+00:00</time></trkpt><trkpt lat="45.71744" lon="6.45799"><ele>532.70</ele><time>2025-07-19T19:17:11+00:00</time></trkpt><trkpt lat="45.71723" lon="6.45803"><ele>532.33</ele><time>2025-07-19T19:17:19+00:00</time></trkpt><trkpt lat="45.71708" lon="6.45809"><ele>532.28</ele><time>2025-07-19T19:17:25+00:00</time></trkpt><trkpt lat="45.71689" lon="6.45809"><ele>532.13</ele><time>2025-07-19T19:17:33+00:00</time></trkpt><trkpt lat="45.71668" lon="6.45814"><ele>532.10</ele><time>2025-07-19T19:17:41+00:00</time></trkpt><trkpt lat="45.71645" lon="6.45815"><ele>532.06</ele><time>2025-07-19T19:17:50+00:00</time></trkpt></trkseg></trk></gpx>
